1  31.060699  110.181602     7.510   -46396.9    10721.9     1533.5      0.0      0.0      0.0 2018  1  1  0 22 11.98 -Inf   1
2  30.853001  111.136597     5.870    44846.1   -12305.4     -106.5      0.0      0.0      0.0 2018  1  1  0 55 22.25 -Inf   1
3  31.061600  110.183197     9.050   -46841.7    11008.5     2902.5      0.0      0.0      0.0 2018  1  1  1 31 29.52 -Inf   1
4  31.059401  110.173798     7.740   -46684.3    10359.6     1937.3      0.0      0.0      0.0 2018  1  1  1 49  5.28 -Inf   1
5  31.061001  110.180702     7.340   -46482.8    10755.3     1363.5      0.0      0.0      0.0 2018  1  1  1 59 48.75 -Inf   1
6  30.932699  110.763702     9.780     8777.1    -3211.7     3734.9      0.0      0.0      0.0 2018  1  1  2 50 18.09 -Inf   1
7  31.036200  110.827797     1.210    15769.4     7787.3    -4592.7      0.0      0.0      0.0 2018  1  1  3 18 16.82 -Inf   1
8  30.992100  110.775803     1.000    10348.4     3116.4    -4976.5      0.0      0.0      0.0 2018  1  1  3 35  7.51 -Inf   1
9  31.117300  110.018799     1.000   -62522.4    17183.9    -5147.5      0.0      0.0      0.0 2018  1  1  8 14 41.34 -Inf   1
9  30.856400  111.130096     5.880    44223.9   -11928.6      -96.5      0.0      0.0      0.0 2018  1  1  8 15 11.38 -Inf   1
10  30.936899  110.767899    10.130    10054.0    -3222.0     4327.3      0.0      0.0      0.0 2018  1  1  8 38 22.76 -Inf   1
12  30.854500  111.141502     6.640    44717.6   -11952.4      492.5      0.0      0.0      0.0 2018  1  1  8 51 25.44 -Inf   1
12  30.848301  110.785301     8.670    11722.3   -13044.8     2867.3      0.0      0.0      0.0 2018  1  1 10 23 42.51 -Inf   1
14  30.858500  110.769897     8.940     9193.7   -11509.0     2792.5      0.0      0.0      0.0 2018  1  1 10 34 19.46 -Inf   1
17  30.938700  110.774101     8.830     9591.6    -2617.3     2682.5      0.0      0.0      0.0 2018  1  1 11 59 32.28 -Inf   1
15  30.937401  110.768898     9.050    10149.5    -3166.4     3247.3      0.0      0.0      0.0 2018  1  1 12 37  4.33 -Inf   1
17  30.936001  110.771400     9.940    10388.7    -3321.6     4137.3      0.0      0.0      0.0 2018  1  1 19 14 14.22 -Inf   1
16  30.935900  110.764397    10.200     9261.5    -3114.5     4223.5      0.0      0.0      0.0 2018  1  1 19 28 49.64 -Inf   1
19  31.212000  110.551102     2.100   -10646.3    27278.1    -3702.7      0.0      0.0      0.0 2018  1  1 19 54  4.88 -Inf   1
20  31.063000  110.196602     7.750   -45382.7    11234.5     1704.9      0.0      0.0      0.0 2018  1  1 20 30 22.46 -Inf   1
22  30.936501  110.765503     9.710     9825.1    -3266.2     3907.3      0.0      0.0      0.0 2018  1  1 20 41 14.40 -Inf   1
23  30.932800  110.766998    10.020     9968.2    -3676.5     4217.3      0.0      0.0      0.0 2018  1  1 20 44 59.08 -Inf   1
23  30.838699  110.779198     6.700    10262.8   -13633.4      654.9      0.0      0.0      0.0 2018  1  1 21 48  1.98 -Inf   1
22  30.932800  110.763802     9.360     9204.8    -3458.1     3383.5      0.0      0.0      0.0 2018  1  1 22 34  9.64 -Inf   1
26  30.928200  110.791298    13.320    12290.5    -4186.5     7517.3      0.0      0.0      0.0 2018  1  1 23 19 44.48 -Inf   1
33  30.933100  110.792801     8.320    11378.7    -3238.1     2172.5      0.0      0.0      0.0 2018  1  1 23 25 49.14 -Inf   1
28  30.926300  110.787697     9.520    11070.3    -3921.2     3474.9      0.0      0.0      0.0 2018  1  1 23 28  2.56 -Inf   1
29  30.925699  110.789299     8.260    12099.6    -4463.7     2457.3      0.0      0.0      0.0 2018  1  2  0 19 50.63 -Inf   1
30  31.067400  110.266197     4.680   -37859.3    11246.5    -1122.7      0.0      0.0      0.0 2018  1  2  0 44 46.73 -Inf   1
39  31.268801  110.834297     1.270    15317.2    33980.6    -4877.5      0.0      0.0      0.0 2018  1  2  4 22 12.53 -Inf   1
32  31.119699  110.027298     8.000   -60654.9    17044.9     2197.3      0.0      0.0      0.0 2018  1  2  4 31 12.54 -Inf   1
33  30.921499  110.775497     5.850    10781.0    -4929.4       47.3      0.0      0.0      0.0 2018  1  2  4 45 52.34 -Inf   1
34  30.864500  110.951103     1.490    27570.1   -11248.8    -4312.7      0.0      0.0      0.0 2018  1  2  5  5  2.28 -Inf   1
35  30.743000  111.202904     6.000    51671.8   -24719.4      197.3      0.0      0.0      0.0 2018  1  2  5  8 29.38 -Inf   1
31  31.105101  110.383400     2.040   -27120.5    15644.6    -3936.5      0.0      0.0      0.0 2018  1  2  5 13 49.03 -Inf   1
44  30.812401  111.229698     8.240    53160.3   -16619.9     2092.5      0.0      0.0      0.0 2018  1  2  5 42 12.35 -Inf   1
45  30.783100  110.750298    11.210     7322.9   -19868.4     5062.5      0.0      0.0      0.0 2018  1  2  7  6 39.84 -Inf   1
41  30.886600  111.150597     6.190    46634.1    -8798.6      387.3      0.0      0.0      0.0 2018  1  2  7 49 54.06 -Inf   1
38  30.938299  111.199203    12.560    50390.8    -2590.9     6514.9      0.0      0.0      0.0 2018  1  2  9 29 17.76 -Inf   1
42  30.856600  111.130302     6.960    44701.3   -12124.7     1157.3      0.0      0.0      0.0 2018  1  2  9 39 40.79 -Inf   1
43  30.937300  111.168404     0.900    48323.3    -3177.6    -4902.7      0.0      0.0      0.0 2018  1  2 12 54  2.73 -Inf   1
44  30.989799  110.774902     1.000    10720.3     2643.0    -4802.7      0.0      0.0      0.0 2018  1  2 14 17 45.89 -Inf   1
43  31.061300  110.185402     7.010   -46033.9    10788.5     1033.5      0.0      0.0      0.0 2018  1  2 15 48  0.47 -Inf   1
44  30.925800  110.795601    10.350    12243.9    -4234.2     4373.5      0.0      0.0      0.0 2018  1  2 16 14 28.03 -Inf   1
44  31.101999  110.231796     4.560   -42013.4    15558.4    -1485.1      0.0      0.0      0.0 2018  1  2 17 30 24.92 -Inf   1
49  30.934299  110.760201    11.290     9318.6    -3510.2     5487.3      0.0      0.0      0.0 2018  1  2 17 36 43.36 -Inf   1
48  30.939400  110.764603    11.890     9281.1    -2726.4     5913.5      0.0      0.0      0.0 2018  1  2 17 37 51.76 -Inf   1
48  30.939800  110.767601     9.800     9149.3    -2424.4     3754.9      0.0      0.0      0.0 2018  1  2 17 41 45.50 -Inf   1
50  30.940800  110.772499    10.310    10035.5    -2571.2     4333.5      0.0      0.0      0.0 2018  1  2 17 42  3.80 -Inf   1
51  30.930300  110.760597    11.990     8480.5    -3477.7     5944.9      0.0      0.0      0.0 2018  1  2 17 43 28.36 -Inf   1
53  30.931499  110.767303    12.520     9539.5    -3602.3     6543.5      0.0      0.0      0.0 2018  1  2 17 48  4.56 -Inf   1
53  30.933300  110.765404    10.980     8939.6    -3145.1     4934.9      0.0      0.0      0.0 2018  1  2 17 51 24.90 -Inf   1
61  30.935900  110.772903     9.130     9477.3    -2927.7     2982.5      0.0      0.0      0.0 2018  1  2 17 55  1.04 -Inf   1
57  30.935600  110.772697     9.090    10512.6    -3366.0     3287.3      0.0      0.0      0.0 2018  1  2 17 58 18.76 -Inf   1
55  30.938700  110.770500     9.390     9844.6    -2804.0     3413.5      0.0      0.0      0.0 2018  1  2 18  6 53.68 -Inf   1
56  30.940100  110.763901    10.700     9214.0    -2648.8     4723.5      0.0      0.0      0.0 2018  1  2 18 21 43.32 -Inf   1
65  30.918900  110.767899    12.750     8999.8    -4812.5     6602.5      0.0      0.0      0.0 2018  1  2 18 31 19.80 -Inf   1
58  30.936399  110.769897     9.150     9787.1    -3059.1     3173.5      0.0      0.0      0.0 2018  1  2 18 52 14.44 -Inf   1
59  31.065901  110.162498     8.080   -48219.9    11298.6     2103.5      0.0      0.0      0.0 2018  1  2 19  3 15.42 -Inf   1
60  31.073099  110.023804     4.000   -61461.5    12096.7    -1976.5      0.0      0.0      0.0 2018  1  2 19 46 18.76 -Inf   1
69  30.935499  110.768402     9.180     9047.2    -2972.1     3032.5      0.0      0.0      0.0 2018  1  2 20  0 51.50 -Inf   1
67  31.051399  110.150398     9.040   -48920.8     9472.5     3237.3      0.0      0.0      0.0 2018  1  2 20 33 57.90 -Inf   1
62  30.938499  110.766998    10.840     9091.8    -2568.7     4794.9      0.0      0.0      0.0 2018  1  2 20 39 21.60 -Inf   1
63  30.934900  110.763397    11.920     9166.1    -3225.3     5943.5      0.0      0.0      0.0 2018  1  2 20 48 37.72 -Inf   1
69  30.940500  110.768600     9.760    10120.9    -2822.8     3957.3      0.0      0.0      0.0 2018  1  2 20 52 22.12 -Inf   1
66  31.060699  110.176003     6.610   -46931.7    10721.9      633.5      0.0      0.0      0.0 2018  1  2 21 14 19.84 -Inf   1
77  30.938299  110.763901    10.350     8616.9    -2661.7     4202.5      0.0      0.0      0.0 2018  1  2 22  0 27.96 -Inf   1
68  30.934099  110.763496    10.540     9175.6    -3314.1     4563.5      0.0      0.0      0.0 2018  1  2 22 28 42.36 -Inf   1
79  30.934401  110.764198    10.490     8645.5    -3093.9     4342.5      0.0      0.0      0.0 2018  1  3  0 49 29.61 -Inf   1
70  30.842501  111.144699     5.650    45205.1   -13211.9     -395.1      0.0      0.0      0.0 2018  1  3  1 11 42.75 -Inf   1
71  30.929199  110.791603    10.120    11861.6    -3857.4     4143.5      0.0      0.0      0.0 2018  1  3  1 57 24.39 -Inf   1
83  30.938101  110.757698    11.470     8024.2    -2683.7     5322.5      0.0      0.0      0.0 2018  1  3  2 13  0.87 -Inf   1
84  30.934700  110.768402    11.220     9047.2    -3060.7     5072.5      0.0      0.0      0.0 2018  1  3  3 21 47.23 -Inf   1
78  30.940201  110.764702    10.410     9748.4    -2856.0     4607.3      0.0      0.0      0.0 2018  1  3  3 22 21.48 -Inf   1
79  31.290800  110.845901     3.940    17475.2    36014.6    -1862.7      0.0      0.0      0.0 2018  1  3  3 52 33.60 -Inf   1
80  30.886200  110.725601     1.380     6014.0    -8843.0    -4422.7      0.0      0.0      0.0 2018  1  3  4  0 10.47 -Inf   1
77  30.939699  110.759804    10.560     8404.2    -2435.6     4514.9      0.0      0.0      0.0 2018  1  3  4 59 55.16 -Inf   1
81  30.934200  110.763496    10.520     9633.5    -3521.2     4717.3      0.0      0.0      0.0 2018  1  3  5 10 21.75 -Inf   1
82  31.002899  110.463303     1.000   -19044.5     4095.3    -4802.7      0.0      0.0      0.0 2018  1  3  5 54 41.87 -Inf   1
89  30.934401  110.763298    12.020     8559.5    -3093.9     5872.5      0.0      0.0      0.0 2018  1  3  6 20 43.26 -Inf   1
90  30.935600  110.765099    10.160     8731.5    -2960.9     4012.5      0.0      0.0      0.0 2018  1  3  6 22 16.23 -Inf   1
84  31.070601  110.190804    10.580   -45057.8    11601.3     4777.3      0.0      0.0      0.0 2018  1  3  6 50 59.54 -Inf   1
80  31.045401  110.460197     8.770   -19794.8     9025.8     2793.5      0.0      0.0      0.0 2018  1  3  7 37 10.41 -Inf   1
83  30.934799  110.760300    11.160     8451.8    -2978.9     5114.9      0.0      0.0      0.0 2018  1  3  8 30 22.76 -Inf   1
82  31.053499  110.465302     7.180   -19306.5     9923.6     1203.5      0.0      0.0      0.0 2018  1  3  8 31 52.77 -Inf   1
89  30.929399  111.179398     3.780    49375.8    -4053.5    -2022.7      0.0      0.0      0.0 2018  1  3 11 20 30.49 -Inf   1
90  30.931601  110.786697    10.400    11850.6    -3809.5     4597.3      0.0      0.0      0.0 2018  1  3 12 42  5.55 -Inf   1
88  30.939501  110.762802    11.230     8690.8    -2457.6     5184.9      0.0      0.0      0.0 2018  1  3 13 35 58.99 -Inf   1
101  30.930500  110.789200    10.110    11034.8    -3526.4     3962.5      0.0      0.0      0.0 2018  1  3 13 51 23.20 -Inf   1
90  30.939400  110.765503     9.760     8948.8    -2468.8     3714.9      0.0      0.0      0.0 2018  1  3 15  6 37.83 -Inf   1
103  30.941200  110.764198    10.460     8645.2    -2340.1     4312.5      0.0      0.0      0.0 2018  1  3 15  8 16.31 -Inf   1
89  31.065399  110.212196    15.510   -43474.4    11243.0     9533.5      0.0      0.0      0.0 2018  1  3 18 12 12.88 -Inf   1
96  30.947701  110.774300     9.840    10665.1    -2024.5     4037.3      0.0      0.0      0.0 2018  1  3 18 37 44.44 -Inf   1
107  31.042500  110.459000     3.970   -20506.5     8890.9    -2177.5      0.0      0.0      0.0 2018  1  3 18 54 33.96 -Inf   1
108  31.052299  110.455101     4.110   -20877.8     9977.4    -2037.5      0.0      0.0      0.0 2018  1  3 18 59  5.52 -Inf   1
102  31.123100  110.053299     8.000   -58171.7    17421.9     2197.3      0.0      0.0      0.0 2018  1  3 21 22 42.04 -Inf   1
105  30.855900  111.132698     6.870    44930.5   -12202.3     1067.3      0.0      0.0      0.0 2018  1  4  1 35 32.62 -Inf   1
96  30.929600  110.786301     9.130    11354.9    -3813.0     3153.5      0.0      0.0      0.0 2018  1  4  2 51 38.34 -Inf   1
97  30.938299  110.761200    10.700     8537.7    -2590.9     4654.9      0.0      0.0      0.0 2018  1  4  3 24  8.77 -Inf   1
116  30.928801  110.775703     8.060     9745.2    -3714.8     1912.5      0.0      0.0      0.0 2018  1  4  3 26 28.58 -Inf   1
98  30.853701  111.138397     6.940    45018.1   -12227.8      963.5      0.0      0.0      0.0 2018  1  4  7  8 50.06 -Inf   1
118  30.905701  111.206001     2.440    50869.9    -6275.8    -3707.5      0.0      0.0      0.0 2018  1  4  9  0 12.62 -Inf   1
99  31.082600  110.175201     2.020   -47421.4    13407.6    -4025.1      0.0      0.0      0.0 2018  1  4 14 18 32.39 -Inf   1
121  31.035500  110.820099     5.770    13979.8     8114.8     -377.5      0.0      0.0      0.0 2018  1  4 16 24 42.52 -Inf   1
112  30.989000  110.770599     1.000    10309.3     2554.4    -4802.7      0.0      0.0      0.0 2018  1  4 20 50 55.10 -Inf   1
103  30.851299  111.131401     6.520    43931.8   -12236.4      474.9      0.0      0.0      0.0 2018  1  5  4 26  4.71 -Inf   1
125  30.946501  110.522697     4.940   -14430.4    -1752.4    -1207.5      0.0      0.0      0.0 2018  1  5  6 54 48.90 -Inf   1
106  30.923201  110.762703     7.480     8682.0    -4264.8     1434.9      0.0      0.0      0.0 2018  1  5  8 19  0.97 -Inf   1
118  30.940201  110.519798     5.100   -13652.4    -2856.0     -702.7      0.0      0.0      0.0 2018  1  5  9 50 21.31 -Inf   1
108  30.853201  111.138000     7.360    44562.2   -12025.6     1314.9      0.0      0.0      0.0 2018  1  5 10  6 17.92 -Inf   1
121  30.930099  110.764503    11.930     9730.0    -3975.9     6127.3      0.0      0.0      0.0 2018  1  5 11 55 36.05 -Inf   1
123  30.929199  110.793999     6.750    12548.5    -4075.7      947.3      0.0      0.0      0.0 2018  1  5 23  9 19.70 -Inf   1
111  30.852501  111.113998     7.140    42267.9   -12103.2     1094.9      0.0      0.0      0.0 2018  1  6  1 57 56.77 -Inf   1
113  31.033899  110.120300    11.490   -52676.9     8008.2     5444.9      0.0      0.0      0.0 2018  1  6  7 29 44.00 -Inf   1
114  31.053699  110.099297    12.250   -54677.2    10203.4     6204.9      0.0      0.0      0.0 2018  1  6  7 30 58.91 -Inf   1
115  31.061100  110.196701     7.100   -44955.0    10766.3     1123.5      0.0      0.0      0.0 2018  1  6  7 32 46.28 -Inf   1
138  30.780300  110.768204    11.570     9035.5   -20178.9     5422.5      0.0      0.0      0.0 2018  1  6  7 44 26.65 -Inf   1
117  31.062901  110.191101     7.320   -45908.0    11223.6     1274.9      0.0      0.0      0.0 2018  1  6  7 48 13.89 -Inf   1
119  30.839701  111.156700     6.150    46771.1   -13780.0      173.5      0.0      0.0      0.0 2018  1  6  9 25 23.74 -Inf   1
142  31.064899  110.197998     9.490   -45427.5    11374.3     3342.5      0.0      0.0      0.0 2018  1  6 10 43  7.63 -Inf   1
122  31.063700  110.149101    12.770   -49499.8    11054.6     6793.5      0.0      0.0      0.0 2018  1  6 10 46 59.38 -Inf   1
123  31.068501  110.203300     6.750   -44741.7    11844.4      704.9      0.0      0.0      0.0 2018  1  6 11 33 30.98 -Inf   1
137  31.068100  110.156097    11.870   -48372.4    11324.1     6067.3      0.0      0.0      0.0 2018  1  6 11 46 42.94 -Inf   1
125  31.066299  110.205399     6.820   -44541.9    11600.4      774.9      0.0      0.0      0.0 2018  1  6 12 35 43.73 -Inf   1
147  30.931299  110.769302    11.600     9133.4    -3437.8     5452.5      0.0      0.0      0.0 2018  1  6 12 55 15.70 -Inf   1
148  31.065500  110.197403     7.800   -45484.2    11441.0     1652.5      0.0      0.0      0.0 2018  1  6 13  2 41.12 -Inf   1
128  31.076700  110.187103     6.490   -45867.8    12495.9      513.5      0.0      0.0      0.0 2018  1  6 13  7 30.29 -Inf   1
150  31.113701  110.324203     3.350   -33367.5    16784.9    -2797.5      0.0      0.0      0.0 2018  1  6 13 32 51.06 -Inf   1
151  31.070200  110.185699    10.470   -46600.6    11962.0     4322.5      0.0      0.0      0.0 2018  1  6 14 12 58.48 -Inf   1
131  31.065001  110.197701     6.930   -44858.7    11198.8      953.5      0.0      0.0      0.0 2018  1  6 14 43 51.16 -Inf   1
153  30.937099  110.768799     9.840     9085.0    -2794.7     3692.5      0.0      0.0      0.0 2018  1  6 16 25 51.13 -Inf   1
146  30.935900  110.773804     9.720    10618.3    -3332.8     3917.3      0.0      0.0      0.0 2018  1  6 17 23 32.32 -Inf   1
147  30.937599  110.773598     8.950    10598.6    -3144.4     3147.3      0.0      0.0      0.0 2018  1  6 17 26 54.80 -Inf   1
133  31.095400  110.169296     4.590   -47982.1    14826.7    -1455.1      0.0      0.0      0.0 2018  1  6 17 53 28.38 -Inf   1
159  31.079700  110.164497     8.930   -48622.8    13015.3     2782.5      0.0      0.0      0.0 2018  1  6 18 32 31.44 -Inf   1
137  31.055599  110.195396     5.660   -45080.9    10156.5     -316.5      0.0      0.0      0.0 2018  1  6 18 53 42.64 -Inf   1
163  31.078699  110.185799     7.220   -46589.1    12904.3     1072.5      0.0      0.0      0.0 2018  1  6 20 42 52.38 -Inf   1
139  30.777201  110.765404    10.770     8946.9   -20451.7     4724.9      0.0      0.0      0.0 2018  1  6 20 43 26.72 -Inf   1
156  30.785500  110.765099     9.330     9794.1   -20007.5     3527.3      0.0      0.0      0.0 2018  1  6 20 45 59.40 -Inf   1
157  31.059200  110.183998    13.080   -45710.3    10337.4     7277.3      0.0      0.0      0.0 2018  1  6 20 54  7.52 -Inf   1
158  31.137501  110.325897     1.000   -32147.0    19018.5    -4802.7      0.0      0.0      0.0 2018  1  6 20 57 41.08 -Inf   1
143  30.786200  110.774300    12.660    10215.7   -19711.6     6683.5      0.0      0.0      0.0 2018  1  6 21  4  7.56 -Inf   1
144  30.779400  110.766701    10.210     9070.8   -20207.8     4164.9      0.0      0.0      0.0 2018  1  6 21  5 42.24 -Inf   1
170  30.777700  110.767403    11.670     8959.0   -20467.1     5522.5      0.0      0.0      0.0 2018  1  6 21 11 17.68 -Inf   1
163  30.781900  110.761902    10.480     9488.6   -20406.6     4677.3      0.0      0.0      0.0 2018  1  6 21 21 28.20 -Inf   1
164  30.781601  110.766098    11.150     9889.9   -20439.8     5347.3      0.0      0.0      0.0 2018  1  6 21 57 51.84 -Inf   1
174  30.930099  110.793701    10.620    11464.9    -3570.8     4472.5      0.0      0.0      0.0 2018  1  6 22 34 18.88 -Inf   1
148  31.082701  110.186897     7.330   -46304.7    13418.8     1284.9      0.0      0.0      0.0 2018  1  6 23 22 11.90 -Inf   1
167  31.059000  110.452797     3.540   -20042.1    10315.2    -2262.7      0.0      0.0      0.0 2018  1  6 23 35 44.32 -Inf   1
150  30.933500  110.768204    11.360     9207.2    -3122.9     5314.9      0.0      0.0      0.0 2018  1  7  1  4 28.28 -Inf   1
179  30.936899  110.775200    11.740     9696.7    -2816.9     5592.5      0.0      0.0      0.0 2018  1  7  1 15  9.38 -Inf   1
181  30.935600  110.774597    11.070     9639.1    -2960.9     4922.5      0.0      0.0      0.0 2018  1  7  1 42 15.54 -Inf   1
153  31.065300  110.184097     6.860   -46576.2    11489.6      814.9      0.0      0.0      0.0 2018  1  7  2 35 38.85 -Inf   1
183  30.850000  111.126503     6.220    43284.8   -12451.3       72.5      0.0      0.0      0.0 2018  1  7  2 53 15.13 -Inf   1
155  30.797800  110.770103    12.290     9813.9   -18425.4     6313.5      0.0      0.0      0.0 2018  1  7  3 34 46.11 -Inf   1
174  30.777399  110.768997    10.510    10167.4   -20905.6     4707.3      0.0      0.0      0.0 2018  1  7  4  3 51.49 -Inf   1
175  30.783001  110.765503     9.900     9832.9   -20284.6     4097.3      0.0      0.0      0.0 2018  1  7  4 32 57.08 -Inf   1
176  31.029100  110.485397     5.020   -16931.7     7000.2     -782.7      0.0      0.0      0.0 2018  1  7  5  5  1.25 -Inf   1
177  30.784401  110.767303     9.720    10005.1   -20129.3     3917.3      0.0      0.0      0.0 2018  1  7  5  6 48.92 -Inf   1
161  31.065001  110.187500     8.240   -46251.4    11456.4     2194.9      0.0      0.0      0.0 2018  1  7  5 44 21.80 -Inf   1
161  31.064400  110.162102    12.160   -48258.2    11132.2     6183.5      0.0      0.0      0.0 2018  1  7  5 45  7.38 -Inf   1
180  30.889000  110.794098     2.560    12560.6    -8532.6    -3242.7      0.0      0.0      0.0 2018  1  7  7 23 14.87 -Inf   1
163  31.064699  110.187798     7.990   -45804.4    11165.4     2013.5      0.0      0.0      0.0 2018  1  7  7 24 35.46 -Inf   1
165  30.848801  111.140404     5.890    44793.0   -12513.5     -155.1      0.0      0.0      0.0 2018  1  7  7 48 11.71 -Inf   1
183  30.840099  111.156502     6.100    47209.8   -13954.1      297.3      0.0      0.0      0.0 2018  1  7  8 20 55.89 -Inf   1
166  31.041401  110.452904     8.010   -20910.1     8839.9     1964.9      0.0      0.0      0.0 2018  1  7 13 18 44.67 -Inf   1
167  31.044399  110.449501     7.950   -21234.8     9172.3     1904.9      0.0      0.0      0.0 2018  1  7 14 59 56.35 -Inf   1
167  31.042601  110.452904    10.220   -20491.6     8715.3     4243.5      0.0      0.0      0.0 2018  1  7 17 11 37.12 -Inf   1
188  31.175900  110.522400     1.000   -13387.4    23275.7    -4802.7      0.0      0.0      0.0 2018  1  7 17 38 30.42 -Inf   1
201  30.777300  110.764297     9.180     8662.0   -20511.5     3032.5      0.0      0.0      0.0 2018  1  7 18 20 49.10 -Inf   1
169  31.065100  110.179802     9.650   -46986.4    11467.4     3604.9      0.0      0.0      0.0 2018  1  7 19 58 21.12 -Inf   1
170  31.069099  110.152901    10.820   -49135.6    11653.2     4843.5      0.0      0.0      0.0 2018  1  7 20 25 40.04 -Inf   1
193  31.076900  110.165703     1.730   -47453.0    12299.8    -4072.7      0.0      0.0      0.0 2018  1  7 20 26 50.72 -Inf   1
194  31.065300  110.188499     6.910   -45279.0    11013.6     1107.3      0.0      0.0      0.0 2018  1  7 20 50 29.32 -Inf   1
173  31.175301  110.320999     2.000   -33065.9    23427.6    -3976.5      0.0      0.0      0.0 2018  1  7 23  5 39.48 -Inf   1
197  30.836399  111.147697     6.500    46369.0   -14364.4      697.3      0.0      0.0      0.0 2018  1  8  3  8 15.51 -Inf   1
209  30.935200  110.785698     8.740    10699.9    -3005.3     2592.5      0.0      0.0      0.0 2018  1  8  3 10 45.61 -Inf   1
210  30.936100  110.771896    10.270     9381.0    -2905.5     4122.5      0.0      0.0      0.0 2018  1  8  3 12 41.43 -Inf   1
200  30.756599  111.210999     4.000    52442.4   -23211.7    -1802.7      0.0      0.0      0.0 2018  1  8  5 48 37.97 -Inf   1
201  31.063299  110.167801    13.190   -47256.0    10791.8     7387.3      0.0      0.0      0.0 2018  1  8  7 45  9.27 -Inf   1
177  30.849501  111.142197     6.830    45382.2   -12693.5      853.5      0.0      0.0      0.0 2018  1  8  7 49 22.49 -Inf   1
213  30.950199  110.020203    13.180   -62442.5    -1342.4     7032.5      0.0      0.0      0.0 2018  1  8  8 39 11.21 -Inf   1
180  31.071100  110.195602     6.610   -45476.2    12132.6      564.9      0.0      0.0      0.0 2018  1  8 10 54 55.32 -Inf   1
206  31.091000  110.171898     3.520   -46858.0    13862.9    -2282.7      0.0      0.0      0.0 2018  1  8 15  4 54.00 -Inf   1
207  30.969500  110.838203     1.000    16769.0      392.4    -4802.7      0.0      0.0      0.0 2018  1  8 15 59 26.73 -Inf   1
217  31.032900  110.450996    10.800   -21271.9     7826.6     4652.5      0.0      0.0      0.0 2018  1  8 16 25 18.28 -Inf   1
210  31.163000  110.512497     1.530   -14333.5    21845.6    -4272.7      0.0      0.0      0.0 2018  1  8 20 34 52.86 -Inf   1
212  31.155800  110.324799     1.000   -32248.7    21047.3    -4802.7      0.0      0.0      0.0 2018  1  8 23 51 58.16 -Inf   1
183  30.777500  110.765999    11.310     9422.3   -20676.1     5333.5      0.0      0.0      0.0 2018  1  9  0 37 20.71 -Inf   1
215  30.785601  110.764198     8.090     9708.0   -19996.3     2287.3      0.0      0.0      0.0 2018  1  9  1 52 56.87 -Inf   1
218  30.978100  110.797401     1.000    12870.4     1345.9    -4802.7      0.0      0.0      0.0 2018  1  9  6 15 21.09 -Inf   1
188  31.205099  110.807404     6.400    12934.7    26988.9      354.9      0.0      0.0      0.0 2018  1  9  6 56 12.99 -Inf   1
220  30.840900  111.138496     7.290    45488.3   -13865.3     1487.3      0.0      0.0      0.0 2018  1  9  7 11 49.95 -Inf   1
190  31.153601  110.875702     6.030    19457.1    21279.4      -15.1      0.0      0.0      0.0 2018  1  9  7 32 11.09 -Inf   1
233  30.933100  110.766899    11.700     8903.7    -3238.1     5552.5      0.0      0.0      0.0 2018  1  9 14 43 55.64 -Inf   1
191  30.928600  110.762604    10.120     9090.6    -3923.8     4143.5      0.0      0.0      0.0 2018  1  9 14 44 42.23 -Inf   1
193  30.923599  110.756500    11.800     8089.3    -4220.6     5754.9      0.0      0.0      0.0 2018  1  9 14 45 52.64 -Inf   1
225  30.925100  110.753098     9.950     8640.3    -4530.1     4147.3      0.0      0.0      0.0 2018  1  9 14 46 50.23 -Inf   1
194  30.934000  110.762604    10.690     9090.3    -3325.1     4713.5      0.0      0.0      0.0 2018  1  9 14 47 18.18 -Inf   1
197  30.932899  110.759804    11.260     8404.5    -3189.5     5214.9      0.0      0.0      0.0 2018  1  9 14 48 46.81 -Inf   1
228  30.934700  110.762299    11.340     9519.0    -3465.8     5537.3      0.0      0.0      0.0 2018  1  9 14 49  1.42 -Inf   1
229  30.936800  110.763603    11.530     9643.6    -3233.0     5727.3      0.0      0.0      0.0 2018  1  9 14 50 19.71 -Inf   1
200  30.934000  110.761002    10.770     8518.9    -3067.5     4724.9      0.0      0.0      0.0 2018  1  9 14 55 31.45 -Inf   1
201  30.940701  110.768303    10.500     9216.3    -2324.6     4454.9      0.0      0.0      0.0 2018  1  9 14 57  4.55 -Inf   1
232  30.938200  110.765900    11.850     9863.0    -3077.8     6047.3      0.0      0.0      0.0 2018  1  9 15  3 27.83 -Inf   1
202  30.930099  110.763298    11.740     9156.8    -3757.5     5763.5      0.0      0.0      0.0 2018  1  9 15  8 43.41 -Inf   1
235  30.934700  110.794296    11.420    12576.5    -3465.8     5617.3      0.0      0.0      0.0 2018  1  9 16 35 41.03 -Inf   1
248  30.937901  110.771301     9.950     9324.1    -2705.9     3802.5      0.0      0.0      0.0 2018  1  9 17  6  0.32 -Inf   1
204  30.930500  110.761597    11.280     8994.2    -3713.1     5303.5      0.0      0.0      0.0 2018  1  9 17  9  6.94 -Inf   1
251  30.932100  110.760399    11.290     8282.6    -3349.0     5142.5      0.0      0.0      0.0 2018  1  9 17 12 11.34 -Inf   1
239  30.930500  110.759499    11.420     9251.7    -3931.5     5617.3      0.0      0.0      0.0 2018  1  9 17 14 10.98 -Inf   1
240  30.927401  110.758598    11.290     9165.8    -4275.1     5487.3      0.0      0.0      0.0 2018  1  9 17 20 50.08 -Inf   1
241  30.930500  110.761497    12.530     9442.7    -3931.5     6727.3      0.0      0.0      0.0 2018  1  9 17 21 57.74 -Inf   1
209  30.936701  110.766701    12.140     9481.7    -3025.7     6163.5      0.0      0.0      0.0 2018  1  9 17 23 18.72 -Inf   1
256  30.936300  110.761803    12.000     8416.5    -2883.3     5852.5      0.0      0.0      0.0 2018  1  9 17 34 50.56 -Inf   1
257  30.933800  110.761101    11.270     8349.6    -3160.5     5122.5      0.0      0.0      0.0 2018  1  9 17 36 38.36 -Inf   1
212  30.931299  110.763702     9.990     9195.4    -3624.5     4013.5      0.0      0.0      0.0 2018  1  9 18  8 41.70 -Inf   1
246  30.914400  110.764702     8.600     9749.7    -5716.5     2797.3      0.0      0.0      0.0 2018  1  9 18 11 28.36 -Inf   1
247  31.174101  110.526604     1.000   -12986.4    23076.3    -4802.7      0.0      0.0      0.0 2018  1  9 22 17 58.40 -Inf   1
248  31.102800  110.422096     0.330   -22968.6    15171.3    -5472.7      0.0      0.0      0.0 2018  1  9 23 46 12.68 -Inf   1
261  30.848400  111.125702     6.500    43208.5   -12628.7      352.5      0.0      0.0      0.0 2018  1 10  1 43 21.84 -Inf   1
214  31.031200  110.440399     6.250   -22105.5     7709.0      204.9      0.0      0.0      0.0 2018  1 10  5 11  7.01 -Inf   1
216  30.931801  110.778099     5.490    10571.1    -3568.9     -486.5      0.0      0.0      0.0 2018  1 10  7 21  6.67 -Inf   1
216  30.850100  111.123596     7.130    43185.9   -12369.5     1084.9      0.0      0.0      0.0 2018  1 10  7 32 34.73 -Inf   1
265  31.054199  110.439697     8.650   -22348.6    10188.0     2502.5      0.0      0.0      0.0 2018  1 10  7 49 40.08 -Inf   1
266  30.872200  110.556000     8.410   -11252.7    -9990.0     2262.5      0.0      0.0      0.0 2018  1 10 21 20 24.40 -Inf   1
221  30.852699  110.574097    11.890    -8926.3   -12338.8     5913.5      0.0      0.0      0.0 2018  1 10 21 22 16.08 -Inf   1
222  30.864799  110.554398     8.230   -10808.8   -10997.3     2253.5      0.0      0.0      0.0 2018  1 10 21 23 12.48 -Inf   1
270  30.847401  111.140198     6.830    44594.6   -12739.5      682.5      0.0      0.0      0.0 2018  1 11  0 45 57.15 -Inf   1
262  30.848801  111.144997     5.600    46107.8   -12989.4     -202.7      0.0      0.0      0.0 2018  1 11  3 35 40.01 -Inf   1
263  31.042299  110.449699     4.210   -20339.7     8463.6    -1592.7      0.0      0.0      0.0 2018  1 11  3 49  7.06 -Inf   1
273  30.934601  110.791199    12.960    11225.6    -3071.7     6812.5      0.0      0.0      0.0 2018  1 11  4 29 39.91 -Inf   1
265  30.868601  111.100998     6.240    41897.4   -10794.2      437.3      0.0      0.0      0.0 2018  1 11  4 55 10.96 -Inf   1
275  30.759701  111.198402     5.730    50181.6   -22462.7     -417.5      0.0      0.0      0.0 2018  1 11  5 21  0.08 -Inf   1
229  30.758101  111.184998     6.310    49497.3   -22826.9      333.5      0.0      0.0      0.0 2018  1 11  5 28 52.44 -Inf   1
277  31.005199  110.499199    15.200   -16670.6     4755.5     9052.5      0.0      0.0      0.0 2018  1 11  6  2  3.62 -Inf   1
278  31.042801  110.463501     4.980   -20076.6     8924.3    -1167.5      0.0      0.0      0.0 2018  1 11  6 40 56.98 -Inf   1
233  30.931900  110.760696     9.810     8489.9    -3300.3     3764.9      0.0      0.0      0.0 2018  1 11  7 41  0.88 -Inf   1
271  30.843901  111.149498     6.440    46539.3   -13532.7      637.3      0.0      0.0      0.0 2018  1 11  8 54  3.78 -Inf   1
272  30.849800  111.123497     6.210    44052.3   -12878.6      407.3      0.0      0.0      0.0 2018  1 11  9 11 13.03 -Inf   1
236  30.936800  110.764900     8.940     8891.4    -2757.1     2894.9      0.0      0.0      0.0 2018  1 11 10 33 54.33 -Inf   1
283  30.928499  110.756599     6.880     7919.6    -3748.2      732.5      0.0      0.0      0.0 2018  1 11 11 21  3.32 -Inf   1
239  30.931101  110.762497     9.780     8662.0    -3388.9     3734.9      0.0      0.0      0.0 2018  1 11 14 43 33.04 -Inf   1
288  30.934500  110.773003    13.300     9486.8    -3082.9     7152.5      0.0      0.0      0.0 2018  1 11 16  5 30.10 -Inf   1
278  30.926500  110.774597     9.240    10694.7    -4374.9     3437.3      0.0      0.0      0.0 2018  1 11 16 56 16.21 -Inf   1
241  30.940599  110.754303    11.020     7878.6    -2335.8     4974.9      0.0      0.0      0.0 2018  1 11 17 11 21.76 -Inf   1
243  30.927000  110.756599     9.620     8516.9    -4101.2     3643.5      0.0      0.0      0.0 2018  1 11 17 20  3.64 -Inf   1
292  30.929199  110.765701    10.790     8789.4    -3670.6     4642.5      0.0      0.0      0.0 2018  1 11 18 23 20.68 -Inf   1
283  30.939199  110.763298    11.760     9614.3    -2967.0     5957.3      0.0      0.0      0.0 2018  1 11 18 26 11.80 -Inf   1
294  30.940001  110.765701    11.480     8788.9    -2473.1     5332.5      0.0      0.0      0.0 2018  1 11 18 58 49.40 -Inf   1
295  30.937099  110.765099    10.710     8731.4    -2794.7     4562.5      0.0      0.0      0.0 2018  1 11 19  6  5.88 -Inf   1
296  30.940599  110.761902    10.530     8425.8    -2406.7     4382.5      0.0      0.0      0.0 2018  1 11 19 23 45.82 -Inf   1
285  30.923401  110.775299    10.230    10761.9    -4718.6     4427.3      0.0      0.0      0.0 2018  1 11 19 52 46.00 -Inf   1
299  30.929300  110.770103     9.290     9210.0    -3659.4     3142.5      0.0      0.0      0.0 2018  1 11 20 22  6.08 -Inf   1
304  30.860201  110.774498    10.370     9633.4   -11320.4     4222.5      0.0      0.0      0.0 2018  1 12  1 50 43.54 -Inf   1
305  31.010099  110.464401     1.040   -19994.0     5298.7    -5107.5      0.0      0.0      0.0 2018  1 12  1 55 15.19 -Inf   1
248  31.137800  110.024803     1.000   -61764.1    19527.6    -5045.1      0.0      0.0      0.0 2018  1 12  2 33 57.92 -Inf   1
291  30.839300  111.112701     4.480    43022.6   -14042.7    -1322.7      0.0      0.0      0.0 2018  1 12  2 51 18.85 -Inf   1
308  30.938299  110.771004     9.830     9295.6    -2661.7     3682.5      0.0      0.0      0.0 2018  1 12  4 13 17.50 -Inf   1
253  30.931299  110.762001    10.380     9032.8    -3624.5     4403.5      0.0      0.0      0.0 2018  1 12  4 46 35.02 -Inf   1
253  30.926500  110.759399     9.810     8366.2    -3899.0     3764.9      0.0      0.0      0.0 2018  1 12  4 47  8.76 -Inf   1
296  30.931101  110.121002     1.430   -51760.3    -3864.9    -4372.7      0.0      0.0      0.0 2018  1 12  7 25 39.47 -Inf   1
297  30.935101  110.768600    10.530    10121.2    -3421.4     4727.3      0.0      0.0      0.0 2018  1 12  7 43 16.82 -Inf   1
258  30.849800  111.135399     7.060    44732.3   -12660.3     1083.5      0.0      0.0      0.0 2018  1 12  8 46 58.46 -Inf   1
313  30.828699  110.947502     3.500    26175.6   -14812.9    -2647.5      0.0      0.0      0.0 2018  1 12  9 38 26.97 -Inf   1
300  31.141701  110.028900     4.000   -60495.0    19484.1    -1802.7      0.0      0.0      0.0 2018  1 12  9 40 10.19 -Inf   1
301  31.122400  110.209602    14.550   -43251.1    17344.3     8747.3      0.0      0.0      0.0 2018  1 12  9 58 34.45 -Inf   1
303  31.158300  110.575500     5.340    -8320.6    21324.5     -462.7      0.0      0.0      0.0 2018  1 12 14 49 21.89 -Inf   1
261  30.937000  110.763000    11.640     9128.1    -2992.5     5663.5      0.0      0.0      0.0 2018  1 12 15  5  6.45 -Inf   1
261  31.162300  110.414497     6.800   -24562.6    22243.9      754.9      0.0      0.0      0.0 2018  1 12 15 52 26.02 -Inf   1
264  31.038900  110.456001    10.920   -20196.2     8305.1     4943.5      0.0      0.0      0.0 2018  1 12 17 25 31.90 -Inf   1
307  30.934200  110.764000    10.360     9681.6    -3521.2     4557.3      0.0      0.0      0.0 2018  1 12 19 42 18.00 -Inf   1
266  31.028400  110.466904     1.000   -19156.0     7141.0    -4976.5      0.0      0.0      0.0 2018  1 12 21 26 53.36 -Inf   1
267  30.934299  110.768097    10.680     9615.2    -3291.9     4703.5      0.0      0.0      0.0 2018  1 12 22 35 35.72 -Inf   1
310  30.851700  111.146797     7.210    46279.3   -12668.0     1407.3      0.0      0.0      0.0 2018  1 12 23 45 13.42 -Inf   1
311  31.116699  110.207703     6.480   -43433.7    16712.2      677.3      0.0      0.0      0.0 2018  1 13  0  9  0.45 -Inf   1
268  30.936100  110.768898    10.060     9273.4    -2834.7     4014.9      0.0      0.0      0.0 2018  1 13  0 40 58.12 -Inf   1
273  30.680000  111.056702     4.000    37241.8   -31485.8    -1976.5      0.0      0.0      0.0 2018  1 13  3 26 37.31 -Inf   1
314  30.771299  111.177902     8.080    49273.2   -21581.9     2277.3      0.0      0.0      0.0 2018  1 13  4 23 15.16 -Inf   1
271  30.757000  111.210503    10.000    51518.8   -22691.3     3954.9      0.0      0.0      0.0 2018  1 13  4 29 11.65 -Inf   1
277  30.769899  111.174004     8.790    48442.8   -21518.8     2813.5      0.0      0.0      0.0 2018  1 13  4 33 37.01 -Inf   1
317  31.030300  110.456001     1.000   -19739.1     7133.2    -4802.7      0.0      0.0      0.0 2018  1 13  5 35 45.69 -Inf   1
318  31.019100  110.444901     4.350   -20800.5     5891.5    -1452.7      0.0      0.0      0.0 2018  1 13  5 50 56.50 -Inf   1
333  30.844601  111.140701     5.810    44643.3   -13049.9     -337.5      0.0      0.0      0.0 2018  1 13  6 15 17.94 -Inf   1
334  30.928699  110.772400     9.130     9429.5    -3726.0     2982.5      0.0      0.0      0.0 2018  1 13  6 38 42.31 -Inf   1
277  30.934099  110.767700     9.730     9159.0    -3056.5     3684.9      0.0      0.0      0.0 2018  1 13  6 53  9.72 -Inf   1
322  30.931400  110.770699     9.470    10321.9    -3831.7     3667.3      0.0      0.0      0.0 2018  1 13  6 55 34.41 -Inf   1
284  30.875799  110.903297     1.000    22541.1    -9777.8    -4976.5      0.0      0.0      0.0 2018  1 13  7 40  3.30 -Inf   1
280  31.110800  110.217697     5.910   -43357.5    16534.1     -135.1      0.0      0.0      0.0 2018  1 13  8 21  2.64 -Inf   1
281  30.908800  110.718803     8.030     4487.2    -5861.4     1984.9      0.0      0.0      0.0 2018  1 13  8 43 58.63 -Inf   1
327  30.960199  110.823502     5.240    15365.2     -638.8     -562.7      0.0      0.0      0.0 2018  1 13 11 46 59.81 -Inf   1
342  30.935900  110.763496    11.000     8578.4    -2927.7     4852.5      0.0      0.0      0.0 2018  1 13 14 13 50.68 -Inf   1
289  30.933701  110.764900    11.760     9309.8    -3358.3     5783.5      0.0      0.0      0.0 2018  1 13 14 17 23.18 -Inf   1
285  30.935101  110.762497    11.250     8661.8    -2945.5     5204.9      0.0      0.0      0.0 2018  1 13 14 18  4.61 -Inf   1
286  30.685600  110.933098    10.880    24995.9   -30607.3     4834.9      0.0      0.0      0.0 2018  1 13 18  0 15.56 -Inf   1
332  31.025600  110.180801     7.200   -46023.6     6612.2     1397.3      0.0      0.0      0.0 2018  1 13 19  8 15.68 -Inf   1
288  31.075001  110.180801     5.770   -46888.6    12565.1     -275.1      0.0      0.0      0.0 2018  1 13 19 24 17.36 -Inf   1
294  31.023300  110.466499    11.040   -19195.1     6575.5     5063.5      0.0      0.0      0.0 2018  1 13 19 29  1.60 -Inf   1
295  31.024599  110.476303     6.910   -18258.6     6719.5      933.5      0.0      0.0      0.0 2018  1 13 19 43 50.72 -Inf   1
291  31.025101  110.473801     1.960   -18916.0     7032.7    -4085.1      0.0      0.0      0.0 2018  1 13 20 27 33.64 -Inf   1
297  31.043501  110.458397     3.350   -19966.9     8815.1    -2626.5      0.0      0.0      0.0 2018  1 13 20 54 53.00 -Inf   1
293  31.052700  110.201401     6.060   -44926.8    10092.6       14.9      0.0      0.0      0.0 2018  1 13 21 49 12.94 -Inf   1
299  30.934299  110.765297     8.550     9347.6    -3291.9     2573.5      0.0      0.0      0.0 2018  1 13 23  6 37.96 -Inf   1
355  30.856501  111.140198     6.730    44592.5   -11730.6      582.5      0.0      0.0      0.0 2018  1 13 23 40  0.76 -Inf   1
302  30.847401  111.137901     5.670    44972.1   -12926.3     -306.5      0.0      0.0      0.0 2018  1 14  1 39 24.21 -Inf   1
298  30.880301  111.052200     4.380    36355.0    -9021.1    -1665.1      0.0      0.0      0.0 2018  1 14  3 55 33.14 -Inf   1
299  30.891600  111.041000     4.310    35282.4    -7768.4    -1735.1      0.0      0.0      0.0 2018  1 14  4  7 41.23 -Inf   1
347  31.287001  110.870499     2.000    19821.6    35593.4    -3802.7      0.0      0.0      0.0 2018  1 14  4 54 22.79 -Inf   1
301  30.935101  110.771301    10.140     9503.1    -2945.5     4094.9      0.0      0.0      0.0 2018  1 14  6 37 19.57 -Inf   1
308  31.202900  110.377899     1.000   -27631.6    26487.5    -4976.5      0.0      0.0      0.0 2018  1 14  6 40 59.10 -Inf   1
349  31.141899  110.366600     1.000   -28261.1    19506.1    -4802.7      0.0      0.0      0.0 2018  1 14  6 41  0.26 -Inf   1
350  31.151199  110.362297     1.230   -28670.4    20537.2    -4572.7      0.0      0.0      0.0 2018  1 14  6 46 25.84 -Inf   1
310  31.169901  110.387703     1.000   -26700.7    22829.0    -4976.5      0.0      0.0      0.0 2018  1 14  6 52 17.42 -Inf   1
351  31.217501  110.352097     1.000   -29633.8    27888.0    -4802.7      0.0      0.0      0.0 2018  1 14  6 58 53.17 -Inf   1
352  30.983400  110.797798     1.000    12907.9     1933.5    -4802.7      0.0      0.0      0.0 2018  1 14  7 17  1.48 -Inf   1
313  30.926701  110.759903    14.240     8832.6    -4134.4     8263.5      0.0      0.0      0.0 2018  1 14  8 21 25.09 -Inf   1
368  30.932899  110.767502    10.460     8961.3    -3260.3     4312.5      0.0      0.0      0.0 2018  1 14  8 51 18.62 -Inf   1
355  30.850901  111.142899     6.410    45906.8   -12756.6      607.3      0.0      0.0      0.0 2018  1 14  8 55  1.96 -Inf   1
309  30.939301  110.767899    10.910     9177.7    -2479.8     4864.9      0.0      0.0      0.0 2018  1 14  9 20  9.64 -Inf   1
357  30.938601  110.766602    10.150     9930.0    -3033.4     4347.3      0.0      0.0      0.0 2018  1 14  9 21 30.68 -Inf   1
358  30.952000  110.854500     3.910    18327.6    -1547.8    -1892.7      0.0      0.0      0.0 2018  1 14  9 37 29.93 -Inf   1
375  30.942200  110.767303    11.720     8941.9    -2229.2     5572.5      0.0      0.0      0.0 2018  1 14 10 16 11.50 -Inf   1
320  30.939501  110.759102    12.100     8755.4    -2715.2     6123.5      0.0      0.0      0.0 2018  1 14 10 25 37.97 -Inf   1
314  30.934601  110.759697    10.060     8394.3    -3000.9     4014.9      0.0      0.0      0.0 2018  1 14 10 32  3.69 -Inf   1
322  31.050501  110.056602     8.000   -58336.6     9591.2     2023.5      0.0      0.0      0.0 2018  1 14 10 35 56.51 -Inf   1
318  30.926600  110.757103    11.160     8146.7    -3888.0     5114.9      0.0      0.0      0.0 2018  1 14 10 56 53.82 -Inf   1
365  30.939600  110.768402    10.480    10102.0    -2922.6     4677.3      0.0      0.0      0.0 2018  1 14 11 34 50.56 -Inf   1
320  30.938601  110.765800    11.600     8977.3    -2557.5     5554.9      0.0      0.0      0.0 2018  1 14 12 17 16.43 -Inf   1
322  30.936399  110.762497    10.750     8661.7    -2801.5     4704.9      0.0      0.0      0.0 2018  1 14 12 18 18.98 -Inf   1
329  30.936501  110.760201    10.480     8860.5    -3047.9     4503.5      0.0      0.0      0.0 2018  1 14 12 19  8.28 -Inf   1
386  30.927700  110.759804    11.150     8225.9    -3836.8     5002.5      0.0      0.0      0.0 2018  1 14 12 20 36.21 -Inf   1
327  30.937901  110.761002    11.190     8518.8    -2635.1     5144.9      0.0      0.0      0.0 2018  1 14 12 22 34.53 -Inf   1
328  30.932400  110.773300    10.030     9694.2    -3244.9     3984.9      0.0      0.0      0.0 2018  1 14 13 52 31.11 -Inf   1
334  30.938400  110.761398    12.070     8974.9    -2837.2     6093.5      0.0      0.0      0.0 2018  1 14 14 29  5.58 -Inf   1
392  30.938499  110.774597    16.290     9639.0    -2639.5    10142.5      0.0      0.0      0.0 2018  1 14 14 56 37.01 -Inf   1
377  30.938101  110.764999     9.810     9776.9    -3088.8     4007.3      0.0      0.0      0.0 2018  1 14 15 46 30.73 -Inf   1
337  30.936100  110.767899     9.810     9596.1    -3092.3     3833.5      0.0      0.0      0.0 2018  1 14 17 22 40.60 -Inf   1
338  30.941500  110.764900    10.350     9309.4    -2493.6     4373.5      0.0      0.0      0.0 2018  1 14 20 49 17.70 -Inf   1
381  30.939199  110.771301    10.440    10379.0    -2967.0     4637.3      0.0      0.0      0.0 2018  1 15  0  8 21.09 -Inf   1
382  31.107000  110.213303     7.050   -42901.3    15636.9     1247.3      0.0      0.0      0.0 2018  1 15  0 17  0.98 -Inf   1
336  31.101601  110.199699     7.440   -45077.8    15514.2     1394.9      0.0      0.0      0.0 2018  1 15  0 22 24.22 -Inf   1
337  31.106100  110.216301     1.800   -43491.8    16013.0    -4245.1      0.0      0.0      0.0 2018  1 15  1  4 24.34 -Inf   1
385  31.107500  110.196297     9.590   -44524.7    15692.3     3787.3      0.0      0.0      0.0 2018  1 15  1 12 24.90 -Inf   1
345  31.051001  110.205902     6.440   -44078.7     9646.6      463.5      0.0      0.0      0.0 2018  1 15  1 35 34.16 -Inf   1
346  30.850800  111.136803     5.990    44866.3   -12549.4       13.5      0.0      0.0      0.0 2018  1 15  3  8  6.24 -Inf   1
342  30.768801  111.218300     2.000    52261.4   -21383.0    -4045.1      0.0      0.0      0.0 2018  1 15  3 44 31.64 -Inf   1
389  30.752001  111.184998     4.720    49956.8   -23721.5    -1082.7      0.0      0.0      0.0 2018  1 15  3 50 24.93 -Inf   1
405  30.960899  110.504303     4.800   -16186.8     -156.0    -1347.5      0.0      0.0      0.0 2018  1 15  4 16 30.60 -Inf   1
392  30.939301  110.772301     9.870    10474.5    -2955.8     4067.3      0.0      0.0      0.0 2018  1 15  4 46 14.46 -Inf   1
346  31.146999  110.880699     7.360    19934.8    20547.5     1314.9      0.0      0.0      0.0 2018  1 15  5  4 30.53 -Inf   1
394  30.848301  111.141197     7.140    45744.7   -13044.8     1337.3      0.0      0.0      0.0 2018  1 15  5 25 19.45 -Inf   1
396  30.925900  110.758202     9.680     9128.0    -4441.5     3877.3      0.0      0.0      0.0 2018  1 15  5 43  6.33 -Inf   1
354  30.975500  110.013496    12.000   -62477.4     1276.0     6023.5      0.0      0.0      0.0 2018  1 15  5 56 35.50 -Inf   1
412  30.981001  109.986801    12.000   -65623.5     2072.6     5852.5      0.0      0.0      0.0 2018  1 15  6  4 21.57 -Inf   1
356  30.938499  110.762802    10.480     9109.0    -2826.3     4503.5      0.0      0.0      0.0 2018  1 15  7  5  3.11 -Inf   1
400  31.044701  110.450996     6.470   -20215.6     8729.8      667.3      0.0      0.0      0.0 2018  1 15 10  9 31.45 -Inf   1
358  30.827801  110.947701     4.950    26792.0   -15099.3    -1026.5      0.0      0.0      0.0 2018  1 15 10 10  7.22 -Inf   1
360  31.033001  110.380203    10.130   -27436.0     7651.0     4153.5      0.0      0.0      0.0 2018  1 15 13 54 45.88 -Inf   1
361  31.030800  110.451302    10.100   -20645.9     7407.0     4123.5      0.0      0.0      0.0 2018  1 15 16  8 42.19 -Inf   1
405  31.052099  110.069901     1.000   -56607.8     9550.1    -4802.7      0.0      0.0      0.0 2018  1 15 20 26 29.48 -Inf   1
360  31.057501  110.068001     8.000   -57664.8    10624.9     1954.9      0.0      0.0      0.0 2018  1 16  0  7 39.02 -Inf   1
361  30.848499  111.141098     5.870    44859.4   -12546.9     -175.1      0.0      0.0      0.0 2018  1 16  3 16 38.04 -Inf   1
423  31.229799  110.951897    10.530    26540.4    29656.6     4382.5      0.0      0.0      0.0 2018  1 16  4 56 25.80 -Inf   1
409  31.171301  110.373199     1.000   -27626.9    22765.8    -4802.7      0.0      0.0      0.0 2018  1 16  5 56 29.30 -Inf   1
411  31.220200  110.955299     9.800    27919.6    28187.2     3997.3      0.0      0.0      0.0 2018  1 16  7 26 55.50 -Inf   1
365  30.853701  111.136299     6.820    44399.5   -11970.2      774.9      0.0      0.0      0.0 2018  1 16  8 32 10.90 -Inf   1
428  31.222500  110.956398     9.710    26970.9    28847.3     3562.5      0.0      0.0      0.0 2018  1 16 10 21  4.67 -Inf   1
368  31.022400  110.597702     5.610    -7082.1     6733.3     -435.1      0.0      0.0      0.0 2018  1 16 11  3 15.92 -Inf   1
373  31.082100  110.196198     6.490   -44998.2    13094.6      513.5      0.0      0.0      0.0 2018  1 16 13 19 13.06 -Inf   1
431  31.225100  110.957100     9.550    27037.5    29135.5     3402.5      0.0      0.0      0.0 2018  1 16 15 48 14.89 -Inf   1
372  30.932600  110.788902    12.790    11185.1    -3222.7     6744.9      0.0      0.0      0.0 2018  1 16 15 53 32.68 -Inf   1
433  31.068701  110.821701     7.370    14130.4    11795.8     1222.5      0.0      0.0      0.0 2018  1 16 16 10 45.63 -Inf   1
374  30.938400  110.765099    11.700     8910.2    -2579.7     5654.9      0.0      0.0      0.0 2018  1 16 16 26 50.71 -Inf   1
422  30.939899  110.769699    12.020    10225.9    -2889.4     6217.3      0.0      0.0      0.0 2018  1 16 16 35 12.39 -Inf   1
437  30.940399  110.770103     9.950     9209.5    -2428.9     3802.5      0.0      0.0      0.0 2018  1 16 16 54 32.57 -Inf   1
379  31.087900  110.193703     2.100   -45235.0    13737.6    -3876.5      0.0      0.0      0.0 2018  1 16 18  4 56.00 -Inf   1
380  30.936199  110.793198    11.810    12013.6    -3081.3     5833.5      0.0      0.0      0.0 2018  1 16 18 14 16.20 -Inf   1
426  31.148399  110.318497     2.110   -32851.5    20226.8    -3692.7      0.0      0.0      0.0 2018  1 16 18 50 34.48 -Inf   1
428  30.933701  110.792603    11.750    12414.8    -3576.6     5947.3      0.0      0.0      0.0 2018  1 16 19 36 44.68 -Inf   1
429  30.931200  110.786003    14.400    11784.3    -3853.9     8597.2      0.0      0.0      0.0 2018  1 16 19 58 51.60 -Inf   1
430  30.958200  110.806396     4.570    13731.1     -860.4    -1232.7      0.0      0.0      0.0 2018  1 16 20 32 43.62 -Inf   1
385  30.932199  110.786499    12.950    11373.7    -3524.7     6973.5      0.0      0.0      0.0 2018  1 16 20 57 24.56 -Inf   1
432  30.936701  110.794403    11.700    12586.6    -3244.0     5897.3      0.0      0.0      0.0 2018  1 16 21 25 35.46 -Inf   1
433  30.930000  110.783798    14.240    11573.7    -3986.9     8437.2      0.0      0.0      0.0 2018  1 16 21 48 46.68 -Inf   1
447  30.932501  110.784897    13.490    10623.5    -3304.5     7342.5      0.0      0.0      0.0 2018  1 16 22 31 49.80 -Inf   1
448  31.088699  110.191200     1.450   -46070.9    14013.0    -4697.5      0.0      0.0      0.0 2018  1 16 22 51 29.12 -Inf   1
436  30.932100  110.791496    11.620    12309.2    -3754.1     5817.3      0.0      0.0      0.0 2018  1 17  0  2 40.21 -Inf   1
389  30.930901  110.787300    13.100    11032.1    -3411.1     7054.9      0.0      0.0      0.0 2018  1 17  0 33 53.66 -Inf   1
390  30.844000  111.146599     6.310    45386.4   -13045.7      264.9      0.0      0.0      0.0 2018  1 17  1 21 27.74 -Inf   1
441  30.970600  109.971100     6.000   -66070.8      514.4      197.3      0.0      0.0      0.0 2018  1 17  3  3 13.02 -Inf   1
393  31.230700  110.063904     3.550   -58003.7    29827.2    -2495.1      0.0      0.0      0.0 2018  1 17  3 27 11.84 -Inf   1
443  30.928400  110.788399    11.430    12013.4    -4164.3     5627.3      0.0      0.0      0.0 2018  1 17  3 49 43.42 -Inf   1
457  30.979200  110.787300     5.210    10850.5     1873.0     -937.5      0.0      0.0      0.0 2018  1 17  4 48 12.46 -Inf   1
396  30.853300  110.914299     1.610    23177.2   -12014.6    -4435.1      0.0      0.0      0.0 2018  1 17  5 40 28.14 -Inf   1
460  30.881001  111.151604    11.180    45677.0    -9014.3     5032.5      0.0      0.0      0.0 2018  1 17  9 14 45.76 -Inf   1
461  30.851700  111.131699     7.010    43781.1   -12262.9      862.5      0.0      0.0      0.0 2018  1 17 10 15 20.36 -Inf   1
406  30.927000  110.750000    11.920     7886.2    -4101.2     5943.5      0.0      0.0      0.0 2018  1 17 17 36 54.36 -Inf   1
401  30.939199  110.769600    10.630     9340.3    -2491.1     4584.9      0.0      0.0      0.0 2018  1 17 19 59 40.56 -Inf   1
408  30.931601  110.745102     8.530     7418.0    -3591.1     2553.5      0.0      0.0      0.0 2018  1 17 22  1 59.68 -Inf   1
409  30.939600  110.767502    11.360     9558.1    -2704.2     5383.5      0.0      0.0      0.0 2018  1 17 23 57  7.88 -Inf   1
455  31.024900  110.320198     0.760   -32710.1     6534.6    -5042.7      0.0      0.0      0.0 2018  1 18  0 48 49.51 -Inf   1
410  30.844000  111.140297     6.250    45201.9   -13303.3      273.5      0.0      0.0      0.0 2018  1 18  2 34 41.29 -Inf   1
457  31.025400  110.116997     1.000   -52117.6     6590.0    -4802.7      0.0      0.0      0.0 2018  1 18  4 34 16.75 -Inf   1
472  30.784000  110.770401    12.240     9245.4   -19768.6     6092.5      0.0      0.0      0.0 2018  1 18  5 16 57.58 -Inf   1
414  30.915199  110.743797     9.580     7294.0    -5409.5     3603.5      0.0      0.0      0.0 2018  1 18  6 21 33.65 -Inf   1
463  30.889799  111.047401     7.320    36770.3    -8444.0     1517.3      0.0      0.0      0.0 2018  1 18  7 39 58.66 -Inf   1
416  30.826900  110.940598     2.470    26113.0   -15199.1    -3506.5      0.0      0.0      0.0 2018  1 18  7 45 15.98 -Inf   1
417  31.012400  110.492302     9.960   -16731.6     5367.0     3983.5      0.0      0.0      0.0 2018  1 18  8 54 38.16 -Inf   1
418  30.830099  110.947899     1.270    26810.6   -14844.5    -4706.5      0.0      0.0      0.0 2018  1 18  9 11  4.97 -Inf   1
477  31.129601  110.019302     4.000   -62470.3    18547.7    -2147.5      0.0      0.0      0.0 2018  1 18  9 12 32.63 -Inf   1
479  30.933100  110.787102    11.480    10834.1    -3238.1     5332.5      0.0      0.0      0.0 2018  1 18  9 50  5.45 -Inf   1
421  30.937500  110.766899     9.950     9500.6    -2937.1     3973.5      0.0      0.0      0.0 2018  1 18 16 41 37.90 -Inf   1
481  30.943300  110.770897     8.800     9285.2    -2107.2     2652.5      0.0      0.0      0.0 2018  1 18 16 51 53.04 -Inf   1
482  30.934900  110.762703    11.290     8502.6    -3038.5     5142.5      0.0      0.0      0.0 2018  1 18 17 16 26.28 -Inf   1
483  31.068399  110.186302     8.710   -46543.5    11762.4     2562.5      0.0      0.0      0.0 2018  1 18 17 42 17.54 -Inf   1
474  30.937000  110.766296    11.000     9900.9    -3210.8     5197.3      0.0      0.0      0.0 2018  1 18 18  5 37.96 -Inf   1
422  30.938101  110.766098    10.510     9005.8    -2612.9     4464.9      0.0      0.0      0.0 2018  1 18 18 21 46.16 -Inf   1
476  31.044701  110.445702    10.690   -20721.2     8729.8     4887.3      0.0      0.0      0.0 2018  1 18 19 17 34.34 -Inf   1
428  30.941999  110.766998    11.510     9509.8    -2438.2     5533.5      0.0      0.0      0.0 2018  1 18 19 34 17.16 -Inf   1
425  30.938900  110.766701    11.070     9063.3    -2524.3     5024.9      0.0      0.0      0.0 2018  1 18 19 35  1.06 -Inf   1
489  30.935600  110.790298    10.440    11139.5    -2960.9     4292.5      0.0      0.0      0.0 2018  1 18 20  8  0.40 -Inf   1
480  31.177299  110.325104     1.000   -32216.0    23430.9    -4802.7      0.0      0.0      0.0 2018  1 18 21  8 11.22 -Inf   1
428  31.077900  110.179604     7.840   -47002.2    12886.5     1794.9      0.0      0.0      0.0 2018  1 18 21 21 46.40 -Inf   1
493  30.930901  110.792801     9.860    11378.9    -3482.0     3712.5      0.0      0.0      0.0 2018  1 18 22  3 59.28 -Inf   1
430  30.846500  111.160301     6.490    46695.7   -12768.5      444.9      0.0      0.0      0.0 2018  1 19  1 43 20.43 -Inf   1
496  30.932699  110.786903    11.450    10815.2    -3282.6     5302.5      0.0      0.0      0.0 2018  1 19  2 28 27.17 -Inf   1
432  30.929199  110.786797    10.890    10984.1    -3599.8     4844.9      0.0      0.0      0.0 2018  1 19  2 38  3.30 -Inf   1
486  31.059500  110.137604     8.060   -50140.5    10370.6     2257.3      0.0      0.0      0.0 2018  1 19  3 44 51.28 -Inf   1
499  30.687599  111.066101    10.000    37542.0   -30456.5     3852.5      0.0      0.0      0.0 2018  1 19  6 25 57.86 -Inf   1
488  31.079901  110.181297     2.310   -45963.3    12632.4    -3492.7      0.0      0.0      0.0 2018  1 19  6 28 24.32 -Inf   1
502  31.221600  110.061302     7.060   -58433.1    28747.5      912.5      0.0      0.0      0.0 2018  1 19  7 11 18.90 -Inf   1
436  30.845800  111.129402     5.790    43741.9   -12846.1     -255.1      0.0      0.0      0.0 2018  1 19  7 45 31.13 -Inf   1
440  30.992100  110.764702     1.830     9288.0     3116.4    -4146.5      0.0      0.0      0.0 2018  1 19  9 49 53.92 -Inf   1
505  30.869499  111.093803     6.530    40154.7   -10289.5      382.5      0.0      0.0      0.0 2018  1 19  9 54 56.88 -Inf   1
493  30.912100  110.725403    10.540     5994.2    -5971.5     4737.3      0.0      0.0      0.0 2018  1 19 10 12 19.03 -Inf   1
507  30.942600  110.768303    10.730     9037.3    -2184.8     4582.5      0.0      0.0      0.0 2018  1 19 11 31 15.26 -Inf   1
495  31.044701  110.449600     9.200   -20348.9     8729.8     3397.3      0.0      0.0      0.0 2018  1 19 12 31 20.65 -Inf   1
445  30.941401  110.770500    11.130     9844.5    -2504.6     5153.5      0.0      0.0      0.0 2018  1 19 14 48  9.08 -Inf   1
441  30.940599  110.771004    11.570     9474.4    -2335.8     5524.9      0.0      0.0      0.0 2018  1 19 15 13 15.26 -Inf   1
442  31.009399  110.109200     7.830   -53743.9     5291.9     1784.9      0.0      0.0      0.0 2018  1 19 17 37 53.36 -Inf   1
514  30.925400  110.752899     8.440     7566.2    -4091.8     2292.5      0.0      0.0      0.0 2018  1 19 18 17 29.52 -Inf   1
515  30.924601  110.754303     6.910     7700.3    -4180.4      762.5      0.0      0.0      0.0 2018  1 19 19  9 24.78 -Inf   1
505  30.924400  110.751602     7.080     8497.4    -4607.8     1277.3      0.0      0.0      0.0 2018  1 19 23 31 51.88 -Inf   1
447  31.017500  110.355698     7.670   -30197.4     6190.0     1624.9      0.0      0.0      0.0 2018  1 20  0 43 42.70 -Inf   1
521  30.911699  110.720497     9.390     4470.1    -5610.8     3242.5      0.0      0.0      0.0 2018  1 20  3 48 15.49 -Inf   1
459  30.764000  110.903999     5.310    22621.3   -22172.8     -666.5      0.0      0.0      0.0 2018  1 20  5 59 40.56 -Inf   1
510  30.768101  110.907700     3.820    23432.9   -21936.5    -1982.7      0.0      0.0      0.0 2018  1 20  6 23  8.04 -Inf   1
461  30.982901  109.973999     8.000   -66248.2     2096.5     2023.5      0.0      0.0      0.0 2018  1 20  8 42 47.67 -Inf   1
513  30.719400  110.979897     4.530    30345.1   -27335.9    -1272.7      0.0      0.0      0.0 2018  1 20  8 50 43.49 -Inf   1
457  30.850000  111.132698     6.400    44056.1   -12380.5      354.9      0.0      0.0      0.0 2018  1 20  9 15 10.34 -Inf   1
515  30.934500  110.792198    12.950    12376.1    -3488.0     7147.3      0.0      0.0      0.0 2018  1 20 11  0 44.79 -Inf   1
460  30.935101  110.768700    10.230     9254.5    -2945.5     4184.9      0.0      0.0      0.0 2018  1 20 11 40 19.69 -Inf   1
528  30.931601  110.791801    11.580    11283.3    -3404.4     5432.5      0.0      0.0      0.0 2018  1 20 13 13 35.05 -Inf   1
519  30.937500  110.796097    11.680    12748.4    -3155.4     5877.3      0.0      0.0      0.0 2018  1 20 14 31  6.28 -Inf   1
468  30.922001  110.789101    10.330    11622.9    -4655.4     4353.5      0.0      0.0      0.0 2018  1 20 14 46 56.45 -Inf   1
469  30.934000  110.792603    12.350    11956.8    -3325.1     6373.5      0.0      0.0      0.0 2018  1 20 14 52  1.03 -Inf   1
532  30.931101  110.782700    12.760    10413.6    -3459.8     6612.5      0.0      0.0      0.0 2018  1 20 14 58 22.19 -Inf   1
523  30.930401  110.784698    12.820    11659.7    -3942.5     7017.3      0.0      0.0      0.0 2018  1 20 15  5 16.45 -Inf   1
472  30.933201  110.790604     9.830    11765.9    -3413.7     3853.5      0.0      0.0      0.0 2018  1 20 15 17 24.65 -Inf   1
535  30.927900  110.788300    10.070    10948.9    -3814.6     3922.5      0.0      0.0      0.0 2018  1 20 15 55 20.18 -Inf   1
467  30.929800  110.787903    11.130    11089.8    -3533.2     5084.9      0.0      0.0      0.0 2018  1 20 16 16 32.65 -Inf   1
468  30.941401  110.769402    10.580     9321.3    -2247.0     4534.9      0.0      0.0      0.0 2018  1 20 16 41  8.00 -Inf   1
469  30.938101  110.766502    11.070     9044.4    -2612.9     5024.9      0.0      0.0      0.0 2018  1 20 16 50 36.64 -Inf   1
542  30.934099  110.789803     9.910    11092.2    -3127.3     3762.5      0.0      0.0      0.0 2018  1 20 17 35  1.48 -Inf   1
528  30.924900  110.776802     8.870    10905.5    -4552.3     3067.3      0.0      0.0      0.0 2018  1 20 17 43  6.92 -Inf   1
544  30.942600  110.782097     9.080    10355.4    -2184.8     2932.5      0.0      0.0      0.0 2018  1 20 17 55 37.40 -Inf   1
545  30.934000  110.789001     8.210    11015.6    -3138.3     2062.5      0.0      0.0      0.0 2018  1 20 17 56 53.60 -Inf   1
472  30.931601  110.785103    13.010    10822.1    -3333.5     6964.9      0.0      0.0      0.0 2018  1 20 18  5 44.10 -Inf   1
478  30.877701  110.831200     8.040    15649.6    -9566.9     2063.5      0.0      0.0      0.0 2018  1 20 18 14 32.88 -Inf   1
533  30.934601  110.796997    11.750    12834.6    -3476.8     5947.3      0.0      0.0      0.0 2018  1 20 18 46 33.58 -Inf   1
534  30.942200  110.762802    13.030     9566.8    -2634.4     7227.3      0.0      0.0      0.0 2018  1 20 18 49 34.80 -Inf   1
481  30.939301  110.768997    10.520     9701.0    -2737.4     4543.5      0.0      0.0      0.0 2018  1 20 18 58 46.36 -Inf   1
536  31.069700  110.230103     4.270   -41305.4    11501.5    -1532.7      0.0      0.0      0.0 2018  1 20 19 50  3.88 -Inf   1
553  30.932699  110.813301    14.380    13337.7    -3282.6     8232.5      0.0      0.0      0.0 2018  1 20 20 12 13.56 -Inf   1
554  30.931999  110.788696    11.530    10986.6    -3360.2     5382.5      0.0      0.0      0.0 2018  1 20 20 29 21.76 -Inf   1
483  31.194799  110.536003     1.000   -12545.6    25589.4    -4976.5      0.0      0.0      0.0 2018  1 20 21 18 19.88 -Inf   1
539  30.934401  110.784897    11.450    11678.4    -3499.0     5647.3      0.0      0.0      0.0 2018  1 20 21 24 26.26 -Inf   1
557  30.932400  110.779701    13.200    10127.0    -3315.8     7052.5      0.0      0.0      0.0 2018  1 20 21 35 35.16 -Inf   1
485  30.933300  110.792603    12.220    11956.9    -3402.7     6243.5      0.0      0.0      0.0 2018  1 20 22  0 12.24 -Inf   1
486  30.778601  110.779900    17.690    10751.7   -20554.1    11713.5      0.0      0.0      0.0 2018  1 20 22 34 10.84 -Inf   1
487  30.776600  110.767899     9.030     9604.1   -20775.9     3053.5      0.0      0.0      0.0 2018  1 20 22 35 43.92 -Inf   1
483  30.778000  110.760803     9.960     8506.9   -20363.1     3914.9      0.0      0.0      0.0 2018  1 20 23  2 23.86 -Inf   1
489  31.042101  110.452003     7.920   -20577.6     8659.9     1943.5      0.0      0.0      0.0 2018  1 20 23  5 27.76 -Inf   1
564  30.928301  110.779198    10.980    10079.1    -3770.2     4832.5      0.0      0.0      0.0 2018  1 20 23 15 52.52 -Inf   1
491  30.933201  110.786598    12.220    11383.2    -3413.7     6243.5      0.0      0.0      0.0 2018  1 21  0 50  9.05 -Inf   1
548  30.927601  110.753098     7.240     8640.2    -4252.9     1437.3      0.0      0.0      0.0 2018  1 21  1 14 42.87 -Inf   1
549  30.846100  111.142502     6.520    45870.0   -13288.8      717.3      0.0      0.0      0.0 2018  1 21  1 21 57.48 -Inf   1
493  30.929199  110.788002    11.410    11517.5    -3857.4     5433.5      0.0      0.0      0.0 2018  1 21  1 34 57.60 -Inf   1
490  30.930901  110.785797    12.590    10888.5    -3411.1     6544.9      0.0      0.0      0.0 2018  1 21  1 55 13.84 -Inf   1
552  30.792400  110.449097     0.860   -20423.7   -19242.5    -4942.7      0.0      0.0      0.0 2018  1 21  3  9 39.18 -Inf   1
572  30.923401  110.744102     7.280     6725.6    -4313.4     1132.5      0.0      0.0      0.0 2018  1 21  5 10 17.58 -Inf   1
494  30.760099  111.178596     4.690    48466.4   -22347.7    -1355.1      0.0      0.0      0.0 2018  1 21  6 51 55.94 -Inf   1
498  30.771099  111.208504     4.310    51742.0   -21385.7    -1666.5      0.0      0.0      0.0 2018  1 21  7  1  8.25 -Inf   1
557  30.740400  111.203400     2.000    51719.9   -25007.6    -3802.7      0.0      0.0      0.0 2018  1 21  7  4 19.77 -Inf   1
575  30.886700  110.458801     7.660   -20542.0    -8382.5     1512.5      0.0      0.0      0.0 2018  1 21  7 24  1.18 -Inf   1
576  30.843700  111.137703     5.990    44356.9   -13149.7     -157.5      0.0      0.0      0.0 2018  1 21  9 36 55.05 -Inf   1
498  31.050800  110.458801     5.320   -20345.9     9882.0     -725.1      0.0      0.0      0.0 2018  1 21 11 41 56.11 -Inf   1
500  31.112600  110.038696    12.000   -60445.9    16733.7     5954.9      0.0      0.0      0.0 2018  1 21 13  7  0.26 -Inf   1
565  30.923500  110.766502    13.600     9921.3    -4707.6     7797.3      0.0      0.0      0.0 2018  1 21 16 10 39.64 -Inf   1
566  30.933599  110.793198    10.500    12471.6    -3587.9     4697.3      0.0      0.0      0.0 2018  1 21 16 44 16.76 -Inf   1
506  30.990700  110.776703     1.000    10434.5     2961.1    -4976.5      0.0      0.0      0.0 2018  1 21 20 49 55.00 -Inf   1
567  30.929399  110.782402    12.340    11440.3    -4053.5     6537.3      0.0      0.0      0.0 2018  1 21 21 21  2.72 -Inf   1
505  30.930401  110.792000    11.640    11481.2    -3466.5     5594.9      0.0      0.0      0.0 2018  1 21 21 27 46.84 -Inf   1
585  30.843500  111.139397     6.240    44518.9   -13172.0       92.5      0.0      0.0      0.0 2018  1 21 23 50 47.84 -Inf   1
570  30.924601  110.744598     5.980     7828.1    -4585.5      177.3      0.0      0.0      0.0 2018  1 22  1 16 56.38 -Inf   1
588  30.989000  109.956596     8.000   -68506.2     2959.5     1852.5      0.0      0.0      0.0 2018  1 22  4 28 15.92 -Inf   1
572  30.928400  110.784897    11.330    11678.8    -4164.3     5527.3      0.0      0.0      0.0 2018  1 22  4 31 25.22 -Inf   1
511  30.928499  110.782898    11.010    10611.6    -3677.4     4964.9      0.0      0.0      0.0 2018  1 22  4 37 38.28 -Inf   1
512  30.898500  110.437302     8.410   -22416.8    -7003.3     2364.9      0.0      0.0      0.0 2018  1 22  4 47 51.57 -Inf   1
575  31.016300  110.464996     1.000   -18881.4     5581.1    -4802.7      0.0      0.0      0.0 2018  1 22  4 56 38.94 -Inf   1
576  31.025499  110.458900     3.270   -19462.7     6601.0    -2532.7      0.0      0.0      0.0 2018  1 22  5  5  5.41 -Inf   1
593  31.021299  110.437500     5.770   -22562.3     6540.4     -377.5      0.0      0.0      0.0 2018  1 22  5 17 22.45 -Inf   1
594  30.925400  110.756203     5.880     7881.9    -4091.8     -267.5      0.0      0.0      0.0 2018  1 22  5 22  1.05 -Inf   1
579  30.773600  111.246300     2.000    55813.7   -21326.9    -3802.7      0.0      0.0      0.0 2018  1 22  6 44  5.23 -Inf   1
595  30.928499  110.784599    11.580    10595.3    -3748.2     5432.5      0.0      0.0      0.0 2018  1 22  6 47 27.28 -Inf   1
581  30.983900  110.799202     1.000    13042.0     1988.9    -4802.7      0.0      0.0      0.0 2018  1 22  6 54  3.00 -Inf   1
597  30.853500  111.130203     6.030    43637.7   -12063.2     -117.5      0.0      0.0      0.0 2018  1 22  7 23 10.79 -Inf   1
583  30.849001  111.142403     6.410    45859.8   -12967.2      607.3      0.0      0.0      0.0 2018  1 22  7 34 48.72 -Inf   1
584  30.932199  110.795998     9.880    12739.3    -3743.1     4077.3      0.0      0.0      0.0 2018  1 22  7 44 24.33 -Inf   1
522  30.980499  110.363998     6.930   -29410.2     2087.8      884.9      0.0      0.0      0.0 2018  1 22  9  3 15.89 -Inf   1
602  31.129000  110.000801     4.000   -64236.7    18481.1    -2147.5      0.0      0.0      0.0 2018  1 22  9 46 40.28 -Inf   1
527  30.934200  110.790100    11.160    11717.7    -3302.9     5183.5      0.0      0.0      0.0 2018  1 22 10 32 10.38 -Inf   1
528  30.934299  110.783401    12.350    11077.6    -3291.9     6373.5      0.0      0.0      0.0 2018  1 22 12 22 31.81 -Inf   1
529  30.927700  110.780800    11.840    10829.4    -4023.6     5863.5      0.0      0.0      0.0 2018  1 22 15 13  9.85 -Inf   1
589  30.932199  110.786697    11.930    11850.6    -3743.1     6127.3      0.0      0.0      0.0 2018  1 22 16 58 20.01 -Inf   1
607  31.025499  110.317802     6.360   -33994.2     7006.1      212.5      0.0      0.0      0.0 2018  1 22 17  1 29.82 -Inf   1
530  31.041901  110.450798     2.130   -21111.2     8895.3    -3915.1      0.0      0.0      0.0 2018  1 22 19 20 38.36 -Inf   1
610  30.934799  110.783897    12.230    10527.9    -3049.7     6082.5      0.0      0.0      0.0 2018  1 22 20 17 13.00 -Inf   1
535  31.050100  110.448097    11.090   -20949.8     9546.8     5113.5      0.0      0.0      0.0 2018  1 22 22  6  7.44 -Inf   1
595  31.091200  110.096100     1.000   -54094.9    13885.1    -4802.7      0.0      0.0      0.0 2018  1 22 23  3 47.14 -Inf   1
535  30.928499  110.781502    13.470    10478.2    -3677.4     7424.9      0.0      0.0      0.0 2018  1 23  1 41 21.38 -Inf   1
598  31.043400  110.456100     1.000   -19728.3     8585.6    -4802.7      0.0      0.0      0.0 2018  1 23  2 37 24.57 -Inf   1
537  31.038000  110.436996     8.780   -22429.7     8462.9     2734.9      0.0      0.0      0.0 2018  1 23  2 45 46.26 -Inf   1
542  30.763700  111.268898     4.000    57520.0   -22206.0    -1976.5      0.0      0.0      0.0 2018  1 23  3 17 47.94 -Inf   1
543  30.932800  110.764198     9.690     9242.7    -3458.1     3713.5      0.0      0.0      0.0 2018  1 23  4 11 14.87 -Inf   1
540  30.935499  110.763496    10.350     8757.3    -2901.3     4304.9      0.0      0.0      0.0 2018  1 23  4 18 46.89 -Inf   1
545  30.936399  110.763100    10.960     9137.6    -3059.1     4983.5      0.0      0.0      0.0 2018  1 23  4 21 38.88 -Inf   1
604  30.948099  110.761398     9.590     9432.4    -1980.3     3787.3      0.0      0.0      0.0 2018  1 23  5 56 57.81 -Inf   1
546  30.936501  110.766602    10.480     9472.2    -3047.9     4503.5      0.0      0.0      0.0 2018  1 23  6  6 20.51 -Inf   1
606  30.754101  111.200302     7.130    51420.0   -23488.7     1327.3      0.0      0.0      0.0 2018  1 23  6 11 34.97 -Inf   1
607  30.771500  111.181099     2.750    49578.9   -21559.7    -3052.7      0.0      0.0      0.0 2018  1 23  6 16  9.31 -Inf   1
549  30.846800  111.140900     5.960    45258.9   -12992.9      -16.5      0.0      0.0      0.0 2018  1 23  6 34 47.15 -Inf   1
546  30.803200  110.931099     3.770    24789.6   -17569.2    -2275.1      0.0      0.0      0.0 2018  1 23  6 55  3.53 -Inf   1
550  31.114300  110.121201     5.940   -52150.3    16664.5      -36.5      0.0      0.0      0.0 2018  1 23  6 57 22.91 -Inf   1
551  30.752501  110.856796     8.400    18107.9   -23447.8     2423.5      0.0      0.0      0.0 2018  1 23  7 17 35.14 -Inf   1
628  30.932600  110.765198     9.600     8741.1    -3293.5     3452.5      0.0      0.0      0.0 2018  1 23  8  8 49.46 -Inf   1
550  30.752100  110.865402     8.870    18512.5   -23234.6     2824.9      0.0      0.0      0.0 2018  1 23  9  4  8.40 -Inf   1
630  30.928600  110.787102    11.640    10834.4    -3737.0     5492.5      0.0      0.0      0.0 2018  1 23  9 21  9.22 -Inf   1
555  30.938299  110.774002    15.030    10179.2    -2848.5     9053.5      0.0      0.0      0.0 2018  1 23  9 51 52.45 -Inf   1
553  30.927500  110.758003     8.660     8232.7    -3788.2     2614.9      0.0      0.0      0.0 2018  1 23  9 52 30.61 -Inf   1
632  30.918699  110.756699     7.020     7929.5    -4834.7      872.5      0.0      0.0      0.0 2018  1 23  9 54 50.45 -Inf   1
633  30.933701  110.767197     9.470     8932.1    -3171.5     3322.5      0.0      0.0      0.0 2018  1 23  9 57  6.06 -Inf   1
634  30.934999  110.769402     9.450     9142.7    -3027.5     3302.5      0.0      0.0      0.0 2018  1 23  9 58 12.79 -Inf   1
554  30.917601  110.757599    10.670     8194.5    -4885.7     4624.9      0.0      0.0      0.0 2018  1 23 10  4 47.00 -Inf   1
559  30.940599  110.763000    10.800     9127.9    -2593.4     4823.5      0.0      0.0      0.0 2018  1 23 10  6 50.48 -Inf   1
637  30.936199  110.765900    10.040     8808.0    -2894.5     3892.5      0.0      0.0      0.0 2018  1 23 10 24 49.26 -Inf   1
560  30.935101  110.765503    11.130     9367.3    -3203.1     5153.5      0.0      0.0      0.0 2018  1 23 11  5 20.67 -Inf   1
620  30.937799  110.763100    10.880     9595.4    -3122.2     5077.3      0.0      0.0      0.0 2018  1 23 11 18 24.63 -Inf   1
558  31.065599  110.207497     6.790   -44341.7    11522.8      744.9      0.0      0.0      0.0 2018  1 23 11 41 11.78 -Inf   1
641  30.938900  110.760696    10.140     8310.7    -2595.1     3992.5      0.0      0.0      0.0 2018  1 23 12  5  0.08 -Inf   1
623  30.859100  110.771500     9.060    10402.3   -11847.5     3257.3      0.0      0.0      0.0 2018  1 23 13 22  4.63 -Inf   1
624  30.934099  110.762497    11.020     9538.0    -3532.5     5217.3      0.0      0.0      0.0 2018  1 23 13 50 13.92 -Inf   1
562  30.939600  110.762703    10.290     8681.3    -2446.6     4244.9      0.0      0.0      0.0 2018  1 23 13 51 18.34 -Inf   1
567  30.930500  110.782303    12.560    10972.9    -3713.1     6583.5      0.0      0.0      0.0 2018  1 23 14  6 38.60 -Inf   1
564  30.966999  110.760201    12.860     8441.0      591.1     6814.9      0.0      0.0      0.0 2018  1 23 14 47  7.34 -Inf   1
647  30.935301  110.765198     9.380     8741.0    -2994.1     3232.5      0.0      0.0      0.0 2018  1 23 14 57 24.48 -Inf   1
565  30.936001  110.764099    10.200     8814.8    -2845.7     4154.9      0.0      0.0      0.0 2018  1 23 15  9 59.72 -Inf   1
570  30.925301  110.760696    10.980     8908.5    -4289.6     5003.5      0.0      0.0      0.0 2018  1 23 17 13 22.30 -Inf   1
632  30.987200  110.775597     1.000    10786.8     2354.8    -4802.7      0.0      0.0      0.0 2018  1 23 18 28 39.16 -Inf   1
651  30.934099  110.764603     9.560     8684.2    -3127.3     3412.5      0.0      0.0      0.0 2018  1 23 20 15 33.82 -Inf   1
634  31.159800  110.217201     7.430   -42517.4    21490.7     1627.3      0.0      0.0      0.0 2018  1 23 20 40 47.38 -Inf   1
570  30.931299  110.759697    10.250     8394.4    -3366.9     4204.9      0.0      0.0      0.0 2018  1 23 22 10 51.96 -Inf   1
656  30.860399  110.774399    11.090     9623.9   -11298.4     4942.5      0.0      0.0      0.0 2018  1 24  0 37 55.51 -Inf   1
657  30.850901  111.132500     5.740    43857.8   -12351.5     -407.5      0.0      0.0      0.0 2018  1 24  1 58  8.73 -Inf   1
658  30.932501  110.762604    11.090     8493.2    -3304.5     4942.5      0.0      0.0      0.0 2018  1 24  2  1 46.74 -Inf   1
578  30.937401  110.766602     9.460     9472.2    -2948.1     3483.5      0.0      0.0      0.0 2018  1 24  2  3 53.16 -Inf   1
575  30.929600  110.784500    11.250    10764.6    -3555.4     5204.9      0.0      0.0      0.0 2018  1 24  2 35 49.82 -Inf   1
641  30.928499  110.788498    11.500    12022.9    -4153.3     5697.3      0.0      0.0      0.0 2018  1 24  2 58  8.60 -Inf   1
576  31.134800  110.013802     8.000   -62815.3    19195.0     1954.9      0.0      0.0      0.0 2018  1 24  3 42 43.18 -Inf   1
581  30.932699  110.763000    10.330     9128.3    -3469.3     4353.5      0.0      0.0      0.0 2018  1 24  3 52 38.41 -Inf   1
582  30.933500  110.783897    12.160    11125.1    -3380.5     6183.5      0.0      0.0      0.0 2018  1 24  5 29 55.00 -Inf   1
579  30.931101  110.792503    10.890    11529.3    -3388.9     4844.9      0.0      0.0      0.0 2018  1 24  5 30 11.17 -Inf   1
645  30.933800  110.787201    11.810    11898.6    -3565.7     6007.3      0.0      0.0      0.0 2018  1 24  5 31 41.10 -Inf   1
666  30.858000  110.775398    11.140     9719.6   -11564.4     4992.5      0.0      0.0      0.0 2018  1 24  5 54 41.13 -Inf   1
647  30.934999  110.790802    11.480    12242.6    -3432.6     5677.3      0.0      0.0      0.0 2018  1 24  5 55 17.98 -Inf   1
587  30.970900  109.951797     8.000   -68373.4      765.9     2023.5      0.0      0.0      0.0 2018  1 24  8 10 51.04 -Inf   1
588  30.875200  111.130699     6.280    44277.2    -9844.2      303.5      0.0      0.0      0.0 2018  1 24  8 40 51.61 -Inf   1
649  30.856100  110.769302     9.310    10192.4   -12180.1     3507.3      0.0      0.0      0.0 2018  1 24 10 37 53.11 -Inf   1
671  30.933300  110.790199    10.230    11130.1    -3215.9     4082.5      0.0      0.0      0.0 2018  1 24 11 33 49.30 -Inf   1
585  30.954100  110.759804    12.010     8403.6     -839.1     5964.9      0.0      0.0      0.0 2018  1 24 13 10 38.14 -Inf   1
652  30.861799  110.777603     9.610    10985.6   -11548.3     3807.3      0.0      0.0      0.0 2018  1 24 15 37 13.63 -Inf   1
592  31.032200  110.460098     5.080   -19805.6     7562.2     -896.5      0.0      0.0      0.0 2018  1 24 17 59 10.40 -Inf   1
654  30.858900  110.775398     9.550    10775.0   -11869.7     3747.3      0.0      0.0      0.0 2018  1 24 18  4 28.10 -Inf   1
656  30.932600  110.786499    12.950    11831.6    -3698.7     7147.3      0.0      0.0      0.0 2018  1 24 18 43  4.60 -Inf   1
590  31.042200  110.444397     8.740   -21722.5     8928.5     2694.9      0.0      0.0      0.0 2018  1 24 18 55 19.68 -Inf   1
658  30.930099  110.787697    11.720    11946.2    -3975.9     5917.3      0.0      0.0      0.0 2018  1 24 19 16 25.32 -Inf   1
659  31.034000  110.452301     6.070   -20092.1     7543.5      267.3      0.0      0.0      0.0 2018  1 24 19 41 57.76 -Inf   1
599  30.863800  110.774498     9.880    10230.6   -11108.1     3903.5      0.0      0.0      0.0 2018  1 24 20 43  3.18 -Inf   1
685  31.033701  110.444000     5.330   -21940.0     7915.4     -817.5      0.0      0.0      0.0 2018  1 24 22 45  9.80 -Inf   1
686  31.040800  110.452202     4.090   -21155.9     8702.5    -2057.5      0.0      0.0      0.0 2018  1 24 23 38 46.14 -Inf   1
666  30.931999  110.785896    12.040    11774.1    -3765.3     6237.3      0.0      0.0      0.0 2018  1 25  0  9  9.50 -Inf   1
598  30.932501  110.768600    11.130     9245.1    -3233.7     5084.9      0.0      0.0      0.0 2018  1 25  0 52 32.84 -Inf   1
668  30.856600  110.776001    12.240    10832.7   -12124.7     6437.3      0.0      0.0      0.0 2018  1 25  1 52 54.25 -Inf   1
690  30.866800  110.783699     9.230    10512.6   -10588.7     3082.5      0.0      0.0      0.0 2018  1 25  2 55 42.95 -Inf   1
605  30.801201  111.240196     8.250    54764.4   -18048.4     2273.5      0.0      0.0      0.0 2018  1 25  6 21 43.85 -Inf   1
670  31.042601  110.454399     9.140   -19890.8     8497.0     3337.3      0.0      0.0      0.0 2018  1 25  6 35  5.66 -Inf   1
602  30.832701  111.145897     5.880    45321.9   -14298.4     -165.1      0.0      0.0      0.0 2018  1 25  7 31 46.02 -Inf   1
672  30.853500  111.136902     6.280    45332.9   -12468.4      477.3      0.0      0.0      0.0 2018  1 25  9 41 45.37 -Inf   1
673  30.955299  109.967697    12.000   -66401.2    -1182.0     6197.3      0.0      0.0      0.0 2018  1 25  9 56 27.95 -Inf   1
676  30.927299  110.786598     7.860    11841.4    -4286.3     2057.3      0.0      0.0      0.0 2018  1 25 14 46 49.98 -Inf   1
700  30.855499  110.781998     8.860    10350.6   -11841.6     2712.5      0.0      0.0      0.0 2018  1 25 15 12 13.21 -Inf   1
701  30.860399  110.781502     9.990    10302.9   -11298.4     3842.5      0.0      0.0      0.0 2018  1 25 15 15 41.83 -Inf   1
612  30.779699  110.763702     9.210     9202.6   -20432.2     3233.5      0.0      0.0      0.0 2018  1 25 17 26 54.96 -Inf   1
608  31.034000  110.453499     7.810   -20854.1     8019.4     1764.9      0.0      0.0      0.0 2018  1 25 18 19 47.86 -Inf   1
704  30.931000  110.794403    10.640    11532.0    -3471.0     4492.5      0.0      0.0      0.0 2018  1 26  0 50 48.44 -Inf   1
682  30.869400  111.103302     6.380    42117.5   -10705.6      577.3      0.0      0.0      0.0 2018  1 26  3  8 56.80 -Inf   1
615  31.039400  110.437698    10.020   -21944.1     8360.5     4043.5      0.0      0.0      0.0 2018  1 26  3 54 51.49 -Inf   1
684  30.932301  110.767998    10.110    10063.7    -3731.9     4307.3      0.0      0.0      0.0 2018  1 26  3 59 49.67 -Inf   1
612  30.923401  110.776497    12.220    10000.2    -4242.6     6174.9      0.0      0.0      0.0 2018  1 26  4 54 47.96 -Inf   1
686  31.046600  110.447800     7.830   -20520.6     8940.4     2027.3      0.0      0.0      0.0 2018  1 26  5 28 17.07 -Inf   1
619  30.862600  110.776299    11.040    10402.8   -11241.1     5063.5      0.0      0.0      0.0 2018  1 26  5 55 33.53 -Inf   1
620  30.859400  110.767097    10.290     9523.4   -11595.9     4313.5      0.0      0.0      0.0 2018  1 26  6 21  2.64 -Inf   1
616  30.848600  111.140999     6.340    44849.9   -12535.7      294.9      0.0      0.0      0.0 2018  1 26  6 22  4.50 -Inf   1
617  30.856899  111.132698     6.970    44054.5   -11615.6      924.9      0.0      0.0      0.0 2018  1 26  7 20  2.55 -Inf   1
691  30.933701  110.793701    11.530    12519.7    -3576.6     5727.3      0.0      0.0      0.0 2018  1 26  7 46 16.97 -Inf   1
692  31.172600  110.337196     3.350   -31062.7    22909.9    -2452.7      0.0      0.0      0.0 2018  1 26  8  3 52.24 -Inf   1
693  31.143900  110.388000     1.000   -26218.1    19727.9    -4802.7      0.0      0.0      0.0 2018  1 26  8  9 59.24 -Inf   1
719  31.168501  110.326202     8.190   -33167.2    22860.5     2042.5      0.0      0.0      0.0 2018  1 26  8 15 14.09 -Inf   1
720  31.136900  110.354301     4.240   -30490.5    19357.0    -1907.5      0.0      0.0      0.0 2018  1 26  8 23  9.55 -Inf   1
695  31.159500  110.358299     1.000   -29050.7    21457.5    -4802.7      0.0      0.0      0.0 2018  1 26  8 31 37.56 -Inf   1
722  30.933800  110.797096    10.550    11789.1    -3160.5     4402.5      0.0      0.0      0.0 2018  1 26 10  1 17.37 -Inf   1
723  30.924700  110.781303    13.470    10280.5    -4169.4     7322.5      0.0      0.0      0.0 2018  1 26 11 41 12.25 -Inf   1
699  30.855600  110.777901    11.990    11014.4   -12235.5     6187.3      0.0      0.0      0.0 2018  1 26 12 48 33.15 -Inf   1
725  31.036600  110.447899     3.210   -21567.3     8236.8    -2937.5      0.0      0.0      0.0 2018  1 26 13  9 44.59 -Inf   1
726  30.932400  110.789398    11.570    11053.6    -3315.8     5422.5      0.0      0.0      0.0 2018  1 26 13 56 54.89 -Inf   1
727  31.117800  110.229500     5.200   -42407.7    17239.3     -947.5      0.0      0.0      0.0 2018  1 26 14 56 22.99 -Inf   1
728  31.047800  110.432800     6.010   -23008.0     9478.6     -137.5      0.0      0.0      0.0 2018  1 26 15  5 55.08 -Inf   1
627  30.931801  110.784698    12.160    10783.5    -3311.3     6114.9      0.0      0.0      0.0 2018  1 26 15 32 12.82 -Inf   1
632  31.044201  110.434303     5.480   -22267.8     8892.8     -496.5      0.0      0.0      0.0 2018  1 26 16 43 15.28 -Inf   1
706  31.101999  110.223602     4.100   -41919.1    15082.5    -1702.7      0.0      0.0      0.0 2018  1 26 16 53 57.20 -Inf   1
633  30.930401  110.786400    12.670    11364.4    -3724.1     6693.5      0.0      0.0      0.0 2018  1 26 17 32 38.68 -Inf   1
709  31.215900  110.953102    10.000    27710.5    27710.6     4197.3      0.0      0.0      0.0 2018  1 26 17 50 39.60 -Inf   1
736  31.043301  110.435402     7.870   -22760.1     8979.7     1722.5      0.0      0.0      0.0 2018  1 26 18  3 58.82 -Inf   1
737  30.932100  110.790001    11.540    11111.2    -3349.0     5392.5      0.0      0.0      0.0 2018  1 26 18  9 19.34 -Inf   1
637  31.133101  110.250900     4.330   -39764.5    18749.0    -1646.5      0.0      0.0      0.0 2018  1 26 18 18 52.90 -Inf   1
713  30.934401  110.789101    11.760    12080.1    -3499.0     5957.3      0.0      0.0      0.0 2018  1 26 18 48  1.62 -Inf   1
740  30.932400  110.792503    10.730    11350.3    -3315.8     4582.5      0.0      0.0      0.0 2018  1 26 18 49 52.48 -Inf   1
715  30.938299  110.772003     9.570    10446.2    -3066.8     3767.3      0.0      0.0      0.0 2018  1 26 20  6  8.90 -Inf   1
742  30.930901  110.796097    10.310    11693.8    -3482.0     4162.5      0.0      0.0      0.0 2018  1 26 20 51 58.36 -Inf   1
743  30.933399  110.803703    11.490    12420.5    -3204.9     5342.5      0.0      0.0      0.0 2018  1 26 21 26 35.36 -Inf   1
744  30.934799  110.793098    11.080    11407.1    -3049.7     4932.5      0.0      0.0      0.0 2018  1 26 21 32 35.94 -Inf   1
745  30.867901  110.784599     8.600    10598.6   -10466.7     2452.5      0.0      0.0      0.0 2018  1 27  0 27 34.38 -Inf   1
720  30.936800  110.769402    10.760    10197.6    -3233.0     4957.3      0.0      0.0      0.0 2018  1 27  0 37 48.10 -Inf   1
641  30.940800  110.781403     8.810    10468.0    -2313.6     2764.9      0.0      0.0      0.0 2018  1 27  1 25 50.26 -Inf   1
645  31.032200  110.443001     5.300   -21438.5     7562.2     -676.5      0.0      0.0      0.0 2018  1 27  2 57 53.44 -Inf   1
749  31.031500  110.441704     5.470   -22159.6     7671.4     -677.5      0.0      0.0      0.0 2018  1 27  3  0 25.75 -Inf   1
644  31.061800  110.359497     2.000   -29827.6    11101.5    -4045.1      0.0      0.0      0.0 2018  1 27  4 15 15.08 -Inf   1
647  31.065701  110.459396    13.820   -19869.2    11276.4     7843.5      0.0      0.0      0.0 2018  1 27  4 41 15.54 -Inf   1
725  31.045601  110.445396     1.440   -20750.3     8829.6    -4362.7      0.0      0.0      0.0 2018  1 27  5 35 52.54 -Inf   1
647  30.849800  111.139900     5.450    44744.6   -12402.7     -595.1      0.0      0.0      0.0 2018  1 27  5 38 31.66 -Inf   1
753  31.027901  110.445000     6.450   -21845.2     7272.3      302.5      0.0      0.0      0.0 2018  1 27  8 16 23.11 -Inf   1
754  30.930201  110.800697     9.200    12133.5    -3559.6     3052.5      0.0      0.0      0.0 2018  1 27  8 45  3.53 -Inf   1
652  30.933001  110.805397    11.370    13179.5    -3435.9     5393.5      0.0      0.0      0.0 2018  1 27 10 30 59.83 -Inf   1
756  30.858400  110.784599     8.330    10599.1   -11520.0     2182.5      0.0      0.0      0.0 2018  1 27 13 20  8.86 -Inf   1
733  31.026400  110.179199     6.870   -46176.4     6700.8     1067.3      0.0      0.0      0.0 2018  1 27 15 10 51.21 -Inf   1
652  31.037100  110.448303     6.500   -21350.0     8363.1      454.9      0.0      0.0      0.0 2018  1 27 20 26  0.58 -Inf   1
736  30.924299  110.782303     8.530    11431.1    -4619.0     2727.3      0.0      0.0      0.0 2018  1 27 21 47 16.68 -Inf   1
760  31.062000  110.349998     9.250   -30913.2    11052.9     3102.5      0.0      0.0      0.0 2018  1 27 22 58 16.70 -Inf   1
761  31.021000  110.445900     4.690   -21760.0     6507.2    -1457.5      0.0      0.0      0.0 2018  1 27 23 51 58.58 -Inf   1
739  30.913000  110.742798     4.710     7656.5    -5871.7    -1092.7      0.0      0.0      0.0 2018  1 28  2 25 30.14 -Inf   1
656  30.872000  111.119202     6.370    42761.0    -9941.4      324.9      0.0      0.0      0.0 2018  1 28  4 57 12.33 -Inf   1
741  30.870701  111.120697     8.010    43779.9   -10561.4     2207.3      0.0      0.0      0.0 2018  1 28  5 18 55.86 -Inf   1
658  30.805599  110.769699    11.660     9774.8   -17560.8     5683.5      0.0      0.0      0.0 2018  1 28  5 43 35.77 -Inf   1
743  30.992001  109.956703     8.000   -67438.7     2887.0     2197.3      0.0      0.0      0.0 2018  1 28  9 42 20.94 -Inf   1
768  30.952101  109.997902    10.000   -64572.7    -1131.5     3852.5      0.0      0.0      0.0 2018  1 28 10 10 47.60 -Inf   1
661  31.035999  110.447800     7.730   -21398.2     8241.0     1684.9      0.0      0.0      0.0 2018  1 28 10 57 53.34 -Inf   1
662  31.102800  110.219200     4.740   -43215.8    15647.2    -1305.1      0.0      0.0      0.0 2018  1 28 21 24 43.58 -Inf   1
747  31.070499  110.445396     3.430   -20747.6    11590.1    -2372.7      0.0      0.0      0.0 2018  1 28 22 14 31.10 -Inf   1
775  31.246500  110.950996    10.570    26452.2    31508.2     4422.5      0.0      0.0      0.0 2018  1 28 22 47 46.88 -Inf   1
751  30.847200  111.140999     6.310    45726.0   -13166.8      507.3      0.0      0.0      0.0 2018  1 29  1 23 55.91 -Inf   1
778  30.845301  111.140602     5.260    44633.7   -12972.3     -887.5      0.0      0.0      0.0 2018  1 29  2  3 24.84 -Inf   1
753  30.873600  111.099998     5.880    41800.8   -10239.9       77.3      0.0      0.0      0.0 2018  1 29  6 28 55.52 -Inf   1
781  30.861900  110.784302     9.280    10570.5   -11131.9     3132.5      0.0      0.0      0.0 2018  1 29  9  4  5.74 -Inf   1
782  31.125500  110.020897     6.000   -62319.5    18093.0     -147.5      0.0      0.0      0.0 2018  1 29  9 34 39.65 -Inf   1
783  30.877300  110.786201    12.980    10751.2    -9424.6     6832.5      0.0      0.0      0.0 2018  1 29  9 48  9.75 -Inf   1
667  30.850100  111.133400     6.770    44123.2   -12369.5      724.9      0.0      0.0      0.0 2018  1 29 10 15 33.75 -Inf   1
672  31.183100  110.352898     1.000   -30020.4    24292.3    -4976.5      0.0      0.0      0.0 2018  1 29 12 56  7.35 -Inf   1
673  31.042200  110.439903     6.930   -21733.2     8670.9      953.5      0.0      0.0      0.0 2018  1 29 13  3 30.89 -Inf   1
670  31.042500  110.444199     4.700   -21741.4     8961.7    -1345.1      0.0      0.0      0.0 2018  1 29 13  9 31.06 -Inf   1
762  30.937300  110.768700     5.150    10130.5    -3177.6     -652.7      0.0      0.0      0.0 2018  1 29 17 28 45.08 -Inf   1
764  30.857901  110.447899     1.000   -20531.2   -11980.5    -4802.7      0.0      0.0      0.0 2018  1 29 20 33 43.92 -Inf   1
678  30.818800  110.687798    10.520     1943.3   -16097.2     4543.5      0.0      0.0      0.0 2018  1 30  0 23 56.72 -Inf   1
673  30.846201  111.140297     6.580    44783.4   -12801.7      534.9      0.0      0.0      0.0 2018  1 30  0 35 38.26 -Inf   1
794  30.991501  109.965401     6.000   -67664.3     3236.7     -147.5      0.0      0.0      0.0 2018  1 30  4 21 49.56 -Inf   1
674  31.126900  110.296898     4.270   -35793.3    18319.1    -1775.1      0.0      0.0      0.0 2018  1 30  4 53 46.18 -Inf   1
768  31.033501  110.453697     3.650   -19958.8     7488.1    -2152.7      0.0      0.0      0.0 2018  1 30  5 36 23.19 -Inf   1
676  30.853901  111.138603     7.390    44619.7   -11948.0     1344.9      0.0      0.0      0.0 2018  1 30  9 14 43.89 -Inf   1
799  30.931900  110.798599     7.980    11932.9    -3371.2     1832.5      0.0      0.0      0.0 2018  1 30 20 35 45.72 -Inf   1
800  30.848301  111.137199     6.030    44307.7   -12639.7     -117.5      0.0      0.0      0.0 2018  1 31  1  4 56.70 -Inf   1
801  31.016399  110.459999     4.760   -20413.8     5997.2    -1387.5      0.0      0.0      0.0 2018  1 31  2 52 25.78 -Inf   1
680  31.246500  110.341103     4.270   -31553.8    31579.0    -1775.1      0.0      0.0      0.0 2018  1 31  4 11  5.81 -Inf   1
775  31.051901  110.428101    13.450   -22401.3     9528.1     7647.3      0.0      0.0      0.0 2018  1 31  4 36 44.85 -Inf   1
687  30.906500  110.742996     7.300     7217.7    -6374.0     1323.5      0.0      0.0      0.0 2018  1 31  5 32 33.95 -Inf   1
689  31.223000  110.933296    10.940    25362.8    28716.0     4963.5      0.0      0.0      0.0 2018  1 31  8  9 46.00 -Inf   1
779  31.224899  110.950699     8.740    27479.9    28708.2     2937.3      0.0      0.0      0.0 2018  1 31  9 26 18.92 -Inf   1
808  30.936399  110.773499     8.480     9534.1    -2872.3     2332.5      0.0      0.0      0.0 2018  1 31 16 14 12.77 -Inf   1
686  30.939400  110.772499    11.320     9617.3    -2468.8     5274.9      0.0      0.0      0.0 2018  1 31 16 16  3.96 -Inf   1
811  30.936600  110.774101     8.880     9591.7    -2850.1     2732.5      0.0      0.0      0.0 2018  1 31 17 14 58.80 -Inf   1
812  31.100201  110.181503     2.830   -46994.0    15288.1    -3317.5      0.0      0.0      0.0 2018  1 31 18 30 14.56 -Inf   1
813  31.038601  110.454102     4.540   -20974.7     8458.7    -1607.5      0.0      0.0      0.0 2018  1 31 19 36 43.34 -Inf   1
814  30.943001  110.778198     8.890     9982.8    -2140.4     2742.5      0.0      0.0      0.0 2018  1 31 22  6 10.96 -Inf   1
697  30.845800  111.136497     5.220    44838.3   -13103.7     -756.5      0.0      0.0      0.0 2018  2  1  2 39 39.84 -Inf   1
698  31.157400  110.363098     3.040   -29050.8    21443.0    -2936.5      0.0      0.0      0.0 2018  2  1  5 41  4.96 -Inf   1
818  30.844400  111.133003     2.340    43907.4   -13072.1    -3807.5      0.0      0.0      0.0 2018  2  1  9 27 50.61 -Inf   1
694  30.782301  110.773003    11.370     9673.3   -19886.2     5324.9      0.0      0.0      0.0 2018  2  1 18 27 30.20 -Inf   1
821  31.032101  110.446899     4.640   -21663.3     7738.0    -1507.5      0.0      0.0      0.0 2018  2  1 20 18 37.24 -Inf   1
792  31.044901  110.445801    10.590   -20711.7     8752.0     4787.3      0.0      0.0      0.0 2018  2  1 20 20 23.20 -Inf   1
697  31.036600  110.443703     6.930   -21789.4     8307.7      884.9      0.0      0.0      0.0 2018  2  1 22 15 40.30 -Inf   1
826  30.789801  110.765297    11.240     8757.0   -19125.6     5092.5      0.0      0.0      0.0 2018  2  1 22 37 43.44 -Inf   1
827  31.083000  110.190804     4.800   -46110.2    13381.1    -1347.5      0.0      0.0      0.0 2018  2  1 23 31 21.28 -Inf   1
828  30.782101  110.772903    11.580     9484.8   -19979.2     5432.5      0.0      0.0      0.0 2018  2  1 23 49 49.08 -Inf   1
701  31.061899  110.224297     3.550   -42738.3    11112.5    -2495.1      0.0      0.0      0.0 2018  2  2  0 15 21.40 -Inf   1
702  30.851299  111.131302     5.760    43922.3   -12236.4     -285.1      0.0      0.0      0.0 2018  2  2  0 16 43.27 -Inf   1
703  31.039700  110.439003     8.340   -22237.9     8651.3     2294.9      0.0      0.0      0.0 2018  2  2  1 31 48.79 -Inf   1
802  31.110800  110.061501    10.000   -57392.5    16058.2     4197.3      0.0      0.0      0.0 2018  2  2  3 12 22.56 -Inf   1
803  31.146200  110.814201    13.680    14462.7    19983.0     7877.3      0.0      0.0      0.0 2018  2  2  3 44 43.87 -Inf   1
805  30.857100  111.132103     6.240    44873.3   -12069.3      437.3      0.0      0.0      0.0 2018  2  2  4 54 27.11 -Inf   1
806  31.010799  110.471397     1.000   -18270.5     4971.2    -4802.7      0.0      0.0      0.0 2018  2  2  5 29 39.28 -Inf   1
718  30.853201  111.139999     5.880    45171.3   -12283.2      -96.5      0.0      0.0      0.0 2018  2  2  6  0 19.08 -Inf   1
711  30.891600  111.038200     7.630    35014.8    -7768.4     1584.9      0.0      0.0      0.0 2018  2  2  7 28 18.39 -Inf   1
809  30.977800  109.956703     4.000   -67443.7     1312.7    -1802.7      0.0      0.0      0.0 2018  2  2  7 56  7.19 -Inf   1
840  31.120100  110.024101     2.000   -62015.3    17494.4    -4147.5      0.0      0.0      0.0 2018  2  2  8  8 18.22 -Inf   1
713  30.906401  110.754402    13.230     7889.5    -6127.4     7184.9      0.0      0.0      0.0 2018  2  2  8  9 16.19 -Inf   1
811  31.249701  110.335403     1.000   -31221.3    31457.9    -4802.7      0.0      0.0      0.0 2018  2  2  8 29 53.94 -Inf   1
843  30.970200  109.959396     4.000   -68245.4      875.1    -2147.5      0.0      0.0      0.0 2018  2  2  8 56  2.62 -Inf   1
813  31.143299  110.824203     7.110    15417.6    19661.3     1307.3      0.0      0.0      0.0 2018  2  2  8 57  0.55 -Inf   1
844  30.853300  111.127899     5.840    43417.5   -12085.4     -307.5      0.0      0.0      0.0 2018  2  2  9 20  8.76 -Inf   1
815  30.983299  109.970497     6.000   -66124.0     1922.3      197.3      0.0      0.0      0.0 2018  2  2  9 52  4.19 -Inf   1
847  31.026800  110.326302     7.150   -33182.2     7150.3     1002.5      0.0      0.0      0.0 2018  2  2 14 26 53.74 -Inf   1
726  31.038099  110.450600     8.870   -20712.1     8216.3     2893.5      0.0      0.0      0.0 2018  2  2 14 32 35.71 -Inf   1
818  31.075800  110.188202     3.470   -45305.0    12177.8    -2332.7      0.0      0.0      0.0 2018  2  2 20 31 40.16 -Inf   1
819  30.843901  111.143204     4.990    45937.6   -13532.7     -812.7      0.0      0.0      0.0 2018  2  3  2  4 10.79 -Inf   1
820  31.081900  110.181900     1.640   -45905.2    12854.0    -4162.7      0.0      0.0      0.0 2018  2  3  3 18 25.00 -Inf   1
852  30.847300  111.137398     6.870    44326.9   -12750.7      722.5      0.0      0.0      0.0 2018  2  3  5 39 45.14 -Inf   1
723  30.974100  110.789299     1.710    11220.6     1378.3    -4335.1      0.0      0.0      0.0 2018  2  3  6  9  6.21 -Inf   1
724  31.042400  110.448196     6.400   -21359.6     8950.7      354.9      0.0      0.0      0.0 2018  2  3  6 54 45.92 -Inf   1
824  31.236799  110.332901     1.000   -31462.1    30027.6    -4802.7      0.0      0.0      0.0 2018  2  3  8  0  3.64 -Inf   1
735  31.040600  110.456200    10.950   -20177.1     8493.5     4973.5      0.0      0.0      0.0 2018  2  3 13 57  4.33 -Inf   1
829  30.776600  110.770500    10.330    10311.2   -20994.2     4527.3      0.0      0.0      0.0 2018  2  3 15 13 58.42 -Inf   1
830  30.938299  110.772903     8.930    10532.2    -3066.8     3127.3      0.0      0.0      0.0 2018  2  3 17  7 56.80 -Inf   1
729  31.063900  110.189301     5.460   -46079.7    11334.4     -585.1      0.0      0.0      0.0 2018  2  4  0 49 49.61 -Inf   1
730  30.854200  111.138397     5.580    44599.9   -11914.8     -465.1      0.0      0.0      0.0 2018  2  4  1 44  8.82 -Inf   1
862  30.849899  111.131302     5.980    43743.6   -12462.5     -167.5      0.0      0.0      0.0 2018  2  4  1 46  1.42 -Inf   1
732  30.892099  111.038200     5.550    35014.7    -7713.0     -495.1      0.0      0.0      0.0 2018  2  4  2 47 36.43 -Inf   1
733  31.041901  110.459602     8.100   -20270.3     8895.3     2054.9      0.0      0.0      0.0 2018  2  4  3 17 46.32 -Inf   1
742  31.102900  110.116600     7.580   -52592.6    15400.6     1603.5      0.0      0.0      0.0 2018  2  4  6 12 49.52 -Inf   1
865  30.892401  111.036003     5.430    34625.6    -7750.4     -717.5      0.0      0.0      0.0 2018  2  4  6 37 50.43 -Inf   1
866  30.785900  111.239403     4.000    54095.6   -19558.0    -2147.5      0.0      0.0      0.0 2018  2  4  7  0 29.70 -Inf   1
745  30.856001  111.126404     6.120    43871.0   -11972.8      143.5      0.0      0.0      0.0 2018  2  4  8 47 17.48 -Inf   1
869  31.072599  110.173401     7.560   -47774.4    12228.0     1412.5      0.0      0.0      0.0 2018  2  4 10 24 12.96 -Inf   1
870  30.934500  110.766602    10.280     8875.2    -3082.9     4132.5      0.0      0.0      0.0 2018  2  4 16 45 16.50 -Inf   1
871  30.929501  110.761902    11.940     8426.3    -3637.2     5792.5      0.0      0.0      0.0 2018  2  4 16 47 20.65 -Inf   1
844  30.931999  110.764999    11.130     9777.2    -3765.3     5327.3      0.0      0.0      0.0 2018  2  4 16 48 20.98 -Inf   1
873  31.035101  110.441803     4.800   -22149.7     8070.6    -1347.5      0.0      0.0      0.0 2018  2  4 17 52 38.00 -Inf   1
874  30.937599  110.768600     9.380     9066.0    -2739.3     3232.5      0.0      0.0      0.0 2018  2  4 18 12  4.94 -Inf   1
875  30.955999  110.840302     2.360    15915.8     -699.3    -3787.5      0.0      0.0      0.0 2018  2  4 18 24 29.00 -Inf   1
743  30.853399  111.137100     5.900    44476.1   -12003.6     -145.1      0.0      0.0      0.0 2018  2  5  1 25 13.10 -Inf   1
877  31.039900  110.459099     9.100   -20497.3     8602.7     2952.5      0.0      0.0      0.0 2018  2  5  2 58 27.26 -Inf   1
878  30.938200  110.372101     6.150   -28821.1    -2672.7        2.5      0.0      0.0      0.0 2018  2  5  4 20 14.45 -Inf   1
756  30.855000  111.131699     6.140    44377.4   -12083.8      163.5      0.0      0.0      0.0 2018  2  5  4 45 11.91 -Inf   1
880  30.946301  110.855003     4.920    17321.4    -1774.6    -1227.5      0.0      0.0      0.0 2018  2  5  6 46 50.03 -Inf   1
748  30.951300  110.853104     7.610    17318.3    -1149.5     1564.9      0.0      0.0      0.0 2018  2  5  6 54 57.13 -Inf   1
882  30.931299  110.767799    11.990     8989.8    -3437.8     5842.5      0.0      0.0      0.0 2018  2  5  8 16 48.88 -Inf   1
883  31.055500  110.196701     6.690   -45553.6    10332.2      542.5      0.0      0.0      0.0 2018  2  5  8 32 38.10 -Inf   1
884  31.229601  110.957802    10.220    27103.9    29634.6     4072.5      0.0      0.0      0.0 2018  2  5 10 47 43.54 -Inf   1
888  30.934401  110.771004     9.420     9295.8    -3093.9     3272.5      0.0      0.0      0.0 2018  2  5 12 52 45.66 -Inf   1
763  30.934700  110.766899     9.900     9500.7    -3247.5     3923.5      0.0      0.0      0.0 2018  2  5 12 56 40.06 -Inf   1
859  30.926600  110.793701    17.220    12520.2    -4363.9    11417.2      0.0      0.0      0.0 2018  2  5 14 16 19.13 -Inf   1
861  31.031200  110.442902     4.830   -20990.1     7233.1     -972.7      0.0      0.0      0.0 2018  2  5 14 21 56.33 -Inf   1
892  30.937500  110.768097    10.810     9017.9    -2750.3     4662.5      0.0      0.0      0.0 2018  2  5 14 22 51.33 -Inf   1
863  30.938900  110.765198    12.700     9795.9    -3000.2     6897.3      0.0      0.0      0.0 2018  2  5 14 53 57.06 -Inf   1
895  31.113800  110.260201     4.330   -39477.7    16795.9    -1817.5      0.0      0.0      0.0 2018  2  5 17 55 44.16 -Inf   1
770  30.928900  110.764297    11.010     9252.4    -3890.6     5033.5      0.0      0.0      0.0 2018  2  5 18 22 23.32 -Inf   1
771  31.035601  110.447601     4.470   -20998.8     7939.3    -1506.5      0.0      0.0      0.0 2018  2  5 20 38 16.10 -Inf   1
900  31.225000  110.945099    10.880    25892.5    29124.6     4732.5      0.0      0.0      0.0 2018  2  5 22 30 53.44 -Inf   1
871  31.079800  110.190399     1.660   -45094.2    12621.2    -4142.7      0.0      0.0      0.0 2018  2  5 23 13  1.42 -Inf   1
773  31.178200  110.219803     3.730   -42722.9    23749.1    -2246.5      0.0      0.0      0.0 2018  2  9  1  4 12.52 -Inf   1
903  31.057199  110.216400     5.070   -43672.0    10520.7    -1077.5      0.0      0.0      0.0 2018  2  9  1 19 45.87 -Inf   1
904  31.083900  110.818703    12.090    13843.0    13481.0     5942.5      0.0      0.0      0.0 2018  2  9  7 11  1.57 -Inf   1
905  31.073000  110.215897    13.350   -43716.5    12272.4     7202.5      0.0      0.0      0.0 2018  2  9 17 15 31.42 -Inf   1
766  31.030100  110.454597     5.020   -20749.6     7587.0    -1025.1      0.0      0.0      0.0 2018  2  9 17 50 27.32 -Inf   1
767  31.106300  110.232697     2.000   -41926.5    16035.2    -4045.1      0.0      0.0      0.0 2018  2 10  1 22 52.13 -Inf   1
768  31.080700  110.191200     1.870   -45894.3    13196.9    -4175.1      0.0      0.0      0.0 2018  2 10 14 14 32.72 -Inf   1
881  31.041401  110.439201     8.100   -21342.4     8364.0     2297.3      0.0      0.0      0.0 2018  2 10 18 41 59.34 -Inf   1
912  31.032900  110.447098     1.840   -21644.2     7826.6    -4307.5      0.0      0.0      0.0 2018  2 10 18 45  2.42 -Inf   1
883  31.094101  110.071899     2.000   -56404.6    14206.8    -3802.7      0.0      0.0      0.0 2018  2 10 22 14  1.76 -Inf   1
884  31.038401  110.444099     4.130   -20874.9     8031.3    -1672.7      0.0      0.0      0.0 2018  2 10 22 40 26.40 -Inf   1
885  31.088600  110.097298     1.000   -53981.3    13596.9    -4802.7      0.0      0.0      0.0 2018  2 11  2  1 55.31 -Inf   1
917  31.043501  110.447502     9.070   -21604.4     9001.9     2922.5      0.0      0.0      0.0 2018  2 11  2 10 41.86 -Inf   1
888  31.045200  110.439903     6.170   -21274.9     8785.2      367.3      0.0      0.0      0.0 2018  2 11 10 28 49.91 -Inf   1
919  31.036100  110.450897     5.060   -21281.0     8181.4    -1087.5      0.0      0.0      0.0 2018  2 11 13  5 44.99 -Inf   1
791  31.040899  110.461800    11.890   -19642.2     8526.7     5913.5      0.0      0.0      0.0 2018  2 11 16 33 43.07 -Inf   1
890  31.070700  110.130798     7.290   -50787.4    11612.3     1487.3      0.0      0.0      0.0 2018  2 11 17 47 51.92 -Inf   1
780  31.075399  110.177696     4.330   -47185.0    12609.3    -1715.1      0.0      0.0      0.0 2018  2 12 18 57 32.18 -Inf   1
894  31.153799  110.217201     2.100   -42518.7    20825.4    -3702.7      0.0      0.0      0.0 2018  2 13  1 12 14.09 -Inf   1
782  30.932800  110.773399     0.940     9703.7    -3200.5    -5105.1      0.0      0.0      0.0 2018  2 13  6 34 39.51 -Inf   1
897  30.955400  110.263603     8.780   -38129.2    -1170.8     2977.3      0.0      0.0      0.0 2018  2 13 18  4 49.74 -Inf   1
898  31.044800  110.444504     6.530   -20835.6     8740.8      727.3      0.0      0.0      0.0 2018  2 13 18 15 24.96 -Inf   1
934  30.956100  110.263199     7.990   -39223.5     -688.1     1842.5      0.0      0.0      0.0 2018  2 13 19 12  7.90 -Inf   1
901  30.948500  110.267097    10.500   -37796.7    -1935.9     4697.3      0.0      0.0      0.0 2018  2 13 19 15 13.22 -Inf   1
936  31.060699  110.185699     5.070   -46602.9    10908.7    -1077.5      0.0      0.0      0.0 2018  2 13 21 22  8.14 -Inf   1
938  31.102301  110.058098    10.000   -58775.3    15521.0     3852.5      0.0      0.0      0.0 2018  2 13 22 15 36.04 -Inf   1
904  31.056601  110.447502     4.370   -20548.0    10049.1    -1432.7      0.0      0.0      0.0 2018  2 14  2 57 31.50 -Inf   1
905  30.962999  110.440804     5.110   -21198.0     -328.3     -692.7      0.0      0.0      0.0 2018  2 14  6  7 49.49 -Inf   1
906  30.990700  110.166702     1.600   -47378.8     2742.8    -4202.7      0.0      0.0      0.0 2018  2 14  7 53 45.04 -Inf   1
907  30.962700  110.442596     6.270   -21026.7     -361.5      467.3      0.0      0.0      0.0 2018  2 14 12 31 35.73 -Inf   1
807  30.936001  110.770500    10.130     9844.8    -3103.3     4153.5      0.0      0.0      0.0 2018  2 14 12 42  6.78 -Inf   1
794  31.044500  110.444199     8.230   -21741.1     9183.5     2184.9      0.0      0.0      0.0 2018  2 14 13 36 18.56 -Inf   1
809  30.781500  110.768700    10.290     9680.4   -20232.6     4313.5      0.0      0.0      0.0 2018  2 14 18 26 25.68 -Inf   1
810  30.954700  110.266296    11.290   -38330.4    -1030.1     5313.5      0.0      0.0      0.0 2018  2 14 19 56 12.12 -Inf   1
812  30.958900  110.263901     9.070   -38558.4     -564.4     3093.5      0.0      0.0      0.0 2018  2 14 20 18 14.20 -Inf   1
949  30.958799  110.265198     8.850   -39032.0     -388.9     2702.5      0.0      0.0      0.0 2018  2 14 20 30 41.92 -Inf   1
950  30.958900  110.265404     9.500   -39012.3     -377.6     3352.5      0.0      0.0      0.0 2018  2 14 20 34 53.36 -Inf   1
918  30.958200  110.262199     7.100   -38262.7     -860.4     1297.3      0.0      0.0      0.0 2018  2 14 20 37 33.32 -Inf   1
919  31.044001  110.434601     5.810   -21781.4     8652.2        7.3      0.0      0.0      0.0 2018  2 14 21  7 23.08 -Inf   1
920  30.901600  110.512703     7.980   -14333.3    -7135.6     2177.3      0.0      0.0      0.0 2018  2 14 23  2  1.78 -Inf   1
956  31.048300  110.445602     9.200   -21785.3     9534.0     3052.5      0.0      0.0      0.0 2018  2 15  0 39 35.59 -Inf   1
809  31.083799  110.368797     4.280   -28936.2    13540.6    -1765.1      0.0      0.0      0.0 2018  2 15 11 31 40.61 -Inf   1
927  31.099300  110.248596     2.120   -39533.4    14783.2    -3682.7      0.0      0.0      0.0 2018  2 15 17 53 46.52 -Inf   1
812  31.044300  110.452003     7.840   -20995.8     9161.3     1794.9      0.0      0.0      0.0 2018  2 15 19 50 47.08 -Inf   1
929  31.055099  110.181000     6.490   -45997.6     9882.7      687.3      0.0      0.0      0.0 2018  2 15 20 35 26.64 -Inf   1
813  31.044300  110.448601     4.940   -21320.8     9161.3    -1105.1      0.0      0.0      0.0 2018  2 15 20 47  6.92 -Inf   1
967  31.028700  110.455902    10.510   -20803.8     7360.9     4362.5      0.0      0.0      0.0 2018  2 15 21 18 38.72 -Inf   1
828  31.043400  110.450401     7.270   -20730.5     8803.9     1293.5      0.0      0.0      0.0 2018  2 15 22  0 35.86 -Inf   1
933  31.036699  110.528000     9.670   -12862.3     7842.7     3867.3      0.0      0.0      0.0 2018  2 15 23 21 50.24 -Inf   1
816  31.041000  110.450302     4.880   -21158.6     8795.5    -1165.1      0.0      0.0      0.0 2018  2 15 23 41 11.30 -Inf   1
831  30.939400  110.763199    11.580     9146.9    -2726.4     5603.5      0.0      0.0      0.0 2018  2 16  0 46 16.02 -Inf   1
819  31.039900  110.452003     8.460   -20996.3     8673.5     2414.9      0.0      0.0      0.0 2018  2 16  3 18 13.37 -Inf   1
974  30.943701  110.748703     7.170     7164.5    -2062.8     1022.5      0.0      0.0      0.0 2018  2 16  4 51 16.92 -Inf   1
834  31.079300  110.182800     1.790   -46278.1    12784.1    -4186.5      0.0      0.0      0.0 2018  2 16  5 19 43.73 -Inf   1
939  31.072599  110.168999     4.880   -47139.3    11822.9     -922.7      0.0      0.0      0.0 2018  2 16  5 58 52.51 -Inf   1
823  30.932600  110.767097     9.600     9101.5    -3222.7     3554.9      0.0      0.0      0.0 2018  2 16  7 37 50.98 -Inf   1
941  31.032700  110.453796     4.610   -19949.4     7399.3    -1192.7      0.0      0.0      0.0 2018  2 16 11  2 55.60 -Inf   1
943  31.040800  110.457802    12.230   -19566.0     8297.4     6427.3      0.0      0.0      0.0 2018  2 16 20 11 16.54 -Inf   1
944  31.100700  110.241203     0.590   -40239.0    14938.4    -5212.7      0.0      0.0      0.0 2018  2 16 22 32 44.20 -Inf   1
945  31.121901  110.301498     1.000   -34478.7    17288.9    -4802.7      0.0      0.0      0.0 2018  2 17  5 30 42.48 -Inf   1
839  30.919800  110.776100    10.920    10380.7    -4899.5     4943.5      0.0      0.0      0.0 2018  2 17  9  6 18.42 -Inf   1
829  31.042500  110.447701     1.890   -21406.9     8961.7    -4155.1      0.0      0.0      0.0 2018  2 17 12 40  9.77 -Inf   1
842  31.079201  110.136597     4.530   -50689.8    12773.1    -1446.5      0.0      0.0      0.0 2018  2 17 17 26  2.46 -Inf   1
987  31.080000  110.184601     5.240   -46703.1    13048.5     -907.5      0.0      0.0      0.0 2018  2 17 19 33 53.02 -Inf   1
832  31.146601  110.403702     3.870   -25595.1    20503.3    -2175.1      0.0      0.0      0.0 2018  2 17 23  1 43.84 -Inf   1
990  31.064600  110.129898     7.340   -51930.5    11341.1     1192.5      0.0      0.0      0.0 2018  2 18 10 14 36.86 -Inf   1
991  30.802099  110.779503    10.340    10114.9   -17762.0     4192.5      0.0      0.0      0.0 2018  2 18 12 22  3.87 -Inf   1
849  31.048100  110.446899    10.390   -21064.4     9325.0     4413.5      0.0      0.0      0.0 2018  2 18 13 11  0.51 -Inf   1
960  30.937401  110.770500     9.900    10302.6    -3166.4     4097.3      0.0      0.0      0.0 2018  2 18 16 33 56.31 -Inf   1
839  31.042999  110.449402     6.730   -21244.4     9017.1      684.9      0.0      0.0      0.0 2018  2 18 19 34  0.32 -Inf   1
856  31.042801  110.431297     8.130   -22555.0     8737.5     2153.5      0.0      0.0      0.0 2018  2 19  2  8  3.40 -Inf   1
965  30.773600  110.763000     8.480     9594.1   -21326.9     2677.3      0.0      0.0      0.0 2018  2 19  3 38 58.50 -Inf   1
841  30.773800  110.765404    11.490     8947.0   -20828.7     5444.9      0.0      0.0      0.0 2018  2 19  9 21 50.01 -Inf   1
968  30.929001  110.759499    10.840     9251.8    -4097.7     5037.3      0.0      0.0      0.0 2018  2 19  9 43 29.19 -Inf   1
969  30.931400  110.762802    11.180     9567.3    -3831.7     5377.3      0.0      0.0      0.0 2018  2 19  9 44  1.78 -Inf   1
844  30.936899  110.760902    11.220     8509.3    -2746.1     5174.9      0.0      0.0      0.0 2018  2 19  9 49  7.94 -Inf   1
971  30.933701  110.766998     9.970     9968.2    -3576.6     4167.3      0.0      0.0      0.0 2018  2 19  9 50 51.20 -Inf   1
863  30.936300  110.759499    10.230     8793.5    -3070.1     4253.5      0.0      0.0      0.0 2018  2 19  9 52  2.36 -Inf   1
1005  31.107700  110.239098     1.020   -41493.6    16119.6    -5127.5      0.0      0.0      0.0 2018  2 19 12 37 22.94 -Inf   1
1006  30.928301  110.759003    11.110     8149.3    -3770.2     4962.5      0.0      0.0      0.0 2018  2 19 13 10 37.75 -Inf   1
1007  31.044500  110.449699     8.000   -21394.5     9112.7     1852.5      0.0      0.0      0.0 2018  2 19 14 17 27.96 -Inf   1
867  31.130699  110.295799     1.000   -35479.1    18482.7    -4976.5      0.0      0.0      0.0 2018  2 20  1 59 26.46 -Inf   1
868  31.078699  110.186798     5.060   -45896.5    12717.5     -916.5      0.0      0.0      0.0 2018  2 20  7 24 42.78 -Inf   1
869  30.773300  110.764297    11.800     9259.8   -21141.7     5823.5      0.0      0.0      0.0 2018  2 20  7 50 51.67 -Inf   1
982  31.035200  110.456596     4.810   -19681.7     7676.5     -992.7      0.0      0.0      0.0 2018  2 20 12  6 24.88 -Inf   1
1014  30.937901  110.766403     5.160     8856.0    -2705.9     -987.5      0.0      0.0      0.0 2018  2 20 12 12 21.74 -Inf   1
855  31.045500  110.453300     6.540   -20871.8     9294.3      494.9      0.0      0.0      0.0 2018  2 20 12 31 38.34 -Inf   1
873  31.033501  110.453796     7.700   -20407.3     7706.4     1723.5      0.0      0.0      0.0 2018  2 20 15  4 40.18 -Inf   1
987  30.941099  110.776604    17.480    10885.6    -2756.4    11677.2      0.0      0.0      0.0 2018  2 20 17 19 50.82 -Inf   1
876  30.937700  110.774597    11.400    10236.1    -2914.9     5423.5      0.0      0.0      0.0 2018  2 20 18 22  2.48 -Inf   1
990  30.938000  110.776497     9.060    10875.6    -3100.0     3257.3      0.0      0.0      0.0 2018  2 20 18 29 35.78 -Inf   1
1020  30.942699  110.781700     8.730    10317.5    -2173.8     2582.5      0.0      0.0      0.0 2018  2 20 18 54 34.76 -Inf   1
992  31.034100  110.511703     4.860   -14418.9     7554.5     -942.7      0.0      0.0      0.0 2018  2 20 19  7 57.28 -Inf   1
1022  30.940300  110.775597     9.080     9734.4    -2439.9     2932.5      0.0      0.0      0.0 2018  2 20 19 40  5.32 -Inf   1
863  30.937000  110.770798    10.170     9454.9    -2734.9     4124.9      0.0      0.0      0.0 2018  2 20 20 50 43.38 -Inf   1
997  30.939100  110.773804     9.930    10618.2    -2978.0     4127.3      0.0      0.0      0.0 2018  2 20 22 14 30.34 -Inf   1
1000  31.082500  110.417297     4.670   -23429.2    12920.6    -1132.7      0.0      0.0      0.0 2018  2 23  9 11 52.75 -Inf   1
866  31.031000  110.443001     6.590   -21857.1     7686.8      544.9      0.0      0.0      0.0 2018  2 23  9 14 25.31 -Inf   1
886  31.038500  110.441597     8.740   -21571.9     8260.7     2763.5      0.0      0.0      0.0 2018  2 23  9 27 31.57 -Inf   1
887  30.766600  110.711403     9.260     4201.4   -21884.6     3283.5      0.0      0.0      0.0 2018  2 23 11 28 12.95 -Inf   1
870  31.029100  110.459602     3.000   -20271.7     7476.2    -3045.1      0.0      0.0      0.0 2018  2 23 14 38 49.19 -Inf   1
889  30.869301  110.247200     7.940   -40172.7   -10498.2     1963.5      0.0      0.0      0.0 2018  2 23 16  8 16.52 -Inf   1
872  31.062300  110.135201     7.790   -51246.2    11156.9     1744.9      0.0      0.0      0.0 2018  2 23 18 39 59.60 -Inf   1
1009  30.966900  110.474602     7.670   -17968.5      104.1     1867.3      0.0      0.0      0.0 2018  2 23 21  6 39.50 -Inf   1
1011  30.931900  110.786598    11.530    11841.1    -3776.3     5727.3      0.0      0.0      0.0 2018  2 24  3  0 25.08 -Inf   1
1012  30.938900  110.768097    10.160    10072.9    -3000.2     4357.3      0.0      0.0      0.0 2018  2 24 18 44 54.54 -Inf   1
1044  30.933500  110.763603     9.310     8588.7    -3193.7     3162.5      0.0      0.0      0.0 2018  2 24 18 46 27.86 -Inf   1
1046  30.938299  110.766403    11.120     8856.0    -2661.7     4972.5      0.0      0.0      0.0 2018  2 24 20 40 54.48 -Inf   1
1014  31.067301  110.147400     4.340   -49203.1    11235.5    -1462.7      0.0      0.0      0.0 2018  2 24 20 41 26.50 -Inf   1
878  30.936800  110.761101    11.210     8528.3    -2757.1     5164.9      0.0      0.0      0.0 2018  2 24 21  3  0.82 -Inf   1
1016  30.933701  110.764000    10.570     9681.7    -3576.6     4767.3      0.0      0.0      0.0 2018  2 24 21 11  1.80 -Inf   1
1017  31.138700  110.286201    10.180   -35935.8    19151.5     4377.3      0.0      0.0      0.0 2018  2 24 21 56 53.60 -Inf   1
900  30.939400  110.764397    10.330     9261.4    -2726.4     4353.5      0.0      0.0      0.0 2018  2 24 23 42 58.48 -Inf   1
883  30.938900  110.767799    10.070     9168.3    -2524.3     4024.9      0.0      0.0      0.0 2018  2 24 23 46 31.40 -Inf   1
1054  30.936199  110.764099    10.730     8636.0    -2894.5     4582.5      0.0      0.0      0.0 2018  2 24 23 47  8.80 -Inf   1
904  30.941700  110.762001    11.420     9032.4    -2471.4     5443.5      0.0      0.0      0.0 2018  2 24 23 50 58.88 -Inf   1
1024  30.941999  110.764198    10.980     9700.2    -2656.6     5177.3      0.0      0.0      0.0 2018  2 24 23 52 11.56 -Inf   1
1058  30.937599  110.760201    11.650     8263.4    -2739.3     5502.5      0.0      0.0      0.0 2018  2 24 23 56 21.58 -Inf   1
1059  30.938000  110.761101    11.310     8349.4    -2694.9     5162.5      0.0      0.0      0.0 2018  2 25  0  6 57.23 -Inf   1
890  30.937599  110.765198    10.430     8919.8    -2668.5     4384.9      0.0      0.0      0.0 2018  2 25  0 28  8.75 -Inf   1
1061  30.936701  110.764702    11.070     8693.5    -2838.9     4922.5      0.0      0.0      0.0 2018  2 25  0 30 42.83 -Inf   1
1062  30.936300  110.767601    10.460     8970.6    -2883.3     4312.5      0.0      0.0      0.0 2018  2 25  0 34 51.74 -Inf   1
1063  30.890301  110.150398     1.000     2725.1     1732.2    -1440.0      0.0      0.0      0.0 2018  2 25  1 51 13.13 -Inf   2
1031  30.882500  110.124001     1.000   -51486.8    -9253.2    -4802.7      0.0      0.0      0.0 2018  2 25  2 34 39.80 -Inf   1
1032  30.950899  110.489197    10.210   -16575.5    -1669.9     4407.3      0.0      0.0      0.0 2018  2 25  2 43 12.85 -Inf   1
1033  30.874500  110.133202     1.000   -50609.4   -10140.1    -4802.7      0.0      0.0      0.0 2018  2 25  3  7 25.00 -Inf   1
1035  31.022900  110.466003     7.590   -18784.5     6312.8     1787.3      0.0      0.0      0.0 2018  2 25  6 19 22.39 -Inf   1
898  30.931999  110.765297    10.170     8929.5    -3289.3     4124.9      0.0      0.0      0.0 2018  2 25  7 30 57.81 -Inf   1
1069  30.921101  110.769600     8.010     9162.3    -4568.5     1862.5      0.0      0.0      0.0 2018  2 25  7 32 58.11 -Inf   1
1070  30.935900  110.781601     8.020    10308.4    -2927.7     1872.5      0.0      0.0      0.0 2018  2 25  7 50 20.18 -Inf   1
1040  30.939199  110.764801    10.460     9757.9    -2967.0     4657.3      0.0      0.0      0.0 2018  2 25  8  0 22.93 -Inf   1
902  30.861601  111.124298     5.980    43250.5   -11094.3      -65.1      0.0      0.0      0.0 2018  2 25  8 15 47.08 -Inf   1
1042  30.937500  110.766899    11.120     9958.5    -3155.4     5317.3      0.0      0.0      0.0 2018  2 25 11 26 17.27 -Inf   1
904  31.105700  110.289703     6.050   -36484.1    15968.6        4.9      0.0      0.0      0.0 2018  2 25 11 35 44.87 -Inf   1
1077  31.086901  110.455002     8.210   -20883.5    13813.6     2062.5      0.0      0.0      0.0 2018  2 25 11 51  9.29 -Inf   1
906  30.933399  110.767403    10.160     9130.6    -3134.1     4114.9      0.0      0.0      0.0 2018  2 25 11 54 54.72 -Inf   1
923  30.937500  110.762398    11.520     9070.5    -2937.1     5543.5      0.0      0.0      0.0 2018  2 25 13 19 31.06 -Inf   1
908  30.935600  110.762398    10.590     8652.3    -2890.1     4544.9      0.0      0.0      0.0 2018  2 25 14  9 20.45 -Inf   1
1049  31.044901  110.458504     1.000   -19498.6     8752.0    -4802.7      0.0      0.0      0.0 2018  2 25 16 48  9.47 -Inf   1
1085  31.044500  110.445396     4.960   -21805.4     9112.7    -1187.5      0.0      0.0      0.0 2018  2 25 18 54 15.96 -Inf   1
1086  31.184799  110.541397     3.620   -12628.0    24667.5    -2527.5      0.0      0.0      0.0 2018  2 25 19  1 51.92 -Inf   1
1087  31.086800  110.357903     5.320   -30154.6    13802.4     -827.5      0.0      0.0      0.0 2018  2 25 20 35 32.90 -Inf   1
928  30.853399  111.134499     6.170    44645.4   -12261.2      193.5      0.0      0.0      0.0 2018  2 26  6 18 33.37 -Inf   1
1055  31.083900  110.457802     0.060   -19561.7    13075.9    -5742.7      0.0      0.0      0.0 2018  2 26  6 50 30.63 -Inf   1
914  30.854601  111.128899     7.210    43691.8   -11870.4     1164.9      0.0      0.0      0.0 2018  2 26  6 51 24.91 -Inf   1
1057  31.020599  110.434898     8.700   -21755.6     6057.7     2897.3      0.0      0.0      0.0 2018  2 26  7 12 38.60 -Inf   1
1058  31.041500  110.436096     9.310   -21638.9     8375.0     3507.3      0.0      0.0      0.0 2018  2 26  8  2 48.50 -Inf   1
933  30.978500  110.467796    10.140   -19075.7     1608.6     4163.5      0.0      0.0      0.0 2018  2 26 15 11 17.69 -Inf   1
1094  30.780899  110.764099     9.320     8642.9   -20112.5     3172.5      0.0      0.0      0.0 2018  2 26 16  3 30.53 -Inf   1
1098  30.798000  110.774300     9.800     9617.5   -18216.5     3652.5      0.0      0.0      0.0 2018  2 26 17  2 41.06 -Inf   1
1064  31.173599  110.335800     1.000   -31195.8    23020.7    -4802.7      0.0      0.0      0.0 2018  2 26 17 52  6.28 -Inf   1
937  31.030100  110.444298     8.090   -21314.9     7329.4     2113.5      0.0      0.0      0.0 2018  2 26 19 28  1.76 -Inf   1
938  30.774500  110.768204    13.200     9633.4   -21008.7     7223.5      0.0      0.0      0.0 2018  2 26 20 29 33.40 -Inf   1
1070  30.986300  110.464500     1.000   -18931.7     2254.9    -4802.7      0.0      0.0      0.0 2018  2 26 20 56 52.00 -Inf   1
923  31.136999  110.233200     1.350   -41871.7    19438.8    -4695.1      0.0      0.0      0.0 2018  2 26 21 16 10.20 -Inf   1
1072  31.121901  110.302101     1.000   -34421.2    17288.9    -4802.7      0.0      0.0      0.0 2018  2 26 22 22 51.80 -Inf   1
1073  31.125401  110.306999     1.000   -33953.0    17676.9    -4802.7      0.0      0.0      0.0 2018  2 26 22 29  0.56 -Inf   1
1074  30.856899  111.129799     6.000    44653.1   -12091.5      197.3      0.0      0.0      0.0 2018  2 27  2  9 15.64 -Inf   1
927  31.139900  110.242401     6.510   -40992.8    19760.4      464.9      0.0      0.0      0.0 2018  2 27  3  5 54.70 -Inf   1
1111  30.823200  110.921997     5.290    23737.8   -15422.6     -857.5      0.0      0.0      0.0 2018  2 27  5 25 54.33 -Inf   1
1076  30.861799  111.133499     5.910    45005.7   -11548.3      107.3      0.0      0.0      0.0 2018  2 27  5 53  2.60 -Inf   1
946  30.964600  110.471603     4.600   -18713.3       67.4    -1376.5      0.0      0.0      0.0 2018  2 27  6 58 33.56 -Inf   1
1078  30.951099  110.465698     4.370   -18820.7    -1647.7    -1432.7      0.0      0.0      0.0 2018  2 27  7 14 43.55 -Inf   1
1082  30.853500  111.131699     6.440    44835.5   -12468.4      637.3      0.0      0.0      0.0 2018  2 27  9 13  2.20 -Inf   1
933  31.087799  110.451302     6.070   -21058.1    13984.0       24.9      0.0      0.0      0.0 2018  2 27 11  8 18.61 -Inf   1
934  31.018000  110.187500     5.980   -46262.6     6245.4      -65.1      0.0      0.0      0.0 2018  2 27 13 21 44.33 -Inf   1
1119  30.934299  110.760597    10.470     8301.4    -3105.1     4322.5      0.0      0.0      0.0 2018  2 27 13 29 56.92 -Inf   1
1121  30.931700  110.760300    10.980     8273.1    -3393.4     4832.5      0.0      0.0      0.0 2018  2 27 13 34 36.47 -Inf   1
1122  30.933001  110.758598    11.230     8110.5    -3249.1     5082.5      0.0      0.0      0.0 2018  2 27 13 36 10.17 -Inf   1
939  30.934401  110.760201    10.880     8442.4    -3023.1     4834.9      0.0      0.0      0.0 2018  2 27 13 38 39.30 -Inf   1
1090  31.076099  110.123398     6.480   -51492.6    12211.0      677.3      0.0      0.0      0.0 2018  2 27 15 20 31.29 -Inf   1
1092  30.932100  110.760696    11.270     9366.1    -3754.1     5467.3      0.0      0.0      0.0 2018  2 27 16 32 36.06 -Inf   1
1130  30.930401  110.762703    10.760     8502.8    -3537.4     4612.5      0.0      0.0      0.0 2018  2 27 16 33 17.55 -Inf   1
1096  30.931400  110.762398    10.550     9528.7    -3831.7     4747.3      0.0      0.0      0.0 2018  2 27 16 39 24.94 -Inf   1
1097  30.930700  110.763901    11.120     9672.3    -3909.3     5317.3      0.0      0.0      0.0 2018  2 27 16 41 49.34 -Inf   1
1134  30.935200  110.759903    10.960     8235.0    -3005.3     4812.5      0.0      0.0      0.0 2018  2 27 16 50 21.61 -Inf   1
1099  30.934200  110.764000    10.710     9681.6    -3521.2     4907.3      0.0      0.0      0.0 2018  2 27 16 53  8.91 -Inf   1
1136  30.938601  110.760696    10.790     8310.7    -2628.3     4642.5      0.0      0.0      0.0 2018  2 27 16 55  8.99 -Inf   1
1102  30.931601  110.761398    11.100     9433.2    -3809.5     5297.3      0.0      0.0      0.0 2018  2 27 17 48 31.68 -Inf   1
950  31.039801  110.451797     7.930   -21015.9     8662.5     1884.9      0.0      0.0      0.0 2018  2 27 18 10 53.48 -Inf   1
1140  30.922199  110.782997     7.690    10442.5    -4446.7     1542.5      0.0      0.0      0.0 2018  2 27 18 22 40.56 -Inf   1
1141  31.018900  110.186096     6.080   -46575.1     6274.4      -67.5      0.0      0.0      0.0 2018  2 27 19  3 27.76 -Inf   1
953  30.959999  110.475304     6.810   -18778.8     -185.0      764.9      0.0      0.0      0.0 2018  2 27 19 19 44.06 -Inf   1
1145  30.965401  110.473503     5.410   -19129.1      343.0     -737.5      0.0      0.0      0.0 2018  2 27 21 26 38.36 -Inf   1
1109  30.961700  110.473801     6.710   -18045.5     -472.3      907.3      0.0      0.0      0.0 2018  2 27 21 31 11.46 -Inf   1
1147  31.046600  110.436096     5.130   -22693.4     9345.5    -1017.5      0.0      0.0      0.0 2018  2 27 21 38 57.44 -Inf   1
958  31.080099  110.180000     3.640   -46963.8    13130.3    -2405.1      0.0      0.0      0.0 2018  2 27 21 48 48.44 -Inf   1
1113  30.951700  110.469704     7.650   -18437.9    -1581.0     1847.3      0.0      0.0      0.0 2018  2 27 21 59 10.60 -Inf   1
1114  30.780100  110.760902     9.370     9393.1   -20606.2     3567.3      0.0      0.0      0.0 2018  2 27 23 27 17.88 -Inf   1
960  30.953699  110.472504     7.200   -19046.9     -883.5     1154.9      0.0      0.0      0.0 2018  2 27 23 45 31.66 -Inf   1
977  30.971600  110.470001     2.030   -18865.7      843.5    -3946.5      0.0      0.0      0.0 2018  2 28  0 18 15.92 -Inf   1
1160  30.958900  110.470703     6.220   -19397.2     -377.6       72.5      0.0      0.0      0.0 2018  2 28  2 16 30.90 -Inf   1
963  30.968399  110.480400     1.000   -18291.1      746.3    -5045.1      0.0      0.0      0.0 2018  2 28  2 19 16.41 -Inf   1
964  30.851400  111.144699     6.800    45203.0   -12225.2      754.9      0.0      0.0      0.0 2018  2 28  3 23  9.15 -Inf   1
1122  30.963301  110.467697     5.810   -18628.5     -294.9        7.3      0.0      0.0      0.0 2018  2 28  4 19  7.83 -Inf   1
1165  30.858601  111.126900     6.120    43320.8   -11497.8      -27.5      0.0      0.0      0.0 2018  2 28  7 20 30.20 -Inf   1
982  31.025499  110.452103    10.400   -20569.9     6819.3     4423.5      0.0      0.0      0.0 2018  2 28  7 24 54.82 -Inf   1
1126  30.948601  110.471497     7.860   -18266.9    -1924.7     2057.3      0.0      0.0      0.0 2018  2 28  7 45 43.97 -Inf   1
971  30.946800  110.463600     9.200   -19898.3    -1648.4     3154.9      0.0      0.0      0.0 2018  2 28  7 53 38.25 -Inf   1
1171  30.961599  110.467903     4.220   -19664.5      -78.4    -1927.5      0.0      0.0      0.0 2018  2 28  8 13 12.08 -Inf   1
1172  31.019800  110.804604    10.750    12500.9     6374.2     4602.5      0.0      0.0      0.0 2018  2 28  8 28 28.59 -Inf   1
988  31.046900  110.445702     5.100   -21179.0     9192.0     -876.5      0.0      0.0      0.0 2018  2 28  9  7 26.41 -Inf   1
1174  30.853001  111.140701     6.210    44641.4   -12118.6       62.5      0.0      0.0      0.0 2018  2 28  9 17 40.20 -Inf   1
990  31.041300  110.443901     9.390   -21351.5     8571.1     3413.5      0.0      0.0      0.0 2018  2 28  9 45  6.86 -Inf   1
1136  31.041401  110.448502     1.630   -20454.2     8364.0    -4172.7      0.0      0.0      0.0 2018  2 28 10 11 39.06 -Inf   1
991  30.964399  110.479401     7.210   -17968.4       45.2     1233.5      0.0      0.0      0.0 2018  2 28 10 43 52.64 -Inf   1
1139  30.962000  110.468498     6.310   -18552.1     -439.1      507.3      0.0      0.0      0.0 2018  2 28 11  6 44.56 -Inf   1
1140  30.967100  110.476700     5.720   -17768.1      126.3      -82.7      0.0      0.0      0.0 2018  2 28 11  8 49.13 -Inf   1
981  31.075800  110.164101     1.810   -48483.1    12653.7    -4235.1      0.0      0.0      0.0 2018  2 28 12 13 33.06 -Inf   1
982  31.160700  110.483002     1.210   -18024.5    22066.4    -4835.1      0.0      0.0      0.0 2018  2 28 15 51 50.92 -Inf   1
1183  31.077101  110.346199     1.000   -31273.6    12727.1    -5147.5      0.0      0.0      0.0 2018  2 28 16 52 23.50 -Inf   1
1145  31.022200  110.183899     6.070   -45728.6     6235.2      267.3      0.0      0.0      0.0 2018  2 28 18 12  4.04 -Inf   1
995  31.092300  110.356201     6.430   -29719.2    14225.5      453.5      0.0      0.0      0.0 2018  2 28 18 38 49.36 -Inf   1
1188  30.915300  110.768997     7.060     9105.0    -5211.5      912.5      0.0      0.0      0.0 2018  2 28 19 18 43.12 -Inf   1
1148  30.962999  110.481003     7.420   -17357.3     -328.3     1617.3      0.0      0.0      0.0 2018  2 28 19 50 29.16 -Inf   1
1191  30.906200  110.503197     6.670   -16297.1    -6220.4      522.5      0.0      0.0      0.0 2018  2 28 21  4  3.56 -Inf   1
1151  30.959801  110.472298     7.120   -18189.3     -682.9     1317.3      0.0      0.0      0.0 2018  2 28 21 13  8.96 -Inf   1
1193  30.963400  110.474197     6.840   -19062.9      121.2      692.5      0.0      0.0      0.0 2018  2 28 21 33 40.36 -Inf   1
1194  30.965300  110.475403     6.220   -18947.6      331.8       72.5      0.0      0.0      0.0 2018  2 28 22 23 42.32 -Inf   1
1000  31.092501  110.431000     7.900   -22577.6    14247.7     1923.5      0.0      0.0      0.0 2018  3  1  1 54  5.90 -Inf   1
1001  31.092199  110.408997    10.580   -24678.4    14214.3     4603.5      0.0      0.0      0.0 2018  3  1  2 14 28.69 -Inf   1
1002  31.227501  110.030296     1.000   -60792.7    29215.0    -4976.5      0.0      0.0      0.0 2018  3  1  4 24  4.43 -Inf   1
992  30.854099  111.131104     6.290    43902.7   -11926.0      244.9      0.0      0.0      0.0 2018  3  1  4 59 50.53 -Inf   1
993  30.931700  110.761200    11.620     8538.0    -3322.5     5574.9      0.0      0.0      0.0 2018  3  1 12  5 50.50 -Inf   1
1162  30.935900  110.763802    10.740     9662.6    -3332.8     4937.3      0.0      0.0      0.0 2018  3  1 12  6 17.02 -Inf   1
1007  30.935400  110.756500    10.910     8507.0    -3169.9     4933.5      0.0      0.0      0.0 2018  3  1 12  7 57.12 -Inf   1
995  30.929199  110.763100    10.180     8719.7    -3599.8     4134.9      0.0      0.0      0.0 2018  3  1 12  8  2.18 -Inf   1
1008  30.954399  110.472397     7.640   -18638.5    -1063.5     1663.5      0.0      0.0      0.0 2018  3  1 12 15  1.41 -Inf   1
1165  30.931200  110.764000    10.300     9681.8    -3853.9     4497.3      0.0      0.0      0.0 2018  3  1 12 17 17.13 -Inf   1
1010  30.997101  110.455803     2.350   -20219.5     3670.8    -3626.5      0.0      0.0      0.0 2018  3  1 12 25 53.62 -Inf   1
1209  30.934900  110.763199    11.170     8550.0    -3038.5     5022.5      0.0      0.0      0.0 2018  3  1 14  5  0.37 -Inf   1
1000  30.932899  110.764397    10.130     8843.4    -3189.5     4084.9      0.0      0.0      0.0 2018  3  1 14 12  4.40 -Inf   1
1170  31.140400  110.288902     1.000   -35677.7    19339.9    -4802.7      0.0      0.0      0.0 2018  3  1 15 42 27.29 -Inf   1
1212  30.963699  110.473099     6.260   -19167.9      154.4      112.5      0.0      0.0      0.0 2018  3  1 17 26 49.04 -Inf   1
1173  30.963600  110.476997     7.560   -17740.0     -261.7     1757.3      0.0      0.0      0.0 2018  3  1 18  3 13.76 -Inf   1
1174  30.952101  110.468002     9.060   -18600.4    -1536.6     3257.3      0.0      0.0      0.0 2018  3  1 18 18 57.80 -Inf   1
1175  31.205799  110.552299     1.000   -10532.4    26590.6    -4802.7      0.0      0.0      0.0 2018  3  1 18 20 21.70 -Inf   1
1176  30.956499  110.473801     5.360   -18046.0    -1049.0     -442.7      0.0      0.0      0.0 2018  3  1 18 59 52.16 -Inf   1
1177  30.923901  110.494102     9.340   -16109.1    -4663.2     3537.3      0.0      0.0      0.0 2018  3  1 19  2 12.76 -Inf   1
1178  30.945999  110.465202    10.240   -18868.6    -2213.1     4437.3      0.0      0.0      0.0 2018  3  1 19 11 30.80 -Inf   1
1179  30.965799  110.469200     4.400   -18484.7      -17.9    -1402.7      0.0      0.0      0.0 2018  3  1 19 18 59.14 -Inf   1
1220  30.938900  110.474403     9.240   -19045.7    -2595.1     3092.5      0.0      0.0      0.0 2018  3  1 19 30 19.58 -Inf   1
1183  30.964300  110.477699     7.510   -17672.8     -184.1     1707.3      0.0      0.0      0.0 2018  3  1 20 17 23.30 -Inf   1
1186  30.940701  110.768097    10.450    10072.8    -2800.6     4647.3      0.0      0.0      0.0 2018  3  1 20 40 36.28 -Inf   1
1025  30.930300  110.762001    11.670     9032.9    -3735.3     5693.5      0.0      0.0      0.0 2018  3  1 20 42  9.16 -Inf   1
1226  30.938900  110.763802     9.990     8607.4    -2595.1     3842.5      0.0      0.0      0.0 2018  3  1 21 26 41.48 -Inf   1
1190  30.934601  110.765602    10.460     9834.7    -3476.8     4657.3      0.0      0.0      0.0 2018  3  1 22 11 33.24 -Inf   1
1014  30.953800  110.473297     7.990   -18971.1     -872.3     1944.9      0.0      0.0      0.0 2018  3  1 22 44 44.16 -Inf   1
1015  30.927299  110.760803    10.700     8500.3    -3810.4     4654.9      0.0      0.0      0.0 2018  3  2  1 34 20.12 -Inf   1
1193  30.972200  110.480904     6.840   -17366.0      691.8     1037.3      0.0      0.0      0.0 2018  3  2  5  5 56.72 -Inf   1
1235  30.962999  110.476601     7.180   -18833.3       76.8     1032.5      0.0      0.0      0.0 2018  3  2  5 12 53.37 -Inf   1
1236  30.927700  110.766098    12.220     8827.3    -3836.8     6072.5      0.0      0.0      0.0 2018  3  2  5 43 27.40 -Inf   1
1238  30.936701  110.763298    11.050     8559.4    -2838.9     4902.5      0.0      0.0      0.0 2018  3  2  5 45 56.23 -Inf   1
1033  31.045601  110.449303    10.350   -20835.2     9048.0     4373.5      0.0      0.0      0.0 2018  3  2  5 47 46.81 -Inf   1
1022  30.934299  110.766602    10.150     9054.0    -3034.3     4104.9      0.0      0.0      0.0 2018  3  2  5 52 49.91 -Inf   1
1201  30.936001  110.764297    10.310     9710.0    -3321.6     4507.3      0.0      0.0      0.0 2018  3  2  6  5 48.48 -Inf   1
1036  30.936399  110.762100    11.060     9042.1    -3059.1     5083.5      0.0      0.0      0.0 2018  3  2  6  6 48.65 -Inf   1
1025  30.918400  110.756104    11.930     8051.6    -4797.1     5884.9      0.0      0.0      0.0 2018  3  2  7 20 13.84 -Inf   1
1026  30.961800  110.477600     6.550   -18559.2       14.6      504.9      0.0      0.0      0.0 2018  3  2  7 51 11.30 -Inf   1
1248  30.940300  110.762604     9.930     8492.9    -2439.9     3782.5      0.0      0.0      0.0 2018  3  2  7 57 46.35 -Inf   1
1249  30.924900  110.774399     9.340     9620.7    -4147.2     3192.5      0.0      0.0      0.0 2018  3  2  8 16 33.65 -Inf   1
1040  30.949301  109.985397    10.000   -65170.7    -1628.7     4023.5      0.0      0.0      0.0 2018  3  2  8 37 51.47 -Inf   1
1250  30.935499  110.766701    10.560     8884.6    -2972.1     4412.5      0.0      0.0      0.0 2018  3  2  9 29  9.42 -Inf   1
1209  30.959600  110.477501     4.680   -17692.2     -705.2    -1122.7      0.0      0.0      0.0 2018  3  2  9 35 22.51 -Inf   1
1030  30.792801  110.735901     8.220     6124.9   -18722.1     2174.9      0.0      0.0      0.0 2018  3  2  9 39 43.02 -Inf   1
1211  31.153700  110.344597     4.280   -30359.4    20814.4    -1522.7      0.0      0.0      0.0 2018  3  2 10  7 18.54 -Inf   1
1033  30.940100  110.762299    11.150     8642.6    -2391.2     5104.9      0.0      0.0      0.0 2018  3  2 10 23 18.81 -Inf   1
1034  30.934999  110.758598     9.860     8289.3    -2956.7     3814.9      0.0      0.0      0.0 2018  3  2 10 25 47.82 -Inf   1
1214  31.042601  110.453903     4.490   -19938.2     8497.0    -1312.7      0.0      0.0      0.0 2018  3  2 12  5 14.74 -Inf   1
1047  30.931900  110.764099    11.050     9233.3    -3557.9     5073.5      0.0      0.0      0.0 2018  3  2 12  7 25.61 -Inf   1
1216  30.944500  110.757500    10.620     9060.0    -2379.3     4817.3      0.0      0.0      0.0 2018  3  2 12 19  2.54 -Inf   1
1036  30.931900  110.764999    11.020     8901.1    -3300.3     4974.9      0.0      0.0      0.0 2018  3  2 12 21 36.20 -Inf   1
1037  30.934299  110.765297    10.480     8929.4    -3034.3     4434.9      0.0      0.0      0.0 2018  3  2 12 29  2.21 -Inf   1
1038  30.936300  110.766701    10.610     9063.4    -2812.5     4564.9      0.0      0.0      0.0 2018  3  2 12 39 44.49 -Inf   1
1220  30.937901  110.766998    10.790     9967.9    -3111.0     4987.3      0.0      0.0      0.0 2018  3  2 12 40 15.66 -Inf   1
1053  30.935400  110.763000     9.820     9128.2    -3169.9     3843.5      0.0      0.0      0.0 2018  3  2 12 42  1.75 -Inf   1
1041  30.934799  110.768898     9.870     9273.5    -2978.9     3824.9      0.0      0.0      0.0 2018  3  2 12 52 21.15 -Inf   1
1223  30.933399  110.767097    10.820     9977.7    -3610.1     5017.3      0.0      0.0      0.0 2018  3  2 13  9 43.32 -Inf   1
1268  30.927099  110.755096     9.010     7776.1    -3903.4     2862.5      0.0      0.0      0.0 2018  3  2 13 10 50.12 -Inf   1
1057  30.933399  110.765198    10.400     9338.2    -3391.7     4423.5      0.0      0.0      0.0 2018  3  2 13 55 32.11 -Inf   1
1270  30.936199  110.764503    11.200     8674.6    -2894.5     5052.5      0.0      0.0      0.0 2018  3  2 14  3 57.08 -Inf   1
1272  30.931700  110.765503    10.440     8770.3    -3393.4     4292.5      0.0      0.0      0.0 2018  3  2 14 38 37.38 -Inf   1
1273  30.931299  110.764099    11.240     8636.2    -3437.8     5092.5      0.0      0.0      0.0 2018  3  2 14 42  7.41 -Inf   1
1274  30.780399  110.763298     9.780     8566.3   -20167.9     3632.5      0.0      0.0      0.0 2018  3  2 14 46 16.13 -Inf   1
1061  30.939800  110.763298    12.040     9156.4    -2682.0     6063.5      0.0      0.0      0.0 2018  3  2 14 57 52.40 -Inf   1
1277  30.935101  110.766296     9.780     8846.0    -3016.3     3632.5      0.0      0.0      0.0 2018  3  2 14 58 39.73 -Inf   1
1233  30.926100  110.759598    11.510     9261.4    -4419.3     5707.3      0.0      0.0      0.0 2018  3  2 14 59 40.05 -Inf   1
1065  30.973101  110.761299    17.320     8963.8     1009.9    11343.5      0.0      0.0      0.0 2018  3  2 15  1 30.64 -Inf   1
1282  30.931999  110.761398    10.800     8378.1    -3360.2     4652.5      0.0      0.0      0.0 2018  3  2 15  3  4.70 -Inf   1
1283  30.934500  110.759598    10.320     8205.9    -3082.9     4172.5      0.0      0.0      0.0 2018  3  2 15  5 25.19 -Inf   1
1069  30.932600  110.755096    10.970     8373.0    -3480.3     4993.5      0.0      0.0      0.0 2018  3  2 15 10 36.75 -Inf   1
1287  30.932501  110.762604    10.610     8493.2    -3304.5     4462.5      0.0      0.0      0.0 2018  3  2 15 12  0.74 -Inf   1
1291  30.930799  110.762604    11.090     8493.3    -3493.2     4942.5      0.0      0.0      0.0 2018  3  2 15 33 41.58 -Inf   1
1293  30.930700  110.771103     8.690     9305.5    -3504.2     2542.5      0.0      0.0      0.0 2018  3  2 15 56 51.41 -Inf   1
1295  30.938601  110.770302     9.510     9228.5    -2628.3     3362.5      0.0      0.0      0.0 2018  3  2 16 18  9.31 -Inf   1
1297  30.933201  110.767502    10.790     8961.2    -3226.9     4642.5      0.0      0.0      0.0 2018  3  2 17 43 59.98 -Inf   1
1247  30.934099  110.766403    10.810     9911.3    -3532.5     5007.3      0.0      0.0      0.0 2018  3  2 17 44  0.00 -Inf   1
1073  30.940201  110.767197    10.460     9528.9    -2637.6     4483.5      0.0      0.0      0.0 2018  3  2 17 46  2.24 -Inf   1
1075  30.937700  110.764099    11.090     9233.0    -2914.9     5113.5      0.0      0.0      0.0 2018  3  2 18  1 21.48 -Inf   1
1076  30.872601  110.138496     1.000   -50562.5   -10132.4    -4976.5      0.0      0.0      0.0 2018  3  2 19  6 32.74 -Inf   1
1078  30.931801  110.763298    11.120     9156.8    -3568.9     5143.5      0.0      0.0      0.0 2018  3  2 19 11 32.28 -Inf   1
1255  31.141600  110.208000     1.000   -43399.7    19472.9    -4802.7      0.0      0.0      0.0 2018  3  2 19 46 50.26 -Inf   1
1306  30.929199  110.764397    11.460     8664.7    -3670.6     5312.5      0.0      0.0      0.0 2018  3  2 19 49 31.60 -Inf   1
1073  31.099600  110.353798     7.960   -30365.9    15292.4     1914.9      0.0      0.0      0.0 2018  3  2 23  4  7.78 -Inf   1
1258  31.029600  110.460602     4.210   -19299.8     7055.6    -1592.7      0.0      0.0      0.0 2018  3  2 23 23 46.60 -Inf   1
1259  30.928301  110.759697     9.290     9270.8    -4175.3     3487.3      0.0      0.0      0.0 2018  3  3  4 29  4.97 -Inf   1
1086  30.924999  110.757103     9.870     8565.1    -4323.0     3893.5      0.0      0.0      0.0 2018  3  3  4 37 20.31 -Inf   1
1315  30.933001  110.763702    10.880     8598.2    -3249.1     4732.5      0.0      0.0      0.0 2018  3  3  5  3 33.51 -Inf   1
1262  30.930799  110.762100    10.340     9500.3    -3898.3     4537.3      0.0      0.0      0.0 2018  3  3  5  6  3.16 -Inf   1
1318  30.929300  110.761497    10.030     8387.7    -3659.4     3882.5      0.0      0.0      0.0 2018  3  3  6 57 43.97 -Inf   1
1091  30.933201  110.764503    10.300     9271.9    -3413.7     4323.5      0.0      0.0      0.0 2018  3  3  9  6 17.12 -Inf   1
1085  31.135099  110.300003     4.200   -35495.3    19228.2    -1845.1      0.0      0.0      0.0 2018  3  3 10 39 16.82 -Inf   1
1267  31.122000  110.300797     1.000   -34545.7    17299.9    -4802.7      0.0      0.0      0.0 2018  3  3 11 14  1.41 -Inf   1
1089  30.935699  110.764503    11.020     8853.5    -2879.1     4974.9      0.0      0.0      0.0 2018  3  3 14  7 22.48 -Inf   1
1270  30.868799  110.109802     1.000   -52847.6   -10772.2    -4802.7      0.0      0.0      0.0 2018  3  3 14 39 51.39 -Inf   1
1272  31.124701  110.298103     1.000   -34802.3    17599.3    -4802.7      0.0      0.0      0.0 2018  3  3 15  9 14.74 -Inf   1
1327  30.940300  110.762604    11.660     8492.9    -2439.9     5512.5      0.0      0.0      0.0 2018  3  3 16  5 52.44 -Inf   1
1274  30.931000  110.766602    10.680     9930.4    -3876.1     4877.3      0.0      0.0      0.0 2018  3  3 16 58 47.46 -Inf   1
1094  30.935400  110.773804     8.190     9742.2    -2912.3     2144.9      0.0      0.0      0.0 2018  3  3 17 28  2.48 -Inf   1
1100  30.934999  110.765800    10.180     9395.7    -3214.3     4203.5      0.0      0.0      0.0 2018  3  3 17 58 17.52 -Inf   1
1101  30.936399  110.765701     9.900     9386.2    -3059.1     3923.5      0.0      0.0      0.0 2018  3  3 18 29 10.46 -Inf   1
1098  30.865000  110.462898    10.660   -19973.9   -10717.5     4614.9      0.0      0.0      0.0 2018  3  3 18 33 28.04 -Inf   1
1334  30.936300  110.759598    11.320     8205.8    -2883.3     5172.5      0.0      0.0      0.0 2018  3  3 18 47 12.84 -Inf   1
1335  30.937901  110.763702    11.020     8598.0    -2705.9     4872.5      0.0      0.0      0.0 2018  3  3 19 17 22.56 -Inf   1
1101  30.940100  110.775803     9.500     9933.0    -2391.2     3454.9      0.0      0.0      0.0 2018  3  3 20 26 15.50 -Inf   1
1106  30.939699  110.766602    10.030     9472.0    -2693.2     4053.5      0.0      0.0      0.0 2018  3  3 20 44 35.98 -Inf   1
1338  30.934200  110.765297    10.730     8750.5    -3116.1     4582.5      0.0      0.0      0.0 2018  3  3 23 41 27.02 -Inf   1
1107  30.780500  110.756599     8.890     8104.7   -20085.8     2844.9      0.0      0.0      0.0 2018  3  4  5 33 23.25 -Inf   1
1288  30.982401  110.467499     1.000   -18645.6     1822.7    -4802.7      0.0      0.0      0.0 2018  3  4  7  3 25.31 -Inf   1
1347  31.035999  110.458099     4.420   -20593.2     8170.2    -1727.5      0.0      0.0      0.0 2018  3  4  7 19 24.74 -Inf   1
1348  30.936100  110.763802     9.510     8607.5    -2905.5     3362.5      0.0      0.0      0.0 2018  3  4  7 52 30.09 -Inf   1
1112  30.935699  110.769203    10.160     9720.8    -3136.7     4183.5      0.0      0.0      0.0 2018  3  4  8 25  6.29 -Inf   1
1293  30.933599  110.775597     8.830    10789.8    -3587.9     3027.3      0.0      0.0      0.0 2018  3  4  9 28 58.33 -Inf   1
1112  31.050301  110.457100     1.390   -20508.4     9826.6    -4655.1      0.0      0.0      0.0 2018  3  4 12 14 40.64 -Inf   1
1113  31.050600  110.452202     9.660   -20976.2     9859.8     3614.9      0.0      0.0      0.0 2018  3  4 12 29 42.42 -Inf   1
1296  30.934099  110.771896     9.590    10436.2    -3532.5     3787.3      0.0      0.0      0.0 2018  3  4 12 55 42.08 -Inf   1
1354  30.940001  110.769798     9.530     9180.4    -2473.1     3382.5      0.0      0.0      0.0 2018  3  4 14 22 50.03 -Inf   1
1355  30.937099  110.772202     9.150     9410.1    -2794.7     3002.5      0.0      0.0      0.0 2018  3  4 14 59 31.67 -Inf   1
1117  30.937500  110.768600    10.610     9663.1    -2937.1     4633.5      0.0      0.0      0.0 2018  3  4 16 36 42.05 -Inf   1
1118  30.936399  110.764099    11.150     9233.1    -3059.1     5173.5      0.0      0.0      0.0 2018  3  4 16 45 10.13 -Inf   1
1304  31.012400  110.807098     9.130    13794.3     5148.6     3327.3      0.0      0.0      0.0 2018  3  4 18  0 29.84 -Inf   1
1305  30.932400  110.763298    10.740     9614.7    -3720.9     4937.3      0.0      0.0      0.0 2018  3  4 19 13 57.06 -Inf   1
1306  30.900801  110.780296     8.000    11240.8    -7224.2     2197.3      0.0      0.0      0.0 2018  3  4 19 17 41.20 -Inf   1
1307  30.929199  110.772903     9.860    10532.7    -4075.7     4057.3      0.0      0.0      0.0 2018  3  4 19 36  8.82 -Inf   1
1126  30.936300  110.768898     9.700     9273.4    -2812.5     3654.9      0.0      0.0      0.0 2018  3  4 19 55 29.96 -Inf   1
1127  30.934200  110.764801    10.590     8882.0    -3045.3     4544.9      0.0      0.0      0.0 2018  3  4 19 56 36.24 -Inf   1
1128  30.935101  110.766502    10.160     9044.5    -2945.5     4114.9      0.0      0.0      0.0 2018  3  4 22  1  9.36 -Inf   1
1373  30.927099  110.793503     8.860    11446.2    -3903.4     2712.5      0.0      0.0      0.0 2018  3  4 22  8 44.86 -Inf   1
1313  31.035200  110.424896     6.210   -22709.2     7676.5      407.3      0.0      0.0      0.0 2018  3  4 22  9 22.12 -Inf   1
1131  30.934200  110.766998    10.370     9092.0    -3045.3     4324.9      0.0      0.0      0.0 2018  3  5  1 17 26.13 -Inf   1
1132  30.933599  110.766602    10.250     9054.1    -3111.9     4204.9      0.0      0.0      0.0 2018  3  5  1 30 54.96 -Inf   1
1318  30.937401  110.768700    11.130    10130.5    -3166.4     5327.3      0.0      0.0      0.0 2018  3  5  3 39 47.27 -Inf   1
1380  31.096300  110.458603     1.820   -20538.7    14855.7    -4327.5      0.0      0.0      0.0 2018  3  5  3 42 50.63 -Inf   1
1381  30.916100  110.766800     3.640     8895.0    -5122.9    -2507.5      0.0      0.0      0.0 2018  3  5  7 13 51.34 -Inf   1
1323  31.072901  110.278503     6.110   -36683.2    11856.3      307.3      0.0      0.0      0.0 2018  3  5 13 46 23.19 -Inf   1
1324  31.029301  110.455002     5.450   -19834.6     7022.4     -352.7      0.0      0.0      0.0 2018  3  5 14 46 44.58 -Inf   1
1326  30.986099  110.465500     1.000   -18836.2     2232.7    -4802.7      0.0      0.0      0.0 2018  3  5 18 30 34.44 -Inf   1
1327  30.961100  110.478401     7.820   -17606.1     -538.9     2017.3      0.0      0.0      0.0 2018  3  5 19 11 25.84 -Inf   1
1329  31.216101  110.925797     4.940    25105.2    27732.8     -862.7      0.0      0.0      0.0 2018  3  6  0 12 23.46 -Inf   1
1330  31.153601  110.506203     4.890   -14934.9    20803.4     -912.7      0.0      0.0      0.0 2018  3  6 17 11 47.92 -Inf   1
1390  31.082800  110.344597     2.020   -31425.7    13358.9    -4127.5      0.0      0.0      0.0 2018  3  6 17 26 51.84 -Inf   1
1332  31.060400  110.199997     8.610   -44182.3    10470.4     2807.3      0.0      0.0      0.0 2018  3  6 20 10 29.92 -Inf   1
1142  30.932699  110.791100     8.130    11813.3    -3469.3     2153.5      0.0      0.0      0.0 2018  3  7  4 11 39.55 -Inf   1
1394  31.074800  110.268204     6.090   -38721.5    12472.1      -57.5      0.0      0.0      0.0 2018  3  7  5 31 10.70 -Inf   1
1145  31.224800  110.916801     9.670    23371.3    29173.2     3624.9      0.0      0.0      0.0 2018  3  7  8 33 33.01 -Inf   1
1396  30.932600  110.767303    10.460     8942.3    -3293.5     4312.5      0.0      0.0      0.0 2018  3  7  9  7 42.13 -Inf   1
1339  30.967300  109.970100    10.000   -66167.4      148.5     4197.3      0.0      0.0      0.0 2018  3  7 10 18 41.74 -Inf   1
1398  30.938400  110.768700     4.010     9075.5    -2650.5    -2137.5      0.0      0.0      0.0 2018  3  7 12  1 32.56 -Inf   1
1150  30.938101  110.765701     3.670     8967.8    -2612.9    -2375.1      0.0      0.0      0.0 2018  3  7 13  2  2.63 -Inf   1
1151  31.030800  110.449501     4.750   -21236.3     7664.6    -1295.1      0.0      0.0      0.0 2018  3  7 18  2 51.96 -Inf   1
1346  31.140699  110.805702     7.990    13651.8    19373.1     2187.3      0.0      0.0      0.0 2018  3  7 18 15 40.92 -Inf   1
1348  31.132000  110.809799     9.720    14043.5    18408.6     3917.3      0.0      0.0      0.0 2018  3  7 20 29  5.28 -Inf   1
1406  31.043501  110.450897     4.760   -21280.2     9001.9    -1387.5      0.0      0.0      0.0 2018  3  7 22 40 37.46 -Inf   1
1350  30.975401  110.448799     1.860   -20432.8     1046.6    -3942.7      0.0      0.0      0.0 2018  3  7 23 10 39.00 -Inf   1
1352  30.747400  110.838600    10.500    16826.2   -24231.6     4697.3      0.0      0.0      0.0 2018  3  8  6  5 47.21 -Inf   1
1354  31.047199  110.448402     1.000   -20463.0     9006.8    -4802.7      0.0      0.0      0.0 2018  3  8 12 28 32.85 -Inf   1
1158  30.925600  110.770103     9.130     9389.1    -3998.8     3084.9      0.0      0.0      0.0 2018  3  8 12 57 32.19 -Inf   1
1356  31.042900  110.444099     4.990   -20874.4     8530.2     -812.7      0.0      0.0      0.0 2018  3  8 14 37 41.18 -Inf   1
1358  31.107500  110.817001    12.490    14732.9    15692.3     6687.3      0.0      0.0      0.0 2018  3  8 17 29 32.44 -Inf   1
1359  31.160900  110.271797    13.880   -37306.4    21612.7     8077.3      0.0      0.0      0.0 2018  3  8 18 13 51.20 -Inf   1
1360  30.926201  110.764702     6.550     9749.1    -4408.1      747.3      0.0      0.0      0.0 2018  3  8 19 48 51.68 -Inf   1
1162  31.035700  110.451401     7.180   -21054.3     8207.8     1134.9      0.0      0.0      0.0 2018  3  8 19 59 56.16 -Inf   1
1362  31.184200  110.311401     1.000   -33522.5    24196.0    -4802.7      0.0      0.0      0.0 2018  3  9  0 22  2.18 -Inf   1
1416  31.087999  110.453003     6.050   -21074.2    13935.4      -97.5      0.0      0.0      0.0 2018  3  9  0 49 48.41 -Inf   1
1165  31.057100  110.819801     8.100    14128.6    10580.5     2054.9      0.0      0.0      0.0 2018  3  9  3 14 21.48 -Inf   1
1168  30.943100  109.983299    12.000   -65373.3    -2316.2     6023.5      0.0      0.0      0.0 2018  3  9  3 20 47.33 -Inf   1
1170  30.850401  111.109703     7.060    42275.8   -12593.6     1083.5      0.0      0.0      0.0 2018  3  9  7 15 11.23 -Inf   1
1368  31.220600  110.075203     3.680   -56052.3    28231.6    -2122.7      0.0      0.0      0.0 2018  3  9  7 37 29.94 -Inf   1
1170  30.939899  110.764801    10.850     8881.7    -2413.4     4804.9      0.0      0.0      0.0 2018  3  9  9 29 45.66 -Inf   1
1171  30.941700  110.754601    13.450     7907.0    -2213.8     7404.9      0.0      0.0      0.0 2018  3  9  9 35  4.85 -Inf   1
1426  31.088499  110.363998     4.820   -29572.3    13990.8    -1327.5      0.0      0.0      0.0 2018  3  9 11 57 34.90 -Inf   1
1175  31.085600  110.463501     5.840   -19475.2    13482.6     -136.5      0.0      0.0      0.0 2018  3  9 12  8 26.94 -Inf   1
1175  31.081900  110.453003     7.070   -20896.3    13330.0     1024.9      0.0      0.0      0.0 2018  3  9 12 10 21.38 -Inf   1
1374  30.760599  110.759804     9.400     9289.0   -22768.2     3597.3      0.0      0.0      0.0 2018  3  9 12 14  7.77 -Inf   1
1430  31.131500  110.810303     9.730    13037.7    18758.3     3582.5      0.0      0.0      0.0 2018  3  9 13 54  9.78 -Inf   1
1378  31.131100  110.809303     9.790    13996.2    18308.8     3987.3      0.0      0.0      0.0 2018  3  9 14 11 32.13 -Inf   1
1432  30.960100  110.470100     5.530   -19454.7     -244.6     -617.5      0.0      0.0      0.0 2018  3  9 14 45 38.99 -Inf   1
1180  30.933201  110.762199    10.480     8633.4    -3156.1     4434.9      0.0      0.0      0.0 2018  3  9 14 52 50.82 -Inf   1
1382  30.931900  110.762703    10.770     9557.8    -3776.3     4967.3      0.0      0.0      0.0 2018  3  9 14 57 35.19 -Inf   1
1182  30.931900  110.759697    11.270     8394.4    -3300.3     5224.9      0.0      0.0      0.0 2018  3  9 15  0 14.27 -Inf   1
1184  30.933399  110.762802    10.140     9109.3    -3391.7     4163.5      0.0      0.0      0.0 2018  3  9 15  1 31.68 -Inf   1
1439  30.930401  110.762299    11.330     8464.2    -3537.4     5182.5      0.0      0.0      0.0 2018  3  9 15  4 39.68 -Inf   1
1388  30.928801  110.760902    11.060     9385.9    -4119.9     5257.3      0.0      0.0      0.0 2018  3  9 15  5 59.30 -Inf   1
1389  30.936701  110.762199    10.980     9509.5    -3244.0     5177.3      0.0      0.0      0.0 2018  3  9 15  7 17.17 -Inf   1
1188  30.936399  110.769203     9.750     9302.5    -2801.5     3704.9      0.0      0.0      0.0 2018  3  9 15  8 25.78 -Inf   1
1190  30.935801  110.760597    11.190     8898.5    -3125.5     5213.5      0.0      0.0      0.0 2018  3  9 15 11 14.42 -Inf   1
1393  30.938000  110.761497    10.470     9442.3    -3100.0     4667.3      0.0      0.0      0.0 2018  3  9 15 21  1.89 -Inf   1
1194  31.036301  110.452499     4.960   -20530.9     8016.9    -1016.5      0.0      0.0      0.0 2018  3  9 16 44  9.70 -Inf   1
1195  30.940399  110.762901    10.590     9118.4    -2615.6     4613.5      0.0      0.0      0.0 2018  3  9 16 48 41.47 -Inf   1
1449  30.929701  110.789703    10.970    11082.9    -3615.0     4822.5      0.0      0.0      0.0 2018  3  9 16 49 53.23 -Inf   1
1450  30.936800  110.764702    10.250     8693.5    -2827.9     4102.5      0.0      0.0      0.0 2018  3  9 16 52 23.45 -Inf   1
1451  30.930599  110.761200    11.040     8359.2    -3515.4     4892.5      0.0      0.0      0.0 2018  3  9 17  7  5.64 -Inf   1
1199  30.929300  110.792198     9.040    11500.3    -3588.6     2994.9      0.0      0.0      0.0 2018  3  9 17  9  5.12 -Inf   1
1200  30.937000  110.767403    11.080     9130.5    -2734.9     5034.9      0.0      0.0      0.0 2018  3  9 17 25 22.34 -Inf   1
1403  31.230101  110.584702     1.000    -7439.6    29284.9    -4802.7      0.0      0.0      0.0 2018  3  9 18  0  9.56 -Inf   1
1204  30.930500  110.749496    11.680     7838.0    -3713.1     5703.5      0.0      0.0      0.0 2018  3  9 18  7 12.60 -Inf   1
1405  30.823799  110.460899     1.000   -19291.9   -15761.3    -4802.7      0.0      0.0      0.0 2018  3  9 18 35 26.56 -Inf   1
1406  31.181601  110.327797     1.000   -31958.3    23907.8    -4802.7      0.0      0.0      0.0 2018  3  9 18 47 22.72 -Inf   1
1407  30.925301  110.771797     9.540    10427.2    -4507.9     3737.3      0.0      0.0      0.0 2018  3  9 19 10 35.78 -Inf   1
1462  30.930401  110.761299    11.870     8368.7    -3537.4     5722.5      0.0      0.0      0.0 2018  3  9 19 11 15.80 -Inf   1
1207  30.936100  110.762398    11.150     8652.3    -2834.7     5104.9      0.0      0.0      0.0 2018  3  9 19 18 43.44 -Inf   1
1410  31.129499  110.811699     8.540    14225.0    18131.4     2737.3      0.0      0.0      0.0 2018  3  9 19 46 39.96 -Inf   1
1209  30.936701  110.761101    10.020     8528.3    -2768.1     3974.9      0.0      0.0      0.0 2018  3  9 20 27 46.32 -Inf   1
1412  31.087900  110.456497     5.400   -19685.8    13519.3     -402.7      0.0      0.0      0.0 2018  3  9 20 33 22.76 -Inf   1
1467  31.091400  110.457298     8.640   -20663.8    14312.4     2492.5      0.0      0.0      0.0 2018  3  9 20 37 25.48 -Inf   1
1214  31.085800  110.456398     7.900   -20153.4    13504.8     1923.5      0.0      0.0      0.0 2018  3  9 22 10 21.20 -Inf   1
1215  31.086700  110.455101     7.060   -20277.1    13604.6     1083.5      0.0      0.0      0.0 2018  3  9 22 12  4.92 -Inf   1
1471  31.077999  110.456902     6.280   -20703.1    12826.7      132.5      0.0      0.0      0.0 2018  3  9 22 20 40.34 -Inf   1
1214  30.933100  110.761200    11.280     8537.9    -3167.3     5234.9      0.0      0.0      0.0 2018  3  9 22 23 21.20 -Inf   1
1217  30.942499  110.756897    11.190     8544.6    -2382.8     5213.5      0.0      0.0      0.0 2018  3  9 22 25  1.20 -Inf   1
1419  31.086901  110.452904     6.480   -20029.0    13408.5      677.3      0.0      0.0      0.0 2018  3  9 22 27 24.26 -Inf   1
1475  31.114700  110.083801     8.000   -56317.7    16895.7     1852.5      0.0      0.0      0.0 2018  3 10  1  2  6.97 -Inf   1
1218  30.934700  110.765503     9.870     8949.0    -2989.9     3824.9      0.0      0.0      0.0 2018  3 10  1 44 12.71 -Inf   1
1424  30.927799  110.764503     9.490     9730.1    -4230.9     3687.3      0.0      0.0      0.0 2018  3 10  2  2 52.32 -Inf   1
1223  30.932600  110.763802    10.250     9204.8    -3480.3     4273.5      0.0      0.0      0.0 2018  3 10  2  5  9.60 -Inf   1
1479  30.965099  110.851402     9.430    16975.7      309.6     3282.5      0.0      0.0      0.0 2018  3 10  2 36 34.36 -Inf   1
1428  31.090500  110.100601     1.000   -53665.3    13807.5    -4802.7      0.0      0.0      0.0 2018  3 10  4 46 40.66 -Inf   1
1429  30.927500  110.762299     9.080     9519.4    -4264.1     3277.3      0.0      0.0      0.0 2018  3 10  4 54 38.41 -Inf   1
1225  30.963699  109.970200    10.000   -67036.9      225.2     3954.9      0.0      0.0      0.0 2018  3 10  7 32 46.91 -Inf   1
1484  30.784300  110.906197     4.990    22231.5   -19735.4    -1157.5      0.0      0.0      0.0 2018  3 10  9 54 58.85 -Inf   1
1435  30.774200  110.765800     9.870     9861.8   -21260.3     4067.3      0.0      0.0      0.0 2018  3 10 14 19 28.14 -Inf   1
1437  30.894600  110.783302    10.110    11528.4    -7911.7     4307.3      0.0      0.0      0.0 2018  3 10 16 31 12.87 -Inf   1
1438  30.891800  110.787201    10.010    11901.2    -8222.1     4207.3      0.0      0.0      0.0 2018  3 10 16 53 53.27 -Inf   1
1439  30.935400  110.765701     9.890     9844.1    -3388.2     4087.3      0.0      0.0      0.0 2018  3 10 17 20 33.00 -Inf   1
1231  31.039600  110.807404    10.490    12945.9     8640.3     4444.9      0.0      0.0      0.0 2018  3 10 18 12  7.16 -Inf   1
1491  31.067101  110.106697     9.690   -54145.3    11618.4     3542.5      0.0      0.0      0.0 2018  3 10 22 27 21.46 -Inf   1
1443  31.062599  110.442001     5.870   -21072.6    10714.2       67.3      0.0      0.0      0.0 2018  3 10 22 31 32.30 -Inf   1
1493  31.061501  110.120102     8.870   -52866.8    10997.5     2722.5      0.0      0.0      0.0 2018  3 10 23 27 39.56 -Inf   1
1445  31.108101  110.802902     0.410    13386.8    15758.9    -5392.7      0.0      0.0      0.0 2018  3 10 23 43 34.98 -Inf   1
1499  31.160200  110.883400    15.480    20012.5    21940.2     9332.5      0.0      0.0      0.0 2018  3 11  5  5 46.68 -Inf   1
1239  30.729300  110.895401     1.610    21384.3   -25762.4    -4435.1      0.0      0.0      0.0 2018  3 11 10  2 30.07 -Inf   1
1452  31.185101  110.293098     3.900   -35269.0    24295.8    -1902.7      0.0      0.0      0.0 2018  3 11 11  6 12.40 -Inf   1
1504  31.103201  110.250298     3.350   -40425.3    15620.8    -2797.5      0.0      0.0      0.0 2018  3 11 11 29 55.29 -Inf   1
1242  30.892799  110.783699     8.130    10690.1    -7635.4     2084.9      0.0      0.0      0.0 2018  3 11 14 16 33.19 -Inf   1
1243  31.174999  110.286797     1.990   -36748.4    23651.8    -4055.1      0.0      0.0      0.0 2018  3 11 14 22 34.97 -Inf   1
1507  31.064501  110.139000     7.030   -51061.4    11330.1      882.5      0.0      0.0      0.0 2018  3 11 16 37 28.92 -Inf   1
1245  31.027399  110.485603     6.800   -17788.5     7287.5      754.9      0.0      0.0      0.0 2018  3 11 17 22 51.68 -Inf   1
1510  30.881201  110.824303     5.140    14392.8    -8992.1    -1007.5      0.0      0.0      0.0 2018  3 11 19 46 48.48 -Inf   1
1248  30.821899  110.644699     6.590    -2177.4   -15753.6      613.5      0.0      0.0      0.0 2018  3 11 19 57 38.28 -Inf   1
1460  31.182899  110.514397     1.000   -14150.7    24051.8    -4802.7      0.0      0.0      0.0 2018  3 11 20 59 38.36 -Inf   1
1512  30.755899  110.850700     8.790    16926.9   -22884.1     2642.5      0.0      0.0      0.0 2018  3 12  3 35 31.40 -Inf   1
1514  30.932899  109.988998    14.000   -65429.9    -3260.3     7852.5      0.0      0.0      0.0 2018  3 12  7  2  7.88 -Inf   1
1468  30.744101  110.878098     8.700    20604.4   -24597.4     2897.3      0.0      0.0      0.0 2018  3 12  7 17 31.20 -Inf   1
1253  30.881399  110.825798     4.640    15133.0    -9156.9    -1336.5      0.0      0.0      0.0 2018  3 12 11 46  3.06 -Inf   1
1252  31.077999  110.276604     5.530   -37740.2    12897.5     -515.1      0.0      0.0      0.0 2018  3 12 15  3 58.71 -Inf   1
1519  30.989599  110.514397     1.000   -15220.1     3025.9    -5147.5      0.0      0.0      0.0 2018  3 12 16 57 45.96 -Inf   1
1520  30.927700  110.749603     8.410     7251.1    -3836.8     2262.5      0.0      0.0      0.0 2018  3 12 18  0  3.20 -Inf   1
1257  31.075800  110.180801     4.690   -46469.8    12396.1    -1286.5      0.0      0.0      0.0 2018  3 12 18 57 37.92 -Inf   1
1522  31.042801  110.448799     5.110   -21480.7     8924.3    -1037.5      0.0      0.0      0.0 2018  3 12 20 41 51.68 -Inf   1
1475  31.089899  110.080597     1.000   -55575.4    13740.9    -4802.7      0.0      0.0      0.0 2018  3 12 22 56 22.04 -Inf   1
1258  30.928699  110.760498     8.740     8471.1    -3655.2     2694.9      0.0      0.0      0.0 2018  3 13  2  1 38.72 -Inf   1
1260  30.928900  110.756104     9.690     8469.4    -3890.6     3713.5      0.0      0.0      0.0 2018  3 13  2  2 19.07 -Inf   1
1261  30.928499  110.763397     8.770     9166.4    -3935.0     2793.5      0.0      0.0      0.0 2018  3 13  2  4 30.84 -Inf   1
1529  30.952801  109.971100    12.000   -67133.3    -1053.9     5852.5      0.0      0.0      0.0 2018  3 13  4 30 16.58 -Inf   1
1530  31.045099  110.456001     9.870   -20792.6     9179.1     3722.5      0.0      0.0      0.0 2018  3 13  4 43 47.87 -Inf   1
1267  31.031300  110.451103    10.120   -20664.8     7462.4     4143.5      0.0      0.0      0.0 2018  3 13  4 52 48.62 -Inf   1
1268  31.228300  110.061401     5.620   -57824.8    29303.6     -356.5      0.0      0.0      0.0 2018  3 13  5 52 19.52 -Inf   1
1267  30.930201  110.001602    16.000   -64047.8    -3488.7     9954.9      0.0      0.0      0.0 2018  3 13  7 16 30.75 -Inf   1
1484  30.689600  110.909103     1.000    23576.7   -30639.8    -4802.7      0.0      0.0      0.0 2018  3 13  7 36 34.16 -Inf   1
1534  30.928900  110.762001     9.980     8435.8    -3703.8     3832.5      0.0      0.0      0.0 2018  3 13  7 51  3.80 -Inf   1
1486  30.929899  110.758400    10.570     9146.7    -3998.1     4767.3      0.0      0.0      0.0 2018  3 13  8  0 22.19 -Inf   1
1536  31.054501  110.428802     9.020   -23389.0    10221.4     2872.5      0.0      0.0      0.0 2018  3 13  9 11 20.01 -Inf   1
1540  31.031601  110.452003     4.830   -21175.9     7682.6    -1317.5      0.0      0.0      0.0 2018  3 13 16 28 56.54 -Inf   1
1541  30.891500  110.804398     8.110    12489.6    -7850.2     1962.5      0.0      0.0      0.0 2018  3 13 18  3 25.12 -Inf   1
1272  31.041599  110.443802     7.870   -21779.4     8861.9     1824.9      0.0      0.0      0.0 2018  3 13 18 14 40.88 -Inf   1
1495  31.096701  110.260300     1.000   -38416.6    14495.0    -4802.7      0.0      0.0      0.0 2018  3 13 18 38 17.42 -Inf   1
1279  31.040400  110.444901     5.900   -21256.2     8471.3      -76.5      0.0      0.0      0.0 2018  3 13 19  6 55.04 -Inf   1
1498  31.010000  110.509102     4.930   -14669.2     4882.6     -872.7      0.0      0.0      0.0 2018  3 13 22 34 52.08 -Inf   1
1499  31.018499  110.190804     5.270   -45070.0     5824.9     -532.7      0.0      0.0      0.0 2018  3 13 22 54 15.90 -Inf   1
1281  30.780600  110.763802    10.200     9212.1   -20332.4     4223.5      0.0      0.0      0.0 2018  3 14  3 52 29.97 -Inf   1
1501  30.737000  110.841797     8.470    17132.9   -25384.7     2667.3      0.0      0.0      0.0 2018  3 14  4 42 36.18 -Inf   1
1548  31.243200  110.073601     8.130   -57253.2    31142.4     1982.5      0.0      0.0      0.0 2018  3 14  5 45 21.20 -Inf   1
1278  30.730101  110.838699     8.650    15960.3   -25673.6     2604.9      0.0      0.0      0.0 2018  3 14  8 43  1.14 -Inf   1
1503  30.869301  111.101402     6.340    41935.9   -10716.6      537.3      0.0      0.0      0.0 2018  3 14  9  2 46.55 -Inf   1
1551  30.946301  111.199402     4.040    50228.7    -1774.6    -2107.5      0.0      0.0      0.0 2018  3 14  9 30 17.09 -Inf   1
1281  31.063601  110.148598     7.620   -49966.6    11301.2     1574.9      0.0      0.0      0.0 2018  3 14 10 32 53.02 -Inf   1
1283  31.016199  110.313103     1.000   -34266.0     6045.8    -5045.1      0.0      0.0      0.0 2018  3 14 17 12 44.44 -Inf   1
1509  31.040400  110.453300     4.290   -19996.0     8253.0    -1512.7      0.0      0.0      0.0 2018  3 14 22 31 12.32 -Inf   1
1557  30.929300  110.760399    11.590     8282.7    -3659.4     5442.5      0.0      0.0      0.0 2018  3 15  5 23 33.83 -Inf   1
1513  30.932400  110.764801     9.750     9758.3    -3720.9     3947.3      0.0      0.0      0.0 2018  3 15  5 31 10.19 -Inf   1
1294  30.926800  110.759201    10.960     8765.5    -4123.4     4983.5      0.0      0.0      0.0 2018  3 15  5 32 10.70 -Inf   1
1515  30.931499  110.772697    11.210    10512.9    -3820.7     5407.3      0.0      0.0      0.0 2018  3 15  5 33  7.52 -Inf   1
1296  30.928200  110.761299     9.590     8965.9    -3968.2     3613.5      0.0      0.0      0.0 2018  3 15  5 40 42.76 -Inf   1
1297  30.931601  110.767097     9.220     9519.8    -3591.1     3243.5      0.0      0.0      0.0 2018  3 15  5 41  7.83 -Inf   1
1562  30.931101  110.763702    10.330     8598.3    -3459.8     4182.5      0.0      0.0      0.0 2018  3 15  5 50  3.10 -Inf   1
1520  30.932699  110.765800     9.890     9853.8    -3687.7     4087.3      0.0      0.0      0.0 2018  3 15  6 18 49.21 -Inf   1
1521  30.927500  110.762802     9.070     9567.5    -4264.1     3267.3      0.0      0.0      0.0 2018  3 15  6 56 31.56 -Inf   1
1567  31.068501  110.123497     7.750   -52540.7    11773.6     1602.5      0.0      0.0      0.0 2018  3 15  9 29 12.66 -Inf   1
1302  30.936701  110.117401     2.000   -52561.5    -3025.7    -3976.5      0.0      0.0      0.0 2018  3 15  9 54 13.08 -Inf   1
1525  31.000500  110.441704     1.000   -21107.8     3829.3    -4802.7      0.0      0.0      0.0 2018  3 15 13  0  3.06 -Inf   1
1526  30.924500  110.789597     8.390    12128.1    -4596.8     2587.3      0.0      0.0      0.0 2018  3 15 14 39 45.56 -Inf   1
1527  30.902399  110.823700     5.620    15388.8    -7047.0     -182.7      0.0      0.0      0.0 2018  3 15 16 32 45.14 -Inf   1
1306  31.067400  110.135803     8.120   -50768.6    11464.8     2143.5      0.0      0.0      0.0 2018  3 15 17 24 20.92 -Inf   1
1529  30.881100  111.017998     4.490    33961.5    -9408.4    -1312.7      0.0      0.0      0.0 2018  3 16  2 33 31.99 -Inf   1
1307  30.869499  111.124001     8.860    43638.2   -10476.2     2883.5      0.0      0.0      0.0 2018  3 16  2 53 55.48 -Inf   1
1310  31.223400  110.055496     3.890   -58389.7    28760.4    -2086.5      0.0      0.0      0.0 2018  3 16  4 46 56.36 -Inf   1
1533  31.080999  110.040001     4.000   -59454.2    12754.2    -1802.7      0.0      0.0      0.0 2018  3 16  6 10 59.82 -Inf   1
1309  31.099600  110.083397     6.920   -56182.2    15292.4      874.9      0.0      0.0      0.0 2018  3 16  6 11  0.52 -Inf   1
1311  30.882000  110.805496     5.360    13192.5    -9090.3     -616.5      0.0      0.0      0.0 2018  3 16  6 39 51.21 -Inf   1
1537  31.041201  110.452003     9.540   -20119.8     8341.8     3737.3      0.0      0.0      0.0 2018  3 16  9 45 42.63 -Inf   1
1538  30.978300  109.948601     6.000   -68217.6     1368.1      197.3      0.0      0.0      0.0 2018  3 16 11  6 55.01 -Inf   1
1584  31.054800  110.433800     5.570   -22911.7    10254.6     -577.5      0.0      0.0      0.0 2018  3 16 20 32 12.40 -Inf   1
1585  31.053200  110.435501     5.850   -22749.4    10077.2     -297.5      0.0      0.0      0.0 2018  3 16 20 40 16.16 -Inf   1
1314  30.929399  110.761200    10.010     8538.1    -3577.6     3964.9      0.0      0.0      0.0 2018  3 16 22 52 11.30 -Inf   1
1315  30.930099  110.756798    11.150     8117.4    -3500.0     5104.9      0.0      0.0      0.0 2018  3 16 22 53 22.64 -Inf   1
1588  30.934500  110.764801     8.460     8703.1    -3082.9     2312.5      0.0      0.0      0.0 2018  3 16 23 24 45.76 -Inf   1
1589  30.926600  110.759697    11.150     8215.7    -3958.8     5002.5      0.0      0.0      0.0 2018  3 17  0 10 16.67 -Inf   1
1319  30.935699  110.765099    11.190     8910.4    -2879.1     5144.9      0.0      0.0      0.0 2018  3 17  0 11 43.95 -Inf   1
1320  30.931299  110.763100    10.810     9137.8    -3624.5     4833.5      0.0      0.0      0.0 2018  3 17  0 12 32.24 -Inf   1
1321  30.940701  110.741096    12.580     7034.9    -2582.2     6603.5      0.0      0.0      0.0 2018  3 17  0 15 35.85 -Inf   1
1548  30.936800  110.752899    11.820     8620.8    -3233.0     6017.3      0.0      0.0      0.0 2018  3 17  0 20 56.71 -Inf   1
1323  30.950100  110.749496    14.190     7837.2    -1540.1     8213.5      0.0      0.0      0.0 2018  3 17  0 33 54.51 -Inf   1
1324  30.929800  110.760399    10.360     8461.5    -3533.2     4314.9      0.0      0.0      0.0 2018  3 17  0 34 31.16 -Inf   1
1551  30.934500  110.766197     9.780     9891.6    -3488.0     3977.3      0.0      0.0      0.0 2018  3 17  0 46  9.85 -Inf   1
1552  30.932501  110.760300    10.260     9328.1    -3709.7     4457.3      0.0      0.0      0.0 2018  3 17  1  5  2.49 -Inf   1
1327  30.937700  110.763496    10.170     9175.4    -2914.9     4193.5      0.0      0.0      0.0 2018  3 17  1  7 28.74 -Inf   1
1555  30.930599  110.760597    10.030     9356.7    -3920.5     4227.3      0.0      0.0      0.0 2018  3 17  1 16 22.79 -Inf   1
1330  30.929600  110.762497     9.350     8662.0    -3555.4     3304.9      0.0      0.0      0.0 2018  3 17  1 18 25.67 -Inf   1
1603  30.925501  110.762100    11.240     8445.4    -4080.6     5092.5      0.0      0.0      0.0 2018  3 17  1 45  1.85 -Inf   1
1332  30.931499  110.754204    10.550     7869.5    -3344.7     4504.9      0.0      0.0      0.0 2018  3 17  1 46 53.24 -Inf   1
1559  30.930099  110.761902    10.230     9481.4    -3975.9     4427.3      0.0      0.0      0.0 2018  3 17  1 54 47.76 -Inf   1
1334  30.933399  110.765198     9.370     8919.9    -3134.1     3324.9      0.0      0.0      0.0 2018  3 17  2 15 10.25 -Inf   1
1561  30.937300  110.758598    10.550     9165.3    -3177.6     4747.3      0.0      0.0      0.0 2018  3 17  2 21 46.65 -Inf   1
1608  30.901899  110.723999     8.500     4805.0    -6697.3     2352.5      0.0      0.0      0.0 2018  3 17  2 59  8.06 -Inf   1
1563  30.823400  110.660004     6.480     -255.8   -15805.5      677.3      0.0      0.0      0.0 2018  3 17  3 37 26.85 -Inf   1
1338  30.702801  111.164597    12.000    47559.6   -28957.9     6023.5      0.0      0.0      0.0 2018  3 17  4  6  0.43 -Inf   1
1565  30.932100  110.761497    11.170     9442.6    -3754.1     5367.3      0.0      0.0      0.0 2018  3 17  8 33 19.50 -Inf   1
1340  30.932699  110.754799    12.900     8344.6    -3469.3     6923.5      0.0      0.0      0.0 2018  3 17  8 34 21.34 -Inf   1
1341  30.933500  110.759804    11.080     8822.8    -3380.5     5103.5      0.0      0.0      0.0 2018  3 17  9  2  9.38 -Inf   1
1568  30.884100  111.007698     4.660    32976.6    -9075.8    -1142.7      0.0      0.0      0.0 2018  3 17  9 18 54.56 -Inf   1
1344  30.930300  110.762703    10.120     8681.7    -3477.7     4074.9      0.0      0.0      0.0 2018  3 17  9 26 46.09 -Inf   1
1345  30.927900  110.762100    11.540     8624.2    -3743.8     5494.9      0.0      0.0      0.0 2018  3 17  9 27 17.93 -Inf   1
1571  30.932199  110.763298     9.830     9614.7    -3743.1     4027.3      0.0      0.0      0.0 2018  3 17  9 29 15.96 -Inf   1
1572  30.932501  110.765503    12.150     9825.3    -3709.7     6347.3      0.0      0.0      0.0 2018  3 17  9 31 13.24 -Inf   1
1624  30.927401  110.792503     6.900    11350.6    -3870.0      752.5      0.0      0.0      0.0 2018  3 17 10 16  2.03 -Inf   1
1348  30.930401  110.759499    10.990     8375.5    -3466.5     4944.9      0.0      0.0      0.0 2018  3 17 10 26 23.93 -Inf   1
1349  31.104700  110.241302     6.670   -40686.7    15600.2      693.5      0.0      0.0      0.0 2018  3 17 14 41  9.38 -Inf   1
1579  31.210199  110.549103     1.000   -10837.1    27078.5    -4802.7      0.0      0.0      0.0 2018  3 17 14 54 43.42 -Inf   1
1580  31.069799  110.442299     5.690   -21043.4    11512.5     -112.7      0.0      0.0      0.0 2018  3 17 16  9  7.60 -Inf   1
1581  31.170200  110.310402     1.000   -33620.3    22643.8    -4802.7      0.0      0.0      0.0 2018  3 17 17 13 48.64 -Inf   1
1630  31.031500  110.470802     4.600   -19380.4     7671.4    -1547.5      0.0      0.0      0.0 2018  3 17 22 59 58.24 -Inf   1
1585  30.900600  110.823700     5.350    15388.9    -7246.4     -452.7      0.0      0.0      0.0 2018  3 18  0 36 49.63 -Inf   1
1634  30.779699  110.764503     8.550     8681.6   -20245.5     2402.5      0.0      0.0      0.0 2018  3 18  6 48 16.54 -Inf   1
1354  30.930201  110.771202     6.920     9493.9    -3488.7      874.9      0.0      0.0      0.0 2018  3 18  9 16  7.63 -Inf   1
1591  31.164700  110.281097    13.380   -36418.1    22034.0     7577.3      0.0      0.0      0.0 2018  3 18 14 29  2.35 -Inf   1
1357  31.031900  110.294197     6.690   -35650.3     7529.0      713.5      0.0      0.0      0.0 2018  3 18 15 36 14.89 -Inf   1
1593  31.200399  110.574799     1.000    -8385.7    25992.0    -4802.7      0.0      0.0      0.0 2018  3 18 20 24  1.20 -Inf   1
1358  31.029699  110.462502    11.810   -19576.3     7285.0     5833.5      0.0      0.0      0.0 2018  3 18 20 56  6.88 -Inf   1
1597  30.883101  111.013496     5.260    33530.9    -9186.6     -542.7      0.0      0.0      0.0 2018  3 19  1 43  6.59 -Inf   1
1359  30.941601  111.167397     0.810    47768.5    -2482.4    -5166.5      0.0      0.0      0.0 2018  3 19  2  0 15.94 -Inf   1
1599  30.900000  110.770103     4.880    10266.7    -7313.0     -922.7      0.0      0.0      0.0 2018  3 19  5  1 25.38 -Inf   1
1359  30.883499  111.014503     4.260    32751.2    -8666.5    -1785.1      0.0      0.0      0.0 2018  3 19  9 43 59.11 -Inf   1
1601  31.149799  110.346001     3.780   -30226.1    20382.0    -2022.7      0.0      0.0      0.0 2018  3 19 11 34 39.18 -Inf   1
1364  30.929300  110.792397     8.820    11937.5    -3846.2     2843.5      0.0      0.0      0.0 2018  3 19 21 48 22.28 -Inf   1
1363  31.090099  110.409897     4.610   -25011.1    14239.0    -1435.1      0.0      0.0      0.0 2018  3 19 22  4 30.32 -Inf   1
1607  31.087601  110.193100     0.810   -44834.5    13486.1    -4992.7      0.0      0.0      0.0 2018  3 19 22  5 30.46 -Inf   1
1611  30.935101  110.764503    10.510     9729.7    -3421.4     4707.3      0.0      0.0      0.0 2018  3 20  1 35 36.97 -Inf   1
1612  30.927601  110.759102    10.620     9213.9    -4252.9     4817.3      0.0      0.0      0.0 2018  3 20  1 36 34.19 -Inf   1
1613  31.285601  110.853203     1.000    18172.1    35438.1    -4802.7      0.0      0.0      0.0 2018  3 20  4  4 18.45 -Inf   1
1658  30.960600  110.475197     6.340   -18967.7     -189.2      192.5      0.0      0.0      0.0 2018  3 20  7 36 51.88 -Inf   1
1372  30.867599  111.080299     7.570    39461.4   -10686.9     1593.5      0.0      0.0      0.0 2018  3 20 10 40 53.99 -Inf   1
1372  31.044100  110.810303    11.880    13222.4     9139.1     5834.9      0.0      0.0      0.0 2018  3 20 12 40 43.66 -Inf   1
1374  31.054100  110.811501    12.300    13754.1     9990.3     6323.5      0.0      0.0      0.0 2018  3 20 12 56 17.43 -Inf   1
1663  30.933701  110.762299    11.250     8464.0    -3171.5     5102.5      0.0      0.0      0.0 2018  3 20 14  2  0.73 -Inf   1
1375  30.910999  110.767998    11.020     9188.6    -5617.6     4974.9      0.0      0.0      0.0 2018  3 20 14 28 22.73 -Inf   1
1666  30.921499  110.778099     5.810     9974.5    -4524.3     -337.5      0.0      0.0      0.0 2018  3 20 16 19 58.52 -Inf   1
1625  30.738501  110.885902     5.350    21351.5   -25218.3     -452.7      0.0      0.0      0.0 2018  3 21  0 58  8.87 -Inf   1
1379  30.966999  110.010300    12.000   -62785.6      333.5     6023.5      0.0      0.0      0.0 2018  3 21  1 44 12.55 -Inf   1
1670  31.274700  110.837700     4.130    15641.3    34634.7    -2017.5      0.0      0.0      0.0 2018  3 21  4 12 53.10 -Inf   1
1629  31.038799  110.445297     8.370   -20760.5     8075.5     2567.3      0.0      0.0      0.0 2018  3 21  5  4  2.89 -Inf   1
1383  30.892200  110.438797     9.430   -21855.9    -7959.4     3453.5      0.0      0.0      0.0 2018  3 21  6 13  5.83 -Inf   1
1631  30.993500  110.445099     1.000   -20784.3     3053.2    -4802.7      0.0      0.0      0.0 2018  3 21  6 20 14.12 -Inf   1
1385  31.209801  110.312103     7.290   -33908.8    27252.6     1313.5      0.0      0.0      0.0 2018  3 21  6 25 35.69 -Inf   1
1674  31.166401  110.371300     4.180   -28863.5    22627.7    -1967.5      0.0      0.0      0.0 2018  3 21  6 36 43.73 -Inf   1
1634  30.851400  111.135101     6.370    45161.3   -12701.2      567.3      0.0      0.0      0.0 2018  3 21  7 31 31.77 -Inf   1
1678  30.854799  111.141296     5.860    44697.9   -11919.2     -287.5      0.0      0.0      0.0 2018  3 21  9 11 24.43 -Inf   1
1389  30.848200  111.140900     6.210    44840.6   -12580.1      164.9      0.0      0.0      0.0 2018  3 21  9 12 16.60 -Inf   1
1391  30.971800  110.392700     1.060   -26250.8      865.7    -4916.5      0.0      0.0      0.0 2018  3 21 10  1  6.69 -Inf   1
1681  30.961399  110.825699     4.360    14520.2     -100.6    -1787.5      0.0      0.0      0.0 2018  3 21 10 36 56.61 -Inf   1
1641  30.930300  111.169296     0.910    48410.4    -3953.7    -4892.7      0.0      0.0      0.0 2018  3 21 15 13 52.16 -Inf   1
1642  30.930300  111.170700     1.000    48544.5    -3953.7    -4802.7      0.0      0.0      0.0 2018  3 21 15 16 16.96 -Inf   1
1685  30.930401  110.342003     8.870   -31698.4    -3537.4     2722.5      0.0      0.0      0.0 2018  3 21 16 40 17.50 -Inf   1
1687  30.930401  110.792198     8.750    11321.3    -3537.4     2602.5      0.0      0.0      0.0 2018  3 21 19 56 24.52 -Inf   1
1647  30.928900  110.794601     8.440    12606.1    -4108.9     2637.3      0.0      0.0      0.0 2018  3 21 19 59 35.12 -Inf   1
1400  30.780199  110.766899     9.140     9508.3   -20376.8     3163.5      0.0      0.0      0.0 2018  3 21 20 30  3.24 -Inf   1
1401  30.933701  110.342697     8.810   -31034.0    -3358.3     2833.5      0.0      0.0      0.0 2018  3 21 20 34 35.20 -Inf   1
1399  30.933901  110.344200     8.900   -31309.1    -3078.5     2854.9      0.0      0.0      0.0 2018  3 21 20 36 48.12 -Inf   1
1692  31.028500  110.726898     7.550     5078.8     7338.7     1402.5      0.0      0.0      0.0 2018  3 21 20 44 29.56 -Inf   1
1694  31.158600  110.305496     1.000   -35145.2    21762.8    -5147.5      0.0      0.0      0.0 2018  3 21 22 33 46.44 -Inf   1
1401  30.859400  111.124802     5.970    43299.1   -11338.3      -75.1      0.0      0.0      0.0 2018  3 21 23 49 46.08 -Inf   1
1652  30.852900  111.134003     5.770    45055.9   -12535.0      -32.7      0.0      0.0      0.0 2018  3 21 23 50 21.36 -Inf   1
1403  31.156799  110.449402     4.970   -21231.8    21634.0    -1075.1      0.0      0.0      0.0 2018  3 22  0  6 47.92 -Inf   1
1406  30.849400  111.142700     6.150    45430.4   -12704.7      173.5      0.0      0.0      0.0 2018  3 22  0 47 17.85 -Inf   1
1654  30.847401  111.140297     6.810    45658.9   -13144.6     1007.3      0.0      0.0      0.0 2018  3 22  0 48 10.24 -Inf   1
1655  31.231100  110.058403     7.230   -57652.1    29395.7     1427.3      0.0      0.0      0.0 2018  3 22  3 47 53.98 -Inf   1
1410  31.204700  110.085800     1.000   -55503.7    26687.2    -4976.5      0.0      0.0      0.0 2018  3 22  4  1 59.43 -Inf   1
1657  31.142700  110.383598     1.000   -26638.5    19594.9    -4802.7      0.0      0.0      0.0 2018  3 22  4  4  7.57 -Inf   1
1658  31.016701  110.545898     1.000   -11154.1     5625.5    -4802.7      0.0      0.0      0.0 2018  3 22  4 29 15.25 -Inf   1
1659  30.992001  110.025200     1.000   -60895.5     2887.0    -4802.7      0.0      0.0      0.0 2018  3 22  5 15  4.01 -Inf   1
1660  30.974701  110.792900     1.000    12440.6      969.0    -4802.7      0.0      0.0      0.0 2018  3 22  7 20 51.47 -Inf   1
1661  30.982901  110.795799     1.000    12717.0     1878.1    -4802.7      0.0      0.0      0.0 2018  3 22  7 22 22.83 -Inf   1
1414  30.975300  110.392403     1.290   -26697.3     1511.4    -4755.1      0.0      0.0      0.0 2018  3 22  8  4  8.46 -Inf   1
1663  30.740000  110.842003     8.830    17152.4   -25052.0     3027.3      0.0      0.0      0.0 2018  3 22  8 59 54.15 -Inf   1
1418  30.852501  111.133698     6.170    44569.1   -12360.8      193.5      0.0      0.0      0.0 2018  3 22  9 11 11.11 -Inf   1
1665  30.852301  111.139900     6.150    45619.8   -12601.4      347.3      0.0      0.0      0.0 2018  3 22 10 22 24.49 -Inf   1
1666  30.846600  111.145699     6.770    46175.5   -13233.4      967.3      0.0      0.0      0.0 2018  3 22 10 23 43.17 -Inf   1
1709  31.100100  110.260597     0.390   -39442.6    15276.9    -5757.5      0.0      0.0      0.0 2018  3 22 14 34 44.39 -Inf   1
1669  30.929399  110.346100     9.150   -30251.2    -4053.5     3347.3      0.0      0.0      0.0 2018  3 22 19 52  9.08 -Inf   1
1714  30.958300  111.188400     0.150    49174.4     -444.3    -5997.5      0.0      0.0      0.0 2018  3 22 21 49 17.78 -Inf   1
1715  31.130400  110.305199     3.970   -35178.8    18636.3    -2177.5      0.0      0.0      0.0 2018  3 22 23  9  6.40 -Inf   1
1717  30.852400  111.133499     6.510    43953.0   -12185.3      362.5      0.0      0.0      0.0 2018  3 23  0  1  7.50 -Inf   1
1676  30.843700  111.143997     6.300    46013.5   -13554.9      497.3      0.0      0.0      0.0 2018  3 23  2 17 41.07 -Inf   1
1677  30.844900  111.142899     6.940    45908.2   -13421.9     1137.3      0.0      0.0      0.0 2018  3 23  2 18 29.93 -Inf   1
1430  30.925900  110.786400     8.520    11364.6    -4223.2     2543.5      0.0      0.0      0.0 2018  3 23  2 24  8.07 -Inf   1
1428  30.913700  110.328903     3.880   -32774.3    -5318.1    -2165.1      0.0      0.0      0.0 2018  3 23  3 42 50.59 -Inf   1
1429  30.849100  111.135201     5.780    44295.5   -12480.3     -265.1      0.0      0.0      0.0 2018  3 23  6 44 13.21 -Inf   1
1684  31.049299  110.418602    10.390   -23308.7     9239.7     4587.3      0.0      0.0      0.0 2018  3 23  6 49 29.86 -Inf   1
1685  30.955000  109.969299    12.000   -66248.2    -1215.2     6197.3      0.0      0.0      0.0 2018  3 23  7 16 44.35 -Inf   1
1436  30.597099  110.867699    14.000     5367.0    -3440.5     4346.7      0.0      0.0      0.0 2018  3 23  8 54  1.22 -Inf   2
1725  30.854099  111.141197     6.690    44688.6   -11996.8      542.5      0.0      0.0      0.0 2018  3 23  9  1 46.84 -Inf   1
1726  30.852800  111.140999     6.290    44669.9   -12140.8      142.5      0.0      0.0      0.0 2018  3 23  9  2 47.00 -Inf   1
1689  30.880600  111.017097     4.040    33875.6    -9463.9    -1762.7      0.0      0.0      0.0 2018  3 23 12 16 44.45 -Inf   1
1691  31.043600  110.454201     7.770   -19909.7     8607.8     1967.3      0.0      0.0      0.0 2018  3 23 21 13 26.64 -Inf   1
1441  30.774799  110.767403     8.950     9556.7   -20975.5     2973.5      0.0      0.0      0.0 2018  3 23 21 31 27.64 -Inf   1
1693  31.074301  110.281197     1.000   -36425.7    12011.5    -4802.7      0.0      0.0      0.0 2018  3 23 21 40 49.44 -Inf   1
1443  30.857300  111.128700     6.490    44090.3   -11828.8      513.5      0.0      0.0      0.0 2018  3 24  0 13 44.21 -Inf   1
1444  30.853001  111.135300     5.810    44722.1   -12305.4     -166.5      0.0      0.0      0.0 2018  3 24  0 14 16.81 -Inf   1
1441  31.049299  110.442101     9.510   -21941.0     9715.6     3464.9      0.0      0.0      0.0 2018  3 24  0 36  3.77 -Inf   1
1733  30.883900  111.012802     5.080    32409.5    -8692.9    -1067.5      0.0      0.0      0.0 2018  3 24  0 58 20.37 -Inf   1
1447  30.853100  111.137901     6.180    44970.8   -12294.4      203.5      0.0      0.0      0.0 2018  3 24  1 32 34.33 -Inf   1
1445  30.848499  111.134804     6.260    44257.7   -12546.9      214.9      0.0      0.0      0.0 2018  3 24  1 33 19.80 -Inf   1
1449  31.113899  110.475899     1.160   -18288.8    16620.1    -4816.5      0.0      0.0      0.0 2018  3 24  3 57 35.08 -Inf   1
1737  30.928600  110.758003    10.950     8053.8    -3737.0     4802.5      0.0      0.0      0.0 2018  3 24  4 49 33.88 -Inf   1
1704  31.016600  110.467300     1.000   -18661.3     5614.3    -4802.7      0.0      0.0      0.0 2018  3 24  5 56 56.76 -Inf   1
1449  30.733801  110.972298     8.380    28739.4   -25263.4     2334.9      0.0      0.0      0.0 2018  3 24  7 28  8.69 -Inf   1
1454  30.962200  110.009903    14.000   -62825.0     -198.6     8023.5      0.0      0.0      0.0 2018  3 24  8 19 48.03 -Inf   1
1450  30.854799  111.132599     5.970    44045.5   -11848.4      -75.1      0.0      0.0      0.0 2018  3 24  8 25 33.21 -Inf   1
1451  31.031799  110.406898    16.960   -25305.0     7775.4    10914.9      0.0      0.0      0.0 2018  3 24  9 38 10.93 -Inf   1
1457  30.853600  111.140404     5.470    45209.9   -12239.0     -506.5      0.0      0.0      0.0 2018  3 24  9 56 39.65 -Inf   1
1458  30.851700  111.140701     6.450    45238.8   -12449.6      473.5      0.0      0.0      0.0 2018  3 24  9 59 18.54 -Inf   1
1709  31.033100  110.436996     1.920   -21553.8     7443.7    -3882.7      0.0      0.0      0.0 2018  3 24 12  7 52.21 -Inf   1
1743  31.088200  110.418404     7.570   -24377.7    13957.6     1422.5      0.0      0.0      0.0 2018  3 24 15 23 29.49 -Inf   1
1461  30.936600  111.171997     0.810    48209.3    -3036.9    -5166.5      0.0      0.0      0.0 2018  3 24 16  0  8.29 -Inf   1
1712  30.931601  110.761101    10.600     9404.7    -3809.5     4797.3      0.0      0.0      0.0 2018  3 24 16 33 10.46 -Inf   1
1746  31.065701  110.292900     1.000   -36365.0    11463.2    -5147.5      0.0      0.0      0.0 2018  3 24 17 35 40.28 -Inf   1
1457  31.044201  110.174202     5.920   -47526.3     9150.3     -125.1      0.0      0.0      0.0 2018  3 24 17 49 19.38 -Inf   1
1458  30.847500  111.141197     6.150    44869.2   -12657.7      104.9      0.0      0.0      0.0 2018  3 25  0  5  9.46 -Inf   1
1461  30.836300  111.141701     7.800    44919.9   -13899.4     1754.9      0.0      0.0      0.0 2018  3 25  1 23 53.36 -Inf   1
1721  30.883600  111.014999     5.230    33674.5    -9131.2     -572.7      0.0      0.0      0.0 2018  3 25  1 25 12.98 -Inf   1
1470  31.056400  110.115196     4.160   -52739.4    10245.3    -1816.5      0.0      0.0      0.0 2018  3 25  1 39 17.76 -Inf   1
1471  30.931801  110.791496     9.480    11851.3    -3568.9     3503.5      0.0      0.0      0.0 2018  3 25  2 26 58.63 -Inf   1
1723  31.045200  110.450401     9.600   -20272.3     8785.2     3797.3      0.0      0.0      0.0 2018  3 25  2 49 52.09 -Inf   1
1464  30.876301  111.013298     6.570    32637.2    -9464.6      524.9      0.0      0.0      0.0 2018  3 25  3 44 21.05 -Inf   1
1757  31.032101  110.459602    13.990   -20450.1     7738.0     7842.5      0.0      0.0      0.0 2018  3 25  6 12 14.84 -Inf   1
1727  31.027000  110.434196     0.700   -21822.0     6767.4    -5102.7      0.0      0.0      0.0 2018  3 25  6 22 48.05 -Inf   1
1760  30.902901  110.719002     8.030     4327.4    -6586.3     1882.5      0.0      0.0      0.0 2018  3 25  9 22 57.95 -Inf   1
1761  31.024799  110.721298     8.810     4544.0     6928.5     2662.5      0.0      0.0      0.0 2018  3 25  9 42 24.03 -Inf   1
1762  30.855499  111.133698     6.520    43971.3   -11841.6      372.5      0.0      0.0      0.0 2018  3 25  9 55  9.29 -Inf   1
1732  30.849199  111.139198     6.470    45553.4   -12945.2      667.3      0.0      0.0      0.0 2018  3 25  9 56 19.41 -Inf   1
1764  31.032499  110.728897     7.160     5269.6     7782.2     1012.5      0.0      0.0      0.0 2018  3 25 10 26 24.17 -Inf   1
1734  30.938400  110.516998     4.020   -13920.1    -3055.6    -1782.7      0.0      0.0      0.0 2018  3 25 11 31 33.04 -Inf   1
1482  31.093399  110.419403     8.450   -23684.7    14347.3     2473.5      0.0      0.0      0.0 2018  3 25 14 59  3.15 -Inf   1
1483  31.028099  110.574898    11.860    -8841.7     7107.6     5883.5      0.0      0.0      0.0 2018  3 25 20 22 14.72 -Inf   1
1737  31.025600  110.725899     8.610     6038.0     6612.2     2807.3      0.0      0.0      0.0 2018  3 25 21  8  1.80 -Inf   1
1485  31.113199  110.442101     1.000   -21515.4    16542.5    -4976.5      0.0      0.0      0.0 2018  3 25 21 26  3.32 -Inf   1
1476  30.850201  111.134598     5.970    44237.6   -12358.2      -75.1      0.0      0.0      0.0 2018  3 25 23 55 22.78 -Inf   1
1487  30.849899  111.136902     6.910    44876.0   -12649.3      933.5      0.0      0.0      0.0 2018  3 25 23 56 11.48 -Inf   1
1774  30.909800  110.774101     9.950     9593.0    -5821.4     3802.5      0.0      0.0      0.0 2018  3 26  3 20 23.18 -Inf   1
1744  31.174601  110.352600     1.000   -29592.4    23131.7    -4802.7      0.0      0.0      0.0 2018  3 26  3 45 49.16 -Inf   1
1776  31.033701  110.525299    11.630   -14175.4     7915.4     5482.5      0.0      0.0      0.0 2018  3 26  4 17 46.05 -Inf   1
1777  30.877701  110.752296     5.050     7510.4    -9380.2    -1097.5      0.0      0.0      0.0 2018  3 26  4 50 25.00 -Inf   1
1748  30.970501  110.379997     1.000   -27006.3      503.4    -4802.7      0.0      0.0      0.0 2018  3 26  5 15 59.63 -Inf   1
1749  31.041201  110.736900     6.120     7088.2     8341.8      317.3      0.0      0.0      0.0 2018  3 26  5 52 38.41 -Inf   1
1751  31.018999  110.720299     8.890     5503.4     5880.3     3087.3      0.0      0.0      0.0 2018  3 26  6 59 44.07 -Inf   1
1486  30.845699  111.133202     6.350    44105.2   -12857.3      304.9      0.0      0.0      0.0 2018  3 26  7 42 34.34 -Inf   1
1753  30.849001  111.134003     6.000    45056.8   -12967.2      197.3      0.0      0.0      0.0 2018  3 26  7 43 21.54 -Inf   1
1754  30.843399  111.139702     6.800    45602.9   -13588.3      997.3      0.0      0.0      0.0 2018  3 26  7 45 59.14 -Inf   1
1489  30.847401  111.146698     5.820    45395.1   -12668.7     -225.1      0.0      0.0      0.0 2018  3 26  7 47 11.78 -Inf   1
1503  30.893200  111.042198     7.370    35814.6    -7848.6     1393.5      0.0      0.0      0.0 2018  3 26  9 10 39.64 -Inf   1
1757  30.862700  111.104698     5.490    42252.4   -11448.5     -312.7      0.0      0.0      0.0 2018  3 26 10 28 38.53 -Inf   1
1506  31.021799  110.720299     9.910     5045.5     6409.1     3933.5      0.0      0.0      0.0 2018  3 26 15 56 47.19 -Inf   1
1760  31.052000  110.448700     6.480   -20434.1     9539.1      677.3      0.0      0.0      0.0 2018  3 26 18  5 56.12 -Inf   1
1791  31.095501  110.450699     2.060   -21293.4    14767.1    -4087.5      0.0      0.0      0.0 2018  3 26 19 18 26.18 -Inf   1
1495  30.858299  111.132896     6.190    44073.2   -11460.4      144.9      0.0      0.0      0.0 2018  3 26 23 38  1.26 -Inf   1
1496  30.865601  111.140999     7.200    44846.0   -10650.9     1154.9      0.0      0.0      0.0 2018  3 26 23 39 20.46 -Inf   1
1764  30.854300  111.132004     6.070    44864.5   -12379.8      267.3      0.0      0.0      0.0 2018  3 26 23 58 22.60 -Inf   1
1765  30.997999  110.027298     6.000   -60693.2     3552.1      197.3      0.0      0.0      0.0 2018  3 27  0 21  1.64 -Inf   1
1795  31.225100  110.077904     7.290   -56848.0    29135.5     1142.5      0.0      0.0      0.0 2018  3 27  3 49  1.23 -Inf   1
1514  30.893299  110.723999     5.290     5402.6    -7837.6     -686.5      0.0      0.0      0.0 2018  3 27  4  0 12.80 -Inf   1
1769  30.983299  110.371498     1.430   -27816.5     1922.3    -4372.7      0.0      0.0      0.0 2018  3 27  4  6 31.30 -Inf   1
1770  30.851801  111.131203     6.350    44788.5   -12656.8      547.3      0.0      0.0      0.0 2018  3 27  4  8 59.37 -Inf   1
1771  30.977100  110.376404     6.640   -27348.7     1235.0      837.3      0.0      0.0      0.0 2018  3 27  4 20  9.33 -Inf   1
1800  30.962700  109.982697    10.000   -66021.9       43.6     3852.5      0.0      0.0      0.0 2018  3 27  4 34 27.06 -Inf   1
1774  30.708799  110.948402     3.870    27333.9   -28511.2    -1932.7      0.0      0.0      0.0 2018  3 27  6 39  9.48 -Inf   1
1775  31.022301  110.446404     1.000   -20656.6     6246.4    -4802.7      0.0      0.0      0.0 2018  3 27  7  2 11.64 -Inf   1
1803  30.707500  110.943703     4.130    25828.5   -28250.1    -2017.5      0.0      0.0      0.0 2018  3 27  7  9 38.23 -Inf   1
1509  30.857000  111.130096     6.050    43805.8   -11604.4        4.9      0.0      0.0      0.0 2018  3 27  7 16 25.12 -Inf   1
1778  30.850599  111.141296     5.750    45753.7   -12790.0      -52.7      0.0      0.0      0.0 2018  3 27  7 43 38.95 -Inf   1
1525  30.854200  111.134903     5.620    44683.9   -12172.4     -356.5      0.0      0.0      0.0 2018  3 27  7 45 12.58 -Inf   1
1807  30.809999  110.932602     3.990    24753.4   -16886.1    -2157.5      0.0      0.0      0.0 2018  3 27  7 46 33.40 -Inf   1
1781  31.028601  110.456802     1.000   -19662.7     6944.8    -4802.7      0.0      0.0      0.0 2018  3 27  8 21 53.88 -Inf   1
1809  31.028200  110.476402     1.000   -18845.9     7305.5    -5147.5      0.0      0.0      0.0 2018  3 27  8 30 48.08 -Inf   1
1810  30.808201  110.952301     3.070    26637.2   -17085.5    -3077.5      0.0      0.0      0.0 2018  3 27  8 50 57.62 -Inf   1
1516  31.134199  110.024498     4.000   -61794.4    19128.3    -2045.1      0.0      0.0      0.0 2018  3 27  9 56  6.99 -Inf   1
1517  30.880699  111.014603     4.780    32761.2    -8976.9    -1265.1      0.0      0.0      0.0 2018  3 27 11 33 44.29 -Inf   1
1786  30.842300  110.472397     1.000   -18190.9   -13710.1    -4802.7      0.0      0.0      0.0 2018  3 27 16  6 46.71 -Inf   1
1532  31.159401  110.230904     6.920   -41667.6    21664.9      943.5      0.0      0.0      0.0 2018  3 27 16 36 18.24 -Inf   1
1533  30.689800  110.937599    10.470    25844.6   -30399.3     4493.5      0.0      0.0      0.0 2018  3 27 17 10  1.08 -Inf   1
1522  30.849600  111.134697     6.600    44247.3   -12424.9      554.9      0.0      0.0      0.0 2018  3 27 23 42 58.92 -Inf   1
1535  30.849001  111.138802     6.820    45057.8   -12748.9      843.5      0.0      0.0      0.0 2018  3 27 23 44 20.68 -Inf   1
1793  30.848101  111.132698     6.160    44932.3   -13067.0      357.3      0.0      0.0      0.0 2018  3 27 23 45 32.38 -Inf   1
1795  31.166700  110.377098     1.560   -27255.5    22255.8    -4242.7      0.0      0.0      0.0 2018  3 28  3 14  6.48 -Inf   1
1822  31.044600  110.455399     7.790   -20850.2     9123.7     1642.5      0.0      0.0      0.0 2018  3 28  3 43 43.39 -Inf   1
1798  30.887800  111.012100     6.460    33396.7    -8665.6      657.3      0.0      0.0      0.0 2018  3 28  4 47 50.53 -Inf   1
1824  30.757401  110.852097     8.220    17060.3   -22717.7     2072.5      0.0      0.0      0.0 2018  3 28  5 48 47.20 -Inf   1
1542  31.126200  110.394402     2.020   -26067.3    17983.9    -3956.5      0.0      0.0      0.0 2018  3 28  6 18 40.94 -Inf   1
1532  30.851200  111.141899     5.570    44935.4   -12247.4     -475.1      0.0      0.0      0.0 2018  3 28  7 23 16.04 -Inf   1
1533  30.847000  111.144699     5.770    45204.1   -12713.1     -275.1      0.0      0.0      0.0 2018  3 28  7 24 34.34 -Inf   1
1827  31.107500  110.436096     0.240   -22686.2    16097.4    -5907.5      0.0      0.0      0.0 2018  3 28  8 26 52.42 -Inf   1
1803  30.857000  111.135803     6.490    45227.1   -12080.3      687.3      0.0      0.0      0.0 2018  3 28  8 28 25.98 -Inf   1
1547  30.777901  110.767303    11.510     9547.1   -20631.7     5533.5      0.0      0.0      0.0 2018  3 28  9 34 35.32 -Inf   1
1805  30.972200  109.975197    12.000   -65678.9      691.8     6197.3      0.0      0.0      0.0 2018  3 28 10 39 46.62 -Inf   1
1540  31.023001  110.718697    10.860     4474.4     6799.9     4814.9      0.0      0.0      0.0 2018  3 28 13 45 58.10 -Inf   1
1549  31.019699  110.721298     8.840     5141.1     6176.3     2863.5      0.0      0.0      0.0 2018  3 28 14 32 26.35 -Inf   1
1550  31.083200  110.136803     2.920   -50669.0    13216.6    -3056.5      0.0      0.0      0.0 2018  3 28 15  7 46.72 -Inf   1
1543  31.069599  110.152496     6.230   -49592.7    11966.2      184.9      0.0      0.0      0.0 2018  3 28 15 12  2.39 -Inf   1
1811  31.084700  110.265999     1.000   -37874.9    13164.5    -4802.7      0.0      0.0      0.0 2018  3 28 17  3 29.34 -Inf   1
1813  30.890400  110.770500    10.000    10305.1    -8377.3     4197.3      0.0      0.0      0.0 2018  3 28 18  3 34.84 -Inf   1
1838  30.903500  110.781303     6.670    10281.7    -6519.9      522.5      0.0      0.0      0.0 2018  3 28 18 59 11.16 -Inf   1
1555  30.901501  110.774101    11.310    10190.7    -6928.3     5333.5      0.0      0.0      0.0 2018  3 28 19 27 47.76 -Inf   1
1548  30.926701  110.760002    11.130     8423.8    -3876.8     5084.9      0.0      0.0      0.0 2018  3 28 20  7 43.04 -Inf   1
1841  30.932301  110.762497    11.190     8483.0    -3326.7     5042.5      0.0      0.0      0.0 2018  3 28 20 51 36.52 -Inf   1
1842  30.936199  110.766998    10.370     8913.0    -2894.5     4222.5      0.0      0.0      0.0 2018  3 28 22 15  6.28 -Inf   1
1551  30.938499  110.768799     9.890     9263.8    -2568.7     3844.9      0.0      0.0      0.0 2018  3 28 22 43 22.80 -Inf   1
1561  30.940201  110.771599     9.550     9949.5    -2637.6     3573.5      0.0      0.0      0.0 2018  3 28 23  2 41.76 -Inf   1
1562  30.937700  110.773903     8.880    10169.8    -2914.9     2903.5      0.0      0.0      0.0 2018  3 28 23  5  8.96 -Inf   1
1846  30.935499  110.776001     8.530     9773.3    -2972.1     2382.5      0.0      0.0      0.0 2018  3 28 23 38 58.92 -Inf   1
1824  30.847900  111.138199     6.270    45458.2   -13089.2      467.3      0.0      0.0      0.0 2018  3 28 23 43 54.10 -Inf   1
1557  30.847300  111.142799     6.230    45022.4   -12679.9      184.9      0.0      0.0      0.0 2018  3 28 23 45 18.84 -Inf   1
1826  30.926600  110.771896     9.000    10436.6    -4363.9     3197.3      0.0      0.0      0.0 2018  3 29  0  9 36.49 -Inf   1
1827  30.939400  110.766800     9.950     9948.9    -2944.8     4147.3      0.0      0.0      0.0 2018  3 29  0 53 21.45 -Inf   1
1566  30.854700  111.133904     6.150    44588.2   -12117.0      173.5      0.0      0.0      0.0 2018  3 29  1  1  5.39 -Inf   1
1561  31.040501  110.443001     1.500   -21856.0     8740.1    -4545.1      0.0      0.0      0.0 2018  3 29  1 22 15.03 -Inf   1
1830  30.934000  110.763496    10.290     9633.5    -3543.4     4487.3      0.0      0.0      0.0 2018  3 29  2 48 31.13 -Inf   1
1831  30.966299  110.387299     1.000   -26309.4       37.5    -4802.7      0.0      0.0      0.0 2018  3 29  3 39 46.24 -Inf   1
1832  30.952299  109.987000    12.000   -64557.9    -1514.6     6197.3      0.0      0.0      0.0 2018  3 29  3 55 13.47 -Inf   1
1856  31.137899  110.034401     8.000   -61026.4    19467.8     1852.5      0.0      0.0      0.0 2018  3 29  4 15 16.34 -Inf   1
1572  30.716101  110.854897    10.200    17929.6   -27483.4     4223.5      0.0      0.0      0.0 2018  3 29  7 34 48.81 -Inf   1
1567  30.938101  110.767799     9.770     9168.3    -2612.9     3724.9      0.0      0.0      0.0 2018  3 29 12 49 36.95 -Inf   1
1862  30.936100  110.767601     8.950     8970.6    -2905.5     2802.5      0.0      0.0      0.0 2018  3 29 16 46 35.31 -Inf   1
1836  30.929300  110.790497    10.610    12213.8    -4064.5     4807.3      0.0      0.0      0.0 2018  3 29 19 15 42.56 -Inf   1
1838  30.933901  110.768898     9.490    10149.7    -3554.4     3687.3      0.0      0.0      0.0 2018  3 29 21 32 54.84 -Inf   1
1572  31.025000  110.305603     4.720   -34980.8     7021.5    -1325.1      0.0      0.0      0.0 2018  3 29 23  7 17.84 -Inf   1
1574  30.939301  110.771896     9.250     9559.8    -2479.8     3204.9      0.0      0.0      0.0 2018  3 30  2 46 24.25 -Inf   1
1575  30.940800  110.768501    10.140     9235.3    -2313.6     4094.9      0.0      0.0      0.0 2018  3 30  2 59 40.01 -Inf   1
1578  30.872499  111.061996     7.880    37292.8    -9886.0     1834.9      0.0      0.0      0.0 2018  3 30  4 20  8.22 -Inf   1
1583  30.870600  111.207703    15.140    51638.8   -10354.2     9163.5      0.0      0.0      0.0 2018  3 30  4 55  3.10 -Inf   1
1846  31.013700  110.463997     1.000   -18977.1     5292.9    -4802.7      0.0      0.0      0.0 2018  3 30  7 15 41.33 -Inf   1
1580  30.881701  111.065102     7.890    37587.8    -8865.9     1844.9      0.0      0.0      0.0 2018  3 30  7 23 38.09 -Inf   1
1874  30.860800  111.135696     6.010    44161.2   -11254.0     -137.5      0.0      0.0      0.0 2018  3 30  7 50 35.51 -Inf   1
1849  30.987301  110.802597     1.000    13366.1     2366.0    -4802.7      0.0      0.0      0.0 2018  3 30  7 54 44.34 -Inf   1
1875  30.854300  111.132202     7.040    43828.6   -11974.6      892.5      0.0      0.0      0.0 2018  3 30 10  9 16.05 -Inf   1
1851  30.855900  111.146599     5.710    46259.3   -12202.3      -92.7      0.0      0.0      0.0 2018  3 30 10 10 11.91 -Inf   1
1853  31.082199  110.161903     2.580   -47814.5    12887.2    -3222.7      0.0      0.0      0.0 2018  3 30 12 48 48.73 -Inf   1
1585  31.080601  110.172203     1.630   -47708.2    13186.0    -4415.1      0.0      0.0      0.0 2018  3 30 12 52  3.32 -Inf   1
1855  30.992300  110.785301     1.000    11713.5     2920.2    -4802.7      0.0      0.0      0.0 2018  3 30 14 11 13.44 -Inf   1
1880  31.157301  110.341797     3.580   -31680.7    21618.8    -2567.5      0.0      0.0      0.0 2018  3 30 14 15 28.75 -Inf   1
1595  30.865900  110.811203     8.280    13739.1   -10875.3     2303.5      0.0      0.0      0.0 2018  3 30 14 20  6.03 -Inf   1
1858  31.026199  110.451401     6.380   -20178.9     6678.6      577.3      0.0      0.0      0.0 2018  3 30 15 46 18.52 -Inf   1
1589  31.041800  110.451103     5.060   -21082.0     8884.1     -985.1      0.0      0.0      0.0 2018  3 30 16 41 30.43 -Inf   1
1860  31.153299  110.518799     7.640   -13732.7    20770.0     1837.3      0.0      0.0      0.0 2018  3 30 17 43 19.60 -Inf   1
1861  31.087400  110.157600     0.770   -48224.0    13463.9    -5032.7      0.0      0.0      0.0 2018  3 30 18 34 59.64 -Inf   1
1885  31.077700  110.175797     4.610   -47544.4    12793.5    -1537.5      0.0      0.0      0.0 2018  3 30 18 35  0.04 -Inf   1
1886  31.055901  110.442703     5.450   -22061.3    10376.6     -697.5      0.0      0.0      0.0 2018  3 30 20 26 31.20 -Inf   1
1887  30.936501  110.781998     7.580    10346.2    -2861.1     1432.5      0.0      0.0      0.0 2018  3 30 20 45 22.90 -Inf   1
1593  30.852100  111.137100     6.740    44476.4   -12147.6      694.9      0.0      0.0      0.0 2018  3 30 23 54 59.04 -Inf   1
1604  31.083799  110.165398     8.930   -47938.6    13283.0     2953.5      0.0      0.0      0.0 2018  3 31  0 55  1.12 -Inf   1
1595  30.978399  110.387802     0.970   -27136.4     1855.0    -5075.1      0.0      0.0      0.0 2018  3 31  2 15 52.08 -Inf   1
1869  30.867001  111.100098     6.950    41811.7   -10971.6     1147.3      0.0      0.0      0.0 2018  3 31  2 36 32.77 -Inf   1
1608  30.837601  111.147598     6.580    45901.5   -14012.8      603.5      0.0      0.0      0.0 2018  3 31  2 55 43.27 -Inf   1
1609  30.860600  111.137299     5.780    44911.4   -11462.9     -196.5      0.0      0.0      0.0 2018  3 31  2 56 51.10 -Inf   1
1599  30.800501  110.909599     0.500    22734.1   -17868.4    -5545.1      0.0      0.0      0.0 2018  3 31  3 39 46.86 -Inf   1
1895  31.076000  110.182503     6.290   -46904.5    12605.1      142.5      0.0      0.0      0.0 2018  3 31  4 35 49.56 -Inf   1
1601  30.792000  110.929604     5.160    24648.1   -18810.9     -885.1      0.0      0.0      0.0 2018  3 31  8 21 59.28 -Inf   1
1613  30.853701  110.114098     4.100   -52899.8   -12227.8    -1876.5      0.0      0.0      0.0 2018  3 31  8 59 52.82 -Inf   1
1604  30.851900  111.130699     5.950    43864.6   -12169.8      -95.1      0.0      0.0      0.0 2018  3 31 10  2 38.63 -Inf   1
1615  30.867201  111.151299    11.650    46248.1   -10731.1     5673.5      0.0      0.0      0.0 2018  3 31 10 12 34.31 -Inf   1
1900  30.893999  111.146797     6.220    45214.6    -7573.2       72.5      0.0      0.0      0.0 2018  3 31 14 30 38.27 -Inf   1
1880  30.940701  110.770103     9.610    10264.5    -2800.6     3807.3      0.0      0.0      0.0 2018  3 31 18 20 22.18 -Inf   1
1882  30.935900  110.766403     9.850     9911.2    -3332.8     4047.3      0.0      0.0      0.0 2018  3 31 21 10  4.58 -Inf   1
1904  31.159000  110.287201     2.130   -36891.3    21807.2    -4017.5      0.0      0.0      0.0 2018  3 31 21 11  6.52 -Inf   1
1884  31.081600  110.174004     1.760   -46659.3    12820.8    -4042.7      0.0      0.0      0.0 2018  3 31 23 33 49.20 -Inf   1
1906  30.858101  111.134804     6.380    44076.5   -11553.2      232.5      0.0      0.0      0.0 2018  3 31 23 40 25.00 -Inf   1
1907  30.852900  111.137100     6.380    44297.2   -12129.9      232.5      0.0      0.0      0.0 2018  3 31 23 41 32.66 -Inf   1
1887  30.849600  111.137299     6.020    45371.7   -12900.8      217.3      0.0      0.0      0.0 2018  3 31 23 55 46.30 -Inf   1
1888  30.974701  109.962303    10.000   -66909.8      969.0     4197.3      0.0      0.0      0.0 2018  4  1  3  7 43.73 -Inf   1
1889  31.270599  110.858704     1.820    18698.2    33775.0    -3982.7      0.0      0.0      0.0 2018  4  1  3 30 26.72 -Inf   1
1625  30.807699  110.936600     1.150    25733.4   -17327.9    -4826.5      0.0      0.0      0.0 2018  4  1  3 54 52.90 -Inf   1
1912  30.848200  111.130997     5.830    43714.8   -12650.9     -317.5      0.0      0.0      0.0 2018  4  1  7 20 54.70 -Inf   1
1627  30.847601  111.138000     6.490    44981.5   -12904.1      513.5      0.0      0.0      0.0 2018  4  1  7 49  5.48 -Inf   1
1616  30.893101  111.038498     4.200    35042.9    -7602.0    -1845.1      0.0      0.0      0.0 2018  4  1  9 17 24.62 -Inf   1
1897  31.016199  110.468102     1.000   -18584.8     5569.9    -4802.7      0.0      0.0      0.0 2018  4  1 11  6  8.24 -Inf   1
1898  31.034401  110.463898     1.000   -18984.5     7587.9    -4802.7      0.0      0.0      0.0 2018  4  1 11 18 42.82 -Inf   1
1633  31.158300  110.333702     1.000   -31856.4    21542.8    -4976.5      0.0      0.0      0.0 2018  4  1 13 49 14.66 -Inf   1
1635  31.070700  110.816498    10.350    14230.1    11830.6     4373.5      0.0      0.0      0.0 2018  4  1 18 54 34.04 -Inf   1
1622  31.063601  110.808800     7.270    13077.6    11301.2     1224.9      0.0      0.0      0.0 2018  4  1 19 16 45.76 -Inf   1
1623  31.076000  110.818298    10.390    13983.7    12675.9     4344.9      0.0      0.0      0.0 2018  4  1 20 36 59.36 -Inf   1
1925  31.067499  110.810501     1.000    13061.0    11662.6    -5147.5      0.0      0.0      0.0 2018  4  1 22 37 17.74 -Inf   1
1641  30.852699  111.133698     6.890    44569.0   -12338.8      913.5      0.0      0.0      0.0 2018  4  1 23 31 18.40 -Inf   1
1928  30.852100  111.135902     6.510    44182.9   -12218.5      362.5      0.0      0.0      0.0 2018  4  2  1 48 28.61 -Inf   1
1643  30.845900  111.139198     6.100    45096.5   -13092.7      123.5      0.0      0.0      0.0 2018  4  2  1 49 22.12 -Inf   1
1914  31.202200  110.186401     4.920   -45447.0    26191.6     -882.7      0.0      0.0      0.0 2018  4  2  3 33 11.34 -Inf   1
1915  31.068899  110.814903     9.020    14535.5    11412.7     3217.3      0.0      0.0      0.0 2018  4  2  4  5 25.45 -Inf   1
1932  31.060699  110.811203     6.770    13128.5    10908.7      622.5      0.0      0.0      0.0 2018  4  2  4  6 22.20 -Inf   1
1933  31.068399  110.813004     8.930    13299.9    11762.4     2782.5      0.0      0.0      0.0 2018  4  2  4  7 20.17 -Inf   1
1935  31.024599  110.478500    16.270   -18645.9     6906.3    10122.5      0.0      0.0      0.0 2018  4  2  4  8 38.04 -Inf   1
1639  31.073099  110.817497     9.660    13907.4    12354.3     3614.9      0.0      0.0      0.0 2018  4  2  4  9 27.64 -Inf   1
1937  31.063801  110.812798     8.330    13280.5    11252.5     2182.5      0.0      0.0      0.0 2018  4  2  4 11 36.68 -Inf   1
1923  31.027000  110.834801     8.570    16439.0     6767.4     2767.3      0.0      0.0      0.0 2018  4  2  4 19 50.96 -Inf   1
1644  31.061001  110.824097     2.030    14538.5    11012.9    -4015.1      0.0      0.0      0.0 2018  4  2  4 20 54.30 -Inf   1
1656  30.977900  109.983101    12.000   -65380.4     1542.0     6023.5      0.0      0.0      0.0 2018  4  2  4 23 49.13 -Inf   1
1926  31.064199  110.813599     6.220    14411.3    10891.6      417.3      0.0      0.0      0.0 2018  4  2  4 43  2.13 -Inf   1
1659  31.064301  110.816200     7.810    14202.1    11121.2     1833.5      0.0      0.0      0.0 2018  4  2  4 44 22.34 -Inf   1
1928  31.071699  110.813202     8.140    14372.8    11723.1     2337.3      0.0      0.0      0.0 2018  4  2  5  3 48.58 -Inf   1
1663  30.849400  111.136398     5.750    44828.0   -12704.7     -226.5      0.0      0.0      0.0 2018  4  2  5 27 32.69 -Inf   1
1946  30.985701  110.043800     8.740   -60176.7     2593.7     2592.5      0.0      0.0      0.0 2018  4  2  5 34 21.62 -Inf   1
1665  30.979900  109.974197    10.000   -66230.3     1763.8     4023.5      0.0      0.0      0.0 2018  4  2  5 52 38.99 -Inf   1
1947  30.772499  110.902496     4.540    21879.0   -21043.8    -1607.5      0.0      0.0      0.0 2018  4  2  6 37 27.25 -Inf   1
1651  30.924299  110.786301     7.180    10937.0    -4143.0     1134.9      0.0      0.0      0.0 2018  4  2  7 18 52.16 -Inf   1
1935  30.855101  111.134804     5.930    45132.0   -12290.9      127.3      0.0      0.0      0.0 2018  4  2  8 22 46.18 -Inf   1
1950  30.853901  111.140404     6.330    44612.7   -12018.8      182.5      0.0      0.0      0.0 2018  4  2  8 23 45.76 -Inf   1
1937  31.026501  110.727097     8.510     6152.4     6712.0     2707.3      0.0      0.0      0.0 2018  4  2  8 37 22.06 -Inf   1
1952  31.014601  110.067703     1.000   -57884.6     5797.8    -5147.5      0.0      0.0      0.0 2018  4  2  9  7  2.64 -Inf   1
1938  30.835199  111.129402     6.540    44620.2   -14497.4      737.3      0.0      0.0      0.0 2018  4  2  9  8 15.16 -Inf   1
1955  31.084600  110.171700     4.340   -47933.9    13558.6    -1807.5      0.0      0.0      0.0 2018  4  2 14 12 36.37 -Inf   1
1940  31.164301  110.331703     1.740   -31588.3    21989.8    -4062.7      0.0      0.0      0.0 2018  4  2 14 55 43.34 -Inf   1
1657  31.011400  110.540901    10.420   -12508.0     5513.8     4374.9      0.0      0.0      0.0 2018  4  2 17 57 11.10 -Inf   1
1676  31.143499  110.268303     1.000   -38101.3    19901.9    -4976.5      0.0      0.0      0.0 2018  4  2 21  0 34.24 -Inf   1
1943  31.043501  110.452599     1.410   -20062.7     8596.8    -4392.7      0.0      0.0      0.0 2018  4  2 21 48 55.26 -Inf   1
1678  30.850700  111.146698     6.730    45812.3   -12560.4      753.5      0.0      0.0      0.0 2018  4  2 23 37 19.22 -Inf   1
1679  30.852800  111.139099     5.880    45085.4   -12327.6      -96.5      0.0      0.0      0.0 2018  4  2 23 38  8.72 -Inf   1
1661  30.849100  111.136101     5.540    44381.6   -12480.3     -505.1      0.0      0.0      0.0 2018  4  3  3 38  4.54 -Inf   1
1948  30.739201  111.117996     2.120    43551.4   -25140.7    -3682.7      0.0      0.0      0.0 2018  4  3  3 57 30.10 -Inf   1
1965  31.126499  110.023804     6.000   -62041.7    18203.8     -147.5      0.0      0.0      0.0 2018  4  3  4  7 49.08 -Inf   1
1950  30.903799  110.726402     4.970     6090.0    -6891.8     -832.7      0.0      0.0      0.0 2018  4  3  4 12  0.48 -Inf   1
1967  31.263500  110.848900     2.730    16710.6    33393.0    -3417.5      0.0      0.0      0.0 2018  4  3  4 27 21.38 -Inf   1
1952  31.042299  110.463303     8.690   -19040.6     8463.6     2887.3      0.0      0.0      0.0 2018  4  3  5 26 40.48 -Inf   1
1666  30.849600  111.138298     6.350    44591.5   -12424.9      304.9      0.0      0.0      0.0 2018  4  3  5 29 17.51 -Inf   1
1690  30.710501  110.837402     7.700    16256.5   -28104.2     1723.5      0.0      0.0      0.0 2018  4  3  7 25 24.21 -Inf   1
1956  31.069901  110.198799     4.600   -44294.5    11523.7    -1202.7      0.0      0.0      0.0 2018  4  3  8 54 35.31 -Inf   1
1693  30.979200  110.799797     1.870    12641.4     1686.2    -4106.5      0.0      0.0      0.0 2018  4  3  9 35  5.86 -Inf   1
1671  30.852699  111.129601     5.910    43759.4   -12081.2     -135.1      0.0      0.0      0.0 2018  4  3 10 20 10.59 -Inf   1
1959  30.747000  111.164497     1.000    47997.3   -24276.0    -4802.7      0.0      0.0      0.0 2018  4  3 10 34 24.65 -Inf   1
1696  30.854700  111.141197     5.670    45285.5   -12117.0     -306.5      0.0      0.0      0.0 2018  4  3 10 37 46.36 -Inf   1
1978  30.985500  110.383598     4.530   -27715.7     2571.4    -1617.5      0.0      0.0      0.0 2018  4  3 10 39 54.73 -Inf   1
1675  30.855101  111.110397     7.870    41923.1   -11815.0     1824.9      0.0      0.0      0.0 2018  4  3 11  3  3.37 -Inf   1
1964  30.924700  110.787300     6.930    11908.6    -4574.6     1127.3      0.0      0.0      0.0 2018  4  3 11 16 50.09 -Inf   1
1965  30.863800  111.101097     5.970    41907.9   -11326.4      167.3      0.0      0.0      0.0 2018  4  3 11 19 23.52 -Inf   1
1967  31.049101  110.431900     6.520   -22038.8     9217.7      717.3      0.0      0.0      0.0 2018  4  3 15 33 29.69 -Inf   1
1680  31.036301  110.443100     7.400   -21847.0     8274.5     1354.9      0.0      0.0      0.0 2018  4  3 15 41 45.47 -Inf   1
1986  31.042400  110.442596     5.540   -22073.1     8879.9     -607.5      0.0      0.0      0.0 2018  4  3 18 24 42.66 -Inf   1
1970  31.164499  110.318802     2.110   -32819.6    22011.8    -3692.7      0.0      0.0      0.0 2018  4  3 21 54 22.02 -Inf   1
1707  30.849600  111.136803     6.160    44866.6   -12682.5      183.5      0.0      0.0      0.0 2018  4  4  0 52 20.50 -Inf   1
1685  30.852301  111.134903     6.850    44266.3   -12125.4      804.9      0.0      0.0      0.0 2018  4  4  2  2 20.55 -Inf   1
1709  30.842699  111.139397     7.700    45116.2   -13447.5     1723.5      0.0      0.0      0.0 2018  4  4  2  3  2.31 -Inf   1
1710  30.872400  111.080002     9.400    39431.9   -10154.6     3423.5      0.0      0.0      0.0 2018  4  4  2 30 24.44 -Inf   1
1688  30.787001  111.178398     7.000    48440.7   -19365.2      954.9      0.0      0.0      0.0 2018  4  4  3 42 42.28 -Inf   1
1689  30.857300  111.131104     5.910    43902.0   -11571.2     -135.1      0.0      0.0      0.0 2018  4  4  6  7 36.42 -Inf   1
1691  30.848101  111.140297     5.980    44783.0   -12591.1      -65.1      0.0      0.0      0.0 2018  4  4  8 27 57.14 -Inf   1
1714  30.852301  111.140800     5.990    45248.1   -12383.0       13.5      0.0      0.0      0.0 2018  4  4  8 29  4.01 -Inf   1
1981  30.841600  111.141197     5.480    45746.3   -13787.7     -322.7      0.0      0.0      0.0 2018  4  4  9 31 16.01 -Inf   1
1982  31.237499  110.041901     6.000   -59224.5    30105.2      197.3      0.0      0.0      0.0 2018  4  4  9 51  3.20 -Inf   1
1999  30.907400  110.501404     1.000   -16468.4    -6087.4    -5147.5      0.0      0.0      0.0 2018  4  4 13 49  5.99 -Inf   1
1718  30.937201  110.779198    11.370    10675.8    -2970.3     5393.5      0.0      0.0      0.0 2018  4  4 21  4 55.52 -Inf   1
1987  30.853500  111.130402     6.100    44711.5   -12468.4      297.3      0.0      0.0      0.0 2018  4  4 23 43 14.46 -Inf   1
1988  30.858801  111.135201     7.130    45169.0   -11880.7     1327.3      0.0      0.0      0.0 2018  4  4 23 47  8.36 -Inf   1
1699  31.063000  110.146797     8.100   -50138.7    11234.5     2054.9      0.0      0.0      0.0 2018  4  5  4 40 54.01 -Inf   1
1722  30.852501  111.134499     6.500    44645.6   -12360.8      523.5      0.0      0.0      0.0 2018  4  5  5  2  8.84 -Inf   1
1723  30.857300  111.137398     6.210    44921.7   -11828.8      233.5      0.0      0.0      0.0 2018  4  5  6 14 23.63 -Inf   1
1993  30.862400  111.135498     6.090    45196.6   -11481.7      287.3      0.0      0.0      0.0 2018  4  5  6 15  3.11 -Inf   1
1704  30.850700  111.131798     6.680    43969.9   -12302.8      634.9      0.0      0.0      0.0 2018  4  5  8 17 38.54 -Inf   1
2012  30.784201  110.770500    10.830     9254.9   -19746.4     4682.5      0.0      0.0      0.0 2018  4  5  9 22 52.79 -Inf   1
1727  31.032700  110.429199     7.130   -22756.6     7617.6     1153.5      0.0      0.0      0.0 2018  4  5 11  7 38.50 -Inf   1
2015  30.935301  111.169800     0.770    47402.9    -2994.1    -5377.5      0.0      0.0      0.0 2018  4  5 12 29 25.54 -Inf   1
2017  30.948601  111.223801     1.030    52559.4    -1519.6    -5117.5      0.0      0.0      0.0 2018  4  5 13 24  1.42 -Inf   1
2018  30.883499  111.015999     4.210    32715.2    -8737.3    -1937.5      0.0      0.0      0.0 2018  4  5 13 52 47.43 -Inf   1
2019  30.782600  110.763000     9.280     8537.8   -19923.8     3132.5      0.0      0.0      0.0 2018  4  5 16 17 15.29 -Inf   1
2005  30.992599  110.773499     1.000    10586.1     2953.4    -4802.7      0.0      0.0      0.0 2018  4  5 17 10 14.56 -Inf   1
2006  31.051600  110.464699     5.450   -18906.3     9494.7     -352.7      0.0      0.0      0.0 2018  4  5 20 18 19.10 -Inf   1
2007  31.062401  110.291702     7.820   -35424.8    10692.2     2017.3      0.0      0.0      0.0 2018  4  5 21 24  8.48 -Inf   1
1734  30.862499  111.120796     5.510    43333.5   -11252.3     -466.5      0.0      0.0      0.0 2018  4  5 23 39 58.66 -Inf   1
2024  30.846399  111.142097     6.490    44776.4   -12850.5      342.5      0.0      0.0      0.0 2018  4  5 23 40 40.26 -Inf   1
2025  30.851700  111.129204     6.020    43542.6   -12262.9     -127.5      0.0      0.0      0.0 2018  4  5 23 43 26.68 -Inf   1
1715  30.858500  111.130302     6.930    43825.1   -11438.2      884.9      0.0      0.0      0.0 2018  4  6  6  8 36.12 -Inf   1
2012  30.849701  111.134003     6.130    45056.6   -12889.6      327.3      0.0      0.0      0.0 2018  4  6  7  6  5.35 -Inf   1
1740  31.019400  110.456497     1.000   -20150.9     6143.1    -4976.5      0.0      0.0      0.0 2018  4  6  7 43 41.98 -Inf   1
2015  30.973200  110.431503     6.540   -22085.3      802.6      737.3      0.0      0.0      0.0 2018  4  6  7 49 17.73 -Inf   1
2016  30.862499  111.087700     7.980    40627.6   -11470.7     2177.3      0.0      0.0      0.0 2018  4  6  8 13 24.68 -Inf   1
2017  30.970301  109.951302    10.000   -67962.4      481.2     4197.3      0.0      0.0      0.0 2018  4  6  8 17 10.21 -Inf   1
1745  31.290100  110.319901     3.000   -33150.9    36155.3    -2976.5      0.0      0.0      0.0 2018  4  6  8 18 33.31 -Inf   1
2034  31.177401  110.367599    14.640   -29214.9    23847.2     8492.5      0.0      0.0      0.0 2018  4  6  9  6 20.11 -Inf   1
2023  31.186399  110.304199     1.000   -34209.4    24439.8    -4802.7      0.0      0.0      0.0 2018  4  6 20 44 50.48 -Inf   1
1726  30.850599  111.132797     6.750    44065.4   -12314.1      704.9      0.0      0.0      0.0 2018  4  6 23 58 58.66 -Inf   1
2026  30.844299  111.125397     5.700    44235.2   -13488.5     -102.7      0.0      0.0      0.0 2018  4  7  2 23 54.02 -Inf   1
1727  30.968800  110.478897     7.660   -18434.6      790.7     1614.9      0.0      0.0      0.0 2018  4  7  2 35 45.05 -Inf   1
1729  30.865900  111.126404     7.760    43450.8   -10617.7     1714.9      0.0      0.0      0.0 2018  4  7  6 48 39.01 -Inf   1
1753  30.838301  111.132698     6.050    44476.8   -13935.2       73.5      0.0      0.0      0.0 2018  4  7  6 49 24.77 -Inf   1
1731  30.849899  111.124397     6.370    43262.6   -12391.7      324.9      0.0      0.0      0.0 2018  4  7  8 19 26.76 -Inf   1
2048  30.806000  110.922302     4.670    23769.1   -17329.6    -1477.5      0.0      0.0      0.0 2018  4  7  8 32 24.38 -Inf   1
2033  31.075199  110.454399     6.100   -19887.5    12111.1      297.3      0.0      0.0      0.0 2018  4  7  8 42 52.49 -Inf   1
2034  31.017401  110.445396     1.000   -20753.3     5703.1    -4802.7      0.0      0.0      0.0 2018  4  7  9 20 20.73 -Inf   1
2053  30.801399  110.685799     8.880     1154.8   -17839.6     2732.5      0.0      0.0      0.0 2018  4  7 16 23 50.58 -Inf   1
1736  31.208799  110.303398     2.020   -35157.8    27399.2    -4025.1      0.0      0.0      0.0 2018  4  7 17 55 36.00 -Inf   1
2056  30.893101  110.400902     6.200   -26075.2    -7672.8       52.5      0.0      0.0      0.0 2018  4  7 20  2 19.82 -Inf   1
1738  30.858500  111.121300     6.390    42964.5   -11438.2      344.9      0.0      0.0      0.0 2018  4  7 23 32 23.80 -Inf   1
1761  30.864401  111.116402     5.750    42913.0   -11041.5     -226.5      0.0      0.0      0.0 2018  4  7 23 35 17.56 -Inf   1
1762  30.789000  110.751602    11.520     8045.1   -19401.1     5543.5      0.0      0.0      0.0 2018  4  8  1 55 36.17 -Inf   1
2062  31.269501  110.856201     1.270    17406.6    34058.3    -4877.5      0.0      0.0      0.0 2018  4  8  3 41 19.27 -Inf   1
1763  31.129101  110.056999     1.000   -58274.9    18305.5    -4976.5      0.0      0.0      0.0 2018  4  8  3 56 20.15 -Inf   1
1742  30.824200  111.101196     4.260    41050.1   -15240.9    -1785.1      0.0      0.0      0.0 2018  4  8  6 12 43.11 -Inf   1
2044  30.988701  110.504204     1.000   -15138.7     2521.2    -4802.7      0.0      0.0      0.0 2018  4  8  7  3 32.23 -Inf   1
2045  30.984501  110.486198     1.000   -16859.1     2055.5    -4802.7      0.0      0.0      0.0 2018  4  8  7 11 34.08 -Inf   1
1745  31.237700  110.317001     1.000   -33854.6    30603.3    -5045.1      0.0      0.0      0.0 2018  4  8  8  4 42.64 -Inf   1
2047  30.740700  110.897499     1.000    22460.5   -24974.4    -4802.7      0.0      0.0      0.0 2018  4  8  8 57 46.90 -Inf   1
2068  30.891701  111.052902     5.950    36240.9    -7828.0     -197.5      0.0      0.0      0.0 2018  4  8 10  3 18.28 -Inf   1
2050  30.888100  111.057198     6.340    37706.9    -8632.4      537.3      0.0      0.0      0.0 2018  4  8 10  9 48.62 -Inf   1
1750  31.226700  110.059998     1.000   -58377.6    29383.8    -5045.1      0.0      0.0      0.0 2018  4  8 10 25  6.93 -Inf   1
2053  30.842300  110.639198     8.350    -2244.7   -13710.1     2547.3      0.0      0.0      0.0 2018  4  8 12 26 58.88 -Inf   1
1752  31.035101  110.449699     6.270   -21216.8     8141.4      224.9      0.0      0.0      0.0 2018  4  8 14 24 17.46 -Inf   1
2057  31.007401  110.730904    12.170     6516.7     4594.4     6367.3      0.0      0.0      0.0 2018  4  8 14 33  3.63 -Inf   1
2076  30.914200  110.727898    10.330     5177.3    -5333.6     4182.5      0.0      0.0      0.0 2018  4  8 18 27 19.58 -Inf   1
2061  30.854099  111.125702     6.430    44262.1   -12402.0      627.3      0.0      0.0      0.0 2018  4  8 23 23 29.92 -Inf   1
1779  30.853701  111.114502     6.830    42733.8   -12227.8      853.5      0.0      0.0      0.0 2018  4  8 23 24 36.72 -Inf   1
1780  30.807400  110.935600     3.330    25637.8   -17361.1    -2646.5      0.0      0.0      0.0 2018  4  9  3 17 31.58 -Inf   1
1781  30.770399  110.851898     0.520    17637.8   -21463.4    -5456.5      0.0      0.0      0.0 2018  4  9  3 59 17.59 -Inf   1
1783  31.094801  110.071602    10.160   -56891.1    14502.7     4183.5      0.0      0.0      0.0 2018  4  9  5 48  8.23 -Inf   1
1784  30.855000  111.124901     6.000    43727.6   -12083.8       23.5      0.0      0.0      0.0 2018  4  9  5 50 53.47 -Inf   1
1785  30.813801  110.934402     1.260    25522.4   -16651.5    -4716.5      0.0      0.0      0.0 2018  4  9  6  4 50.92 -Inf   1
2068  31.199400  110.353401     6.770   -29512.1    25881.2      967.3      0.0      0.0      0.0 2018  4  9  6 22 51.14 -Inf   1
1764  30.856199  111.123703     6.140    43194.8   -11693.2       94.9      0.0      0.0      0.0 2018  4  9  6 35 31.04 -Inf   1
1765  30.955799  110.363602     9.520   -29451.8     -650.7     3474.9      0.0      0.0      0.0 2018  4  9  8  0 25.36 -Inf   1
1766  30.950800  109.970497    10.000   -67013.0    -1204.9     3954.9      0.0      0.0      0.0 2018  4  9  8 58 17.41 -Inf   1
1767  30.773199  110.770897    11.400     9472.4   -20895.3     5354.9      0.0      0.0      0.0 2018  4  9  9 39 39.42 -Inf   1
2071  30.765400  111.134399     1.130    45114.2   -22236.0    -4672.7      0.0      0.0      0.0 2018  4  9 10  1 52.29 -Inf   1
2089  30.848000  111.128700     6.650    43495.3   -12673.1      502.5      0.0      0.0      0.0 2018  4  9 10 25 15.05 -Inf   1
1770  31.036699  110.450302     7.590   -21159.1     8318.6     1544.9      0.0      0.0      0.0 2018  4  9 10 53 24.73 -Inf   1
2076  30.820400  110.624100     6.340    -3688.6   -16138.1      537.3      0.0      0.0      0.0 2018  4  9 11 29 18.14 -Inf   1
2078  31.027300  110.444298    10.500   -20857.2     6800.6     4697.3      0.0      0.0      0.0 2018  4  9 18  7  4.54 -Inf   1
2079  30.780100  110.772697    11.110    10521.1   -20606.2     5307.3      0.0      0.0      0.0 2018  4  9 18 54 56.88 -Inf   1
2080  30.781401  110.762802     8.000     9574.7   -20462.0     2197.3      0.0      0.0      0.0 2018  4  9 18 56 36.78 -Inf   1
2082  30.777599  110.775002    11.100    10741.6   -20883.4     5297.3      0.0      0.0      0.0 2018  4  9 20 25  3.00 -Inf   1
1776  30.780399  110.767197     9.760     9118.2   -20097.0     3714.9      0.0      0.0      0.0 2018  4  9 20 37 23.08 -Inf   1
1797  30.933800  110.769302     9.730     9730.4    -3347.3     3753.5      0.0      0.0      0.0 2018  4  9 20 44 22.54 -Inf   1
2085  31.138700  110.334999     1.000   -31278.0    19151.5    -4802.7      0.0      0.0      0.0 2018  4  9 21 21 51.80 -Inf   1
2086  30.775200  110.775101     5.020    10751.2   -21149.4     -782.7      0.0      0.0      0.0 2018  4  9 21 29 34.48 -Inf   1
1800  31.073700  110.168900     1.720   -47606.7    12163.3    -4256.5      0.0      0.0      0.0 2018  4  9 22 31 10.20 -Inf   1
2104  30.852100  111.125000     6.950    43140.6   -12218.5      802.5      0.0      0.0      0.0 2018  4  9 23 25  2.24 -Inf   1
2105  30.849300  111.131897     7.520    43800.6   -12528.9     1372.5      0.0      0.0      0.0 2018  4  9 23 26 15.44 -Inf   1
2106  30.781799  110.767097     8.080     8929.6   -20012.7     1932.5      0.0      0.0      0.0 2018  4 10  1 10 16.48 -Inf   1
1805  30.848600  111.126503     5.430    43882.2   -12793.3     -546.5      0.0      0.0      0.0 2018  4 10  3  1 20.94 -Inf   1
1783  30.898300  110.724098     9.060     4993.5    -7025.5     3014.9      0.0      0.0      0.0 2018  4 10  3  3 46.92 -Inf   1
1807  30.879101  111.124298     4.320    43664.5    -9411.7    -1656.5      0.0      0.0      0.0 2018  4 10  3 56 48.55 -Inf   1
2093  30.938299  110.811501     4.430    14220.2    -3066.8    -1372.7      0.0      0.0      0.0 2018  4 10  6 47 31.05 -Inf   1
2109  30.937901  110.766899    10.280     8903.4    -2705.9     4132.5      0.0      0.0      0.0 2018  4 10  7 13 22.34 -Inf   1
2095  30.934799  110.766998     9.530     9968.1    -3454.8     3727.3      0.0      0.0      0.0 2018  4 10  7 14 16.34 -Inf   1
1787  30.846701  111.131401     7.230    43932.8   -12746.3     1184.9      0.0      0.0      0.0 2018  4 10  7 27  5.10 -Inf   1
2112  30.856400  111.127197     5.810    43349.7   -11741.8     -337.5      0.0      0.0      0.0 2018  4 10  8 22 34.25 -Inf   1
2113  31.036200  110.440201     8.040   -22302.6     8192.4     1892.5      0.0      0.0      0.0 2018  4 10  9  9 47.60 -Inf   1
2115  31.001600  110.346001     6.340   -31304.8     4356.4      192.5      0.0      0.0      0.0 2018  4 10 10 24 29.81 -Inf   1
2102  30.896299  110.780701     1.450    11279.7    -7723.3    -4352.7      0.0      0.0      0.0 2018  4 10 10 31 19.27 -Inf   1
1793  31.064501  110.868599     3.390    18787.8    11401.0    -2655.1      0.0      0.0      0.0 2018  4 10 11  1 30.81 -Inf   1
2104  30.778200  110.765099     8.790     9794.5   -20816.8     2987.3      0.0      0.0      0.0 2018  4 10 11 40 47.69 -Inf   1
1821  30.932100  110.762497    10.000     9080.2    -3535.7     4023.5      0.0      0.0      0.0 2018  4 10 17 35 21.12 -Inf   1
1798  30.932699  110.764999     9.400     8901.0    -3211.7     3354.9      0.0      0.0      0.0 2018  4 10 17 36 46.50 -Inf   1
2108  30.932501  110.764999     9.580     9777.2    -3709.7     3777.3      0.0      0.0      0.0 2018  4 10 17 37 39.56 -Inf   1
2109  30.931801  110.765602     9.560     9834.9    -3787.3     3757.3      0.0      0.0      0.0 2018  4 10 17 43 26.58 -Inf   1
1825  30.931900  110.763298    10.370     9156.7    -3557.9     4393.5      0.0      0.0      0.0 2018  4 10 17 44 10.04 -Inf   1
2125  30.933399  110.765800     9.570     8798.7    -3204.9     3422.5      0.0      0.0      0.0 2018  4 10 17 45 46.00 -Inf   1
2113  30.928699  110.760902    10.130     9385.9    -4131.1     4327.3      0.0      0.0      0.0 2018  4 10 17 47 14.66 -Inf   1
1828  30.927099  110.762100     9.950     9042.5    -4090.2     3973.5      0.0      0.0      0.0 2018  4 10 17 48 29.94 -Inf   1
2115  30.935499  110.762199    10.290     9509.5    -3377.2     4487.3      0.0      0.0      0.0 2018  4 10 17 50 17.64 -Inf   1
1830  30.932600  110.768501     9.210     9653.9    -3480.3     3233.5      0.0      0.0      0.0 2018  4 10 17 51 18.88 -Inf   1
2117  30.932199  110.766403     9.410     9911.4    -3743.1     3607.3      0.0      0.0      0.0 2018  4 10 17 53 25.10 -Inf   1
2131  30.934799  110.768097     9.910     9018.0    -3049.7     3762.5      0.0      0.0      0.0 2018  4 10 17 55  9.96 -Inf   1
2132  30.929199  110.765602    10.030     8779.9    -3670.6     3882.5      0.0      0.0      0.0 2018  4 10 17 56 27.88 -Inf   1
2119  30.929899  110.763397     9.330     9624.3    -3998.1     3527.3      0.0      0.0      0.0 2018  4 10 17 57 55.58 -Inf   1
1834  30.937599  110.767899    11.490     9596.1    -2926.1     5513.5      0.0      0.0      0.0 2018  4 10 18  0 26.28 -Inf   1
2121  30.932100  110.761497    10.920     9442.6    -3754.1     5117.3      0.0      0.0      0.0 2018  4 10 18  2 12.12 -Inf   1
1814  30.932100  110.766800     9.380     9073.1    -3278.1     3334.9      0.0      0.0      0.0 2018  4 10 18  6  1.68 -Inf   1
1815  30.929399  110.764198     9.350     8824.6    -3577.6     3304.9      0.0      0.0      0.0 2018  4 10 18 23  3.40 -Inf   1
2138  30.931000  110.765503     9.110     8770.3    -3471.0     2962.5      0.0      0.0      0.0 2018  4 10 18 26 16.32 -Inf   1
1839  31.079000  110.176003     6.990   -46927.2    12750.9     1013.5      0.0      0.0      0.0 2018  4 10 18 32 49.50 -Inf   1
2126  30.916401  110.773201    10.440    10561.8    -5494.6     4637.3      0.0      0.0      0.0 2018  4 10 18 42 55.60 -Inf   1
2141  30.920601  110.764000     8.030     8627.2    -4623.9     1882.5      0.0      0.0      0.0 2018  4 10 18 45 28.30 -Inf   1
1818  31.031799  110.431099     7.370   -22993.7     7775.4     1324.9      0.0      0.0      0.0 2018  4 10 18 54  3.12 -Inf   1
1820  30.928600  110.759804    10.320     8404.7    -3666.2     4274.9      0.0      0.0      0.0 2018  4 10 18 56 41.82 -Inf   1
1843  30.933001  110.771400     9.700     9930.9    -3435.9     3723.5      0.0      0.0      0.0 2018  4 10 19  3 48.80 -Inf   1
2146  30.932301  110.756599    12.020     7919.5    -3326.7     5872.5      0.0      0.0      0.0 2018  4 10 19  9 42.46 -Inf   1
1845  30.933399  110.765701     9.540     9386.3    -3391.7     3563.5      0.0      0.0      0.0 2018  4 10 20  0 44.80 -Inf   1
2134  30.931700  110.764603     9.820     9739.4    -3798.5     4017.3      0.0      0.0      0.0 2018  4 10 20  5 29.04 -Inf   1
2151  30.927099  110.758698    10.980     8120.2    -3903.4     4832.5      0.0      0.0      0.0 2018  4 10 20  9 25.92 -Inf   1
2152  30.930099  110.763100    10.270     8540.7    -3570.8     4122.5      0.0      0.0      0.0 2018  4 10 20 19 24.24 -Inf   1
2153  30.931499  110.767097     9.970     8922.7    -3415.6     3822.5      0.0      0.0      0.0 2018  4 10 21 25 16.34 -Inf   1
2138  30.938200  110.768997     9.900    10158.9    -3077.8     4097.3      0.0      0.0      0.0 2018  4 10 21 26  3.66 -Inf   1
2157  30.848400  111.140297     5.900    44603.8   -12628.7     -247.5      0.0      0.0      0.0 2018  4 10 23 26 41.80 -Inf   1
1831  30.840900  111.141899     6.670    44937.8   -13389.4      624.9      0.0      0.0      0.0 2018  4 10 23 27 52.84 -Inf   1
2159  30.878901  111.041000     4.140    35105.7    -9247.2    -2007.5      0.0      0.0      0.0 2018  4 10 23 35 22.40 -Inf   1
2160  30.892599  111.053902     7.130    36336.2    -7728.4      982.5      0.0      0.0      0.0 2018  4 11  2  2 11.28 -Inf   1
2161  30.841200  111.140404     6.080    44615.7   -13427.0      -67.5      0.0      0.0      0.0 2018  4 11  2 20 14.52 -Inf   1
2162  30.986900  110.469597     3.950   -19500.1     2726.7    -2197.5      0.0      0.0      0.0 2018  4 11  3 29  9.48 -Inf   1
2163  30.980400  110.782501     5.570    10392.0     2006.0     -577.5      0.0      0.0      0.0 2018  4 11  4 15 43.18 -Inf   1
2164  31.045700  110.443001     8.760   -22034.1     9245.7     2612.5      0.0      0.0      0.0 2018  4 11  4 33 57.48 -Inf   1
2147  31.056700  110.855598     2.970    18422.5    10060.1    -2832.7      0.0      0.0      0.0 2018  4 11  5 22 49.99 -Inf   1
2166  30.849600  111.135300     6.230    44125.8   -12495.7       82.5      0.0      0.0      0.0 2018  4 11  6 15 40.75 -Inf   1
2149  30.854401  111.127296     7.000    44414.5   -12368.5     1197.3      0.0      0.0      0.0 2018  4 11  6 16 49.54 -Inf   1
1841  31.125799  110.065201     1.000   -57911.6    18197.1    -5045.1      0.0      0.0      0.0 2018  4 11 10  8 33.83 -Inf   1
1842  30.962299  110.385399     4.760   -27368.3       70.0    -1285.1      0.0      0.0      0.0 2018  4 11 10 37 12.52 -Inf   1
2172  30.988001  110.776001     1.000     9770.6     2848.7    -5147.5      0.0      0.0      0.0 2018  4 11 14 53 32.83 -Inf   1
1866  30.944700  111.169296    11.030    47949.3    -2138.8     5053.5      0.0      0.0      0.0 2018  4 11 21 42 34.90 -Inf   1
2175  30.932301  110.763199     9.090     8550.1    -3326.7     2942.5      0.0      0.0      0.0 2018  4 11 23  4 16.86 -Inf   1
2157  30.929300  110.773598    10.140    10599.0    -4064.5     4337.3      0.0      0.0      0.0 2018  4 11 23 33 44.48 -Inf   1
1847  30.929501  110.756500     7.370     8089.0    -3566.4     1324.9      0.0      0.0      0.0 2018  4 12  0 55 39.99 -Inf   1
2161  30.958799  110.832100     2.110    16186.8     -794.0    -3692.7      0.0      0.0      0.0 2018  4 12  3 34  3.95 -Inf   1
2162  31.294800  110.855301     1.000    18371.3    36458.0    -4802.7      0.0      0.0      0.0 2018  4 12  3 43 58.82 -Inf   1
2163  30.938499  110.016602     7.650   -61734.0    -3044.6     1847.3      0.0      0.0      0.0 2018  4 12  3 57 41.47 -Inf   1
2164  30.850599  111.126602     6.290    44349.0   -12790.0      487.3      0.0      0.0      0.0 2018  4 12  4  6 47.91 -Inf   1
1851  30.850599  111.126297     6.390    43444.0   -12314.1      344.9      0.0      0.0      0.0 2018  4 12  4  8 11.80 -Inf   1
2165  31.177099  110.381798     1.000   -26805.5    23408.7    -4802.7      0.0      0.0      0.0 2018  4 12  4 57 13.00 -Inf   1
2182  30.842199  111.144600     6.120    45016.6   -13316.2      -27.5      0.0      0.0      0.0 2018  4 12  6 25 29.28 -Inf   1
2167  30.886200  111.117897     8.420    43508.8    -8843.0     2617.3      0.0      0.0      0.0 2018  4 12  6 44 42.80 -Inf   1
2184  31.031401  110.443001     8.840   -22035.7     7660.4     2692.5      0.0      0.0      0.0 2018  4 12  6 45 57.29 -Inf   1
2169  31.031601  110.443398     1.410   -20942.7     7277.5    -4392.7      0.0      0.0      0.0 2018  4 12  6 52  8.59 -Inf   1
2170  31.019501  110.443604     1.000   -20924.3     5935.9    -4802.7      0.0      0.0      0.0 2018  4 12  7 53 39.57 -Inf   1
1883  30.971201  110.378403     4.000   -27616.8      799.3    -1976.5      0.0      0.0      0.0 2018  4 12  9 10 45.73 -Inf   1
1884  30.860300  111.100800     8.450    41422.5   -11496.1     2473.5      0.0      0.0      0.0 2018  4 12  9 55  3.35 -Inf   1
2174  30.879900  111.017998     3.820    33961.7    -9541.5    -1982.7      0.0      0.0      0.0 2018  4 12 10 48 32.31 -Inf   1
2175  30.882401  111.015503     3.940    33722.8    -9264.2    -1862.7      0.0      0.0      0.0 2018  4 12 16 16 25.64 -Inf   1
1886  31.006300  110.739799     8.730     6908.7     4690.7     2753.5      0.0      0.0      0.0 2018  4 12 17 13 24.24 -Inf   1
2196  30.850700  111.140404     6.350    44613.5   -12373.7      202.5      0.0      0.0      0.0 2018  4 13  0 39 34.17 -Inf   1
2182  30.857401  111.135902     6.220    45236.4   -12035.9      417.3      0.0      0.0      0.0 2018  4 13  0 40 51.38 -Inf   1
2199  31.038200  110.446404     7.370   -21710.0     8414.2     1222.5      0.0      0.0      0.0 2018  4 13  4 28 28.98 -Inf   1
2200  30.912701  110.641197     4.980    -3108.3    -5499.8    -1167.5      0.0      0.0      0.0 2018  4 13  4 35 14.26 -Inf   1
2186  30.853001  111.133400     5.900    44998.3   -12523.8       97.3      0.0      0.0      0.0 2018  4 13  5 51 27.97 -Inf   1
1872  30.854601  111.129700     5.920    43768.4   -11870.4     -125.1      0.0      0.0      0.0 2018  4 13  8 48 17.90 -Inf   1
1895  30.857401  110.947098     0.960    26730.3   -11817.6    -5016.5      0.0      0.0      0.0 2018  4 13  8 50  4.09 -Inf   1
2204  31.144800  110.448196     7.020   -21526.8    20232.8      872.5      0.0      0.0      0.0 2018  4 13 14 16  7.49 -Inf   1
2207  30.937799  111.202202     2.920    50498.4    -2717.1    -3227.5      0.0      0.0      0.0 2018  4 13 15 49 22.20 -Inf   1
2195  31.162600  110.322601     1.000   -32457.3    21801.1    -4802.7      0.0      0.0      0.0 2018  4 13 19  9 37.04 -Inf   1
2196  30.924500  110.504700     2.210   -15096.3    -4596.8    -3592.7      0.0      0.0      0.0 2018  4 13 20 11 57.88 -Inf   1
1875  30.855801  111.146698     6.730    45393.1   -11737.4      684.9      0.0      0.0      0.0 2018  4 13 23 37 19.18 -Inf   1
1903  30.851700  111.138603     6.590    45038.2   -12449.6      613.5      0.0      0.0      0.0 2018  4 13 23 38 53.12 -Inf   1
1877  30.853300  111.130898     5.980    43883.2   -12014.6      -65.1      0.0      0.0      0.0 2018  4 14  3 43 12.89 -Inf   1
2217  30.952600  111.172401     0.340    47647.2    -1076.1    -5807.5      0.0      0.0      0.0 2018  4 14  3 58 41.05 -Inf   1
2218  30.848900  111.141800     6.070    44747.4   -12573.3      -77.5      0.0      0.0      0.0 2018  4 14  6 48 39.40 -Inf   1
1880  30.855900  111.144501     6.270    45183.0   -11726.4      224.9      0.0      0.0      0.0 2018  4 14  6 49 48.84 -Inf   1
2205  31.307400  110.857697     1.000    18598.6    37855.0    -4802.7      0.0      0.0      0.0 2018  4 14  7 16  5.64 -Inf   1
2206  31.030001  110.453201     5.160   -20006.5     7100.0     -642.7      0.0      0.0      0.0 2018  4 14  8 28 32.62 -Inf   1
1913  30.879200  110.900002     3.830    22225.7    -9400.7    -2146.5      0.0      0.0      0.0 2018  4 14  8 32 27.75 -Inf   1
2224  30.881599  111.016197     3.880    32734.4    -8947.9    -2267.5      0.0      0.0      0.0 2018  4 14 14 30 28.66 -Inf   1
2226  31.036301  110.446800     5.410   -21672.3     8203.6     -737.5      0.0      0.0      0.0 2018  4 14 15 29 13.38 -Inf   1
1915  31.171101  110.333504     1.000   -31873.2    22962.0    -4976.5      0.0      0.0      0.0 2018  4 14 15 43  8.19 -Inf   1
2211  30.787600  110.789497    10.340    12127.2   -19774.7     4537.3      0.0      0.0      0.0 2018  4 14 18  7 45.00 -Inf   1
2213  30.993900  110.774902     1.000    10720.1     3097.6    -4802.7      0.0      0.0      0.0 2018  4 14 20 17 40.84 -Inf   1
2230  31.161400  110.327301     6.250   -33063.6    22073.2      102.5      0.0      0.0      0.0 2018  4 14 20 53  9.36 -Inf   1
2215  30.863001  111.128998     5.740    44575.1   -11415.0      -62.7      0.0      0.0      0.0 2018  4 14 23  8 22.76 -Inf   1
2231  30.852200  111.136902     6.240    44278.4   -12207.5       92.5      0.0      0.0      0.0 2018  4 14 23  9 41.60 -Inf   1
2217  30.843599  111.138496     5.360    45487.7   -13566.1     -442.7      0.0      0.0      0.0 2018  4 14 23 29  4.92 -Inf   1
1893  30.851200  111.127602     5.740    43568.6   -12247.4     -305.1      0.0      0.0      0.0 2018  4 14 23 30  4.32 -Inf   1
2234  30.948601  111.223999     3.270    52578.3    -1519.6    -2877.5      0.0      0.0      0.0 2018  4 14 23 38 16.32 -Inf   1
1894  31.047300  110.456902    10.730   -20527.7     9494.0     4684.9      0.0      0.0      0.0 2018  4 15  2  9  5.70 -Inf   1
2236  30.813000  111.245300    10.180    54652.0   -16553.5     4032.5      0.0      0.0      0.0 2018  4 15  2 46 39.73 -Inf   1
1924  30.825100  111.251900     7.950    55876.6   -15398.7     1973.5      0.0      0.0      0.0 2018  4 15  4 25  7.40 -Inf   1
1898  31.065901  110.813698     7.530    13545.1    11556.2     1484.9      0.0      0.0      0.0 2018  4 15  5 33 50.14 -Inf   1
1899  30.989901  109.975502    10.000   -66521.3     3130.1     3954.9      0.0      0.0      0.0 2018  4 15  5 34 39.50 -Inf   1
2227  30.792101  110.897102     1.040    22416.6   -19275.7    -4762.7      0.0      0.0      0.0 2018  4 15  6 57 17.31 -Inf   1
2228  31.185900  110.325104     7.170   -32214.6    24384.4     1367.3      0.0      0.0      0.0 2018  4 15  7 44 26.27 -Inf   1
1928  30.953199  109.997803     8.000   -63984.1    -1196.5     2023.5      0.0      0.0      0.0 2018  4 15  7 59 21.94 -Inf   1
2229  31.000299  109.994698    10.000   -63806.5     3807.1     4197.3      0.0      0.0      0.0 2018  4 15  8 12  1.29 -Inf   1
1930  31.213600  110.072403     0.630   -56779.5    27673.9    -5346.5      0.0      0.0      0.0 2018  4 15  8 23  5.64 -Inf   1
1904  30.851400  111.138702     6.560    44629.8   -12225.2      514.9      0.0      0.0      0.0 2018  4 15  9  5 47.75 -Inf   1
1905  30.849899  111.133598     5.390    44142.2   -12391.7     -655.1      0.0      0.0      0.0 2018  4 15  9 49 25.90 -Inf   1
2246  31.070900  110.813797     8.810    13375.5    12039.6     2662.5      0.0      0.0      0.0 2018  4 15 10 12 44.52 -Inf   1
2237  31.135401  110.449303     4.870   -20367.7    18785.6     -932.7      0.0      0.0      0.0 2018  4 15 11  2 59.66 -Inf   1
1907  30.921400  110.776901    10.120    10038.9    -4464.4     4074.9      0.0      0.0      0.0 2018  4 15 20 57 22.84 -Inf   1
2241  30.853001  111.128304     6.440    44511.1   -12523.8      637.3      0.0      0.0      0.0 2018  4 15 23 51 47.76 -Inf   1
1938  30.853001  111.141602     6.820    45324.5   -12305.4      843.5      0.0      0.0      0.0 2018  4 15 23 54 12.88 -Inf   1
2243  30.906000  110.767998     6.570    10065.1    -6647.8      767.3      0.0      0.0      0.0 2018  4 16  1 20 18.41 -Inf   1
1940  30.819401  111.237396    10.770    54491.5   -16030.6     4793.5      0.0      0.0      0.0 2018  4 16  3 13 29.01 -Inf   1
1941  30.826000  111.246399     8.910    55350.4   -15298.9     2933.5      0.0      0.0      0.0 2018  4 16  3 14 13.02 -Inf   1
2244  30.906500  110.734299     7.800     6844.5    -6592.4     1997.3      0.0      0.0      0.0 2018  4 16  4 13 54.82 -Inf   1
2257  30.970600  110.399803     2.730   -26169.7      919.5    -3417.5      0.0      0.0      0.0 2018  4 16  5 56 52.76 -Inf   1
2246  30.853201  111.127502     6.890    44434.4   -12501.6     1087.3      0.0      0.0      0.0 2018  4 16  7  8 48.92 -Inf   1
1944  30.853201  111.139603     5.990    45133.4   -12283.2       13.5      0.0      0.0      0.0 2018  4 16  7 39 10.24 -Inf   1
2248  30.849899  111.144798     6.320    46088.6   -12867.6      517.3      0.0      0.0      0.0 2018  4 16  7 40  3.69 -Inf   1
1918  31.176201  110.379898     0.810   -27862.9    23785.0    -5235.1      0.0      0.0      0.0 2018  4 16  9 15 59.84 -Inf   1
2249  31.159401  110.381897     4.150   -26798.5    21446.5    -1652.7      0.0      0.0      0.0 2018  4 16  9 16  0.17 -Inf   1
2262  30.974701  110.783600     1.000    10497.3     1374.1    -5147.5      0.0      0.0      0.0 2018  4 16 10 31 19.54 -Inf   1
2263  31.059601  110.187798     4.670   -46402.8    10786.9    -1477.5      0.0      0.0      0.0 2018  4 16 17 14 20.92 -Inf   1
2253  31.160999  110.335098     1.000   -31264.9    21623.7    -4802.7      0.0      0.0      0.0 2018  4 16 19 52 33.02 -Inf   1
1951  30.856600  111.128601     5.880    44080.9   -11906.4      -96.5      0.0      0.0      0.0 2018  4 16 23 35 29.42 -Inf   1
1924  30.852699  111.142502     6.380    44992.7   -12081.2      334.9      0.0      0.0      0.0 2018  4 16 23 45 48.92 -Inf   1
1926  30.772499  111.104599     6.550    41386.4   -20972.9      504.9      0.0      0.0      0.0 2018  4 17  3 57 57.69 -Inf   1
1927  30.899700  110.732399     2.270     5786.8    -6870.3    -3775.1      0.0      0.0      0.0 2018  4 17  4 35 29.13 -Inf   1
2270  30.858601  111.127197     5.890    43349.2   -11497.8     -257.5      0.0      0.0      0.0 2018  4 17  6 46 36.99 -Inf   1
2271  30.960300  110.368202     8.930   -29190.3     -222.4     2782.5      0.0      0.0      0.0 2018  4 17  8 40 49.49 -Inf   1
2272  30.857599  111.131203     6.420    43732.3   -11608.8      272.5      0.0      0.0      0.0 2018  4 17 10  9 50.04 -Inf   1
1959  31.073299  110.141800     9.140   -50194.5    12118.9     3163.5      0.0      0.0      0.0 2018  4 17 10 17 35.25 -Inf   1
2263  30.852501  111.132599     6.180    44921.8   -12579.2      377.3      0.0      0.0      0.0 2018  4 17 11 15 38.18 -Inf   1
1961  31.043900  110.453697     7.390   -20415.7     8859.3     1413.5      0.0      0.0      0.0 2018  4 17 12  5  3.56 -Inf   1
2265  31.063499  110.281700     4.850   -36379.7    10814.0     -952.7      0.0      0.0      0.0 2018  4 17 12 31 30.69 -Inf   1
2277  31.075899  110.196198     1.170   -45596.8    12593.9    -4977.5      0.0      0.0      0.0 2018  4 17 12 58 13.99 -Inf   1
1965  31.046400  110.463799     9.910   -19450.8     9136.6     3933.5      0.0      0.0      0.0 2018  4 17 17  8 26.24 -Inf   1
1968  30.845301  111.136803     7.360    44867.6   -13159.1     1383.5      0.0      0.0      0.0 2018  4 17 23 13  2.84 -Inf   1
2284  30.932800  110.765404     9.920     8760.8    -3271.3     3772.5      0.0      0.0      0.0 2018  4 17 23 26  0.48 -Inf   1
1942  30.840900  111.144203     6.490    45158.1   -13389.4      444.9      0.0      0.0      0.0 2018  4 17 23 37 40.32 -Inf   1
2275  30.959999  109.972702    12.000   -65921.4     -661.0     6197.3      0.0      0.0      0.0 2018  4 18  3 31  2.47 -Inf   1
1971  30.848400  111.134102     6.060    44608.7   -12815.5       83.5      0.0      0.0      0.0 2018  4 18  4 20 55.93 -Inf   1
2277  30.844101  111.144402     6.680    46052.1   -13510.5      877.3      0.0      0.0      0.0 2018  4 18  6 56  5.11 -Inf   1
2289  30.847300  111.133301     5.990    43935.2   -12750.7     -157.5      0.0      0.0      0.0 2018  4 18  9  8 19.48 -Inf   1
1946  30.983700  110.446297     3.740   -21547.6     2442.7    -2305.1      0.0      0.0      0.0 2018  4 18  9 53 39.18 -Inf   1
1975  30.783800  110.925102     4.940    24637.0   -19977.6    -1036.5      0.0      0.0      0.0 2018  4 18  9 55 57.21 -Inf   1
2281  30.853600  111.192001     6.530    50600.1   -12457.4      727.3      0.0      0.0      0.0 2018  4 18 10  7 54.14 -Inf   1
2282  30.759199  111.178902     1.000    49371.9   -22923.4    -4802.7      0.0      0.0      0.0 2018  4 18 10 41  1.29 -Inf   1
1978  30.912901  110.510002     7.270   -15048.7    -5664.3     1293.5      0.0      0.0      0.0 2018  4 18 12 49 18.60 -Inf   1
2284  30.884399  111.166603     9.180    48164.5    -9042.6     3377.3      0.0      0.0      0.0 2018  4 18 12 52 32.06 -Inf   1
2285  31.087099  110.448097     4.850   -20487.9    13430.5     -952.7      0.0      0.0      0.0 2018  4 18 15 41 51.19 -Inf   1
2287  31.062201  110.173203     1.870   -46740.5    10670.0    -3932.7      0.0      0.0      0.0 2018  4 18 18 40 45.52 -Inf   1
2288  30.875900  111.012398     6.000    33427.2    -9984.9      197.3      0.0      0.0      0.0 2018  4 18 19 55 46.46 -Inf   1
2289  31.194599  110.516701     3.430   -13930.0    25348.9    -2372.7      0.0      0.0      0.0 2018  4 18 20 12 25.20 -Inf   1
2297  30.969999  110.013901    10.000   -63038.2      852.9     3852.5      0.0      0.0      0.0 2018  4 18 22 37 51.24 -Inf   1
1954  30.850800  111.140999     6.170    44849.4   -12291.8      124.9      0.0      0.0      0.0 2018  4 18 23 44 58.72 -Inf   1
2293  31.279301  110.849197     3.520    17790.7    34739.7    -2282.7      0.0      0.0      0.0 2018  4 19  3 54 33.04 -Inf   1
1986  30.742300  111.113297     2.010    42643.1   -24578.7    -3966.5      0.0      0.0      0.0 2018  4 19  4  5 43.05 -Inf   1
1957  30.846300  111.134300     6.250    44210.1   -12790.7      204.9      0.0      0.0      0.0 2018  4 19  6 48  0.61 -Inf   1
1988  30.840500  111.136902     6.200    44878.2   -13691.4      223.5      0.0      0.0      0.0 2018  4 19  7 27  0.78 -Inf   1
1959  31.053699  110.588097     5.030    -7998.3    10203.4    -1015.1      0.0      0.0      0.0 2018  4 19  7 52 30.77 -Inf   1
1990  31.049700  110.199699     6.440   -44671.3     9502.4      463.5      0.0      0.0      0.0 2018  4 19  8 42 47.82 -Inf   1
1991  30.762800  110.912804     4.680    23463.5   -22305.8    -1296.5      0.0      0.0      0.0 2018  4 19  8 58 50.80 -Inf   1
1992  30.896099  110.728600     1.380     5842.2    -7527.1    -4596.5      0.0      0.0      0.0 2018  4 19 10 43  2.53 -Inf   1
2304  30.774401  110.762497     8.740     9545.9   -21238.1     2937.3      0.0      0.0      0.0 2018  4 19 11 16 24.39 -Inf   1
1995  31.042700  110.447098     7.170   -21046.1     8726.3     1193.5      0.0      0.0      0.0 2018  4 19 20 26  5.96 -Inf   1
1965  31.146299  110.517799     6.700   -14704.4    20469.9      654.9      0.0      0.0      0.0 2018  4 19 20 27  5.02 -Inf   1
1996  30.874901  111.014198     5.530    33141.6    -9877.4     -446.5      0.0      0.0      0.0 2018  4 19 22 39 29.40 -Inf   1
2311  30.857800  111.129997     6.550    43617.1   -11586.6      402.5      0.0      0.0      0.0 2018  4 19 23 41 16.44 -Inf   1
2312  30.840200  111.138901     6.520    44472.2   -13537.8      372.5      0.0      0.0      0.0 2018  4 19 23 58 45.84 -Inf   1
1970  30.956600  109.954803    10.000   -68510.4     -561.9     3954.9      0.0      0.0      0.0 2018  4 20  2  4 49.36 -Inf   1
2000  30.852600  110.944397     1.520    26472.8   -12349.8    -4456.5      0.0      0.0      0.0 2018  4 20  2 56 14.51 -Inf   1
2315  31.175301  110.368301     4.260   -29148.3    23614.4    -1887.5      0.0      0.0      0.0 2018  4 20  4 44 41.97 -Inf   1
2002  30.829100  110.948898     8.950    26906.3   -14955.3     2973.5      0.0      0.0      0.0 2018  4 20  6  3 36.29 -Inf   1
2317  31.037800  110.434303    10.740   -22865.6     8369.8     4592.5      0.0      0.0      0.0 2018  4 20  7 42 34.44 -Inf   1
2319  31.043600  110.271500     1.000   -37357.6     8607.8    -4802.7      0.0      0.0      0.0 2018  4 20  8 50 53.08 -Inf   1
2320  31.135099  110.210503     1.000   -43162.3    18752.2    -4802.7      0.0      0.0      0.0 2018  4 20 12  3  3.48 -Inf   1
2320  31.047199  110.444901     5.130   -21852.5     9411.9    -1017.5      0.0      0.0      0.0 2018  4 20 14 17 35.58 -Inf   1
2324  31.042000  110.418404     7.750   -23328.5     8430.4     1947.3      0.0      0.0      0.0 2018  4 20 15 56  8.95 -Inf   1
2008  30.930901  110.795197     6.450    12204.9    -3668.7      473.5      0.0      0.0      0.0 2018  4 20 19  3  7.20 -Inf   1
2325  30.975500  110.815598     2.030    13554.1     1462.7    -4117.5      0.0      0.0      0.0 2018  4 21  6 25 55.19 -Inf   1
1982  30.785500  110.777603    10.140    10113.1   -19531.6     4094.9      0.0      0.0      0.0 2018  4 21 11 51 59.23 -Inf   1
1983  31.114599  110.263397     4.240   -38993.8    16955.3    -1805.1      0.0      0.0      0.0 2018  4 21 12 57 19.75 -Inf   1
2328  31.010599  110.812103    12.150    13217.9     5354.1     6002.5      0.0      0.0      0.0 2018  4 21 16 22 31.30 -Inf   1
2333  31.170601  110.323799     1.000   -32341.6    22688.2    -4802.7      0.0      0.0      0.0 2018  4 21 19 54 39.72 -Inf   1
1985  31.041100  110.448303     5.170   -21349.5     8806.5     -875.1      0.0      0.0      0.0 2018  4 21 20  4 47.96 -Inf   1
1986  31.077299  110.176903     1.870   -47260.3    12819.9    -4175.1      0.0      0.0      0.0 2018  4 22  0 31 40.48 -Inf   1
2017  31.236601  110.050499     2.430   -58862.4    30223.9    -3546.5      0.0      0.0      0.0 2018  4 22  5 24  7.20 -Inf   1
2334  30.918600  110.758400     5.240     8092.1    -4845.7     -907.5      0.0      0.0      0.0 2018  4 22  8 18 23.70 -Inf   1
2341  31.058300  110.216599     3.680   -42597.4    10237.6    -2122.7      0.0      0.0      0.0 2018  4 22 17  1  1.80 -Inf   1
1992  31.107100  110.066597     8.000   -57783.9    16123.8     1954.9      0.0      0.0      0.0 2018  4 22 18 32 16.68 -Inf   1
1993  30.772800  110.770500     9.480     9434.5   -20939.5     3434.9      0.0      0.0      0.0 2018  4 23  2 37 50.28 -Inf   1
2346  30.916100  110.763298     6.510     9615.5    -5528.1      707.3      0.0      0.0      0.0 2018  4 23  3 20 15.46 -Inf   1
2026  31.149401  110.369003     1.000   -28488.4    20556.1    -4976.5      0.0      0.0      0.0 2018  4 23  6 20 40.75 -Inf   1
1995  31.133699  110.030899     6.000   -61183.6    19072.9      -45.1      0.0      0.0      0.0 2018  4 23  9 30 22.53 -Inf   1
2342  30.988800  110.815498     2.010    13543.7     2937.3    -4137.5      0.0      0.0      0.0 2018  4 23 22  2 18.70 -Inf   1
2349  31.076700  110.164803     1.410   -47539.0    12277.6    -4392.7      0.0      0.0      0.0 2018  4 24  4 35 10.86 -Inf   1
1998  30.987000  110.781502     8.860    10475.0     2808.5     2814.9      0.0      0.0      0.0 2018  4 24  7 34 24.23 -Inf   1
2352  31.303400  110.119102     6.420   -51841.4    37411.5      617.3      0.0      0.0      0.0 2018  4 24  8 57 47.80 -Inf   1
2345  30.922701  111.227997     6.780    52967.4    -4391.1      632.5      0.0      0.0      0.0 2018  4 24  9 18 41.82 -Inf   1
2001  30.906300  110.516197     9.000   -14875.8    -6138.6     2954.9      0.0      0.0      0.0 2018  4 24 14 52  4.80 -Inf   1
2359  30.917000  110.754097     3.470     8736.1    -5428.2    -2332.7      0.0      0.0      0.0 2018  4 25  5 41 10.90 -Inf   1
2353  30.851101  111.135498     6.570    44144.4   -12329.3      422.5      0.0      0.0      0.0 2018  4 25  9  4 31.34 -Inf   1
2355  30.855700  111.133301     6.070    43933.3   -11819.4      -77.5      0.0      0.0      0.0 2018  4 25 10  5 17.76 -Inf   1
2357  30.885799  111.016701     4.210    32781.9    -8482.3    -1937.5      0.0      0.0      0.0 2018  4 25 10 50 16.35 -Inf   1
2039  30.983500  110.785301     9.530    11256.3     2162.9     3553.5      0.0      0.0      0.0 2018  4 25 12 50 53.23 -Inf   1
2359  30.936800  111.215202     5.670    51741.0    -2827.9     -477.5      0.0      0.0      0.0 2018  4 25 13 33  5.74 -Inf   1
2361  30.925501  110.788803     8.820    10997.2    -4080.6     2672.5      0.0      0.0      0.0 2018  4 25 15 30 59.21 -Inf   1
2043  30.929501  110.790604     9.990    11766.1    -3823.9     4013.5      0.0      0.0      0.0 2018  4 25 15 47 39.65 -Inf   1
2363  31.027500  110.439499     9.170   -22370.6     7227.9     3022.5      0.0      0.0      0.0 2018  4 25 18 50  8.28 -Inf   1
2045  31.037600  110.446198     4.730   -21132.6     8160.9    -1246.5      0.0      0.0      0.0 2018  4 25 18 52 28.00 -Inf   1
2046  31.037600  110.446297     0.830   -21123.1     8160.9    -5146.5      0.0      0.0      0.0 2018  4 25 18 59 37.28 -Inf   1
2014  31.032499  110.441200     8.350   -22028.9     7853.0     2304.9      0.0      0.0      0.0 2018  4 25 19  4 44.92 -Inf   1
2015  31.158300  110.445900     5.870   -21565.9    21800.4     -175.1      0.0      0.0      0.0 2018  4 25 19 26 52.36 -Inf   1
2373  30.839399  111.152702     6.270    46846.8   -14031.7      467.3      0.0      0.0      0.0 2018  4 25 23 12 24.68 -Inf   1
2369  31.036699  110.457100     5.570   -20688.6     8247.8     -577.5      0.0      0.0      0.0 2018  4 25 23 43 44.60 -Inf   1
2370  30.847300  111.138397     6.040    44422.4   -12750.7     -107.5      0.0      0.0      0.0 2018  4 26  0 10 26.50 -Inf   1
2019  30.847799  111.139999     5.960    44754.6   -12624.5      -85.1      0.0      0.0      0.0 2018  4 26  0 11 38.44 -Inf   1
2377  30.828501  110.628403     7.310    -3277.0   -15240.0     1507.3      0.0      0.0      0.0 2018  4 26  0 40 53.62 -Inf   1
2373  30.848301  111.135803     5.750    44174.2   -12639.7     -397.5      0.0      0.0      0.0 2018  4 26  3 21 46.86 -Inf   1
2022  30.887501  110.727203     1.220     5290.6    -8222.8    -4825.1      0.0      0.0      0.0 2018  4 26  4  6 13.18 -Inf   1
2380  30.851400  111.139702     6.140    45601.1   -12701.2      337.3      0.0      0.0      0.0 2018  4 26  4 36 20.97 -Inf   1
2056  31.266701  110.863800     3.360    18727.7    33561.1    -2616.5      0.0      0.0      0.0 2018  4 26  4 52 17.47 -Inf   1
2057  30.740999  110.828400     7.190    15392.8   -24722.9     1213.5      0.0      0.0      0.0 2018  4 26  6 11 10.90 -Inf   1
2378  30.987000  109.951698     4.000   -68974.8     2737.7    -2147.5      0.0      0.0      0.0 2018  4 26  8 15 52.45 -Inf   1
2026  30.841101  111.139000     5.680    44660.6   -13367.1     -365.1      0.0      0.0      0.0 2018  4 26  8 23  1.22 -Inf   1
2059  30.794500  110.922600     5.940    24396.4   -18791.3      -36.5      0.0      0.0      0.0 2018  4 26  8 45 12.57 -Inf   1
2060  30.806000  110.917397     5.110    23897.4   -17516.3     -866.5      0.0      0.0      0.0 2018  4 26  9  5 22.88 -Inf   1
2387  30.854099  111.131104     6.410    44778.5   -12402.0      607.3      0.0      0.0      0.0 2018  4 26  9 51 35.02 -Inf   1
2384  31.052299  110.457298     3.740   -20667.9     9977.4    -2407.5      0.0      0.0      0.0 2018  4 26 16 14 42.77 -Inf   1
2065  31.041800  110.451103    10.590   -20663.6     8626.5     4613.5      0.0      0.0      0.0 2018  4 26 18 17 11.60 -Inf   1
2390  31.041800  110.453598     8.690   -19967.4     8408.2     2887.3      0.0      0.0      0.0 2018  4 26 21 41 42.24 -Inf   1
2068  30.855600  111.132500     5.890    44453.8   -12017.2      -86.5      0.0      0.0      0.0 2018  4 26 23 10  1.56 -Inf   1
2035  30.851900  111.136803     6.430    44448.0   -12169.8      384.9      0.0      0.0      0.0 2018  4 26 23 11 24.62 -Inf   1
2070  30.857300  111.131500     5.960    44357.9   -11828.8      -16.5      0.0      0.0      0.0 2018  4 26 23 20 35.64 -Inf   1
2396  30.694201  110.900803     8.920    22781.9   -30129.8     3117.3      0.0      0.0      0.0 2018  4 27  1 46  4.18 -Inf   1
2393  30.853300  111.131104     5.950    43723.8   -12085.4     -197.5      0.0      0.0      0.0 2018  4 27  3  6 29.96 -Inf   1
2073  30.855499  111.134201     7.420    44616.5   -12028.4     1443.5      0.0      0.0      0.0 2018  4 27  3 24 31.30 -Inf   1
2399  30.942600  110.995598     0.420    31810.4    -2589.9    -5382.7      0.0      0.0      0.0 2018  4 27  4 29 29.40 -Inf   1
2400  30.979099  110.790199     1.000    12182.3     1456.7    -4802.7      0.0      0.0      0.0 2018  4 27  5 50 36.51 -Inf   1
2397  30.855900  111.133499     5.870    43952.2   -11797.2     -277.5      0.0      0.0      0.0 2018  4 27  6 50 20.25 -Inf   1
2402  30.850300  111.142197     5.530    45839.8   -12823.2     -272.7      0.0      0.0      0.0 2018  4 27  7 24  6.48 -Inf   1
2043  30.962799  111.228798     0.450    53211.9      125.4    -5595.1      0.0      0.0      0.0 2018  4 27  7 36  7.34 -Inf   1
2401  30.814301  110.937302     5.380    25202.2   -16409.3     -767.5      0.0      0.0      0.0 2018  4 27  9 26 28.99 -Inf   1
2406  30.982201  110.523201     1.000   -13324.4     1800.5    -4802.7      0.0      0.0      0.0 2018  4 27  9 41 17.15 -Inf   1
2081  31.200800  110.817802     1.290    14344.9    26254.7    -4686.5      0.0      0.0      0.0 2018  4 27 10  4 19.96 -Inf   1
2082  31.075701  110.147400    10.700   -49659.1    12385.1     4723.5      0.0      0.0      0.0 2018  4 27 10 28 41.05 -Inf   1
2083  30.847900  111.134300     6.080    44627.7   -12870.9      103.5      0.0      0.0      0.0 2018  4 27 10 41 51.06 -Inf   1
2406  30.883200  111.013496     5.240    32476.0    -8770.5     -907.5      0.0      0.0      0.0 2018  4 27 15  9  0.99 -Inf   1
2408  31.089100  110.431297     1.760   -23146.5    14057.4    -4387.5      0.0      0.0      0.0 2018  4 27 15 51 42.60 -Inf   1
2409  31.155899  110.318100     4.220   -33942.8    21463.4    -1927.5      0.0      0.0      0.0 2018  4 27 16 29 57.50 -Inf   1
2411  31.115000  110.270103     8.430   -38532.0    16928.9     2282.5      0.0      0.0      0.0 2018  4 27 21 12  4.24 -Inf   1
2415  31.110600  110.277000     9.220   -36819.5    16036.0     3417.3      0.0      0.0      0.0 2018  4 27 22 45 37.64 -Inf   1
2416  30.858101  111.135696     5.630    45216.6   -11958.3     -172.7      0.0      0.0      0.0 2018  4 27 23 34 28.08 -Inf   1
2052  30.854200  111.139702     5.980    44724.7   -11914.8      -65.1      0.0      0.0      0.0 2018  4 27 23 35 36.40 -Inf   1
2087  30.848499  111.136002     6.520    44790.3   -12804.5      543.5      0.0      0.0      0.0 2018  4 27 23 49 54.80 -Inf   1
2419  30.765100  111.203201     1.000    51694.4   -22269.2    -4802.7      0.0      0.0      0.0 2018  4 28  2 47 15.24 -Inf   1
2415  30.774500  111.189499     7.880    49326.3   -20821.9     1732.5      0.0      0.0      0.0 2018  4 28  2 54  5.28 -Inf   1
2421  30.899799  110.726997     1.000     6147.0    -7335.2    -4802.7      0.0      0.0      0.0 2018  4 28  4 22 31.96 -Inf   1
2090  30.857401  110.945000     0.420    26529.7   -11817.6    -5556.5      0.0      0.0      0.0 2018  4 28  5  4 27.33 -Inf   1
2091  30.998199  110.049599     1.000   -59021.4     3792.6    -4976.5      0.0      0.0      0.0 2018  4 28  7 15 47.70 -Inf   1
2058  30.944500  110.644203    11.690    -2641.7    -1903.4     5644.9      0.0      0.0      0.0 2018  4 28  8  8 32.75 -Inf   1
2421  30.823500  110.920403     9.250    23585.3   -15389.4     3102.5      0.0      0.0      0.0 2018  4 28  8 57 43.79 -Inf   1
2426  31.138599  110.020203     8.000   -61326.2    19140.3     2197.3      0.0      0.0      0.0 2018  4 28  9  9 51.47 -Inf   1
2422  30.864000  111.108803     8.500    41589.7   -10899.1     2352.5      0.0      0.0      0.0 2018  4 28  9 29 41.57 -Inf   1
2423  30.864100  111.100403     5.620    40786.7   -10888.1     -527.5      0.0      0.0      0.0 2018  4 28  9 39 48.46 -Inf   1
2098  31.019501  110.686203     9.680     1789.0     6154.3     3703.5      0.0      0.0      0.0 2018  4 28 10 54 39.80 -Inf   1
2432  30.880199  111.018204     4.110    33981.4    -9508.3    -1692.7      0.0      0.0      0.0 2018  4 28 16 13 39.72 -Inf   1
2066  30.876101  111.043900     4.260    35562.3    -9486.8    -1785.1      0.0      0.0      0.0 2018  4 28 19 55 33.06 -Inf   1
2427  30.932899  111.169899     0.880    47413.0    -3260.3    -5267.5      0.0      0.0      0.0 2018  4 28 21 20 18.82 -Inf   1
2428  31.040501  110.439301     4.490   -22388.1     8669.3    -1657.5      0.0      0.0      0.0 2018  4 28 21 49 45.86 -Inf   1
2101  31.125601  110.632202     0.210    -3366.9    17917.5    -5766.5      0.0      0.0      0.0 2018  4 29  1 26  1.37 -Inf   1
2440  30.902599  110.727097     4.930     6156.4    -7024.8     -872.7      0.0      0.0      0.0 2018  4 29  3 57 19.78 -Inf   1
2430  31.084900  110.262703     6.280   -39244.7    13591.8      132.5      0.0      0.0      0.0 2018  4 29  4 22 12.37 -Inf   1
2442  30.856300  110.947601     1.770    27236.5   -12157.9    -4032.7      0.0      0.0      0.0 2018  4 29  4 51 41.26 -Inf   1
2105  31.233200  110.074097     8.400   -56612.1    29846.9     2423.5      0.0      0.0      0.0 2018  4 29  7  8  5.89 -Inf   1
2106  30.870501  110.879799     4.680    20295.6   -10365.2    -1296.5      0.0      0.0      0.0 2018  4 29  7 33  9.29 -Inf   1
2076  30.856100  111.130302     6.210    43825.7   -11704.2      164.9      0.0      0.0      0.0 2018  4 29  9 33 15.79 -Inf   1
2445  30.851400  111.139702     6.410    45601.1   -12701.2      607.3      0.0      0.0      0.0 2018  4 29  9 54 42.99 -Inf   1
2446  30.727100  110.925201     6.370    25112.0   -26482.2      567.3      0.0      0.0      0.0 2018  4 29 10  0 33.25 -Inf   1
2447  30.889299  111.135300     5.830    45171.4    -8499.4       27.3      0.0      0.0      0.0 2018  4 29 12 33 51.70 -Inf   1
2448  31.195000  110.590797     5.060    -6859.3    25393.3     -742.7      0.0      0.0      0.0 2018  4 29 13 25  2.65 -Inf   1
2439  30.972300  110.857101     7.460    17519.5     1107.9     1312.5      0.0      0.0      0.0 2018  4 29 14  6 32.34 -Inf   1
2450  31.170799  110.504402     2.570   -15105.4    22710.2    -3232.7      0.0      0.0      0.0 2018  4 29 17 34  3.40 -Inf   1
2110  31.189400  110.299698     0.060   -35096.2    24990.8    -5916.5      0.0      0.0      0.0 2018  4 29 18 39 47.38 -Inf   1
2453  30.882000  111.016098     4.270    33779.8    -9308.6    -1532.7      0.0      0.0      0.0 2018  4 29 22 37 41.20 -Inf   1
2454  30.838800  111.149101     5.600    46502.6   -14098.1     -202.7      0.0      0.0      0.0 2018  4 29 23 14 41.00 -Inf   1
2445  30.989799  110.815598     2.320    13553.1     3048.1    -3827.5      0.0      0.0      0.0 2018  4 29 23 31 25.56 -Inf   1
2447  30.694201  110.942398     9.570    25705.4   -29724.6     3422.5      0.0      0.0      0.0 2018  4 30  0 25 29.90 -Inf   1
2085  30.844200  111.134499     6.600    44229.5   -13023.5      554.9      0.0      0.0      0.0 2018  4 30  1 11 33.20 -Inf   1
2449  30.851500  111.133003     6.720    43905.8   -12285.1      572.5      0.0      0.0      0.0 2018  4 30  1 12 17.93 -Inf   1
2087  30.844900  111.149803     6.170    45692.5   -12945.9      124.9      0.0      0.0      0.0 2018  4 30  2 58 46.75 -Inf   1
2451  31.039000  110.446198     4.080   -21729.5     8502.8    -2067.5      0.0      0.0      0.0 2018  4 30  3  1 51.14 -Inf   1
2462  31.062201  110.399696     9.530   -25112.4    10670.0     3727.3      0.0      0.0      0.0 2018  4 30  3 10 38.94 -Inf   1
2119  30.804001  110.932999     3.160    25389.5   -17738.0    -2816.5      0.0      0.0      0.0 2018  4 30  3 52 41.24 -Inf   1
2120  31.221701  110.143898     7.240   -49955.5    28572.0     1263.5      0.0      0.0      0.0 2018  4 30  3 55 13.07 -Inf   1
2455  31.037600  110.435799     8.990   -22722.8     8347.6     2842.5      0.0      0.0      0.0 2018  4 30  5 25  9.82 -Inf   1
2123  31.035999  110.445396     7.700   -21209.3     7983.4     1723.5      0.0      0.0      0.0 2018  4 30  5 29 34.02 -Inf   1
2094  30.841299  111.138397     5.750    44602.9   -13345.2     -295.1      0.0      0.0      0.0 2018  4 30  5 59  3.41 -Inf   1
2470  30.845900  111.139503     6.040    45583.4   -13311.0      237.3      0.0      0.0      0.0 2018  4 30  6 58 50.83 -Inf   1
2471  30.759199  110.826401    18.250    15658.5   -22923.4    12447.2      0.0      0.0      0.0 2018  4 30  7 56 46.04 -Inf   1
2127  30.744200  110.822197    18.390    14799.3   -24368.0    12413.5      0.0      0.0      0.0 2018  4 30  7 57  2.98 -Inf   1
2473  30.764200  111.095398     6.080    41384.5   -22369.0      277.3      0.0      0.0      0.0 2018  4 30  8 27 54.53 -Inf   1
2128  30.863899  111.196404    12.200    50560.5   -11097.1     6223.5      0.0      0.0      0.0 2018  4 30 10 17 25.54 -Inf   1
2130  30.976101  109.957901     4.000   -67788.5     1342.6    -1976.5      0.0      0.0      0.0 2018  4 30 11 21 35.01 -Inf   1
2100  30.969400  109.964798     8.000   -67551.0      857.3     1954.9      0.0      0.0      0.0 2018  4 30 11 28 29.87 -Inf   1
2474  30.811001  110.660301     8.610     -227.4   -17180.2     2807.3      0.0      0.0      0.0 2018  4 30 11 54  6.22 -Inf   1
2464  31.033800  110.452103     4.300   -21166.2     7926.4    -1847.5      0.0      0.0      0.0 2018  4 30 12 12  3.76 -Inf   1
2476  31.013100  110.472801     4.980   -18136.2     5226.2     -822.7      0.0      0.0      0.0 2018  4 30 14 23 52.09 -Inf   1
2477  30.888500  111.148003     6.880    46385.7    -8588.0     1077.3      0.0      0.0      0.0 2018  4 30 15  8 30.57 -Inf   1
2480  31.076200  110.165604     1.380   -47462.6    12222.2    -4422.7      0.0      0.0      0.0 2018  4 30 23 44 34.98 -Inf   1
2481  30.852501  111.137703     6.520    45409.7   -12579.2      717.3      0.0      0.0      0.0 2018  4 30 23 48 31.68 -Inf   1
2470  30.861300  111.129799     6.090    43597.3   -11198.6      -57.5      0.0      0.0      0.0 2018  4 30 23 49 35.92 -Inf   1
2471  30.847300  111.137299     6.180    44317.4   -12750.7       32.5      0.0      0.0      0.0 2018  5  1  0  2 38.85 -Inf   1
2473  31.067499  110.454300     6.800   -20952.6    11662.6      652.5      0.0      0.0      0.0 2018  5  1  3  0 39.40 -Inf   1
2475  30.843901  111.138802     5.950    44461.9   -13127.5     -197.5      0.0      0.0      0.0 2018  5  1  5 24  6.24 -Inf   1
2487  30.854099  111.132401     6.090    44902.5   -12402.0      287.3      0.0      0.0      0.0 2018  5  1  5 46  3.10 -Inf   1
2477  30.852400  111.137703     6.450    44354.9   -12185.3      302.5      0.0      0.0      0.0 2018  5  1  9  8 34.37 -Inf   1
2478  30.748600  110.817596    19.680    13761.2   -23693.4    13532.5      0.0      0.0      0.0 2018  5  1 10  0 58.38 -Inf   1
2144  31.174999  110.201797     5.340   -44442.0    23394.2     -636.5      0.0      0.0      0.0 2018  5  1 11 14 41.82 -Inf   1
2492  30.846001  110.475899     1.000   -17855.8   -13299.8    -4802.7      0.0      0.0      0.0 2018  5  1 13 57 16.95 -Inf   1
2147  30.940001  111.180496    11.560    49020.6    -2659.8     5583.5      0.0      0.0      0.0 2018  5  1 15 17 53.74 -Inf   1
2481  31.163099  110.283600     1.000   -37234.3    22261.6    -5147.5      0.0      0.0      0.0 2018  5  1 16 37 38.30 -Inf   1
2149  30.776300  110.770103     9.790     9814.9   -20809.1     3813.5      0.0      0.0      0.0 2018  5  1 19 25 39.14 -Inf   1
2150  31.065500  110.150101     5.820   -49403.9    11254.2     -156.5      0.0      0.0      0.0 2018  5  1 21 53  8.18 -Inf   1
2484  30.847601  111.122299     6.270    42883.4   -12717.3      122.5      0.0      0.0      0.0 2018  5  1 23 21 54.76 -Inf   1
2485  30.852200  111.125504     7.290    43188.7   -12207.5     1142.5      0.0      0.0      0.0 2018  5  1 23 31 25.92 -Inf   1
2153  30.853300  111.132004     6.120    44407.0   -12272.2      143.5      0.0      0.0      0.0 2018  5  2  0 21 44.05 -Inf   1
2488  30.842100  111.110397     7.210    41746.8   -13327.2     1062.5      0.0      0.0      0.0 2018  5  2  2 23 35.30 -Inf   1
2126  31.046499  110.450996     7.740   -21091.7     9405.2     1694.9      0.0      0.0      0.0 2018  5  2  3  3 58.80 -Inf   1
2504  30.847200  111.207298     8.930    52064.1   -13166.8     3127.3      0.0      0.0      0.0 2018  5  2  3 31 26.19 -Inf   1
2156  31.293600  110.853302     2.000    17723.8    36543.4    -3976.5      0.0      0.0      0.0 2018  5  2  3 44 39.03 -Inf   1
2507  31.133699  110.032303     1.000   -60172.7    18597.0    -4802.7      0.0      0.0      0.0 2018  5  2  7 26  6.14 -Inf   1
2509  31.147100  110.306297     1.000   -34016.1    20082.8    -4802.7      0.0      0.0      0.0 2018  5  2 21 46 51.84 -Inf   1
2511  30.850100  111.139397     6.210    45572.2   -12845.4      407.3      0.0      0.0      0.0 2018  5  2 23 29  1.56 -Inf   1
2133  30.850901  111.136703     5.850    44438.8   -12280.6     -195.1      0.0      0.0      0.0 2018  5  3  1 32 58.46 -Inf   1
2514  30.853800  111.135101     7.240    45160.7   -12435.2     1437.3      0.0      0.0      0.0 2018  5  3  1 33 33.04 -Inf   1
2515  31.049700  110.444397     7.910   -20845.3     9284.1     2107.3      0.0      0.0      0.0 2018  5  3  1 35 58.15 -Inf   1
2516  30.745600  110.872902    11.420    20107.3   -24431.2     5617.3      0.0      0.0      0.0 2018  5  3  4 24 24.08 -Inf   1
2517  30.980801  110.799202     1.000    13042.2     1645.3    -4802.7      0.0      0.0      0.0 2018  5  3  5 45 45.38 -Inf   1
2139  30.932301  110.767700     8.560     9159.1    -3255.9     2514.9      0.0      0.0      0.0 2018  5  3  6 21 15.98 -Inf   1
2140  30.848499  111.134201     6.280    44200.1   -12546.9      234.9      0.0      0.0      0.0 2018  5  3  6 22 20.80 -Inf   1
2520  30.878599  111.015099     4.040    33684.9    -9685.7    -1762.7      0.0      0.0      0.0 2018  5  3  6 34 41.26 -Inf   1
2521  30.710100  110.887001     3.980    21459.8   -28367.0    -1822.7      0.0      0.0      0.0 2018  5  3  7 28 44.27 -Inf   1
2509  31.240101  110.043999     4.000   -60078.3    30798.7    -2147.5      0.0      0.0      0.0 2018  5  3  7 53 13.88 -Inf   1
2510  30.846001  111.138496     6.140    44432.2   -12894.7       -7.5      0.0      0.0      0.0 2018  5  3  8 29 35.27 -Inf   1
2511  30.846399  111.139397     6.700    44518.2   -12850.5      552.5      0.0      0.0      0.0 2018  5  3  8 30 55.78 -Inf   1
2144  31.290300  110.840797     2.000    16114.1    36435.1    -4045.1      0.0      0.0      0.0 2018  5  3  8 42 48.84 -Inf   1
2525  30.891899  110.730400     1.000     6472.4    -8211.1    -4802.7      0.0      0.0      0.0 2018  5  3 11 16 18.82 -Inf   1
2515  31.042200  110.439499     1.910   -22368.9     8857.7    -4237.5      0.0      0.0      0.0 2018  5  3 15 56  5.92 -Inf   1
2147  31.039000  110.448097     6.810   -21369.4     8573.7      764.9      0.0      0.0      0.0 2018  5  3 17 19  3.76 -Inf   1
2172  31.168200  110.370003     1.210   -28390.2    22640.3    -4766.5      0.0      0.0      0.0 2018  5  3 21 18 12.08 -Inf   1
2532  31.075399  110.186897     1.900   -45429.6    12133.4    -3902.7      0.0      0.0      0.0 2018  5  3 21 55 34.92 -Inf   1
2150  30.846500  111.133499     6.350    44133.5   -12768.5      304.9      0.0      0.0      0.0 2018  5  3 23 17 48.44 -Inf   1
2521  30.852100  111.131203     6.410    43733.6   -12218.5      262.5      0.0      0.0      0.0 2018  5  3 23 18 31.36 -Inf   1
2175  30.849300  111.125801     6.910    43814.9   -12715.7      933.5      0.0      0.0      0.0 2018  5  4  0 24 11.33 -Inf   1
2176  30.833599  111.228996     2.590    53684.5   -14456.4    -3386.5      0.0      0.0      0.0 2018  5  4  2 21 50.60 -Inf   1
2179  30.784100  111.175102     1.990    48544.3   -19944.4    -3986.5      0.0      0.0      0.0 2018  5  4  4  6 52.55 -Inf   1
2157  30.843100  111.140602     6.580    44813.3   -13145.5      534.9      0.0      0.0      0.0 2018  5  4  4 16 44.73 -Inf   1
2526  30.862301  110.945900     3.160    26017.9   -11087.5    -2987.5      0.0      0.0      0.0 2018  5  4  4 21 21.89 -Inf   1
2159  30.846701  110.938797     0.800    25520.0   -12746.3    -5245.1      0.0      0.0      0.0 2018  5  4  4 22 48.12 -Inf   1
2182  30.864700  110.946800     4.070    26700.8   -11008.3    -1906.5      0.0      0.0      0.0 2018  5  4  4 33 42.81 -Inf   1
2528  30.797400  111.043999     0.990    35407.2   -18283.1    -5157.5      0.0      0.0      0.0 2018  5  4  5 12 25.30 -Inf   1
2546  30.784100  111.056000     2.610    37612.6   -20162.8    -3192.7      0.0      0.0      0.0 2018  5  4  5 26 20.09 -Inf   1
2185  30.782600  110.766296    11.390     9450.6   -20110.6     5413.5      0.0      0.0      0.0 2018  5  4  6 48 52.79 -Inf   1
2548  31.005600  110.475700     1.000   -17860.0     4394.8    -4802.7      0.0      0.0      0.0 2018  5  4  7  1 56.27 -Inf   1
2532  30.800501  110.914803     4.990    23052.6   -17939.2    -1157.5      0.0      0.0      0.0 2018  5  4  7 22 56.86 -Inf   1
2188  31.029900  110.454903     3.920   -20302.0     7307.2    -2056.5      0.0      0.0      0.0 2018  5  4  7 55  0.93 -Inf   1
2551  30.757299  111.197800     4.320    51179.8   -23134.1    -1482.7      0.0      0.0      0.0 2018  5  4  7 56 23.95 -Inf   1
2535  30.854300  111.144501     6.730    45004.3   -11974.6      582.5      0.0      0.0      0.0 2018  5  4  8 18 55.59 -Inf   1
2169  30.855801  111.137100     5.790    44475.6   -11737.4     -255.1      0.0      0.0      0.0 2018  5  4  8 31 59.79 -Inf   1
2537  31.234100  110.062103     3.860   -58352.9    30133.5    -2287.5      0.0      0.0      0.0 2018  5  4  8 43 34.55 -Inf   1
2171  30.856400  111.130402     5.970    43835.1   -11671.0      -75.1      0.0      0.0      0.0 2018  5  4  9 19 46.07 -Inf   1
2193  31.028099  110.443802     5.610   -21362.5     7107.6     -366.5      0.0      0.0      0.0 2018  5  4 11 19  8.03 -Inf   1
2556  30.941099  111.245300     4.940    55669.9    -2756.4     -862.7      0.0      0.0      0.0 2018  5  4 11 46 53.32 -Inf   1
2557  30.884199  111.014900     4.400    33664.9    -9064.8    -1402.7      0.0      0.0      0.0 2018  5  4 12 27 13.89 -Inf   1
2541  31.232700  110.429298     6.290   -23320.0    29978.2      142.5      0.0      0.0      0.0 2018  5  4 17 27 33.18 -Inf   1
2544  30.849100  111.139900     5.700    44565.7   -12551.1     -447.5      0.0      0.0      0.0 2018  5  4 23 25 31.96 -Inf   1
2177  30.842501  111.138702     6.070    44631.8   -13211.9       24.9      0.0      0.0      0.0 2018  5  4 23 26 30.54 -Inf   1
2562  30.854601  111.130600     6.240    44730.2   -12346.3      437.3      0.0      0.0      0.0 2018  5  5  1 38 38.95 -Inf   1
2547  30.851900  111.133797     6.550    43981.6   -12240.7      402.5      0.0      0.0      0.0 2018  5  5  1 39 18.34 -Inf   1
2201  30.926201  110.632202     4.900    -3370.4    -4189.8    -1076.5      0.0      0.0      0.0 2018  5  5  4  1  2.84 -Inf   1
2202  30.850300  111.136101     4.580    44799.3   -12604.8    -1396.5      0.0      0.0      0.0 2018  5  5  4 36 11.06 -Inf   1
2182  30.911800  110.772499     4.480     9618.7    -5528.8    -1565.1      0.0      0.0      0.0 2018  5  5  4 38 47.68 -Inf   1
2183  30.839001  111.140404     6.140    44795.3   -13600.0       94.9      0.0      0.0      0.0 2018  5  5  6 19 29.43 -Inf   1
2552  31.069799  110.152496     1.640   -49771.2    11917.6    -4507.5      0.0      0.0      0.0 2018  5  5  6 23 20.58 -Inf   1
2554  30.891500  111.146004     7.130    45139.3    -7850.2      982.5      0.0      0.0      0.0 2018  5  5  7 51 42.30 -Inf   1
2555  30.850000  111.141403     5.960    44709.2   -12451.3     -187.5      0.0      0.0      0.0 2018  5  5  9 25 40.82 -Inf   1
2209  31.061800  110.180603     5.990   -46492.1    10843.9       13.5      0.0      0.0      0.0 2018  5  5  9 49 18.69 -Inf   1
2581  30.882401  111.016899     4.910    33856.3    -9264.2     -892.7      0.0      0.0      0.0 2018  5  5 21 54 35.38 -Inf   1
2189  30.855400  111.134804     5.400    44256.1   -11781.8     -645.1      0.0      0.0      0.0 2018  5  5 23 33  6.80 -Inf   1
2215  30.856001  111.132401     6.080    44444.3   -11972.8      103.5      0.0      0.0      0.0 2018  5  6  2 27 31.43 -Inf   1
2585  30.841700  111.142601     6.430    45880.5   -13776.7      627.3      0.0      0.0      0.0 2018  5  6  6 13 29.29 -Inf   1
2218  30.853399  111.134804     6.250    44674.6   -12261.2      273.5      0.0      0.0      0.0 2018  5  6  6 30 13.05 -Inf   1
2195  30.843201  111.142899     6.920    45032.8   -13134.3      874.9      0.0      0.0      0.0 2018  5  6  8 44 21.47 -Inf   1
2220  31.118601  110.100502     2.010   -54125.1    17141.4    -3966.5      0.0      0.0      0.0 2018  5  6  9 59 42.30 -Inf   1
2572  31.075001  110.194099     1.960   -45797.4    12494.3    -4187.5      0.0      0.0      0.0 2018  5  6 14  1 19.25 -Inf   1
2592  30.841801  111.146599     6.460    46262.7   -13765.5      657.3      0.0      0.0      0.0 2018  5  6 23 11 46.80 -Inf   1
2575  30.870600  110.829697     4.520    14909.2   -10167.5    -1627.5      0.0      0.0      0.0 2018  5  7  0  4 29.07 -Inf   1
2227  31.056101  110.156898     6.660   -48757.1    10212.1      683.5      0.0      0.0      0.0 2018  5  7  0 24 38.70 -Inf   1
2202  30.833099  111.146698     7.850    45398.4   -14254.2     1804.9      0.0      0.0      0.0 2018  5  7  0 55  2.76 -Inf   1
2203  30.847099  111.132797     6.240    44066.2   -12702.1      194.9      0.0      0.0      0.0 2018  5  7  0 56 18.85 -Inf   1
2230  30.840599  111.145103     5.910    45662.2   -13680.4      -66.5      0.0      0.0      0.0 2018  5  7  2  0 58.24 -Inf   1
2231  30.862101  110.825104     3.000    15068.1   -11296.5    -2976.5      0.0      0.0      0.0 2018  5  7  2 29 23.82 -Inf   1
2232  30.880699  110.833000     6.920    15821.4    -9234.5      943.5      0.0      0.0      0.0 2018  5  7  4 47  6.68 -Inf   1
2234  30.851999  111.137398     5.690    44922.9   -12416.4     -286.5      0.0      0.0      0.0 2018  5  7  9 16 34.94 -Inf   1
2603  30.869301  111.084602     6.860    40330.1   -10716.6     1057.3      0.0      0.0      0.0 2018  5  7  9 22 11.86 -Inf   1
2212  30.844299  111.140404     5.720    44794.1   -13012.5     -325.1      0.0      0.0      0.0 2018  5  7  9 32 36.10 -Inf   1
2586  30.850401  111.146202     7.200    45167.9   -12406.9     1052.5      0.0      0.0      0.0 2018  5  7  9 40 48.95 -Inf   1
2238  30.938299  111.167999     0.750    47826.9    -2848.5    -5226.5      0.0      0.0      0.0 2018  5  7 13  9  9.65 -Inf   1
2239  30.898399  110.768097     4.450     9617.0    -7272.1    -1526.5      0.0      0.0      0.0 2018  5  7 14  0 27.40 -Inf   1
2608  30.690399  110.940804     9.960    26609.5   -30551.2     4157.3      0.0      0.0      0.0 2018  5  7 17 58 44.72 -Inf   1
2595  31.145700  110.297798     1.000   -35882.4    20332.7    -5147.5      0.0      0.0      0.0 2018  5  7 18  2 46.76 -Inf   1
2596  31.028799  110.461700     5.100   -20250.0     7371.9    -1047.5      0.0      0.0      0.0 2018  5  7 18 34 10.34 -Inf   1
2611  30.979900  110.794296     7.740    12573.6     1545.5     1937.3      0.0      0.0      0.0 2018  5  7 20  2 43.44 -Inf   1
2600  31.027500  110.506699     5.130   -15952.4     7227.9    -1017.5      0.0      0.0      0.0 2018  5  7 21 37  5.92 -Inf   1
2602  31.002001  110.440102     6.540   -22316.0     4400.8      392.5      0.0      0.0      0.0 2018  5  7 23 28 53.12 -Inf   1
2224  30.844200  111.138298     6.280    44592.8   -13023.5      234.9      0.0      0.0      0.0 2018  5  8  2 48 37.99 -Inf   1
2616  30.834999  111.144203     8.010    46035.3   -14519.6     2207.3      0.0      0.0      0.0 2018  5  8  2 49 51.34 -Inf   1
2618  30.744499  110.833702     7.810    16358.0   -24553.2     2007.3      0.0      0.0      0.0 2018  5  8  3 16 44.42 -Inf   1
2227  30.842501  111.147202     6.500    45444.3   -13211.9      454.9      0.0      0.0      0.0 2018  5  8  3 29  2.58 -Inf   1
2252  30.857100  111.129799     5.350    44195.3   -11851.0     -626.5      0.0      0.0      0.0 2018  5  8  4 17  6.68 -Inf   1
2620  30.997801  110.456596     1.000   -19685.6     3530.1    -4802.7      0.0      0.0      0.0 2018  5  8  4 21 58.01 -Inf   1
2254  30.944099  110.020103     1.000   -61856.3    -2205.4    -4976.5      0.0      0.0      0.0 2018  5  8  6 37  6.34 -Inf   1
2255  30.761999  110.832199     5.130    15754.5   -22394.7     -846.5      0.0      0.0      0.0 2018  5  8  7 25  4.57 -Inf   1
2623  30.850800  111.137604     6.580    45400.6   -12767.8      777.3      0.0      0.0      0.0 2018  5  8  9 47  3.53 -Inf   1
2258  31.047199  110.442802     7.870   -21455.8     9225.2     1893.5      0.0      0.0      0.0 2018  5  8 13 30  8.83 -Inf   1
2260  31.029499  110.728104     8.090     5790.8     7262.8     2113.5      0.0      0.0      0.0 2018  5  8 14 32 29.10 -Inf   1
2618  30.933100  111.168602     0.810    47289.0    -3238.1    -5337.5      0.0      0.0      0.0 2018  5  8 20  1 49.00 -Inf   1
2619  30.930799  111.190399     4.750    49372.4    -3493.2    -1397.5      0.0      0.0      0.0 2018  5  8 21 10 10.72 -Inf   1
2620  30.925800  110.776100     8.450     9783.2    -4047.4     2302.5      0.0      0.0      0.0 2018  5  8 22  2 25.76 -Inf   1
2263  31.046499  110.796402    13.180    12312.7     9147.6     7203.5      0.0      0.0      0.0 2018  5  8 22 10 39.92 -Inf   1
2265  30.855499  111.140404     5.620    45209.4   -12028.4     -356.5      0.0      0.0      0.0 2018  5  8 23  0 58.24 -Inf   1
2240  30.850300  111.134300     5.750    44209.2   -12347.3     -295.1      0.0      0.0      0.0 2018  5  8 23  2 59.66 -Inf   1
2267  30.865801  111.130096     7.230    44221.8   -10886.3     1253.5      0.0      0.0      0.0 2018  5  8 23  3 42.16 -Inf   1
2269  30.978201  110.028702    12.210   -61023.9     1575.4     6233.5      0.0      0.0      0.0 2018  5  9  2  3  5.86 -Inf   1
2270  30.820101  111.248901     8.660    55591.4   -15953.0     2683.5      0.0      0.0      0.0 2018  5  9  3 25 26.72 -Inf   1
2639  30.838900  111.138802     7.160    45517.9   -14087.1     1357.3      0.0      0.0      0.0 2018  5  9  3 26 24.35 -Inf   1
2640  30.850700  111.136398     6.130    45285.4   -12778.8      327.3      0.0      0.0      0.0 2018  5  9  3 27 40.53 -Inf   1
2641  30.729601  110.806198     8.310    13728.4   -26205.0     2507.3      0.0      0.0      0.0 2018  5  9  4 50 46.27 -Inf   1
2642  30.972799  111.193604    18.000    50721.9      758.2    12197.2      0.0      0.0      0.0 2018  5  9  4 57 57.52 -Inf   1
2275  30.863899  110.948097     4.420    26824.9   -11097.1    -1556.5      0.0      0.0      0.0 2018  5  9  6 56 23.43 -Inf   1
2645  30.737700  110.820702     6.380    15115.1   -25307.1      577.3      0.0      0.0      0.0 2018  5  9  7 14 39.63 -Inf   1
2278  30.857401  111.133904     5.930    44587.6   -11817.6      -46.5      0.0      0.0      0.0 2018  5  9  8  4 25.96 -Inf   1
2279  30.844299  111.138496     7.900    45029.7   -13270.1     1923.5      0.0      0.0      0.0 2018  5  9  8 34 40.13 -Inf   1
2252  30.851200  111.139503     6.330    44706.4   -12247.4      284.9      0.0      0.0      0.0 2018  5  9  9 13 57.29 -Inf   1
2281  30.759701  111.185799     4.720    49573.5   -22649.5    -1256.5      0.0      0.0      0.0 2018  5  9  9 46 36.44 -Inf   1
2650  30.928600  110.793701     8.870    12520.1    -4142.1     3067.3      0.0      0.0      0.0 2018  5  9  9 47 20.17 -Inf   1
2283  30.779100  111.177002     7.230    48727.3   -20498.7     1253.5      0.0      0.0      0.0 2018  5  9  9 58 31.23 -Inf   1
2638  30.958900  111.172401     0.770    47645.7     -377.6    -5377.5      0.0      0.0      0.0 2018  5  9 15  1 11.37 -Inf   1
2654  31.047800  110.448997     7.890   -20406.1     9073.4     2087.3      0.0      0.0      0.0 2018  5  9 21 55 45.48 -Inf   1
2655  30.848600  111.139503     6.290    45582.8   -13011.6      487.3      0.0      0.0      0.0 2018  5  9 23  3 48.00 -Inf   1
2656  30.849899  110.466003     2.100   -18801.4   -12867.6    -3702.7      0.0      0.0      0.0 2018  5  9 23 11 19.64 -Inf   1
2288  30.852900  111.133698     6.150    44569.0   -12316.6      173.5      0.0      0.0      0.0 2018  5 10  0 16  4.96 -Inf   1
2644  30.849001  111.139099     5.810    44489.2   -12562.1     -337.5      0.0      0.0      0.0 2018  5 10  1 54  4.83 -Inf   1
2293  30.844400  111.142303     7.340    45393.7   -13258.9     1363.5      0.0      0.0      0.0 2018  5 10  8  0 31.86 -Inf   1
2262  30.849501  111.136002     6.370    44372.0   -12435.9      324.9      0.0      0.0      0.0 2018  5 10  8 28 50.98 -Inf   1
2647  30.852600  111.133003     6.160    43905.6   -12163.1       12.5      0.0      0.0      0.0 2018  5 10  9 36 36.15 -Inf   1
2649  30.932301  110.796204     7.780    11703.9    -3326.7     1632.5      0.0      0.0      0.0 2018  5 10 11 40 23.78 -Inf   1
2296  30.921101  110.754501     7.960     8316.6    -4755.2     1983.5      0.0      0.0      0.0 2018  5 10 11 57 11.25 -Inf   1
2668  31.072901  110.276001     2.120   -36922.1    11856.3    -3682.7      0.0      0.0      0.0 2018  5 10 17 33 36.72 -Inf   1
2653  30.929399  110.800003     5.570    12067.2    -3648.4     -577.5      0.0      0.0      0.0 2018  5 10 18 17 18.98 -Inf   1
2297  30.929300  110.790199     8.160    11727.5    -3846.2     2183.5      0.0      0.0      0.0 2018  5 10 18 28 30.74 -Inf   1
2298  30.927601  110.789497     8.510    11660.5    -4034.6     2533.5      0.0      0.0      0.0 2018  5 10 18 36  2.02 -Inf   1
2673  30.781300  110.767303    11.670    10005.2   -20473.2     5867.3      0.0      0.0      0.0 2018  5 10 21 52 10.34 -Inf   1
2674  30.940901  111.195297     0.580    50892.1    -2778.4    -5222.7      0.0      0.0      0.0 2018  5 10 21 57 56.12 -Inf   1
2659  30.852600  111.140602     6.200    44632.0   -12163.1       52.5      0.0      0.0      0.0 2018  5 10 23  3 29.20 -Inf   1
2303  30.844900  111.139397     6.140    45115.6   -13203.5      163.5      0.0      0.0      0.0 2018  5 10 23  9  1.28 -Inf   1
2680  30.847500  111.141403     6.070    45764.6   -13133.6      267.3      0.0      0.0      0.0 2018  5 11  1 50 29.25 -Inf   1
2662  31.036900  110.789200     9.950    11028.7     8270.0     3802.5      0.0      0.0      0.0 2018  5 11  4 41 55.74 -Inf   1
2682  30.944099  110.256203     3.950   -38838.5    -2423.7    -1852.7      0.0      0.0      0.0 2018  5 11  6  8 29.29 -Inf   1
2275  31.043900  110.452003     7.070   -20995.8     9116.9     1024.9      0.0      0.0      0.0 2018  5 11  6 40 13.21 -Inf   1
2687  30.849800  111.135498     6.320    45199.6   -12878.6      517.3      0.0      0.0      0.0 2018  5 11  8 28 57.93 -Inf   1
2278  30.849400  111.135002     6.110    44276.5   -12447.1       64.9      0.0      0.0      0.0 2018  5 11  9  0 42.79 -Inf   1
2670  30.852699  111.134499     5.830    44048.5   -12152.1     -317.5      0.0      0.0      0.0 2018  5 11  9  2 19.15 -Inf   1
2280  30.905800  110.747902     7.620     7268.3    -6194.0     1574.9      0.0      0.0      0.0 2018  5 11 10 42 45.41 -Inf   1
2675  30.882799  111.017197     4.490    32829.8    -8814.9    -1657.5      0.0      0.0      0.0 2018  5 11 16 22 45.27 -Inf   1
2676  31.058201  110.300003     1.000   -35688.2    10631.7    -5147.5      0.0      0.0      0.0 2018  5 11 17  8 11.96 -Inf   1
2696  31.043301  110.446800     7.470   -20616.4     8574.6     1667.3      0.0      0.0      0.0 2018  5 11 17 51  7.76 -Inf   1
2316  31.035601  110.444504    10.820   -21294.6     7939.3     4843.5      0.0      0.0      0.0 2018  5 11 17 54 33.44 -Inf   1
2284  30.968800  110.504501     1.310   -15988.4      790.7    -4735.1      0.0      0.0      0.0 2018  5 11 18 46 56.04 -Inf   1
2700  30.773100  110.766502    11.790     9929.0   -21382.3     5987.3      0.0      0.0      0.0 2018  5 11 21 33 38.06 -Inf   1
2319  30.851299  111.134300     6.180    44627.0   -12494.0      203.5      0.0      0.0      0.0 2018  5 11 22 55 30.68 -Inf   1
2288  30.851500  111.140900     5.670    44839.8   -12214.2     -375.1      0.0      0.0      0.0 2018  5 11 23 17  5.48 -Inf   1
2321  31.072701  110.155701     7.480   -48867.3    12052.5     1503.5      0.0      0.0      0.0 2018  5 12  2 50 44.96 -Inf   1
2290  30.846500  111.148499     5.700    45567.4   -12768.5     -345.1      0.0      0.0      0.0 2018  5 12  4 25  3.97 -Inf   1
2291  30.843901  111.138000     5.830    44564.4   -13056.7     -215.1      0.0      0.0      0.0 2018  5 12  4 44 10.44 -Inf   1
2292  30.842400  111.144501     5.760    45186.2   -13223.1     -285.1      0.0      0.0      0.0 2018  5 12  4 45  1.65 -Inf   1
2326  30.850000  111.135002     5.870    44694.4   -12638.0     -106.5      0.0      0.0      0.0 2018  5 12  4 54 12.17 -Inf   1
2327  31.074301  110.219002    18.440   -42822.5    12229.9    12463.5      0.0      0.0      0.0 2018  5 12  6 46 18.29 -Inf   1
2329  30.865400  110.942200     5.180    26261.0   -10930.7     -796.5      0.0      0.0      0.0 2018  5 12  7 50 49.66 -Inf   1
2714  30.949699  111.186897     0.350    50087.2    -1802.9    -5452.7      0.0      0.0      0.0 2018  5 12 15 21 18.55 -Inf   1
2696  31.033701  110.434402    10.540   -22856.6     7915.4     4392.5      0.0      0.0      0.0 2018  5 12 15 38 45.45 -Inf   1
2332  31.194700  110.344704     0.670   -30800.5    25578.4    -5306.5      0.0      0.0      0.0 2018  5 12 16  3 51.13 -Inf   1
2717  31.051701  110.449097     6.470   -20396.2     9505.9      667.3      0.0      0.0      0.0 2018  5 12 18 38 48.04 -Inf   1
2300  31.077900  110.258202     4.270   -39497.3    12886.5    -1775.1      0.0      0.0      0.0 2018  5 12 20 11 42.74 -Inf   1
2699  30.884300  111.021202     4.080    33212.4    -8648.5    -2067.5      0.0      0.0      0.0 2018  5 12 20 47 20.56 -Inf   1
2302  30.848400  111.141998     5.940    44945.5   -12557.9     -105.1      0.0      0.0      0.0 2018  5 12 22 53  1.14 -Inf   1
2339  30.847601  111.139397     7.370    45115.0   -12904.1     1393.5      0.0      0.0      0.0 2018  5 12 23 20 38.38 -Inf   1
2304  30.850000  111.135201     5.980    44295.3   -12380.5      -65.1      0.0      0.0      0.0 2018  5 12 23 28 44.80 -Inf   1
2305  31.093100  110.073402     4.000   -57138.4    14571.7    -2045.1      0.0      0.0      0.0 2018  5 13  1 55 40.23 -Inf   1
2308  31.108801  110.795998     2.070    11852.3    16312.5    -3975.1      0.0      0.0      0.0 2018  5 13  4 55  6.58 -Inf   1
2309  30.795500  110.941200     4.290    25756.5   -18422.9    -1755.1      0.0      0.0      0.0 2018  5 13  7  8 26.28 -Inf   1
2346  30.792500  110.919296     3.000    24080.7   -19013.1    -2976.5      0.0      0.0      0.0 2018  5 13  8 51 37.12 -Inf   1
2730  30.773800  111.096199     6.060    41459.0   -21304.7      257.3      0.0      0.0      0.0 2018  5 13  9 13 50.36 -Inf   1
2709  30.847799  111.140900     6.050    44661.6   -12695.3      -97.5      0.0      0.0      0.0 2018  5 13 10 15 44.78 -Inf   1
2732  30.746901  110.831802    10.010    16176.1   -24287.0     4207.3      0.0      0.0      0.0 2018  5 13 10 41 52.53 -Inf   1
2733  30.927799  111.183800     2.560    49796.9    -4230.9    -3242.7      0.0      0.0      0.0 2018  5 13 14 39 59.50 -Inf   1
2734  31.075701  110.182800     4.780   -45820.8    12166.8    -1022.7      0.0      0.0      0.0 2018  5 13 16 33 25.76 -Inf   1
2713  31.075001  110.312302     9.940   -34510.7    12494.3     3792.5      0.0      0.0      0.0 2018  5 13 16 46  5.62 -Inf   1
2738  31.080299  110.215897     4.340   -42659.6    12676.6    -1462.7      0.0      0.0      0.0 2018  5 13 20  1 43.40 -Inf   1
2739  31.195801  110.315498     2.100   -33129.5    25482.1    -3702.7      0.0      0.0      0.0 2018  5 13 20 21 34.00 -Inf   1
2717  31.030199  110.452301     4.100   -21147.6     7527.1    -2047.5      0.0      0.0      0.0 2018  5 13 21 49  9.64 -Inf   1
2320  31.023399  110.335403     2.010   -32134.8     6844.1    -4035.1      0.0      0.0      0.0 2018  5 13 22 50 10.06 -Inf   1
2357  30.914600  110.781403     7.250    10887.7    -5475.9     1273.5      0.0      0.0      0.0 2018  5 13 23 28 48.72 -Inf   1
2358  30.859900  111.132202     6.150    44424.4   -11540.5      173.5      0.0      0.0      0.0 2018  5 13 23 42 43.64 -Inf   1
2721  30.886801  111.019699     4.290    33068.3    -8371.3    -1857.5      0.0      0.0      0.0 2018  5 13 23 43 24.08 -Inf   1
2361  30.810301  111.167999    10.350    47858.6   -17039.5     4373.5      0.0      0.0      0.0 2018  5 14  2 16 21.87 -Inf   1
2327  30.856400  111.139702     5.970    44724.1   -11671.0      -75.1      0.0      0.0      0.0 2018  5 14  2 50 59.68 -Inf   1
2329  30.757000  111.197304     4.760    50256.4   -22691.3    -1285.1      0.0      0.0      0.0 2018  5 14  3 49 25.56 -Inf   1
2750  30.886400  111.052002     6.000    37210.6    -8820.8      197.3      0.0      0.0      0.0 2018  5 14  3 50 18.69 -Inf   1
2331  30.849800  111.140198     6.010    44773.1   -12402.7      -35.1      0.0      0.0      0.0 2018  5 14  7 11  8.55 -Inf   1
2728  30.976000  110.792900     8.090    11385.7     1518.1     1942.5      0.0      0.0      0.0 2018  5 14  8 55 56.85 -Inf   1
2372  31.225901  110.053398     6.840   -58589.1    29037.6      863.5      0.0      0.0      0.0 2018  5 14 10 12 14.46 -Inf   1
2756  31.233999  110.066597     9.570   -56869.4    29717.2     3767.3      0.0      0.0      0.0 2018  5 14 10 16 16.36 -Inf   1
2374  30.850700  111.136902     5.960    44875.8   -12560.4      -16.5      0.0      0.0      0.0 2018  5 14 10 26 13.87 -Inf   1
2338  31.061800  110.456596     0.320   -20555.3    11101.5    -5725.1      0.0      0.0      0.0 2018  5 14 13 20 30.58 -Inf   1
2376  30.868099  111.087799     6.400    40178.1   -10631.5      423.5      0.0      0.0      0.0 2018  5 14 15 36 48.30 -Inf   1
2734  31.224001  110.383102     3.800   -27728.7    29013.7    -2347.5      0.0      0.0      0.0 2018  5 14 16 37 15.02 -Inf   1
2735  30.834600  110.481400     1.000   -18387.1   -14158.7    -5147.5      0.0      0.0      0.0 2018  5 14 17 47 12.04 -Inf   1
2763  31.165100  110.327904     5.620   -31950.8    22078.4     -182.7      0.0      0.0      0.0 2018  5 14 18 19 27.68 -Inf   1
2737  30.781401  110.765701    11.470     8796.1   -20056.8     5322.5      0.0      0.0      0.0 2018  5 14 19 52 35.54 -Inf   1
2765  31.183001  110.521103     1.000   -13510.7    24063.0    -4802.7      0.0      0.0      0.0 2018  5 14 21 30 13.92 -Inf   1
2346  30.847700  111.143402     5.820    45079.9   -12635.5     -225.1      0.0      0.0      0.0 2018  5 14 23  3 50.64 -Inf   1
2347  30.846001  111.147102     6.770    45434.0   -12823.9      724.9      0.0      0.0      0.0 2018  5 14 23  4 30.96 -Inf   1
2348  30.858601  111.128700     5.990    43672.0   -11427.0      -55.1      0.0      0.0      0.0 2018  5 14 23 10 34.92 -Inf   1
2349  31.145500  110.030800    10.000   -61189.3    20381.3     3954.9      0.0      0.0      0.0 2018  5 15  4 33 37.84 -Inf   1
2768  30.897100  110.726196     8.320     6070.5    -7634.5     2517.3      0.0      0.0      0.0 2018  5 15  4 40 13.59 -Inf   1
2351  31.069300  110.276398     0.060   -37761.5    11933.0    -5985.1      0.0      0.0      0.0 2018  5 15  5 22 47.39 -Inf   1
2353  31.047600  110.447403     8.020   -21434.8     9527.2     1974.9      0.0      0.0      0.0 2018  5 15  5 58 52.91 -Inf   1
2772  30.858299  111.138000     6.980    45436.8   -11936.3     1177.3      0.0      0.0      0.0 2018  5 15  6 18 46.78 -Inf   1
2773  30.956699  110.367996     8.100   -28154.9    -1026.8     2297.3      0.0      0.0      0.0 2018  5 15  7  5 24.43 -Inf   1
2747  30.980801  110.384102     1.280   -27668.3     2050.4    -4867.5      0.0      0.0      0.0 2018  5 15  7 22 20.48 -Inf   1
2775  30.857500  111.138901     6.160    45523.0   -12024.9      357.3      0.0      0.0      0.0 2018  5 15  9  9 41.27 -Inf   1
2749  30.846201  111.137398     6.000    44327.2   -12872.5     -147.5      0.0      0.0      0.0 2018  5 15  9 29  9.70 -Inf   1
2363  30.961300  111.191200     0.120    49620.2      -40.8    -5925.1      0.0      0.0      0.0 2018  5 15 16 42 43.03 -Inf   1
2364  30.968500  110.842697     7.900    16322.6      757.5     1854.9      0.0      0.0      0.0 2018  5 15 16 57 18.91 -Inf   1
2779  31.111601  110.225502     0.400   -41735.6    16147.0    -5402.7      0.0      0.0      0.0 2018  5 15 17 24 48.60 -Inf   1
2756  30.852800  111.126297     5.680    43264.4   -12140.8     -467.5      0.0      0.0      0.0 2018  5 15 23 13 56.24 -Inf   1
2404  30.853701  111.140900     5.700    45257.3   -12227.8     -276.5      0.0      0.0      0.0 2018  5 15 23 27 32.82 -Inf   1
2784  30.893400  111.037498     4.630    35823.1    -8044.7    -1172.7      0.0      0.0      0.0 2018  5 16  1 32 56.24 -Inf   1
2785  30.898899  111.040001     3.640    36061.3    -7435.1    -2162.7      0.0      0.0      0.0 2018  5 16  1 43 18.75 -Inf   1
2370  30.859501  111.132004     6.040    43987.5   -11327.1       -5.1      0.0      0.0      0.0 2018  5 16  1 46 52.29 -Inf   1
2787  30.969299  110.393600     1.150   -25706.9      370.1    -4652.7      0.0      0.0      0.0 2018  5 16  2 17 11.77 -Inf   1
2788  30.996099  109.975502     1.000   -65641.6     3341.5    -4802.7      0.0      0.0      0.0 2018  5 16  2 55 51.28 -Inf   1
2790  30.735901  110.929001     7.490    25474.3   -25506.5     1687.3      0.0      0.0      0.0 2018  5 16  4 39 37.77 -Inf   1
2410  31.221701  110.320396     3.580   -33115.4    28572.0    -2396.5      0.0      0.0      0.0 2018  5 16  8  1 36.90 -Inf   1
2794  30.790001  110.929802     4.930    25543.8   -19508.5     -872.7      0.0      0.0      0.0 2018  5 16  9 11 41.11 -Inf   1
2767  31.173000  110.303703     4.500   -35313.7    23359.4    -1647.5      0.0      0.0      0.0 2018  5 16 14 27 40.65 -Inf   1
2770  31.043501  110.455704    10.630   -20821.2     9001.9     4482.5      0.0      0.0      0.0 2018  5 16 19 51 35.52 -Inf   1
2379  31.049601  110.466103     3.120   -19648.8     9749.0    -2925.1      0.0      0.0      0.0 2018  5 16 20 22 57.86 -Inf   1
2773  31.164499  110.317398     3.680   -34008.2    22416.9    -2467.5      0.0      0.0      0.0 2018  5 16 21 49 41.22 -Inf   1
2801  30.856899  111.131104     5.930    44777.8   -12091.5      127.3      0.0      0.0      0.0 2018  5 16 23  3 44.52 -Inf   1
2418  30.853701  111.144203     6.780    45573.1   -12227.8      803.5      0.0      0.0      0.0 2018  5 16 23 21 38.82 -Inf   1
2419  30.853701  111.139702     5.550    45142.8   -12227.8     -426.5      0.0      0.0      0.0 2018  5 17  1 29 40.14 -Inf   1
2420  30.844700  111.143700     6.030    45527.1   -13225.7       53.5      0.0      0.0      0.0 2018  5 17  1 30 12.70 -Inf   1
2384  30.840500  111.213997    10.910    51830.6   -13433.8     4864.9      0.0      0.0      0.0 2018  5 17  1 56 12.05 -Inf   1
2806  30.903601  110.732903     1.000     6711.2    -6913.8    -4802.7      0.0      0.0      0.0 2018  5 17  4 19 24.75 -Inf   1
2807  30.774900  111.077103     2.050    39632.6   -21182.7    -3752.7      0.0      0.0      0.0 2018  5 17  4 34  8.41 -Inf   1
2424  30.861500  111.129501     7.250    44165.9   -11363.1     1273.5      0.0      0.0      0.0 2018  5 17  4 59 12.08 -Inf   1
2426  30.849400  111.140404     6.580    45210.9   -12704.7      603.5      0.0      0.0      0.0 2018  5 17  6  3 46.03 -Inf   1
2782  30.853201  111.131104     6.820    43723.8   -12096.4      672.5      0.0      0.0      0.0 2018  5 17  7 58 46.40 -Inf   1
2428  30.979099  110.370300     6.940   -28389.7     1675.0      963.5      0.0      0.0      0.0 2018  5 17  8 35 48.86 -Inf   1
2393  30.739599  110.829102    11.470    15041.5   -24620.5     5424.9      0.0      0.0      0.0 2018  5 17  8 47 53.41 -Inf   1
2785  30.805599  110.907600     6.660    22363.3   -17374.0      512.5      0.0      0.0      0.0 2018  5 17 10  7 58.08 -Inf   1
2430  30.929701  110.754700    12.700     8335.2    -3801.7     6723.5      0.0      0.0      0.0 2018  5 17 10 13 19.35 -Inf   1
2814  30.938101  110.762604    10.400     9548.0    -3088.8     4597.3      0.0      0.0      0.0 2018  5 17 10 15 26.43 -Inf   1
2815  30.854799  111.137100     6.380    45351.6   -12324.3      577.3      0.0      0.0      0.0 2018  5 17 10 20 44.72 -Inf   1
2816  30.932600  110.761703    10.780     9462.3    -3698.7     4977.3      0.0      0.0      0.0 2018  5 17 10 24 51.08 -Inf   1
2817  30.937901  110.758797    10.410     9184.3    -3111.0     4607.3      0.0      0.0      0.0 2018  5 17 10 25 21.42 -Inf   1
2818  30.938801  110.770500     9.750    10302.5    -3011.2     3947.3      0.0      0.0      0.0 2018  5 17 10 26 14.80 -Inf   1
2791  30.944000  110.757004    12.090     7957.6    -2029.6     5942.5      0.0      0.0      0.0 2018  5 17 10 27  5.24 -Inf   1
2402  30.925600  110.762497    13.770     8662.2    -3998.8     7724.9      0.0      0.0      0.0 2018  5 17 10 29 50.68 -Inf   1
2403  30.934500  110.753403    12.380     7792.8    -3012.1     6334.9      0.0      0.0      0.0 2018  5 17 10 30 46.07 -Inf   1
2404  30.926001  110.757698    11.420     8203.6    -3954.4     5374.9      0.0      0.0      0.0 2018  5 17 10 37 25.74 -Inf   1
2441  30.925600  110.759102     9.560     8756.1    -4256.4     3583.5      0.0      0.0      0.0 2018  5 17 10 40 59.81 -Inf   1
2406  30.929001  110.756401    11.320     8079.5    -3621.8     5274.9      0.0      0.0      0.0 2018  5 17 10 47 53.71 -Inf   1
2825  30.933901  110.766800     9.640     9949.2    -3554.4     3837.3      0.0      0.0      0.0 2018  5 17 10 51  5.96 -Inf   1
2826  30.934601  110.762901    10.440     9576.6    -3476.8     4637.3      0.0      0.0      0.0 2018  5 17 10 52 38.24 -Inf   1
2827  30.938801  110.764900     8.040     9767.4    -3011.2     2237.3      0.0      0.0      0.0 2018  5 17 10 56 51.72 -Inf   1
2445  30.929600  110.765198    11.820     9338.4    -3813.0     5843.5      0.0      0.0      0.0 2018  5 17 11  5 38.64 -Inf   1
2446  30.929600  110.756798    11.530     8535.7    -3813.0     5553.5      0.0      0.0      0.0 2018  5 17 11  8 39.39 -Inf   1
2830  30.936001  110.766502     9.200     9920.7    -3321.6     3397.3      0.0      0.0      0.0 2018  5 17 11 51 18.35 -Inf   1
2448  30.926600  110.761299    10.370     8966.0    -4145.6     4393.5      0.0      0.0      0.0 2018  5 17 12  6 48.32 -Inf   1
2413  30.928900  110.759201    11.640     8347.1    -3633.0     5594.9      0.0      0.0      0.0 2018  5 17 12  7  3.85 -Inf   1
2414  30.935101  110.762703     9.740     8681.5    -2945.5     3694.9      0.0      0.0      0.0 2018  5 17 12 10 52.65 -Inf   1
2451  30.936300  110.763397     9.710     9166.0    -3070.1     3733.5      0.0      0.0      0.0 2018  5 17 12 21 13.49 -Inf   1
2808  30.937300  110.765800     8.290     8798.5    -2772.5     2142.5      0.0      0.0      0.0 2018  5 17 12 43  5.76 -Inf   1
2836  30.941999  110.764801     8.100     9757.8    -2656.6     2297.3      0.0      0.0      0.0 2018  5 17 14 44 14.13 -Inf   1
2810  30.938200  110.759399    10.900     8186.8    -2672.7     4752.5      0.0      0.0      0.0 2018  5 17 14 59 33.16 -Inf   1
2812  30.931601  110.761299    11.300     8368.6    -3404.4     5152.5      0.0      0.0      0.0 2018  5 17 18 23 35.04 -Inf   1
2814  30.937799  110.762497    10.190     8482.8    -2717.1     4042.5      0.0      0.0      0.0 2018  5 17 18 52 37.56 -Inf   1
2458  30.930599  110.755302    12.990     8392.8    -3702.1     7013.5      0.0      0.0      0.0 2018  5 17 20 36 39.28 -Inf   1
2419  30.933599  110.762802    11.350     8691.0    -3111.9     5304.9      0.0      0.0      0.0 2018  5 17 20 45 39.44 -Inf   1
2460  30.923201  110.757202    14.020     8574.6    -4522.4     8043.5      0.0      0.0      0.0 2018  5 17 20 48 12.28 -Inf   1
2844  30.933001  110.763603    11.350     9643.8    -3654.3     5547.3      0.0      0.0      0.0 2018  5 17 20 56 12.28 -Inf   1
2845  30.926100  110.755997    11.490     8917.3    -4419.3     5687.3      0.0      0.0      0.0 2018  5 17 22 11 21.12 -Inf   1
2821  30.929600  110.760498    10.690     8292.1    -3626.2     4542.5      0.0      0.0      0.0 2018  5 18  0 23 38.21 -Inf   1
2463  30.858900  111.133698     6.260    44567.6   -11651.3      283.5      0.0      0.0      0.0 2018  5 18  0 55  1.78 -Inf   1
2424  30.850800  111.137001     5.410    44467.3   -12291.8     -635.1      0.0      0.0      0.0 2018  5 18  1 23 42.06 -Inf   1
2466  30.926399  110.759903    12.480     8832.6    -4167.8     6503.5      0.0      0.0      0.0 2018  5 18  1 44 53.10 -Inf   1
2826  30.927700  110.761002     9.960     8340.3    -3836.8     3812.5      0.0      0.0      0.0 2018  5 18  1 45 30.47 -Inf   1
2467  30.935101  110.762604     9.900     9090.3    -3203.1     3923.5      0.0      0.0      0.0 2018  5 18  1 46 15.08 -Inf   1
2468  30.929300  110.762802     9.870     9109.5    -3846.2     3893.5      0.0      0.0      0.0 2018  5 18  1 51 16.01 -Inf   1
2469  30.926600  110.759201    11.140     8765.5    -4145.6     5163.5      0.0      0.0      0.0 2018  5 18  1 56 39.80 -Inf   1
2855  30.931299  110.763702     9.580     9653.3    -3842.9     3777.3      0.0      0.0      0.0 2018  5 18  2 56 15.70 -Inf   1
2856  30.855200  111.139999     6.460    45628.6   -12279.9      657.3      0.0      0.0      0.0 2018  5 18  3  1 24.99 -Inf   1
2857  30.852301  111.136200     6.100    45266.1   -12601.4      297.3      0.0      0.0      0.0 2018  5 18  3  2  8.35 -Inf   1
2833  30.850599  111.134697     6.520    44068.0   -12384.9      372.5      0.0      0.0      0.0 2018  5 18  3 22  1.60 -Inf   1
2474  30.938499  110.763199    11.170     9147.0    -2826.3     5193.5      0.0      0.0      0.0 2018  5 18  3 24  6.39 -Inf   1
2435  30.929800  110.759903    10.110     8414.2    -3533.2     4064.9      0.0      0.0      0.0 2018  5 18  4  5 51.85 -Inf   1
2861  30.770901  111.181900     4.890    49655.7   -21626.1     -912.7      0.0      0.0      0.0 2018  5 18  4 10 41.70 -Inf   1
2437  30.767599  111.162498     7.900    46924.9   -21516.2     1854.9      0.0      0.0      0.0 2018  5 18  4 17 22.16 -Inf   1
2863  30.759199  111.193604     1.000    50778.0   -22923.4    -4802.7      0.0      0.0      0.0 2018  5 18  4 26 14.19 -Inf   1
2438  31.171600  110.367996     1.000   -28999.4    23275.0    -5045.1      0.0      0.0      0.0 2018  5 18  6 33 53.57 -Inf   1
2479  31.081499  110.251198     6.330   -39746.8    13028.0      353.5      0.0      0.0      0.0 2018  5 18  7 10 35.90 -Inf   1
2440  30.929701  110.766998     9.160     9092.2    -3544.1     3114.9      0.0      0.0      0.0 2018  5 18  7 13 41.53 -Inf   1
2841  30.929899  110.759804    11.350     8225.8    -3593.0     5202.5      0.0      0.0      0.0 2018  5 18  7 26 52.62 -Inf   1
2867  30.935101  110.769302    11.160    10188.3    -3421.4     5357.3      0.0      0.0      0.0 2018  5 18  7 27 37.29 -Inf   1
2869  30.930700  110.761200     9.670     9414.3    -3909.3     3867.3      0.0      0.0      0.0 2018  5 18  7 46 38.64 -Inf   1
2483  30.875401  110.945602     2.140    26584.9    -9822.0    -3836.5      0.0      0.0      0.0 2018  5 18  8 44  2.47 -Inf   1
2444  30.909100  110.720398     4.960     4639.6    -5828.2    -1085.1      0.0      0.0      0.0 2018  5 18  9 20 59.08 -Inf   1
2846  30.849300  111.139000     6.220    44479.6   -12528.9       72.5      0.0      0.0      0.0 2018  5 18  9 52 60.00 -Inf   1
2445  30.848400  111.138496     5.760    44610.8   -12557.9     -285.1      0.0      0.0      0.0 2018  5 18  9 53  0.04 -Inf   1
2486  31.038601  110.459198     7.690   -19890.9     8271.9     1713.5      0.0      0.0      0.0 2018  5 18 11 15 52.85 -Inf   1
2487  30.962299  110.478302     7.780   -18073.6     -187.6     1803.5      0.0      0.0      0.0 2018  5 18 11 19 59.87 -Inf   1
2877  30.931000  110.758904    10.900     9194.8    -3876.1     5097.3      0.0      0.0      0.0 2018  5 18 17 50 15.68 -Inf   1
2491  30.944000  110.764503    11.240     9271.4    -2216.4     5263.5      0.0      0.0      0.0 2018  5 18 17 51 42.34 -Inf   1
2492  30.938499  110.760300    11.220     8869.9    -2826.3     5243.5      0.0      0.0      0.0 2018  5 18 17 52 28.74 -Inf   1
2881  30.930901  110.765503     9.830     9825.4    -3887.1     4027.3      0.0      0.0      0.0 2018  5 18 17 53 24.28 -Inf   1
2883  30.930000  110.759499    10.960     9251.7    -3986.9     5157.3      0.0      0.0      0.0 2018  5 18 17 54 35.24 -Inf   1
2856  30.927999  110.762604     9.990     8493.4    -3803.6     3842.5      0.0      0.0      0.0 2018  5 18 17 57 20.06 -Inf   1
2885  30.928900  110.764999     9.520     9777.4    -4108.9     3717.3      0.0      0.0      0.0 2018  5 18 17 58 47.16 -Inf   1
2860  30.899300  110.745399    13.950     6850.4    -6985.5     7802.5      0.0      0.0      0.0 2018  5 18 18  0 40.10 -Inf   1
2460  30.924200  110.758202    10.310     8251.8    -4154.0     4264.9      0.0      0.0      0.0 2018  5 18 18  2 42.84 -Inf   1
2890  30.933001  110.764503     9.960     9729.8    -3654.3     4157.3      0.0      0.0      0.0 2018  5 18 18  3  6.48 -Inf   1
2501  30.934299  110.759598    11.050     8803.1    -3291.9     5073.5      0.0      0.0      0.0 2018  5 18 18 32 37.52 -Inf   1
2864  30.931700  110.760101    11.050     8254.1    -3393.4     4902.5      0.0      0.0      0.0 2018  5 18 18 33 57.10 -Inf   1
2865  30.933800  110.765701    10.740     8789.2    -3160.5     4592.5      0.0      0.0      0.0 2018  5 18 18 35 13.66 -Inf   1
2465  30.933001  110.763397    10.310     8747.9    -3178.3     4264.9      0.0      0.0      0.0 2018  5 18 18 55  5.84 -Inf   1
2868  30.918800  110.754799    10.600     7748.0    -4823.5     4452.5      0.0      0.0      0.0 2018  5 18 19 11 54.82 -Inf   1
2508  30.928200  110.759300    11.050     8774.9    -3968.2     5073.5      0.0      0.0      0.0 2018  5 18 19 14 34.46 -Inf   1
2469  30.930500  110.768204    12.370     9207.3    -3455.5     6324.9      0.0      0.0      0.0 2018  5 18 20  1 39.40 -Inf   1
2470  30.843800  111.149101     6.330    45625.7   -13067.9      284.9      0.0      0.0      0.0 2018  5 18 23 24 35.28 -Inf   1
2471  30.848101  111.142197     6.300    44964.6   -12591.1      254.9      0.0      0.0      0.0 2018  5 18 23 25 25.94 -Inf   1
2472  30.850100  111.136597     6.370    44428.8   -12369.5      324.9      0.0      0.0      0.0 2018  5 19  0 18  1.64 -Inf   1
2513  30.843300  111.144699     6.480    45622.9   -13380.9      503.5      0.0      0.0      0.0 2018  5 19  1  7 59.06 -Inf   1
2474  30.847200  111.139397     5.480    44697.1   -12690.9     -565.1      0.0      0.0      0.0 2018  5 19  1 12 33.06 -Inf   1
2475  30.878201  111.187500    10.850    49287.8    -9253.9     4804.9      0.0      0.0      0.0 2018  5 19  1 51 23.90 -Inf   1
2516  31.138500  110.207001    16.830   -43953.8    19347.6    10853.5      0.0      0.0      0.0 2018  5 19  3 23 35.17 -Inf   1
2908  30.899099  110.737801     1.000     7179.5    -7412.8    -4802.7      0.0      0.0      0.0 2018  5 19  4  5  3.57 -Inf   1
2909  30.852400  111.139801     7.360    45610.3   -12590.4     1557.3      0.0      0.0      0.0 2018  5 19  6  7 24.72 -Inf   1
2880  30.972700  110.376297     7.480   -28415.1     1152.3     1332.5      0.0      0.0      0.0 2018  5 19  6 21 12.54 -Inf   1
2881  31.097200  110.059799     6.000   -58614.4    14955.5     -147.5      0.0      0.0      0.0 2018  5 19  6 26  8.39 -Inf   1
2882  31.190399  110.368401     3.060   -29136.5    25288.4    -3087.5      0.0      0.0      0.0 2018  5 19  6 31 32.60 -Inf   1
2481  30.854799  111.139099     6.090    44666.9   -11848.4       44.9      0.0      0.0      0.0 2018  5 19  6 33 26.28 -Inf   1
2914  31.016001  110.679604     1.000     1616.5     5547.9    -4802.7      0.0      0.0      0.0 2018  5 19  7  6 21.58 -Inf   1
2885  30.853800  111.134697     6.470    44067.2   -12030.0      322.5      0.0      0.0      0.0 2018  5 19 10 33  5.35 -Inf   1
2920  31.064600  110.250801     3.290   -39330.0    10936.0    -2512.7      0.0      0.0      0.0 2018  5 19 13 53 19.49 -Inf   1
2924  30.926001  110.759804    11.540     9281.1    -4430.3     5737.3      0.0      0.0      0.0 2018  5 19 15  7 28.13 -Inf   1
2925  31.176701  110.516098     1.000   -13988.8    23364.5    -4802.7      0.0      0.0      0.0 2018  5 19 17 28 43.74 -Inf   1
2891  30.926300  110.758301    11.020     8082.3    -3992.0     4872.5      0.0      0.0      0.0 2018  5 19 18 12 36.04 -Inf   1
2928  31.076900  110.279999     2.410   -36539.6    12299.8    -3392.7      0.0      0.0      0.0 2018  5 19 20 32 26.52 -Inf   1
2929  31.177601  110.880798    10.310    20815.9    23464.3     4507.3      0.0      0.0      0.0 2018  5 19 22 17 57.60 -Inf   1
2530  30.852699  111.140404     5.490    45210.1   -12338.8     -486.5      0.0      0.0      0.0 2018  5 19 23  1 15.82 -Inf   1
2531  30.750799  111.119102     6.410    43196.5   -23636.4      433.5      0.0      0.0      0.0 2018  5 20  1 47 50.59 -Inf   1
2932  30.938400  110.761002    11.680     9394.9    -3055.6     5877.3      0.0      0.0      0.0 2018  5 20  2 13 23.27 -Inf   1
2496  30.933100  110.765800    10.070     8977.6    -3167.3     4024.9      0.0      0.0      0.0 2018  5 20  2 14 46.78 -Inf   1
2934  30.930000  110.761200    11.260     9414.3    -3986.9     5457.3      0.0      0.0      0.0 2018  5 20  2 16 11.52 -Inf   1
2898  30.924500  110.756401    11.020     7900.8    -4191.6     4872.5      0.0      0.0      0.0 2018  5 20  2 17  4.85 -Inf   1
2936  30.937401  110.764801    10.260     9758.0    -3166.4     4457.3      0.0      0.0      0.0 2018  5 20  2 20 40.91 -Inf   1
2537  30.925301  110.757401    10.930     8593.5    -4289.6     4953.5      0.0      0.0      0.0 2018  5 20  2 21  4.41 -Inf   1
2938  30.931999  110.769501     9.860    10207.4    -3765.3     4057.3      0.0      0.0      0.0 2018  5 20  2 25 38.40 -Inf   1
2901  30.849899  111.140999     6.080    44670.6   -12462.5      -67.5      0.0      0.0      0.0 2018  5 20  2 32 50.88 -Inf   1
2940  30.933701  110.762199    11.200     9509.6    -3576.6     5397.3      0.0      0.0      0.0 2018  5 20  2 36 17.22 -Inf   1
2542  30.930000  110.761398    11.030     8975.3    -3768.5     5053.5      0.0      0.0      0.0 2018  5 20  2 37 30.82 -Inf   1
2905  30.932100  110.763298    10.030     8559.6    -3349.0     3882.5      0.0      0.0      0.0 2018  5 20  2 57 59.90 -Inf   1
2544  30.942600  110.763901    10.980     9213.8    -2371.6     5003.5      0.0      0.0      0.0 2018  5 20  2 58 31.95 -Inf   1
2545  30.925600  110.344704    13.060   -30843.6    -4256.4     7083.5      0.0      0.0      0.0 2018  5 20  3 37  7.36 -Inf   1
2907  30.932600  110.764999     9.660     8722.1    -3293.5     3512.5      0.0      0.0      0.0 2018  5 20  3 39 12.67 -Inf   1
2908  30.853701  111.133499     5.840    43952.7   -12041.0     -307.5      0.0      0.0      0.0 2018  5 20  4 15 25.72 -Inf   1
2511  31.161100  110.446404     7.550   -21517.5    22110.9     1504.9      0.0      0.0      0.0 2018  5 20  4 29 43.13 -Inf   1
2949  30.939301  111.171799     0.740    48647.2    -2955.8    -5062.7      0.0      0.0      0.0 2018  5 20  4 40 53.53 -Inf   1
2950  30.845200  111.141602     6.180    45784.1   -13388.7      377.3      0.0      0.0      0.0 2018  5 20  6 11 33.46 -Inf   1
2514  30.846201  111.138603     6.610    44621.5   -12801.7      564.9      0.0      0.0      0.0 2018  5 20  8 21 35.39 -Inf   1
2554  30.853201  111.136101     6.420    44798.6   -12283.2      443.5      0.0      0.0      0.0 2018  5 20  9 27 48.73 -Inf   1
2556  30.726200  111.230003     2.000    53810.6   -26363.6    -3976.5      0.0      0.0      0.0 2018  5 20 10 34 18.88 -Inf   1
2915  30.926600  110.767601     9.580     8971.0    -3958.8     3432.5      0.0      0.0      0.0 2018  5 20 16  1 55.55 -Inf   1
2558  31.029100  110.475403     7.240   -18344.2     7218.6     1263.5      0.0      0.0      0.0 2018  5 20 21 23  3.00 -Inf   1
2959  31.109100  110.076202     1.000   -55989.4    15869.7    -4802.7      0.0      0.0      0.0 2018  5 20 21 26 35.58 -Inf   1
2920  30.853901  111.137497     6.590    44334.9   -12018.8      442.5      0.0      0.0      0.0 2018  5 20 22 57 53.98 -Inf   1
2561  30.847900  111.137199     6.490    44904.9   -12870.9      513.5      0.0      0.0      0.0 2018  5 20 23  4 33.52 -Inf   1
2962  31.177601  110.515297     6.340   -14065.2    23464.3      537.3      0.0      0.0      0.0 2018  5 20 23 16  5.84 -Inf   1
2963  30.924900  110.757500    10.140     9060.9    -4552.3     4337.3      0.0      0.0      0.0 2018  5 21  0 31  4.02 -Inf   1
2923  31.024599  110.447601     5.380   -21597.1     6906.3     -767.5      0.0      0.0      0.0 2018  5 21  1 16  0.11 -Inf   1
2523  30.860701  111.134300     5.820    44206.8   -11194.1     -225.1      0.0      0.0      0.0 2018  5 21  1 55 25.87 -Inf   1
2563  30.866600  111.247101     9.510    55405.9   -10797.7     3533.5      0.0      0.0      0.0 2018  5 21  2 25 20.30 -Inf   1
2525  30.841600  111.138496     2.870    44612.3   -13311.7    -3175.1      0.0      0.0      0.0 2018  5 21  3 38 32.22 -Inf   1
2927  30.923300  110.766403    12.440     8856.7    -4324.7     6292.5      0.0      0.0      0.0 2018  5 21  3 48 39.27 -Inf   1
2528  30.928600  110.760201     8.920     8442.6    -3666.2     2874.9      0.0      0.0      0.0 2018  5 21  3 49  2.39 -Inf   1
2567  30.935101  110.762497    11.050     9080.0    -3203.1     5073.5      0.0      0.0      0.0 2018  5 21  3 51 10.10 -Inf   1
2973  30.933100  110.767303     9.630     9997.4    -3643.3     3827.3      0.0      0.0      0.0 2018  5 21  4  0  4.37 -Inf   1
2974  30.937799  110.759804    11.440     9280.5    -3122.2     5637.3      0.0      0.0      0.0 2018  5 21  4  2 32.96 -Inf   1
2570  30.934500  110.764702     9.870     9290.8    -3269.7     3893.5      0.0      0.0      0.0 2018  5 21  4  3 24.82 -Inf   1
2571  30.927900  110.766296    10.350     9443.5    -4001.4     4373.5      0.0      0.0      0.0 2018  5 21  6  1 19.28 -Inf   1
2978  31.236200  110.354401     1.000   -29411.1    29961.2    -4802.7      0.0      0.0      0.0 2018  5 21  7 54 49.79 -Inf   1
2979  30.990000  110.380997     6.230   -26908.1     2665.2      427.3      0.0      0.0      0.0 2018  5 21  8 34 12.29 -Inf   1
2980  30.850100  111.139297     5.730    45562.7   -12845.4      -72.7      0.0      0.0      0.0 2018  5 21  9 10 40.44 -Inf   1
2575  30.854000  111.140404     5.760    45209.8   -12194.6     -216.5      0.0      0.0      0.0 2018  5 21 10  1 17.41 -Inf   1
2576  30.888000  111.120598     6.280    43308.8    -8425.0      303.5      0.0      0.0      0.0 2018  5 21 10 21 15.79 -Inf   1
2540  31.185600  110.322197     3.520   -33368.0    24827.1    -2525.1      0.0      0.0      0.0 2018  5 21 11 52 59.67 -Inf   1
2983  31.151300  110.325600     4.090   -32173.0    20548.4    -1712.7      0.0      0.0      0.0 2018  5 21 11 53  0.19 -Inf   1
2984  30.883900  111.011902     4.630    33378.4    -9098.0    -1172.7      0.0      0.0      0.0 2018  5 21 14 19 22.59 -Inf   1
2942  31.017599  110.465202     2.010   -19916.7     6130.2    -4137.5      0.0      0.0      0.0 2018  5 21 18 35 30.34 -Inf   1
2581  30.940100  110.764099    10.160     9232.9    -2648.8     4183.5      0.0      0.0      0.0 2018  5 21 19 44 46.88 -Inf   1
2987  30.847000  111.142502     6.080    45869.8   -13189.0      277.3      0.0      0.0      0.0 2018  5 21 23  3 22.66 -Inf   1
2545  30.848801  111.136398     5.980    44410.1   -12513.5      -65.1      0.0      0.0      0.0 2018  5 21 23 16 24.12 -Inf   1
2990  30.853500  111.135101     6.540    45160.8   -12468.4      737.3      0.0      0.0      0.0 2018  5 22  0 23 15.11 -Inf   1
2547  30.893400  110.800400     6.680    12286.3    -7568.8      634.9      0.0      0.0      0.0 2018  5 22  3 51 35.30 -Inf   1
2548  30.846500  111.142601     6.380    45003.6   -12768.5      334.9      0.0      0.0      0.0 2018  5 22  6  7 43.14 -Inf   1
2993  30.844601  111.146004     5.990    46205.1   -13455.1      187.3      0.0      0.0      0.0 2018  5 22  7 56 22.59 -Inf   1
2951  30.847300  111.140404     5.960    44614.3   -12750.7     -187.5      0.0      0.0      0.0 2018  5 22  9 16 53.08 -Inf   1
2995  30.855900  110.949303     2.990    27399.2   -12202.3    -2812.7      0.0      0.0      0.0 2018  5 22  9 52 58.66 -Inf   1
2996  31.089800  110.425201     1.310   -22673.7    13729.9    -4492.7      0.0      0.0      0.0 2018  5 22 11 28 22.33 -Inf   1
2954  31.045700  110.457397     1.710   -20659.2     9245.7    -4437.5      0.0      0.0      0.0 2018  5 22 13 51 29.22 -Inf   1
2554  30.858200  111.134399     5.750    44216.9   -11471.4     -295.1      0.0      0.0      0.0 2018  5 22 22 57 45.16 -Inf   1
2956  30.852900  111.139801     6.460    44555.4   -12129.9      312.5      0.0      0.0      0.0 2018  5 22 23 13  8.66 -Inf   1
2556  30.854900  111.135002     6.360    44275.2   -11837.2      314.9      0.0      0.0      0.0 2018  5 23  1 21 11.99 -Inf   1
2557  30.923901  110.750603    10.010     7525.7    -4187.2     3964.9      0.0      0.0      0.0 2018  5 23  4 57 11.48 -Inf   1
2594  30.851900  111.141899     5.980    45353.2   -12427.4        3.5      0.0      0.0      0.0 2018  5 23  5  5 14.90 -Inf   1
2559  30.933701  110.763199    10.550     8728.9    -3100.7     4504.9      0.0      0.0      0.0 2018  5 23  5 22 33.92 -Inf   1
3006  30.977400  110.394096     1.140   -25658.4     1268.2    -4662.7      0.0      0.0      0.0 2018  5 23  5 35 45.11 -Inf   1
2561  30.987499  110.385300     4.140   -27374.2     2863.9    -1905.1      0.0      0.0      0.0 2018  5 23  5 44 50.78 -Inf   1
2598  30.931700  110.761597    11.030     8994.2    -3580.1     5053.5      0.0      0.0      0.0 2018  5 23  5 50 45.55 -Inf   1
2599  31.022499  110.550003     1.000   -11219.7     6486.7    -4976.5      0.0      0.0      0.0 2018  5 23  6 10 37.77 -Inf   1
2966  31.003599  110.526802     9.270   -14034.1     4578.0     3122.5      0.0      0.0      0.0 2018  5 23  6 46 17.26 -Inf   1
3012  30.856001  111.133202     5.820    44978.6   -12191.1       17.3      0.0      0.0      0.0 2018  5 23 10 24 27.32 -Inf   1
2969  30.857300  111.137497     5.850    44334.1   -11642.0     -297.5      0.0      0.0      0.0 2018  5 23 22 57 43.28 -Inf   1
2604  30.853201  111.143898     7.630    45544.0   -12283.2     1653.5      0.0      0.0      0.0 2018  5 23 23 22 31.74 -Inf   1
2569  30.788200  110.749901    10.490     7463.8   -19232.1     4444.9      0.0      0.0      0.0 2018  5 24  0  9 55.74 -Inf   1
3016  30.782600  110.764603    10.570     9746.9   -20329.0     4767.3      0.0      0.0      0.0 2018  5 24  0 23 39.54 -Inf   1
3018  30.811300  110.654602     5.930     -772.3   -17147.0      127.3      0.0      0.0      0.0 2018  5 24  0 53  7.36 -Inf   1
2608  30.856899  111.134102     6.440    44606.7   -11873.2      463.5      0.0      0.0      0.0 2018  5 24  4 16 51.45 -Inf   1
2573  31.191200  110.343697     1.000   -31315.4    25448.0    -5045.1      0.0      0.0      0.0 2018  5 24  4 53 46.04 -Inf   1
3021  31.217100  110.343399     1.120   -30463.7    27843.6    -4682.7      0.0      0.0      0.0 2018  5 24  4 56 44.88 -Inf   1
3022  30.860399  111.135300     5.600    45178.1   -11703.5     -202.7      0.0      0.0      0.0 2018  5 24  5 29 15.81 -Inf   1
2978  31.013399  110.452797     8.280   -21102.1     5664.6     2132.5      0.0      0.0      0.0 2018  5 24  6  5 52.44 -Inf   1
3025  30.782200  110.755600     9.230     8886.0   -20373.4     3427.3      0.0      0.0      0.0 2018  5 24  6 41 46.63 -Inf   1
3026  30.894501  110.729897     1.000     6424.2    -7922.7    -4802.7      0.0      0.0      0.0 2018  5 24  7 58 44.81 -Inf   1
3028  30.741800  111.214203     2.000    52752.9   -24852.4    -3802.7      0.0      0.0      0.0 2018  5 24  8 39 17.63 -Inf   1
2615  31.000299  109.977997     1.000   -65860.4     4025.4    -4976.5      0.0      0.0      0.0 2018  5 24  9 54  0.42 -Inf   1
2617  30.854500  111.140602     7.990    45228.6   -12139.2     2013.5      0.0      0.0      0.0 2018  5 24 10 29 51.73 -Inf   1
2618  30.793501  110.935097     5.460    25591.5   -18902.1     -516.5      0.0      0.0      0.0 2018  5 24 10 46 43.45 -Inf   1
3031  30.897600  111.041298     8.150    36185.5    -7579.1     2347.3      0.0      0.0      0.0 2018  5 24 10 58 59.38 -Inf   1
3032  30.925800  110.791199     9.010    12281.1    -4452.5     3207.3      0.0      0.0      0.0 2018  5 24 14  0 21.38 -Inf   1
3033  31.086201  110.104698     1.000   -53275.4    13330.9    -4802.7      0.0      0.0      0.0 2018  5 24 20 27 47.78 -Inf   1
2990  30.850300  111.139603     6.260    44537.0   -12418.1      112.5      0.0      0.0      0.0 2018  5 24 23  6 21.60 -Inf   1
2622  30.850100  111.137703     5.930    44952.5   -12627.1      -46.5      0.0      0.0      0.0 2018  5 24 23 23 23.04 -Inf   1
3036  30.979000  110.377502     4.050   -27243.5     1445.7    -1752.7      0.0      0.0      0.0 2018  5 25  3 32 32.91 -Inf   1
2592  31.113701  110.083702    11.020   -56149.0    16855.7     4974.9      0.0      0.0      0.0 2018  5 25  3 49 15.42 -Inf   1
3038  31.047701  110.446404     7.280   -20653.9     9062.4     1477.3      0.0      0.0      0.0 2018  5 25  4 23 32.22 -Inf   1
2594  30.868401  110.750397     5.710     7508.1   -10340.4     -335.1      0.0      0.0      0.0 2018  5 25  4 32 39.06 -Inf   1
3041  30.769699  110.374702     1.000   -27540.8   -21759.3    -4802.7      0.0      0.0      0.0 2018  5 25  5 11  9.22 -Inf   1
2998  30.855700  111.143600     6.920    44917.9   -11819.4      772.5      0.0      0.0      0.0 2018  5 25  5 39  2.16 -Inf   1
3043  31.118999  110.037697     1.000   -59662.4    16967.2    -4802.7      0.0      0.0      0.0 2018  5 25  7  3 28.06 -Inf   1
3044  31.086599  110.185699     1.080   -45541.4    13375.1    -4722.7      0.0      0.0      0.0 2018  5 25  7 46 25.10 -Inf   1
3046  31.161501  110.323997     4.160   -32324.3    21679.3    -1642.7      0.0      0.0      0.0 2018  5 25 13 16 16.19 -Inf   1
3047  31.039499  110.446098     4.800   -20683.9     8153.1    -1002.7      0.0      0.0      0.0 2018  5 25 14  0 26.19 -Inf   1
2633  31.160900  110.132500     2.050   -51059.2    21831.1    -3926.5      0.0      0.0      0.0 2018  5 25 18 55 29.52 -Inf   1
2601  31.077801  110.286003     5.320   -36842.7    12875.5     -725.1      0.0      0.0      0.0 2018  5 25 20 20 56.54 -Inf   1
3050  31.106701  110.052101     8.000   -58291.0    15603.7     2197.3      0.0      0.0      0.0 2018  5 25 20 30 33.50 -Inf   1
3051  31.119801  110.264397     1.000   -38020.9    17056.1    -4802.7      0.0      0.0      0.0 2018  5 25 21 44 28.54 -Inf   1
3052  30.847401  111.142899     6.300    45907.6   -13144.6      497.3      0.0      0.0      0.0 2018  5 25 23  4 25.42 -Inf   1
2605  30.855400  111.139702     5.940    44724.4   -11781.8     -105.1      0.0      0.0      0.0 2018  5 25 23 19 23.52 -Inf   1
2639  30.852900  111.139801     6.660    45152.4   -12316.6      683.5      0.0      0.0      0.0 2018  5 25 23 20 14.02 -Inf   1
3054  30.778999  110.763298    10.310     9622.3   -20728.2     4507.3      0.0      0.0      0.0 2018  5 25 23 31 36.24 -Inf   1
3055  30.874300  110.903603     3.630    23028.4   -10162.3    -2172.7      0.0      0.0      0.0 2018  5 26  3 20 41.63 -Inf   1
2643  30.733101  110.749802    15.690     7875.2   -25598.6     9713.5      0.0      0.0      0.0 2018  5 26  5 56 10.61 -Inf   1
2644  30.764500  110.769997    14.570     9805.3   -22117.4     8593.5      0.0      0.0      0.0 2018  5 26  6  8 49.47 -Inf   1
3060  31.210400  110.512299     1.000   -14348.9    27100.7    -4802.7      0.0      0.0      0.0 2018  5 26  7 49  3.83 -Inf   1
3018  30.858000  111.133904     6.500    43990.4   -11564.4      352.5      0.0      0.0      0.0 2018  5 26  8 52 56.25 -Inf   1
3021  31.170300  110.360603     6.510   -29883.7    23059.9      362.5      0.0      0.0      0.0 2018  5 26 11  5  4.88 -Inf   1
3065  31.047899  110.446503     5.550   -20644.4     9084.4     -252.7      0.0      0.0      0.0 2018  5 26 15  1 15.02 -Inf   1
3023  31.081200  110.198997     1.870   -45328.2    13181.5    -4277.5      0.0      0.0      0.0 2018  5 26 18 12 26.12 -Inf   1
3025  30.928101  111.185799     3.800    48933.5    -3792.4    -2347.5      0.0      0.0      0.0 2018  5 26 19 37 56.16 -Inf   1
3069  31.164301  110.325600     3.940   -32170.9    21989.8    -1862.7      0.0      0.0      0.0 2018  5 26 20 24 33.44 -Inf   1
3070  31.201401  110.319801     0.130   -32717.9    26103.0    -5672.7      0.0      0.0      0.0 2018  5 26 21 31 57.42 -Inf   1
3028  31.048201  110.453201    10.780   -21059.6     9523.0     4632.5      0.0      0.0      0.0 2018  5 26 21 41 16.54 -Inf   1
3072  31.044701  110.449898     7.710   -20320.5     8729.8     1907.3      0.0      0.0      0.0 2018  5 26 22 15 14.92 -Inf   1
2654  30.848900  111.141998     6.270    45363.4   -12760.1      293.5      0.0      0.0      0.0 2018  5 26 22 51 26.56 -Inf   1
3074  30.830799  111.153198     5.810    46896.2   -14985.2        7.3      0.0      0.0      0.0 2018  5 26 23 17  3.92 -Inf   1
2656  30.856600  111.127998     6.340    44023.3   -11906.4      363.5      0.0      0.0      0.0 2018  5 26 23 18  8.56 -Inf   1
2624  30.980900  110.391602     1.070   -26773.1     2132.2    -4975.1      0.0      0.0      0.0 2018  5 27  2 48 29.71 -Inf   1
2660  30.993000  110.000397     8.000   -63723.1     3216.2     2023.5      0.0      0.0      0.0 2018  5 27  2 59 18.63 -Inf   1
2626  31.052601  110.466499     6.650   -19610.6    10081.6      604.9      0.0      0.0      0.0 2018  5 27  4  2 26.88 -Inf   1
2662  30.857500  111.137398     5.970    44921.6   -11806.6       -6.5      0.0      0.0      0.0 2018  5 27  4 30 46.34 -Inf   1
3081  30.780100  110.771400     8.670    10397.1   -20606.2     2867.3      0.0      0.0      0.0 2018  5 27  5 31  1.02 -Inf   1
3082  30.848400  111.138496     7.660    45486.5   -13033.8     1857.3      0.0      0.0      0.0 2018  5 27  7  7 54.41 -Inf   1
3039  30.852200  111.129700     6.380    43589.9   -12207.5      232.5      0.0      0.0      0.0 2018  5 27  9  5 36.69 -Inf   1
2630  30.929600  110.764702     9.970     8872.7    -3555.4     3924.9      0.0      0.0      0.0 2018  5 27 10  2 25.27 -Inf   1
3042  30.933100  110.767700     9.450     8980.2    -3238.1     3302.5      0.0      0.0      0.0 2018  5 27 10  3 35.66 -Inf   1
2632  30.936800  110.759804    10.890     8404.4    -2757.1     4844.9      0.0      0.0      0.0 2018  5 27 10  4 43.53 -Inf   1
3044  30.931801  110.757896    11.310     8043.4    -3382.2     5162.5      0.0      0.0      0.0 2018  5 27 10  6 47.48 -Inf   1
2634  30.919800  110.758698    11.630     8299.4    -4641.9     5584.9      0.0      0.0      0.0 2018  5 27 10  8 24.92 -Inf   1
2672  30.743601  110.506699     1.000   -15377.9   -24434.4    -4976.5      0.0      0.0      0.0 2018  5 27 10 22 41.89 -Inf   1
2636  31.000999  110.017197     6.000   -62534.7     4360.6      -45.1      0.0      0.0      0.0 2018  5 27 11 20 51.73 -Inf   1
3092  31.041000  110.432198     5.370   -22011.3     8319.6     -432.7      0.0      0.0      0.0 2018  5 27 17  6 42.88 -Inf   1
2674  30.929199  110.759903    11.020     8832.5    -3857.4     5043.5      0.0      0.0      0.0 2018  5 27 17 27 50.84 -Inf   1
3054  30.928699  110.758301    11.310     8082.2    -3726.0     5162.5      0.0      0.0      0.0 2018  5 27 17 29 28.68 -Inf   1
3096  30.911699  110.772202     9.080    10466.6    -6015.9     3277.3      0.0      0.0      0.0 2018  5 27 17 31 28.94 -Inf   1
2677  31.175600  110.316200     1.000   -33523.8    23460.8    -4976.5      0.0      0.0      0.0 2018  5 27 17 34 33.20 -Inf   1
3057  31.017700  110.359299     3.490   -30032.1     6141.4    -2657.5      0.0      0.0      0.0 2018  5 27 19  0 11.12 -Inf   1
2643  30.835699  111.144897     6.040    45225.7   -13966.0       -5.1      0.0      0.0      0.0 2018  5 27 23 33 33.70 -Inf   1
2680  30.854500  111.129997     5.990    44214.9   -12139.2       13.5      0.0      0.0      0.0 2018  5 27 23 58 56.36 -Inf   1
3101  30.861200  111.137299     6.520    45369.0   -11614.7      717.3      0.0      0.0      0.0 2018  5 28  0 17 46.24 -Inf   1
2682  30.976601  110.030602    13.260   -60842.9     1398.0     7283.5      0.0      0.0      0.0 2018  5 28  1 30 59.70 -Inf   1
3102  30.989500  110.053299     7.460   -58212.1     2609.8     1657.3      0.0      0.0      0.0 2018  5 28  1 31  0.28 -Inf   1
2683  30.961201  110.091400    11.340   -55039.0     -309.4     5363.5      0.0      0.0      0.0 2018  5 28  3  0 44.68 -Inf   1
3104  30.793900  111.162102     5.340    47756.6   -19076.2     -462.7      0.0      0.0      0.0 2018  5 28  3 57 47.81 -Inf   1
2684  30.777800  111.176598     4.870    48688.9   -20642.9    -1106.5      0.0      0.0      0.0 2018  5 28  4  0 48.81 -Inf   1
2648  30.969999  110.370003     6.550   -28838.1      923.7      504.9      0.0      0.0      0.0 2018  5 28  4  4 20.36 -Inf   1
3065  30.855101  111.136398     5.320    44229.6   -11885.8     -827.5      0.0      0.0      0.0 2018  5 28  8 29 42.15 -Inf   1
3109  30.857901  111.123596     5.870    44060.0   -11980.5       67.3      0.0      0.0      0.0 2018  5 28  8 56 45.81 -Inf   1
2652  30.844400  111.141502     5.790    44899.1   -13001.3     -255.1      0.0      0.0      0.0 2018  5 28  9 27 51.31 -Inf   1
2688  30.980499  109.966698     4.000   -66946.6     1830.2    -1976.5      0.0      0.0      0.0 2018  5 28 10 43 50.02 -Inf   1
2689  30.967600  109.984703     8.000   -65230.8      400.1     2023.5      0.0      0.0      0.0 2018  5 28 10 48 17.40 -Inf   1
2655  31.034300  110.462997    10.290   -19946.9     8052.6     4244.9      0.0      0.0      0.0 2018  5 28 23  2 35.68 -Inf   1
2692  30.995399  110.178001     1.580   -46756.6     3482.2    -4396.5      0.0      0.0      0.0 2018  5 29  0 41 17.11 -Inf   1
3118  30.833700  110.808998     5.380    13988.7   -14663.6     -422.7      0.0      0.0      0.0 2018  5 29  0 57  2.38 -Inf   1
2658  31.014900  110.184601     7.170   -46540.3     5901.8     1124.9      0.0      0.0      0.0 2018  5 29  1 17 50.09 -Inf   1
3075  31.013599  110.190903     7.060   -46117.3     5686.8      912.5      0.0      0.0      0.0 2018  5 29  1 20 39.37 -Inf   1
2697  30.732800  111.118896     1.090    43180.8   -25632.0    -4886.5      0.0      0.0      0.0 2018  5 29  3 25 58.74 -Inf   1
3076  30.707199  110.850601     2.470    16921.7   -28283.5    -3677.5      0.0      0.0      0.0 2018  5 29  4 42 40.72 -Inf   1
2662  31.126499  110.790398     6.560    11316.6    18274.7      514.9      0.0      0.0      0.0 2018  5 29  4 53 36.99 -Inf   1
3078  30.854000  111.131401     6.160    43752.1   -12007.8       12.5      0.0      0.0      0.0 2018  5 29  5 33 26.35 -Inf   1
3126  30.857201  111.132698     6.290    44930.2   -12058.1      487.3      0.0      0.0      0.0 2018  5 29  6  7 56.16 -Inf   1
2703  30.862801  111.129799     6.450    44194.0   -11218.9      473.5      0.0      0.0      0.0 2018  5 29  6 20 58.52 -Inf   1
2666  30.901100  110.721802     6.810     4774.0    -6715.1      764.9      0.0      0.0      0.0 2018  5 29  9 24 55.82 -Inf   1
2705  30.709600  110.902100    12.210    22445.9   -28204.0     6233.5      0.0      0.0      0.0 2018  5 29 11 31 35.39 -Inf   1
3085  31.013100  110.187897     5.180   -46404.6     5631.4     -967.5      0.0      0.0      0.0 2018  5 29 12 49  7.32 -Inf   1
2708  30.720100  110.896698    11.610    21928.0   -27039.9     5633.5      0.0      0.0      0.0 2018  5 29 13  3  7.45 -Inf   1
2709  31.018499  110.560204     4.200   -10245.6     6043.3    -1776.5      0.0      0.0      0.0 2018  5 29 14  6  8.63 -Inf   1
3088  30.746201  110.779999     7.680    10165.2   -23959.4     1532.5      0.0      0.0      0.0 2018  5 29 14 25 36.12 -Inf   1
3136  31.058701  110.223297     4.960   -41957.7    10282.0     -842.7      0.0      0.0      0.0 2018  5 29 14 41 39.69 -Inf   1
3090  31.075899  110.172501     1.980   -47859.5    12593.9    -4167.5      0.0      0.0      0.0 2018  5 29 14 44 50.17 -Inf   1
2712  30.692200  110.918297    11.110    23997.6   -30133.2     5133.5      0.0      0.0      0.0 2018  5 29 16  2 25.15 -Inf   1
2675  31.046000  110.422699    14.370   -23794.2     9349.8     8324.9      0.0      0.0      0.0 2018  5 29 16 40  6.32 -Inf   1
3094  31.039101  110.439499     8.100   -22369.3     8514.1     1952.5      0.0      0.0      0.0 2018  5 29 22 26 27.80 -Inf   1
3141  30.853800  111.139397     7.020    45571.3   -12435.2     1217.3      0.0      0.0      0.0 2018  5 29 22 52 52.32 -Inf   1
3096  30.843800  111.140503     6.240    44624.6   -13138.8       92.5      0.0      0.0      0.0 2018  5 29 23 22  4.70 -Inf   1
2717  30.849001  111.138199     7.320    45000.2   -12748.9     1343.5      0.0      0.0      0.0 2018  5 30  2 10 11.99 -Inf   1
3145  30.847300  111.138397     4.720    45477.3   -13155.8    -1082.7      0.0      0.0      0.0 2018  5 30  2 36 13.74 -Inf   1
2682  30.854300  111.137703     5.850    44533.6   -11903.8     -195.1      0.0      0.0      0.0 2018  5 30  5 36 34.48 -Inf   1
3146  30.851900  111.140297     6.060    45657.8   -12645.8      257.3      0.0      0.0      0.0 2018  5 30  6 50 35.91 -Inf   1
2685  30.858801  111.128799     5.450    43681.4   -11404.7     -595.1      0.0      0.0      0.0 2018  5 30  8 15 47.91 -Inf   1
2723  30.846399  111.142799     5.810    45440.6   -13037.3     -166.5      0.0      0.0      0.0 2018  5 30 10 54 24.12 -Inf   1
3153  31.094500  110.071297     6.050   -56462.1    14251.0      247.3      0.0      0.0      0.0 2018  5 30 12  8  1.31 -Inf   1
3105  30.699100  110.917198    10.180    23293.9   -29181.4     4032.5      0.0      0.0      0.0 2018  5 30 14 33 31.76 -Inf   1
3106  30.715300  110.927597    10.740    24286.7   -27385.4     4592.5      0.0      0.0      0.0 2018  5 30 16 38 28.04 -Inf   1
3107  30.905701  110.516296     8.580   -15045.2    -6275.8     2432.5      0.0      0.0      0.0 2018  5 30 17 20 12.04 -Inf   1
3108  30.896700  110.520203     9.420   -14672.6    -7273.8     3272.5      0.0      0.0      0.0 2018  5 30 17 22 51.84 -Inf   1
3161  30.851900  111.135002     6.110    45151.7   -12645.8      307.3      0.0      0.0      0.0 2018  5 30 23 15 36.40 -Inf   1
2730  30.851000  111.140999     6.330    45267.4   -12527.2      353.5      0.0      0.0      0.0 2018  5 30 23 16 34.08 -Inf   1
3112  30.849800  111.137001     7.070    44288.4   -12473.5      922.5      0.0      0.0      0.0 2018  5 30 23 36 16.34 -Inf   1
3164  30.848101  111.148102     6.220    46404.8   -13067.0      417.3      0.0      0.0      0.0 2018  5 30 23 37 13.38 -Inf   1
3165  30.931299  110.765297    10.590     9805.7    -3842.9     4787.3      0.0      0.0      0.0 2018  5 31  2 40  7.86 -Inf   1
2734  30.919901  110.630898     6.470    -3495.2    -4888.3      493.5      0.0      0.0      0.0 2018  5 31  3 51 18.53 -Inf   1
2700  30.866600  110.933800     1.210    25039.7   -10540.1    -4835.1      0.0      0.0      0.0 2018  5 31  4 46 24.65 -Inf   1
3168  30.853701  111.141197     7.710    45743.5   -12446.2     1907.3      0.0      0.0      0.0 2018  5 31  5 46 13.33 -Inf   1
2703  31.083099  110.174896     4.470   -47450.4    13463.0    -1575.1      0.0      0.0      0.0 2018  5 31  6  0 26.47 -Inf   1
3170  30.974400  109.995003    12.000   -63786.0      935.6     6197.3      0.0      0.0      0.0 2018  5 31  6 24 15.34 -Inf   1
2740  30.853901  111.128799     6.670    44100.5   -12205.6      693.5      0.0      0.0      0.0 2018  5 31  6 32 30.64 -Inf   1
3121  30.691401  110.921997     9.430    23753.9   -30035.1     3282.5      0.0      0.0      0.0 2018  5 31  6 37 37.02 -Inf   1
2742  30.855400  111.130699     6.250    44281.8   -12039.4      273.5      0.0      0.0      0.0 2018  5 31  7  6 44.52 -Inf   1
3174  30.985300  110.026802     8.000   -60744.6     2144.1     2197.3      0.0      0.0      0.0 2018  5 31  8 17 49.20 -Inf   1
2744  30.986000  110.030502     8.000   -60849.4     2440.1     2023.5      0.0      0.0      0.0 2018  5 31  8 44 50.94 -Inf   1
3175  30.839899  111.146202     6.660    46225.2   -13976.3      857.3      0.0      0.0      0.0 2018  5 31 10 58  6.82 -Inf   1
3130  31.025000  110.462898     7.720   -20136.0     6950.7     1572.5      0.0      0.0      0.0 2018  5 31 17 41 18.20 -Inf   1
3179  30.847799  111.148499     6.280    46442.8   -13100.4      477.3      0.0      0.0      0.0 2018  5 31 23  4 18.36 -Inf   1
3180  30.848400  111.132896     5.410    44951.2   -13033.8     -392.7      0.0      0.0      0.0 2018  5 31 23 30 52.44 -Inf   1
2750  30.815300  110.659798     7.590     -733.8   -16485.2     1613.5      0.0      0.0      0.0 2018  6  1  0 14 25.66 -Inf   1
3182  30.850901  111.140999     6.130    45725.2   -12756.6      327.3      0.0      0.0      0.0 2018  6  1  0 33 25.59 -Inf   1
3136  30.672899  110.962997     0.730    27679.3   -32086.3    -5417.5      0.0      0.0      0.0 2018  6  1  1 25 47.94 -Inf   1
3184  30.847601  110.933701     1.890    25908.8   -13122.4    -3912.7      0.0      0.0      0.0 2018  6  1  6 18 34.80 -Inf   1
2754  30.781799  111.055801     1.000    37136.1   -20199.4    -4976.5      0.0      0.0      0.0 2018  6  1  6 59 21.40 -Inf   1
3186  30.921900  110.878098    11.270    20585.4    -4885.0     5467.3      0.0      0.0      0.0 2018  6  1  7 21 36.76 -Inf   1
3140  30.852600  111.140099     6.490    44583.9   -12163.1      342.5      0.0      0.0      0.0 2018  6  1  8  1 26.27 -Inf   1
2757  31.226900  110.050400     4.000   -58874.8    29148.4    -1976.5      0.0      0.0      0.0 2018  6  1  9 29 14.49 -Inf   1
3189  31.226500  110.074303     3.370   -56136.5    28885.7    -2432.7      0.0      0.0      0.0 2018  6  1  9 37 13.10 -Inf   1
2759  31.242500  110.033203     6.000   -60510.7    30878.0       23.5      0.0      0.0      0.0 2018  6  1 10 25 43.26 -Inf   1
3143  30.858299  111.124397     6.380    43081.6   -11531.2      232.5      0.0      0.0      0.0 2018  6  1 10 27 52.86 -Inf   1
3192  31.021601  110.356903     4.920   -29204.9     6168.8     -882.7      0.0      0.0      0.0 2018  6  1 10 52 48.96 -Inf   1
3145  30.828501  110.811699     3.940    13191.7   -14834.9    -2207.5      0.0      0.0      0.0 2018  6  1 13 56 10.19 -Inf   1
2726  31.087601  110.354797     4.320   -30272.3    13962.0    -1725.1      0.0      0.0      0.0 2018  6  1 15 17 31.87 -Inf   1
3197  31.027000  110.353600     2.930   -29519.6     6767.4    -2872.7      0.0      0.0      0.0 2018  6  1 16 27 40.73 -Inf   1
3198  31.193100  110.527702     1.000   -12880.3    25182.7    -4802.7      0.0      0.0      0.0 2018  6  1 17 43  8.64 -Inf   1
2765  30.932899  110.766899    11.100     9500.8    -3447.1     5123.5      0.0      0.0      0.0 2018  6  1 18 39 16.46 -Inf   1
2730  30.930500  110.242500     8.290   -41027.9    -3455.5     2244.9      0.0      0.0      0.0 2018  6  1 19 25 55.24 -Inf   1
3201  31.171700  110.524803     0.970   -13158.4    22810.0    -4832.7      0.0      0.0      0.0 2018  6  1 19 54 47.20 -Inf   1
3202  30.688801  110.934303    10.010    25987.8   -30728.4     4207.3      0.0      0.0      0.0 2018  6  1 21 33 24.50 -Inf   1
2768  30.849701  111.135902     6.960    44780.5   -12671.2      983.5      0.0      0.0      0.0 2018  6  1 23 20 40.44 -Inf   1
3153  31.018499  110.563202     3.810   -10556.3     6230.0    -2337.5      0.0      0.0      0.0 2018  6  2  1 43  6.49 -Inf   1
2734  30.847500  111.140800     5.190    44831.2   -12657.7     -855.1      0.0      0.0      0.0 2018  6  2  2  2 58.17 -Inf   1
3155  30.980801  110.378304     1.000   -28222.2     2050.4    -5147.5      0.0      0.0      0.0 2018  6  2  2 43  0.90 -Inf   1
2736  30.843100  111.129700     6.830    43771.0   -13145.5      784.9      0.0      0.0      0.0 2018  6  2  3 10 38.10 -Inf   1
3157  30.813299  110.928902     0.640    24399.2   -16520.3    -5507.5      0.0      0.0      0.0 2018  6  2  3 13 30.26 -Inf   1
2738  30.780800  110.930901     6.200    24773.5   -20052.6      154.9      0.0      0.0      0.0 2018  6  2  4 41 19.89 -Inf   1
3211  30.835600  110.467796     1.000   -18631.4   -14453.0    -4802.7      0.0      0.0      0.0 2018  6  2  7 16 56.20 -Inf   1
3162  30.848499  111.139000     6.520    44479.8   -12617.7      372.5      0.0      0.0      0.0 2018  6  2  8 50 28.23 -Inf   1
3163  30.695999  110.935997     9.890    25092.8   -29525.2     3742.5      0.0      0.0      0.0 2018  6  2  8 53 55.33 -Inf   1
3215  30.997000  109.962898    10.000   -66845.2     3441.3     4197.3      0.0      0.0      0.0 2018  6  2  9  6 33.05 -Inf   1
3216  30.848000  111.142799     6.770    45898.0   -13078.2      967.3      0.0      0.0      0.0 2018  6  2  9 10 21.57 -Inf   1
2783  30.982401  110.028900    10.810   -61003.6     2041.1     4833.5      0.0      0.0      0.0 2018  6  2  9 33 24.86 -Inf   1
3219  30.856001  111.136299     5.930    45274.7   -12191.1      127.3      0.0      0.0      0.0 2018  6  2  9 39 53.51 -Inf   1
3220  30.694201  110.936600    11.380    26206.8   -30129.8     5577.3      0.0      0.0      0.0 2018  6  2  9 59  0.31 -Inf   1
2786  30.683100  110.944603     9.140    26515.7   -31142.1     3163.5      0.0      0.0      0.0 2018  6  2 11 32  2.91 -Inf   1
3170  31.106701  110.055000     8.000   -59069.7    16008.8     1852.5      0.0      0.0      0.0 2018  6  2 11 43 55.43 -Inf   1
2753  30.840700  110.628601     7.790    -4134.8   -13411.6     1744.9      0.0      0.0      0.0 2018  6  2 15 10 10.12 -Inf   1
2791  30.691799  110.927498     8.950    24877.9   -30177.6     2973.5      0.0      0.0      0.0 2018  6  2 16 21 57.75 -Inf   1
3228  31.161200  110.317398     4.950   -32954.2    21645.9     -852.7      0.0      0.0      0.0 2018  6  2 19 35 27.60 -Inf   1
2757  30.696600  110.938103    10.380    25473.3   -29387.8     4334.9      0.0      0.0      0.0 2018  6  2 19 37 24.62 -Inf   1
3230  30.695900  110.935303    10.040    26082.4   -29941.3     4237.3      0.0      0.0      0.0 2018  6  2 20 56 41.16 -Inf   1
2796  30.688101  110.934097     9.710    25509.8   -30587.7     3733.5      0.0      0.0      0.0 2018  6  2 23  1  0.12 -Inf   1
3181  30.847700  111.133698     6.810    43973.1   -12706.3      662.5      0.0      0.0      0.0 2018  6  2 23 48 39.24 -Inf   1
3182  30.849501  111.136703     5.520    44260.0   -12506.7     -627.5      0.0      0.0      0.0 2018  6  3  1 21 26.18 -Inf   1
3235  30.753799  111.102303     1.000    42047.1   -23522.1    -4802.7      0.0      0.0      0.0 2018  6  3  1 58 26.09 -Inf   1
3184  30.844801  111.150200     5.450    45551.4   -13027.7     -697.5      0.0      0.0      0.0 2018  6  3  3 14 52.31 -Inf   1
2763  31.116600  110.635201     0.470    -3498.8    17177.2    -5575.1      0.0      0.0      0.0 2018  6  3  3 29 24.25 -Inf   1
3186  31.159599  110.379700     1.070   -28062.8    21873.6    -5077.5      0.0      0.0      0.0 2018  6  3  3 54 39.48 -Inf   1
3187  30.686300  110.941299     7.580    25601.4   -30600.5     1432.5      0.0      0.0      0.0 2018  6  3  4 25 10.22 -Inf   1
3188  30.694099  110.934097     7.580    24911.3   -29735.8     1432.5      0.0      0.0      0.0 2018  6  3  5  3 30.55 -Inf   1
3242  30.846001  111.141098     6.030    45735.8   -13299.8      227.3      0.0      0.0      0.0 2018  6  3  6 49 38.68 -Inf   1
2768  31.065100  110.100899     8.190   -54521.0    11467.4     2144.9      0.0      0.0      0.0 2018  6  3  6 50 33.50 -Inf   1
2769  30.858801  111.134399     6.490    44216.7   -11404.7      444.9      0.0      0.0      0.0 2018  6  3  7 17  9.04 -Inf   1
2770  30.878401  110.941803     5.840    25803.1    -9231.7     -205.1      0.0      0.0      0.0 2018  6  3  7 51 53.30 -Inf   1
3194  31.040100  110.446098    11.410   -21738.9     8624.9     5262.5      0.0      0.0      0.0 2018  6  3  7 58 19.43 -Inf   1
3248  30.978800  110.790199     1.000    12182.3     1423.5    -4802.7      0.0      0.0      0.0 2018  6  3  9 21 22.89 -Inf   1
3249  30.759199  110.899696     6.350    22668.5   -22923.4      547.3      0.0      0.0      0.0 2018  6  3  9 29 23.25 -Inf   1
3197  30.854200  111.129402     5.470    43561.0   -11985.6     -677.5      0.0      0.0      0.0 2018  6  3 10  0 10.74 -Inf   1
3198  30.793301  110.923401     3.180    23875.7   -18737.5    -2967.5      0.0      0.0      0.0 2018  6  3 10 21 55.78 -Inf   1
3252  30.885401  110.540298     8.450   -11696.9    -8931.6     2647.3      0.0      0.0      0.0 2018  6  3 17 24 32.88 -Inf   1
3203  31.174999  110.343697     7.030   -31496.5    23581.0      882.5      0.0      0.0      0.0 2018  6  3 20 41  5.22 -Inf   1
3204  31.177700  110.338097     8.010   -32030.5    23880.4     1862.5      0.0      0.0      0.0 2018  6  3 20 55  9.38 -Inf   1
3208  31.046400  110.447899     5.700   -21566.2     9323.3     -447.5      0.0      0.0      0.0 2018  6  3 23  0  0.98 -Inf   1
3260  30.852501  111.120499     6.110    43765.1   -12579.2      307.3      0.0      0.0      0.0 2018  6  3 23  1  4.14 -Inf   1
3210  30.742100  110.811302    18.780    13159.6   -24414.1    12632.5      0.0      0.0      0.0 2018  6  4  0 37 25.64 -Inf   1
2781  30.749701  110.823303    17.640    14486.1   -23500.6    11594.9      0.0      0.0      0.0 2018  6  4  0 46 55.37 -Inf   1
2823  30.747999  110.822098    18.570    14789.5   -23946.8    12593.5      0.0      0.0      0.0 2018  6  4  0 51  8.06 -Inf   1
3264  30.849400  111.142403     6.540    45859.7   -12923.0      737.3      0.0      0.0      0.0 2018  6  4  1 26 14.02 -Inf   1
2784  30.848700  111.137001     6.390    44467.7   -12524.7      344.9      0.0      0.0      0.0 2018  6  4  1 27 40.25 -Inf   1
2825  30.743401  110.802002    18.360    12867.7   -24456.7    12383.5      0.0      0.0      0.0 2018  6  4  2 39 51.00 -Inf   1
2786  30.857700  111.135002     6.540    44274.6   -11526.8      494.9      0.0      0.0      0.0 2018  6  4  4 24  9.75 -Inf   1
2827  31.042999  110.444702     9.970   -21274.8     8759.5     3993.5      0.0      0.0      0.0 2018  6  4  4 50 43.47 -Inf   1
3270  30.844101  111.138702     6.250    45507.2   -13510.5      447.3      0.0      0.0      0.0 2018  6  4  5 43 43.49 -Inf   1
3271  31.018400  110.444099     1.000   -20877.1     5813.9    -4802.7      0.0      0.0      0.0 2018  6  4  6 31 38.82 -Inf   1
2790  31.140900  110.729897    10.680     5540.7    19871.2     4634.9      0.0      0.0      0.0 2018  6  4  7 18  3.42 -Inf   1
2832  30.907000  110.726700     4.930     5660.3    -6318.6    -1046.5      0.0      0.0      0.0 2018  6  4  7 55 54.62 -Inf   1
2792  30.973301  110.377998     3.310   -28073.7     1289.7    -2735.1      0.0      0.0      0.0 2018  6  4  8  0 44.91 -Inf   1
3220  30.872299  110.451302     5.920   -21260.4    -9979.0     -227.5      0.0      0.0      0.0 2018  6  4  8 39 32.67 -Inf   1
3276  30.848600  111.137299     5.770    45372.0   -13011.6      -32.7      0.0      0.0      0.0 2018  6  4  9  9 21.05 -Inf   1
2836  31.042101  110.446503     7.350   -21103.0     8659.9     1373.5      0.0      0.0      0.0 2018  6  4  9 50  0.68 -Inf   1
2796  31.032499  110.440697     7.670   -22077.0     7853.0     1624.9      0.0      0.0      0.0 2018  6  4 13 36 23.84 -Inf   1
2838  30.702400  110.944000    10.820    26455.3   -29002.3     4843.5      0.0      0.0      0.0 2018  6  4 14 45 18.36 -Inf   1
3282  31.082300  110.374001     1.000   -27563.2    12898.4    -4802.7      0.0      0.0      0.0 2018  6  4 16  3 37.67 -Inf   1
3284  31.037300  110.509804     4.830   -14600.1     7909.3     -972.7      0.0      0.0      0.0 2018  6  4 18 56 14.72 -Inf   1
2799  31.160200  110.319000     5.120   -33677.5    22011.0     -925.1      0.0      0.0      0.0 2018  6  4 20 20 45.30 -Inf   1
3287  30.850201  111.126801     6.480    44368.0   -12834.2      677.3      0.0      0.0      0.0 2018  6  4 22 56 20.84 -Inf   1
2843  30.844500  111.164200     6.240    47486.9   -13247.9      263.5      0.0      0.0      0.0 2018  6  5  0 10 44.30 -Inf   1
2844  30.855400  111.147301     6.780    45868.8   -12039.4      803.5      0.0      0.0      0.0 2018  6  5  0 11 56.02 -Inf   1
3290  31.227800  110.354599     6.200   -29393.4    29029.9      397.3      0.0      0.0      0.0 2018  6  5  3  5 15.01 -Inf   1
2805  30.889400  110.590202     7.560    -7803.8    -8012.2     1514.9      0.0      0.0      0.0 2018  6  5  4 15 53.85 -Inf   1
3292  30.864599  110.946404     1.910    27120.8   -11237.8    -3892.7      0.0      0.0      0.0 2018  6  5  5  6 50.01 -Inf   1
3293  30.844700  111.149902     8.130    46577.8   -13444.1     2327.3      0.0      0.0      0.0 2018  6  5  6 11 55.20 -Inf   1
3294  31.236200  110.326401     1.000   -32082.4    29961.2    -4802.7      0.0      0.0      0.0 2018  6  5  8  0 38.92 -Inf   1
2850  30.843800  111.134201     6.070    44619.2   -13325.5       93.5      0.0      0.0      0.0 2018  6  5  8  6 30.35 -Inf   1
3237  30.691099  110.936897     9.380    25179.6   -30068.5     3232.5      0.0      0.0      0.0 2018  6  5  9 12  9.39 -Inf   1
3298  30.928400  110.761703    10.090     9462.5    -4164.3     4287.3      0.0      0.0      0.0 2018  6  5  9 34 30.35 -Inf   1
3299  30.909700  110.758301    12.200     9138.2    -6237.5     6397.3      0.0      0.0      0.0 2018  6  5  9 58 19.66 -Inf   1
2811  30.934200  110.756897    11.580     8126.7    -3045.3     5534.9      0.0      0.0      0.0 2018  6  5 10  3  4.24 -Inf   1
2855  30.931900  110.760002    10.740     8841.8    -3557.9     4763.5      0.0      0.0      0.0 2018  6  5 10 34 16.47 -Inf   1
2857  30.931400  110.762001    10.250     9032.8    -3613.3     4273.5      0.0      0.0      0.0 2018  6  5 10 46 32.69 -Inf   1
3303  30.920099  110.765503    11.820     9826.0    -5084.6     6017.3      0.0      0.0      0.0 2018  6  5 11  1 46.09 -Inf   1
2815  30.930300  110.757599    10.690     8194.0    -3477.7     4644.9      0.0      0.0      0.0 2018  6  5 11  3 17.60 -Inf   1
2859  31.136801  110.041702     6.000   -59732.7    19159.2       23.5      0.0      0.0      0.0 2018  6  5 11 13 21.42 -Inf   1
3304  30.701500  110.928802    10.600    25459.8   -29320.5     4797.3      0.0      0.0      0.0 2018  6  5 11 14  9.70 -Inf   1
2817  30.933901  110.759399    11.150     8365.9    -3078.5     5104.9      0.0      0.0      0.0 2018  6  5 16 47 12.39 -Inf   1
3247  30.933001  110.760597    11.110     8301.5    -3249.1     4962.5      0.0      0.0      0.0 2018  6  5 16 48 24.50 -Inf   1
2864  30.894699  110.799301    15.450    12599.5    -7682.4     9473.5      0.0      0.0      0.0 2018  6  5 16 54 47.63 -Inf   1
3309  30.913300  110.764603    11.510     9740.3    -5838.5     5707.3      0.0      0.0      0.0 2018  6  5 17  0  5.48 -Inf   1
3311  30.880699  111.153702     8.600    46932.3    -9452.9     2797.3      0.0      0.0      0.0 2018  6  5 17  8 10.32 -Inf   1
2824  30.934799  110.759003    11.090     8327.9    -2978.9     5044.9      0.0      0.0      0.0 2018  6  5 17 25 45.90 -Inf   1
3255  30.924801  110.759201    11.380     8168.4    -4158.2     5232.5      0.0      0.0      0.0 2018  6  5 18 26 58.40 -Inf   1
3256  30.927601  110.759598    10.920     8206.2    -3847.8     4772.5      0.0      0.0      0.0 2018  6  5 18 29  8.86 -Inf   1
2827  30.829901  110.816200     7.730    13801.0   -14608.9     1684.9      0.0      0.0      0.0 2018  6  5 19 21 41.40 -Inf   1
3258  30.852501  111.134102     5.940    44010.6   -12174.0     -207.5      0.0      0.0      0.0 2018  6  5 23  0  4.82 -Inf   1
2873  30.851400  111.134697     5.680    44664.9   -12482.8     -296.5      0.0      0.0      0.0 2018  6  5 23  1  9.00 -Inf   1
3260  30.857000  111.137901     6.540    44372.8   -11675.2      392.5      0.0      0.0      0.0 2018  6  5 23 17 55.98 -Inf   1
2831  31.188900  110.312897     3.220   -34255.0    25193.0    -2825.1      0.0      0.0      0.0 2018  6  6  0 10 15.84 -Inf   1
3322  30.769300  111.093597     1.000    41211.2   -21803.5    -4802.7      0.0      0.0      0.0 2018  6  6  1 28 33.04 -Inf   1
2879  30.846800  111.140297     6.510    45201.3   -12992.9      533.5      0.0      0.0      0.0 2018  6  6  3  6 51.24 -Inf   1
2880  31.168699  110.350998    16.050   -30204.0    22695.8    10073.5      0.0      0.0      0.0 2018  6  6  3 13 56.20 -Inf   1
2881  30.853701  111.130302     5.710    44244.2   -12227.8     -266.5      0.0      0.0      0.0 2018  6  6  3 29 13.34 -Inf   1
3269  30.972500  110.379501     3.830   -28109.0     1130.1    -2317.5      0.0      0.0      0.0 2018  6  6  4  4 21.29 -Inf   1
3329  30.775299  111.192299     9.450    50649.0   -21138.5     3647.3      0.0      0.0      0.0 2018  6  6  4 58 27.60 -Inf   1
2838  30.848900  111.137199     6.460    44486.7   -12502.5      414.9      0.0      0.0      0.0 2018  6  6  5 32 24.02 -Inf   1
2885  31.037001  110.437401    13.770   -21972.8     8094.5     7793.5      0.0      0.0      0.0 2018  6  6  5 36 22.92 -Inf   1
3332  31.218201  110.058197     3.760   -57675.6    27965.6    -2042.7      0.0      0.0      0.0 2018  6  6  7 16 37.96 -Inf   1
3273  30.924700  110.766098     8.950     8827.5    -4169.4     2802.5      0.0      0.0      0.0 2018  6  6  7 40 36.27 -Inf   1
2842  30.732201  110.900398     6.190    21862.0   -25440.8      144.9      0.0      0.0      0.0 2018  6  6  7 53 12.86 -Inf   1
2888  30.854401  111.137199     5.960    44903.4   -12150.2      -16.5      0.0      0.0      0.0 2018  6  6 10 50 11.30 -Inf   1
2889  30.696600  110.926498    10.120    24781.7   -29645.4     4143.5      0.0      0.0      0.0 2018  6  6 11  6 29.34 -Inf   1
2845  30.697300  110.930702     9.790    24765.2   -29310.2     3744.9      0.0      0.0      0.0 2018  6  6 19 53  8.98 -Inf   1
2891  30.854000  111.129799     4.690    44196.0   -12194.6    -1286.5      0.0      0.0      0.0 2018  6  6 23  7 21.12 -Inf   1
2894  30.940399  110.763901    10.600     9213.9    -2615.6     4623.5      0.0      0.0      0.0 2018  6  7  2 27 53.11 -Inf   1
3348  30.751200  110.819504    18.250    14999.4   -23810.3    12447.2      0.0      0.0      0.0 2018  6  7  6 42 34.72 -Inf   1
3286  30.900801  110.728401     4.420     5225.8    -6819.1    -1727.5      0.0      0.0      0.0 2018  6  7  7  3  4.02 -Inf   1
2897  30.856600  111.123901     6.490    43631.7   -11906.4      513.5      0.0      0.0      0.0 2018  6  7  7 10 59.52 -Inf   1
2853  31.165800  110.369499     6.210   -28856.9    22631.9      164.9      0.0      0.0      0.0 2018  6  7  8 13  0.68 -Inf   1
3353  30.825899  110.923203     7.600    24908.1   -15528.5     1797.3      0.0      0.0      0.0 2018  6  7  9 43  6.90 -Inf   1
2855  31.140699  110.617599     8.610    -5178.5    19849.0     2564.9      0.0      0.0      0.0 2018  6  7 10 51 19.24 -Inf   1
3355  30.885000  110.680298     2.930     1684.0    -8976.0    -2872.7      0.0      0.0      0.0 2018  6  7 10 52 49.15 -Inf   1
3292  30.976601  109.949501     8.000   -69188.5     1584.8     1852.5      0.0      0.0      0.0 2018  6  7 11 30  6.15 -Inf   1
2858  31.065701  110.218300     3.100   -43310.1    11534.0    -2945.1      0.0      0.0      0.0 2018  6  7 18 16 25.60 -Inf   1
3296  30.703199  110.928902     7.480    24413.0   -28726.9     1332.5      0.0      0.0      0.0 2018  6  7 18 23  5.06 -Inf   1
3359  31.149599  110.302299     1.000   -34397.3    20359.8    -4802.7      0.0      0.0      0.0 2018  6  7 19 15 18.60 -Inf   1
3360  30.687401  110.936996     9.480    26245.6   -30883.6     3677.3      0.0      0.0      0.0 2018  6  7 20 56 49.12 -Inf   1
2906  30.848400  111.133003     6.230    44503.6   -12815.5      253.5      0.0      0.0      0.0 2018  6  7 23  6 50.54 -Inf   1
3362  30.852501  111.127800     6.490    44463.0   -12579.2      687.3      0.0      0.0      0.0 2018  6  7 23  7 19.84 -Inf   1
2864  30.980499  110.036499    10.640   -60697.3     2087.8     4594.9      0.0      0.0      0.0 2018  6  8  2  2 24.61 -Inf   1
3365  30.847099  111.141800     5.910    45802.6   -13178.0      107.3      0.0      0.0      0.0 2018  6  8  2 14 51.03 -Inf   1
3366  30.851601  111.141800     6.120    45801.6   -12679.0      317.3      0.0      0.0      0.0 2018  6  8  2 16 16.34 -Inf   1
2867  30.994600  110.050400     7.460   -59364.9     3651.2     1414.9      0.0      0.0      0.0 2018  6  8  2 51 34.41 -Inf   1
2911  30.765100  110.894501     8.980    21712.7   -22050.8     3003.5      0.0      0.0      0.0 2018  6  8  3 13 39.99 -Inf   1
2868  30.872499  110.900803     3.320    21884.8    -9886.0    -2725.1      0.0      0.0      0.0 2018  6  8  4 57  4.06 -Inf   1
2913  30.856400  111.127502     6.340    43976.0   -11928.6      363.5      0.0      0.0      0.0 2018  6  8  5 52 20.81 -Inf   1
3309  31.077000  110.314499     4.700   -34300.5    12715.9    -1447.5      0.0      0.0      0.0 2018  6  8  6  3 27.42 -Inf   1
3373  30.888599  111.146896     8.250    46279.9    -8577.0     2447.3      0.0      0.0      0.0 2018  6  8  7 35 23.83 -Inf   1
3374  30.896200  110.719704     7.770     5450.0    -7734.3     1967.3      0.0      0.0      0.0 2018  6  8  7 53 50.27 -Inf   1
3376  30.826799  111.271797     7.820    58236.1   -15428.7     2017.3      0.0      0.0      0.0 2018  6  8  9 20 49.98 -Inf   1
3315  30.852600  111.129303     6.420    43551.9   -12163.1      272.5      0.0      0.0      0.0 2018  6  8 10 13 57.27 -Inf   1
2875  31.098000  110.071198    10.160   -57347.4    15114.9     4114.9      0.0      0.0      0.0 2018  6  8 12 32 17.66 -Inf   1
3317  31.060499  110.444298     6.840   -21908.5    10886.5      692.5      0.0      0.0      0.0 2018  6  8 16  4 16.95 -Inf   1
2921  30.781099  110.763298     9.120     9163.9   -20277.0     3143.5      0.0      0.0      0.0 2018  6  8 17 20 16.42 -Inf   1
2877  31.180000  110.518402     1.000   -14644.3    24206.3    -5045.1      0.0      0.0      0.0 2018  6  8 20 12  8.54 -Inf   1
3382  30.698700  110.934601     9.710    26014.9   -29630.9     3907.3      0.0      0.0      0.0 2018  6  8 21 15 56.56 -Inf   1
3322  31.067400  110.148399     7.820   -50163.1    11651.6     1672.5      0.0      0.0      0.0 2018  6  8 21 50  4.20 -Inf   1
3323  30.854900  111.129303     6.000    43551.3   -11908.0     -147.5      0.0      0.0      0.0 2018  6  8 22 56 50.28 -Inf   1
2925  31.167000  110.322502     2.000   -32923.9    22507.3    -3976.5      0.0      0.0      0.0 2018  6  9  0 16 45.94 -Inf   1
3326  30.985800  110.354103     6.750   -30533.4     2604.6      602.5      0.0      0.0      0.0 2018  6  9  2 48 47.63 -Inf   1
2928  31.140499  110.810600     6.950    13662.0    19569.2      973.5      0.0      0.0      0.0 2018  6  9  3 43 15.41 -Inf   1
3390  31.009100  110.469902     1.000   -18413.5     4782.8    -4802.7      0.0      0.0      0.0 2018  6  9  5 27 57.35 -Inf   1
2930  30.986601  110.152802     4.810   -49166.1     2506.7    -1166.5      0.0      0.0      0.0 2018  6  9  5 54 20.05 -Inf   1
3391  30.744200  111.125504     2.170    44268.3   -24586.4    -3632.7      0.0      0.0      0.0 2018  6  9  7 50 35.42 -Inf   1
3392  30.863100  110.938599     2.030    26375.0   -11404.1    -3772.7      0.0      0.0      0.0 2018  6  9  8 33 53.19 -Inf   1
3334  30.849001  111.129204     5.900    43543.2   -12562.1     -247.5      0.0      0.0      0.0 2018  6  9  8 49 48.14 -Inf   1
3336  30.948700  111.177498     0.230    48135.2    -1508.6    -5917.5      0.0      0.0      0.0 2018  6  9 14 35 55.36 -Inf   1
3396  31.166401  110.325996     1.000   -32132.7    22222.6    -4802.7      0.0      0.0      0.0 2018  6  9 17 28 35.56 -Inf   1
3398  30.925699  110.748802     6.790     8229.8    -4463.7      987.3      0.0      0.0      0.0 2018  6  9 18 50 28.48 -Inf   1
3399  30.847300  111.142502     7.890    45869.7   -13155.8     2087.3      0.0      0.0      0.0 2018  6  9 23  6 37.50 -Inf   1
2936  30.849501  111.131401     5.780    44350.2   -12693.5     -196.5      0.0      0.0      0.0 2018  6 10  0 42 59.08 -Inf   1
2937  30.986300  109.974899     6.000   -66161.0     2473.3       23.5      0.0      0.0      0.0 2018  6 10  1  2  9.64 -Inf   1
3403  30.995800  109.993202     4.000   -63950.9     3308.3    -1802.7      0.0      0.0      0.0 2018  6 10  1 12 54.61 -Inf   1
3405  30.771999  110.921997     4.230    24799.7   -21504.3    -1572.7      0.0      0.0      0.0 2018  6 10  3 40  4.53 -Inf   1
2893  31.012600  110.382401     6.280   -27647.5     5646.8      234.9      0.0      0.0      0.0 2018  6 10  3 44  6.12 -Inf   1
3344  30.947001  110.816498     4.170    13642.1    -1697.0    -1977.5      0.0      0.0      0.0 2018  6 10  4  1  2.26 -Inf   1
3345  30.848000  110.944397     1.500    25876.1   -12673.1    -4647.5      0.0      0.0      0.0 2018  6 10  4  2  9.56 -Inf   1
3409  30.917400  110.139099     1.000   -50034.6    -5383.8    -4802.7      0.0      0.0      0.0 2018  6 10  4 45 40.98 -Inf   1
2944  30.927999  110.765198    10.440     9338.5    -3990.4     4463.5      0.0      0.0      0.0 2018  6 10  5  4 47.98 -Inf   1
3348  30.938299  110.764000     9.660     8626.4    -2661.7     3512.5      0.0      0.0      0.0 2018  6 10  5  6 47.34 -Inf   1
3414  30.926100  110.756798    10.930     8993.8    -4419.3     5127.3      0.0      0.0      0.0 2018  6 10  5  9 51.74 -Inf   1
3351  30.930599  110.767097    11.050     8922.7    -3515.4     4902.5      0.0      0.0      0.0 2018  6 10  5 10  3.95 -Inf   1
2949  30.934401  110.764702    10.230     9290.8    -3280.7     4253.5      0.0      0.0      0.0 2018  6 10  5 15 40.26 -Inf   1
2902  30.924400  110.770897     8.880     9465.0    -4131.8     2834.9      0.0      0.0      0.0 2018  6 10  5 16  3.95 -Inf   1
2951  30.928900  110.759697     9.910     8812.8    -3890.6     3933.5      0.0      0.0      0.0 2018  6 10  5 22 11.25 -Inf   1
3355  31.016800  110.455399     4.430   -20853.2     6041.6    -1717.5      0.0      0.0      0.0 2018  6 10  6 47 49.37 -Inf   1
2905  30.788500  110.919502     4.900    23682.5   -19198.9    -1145.1      0.0      0.0      0.0 2018  6 10  8 52 27.45 -Inf   1
2954  30.819799  111.150902     8.220    46221.5   -15986.4     2243.5      0.0      0.0      0.0 2018  6 10 10 26 18.41 -Inf   1
3423  30.826401  111.144402     5.710    46056.3   -15472.9      -92.7      0.0      0.0      0.0 2018  6 10 11  1 21.41 -Inf   1
3426  31.165300  110.317001     8.940   -32991.3    22100.6     3137.3      0.0      0.0      0.0 2018  6 10 19 58 22.40 -Inf   1
3428  31.162100  110.305702     1.000   -34070.3    21745.7    -4802.7      0.0      0.0      0.0 2018  6 10 21 33 41.82 -Inf   1
3429  30.841999  111.143303     7.850    45947.5   -13743.5     2047.3      0.0      0.0      0.0 2018  6 10 23  7 15.84 -Inf   1
2958  30.844101  111.131302     5.230    44342.0   -13292.1     -746.5      0.0      0.0      0.0 2018  6 11  0 47 30.63 -Inf   1
3431  30.849001  111.142700     5.800    45888.3   -12967.2       -2.7      0.0      0.0      0.0 2018  6 11  2 16 48.11 -Inf   1
3432  30.880400  110.906197     2.120    23275.6    -9486.1    -3682.7      0.0      0.0      0.0 2018  6 11  2 55 40.43 -Inf   1
3367  31.123100  110.033096     1.000   -61155.7    17827.0    -5147.5      0.0      0.0      0.0 2018  6 11  3  9  1.59 -Inf   1
3433  31.103201  110.046204     8.000   -58855.1    15215.7     2197.3      0.0      0.0      0.0 2018  6 11  3 40 23.64 -Inf   1
2915  30.778700  110.754700     9.620     7923.1   -20285.5     3574.9      0.0      0.0      0.0 2018  6 11  3 59 47.89 -Inf   1
2963  30.981400  110.122002     4.220   -52109.8     1930.0    -1756.5      0.0      0.0      0.0 2018  6 11  4 18 47.58 -Inf   1
2964  31.127300  110.804802    12.690    13109.4    18105.9     6713.5      0.0      0.0      0.0 2018  6 11  5 29  8.98 -Inf   1
2965  31.123899  110.801903    12.060    12832.9    17728.8     6083.5      0.0      0.0      0.0 2018  6 11  5 31 11.81 -Inf   1
3374  31.120899  110.799202    12.160    11978.7    17583.0     6012.5      0.0      0.0      0.0 2018  6 11  5 33 55.48 -Inf   1
2967  31.112101  110.812103    11.440    13807.5    16420.7     5463.5      0.0      0.0      0.0 2018  6 11  5 34 13.00 -Inf   1
2922  31.121000  110.798401    12.520    12081.0    17665.0     6474.9      0.0      0.0      0.0 2018  6 11  5 35 45.21 -Inf   1
2923  31.118299  110.803299    12.660    12548.7    17365.6     6614.9      0.0      0.0      0.0 2018  6 11  5 36  6.12 -Inf   1
2925  31.128300  110.799599    12.210    12194.8    18474.3     6164.9      0.0      0.0      0.0 2018  6 11  5 37 49.71 -Inf   1
3379  31.114500  110.798302    11.880    11893.2    16873.5     5732.5      0.0      0.0      0.0 2018  6 11  5 39 10.38 -Inf   1
3446  31.109800  110.794998    13.690    12632.1    15947.3     7887.3      0.0      0.0      0.0 2018  6 11  5 40 25.79 -Inf   1
3447  31.116899  110.799698    12.210    13080.3    16734.4     6407.3      0.0      0.0      0.0 2018  6 11  5 41  2.16 -Inf   1
2976  31.114100  110.810501    10.840    13654.4    16642.3     4863.5      0.0      0.0      0.0 2018  6 11  5 43  9.98 -Inf   1
3449  31.114901  110.798401    11.220    12956.6    16512.8     5417.3      0.0      0.0      0.0 2018  6 11  5 46 11.41 -Inf   1
3450  31.115299  110.801903    12.540    13290.9    16557.0     6737.3      0.0      0.0      0.0 2018  6 11  5 47 21.64 -Inf   1
3385  31.119699  110.795898    12.010    11663.4    17450.0     5862.5      0.0      0.0      0.0 2018  6 11  5 48 59.59 -Inf   1
3452  31.122601  110.797401    12.410    12860.7    17366.5     6607.3      0.0      0.0      0.0 2018  6 11  5 50 11.03 -Inf   1
3388  31.115400  110.799301    12.180    11988.5    16973.3     6032.5      0.0      0.0      0.0 2018  6 11  5 54 56.80 -Inf   1
2935  31.115200  110.800697    12.750    12300.6    17021.9     6704.9      0.0      0.0      0.0 2018  6 11  5 55 36.71 -Inf   1
3456  31.119200  110.792999    10.000    12440.7    16989.5     4197.3      0.0      0.0      0.0 2018  6 11  5 59 14.22 -Inf   1
3457  31.114300  110.797798    12.450    12899.1    16446.2     6647.3      0.0      0.0      0.0 2018  6 11  6  2  3.39 -Inf   1
2984  31.118900  110.797401    12.480    12403.5    17174.6     6503.5      0.0      0.0      0.0 2018  6 11  6  3 20.91 -Inf   1
2940  31.120199  110.798698    11.990    12109.4    17576.2     5944.9      0.0      0.0      0.0 2018  6 11  6 12  9.79 -Inf   1
3462  31.112900  110.794601    13.740    12594.0    16291.0     7937.3      0.0      0.0      0.0 2018  6 11  6 17  2.73 -Inf   1
3396  31.119101  110.797699    11.990    11835.3    17383.6     5842.5      0.0      0.0      0.0 2018  6 11  6 19  2.34 -Inf   1
3464  30.789301  110.476303     1.000   -17822.4   -19586.1    -4802.7      0.0      0.0      0.0 2018  6 11  6 20 25.55 -Inf   1
2944  31.081499  110.168503     1.230   -48061.3    13285.6    -4815.1      0.0      0.0      0.0 2018  6 11  6 21 40.72 -Inf   1
3398  31.117599  110.799103    12.240    11969.5    17217.1     6092.5      0.0      0.0      0.0 2018  6 11  6 28 10.71 -Inf   1
3466  30.847000  111.141602     6.050    45783.7   -13189.0      247.3      0.0      0.0      0.0 2018  6 11  6 33  1.16 -Inf   1
2948  31.118099  110.787003    10.540    10993.0    17343.4     4494.9      0.0      0.0      0.0 2018  6 11  7 16 37.43 -Inf   1
3470  31.124800  110.793999    10.310    12535.7    17610.3     4507.3      0.0      0.0      0.0 2018  6 11  7 24 40.48 -Inf   1
2950  31.116800  110.792603    10.060    11527.7    17199.4     4014.9      0.0      0.0      0.0 2018  6 11  7 29  5.61 -Inf   1
3473  31.108601  110.796402    13.430    12766.2    15814.3     7627.3      0.0      0.0      0.0 2018  6 11  7 43 49.37 -Inf   1
2998  31.118500  110.805099    12.540    13138.4    17130.2     6563.5      0.0      0.0      0.0 2018  6 11  7 47  5.74 -Inf   1
2999  31.119699  110.798897    11.900    12546.2    17263.2     5923.5      0.0      0.0      0.0 2018  6 11  7 53 37.00 -Inf   1
3000  31.117399  110.796600    12.660    12327.1    17008.2     6683.5      0.0      0.0      0.0 2018  6 11  7 58 31.24 -Inf   1
2955  31.110201  110.797600    10.620    12005.2    16467.7     4574.9      0.0      0.0      0.0 2018  6 11  7 59 10.18 -Inf   1
3412  30.840401  110.463402     1.000   -20107.1   -13515.6    -5147.5      0.0      0.0      0.0 2018  6 11  9 29 41.55 -Inf   1
3482  31.114300  110.793800     9.400    12517.5    16446.2     3597.3      0.0      0.0      0.0 2018  6 11  9 43 29.95 -Inf   1
3485  31.117500  110.801697    12.820    13271.1    16801.0     7017.3      0.0      0.0      0.0 2018  6 11 10 45 13.93 -Inf   1
3415  31.125401  110.801201    12.700    12169.3    18082.0     6552.5      0.0      0.0      0.0 2018  6 11 11 33 30.32 -Inf   1
3487  31.115601  110.793602     9.730    12498.5    16590.4     3927.3      0.0      0.0      0.0 2018  6 11 11 38 59.22 -Inf   1
3488  30.691799  110.928299     8.730    25412.9   -30396.0     2927.3      0.0      0.0      0.0 2018  6 11 13 16  3.81 -Inf   1
3490  30.840599  110.815399     5.040    14600.1   -13898.7     -762.7      0.0      0.0      0.0 2018  6 11 15 51 46.99 -Inf   1
3010  31.113600  110.800499    11.930    12699.5    16586.9     5953.5      0.0      0.0      0.0 2018  6 11 18 13 25.54 -Inf   1
3493  31.187599  110.293999     1.000   -35182.6    24572.8    -4802.7      0.0      0.0      0.0 2018  6 11 21 22  9.84 -Inf   1
3494  31.037701  110.459702     3.950   -19384.9     7953.7    -1852.7      0.0      0.0      0.0 2018  6 11 21 51 53.30 -Inf   1
2967  31.115200  110.792801     8.940    11546.7    17021.9     2894.9      0.0      0.0      0.0 2018  6 11 22 54 51.92 -Inf   1
2968  30.855101  111.131599     6.250    43949.9   -11815.0      204.9      0.0      0.0      0.0 2018  6 11 23 20 33.28 -Inf   1
3497  30.847799  111.143204     6.730    45936.7   -13100.4      927.3      0.0      0.0      0.0 2018  6 12  1 57 59.82 -Inf   1
2970  30.850901  111.141403     7.970    44888.1   -12280.6     1924.9      0.0      0.0      0.0 2018  6 12  1 58 58.66 -Inf   1
3499  30.798201  111.081802     1.000    40077.2   -18599.4    -4802.7      0.0      0.0      0.0 2018  6 12  2  4 56.42 -Inf   1
2971  31.144501  110.353203     7.670   -30415.6    20270.5     1624.9      0.0      0.0      0.0 2018  6 12  2 27 40.33 -Inf   1
3431  30.950500  111.238197     4.780    53934.4    -1308.9    -1367.5      0.0      0.0      0.0 2018  6 12  3  9 39.82 -Inf   1
3432  30.872499  110.900703     1.870    21696.3    -9956.8    -4277.5      0.0      0.0      0.0 2018  6 12  3 31 48.43 -Inf   1
3502  30.938900  110.700798     8.500     3642.3    -3000.2     2697.3      0.0      0.0      0.0 2018  6 12  3 41  6.61 -Inf   1
3434  30.882200  110.405403     4.800   -25646.4    -8881.3    -1347.5      0.0      0.0      0.0 2018  6 12  4 51 42.98 -Inf   1
3435  30.770599  111.179901    10.000    48409.4   -21254.4     3852.5      0.0      0.0      0.0 2018  6 12  5 22 54.97 -Inf   1
3024  30.752001  111.203499     2.000    51268.4   -23503.2    -3976.5      0.0      0.0      0.0 2018  6 12  5 36 31.47 -Inf   1
2980  30.732201  111.207199     6.000    51209.4   -25440.8      -45.1      0.0      0.0      0.0 2018  6 12  5 41 57.74 -Inf   1
3509  30.978600  110.470497     1.000   -18359.6     1401.3    -4802.7      0.0      0.0      0.0 2018  6 12  6 14 16.45 -Inf   1
3510  30.853300  111.135300     6.560    45179.8   -12490.6      757.3      0.0      0.0      0.0 2018  6 12  8 34 51.41 -Inf   1
3511  30.848200  111.130402     5.940    44712.7   -13056.0      137.3      0.0      0.0      0.0 2018  6 12  8 44 34.31 -Inf   1
3441  31.140200  110.017998     4.000   -62591.4    19722.8    -2147.5      0.0      0.0      0.0 2018  6 12  8 54 12.42 -Inf   1
3442  30.974199  110.374397     1.000   -28596.4     1318.5    -5147.5      0.0      0.0      0.0 2018  6 12  8 57 43.31 -Inf   1
3030  31.032499  110.438202     5.380   -21896.8     7595.4     -596.5      0.0      0.0      0.0 2018  6 12  9 53 34.87 -Inf   1
3516  31.155399  110.324303     2.120   -32296.2    21002.9    -3682.7      0.0      0.0      0.0 2018  6 12 18 39 48.00 -Inf   1
3032  30.849899  111.138397     5.880    45018.9   -12649.3      -96.5      0.0      0.0      0.0 2018  6 12 22 58 10.14 -Inf   1
3033  30.856899  111.129898     6.450    44204.8   -11873.2      473.5      0.0      0.0      0.0 2018  6 12 23 31 24.88 -Inf   1
3522  30.872801  111.128403     8.420    44516.0   -10328.5     2617.3      0.0      0.0      0.0 2018  6 13  1 33 37.60 -Inf   1
3037  30.857599  110.944199     5.140    26453.1   -11795.6     -836.5      0.0      0.0      0.0 2018  6 13  4 15 30.55 -Inf   1
2993  30.844999  111.137398     6.050    44506.5   -12934.9        4.9      0.0      0.0      0.0 2018  6 13  4 20 30.43 -Inf   1
3527  31.217800  110.067802     1.000   -56759.2    27921.2    -4802.7      0.0      0.0      0.0 2018  6 13  5 48 36.70 -Inf   1
3454  30.857201  111.144997     6.560    45051.0   -11653.0      412.5      0.0      0.0      0.0 2018  6 13  7 14 28.81 -Inf   1
3530  30.949800  110.339500     7.140   -30878.6    -1791.7     1337.3      0.0      0.0      0.0 2018  6 13  7 53  8.61 -Inf   1
3042  30.853201  111.128502     5.740    44072.2   -12283.2     -236.5      0.0      0.0      0.0 2018  6 13  8 33  4.25 -Inf   1
3532  30.857201  111.136002     6.070    45246.0   -12058.1      267.3      0.0      0.0      0.0 2018  6 13  9 36 22.94 -Inf   1
3458  31.249201  110.803497     7.680    12380.5    31807.6     1532.5      0.0      0.0      0.0 2018  6 13 10  5 21.92 -Inf   1
3460  31.034800  110.457298     4.770   -20669.8     8037.2    -1377.5      0.0      0.0      0.0 2018  6 13 13 56 46.74 -Inf   1
3535  30.753099  110.813698    17.600    14444.0   -23599.7    11797.3      0.0      0.0      0.0 2018  6 13 18 18 12.84 -Inf   1
3047  30.784800  110.759003    13.410     8753.0   -19866.8     7433.5      0.0      0.0      0.0 2018  6 13 20 46 22.68 -Inf   1
3539  30.847799  110.473503     1.000   -18084.6   -13100.4    -4802.7      0.0      0.0      0.0 2018  6 13 23 20 58.38 -Inf   1
3050  30.851900  111.141098     6.540    45276.7   -12427.4      563.5      0.0      0.0      0.0 2018  6 14  0 28 35.47 -Inf   1
3541  30.855400  111.143799     6.900    45991.8   -12257.7     1097.3      0.0      0.0      0.0 2018  6 14  0 59 13.25 -Inf   1
3005  30.844700  111.137299     5.870    44497.1   -12968.1     -175.1      0.0      0.0      0.0 2018  6 14  2  1  4.23 -Inf   1
3543  30.843300  111.141800     6.240    45803.5   -13599.3      437.3      0.0      0.0      0.0 2018  6 14  2  4 29.17 -Inf   1
3473  30.899099  110.728897     6.260     5273.2    -7007.7      112.5      0.0      0.0      0.0 2018  6 14  3 46 15.18 -Inf   1
3550  30.868900  111.219299     1.200    53205.4   -10761.0    -4602.7      0.0      0.0      0.0 2018  6 14  8  4  0.73 -Inf   1
3012  30.849501  111.138000     5.700    44563.1   -12435.9     -345.1      0.0      0.0      0.0 2018  6 14  8 19 28.46 -Inf   1
3479  31.142900  110.042503     6.000   -60251.4    20022.2     -147.5      0.0      0.0      0.0 2018  6 14 10 17 10.06 -Inf   1
3552  30.889400  111.148598     7.030    46442.3    -8488.1     1227.3      0.0      0.0      0.0 2018  6 14 12 28 54.66 -Inf   1
3482  30.948700  111.185699     0.270    48918.8    -1508.6    -5877.5      0.0      0.0      0.0 2018  6 14 19 53  1.38 -Inf   1
3061  30.861200  111.130501     6.430    44261.5   -11396.3      453.5      0.0      0.0      0.0 2018  6 14 23  7 48.20 -Inf   1
3555  30.861300  111.138199     6.620    45455.1   -11603.7      817.3      0.0      0.0      0.0 2018  6 15  2  0  2.90 -Inf   1
3556  30.851900  111.130096     6.160    44682.7   -12645.8      357.3      0.0      0.0      0.0 2018  6 15  2 29 28.96 -Inf   1
3557  30.986401  110.379204     1.000   -27079.9     2266.2    -4802.7      0.0      0.0      0.0 2018  6 15  4 22 18.96 -Inf   1
3021  31.185400  110.366096     5.640   -29178.6    24804.9     -405.1      0.0      0.0      0.0 2018  6 15  4 26 14.80 -Inf   1
3559  30.851200  111.135902     5.830    45237.9   -12723.4       27.3      0.0      0.0      0.0 2018  6 15  5  5 20.61 -Inf   1
3492  30.969700  110.333603     1.270   -32494.5      819.7    -4877.5      0.0      0.0      0.0 2018  6 15  5 47 20.12 -Inf   1
3493  31.137600  110.045303     8.000   -59985.8    19434.6     1852.5      0.0      0.0      0.0 2018  6 15  6 54 58.22 -Inf   1
3494  30.856100  111.140503     5.150    44621.7   -11775.0     -997.5      0.0      0.0      0.0 2018  6 15  7 21 15.06 -Inf   1
3562  30.808399  111.254898     5.780    56625.9   -17468.7      -22.7      0.0      0.0      0.0 2018  6 15  8 41 29.80 -Inf   1
3027  30.846701  111.138603     5.540    44621.4   -12746.3     -505.1      0.0      0.0      0.0 2018  6 15  9 56 33.10 -Inf   1
3498  30.856300  110.945297     1.330    25961.1   -11752.8    -4817.5      0.0      0.0      0.0 2018  6 15 10  6 32.17 -Inf   1
3566  31.082001  110.184196     1.820   -45685.9    12865.2    -3982.7      0.0      0.0      0.0 2018  6 15 11 15 50.42 -Inf   1
3567  31.111601  110.758698     9.920     9166.5    16147.0     4117.3      0.0      0.0      0.0 2018  6 15 12 33 10.85 -Inf   1
3031  31.049000  110.193398     5.430   -45692.0     9682.4     -615.1      0.0      0.0      0.0 2018  6 15 22 53 14.28 -Inf   1
3032  30.854099  111.138901     5.980    44648.1   -11926.0      -65.1      0.0      0.0      0.0 2018  6 15 23 19 59.84 -Inf   1
3079  30.850100  111.139900     6.600    45162.6   -12627.1      623.5      0.0      0.0      0.0 2018  6 15 23 20 58.66 -Inf   1
3508  30.862101  111.126900     4.400    43320.0   -11109.7    -1747.5      0.0      0.0      0.0 2018  6 16  0  6 59.43 -Inf   1
3575  30.982800  110.361702     3.820   -28752.4     1866.9    -1982.7      0.0      0.0      0.0 2018  6 16  2 17 39.83 -Inf   1
3037  31.108900  110.080399     9.600   -56465.8    16323.5     3554.9      0.0      0.0      0.0 2018  6 16  2 29 51.15 -Inf   1
3038  30.854601  111.132301     5.900    44017.1   -11870.4     -145.1      0.0      0.0      0.0 2018  6 16  2 40 16.79 -Inf   1
3578  30.728399  110.933601    10.710    25915.3   -26338.2     4907.3      0.0      0.0      0.0 2018  6 16  3 27  2.36 -Inf   1
3039  30.764500  110.972298     4.580    28734.8   -21859.8    -1465.1      0.0      0.0      0.0 2018  6 16  3 40 47.98 -Inf   1
3514  31.125299  110.021301     8.000   -62280.9    18070.8     1852.5      0.0      0.0      0.0 2018  6 16  3 43 59.98 -Inf   1
3040  31.134001  110.062698     1.000   -58148.0    19106.4    -5045.1      0.0      0.0      0.0 2018  6 16  3 44  0.08 -Inf   1
3515  30.900499  110.733498     1.000     5712.9    -6852.5    -5147.5      0.0      0.0      0.0 2018  6 16  3 54 53.98 -Inf   1
3517  31.019600  110.563103     5.990   -10565.7     6352.0     -157.5      0.0      0.0      0.0 2018  6 16  5 13 11.69 -Inf   1
3518  30.928301  110.309402    12.880   -34814.0    -3770.2     6732.5      0.0      0.0      0.0 2018  6 16  5 55 37.33 -Inf   1
3519  30.747400  110.908798     6.770    22484.6   -23826.4      622.5      0.0      0.0      0.0 2018  6 16  8 27 21.73 -Inf   1
3520  31.077700  110.371101     7.400   -28895.7    12793.5     1252.5      0.0      0.0      0.0 2018  6 16  8 31 33.34 -Inf   1
3585  30.852400  111.136002     6.480    45247.1   -12590.4      677.3      0.0      0.0      0.0 2018  6 16  8 56  6.76 -Inf   1
3586  30.853201  111.134499     5.850    45103.2   -12501.6       47.3      0.0      0.0      0.0 2018  6 16  9 11 21.23 -Inf   1
3587  31.070900  110.366402    11.680   -28290.5    11634.5     5877.3      0.0      0.0      0.0 2018  6 16  9 28 17.62 -Inf   1
3524  31.131901  110.038300     6.000   -60656.2    18802.7     -147.5      0.0      0.0      0.0 2018  6 16  9 45 56.21 -Inf   1
3096  31.154100  110.447899     4.030   -20957.4    21077.2    -1946.5      0.0      0.0      0.0 2018  6 16 10 11  5.29 -Inf   1
3527  31.152599  110.456497     5.460   -20733.6    21097.5     -687.5      0.0      0.0      0.0 2018  6 16 11 20 10.62 -Inf   1
3593  31.113300  110.788696     8.910    12030.3    16335.4     3107.3      0.0      0.0      0.0 2018  6 16 11 33 58.36 -Inf   1
3594  31.136801  110.803802    13.130    13470.8    18940.9     7327.3      0.0      0.0      0.0 2018  6 16 11 56 17.95 -Inf   1
3056  31.147499  110.458900    11.220   -20326.2    20602.9     5174.9      0.0      0.0      0.0 2018  6 16 12 58 14.77 -Inf   1
3100  31.159201  110.450897     4.590   -20670.7    21642.7    -1386.5      0.0      0.0      0.0 2018  6 16 13 43 27.19 -Inf   1
3597  30.779400  110.763901    11.460     9679.9   -20683.8     5657.3      0.0      0.0      0.0 2018  6 16 14 46 36.89 -Inf   1
3059  31.151100  110.445503     4.330   -21604.6    21002.1    -1715.1      0.0      0.0      0.0 2018  6 16 17 24 39.38 -Inf   1
3060  31.160000  110.301399     7.930   -35357.5    21988.8     1884.9      0.0      0.0      0.0 2018  6 16 20 10 36.00 -Inf   1
3105  30.855700  111.133904     5.490    44588.0   -12006.2     -486.5      0.0      0.0      0.0 2018  6 16 23 11 49.72 -Inf   1
3603  30.840099  111.144897     6.570    46100.4   -13954.1      767.3      0.0      0.0      0.0 2018  6 16 23 12 25.66 -Inf   1
3108  30.830400  111.164200     6.040    47490.4   -14811.1       63.5      0.0      0.0      0.0 2018  6 16 23 16  0.40 -Inf   1
3541  30.855400  111.252602     9.460    55338.0   -11852.6     3312.5      0.0      0.0      0.0 2018  6 17  1 29 44.58 -Inf   1
3544  31.132700  110.866699     6.970    18421.1    18891.3      822.5      0.0      0.0      0.0 2018  6 17  2  9  8.38 -Inf   1
3608  30.854200  111.136299     5.720    45275.1   -12390.8      -82.7      0.0      0.0      0.0 2018  6 17  2 50  2.31 -Inf   1
3611  31.158199  110.814499     8.070    14490.2    21313.3     2267.3      0.0      0.0      0.0 2018  6 17  3 29  5.15 -Inf   1
3070  31.052601  110.435898     6.860   -22532.9    10081.6      814.9      0.0      0.0      0.0 2018  6 17  3 56  5.30 -Inf   1
3547  30.833900  111.250000     6.700    55095.4   -14236.3      552.5      0.0      0.0      0.0 2018  6 17  6 29 12.05 -Inf   1
3548  30.783800  110.765900    11.220     8815.0   -19790.8     5072.5      0.0      0.0      0.0 2018  6 17  6 33 40.40 -Inf   1
3073  30.810499  110.927399     4.310    24434.9   -16759.9    -1735.1      0.0      0.0      0.0 2018  6 17  7 56 48.33 -Inf   1
3554  30.844200  111.135597     5.920    44155.5   -13094.3     -227.5      0.0      0.0      0.0 2018  6 17  8 50 54.25 -Inf   1
3620  30.779100  110.768501    14.860    10119.9   -20717.0     9057.3      0.0      0.0      0.0 2018  6 17 10 23 21.95 -Inf   1
3621  30.963301  109.968903    10.000   -66283.2     -294.9     4197.3      0.0      0.0      0.0 2018  6 17 10 24 42.30 -Inf   1
3622  30.778601  110.761597    10.160     9459.6   -20772.4     4357.3      0.0      0.0      0.0 2018  6 17 10 33 29.96 -Inf   1
3123  30.970200  109.981400    10.000   -65545.6      688.3     4023.5      0.0      0.0      0.0 2018  6 17 11 39  3.80 -Inf   1
3125  30.779200  110.764603    11.240     9288.7   -20487.7     5263.5      0.0      0.0      0.0 2018  6 17 13 33  6.60 -Inf   1
3627  30.883900  111.144501     5.850    46052.1    -9098.0       47.3      0.0      0.0      0.0 2018  6 17 21 16 31.76 -Inf   1
3628  30.861200  111.128799     6.370    44556.6   -11614.7      567.3      0.0      0.0      0.0 2018  6 17 23  5 19.92 -Inf   1
3128  30.855400  111.131401     6.200    44348.9   -12039.4      223.5      0.0      0.0      0.0 2018  6 17 23  6 19.70 -Inf   1
3564  30.780100  110.759399     8.760     8193.5   -20201.1     2612.5      0.0      0.0      0.0 2018  6 18  0  4 58.83 -Inf   1
3130  30.858000  111.239899     5.470    54719.9   -11751.2     -506.5      0.0      0.0      0.0 2018  6 18  1 53  4.13 -Inf   1
3632  30.841900  111.144096     5.530    46023.4   -13754.5     -272.7      0.0      0.0      0.0 2018  6 18  3  6 59.00 -Inf   1
3633  30.851801  111.132202     5.880    44884.0   -12656.8       77.3      0.0      0.0      0.0 2018  6 18  3  7 36.58 -Inf   1
3133  31.009800  110.367996     4.680   -28605.3     5078.8    -1296.5      0.0      0.0      0.0 2018  6 18  3 18  4.96 -Inf   1
3088  30.850401  111.141899     6.210    44935.6   -12336.0      164.9      0.0      0.0      0.0 2018  6 18  4  4 21.83 -Inf   1
3135  30.854500  111.133400     5.850    44540.2   -12139.2     -126.5      0.0      0.0      0.0 2018  6 18  5 21  6.19 -Inf   1
3638  30.841000  111.154297     7.130    46998.8   -13854.3     1327.3      0.0      0.0      0.0 2018  6 18  7 54  4.75 -Inf   1
3137  30.849701  111.138901     5.610    45067.1   -12671.2     -366.5      0.0      0.0      0.0 2018  6 18  8  7 29.84 -Inf   1
3640  31.105600  110.080399     1.000   -55589.8    15481.7    -4802.7      0.0      0.0      0.0 2018  6 18 10  0 48.59 -Inf   1
3139  31.122299  110.135201     1.000   -50811.7    17551.4    -4976.5      0.0      0.0      0.0 2018  6 18 21 52 57.56 -Inf   1
3573  30.955000  110.467102     6.670   -19741.7     -810.1      522.5      0.0      0.0      0.0 2018  6 18 22 34 56.04 -Inf   1
3642  30.843901  111.151497     7.070    46730.4   -13532.7     1267.3      0.0      0.0      0.0 2018  6 18 22 54  3.06 -Inf   1
3142  30.844801  111.143402     6.250    45498.6   -13214.5      273.5      0.0      0.0      0.0 2018  6 18 23  8 39.14 -Inf   1
3644  30.849001  111.142097     7.240    45830.6   -12967.2     1437.3      0.0      0.0      0.0 2018  6 18 23 10  2.48 -Inf   1
3645  30.833300  111.150597     6.310    46646.9   -14708.0      507.3      0.0      0.0      0.0 2018  6 19  1 42 53.72 -Inf   1
3646  30.856300  111.132599     6.890    44920.9   -12157.9     1087.3      0.0      0.0      0.0 2018  6 19  6  6 10.91 -Inf   1
3647  30.849300  111.140198     6.800    45649.0   -12934.0      997.3      0.0      0.0      0.0 2018  6 19  8 14 17.35 -Inf   1
3648  30.850100  111.133904     5.860    45047.1   -12845.4       57.3      0.0      0.0      0.0 2018  6 19 10  7 38.87 -Inf   1
3581  31.082500  110.369003     3.040   -29095.3    13325.7    -3107.5      0.0      0.0      0.0 2018  6 19 13 30 57.95 -Inf   1
3104  30.941401  110.657898     8.130    -1333.2    -2247.0     2084.9      0.0      0.0      0.0 2018  6 19 16 41 20.20 -Inf   1
3585  31.031700  110.437698    11.560   -22542.1     7693.6     5412.5      0.0      0.0      0.0 2018  6 19 19 52 34.52 -Inf   1
3654  30.836599  111.154099     6.820    46980.9   -14342.2     1017.3      0.0      0.0      0.0 2018  6 20  0 24 42.39 -Inf   1
3152  30.842400  111.139198     5.780    45097.3   -13480.7     -196.5      0.0      0.0      0.0 2018  6 20  1 17 55.36 -Inf   1
3153  30.855301  111.130501     5.620    44262.8   -12050.4     -356.5      0.0      0.0      0.0 2018  6 20  1 18 34.38 -Inf   1
3155  30.853901  111.137703     6.080    44951.6   -12205.6      103.5      0.0      0.0      0.0 2018  6 20  3 26 55.88 -Inf   1
3659  31.015400  110.536003     1.000   -12099.3     5481.3    -4802.7      0.0      0.0      0.0 2018  6 20  3 51 45.29 -Inf   1
3157  30.787001  110.962601     9.720    28222.5   -19622.8     3743.5      0.0      0.0      0.0 2018  6 20  4  4 21.97 -Inf   1
3661  30.999800  111.245598    11.730    55681.4     3751.7     5927.3      0.0      0.0      0.0 2018  6 20  4 13 47.17 -Inf   1
3160  30.801300  110.936401     4.160    25715.2   -18037.4    -1816.5      0.0      0.0      0.0 2018  6 20  6 47 41.24 -Inf   1
3664  31.070999  110.210403     9.720   -43186.1    11645.5     3917.3      0.0      0.0      0.0 2018  6 20  9  6 34.99 -Inf   1
3665  30.888300  111.148300     6.980    46414.2    -8610.2     1177.3      0.0      0.0      0.0 2018  6 20  9  7 47.26 -Inf   1
3116  30.856300  110.379700     2.160   -27928.1   -11682.0    -3885.1      0.0      0.0      0.0 2018  6 20  9 20 36.86 -Inf   1
3594  30.850401  110.374603     0.880   -28595.0   -12406.9    -5267.5      0.0      0.0      0.0 2018  6 20  9 24 46.22 -Inf   1
3164  30.783300  111.163002     5.840    47387.4   -20033.0     -136.5      0.0      0.0      0.0 2018  6 20  9 25 54.29 -Inf   1
3670  30.867001  111.127098     6.120    44392.6   -10971.6      317.3      0.0      0.0      0.0 2018  6 20 10  6 58.51 -Inf   1
3597  30.979200  110.387398     2.010   -27353.6     1873.0    -4137.5      0.0      0.0      0.0 2018  6 20 10 20  6.02 -Inf   1
3169  31.067400  110.221901     4.210   -42547.2    11464.8    -1766.5      0.0      0.0      0.0 2018  6 20 14 58 21.71 -Inf   1
3170  30.856300  111.130302     5.360    44243.6   -11939.6     -616.5      0.0      0.0      0.0 2018  6 20 23 12 33.38 -Inf   1
3675  30.859400  111.130402     6.370    44710.2   -11814.3      567.3      0.0      0.0      0.0 2018  6 20 23 13 48.16 -Inf   1
3602  30.851200  111.139000     7.040    44479.2   -12318.3      892.5      0.0      0.0      0.0 2018  6 20 23 15  9.24 -Inf   1
3603  30.871401  111.091698     5.420    39953.0   -10078.6     -727.5      0.0      0.0      0.0 2018  6 21  2 22 31.55 -Inf   1
3678  30.773001  111.130402     7.830    44730.1   -21393.3     2027.3      0.0      0.0      0.0 2018  6 21  3  4 53.79 -Inf   1
3679  30.848301  111.146103     6.510    46213.7   -13044.8      707.3      0.0      0.0      0.0 2018  6 21  4  5 13.18 -Inf   1
3128  30.763599  110.983498     6.230    29806.1   -21959.6      184.9      0.0      0.0      0.0 2018  6 21  4  9 28.56 -Inf   1
3178  31.005501  110.130600     9.080   -51282.0     4602.1     3103.5      0.0      0.0      0.0 2018  6 21  4 33  9.91 -Inf   1
3179  30.856899  111.130203     6.380    44234.0   -11873.2      403.5      0.0      0.0      0.0 2018  6 21  5  1  2.55 -Inf   1
3610  31.088800  110.021400     1.000   -62283.3    14024.2    -5147.5      0.0      0.0      0.0 2018  6 21  5 35 57.27 -Inf   1
3612  30.937000  111.154701     1.000    45959.8    -2805.7    -5147.5      0.0      0.0      0.0 2018  6 21  9 56 34.12 -Inf   1
3131  30.976200  110.724800    10.550     5058.6     1611.2     4504.9      0.0      0.0      0.0 2018  6 21 10 34 59.75 -Inf   1
3181  30.971001  110.726097     8.800     5600.8      777.1     2823.5      0.0      0.0      0.0 2018  6 21 10 35  0.05 -Inf   1
3132  31.044399  110.472099     5.390   -19076.6     9172.3     -655.1      0.0      0.0      0.0 2018  6 21 12  3  3.33 -Inf   1
3133  31.127300  110.112701     7.780   -53376.7    18363.5     1734.9      0.0      0.0      0.0 2018  6 21 17 39 22.28 -Inf   1
3687  31.096100  110.092499     1.000   -54437.3    14428.4    -4802.7      0.0      0.0      0.0 2018  6 21 19 11 44.52 -Inf   1
3134  30.853399  111.131699     6.080    43959.8   -12003.6       34.9      0.0      0.0      0.0 2018  6 21 22 49 20.40 -Inf   1
3690  30.848301  111.141296     6.550    45754.2   -13044.8      747.3      0.0      0.0      0.0 2018  6 21 23  9 20.26 -Inf   1
3186  30.869699  110.948097     4.720    26824.1   -10454.0    -1256.5      0.0      0.0      0.0 2018  6 22  4  9  2.28 -Inf   1
3187  30.765900  110.771698     9.960     9968.0   -21962.2     3983.5      0.0      0.0      0.0 2018  6 22  4 51 50.37 -Inf   1
3188  30.846500  111.138100     6.120    44991.3   -13026.1      143.5      0.0      0.0      0.0 2018  6 22  7 18 21.36 -Inf   1
3139  31.021099  110.474998     1.450   -18802.0     6589.1    -4595.1      0.0      0.0      0.0 2018  6 22  9 47 46.15 -Inf   1
3697  30.858801  111.128799     6.020    44557.1   -11880.7      217.3      0.0      0.0      0.0 2018  6 22 10  4 46.54 -Inf   1
3190  30.802000  110.771599     8.160     9956.6   -17959.8     2183.5      0.0      0.0      0.0 2018  6 22 12 10 41.63 -Inf   1
3624  31.125500  110.132004     4.770   -51713.1    18093.0    -1377.5      0.0      0.0      0.0 2018  6 22 19 19 41.38 -Inf   1
3625  31.136499  110.113800    10.740   -53447.8    19312.5     4592.5      0.0      0.0      0.0 2018  6 22 19 21 54.80 -Inf   1
3702  31.143000  110.176399     1.000   -46415.7    19628.1    -4802.7      0.0      0.0      0.0 2018  6 22 21 32 58.44 -Inf   1
3703  30.860399  111.139297     7.680    45560.3   -11703.5     1877.3      0.0      0.0      0.0 2018  6 22 23 10 50.58 -Inf   1
3704  30.856501  111.128197     6.070    44500.1   -12135.7      267.3      0.0      0.0      0.0 2018  6 22 23 27 47.12 -Inf   1
3705  30.846100  111.136002     5.890    45248.6   -13288.8       87.3      0.0      0.0      0.0 2018  6 23  1 55 33.97 -Inf   1
3706  31.142000  110.809402    12.350    14004.9    19517.3     6547.3      0.0      0.0      0.0 2018  6 23  2 28  3.38 -Inf   1
3150  31.172501  110.369598     4.600   -28846.4    23374.8    -1445.1      0.0      0.0      0.0 2018  6 23  2 41 35.78 -Inf   1
3200  31.011299  110.393600     6.230   -26159.4     5245.0      253.5      0.0      0.0      0.0 2018  6 23  2 49 28.41 -Inf   1
3201  30.844601  111.142197     6.590    45383.4   -13236.7      613.5      0.0      0.0      0.0 2018  6 23  3 11 57.11 -Inf   1
3710  30.966200  110.388496     1.000   -26194.9       26.5    -4802.7      0.0      0.0      0.0 2018  6 23  3 18 26.69 -Inf   1
3203  30.859301  110.396301     2.000   -25921.8   -11606.9    -3976.5      0.0      0.0      0.0 2018  6 23  3 31  4.52 -Inf   1
3712  31.104799  110.807503     1.000    13826.3    15392.9    -4802.7      0.0      0.0      0.0 2018  6 23  5 27 21.50 -Inf   1
3205  30.860701  111.132698     5.900    44471.6   -11451.7      -76.5      0.0      0.0      0.0 2018  6 23  6 23 16.30 -Inf   1
3715  31.042700  110.120102     8.270   -51816.3     8508.0     2467.3      0.0      0.0      0.0 2018  6 23  8  4  2.08 -Inf   1
3158  31.109400  110.628601    10.760    -4129.0    16378.9     4714.9      0.0      0.0      0.0 2018  6 23  8  8 12.21 -Inf   1
3717  30.840000  111.146599     3.830    46263.1   -13965.1    -1972.7      0.0      0.0      0.0 2018  6 23  9 14 40.24 -Inf   1
3211  30.842300  111.139198     6.340    45097.3   -13491.7      363.5      0.0      0.0      0.0 2018  6 23 10  1 12.68 -Inf   1
3212  31.145300  110.053200     6.000   -58632.6    20101.5       23.5      0.0      0.0      0.0 2018  6 23 10 45  1.82 -Inf   1
3720  30.849501  111.142799     5.580    45897.6   -12911.8     -222.7      0.0      0.0      0.0 2018  6 23 23 21 41.88 -Inf   1
3722  30.845600  111.136200     5.790    45267.7   -13344.2      -12.7      0.0      0.0      0.0 2018  6 24  1 22 13.02 -Inf   1
3724  30.841600  111.143097     6.350    45927.9   -13787.7      547.3      0.0      0.0      0.0 2018  6 24  2 52  1.51 -Inf   1
3726  30.910000  110.725403     4.160     5994.3    -6204.3    -1642.7      0.0      0.0      0.0 2018  6 24  3 51 18.98 -Inf   1
3648  30.842501  110.208199     1.000   -44504.7   -13282.8    -5147.5      0.0      0.0      0.0 2018  6 24  4 37 53.26 -Inf   1
3168  30.852900  111.139397     6.740    44695.8   -12059.0      694.9      0.0      0.0      0.0 2018  6 24  6 41 22.53 -Inf   1
3650  31.144300  110.054703    14.000   -59086.5    20177.4     7852.5      0.0      0.0      0.0 2018  6 24  7 49 32.06 -Inf   1
3221  30.846100  111.136002     6.650    44790.8   -13070.5      673.5      0.0      0.0      0.0 2018  6 24  8  9 50.50 -Inf   1
3652  30.924700  110.793297     5.830    11426.6    -4169.4     -317.5      0.0      0.0      0.0 2018  6 24  9 26 36.21 -Inf   1
3732  31.128799  110.043900     1.000   -59067.2    18053.8    -4802.7      0.0      0.0      0.0 2018  6 24  9 41  6.75 -Inf   1
3654  30.984900  110.378799     2.000   -28174.2     2504.8    -4147.5      0.0      0.0      0.0 2018  6 24 10 21 59.31 -Inf   1
3655  30.851500  111.135803     5.890    44173.5   -12285.1     -257.5      0.0      0.0      0.0 2018  6 24 10 30 40.08 -Inf   1
3735  30.853901  111.134003     6.850    45055.7   -12424.0     1047.3      0.0      0.0      0.0 2018  6 24 10 45 40.62 -Inf   1
3657  30.922300  110.754601     7.400     7728.9    -4435.5     1252.5      0.0      0.0      0.0 2018  6 24 12 14 40.26 -Inf   1
3658  31.148701  110.363403     5.570   -29619.8    20665.3     -577.5      0.0      0.0      0.0 2018  6 24 17 48 56.76 -Inf   1
3659  31.156300  110.310402     3.300   -34677.4    21507.8    -2847.5      0.0      0.0      0.0 2018  6 24 21 40 37.84 -Inf   1
3176  30.983601  109.965599     8.000   -67469.5     2431.7     1954.9      0.0      0.0      0.0 2018  6 24 22 32 35.44 -Inf   1
3177  30.849701  111.135002     6.260    44276.4   -12413.7      214.9      0.0      0.0      0.0 2018  6 24 23 15 58.30 -Inf   1
3231  30.847200  111.138496     7.110    45029.1   -12948.5     1133.5      0.0      0.0      0.0 2018  6 25  0  5 31.71 -Inf   1
3744  31.014500  110.658501     3.480     -399.1     5381.5    -2322.7      0.0      0.0      0.0 2018  6 25  5  1 33.10 -Inf   1
3745  30.857800  110.941902     2.420    26691.5   -11991.7    -3382.7      0.0      0.0      0.0 2018  6 25  5 10 57.28 -Inf   1
3182  30.855000  111.135696     6.380    44341.6   -11826.2      334.9      0.0      0.0      0.0 2018  6 25  7  1  9.16 -Inf   1
3183  31.189800  110.378799     4.040   -27965.7    25292.8    -2005.1      0.0      0.0      0.0 2018  6 25  8 13 34.03 -Inf   1
3665  30.851101  111.133904     6.830    43992.0   -12329.3      682.5      0.0      0.0      0.0 2018  6 25  8 53 51.64 -Inf   1
3666  31.061300  110.448601     5.010   -21497.5    10975.3    -1137.5      0.0      0.0      0.0 2018  6 25 19 49  1.04 -Inf   1
3751  30.842400  111.143700     6.490    45985.4   -13699.1      687.3      0.0      0.0      0.0 2018  6 25 23 29 10.56 -Inf   1
3238  30.851700  111.131599     6.000    44368.7   -12449.6       23.5      0.0      0.0      0.0 2018  6 26  0 32 36.94 -Inf   1
3753  30.854799  111.134598     6.200    45112.3   -12324.3      397.3      0.0      0.0      0.0 2018  6 26  1 27  4.87 -Inf   1
3754  30.779400  111.163696     1.970    47912.6   -20683.8    -3832.7      0.0      0.0      0.0 2018  6 26  2 14 25.12 -Inf   1
3755  30.748199  111.101799     1.000    42000.1   -24143.0    -4802.7      0.0      0.0      0.0 2018  6 26  2 16 57.87 -Inf   1
3756  30.862400  110.956398     0.950    28076.5   -11481.7    -4852.7      0.0      0.0      0.0 2018  6 26  3  7 43.73 -Inf   1
3243  30.982800  109.965698     8.000   -67041.2     2085.2     2023.5      0.0      0.0      0.0 2018  6 26  4  4 38.03 -Inf   1
3192  30.720600  110.927002     4.800    24408.3   -26726.9    -1245.1      0.0      0.0      0.0 2018  6 26  4 26 25.31 -Inf   1
3675  31.002399  110.974197     5.130    28702.0     4445.0    -1017.5      0.0      0.0      0.0 2018  6 26  5 43 34.92 -Inf   1
3759  30.976000  110.380203     1.000   -26985.9     1113.0    -4802.7      0.0      0.0      0.0 2018  6 26  5 57 49.35 -Inf   1
3760  30.851101  110.371696     2.020   -27816.6   -12734.4    -3782.7      0.0      0.0      0.0 2018  6 26  6 55 43.94 -Inf   1
3761  30.850800  111.135002     6.090    45151.9   -12767.8      287.3      0.0      0.0      0.0 2018  6 26  7  8 27.20 -Inf   1
3762  31.215200  110.063797     4.070   -57142.2    27632.9    -1732.7      0.0      0.0      0.0 2018  6 26  8 43 13.71 -Inf   1
3250  30.841101  111.259804     4.140    56627.6   -13624.7    -1836.5      0.0      0.0      0.0 2018  6 26  8 54 40.48 -Inf   1
3679  31.208099  110.061600     4.040   -58408.8    27250.8    -2107.5      0.0      0.0      0.0 2018  6 26  9 16 33.16 -Inf   1
3766  30.980200  110.791000     1.000    12258.7     1578.7    -4802.7      0.0      0.0      0.0 2018  6 26  9 47 53.50 -Inf   1
3682  31.139601  110.054497     2.000   -59107.6    19656.4    -4147.5      0.0      0.0      0.0 2018  6 26 10 24 50.14 -Inf   1
3685  31.089600  110.052200     6.000   -59342.3    14112.8     -147.5      0.0      0.0      0.0 2018  6 26 17 42 49.60 -Inf   1
3204  30.848900  111.139900     6.050    44744.9   -12502.5        4.9      0.0      0.0      0.0 2018  6 26 22 31  5.90 -Inf   1
3772  31.060400  110.463402     2.100   -19029.3    10470.4    -3702.7      0.0      0.0      0.0 2018  6 26 23 30 56.96 -Inf   1
3688  30.842400  111.133400     6.570    43945.8   -13294.0      422.5      0.0      0.0      0.0 2018  6 26 23 35 16.36 -Inf   1
3774  30.846600  111.141502     6.910    45774.3   -13233.4     1107.3      0.0      0.0      0.0 2018  6 27  1  1  6.16 -Inf   1
3260  30.851999  111.137398     5.710    44922.9   -12416.4     -266.5      0.0      0.0      0.0 2018  6 27  2  4 26.44 -Inf   1
3691  30.849800  110.433601     1.000   -22955.0   -12473.5    -5147.5      0.0      0.0      0.0 2018  6 27  3 46 26.90 -Inf   1
3693  30.807800  111.268997    11.750    56919.3   -17130.0     5602.5      0.0      0.0      0.0 2018  6 27  9 10  9.64 -Inf   1
3776  30.994900  109.965797     8.000   -66569.0     3208.4     2197.3      0.0      0.0      0.0 2018  6 27  9 24 59.40 -Inf   1
3777  30.845400  111.137497     5.640    45391.7   -13366.5     -162.7      0.0      0.0      0.0 2018  6 27  9 26 22.35 -Inf   1
3778  30.849501  111.139000     5.770    45534.4   -12911.8      -32.7      0.0      0.0      0.0 2018  6 27 10 15 42.23 -Inf   1
3265  31.062000  110.814400     1.000    14030.4    10866.1    -4976.5      0.0      0.0      0.0 2018  6 27 10 52 29.08 -Inf   1
3698  31.025000  110.692497     7.860     1793.2     6950.7     1712.5      0.0      0.0      0.0 2018  6 27 11 56 37.44 -Inf   1
3267  31.206600  110.326797     4.480   -32507.2    26897.8    -1496.5      0.0      0.0      0.0 2018  6 27 12 48 26.07 -Inf   1
3781  30.696800  110.929398     9.590    25517.4   -29841.5     3787.3      0.0      0.0      0.0 2018  6 27 15  2  9.49 -Inf   1
3269  30.856800  111.138802     6.670    45056.0   -11884.2      693.5      0.0      0.0      0.0 2018  6 27 22 17 48.40 -Inf   1
3271  30.841999  111.135101     4.260    44705.7   -13525.1    -1716.5      0.0      0.0      0.0 2018  6 28  1 14 51.98 -Inf   1
3784  30.879801  111.159103     5.320    47448.8    -9552.5     -482.7      0.0      0.0      0.0 2018  6 28  2 18 10.55 -Inf   1
3786  30.858801  111.134399     5.060    45092.4   -11880.7     -742.7      0.0      0.0      0.0 2018  6 28  4 34 56.01 -Inf   1
3276  30.934000  110.761299    10.570     8965.6    -3325.1     4593.5      0.0      0.0      0.0 2018  6 28  6  1 55.34 -Inf   1
3708  30.963900  110.786598     9.370    10784.3      176.6     3222.5      0.0      0.0      0.0 2018  6 28  9 59 58.64 -Inf   1
3280  30.854700  111.146698     7.090    45811.3   -12117.0     1113.5      0.0      0.0      0.0 2018  6 28 11  3  6.10 -Inf   1
3281  31.058201  110.459396     6.200   -19869.9    10444.9      223.5      0.0      0.0      0.0 2018  6 28 19 41 20.70 -Inf   1
3711  30.850100  111.135597     6.630    44154.1   -12440.3      482.5      0.0      0.0      0.0 2018  6 28 22  6 16.76 -Inf   1
3795  31.018801  110.313599     5.900   -33341.5     5858.3       97.3      0.0      0.0      0.0 2018  6 28 23 53 28.16 -Inf   1
3713  31.017000  110.314400     5.550   -34320.7     6063.8     -597.5      0.0      0.0      0.0 2018  6 29  0 32 46.34 -Inf   1
3286  31.111700  110.046402    10.000   -59291.8    16376.3     4023.5      0.0      0.0      0.0 2018  6 29  1 24 20.82 -Inf   1
3287  30.851400  111.139397     6.070    45114.1   -12482.8       93.5      0.0      0.0      0.0 2018  6 29  1 50 20.85 -Inf   1
3715  30.848900  111.130402     6.180    43657.7   -12573.3       32.5      0.0      0.0      0.0 2018  6 29  3  0 21.87 -Inf   1
3232  31.135500  110.049400     4.000   -59416.9    19272.6    -2045.1      0.0      0.0      0.0 2018  6 29  3 31  4.94 -Inf   1
3716  30.808901  110.936699     3.650    25145.3   -17007.9    -2497.5      0.0      0.0      0.0 2018  6 29  3 43  7.93 -Inf   1
3234  30.859400  110.951698     1.910    26751.6   -11338.3    -4135.1      0.0      0.0      0.0 2018  6 29  4  2  1.28 -Inf   1
3803  31.035200  110.449699     6.020   -20340.4     7676.5      217.3      0.0      0.0      0.0 2018  6 29  5 57 13.55 -Inf   1
3804  30.980499  110.375603     1.000   -27424.8     1611.9    -4802.7      0.0      0.0      0.0 2018  6 29  6 48 24.17 -Inf   1
3295  30.848801  111.140503     6.460    45220.5   -12771.1      483.5      0.0      0.0      0.0 2018  6 29  9 22 33.09 -Inf   1
3725  30.853701  111.138199     6.330    44402.0   -12041.0      182.5      0.0      0.0      0.0 2018  6 29  9 35 30.46 -Inf   1
3240  30.897699  110.727303     1.000     5299.8    -7092.1    -5045.1      0.0      0.0      0.0 2018  6 29 12  2 35.50 -Inf   1
3813  31.077900  110.183197     4.430   -45782.4    12410.6    -1372.7      0.0      0.0      0.0 2018  6 29 19  6 58.20 -Inf   1
3242  30.847900  111.137604     6.340    44525.5   -12613.3      294.9      0.0      0.0      0.0 2018  6 29 22 27 21.68 -Inf   1
3816  31.103001  110.075500     1.000   -56058.2    15193.5    -4802.7      0.0      0.0      0.0 2018  6 29 23 26 48.80 -Inf   1
3304  30.895399  111.033302     7.380    34964.0    -7604.7     1403.5      0.0      0.0      0.0 2018  6 30  0 15 57.87 -Inf   1
3305  30.859501  111.127899     5.280    44013.2   -11584.7     -696.5      0.0      0.0      0.0 2018  6 30  0 53 20.25 -Inf   1
3819  31.099701  110.043297     8.000   -59133.7    14827.6     2197.3      0.0      0.0      0.0 2018  6 30  2 21 31.85 -Inf   1
3821  30.853701  111.140800     5.540    45705.5   -12446.2     -262.7      0.0      0.0      0.0 2018  6 30  3 39 30.48 -Inf   1
3247  31.214500  110.055901     0.650   -58772.2    28031.3    -5395.1      0.0      0.0      0.0 2018  6 30  3 57 24.24 -Inf   1
3736  30.968700  110.373497     5.690   -28683.2      708.9     -457.5      0.0      0.0      0.0 2018  6 30  4 21 14.79 -Inf   1
3823  30.848400  111.139198     5.600    45553.6   -13033.8     -202.7      0.0      0.0      0.0 2018  6 30  5 58  1.72 -Inf   1
3826  31.118200  110.049500     4.000   -58535.9    16878.6    -1802.7      0.0      0.0      0.0 2018  6 30 16 44 53.51 -Inf   1
3741  30.863800  111.132896     6.420    43892.8   -10921.3      272.5      0.0      0.0      0.0 2018  6 30 22 34  2.44 -Inf   1
3314  31.116301  110.046204     6.000   -59309.3    16886.4       23.5      0.0      0.0      0.0 2018  6 30 23  3 13.92 -Inf   1
3255  30.904200  110.727898     0.750     5356.5    -6371.4    -5295.1      0.0      0.0      0.0 2018  7  1  4 26 27.80 -Inf   1
3256  30.856701  111.129601     5.120    43758.4   -11637.6     -925.1      0.0      0.0      0.0 2018  7  1  4 54 19.97 -Inf   1
3832  31.128799  110.042297     1.000   -59220.2    18053.8    -4802.7      0.0      0.0      0.0 2018  7  1  5 42 25.21 -Inf   1
3258  30.851500  111.153801     6.250    46073.1   -12214.2      204.9      0.0      0.0      0.0 2018  7  1  5 43 27.03 -Inf   1
3319  31.098700  110.077400     7.560   -56336.3    14935.0     1583.5      0.0      0.0      0.0 2018  7  1  5 44 26.25 -Inf   1
3320  30.855200  110.943199     1.970    26357.9   -12061.6    -4006.5      0.0      0.0      0.0 2018  7  1  7  3 13.63 -Inf   1
3321  31.162201  110.368599     2.640   -28525.1    21975.3    -3336.5      0.0      0.0      0.0 2018  7  1 11 21 57.28 -Inf   1
3262  31.085699  110.221497     6.070   -43000.4    13751.2       24.9      0.0      0.0      0.0 2018  7  1 12  4 14.12 -Inf   1
3840  30.811501  110.228401     2.110   -41523.4   -17124.8    -3692.7      0.0      0.0      0.0 2018  7  1 21 19  9.24 -Inf   1
3325  30.858200  111.135300     5.530    44720.9   -11729.0     -446.5      0.0      0.0      0.0 2018  7  2  0 57 31.85 -Inf   1
3753  31.217501  110.369797     3.650   -28999.2    28293.1    -2497.5      0.0      0.0      0.0 2018  7  2  5 33 44.60 -Inf   1
3327  30.864700  110.404800     4.430   -25108.7   -11008.3    -1546.5      0.0      0.0      0.0 2018  7  2  5 46  3.38 -Inf   1
3269  30.852900  110.397697     4.860   -26208.1   -12059.0    -1185.1      0.0      0.0      0.0 2018  7  2  5 50 34.54 -Inf   1
3846  30.805901  110.924301     1.000    25015.7   -17745.7    -4802.7      0.0      0.0      0.0 2018  7  2  6 31 50.79 -Inf   1
3847  30.855000  111.142998     5.770    45915.3   -12302.1      -32.7      0.0      0.0      0.0 2018  7  2  7 15 46.31 -Inf   1
3848  30.845301  111.249199    10.580    56070.2   -13377.4     4777.3      0.0      0.0      0.0 2018  7  2  7 46 23.35 -Inf   1
3333  31.044100  110.452103     5.200   -20568.0     8881.5     -776.5      0.0      0.0      0.0 2018  7  2 23 19  2.60 -Inf   1
3851  30.851700  111.140297     6.100    45657.9   -12668.0      297.3      0.0      0.0      0.0 2018  7  2 23 22  1.52 -Inf   1
3761  30.904301  110.727699     7.750     5158.6    -6431.1     1602.5      0.0      0.0      0.0 2018  7  3  2 40 34.60 -Inf   1
3337  30.970699  110.375999     3.850   -27846.5      743.7    -2126.5      0.0      0.0      0.0 2018  7  3  3 22 15.82 -Inf   1
3763  30.984301  110.789001     3.380    11012.8     2438.4    -2767.5      0.0      0.0      0.0 2018  7  3  3 39  1.60 -Inf   1
3856  31.153900  110.822701     7.170    15273.3    20836.6     1367.3      0.0      0.0      0.0 2018  7  3  4 52 23.08 -Inf   1
3764  30.837799  111.259399     7.030    55992.9   -13804.0      882.5      0.0      0.0      0.0 2018  7  3  6 43 37.55 -Inf   1
3858  31.165300  110.377197     1.840   -27246.2    22100.6    -3962.7      0.0      0.0      0.0 2018  7  3  7 20 55.42 -Inf   1
3766  30.743401  110.870796     5.030    18850.2   -24269.9    -1117.5      0.0      0.0      0.0 2018  7  3  7 42  3.46 -Inf   1
3767  30.975401  110.376999     5.950   -28347.6     1451.7     -197.5      0.0      0.0      0.0 2018  7  3  8 37 57.86 -Inf   1
3768  30.984400  110.379700     1.000   -28088.3     2449.4    -5147.5      0.0      0.0      0.0 2018  7  3  8 47 50.76 -Inf   1
3769  31.020599  110.468102     5.190   -19639.5     6462.8     -957.5      0.0      0.0      0.0 2018  7  3 14 26 32.59 -Inf   1
3862  31.042500  110.436501     6.350   -21600.2     8485.8      547.3      0.0      0.0      0.0 2018  7  3 19 35 20.32 -Inf   1
3288  31.138500  110.871696     3.580    19076.3    19605.2    -2465.1      0.0      0.0      0.0 2018  7  4  5  2  2.37 -Inf   1
3289  31.045900  110.456200     7.540   -20594.9     9338.8     1494.9      0.0      0.0      0.0 2018  7  4  8 56 43.75 -Inf   1
3774  30.804001  110.917801     1.640    23338.9   -17551.2    -4507.5      0.0      0.0      0.0 2018  7  4  8 59 19.26 -Inf   1
3866  30.955299  110.773003    11.680    10540.7    -1182.0     5877.3      0.0      0.0      0.0 2018  7  4  9  8 19.34 -Inf   1
3348  30.926600  110.757698     9.490     8621.9    -4145.6     3513.5      0.0      0.0      0.0 2018  7  4 10 20 51.32 -Inf   1
3293  30.930201  110.758598     8.960     8289.5    -3488.7     2914.9      0.0      0.0      0.0 2018  7  4 10 21  7.50 -Inf   1
3869  30.930300  110.766701    10.880     9939.9    -3953.7     5077.3      0.0      0.0      0.0 2018  7  4 10 25 42.58 -Inf   1
3779  30.926399  110.758499    11.050     8101.3    -3981.0     4902.5      0.0      0.0      0.0 2018  7  4 10 31 27.09 -Inf   1
3351  30.933500  110.762497    10.360     9080.1    -3380.5     4383.5      0.0      0.0      0.0 2018  7  4 10 37 40.38 -Inf   1
3352  30.932100  110.761398    11.680     8975.2    -3535.7     5703.5      0.0      0.0      0.0 2018  7  4 10 55 17.64 -Inf   1
3299  30.929199  110.758499     9.570     8280.0    -3599.8     3524.9      0.0      0.0      0.0 2018  7  4 10 56 22.45 -Inf   1
3784  30.934099  110.762604    11.070     8493.2    -3127.3     4922.5      0.0      0.0      0.0 2018  7  4 10 58  7.03 -Inf   1
3786  30.932699  110.762199    11.540     8454.6    -3282.6     5392.5      0.0      0.0      0.0 2018  7  4 10 59 38.18 -Inf   1
3878  31.081400  110.190300     1.400   -45103.3    12798.6    -4402.7      0.0      0.0      0.0 2018  7  4 11  9 42.80 -Inf   1
3358  30.940001  110.762398    11.220     9070.3    -2659.8     5243.5      0.0      0.0      0.0 2018  7  4 11 38 44.24 -Inf   1
3305  30.929600  110.759499     9.240     8375.5    -3555.4     3194.9      0.0      0.0      0.0 2018  7  4 11 39  1.35 -Inf   1
3360  30.935801  110.760902    10.070     8927.7    -3125.5     4093.5      0.0      0.0      0.0 2018  7  4 11 50 37.31 -Inf   1
3362  30.937099  110.767097    12.830     9519.6    -2981.5     6853.5      0.0      0.0      0.0 2018  7  4 11 51 27.30 -Inf   1
3795  30.932199  110.761902    10.460     8426.2    -3338.0     4312.5      0.0      0.0      0.0 2018  7  4 11 53  7.57 -Inf   1
3311  30.938801  110.758102    11.680     8241.7    -2535.2     5634.9      0.0      0.0      0.0 2018  7  4 11 55 12.05 -Inf   1
3312  30.937700  110.762703    11.040     8681.4    -2657.3     4994.9      0.0      0.0      0.0 2018  7  4 11 58 35.46 -Inf   1
3798  30.932301  110.769798     8.950     9180.7    -3326.7     2802.5      0.0      0.0      0.0 2018  7  4 12  3 23.87 -Inf   1
3888  30.930300  110.767899    10.950    10054.4    -3953.7     5147.3      0.0      0.0      0.0 2018  7  4 14 15 18.20 -Inf   1
3315  30.931900  110.756302     8.930     8069.9    -3300.3     2884.9      0.0      0.0      0.0 2018  7  4 14 45  8.71 -Inf   1
3890  30.926800  110.764397    10.400     9719.9    -4341.7     4597.3      0.0      0.0      0.0 2018  7  4 15  5  2.41 -Inf   1
3317  30.929199  110.756699     8.870     8108.0    -3599.8     2824.9      0.0      0.0      0.0 2018  7  4 15 20  3.35 -Inf   1
3370  30.936100  110.761497    11.320     8984.5    -3092.3     5343.5      0.0      0.0      0.0 2018  7  4 16 41 46.45 -Inf   1
3893  30.932199  110.766998    11.240     9968.2    -3743.1     5437.3      0.0      0.0      0.0 2018  7  4 16 43 15.45 -Inf   1
3810  30.929001  110.757004    10.210     7958.3    -3692.6     4062.5      0.0      0.0      0.0 2018  7  4 19 54 32.04 -Inf   1
3812  30.932501  110.765900    10.830     8808.2    -3304.5     4682.5      0.0      0.0      0.0 2018  7  4 20 16 29.20 -Inf   1
3813  30.932699  110.762299    11.120     8464.1    -3282.6     4972.5      0.0      0.0      0.0 2018  7  4 20 19  5.18 -Inf   1
3324  30.936001  110.763100    11.330     8719.3    -2845.7     5284.9      0.0      0.0      0.0 2018  7  4 20 27 57.70 -Inf   1
3902  31.153400  110.312698     4.540   -33404.1    20781.2    -1262.7      0.0      0.0      0.0 2018  7  4 20 29 43.00 -Inf   1
3326  30.933300  110.761597    10.190     8575.8    -3145.1     4144.9      0.0      0.0      0.0 2018  7  4 21 28 47.72 -Inf   1
3327  30.935400  110.762001    11.160     8614.4    -2912.3     5114.9      0.0      0.0      0.0 2018  7  4 21 31 30.42 -Inf   1
3818  31.025900  110.557602     1.140   -11090.7     7050.5    -5007.5      0.0      0.0      0.0 2018  7  4 23  7 46.72 -Inf   1
3381  31.045300  110.461998     8.050   -19622.8     9014.6     2073.5      0.0      0.0      0.0 2018  7  5  3 40 11.88 -Inf   1
3908  30.902000  110.725502     1.000     6004.0    -7091.2    -4802.7      0.0      0.0      0.0 2018  7  5  6 22 34.64 -Inf   1
3384  30.932301  110.764702    11.470     9290.9    -3513.5     5493.5      0.0      0.0      0.0 2018  7  5  7 16  3.28 -Inf   1
3824  30.936199  110.764503    10.950     8674.6    -2894.5     4802.5      0.0      0.0      0.0 2018  7  5  7 17 20.97 -Inf   1
3336  30.946699  110.769096    11.270     9291.8    -1659.6     5224.9      0.0      0.0      0.0 2018  7  5  7 34 42.45 -Inf   1
3827  30.931700  110.758797     9.270     8129.5    -3393.4     3122.5      0.0      0.0      0.0 2018  7  5  8 59 38.09 -Inf   1
3830  30.930700  110.760803     9.200     8321.3    -3504.2     3052.5      0.0      0.0      0.0 2018  7  5 22 20 22.04 -Inf   1
3919  30.932400  110.764198    12.100     9700.7    -3720.9     6297.3      0.0      0.0      0.0 2018  7  5 22 23 14.32 -Inf   1
3832  30.942600  110.759903    10.850     8234.7    -2184.8     4702.5      0.0      0.0      0.0 2018  7  5 22 24 10.28 -Inf   1
3833  30.924801  110.770203     8.520     9219.7    -4158.2     2372.5      0.0      0.0      0.0 2018  7  5 22 25  8.86 -Inf   1
3395  30.937901  110.763000    11.000     9128.0    -2892.7     5023.5      0.0      0.0      0.0 2018  7  5 22 52 45.84 -Inf   1
3396  31.123301  110.071602    10.000   -56882.6    17662.4     4023.5      0.0      0.0      0.0 2018  7  5 23  9 23.04 -Inf   1
3925  30.922501  110.753601    10.070     8688.5    -4818.4     4267.3      0.0      0.0      0.0 2018  7  5 23 30 20.64 -Inf   1
3399  30.941200  110.762802    11.150     9108.9    -2526.8     5173.5      0.0      0.0      0.0 2018  7  6  3 25 42.52 -Inf   1
3928  31.094400  110.084000     1.000   -55249.3    14240.0    -4802.7      0.0      0.0      0.0 2018  7  6  4 21 10.83 -Inf   1
3931  30.941500  110.765198    11.050     9795.7    -2712.0     5247.3      0.0      0.0      0.0 2018  7  6  7 38  3.37 -Inf   1
3933  30.943501  110.763000    10.840     9585.7    -2490.1     5037.3      0.0      0.0      0.0 2018  7  6  8  6 46.41 -Inf   1
3847  30.932301  110.768898     9.350     9094.7    -3326.7     3202.5      0.0      0.0      0.0 2018  7  6  8 36 41.07 -Inf   1
3935  30.993700  110.172997     5.790   -46776.8     3075.4      -12.7      0.0      0.0      0.0 2018  7  6  8 39  1.18 -Inf   1
3352  31.166901  110.378998     1.920   -27950.1    22753.9    -4125.1      0.0      0.0      0.0 2018  7  6 11 53 20.08 -Inf   1
3937  30.843800  110.471802     1.000   -18247.7   -13543.9    -4802.7      0.0      0.0      0.0 2018  7  6 12 32 17.81 -Inf   1
3938  31.128700  110.033501     1.000   -60059.9    18042.8    -4802.7      0.0      0.0      0.0 2018  7  7  4 47 41.15 -Inf   1
3407  30.900299  110.696503     6.400     2774.5    -7061.5      423.5      0.0      0.0      0.0 2018  7  7  5 38 25.44 -Inf   1
3357  31.155899  110.376099    10.840   -28228.4    21534.2     4794.9      0.0      0.0      0.0 2018  7  7  6 50 53.66 -Inf   1
3409  30.774599  110.996201     8.650    31437.6   -20997.7     2673.5      0.0      0.0      0.0 2018  7  7  8 53  1.40 -Inf   1
3942  30.932600  110.778397    11.490    11057.4    -3698.7     5687.3      0.0      0.0      0.0 2018  7  7 15 19 50.50 -Inf   1
3943  31.044800  110.443298    10.390   -20950.7     8740.8     4587.3      0.0      0.0      0.0 2018  7  7 15 47  6.73 -Inf   1
3412  31.045799  110.455498     5.140   -20243.5     9070.0     -836.5      0.0      0.0      0.0 2018  7  7 16  7 44.51 -Inf   1
3413  31.021500  110.462303     2.020   -19596.1     6375.9    -3956.5      0.0      0.0      0.0 2018  7  7 16 16 42.46 -Inf   1
3364  31.033400  110.452698     6.810   -20930.7     7952.8      764.9      0.0      0.0      0.0 2018  7  7 16 52 40.44 -Inf   1
3857  31.045401  110.449402     0.770   -21422.8     9212.5    -5377.5      0.0      0.0      0.0 2018  7  7 17  2 19.24 -Inf   1
3948  30.981100  110.833603     1.000    16328.5     1678.5    -4802.7      0.0      0.0      0.0 2018  7  7 17 47 20.36 -Inf   1
3858  31.041901  110.450996     5.760   -21270.9     8824.5     -387.5      0.0      0.0      0.0 2018  7  7 18 30 27.80 -Inf   1
3417  31.023899  110.321701     1.490   -33024.9     6641.9    -4486.5      0.0      0.0      0.0 2018  7  7 18 48 15.48 -Inf   1
3418  31.043800  110.445396     7.950   -21208.4     8848.3     1973.5      0.0      0.0      0.0 2018  7  7 19 44 32.24 -Inf   1
3861  31.126499  110.205902     4.100   -44658.4    18203.8    -2047.5      0.0      0.0      0.0 2018  7  8  0 24  7.12 -Inf   1
3863  31.131901  110.024002     6.000   -62021.0    18802.7     -147.5      0.0      0.0      0.0 2018  7  8  3 24 50.17 -Inf   1
3954  30.936001  110.952698     1.970    27712.2    -3321.6    -3832.7      0.0      0.0      0.0 2018  7  8  4 15 54.35 -Inf   1
3370  31.016399  110.153198     9.100   -49539.4     6068.0     3054.9      0.0      0.0      0.0 2018  7  8 10 30 47.67 -Inf   1
3956  31.029800  110.448502     5.050   -20455.4     7077.8     -752.7      0.0      0.0      0.0 2018  7  8 15  8 43.17 -Inf   1
3957  31.029800  110.446098     4.550   -20684.9     7077.8    -1252.7      0.0      0.0      0.0 2018  7  8 16 49 13.89 -Inf   1
3869  31.032101  110.442001     1.700   -22131.1     7738.0    -4447.5      0.0      0.0      0.0 2018  7  9  4 52 52.15 -Inf   1
3426  30.833300  110.944298     1.120    26465.9   -14489.6    -4856.5      0.0      0.0      0.0 2018  7  9  6 43 29.71 -Inf   1
3962  31.041700  110.440903     7.930   -21179.8     8397.2     2127.3      0.0      0.0      0.0 2018  7  9  7 32 58.10 -Inf   1
3873  31.038500  110.447403     8.440   -21614.5     8447.4     2292.5      0.0      0.0      0.0 2018  7  9  7 34 16.80 -Inf   1
3376  31.046900  110.453796     6.120   -20824.3     9449.6       74.9      0.0      0.0      0.0 2018  7  9  9 54 21.83 -Inf   1
3430  31.162600  110.355698     1.000   -29756.4    22019.5    -4976.5      0.0      0.0      0.0 2018  7  9 10 58 11.69 -Inf   1
3966  31.097500  110.091202     1.000   -54560.8    14583.6    -4802.7      0.0      0.0      0.0 2018  7  9 11 46 52.27 -Inf   1
3876  30.781799  110.759697     9.160     8221.9   -20012.7     3012.5      0.0      0.0      0.0 2018  7  9 12 30 44.61 -Inf   1
3433  31.041700  110.444504    11.260   -21293.9     8615.5     5283.5      0.0      0.0      0.0 2018  7  9 14 59 58.34 -Inf   1
3380  31.039499  110.446503     8.140   -21521.7     8629.1     2094.9      0.0      0.0      0.0 2018  7  9 18  3 32.12 -Inf   1
3880  31.103201  110.090103     4.690   -55719.4    15620.8    -1457.5      0.0      0.0      0.0 2018  7  9 19 36 55.58 -Inf   1
3382  31.040899  110.446800     7.940   -21493.1     8784.3     1894.9      0.0      0.0      0.0 2018  7  9 20 26  6.66 -Inf   1
3882  31.047701  110.451698     2.020   -21203.2     9467.6    -4127.5      0.0      0.0      0.0 2018  7 10  0  9 23.54 -Inf   1
3883  31.078899  110.201500     4.700   -45089.8    12926.5    -1447.5      0.0      0.0      0.0 2018  7 10  3 52  0.27 -Inf   1
3439  30.865801  110.909302     1.290    23116.2   -10886.3    -4686.5      0.0      0.0      0.0 2018  7 10  4 41 33.09 -Inf   1
3440  30.924101  110.785004     6.770    11231.3    -4422.6      793.5      0.0      0.0      0.0 2018  7 10  7 50 38.67 -Inf   1
3976  30.984600  110.377701     6.320   -27223.7     2066.5      517.3      0.0      0.0      0.0 2018  7 10  8 40  9.39 -Inf   1
3387  31.034901  110.453300     1.000   -20872.9     8119.2    -5045.1      0.0      0.0      0.0 2018  7 10 10 52 22.29 -Inf   1
3389  31.195000  110.362999     1.890   -29472.8    25869.2    -4155.1      0.0      0.0      0.0 2018  7 11  2 54 42.17 -Inf   1
3444  30.918301  110.730202     7.380     5994.6    -5065.7     1403.5      0.0      0.0      0.0 2018  7 11  4  1 38.44 -Inf   1
3982  30.980900  110.356499     1.000   -29249.7     1656.3    -4802.7      0.0      0.0      0.0 2018  7 11  4 28  2.47 -Inf   1
3890  31.049601  110.439697     1.470   -22349.1     9678.2    -4677.5      0.0      0.0      0.0 2018  7 11  6 19 38.07 -Inf   1
3891  30.846600  110.939796     1.120    25436.5   -12828.3    -5027.5      0.0      0.0      0.0 2018  7 11  6 35 53.19 -Inf   1
3892  30.911200  110.126900     9.980   -52258.4    -5666.2     3832.5      0.0      0.0      0.0 2018  7 11  7 47  9.75 -Inf   1
3893  30.780100  110.765800     7.770     8805.6   -20201.1     1622.5      0.0      0.0      0.0 2018  7 11 10 38 27.20 -Inf   1
3396  30.911699  110.640999     2.570    -2948.4    -5540.0    -3475.1      0.0      0.0      0.0 2018  7 11 11 32 50.85 -Inf   1
3894  31.083799  110.330498     6.130   -32771.7    13469.8      -17.5      0.0      0.0      0.0 2018  7 11 17 24 17.54 -Inf   1
3402  30.930000  110.761902     9.850     8605.2    -3510.9     3804.9      0.0      0.0      0.0 2018  7 12  4 19 15.01 -Inf   1
3900  30.935200  110.760696    10.050     8310.9    -3005.3     3902.5      0.0      0.0      0.0 2018  7 12  4 27  6.66 -Inf   1
3405  31.052000  110.454300    12.140   -20775.6    10015.0     6094.9      0.0      0.0      0.0 2018  7 12  5 11  4.65 -Inf   1
3459  31.183500  110.334702     1.000   -31756.8    24336.7    -4976.5      0.0      0.0      0.0 2018  7 12  7 58 58.15 -Inf   1
3406  31.039499  110.425003    11.450   -23575.0     8629.1     5404.9      0.0      0.0      0.0 2018  7 12 14 23 33.96 -Inf   1
3905  31.145100  110.339302     6.700   -31920.9    20266.0      552.5      0.0      0.0      0.0 2018  7 13  3 39 48.21 -Inf   1
3408  30.979401  110.369202     6.770   -28913.2     1966.0      724.9      0.0      0.0      0.0 2018  7 13  3 45 59.36 -Inf   1
4000  30.764299  110.760803    14.720     9384.4   -22358.0     8917.3      0.0      0.0      0.0 2018  7 13  3 52 41.03 -Inf   1
3908  30.915501  110.905296     1.000    22130.4    -5189.3    -5147.5      0.0      0.0      0.0 2018  7 13  5 21 26.10 -Inf   1
3465  31.054300  110.473396    11.480   -18533.4    10012.5     5503.5      0.0      0.0      0.0 2018  7 13  7  3 44.41 -Inf   1
3466  30.803200  110.932602     4.030    25351.7   -17826.8    -1946.5      0.0      0.0      0.0 2018  7 13  8 33 44.94 -Inf   1
3911  30.809299  110.962997     3.160    27659.8   -16963.7    -2987.5      0.0      0.0      0.0 2018  7 13  9 25 29.85 -Inf   1
3468  31.037800  110.429100    11.650   -22765.5     8183.1     5673.5      0.0      0.0      0.0 2018  7 13 15 50 39.81 -Inf   1
3469  31.044201  110.439598    11.950   -21762.1     8892.8     5973.5      0.0      0.0      0.0 2018  7 13 17 12  8.82 -Inf   1
3470  30.764299  110.758202    15.520     8677.3   -22139.6     9543.5      0.0      0.0      0.0 2018  7 13 18 12 55.76 -Inf   1
4007  30.895201  110.728500     1.000     6290.8    -7845.1    -4802.7      0.0      0.0      0.0 2018  7 14 10  5 28.09 -Inf   1
3918  30.934299  110.765701     8.980     8789.1    -3105.1     2832.5      0.0      0.0      0.0 2018  7 14 14 44 43.45 -Inf   1
4010  30.935301  110.768097    10.810    10073.1    -3399.2     5007.3      0.0      0.0      0.0 2018  7 14 14 49 10.42 -Inf   1
3475  31.147900  110.377800     5.540   -27649.0    20389.7     -436.5      0.0      0.0      0.0 2018  7 14 18 41 47.48 -Inf   1
4012  31.030899  110.177200     8.240   -46366.3     7199.6     2437.3      0.0      0.0      0.0 2018  7 14 20 49  1.82 -Inf   1
3924  30.927799  110.761398    10.470     8378.2    -3825.8     4322.5      0.0      0.0      0.0 2018  7 14 21 18 42.00 -Inf   1
4015  30.930799  110.762199     9.720     9509.8    -3898.3     3917.3      0.0      0.0      0.0 2018  7 14 21 29 15.84 -Inf   1
4016  30.929100  110.761703    10.040     9462.4    -4086.7     4237.3      0.0      0.0      0.0 2018  7 14 22 32 42.96 -Inf   1
3928  30.931999  110.763000     9.490     8531.2    -3360.2     3342.5      0.0      0.0      0.0 2018  7 14 22 33 27.20 -Inf   1
3929  30.936300  110.769600     9.660     9161.6    -2883.3     3512.5      0.0      0.0      0.0 2018  7 14 22 58 55.96 -Inf   1
3483  30.927799  110.760803    10.170     8918.5    -4012.6     4193.5      0.0      0.0      0.0 2018  7 14 23 47 27.64 -Inf   1
3429  31.035801  110.457497    14.760   -20472.1     8219.0     8714.9      0.0      0.0      0.0 2018  7 15  2 30  1.75 -Inf   1
3933  30.933100  110.762497    11.120     8483.0    -3238.1     4972.5      0.0      0.0      0.0 2018  7 15  3 37 25.50 -Inf   1
3431  30.930099  110.768501    11.010     9235.8    -3500.0     4964.9      0.0      0.0      0.0 2018  7 15  3 39 44.11 -Inf   1
3935  30.925699  110.759804    10.430     8226.0    -4058.6     4282.5      0.0      0.0      0.0 2018  7 15  3 52 52.47 -Inf   1
3488  30.931101  110.763496    10.670     9175.7    -3646.5     4693.5      0.0      0.0      0.0 2018  7 15  4 44 50.70 -Inf   1
3940  30.934401  110.767403    10.500     8951.7    -3093.9     4352.5      0.0      0.0      0.0 2018  7 15  8  5  8.11 -Inf   1
3490  30.927200  110.760101     9.920     8851.5    -4079.0     3943.5      0.0      0.0      0.0 2018  7 15 10  0  8.68 -Inf   1
3436  31.033501  110.452904    10.430   -20911.0     7964.0     4384.9      0.0      0.0      0.0 2018  7 15 10 25 52.44 -Inf   1
3492  30.990499  109.975800     8.000   -66073.6     2938.9     2023.5      0.0      0.0      0.0 2018  7 15 11 19  8.86 -Inf   1
3493  30.926901  110.762604    10.990     9090.6    -4112.2     5013.5      0.0      0.0      0.0 2018  7 15 11 43 53.14 -Inf   1
3948  30.925699  110.762100     9.640     8445.4    -4058.6     3492.5      0.0      0.0      0.0 2018  7 15 13 29 45.37 -Inf   1
4034  31.094400  110.061501     7.320   -57397.4    14240.0     1517.3      0.0      0.0      0.0 2018  7 15 14 20 40.39 -Inf   1
3497  31.218100  110.079002     7.410   -56148.4    28172.7     1433.5      0.0      0.0      0.0 2018  7 16  2 55 52.68 -Inf   1
3954  31.010099  110.177803    12.870   -47369.4     5298.7     6722.5      0.0      0.0      0.0 2018  7 16  3  3 54.08 -Inf   1
3499  31.130100  110.043198     2.000   -59592.0    18416.3    -3976.5      0.0      0.0      0.0 2018  7 16  3 18 29.00 -Inf   1
3500  31.039101  110.460701    14.550   -19747.3     8327.3     8573.5      0.0      0.0      0.0 2018  7 16  3 24 45.80 -Inf   1
3501  31.026100  110.514198     7.550   -14639.1     6885.9     1573.5      0.0      0.0      0.0 2018  7 16  4 41 51.86 -Inf   1
3503  31.061701  110.463699    12.000   -19458.7    10832.9     6023.5      0.0      0.0      0.0 2018  7 16  9 15 19.94 -Inf   1
3505  31.126301  110.622704     9.620    -4273.6    17995.1     3643.5      0.0      0.0      0.0 2018  7 16  9 28 37.92 -Inf   1
3449  30.949499  110.362801     9.020   -29529.3    -1349.1     2974.9      0.0      0.0      0.0 2018  7 16 10 12 53.26 -Inf   1
3507  31.095699  110.069801     4.000   -57062.7    14602.3    -1976.5      0.0      0.0      0.0 2018  7 16 10 57 55.18 -Inf   1
3451  31.019199  110.435402    12.570   -22584.2     6378.5     6524.9      0.0      0.0      0.0 2018  7 16 11 20 27.60 -Inf   1
3452  31.043400  110.455902    13.420   -20623.6     9061.5     7374.9      0.0      0.0      0.0 2018  7 16 11 42 55.23 -Inf   1
4049  30.936001  110.767601    10.160    10025.6    -3321.6     4357.3      0.0      0.0      0.0 2018  7 16 13 32 22.91 -Inf   1
3966  31.238300  110.960098    16.000    27321.7    30599.1     9852.5      0.0      0.0      0.0 2018  7 16 14 26  5.24 -Inf   1
3968  30.918699  110.785202     7.110    10653.4    -4834.7      962.5      0.0      0.0      0.0 2018  7 16 16 56 25.47 -Inf   1
4050  31.051201  110.450798    12.160   -20233.8     9450.5     6357.3      0.0      0.0      0.0 2018  7 16 19 10 59.16 -Inf   1
4051  31.028700  110.174301     6.950   -46643.7     6955.8     1147.3      0.0      0.0      0.0 2018  7 16 20 56 54.52 -Inf   1
4053  30.898399  110.723000     1.000     5764.9    -7490.5    -4802.7      0.0      0.0      0.0 2018  7 17  1 18 58.15 -Inf   1
3974  30.923901  110.626297     1.000    -4532.0    -4258.0    -5147.5      0.0      0.0      0.0 2018  7 17  3 10 48.22 -Inf   1
4055  30.838100  110.465401     1.000   -18860.1   -14175.7    -4802.7      0.0      0.0      0.0 2018  7 17  3 54 41.12 -Inf   1
3459  30.930401  110.763702    10.460     8777.2    -3466.5     4414.9      0.0      0.0      0.0 2018  7 17  7 30 59.48 -Inf   1
3460  30.934900  110.767502    11.550     9140.0    -2967.7     5504.9      0.0      0.0      0.0 2018  7 17  7 45  4.96 -Inf   1
3978  30.981100  110.795197     1.000    11604.8     2083.6    -5147.5      0.0      0.0      0.0 2018  7 17 10  0 47.89 -Inf   1
3523  30.954100  110.253601     2.020   -39543.5    -1096.7    -3956.5      0.0      0.0      0.0 2018  7 17 17 29 25.24 -Inf   1
3986  31.152399  110.311203     2.310   -34601.7    21075.3    -3837.5      0.0      0.0      0.0 2018  7 17 18  6 59.32 -Inf   1
3987  30.953400  110.253197     2.030   -40179.7     -987.5    -4117.5      0.0      0.0      0.0 2018  7 17 18 15 48.90 -Inf   1
3988  30.949499  110.255798    11.940   -39932.0    -1420.0     5792.5      0.0      0.0      0.0 2018  7 17 19 32 48.84 -Inf   1
3991  30.952299  110.255402     7.960   -39969.3    -1109.5     1812.5      0.0      0.0      0.0 2018  7 17 19 58 19.98 -Inf   1
3993  30.949200  110.253601     5.030   -40142.0    -1453.2    -1117.5      0.0      0.0      0.0 2018  7 17 20 51 20.54 -Inf   1
4073  30.953400  110.254204     2.100   -39027.6    -1392.6    -3702.7      0.0      0.0      0.0 2018  7 17 21  1 31.00 -Inf   1
4075  31.034800  110.366302    10.990   -28305.2     7632.1     5187.3      0.0      0.0      0.0 2018  7 17 21  9 23.08 -Inf   1
3999  30.947901  110.254501     6.130   -40056.2    -1597.2      -17.5      0.0      0.0      0.0 2018  7 17 21 39 59.72 -Inf   1
3477  30.948299  110.263397     8.770   -39027.4    -1482.1     2724.9      0.0      0.0      0.0 2018  7 17 21 57 18.80 -Inf   1
4081  30.978001  109.987801     8.000   -64472.8     1334.9     2197.3      0.0      0.0      0.0 2018  7 18  0 49 13.75 -Inf   1
4083  30.929399  110.764099     9.460     9691.4    -4053.5     3657.3      0.0      0.0      0.0 2018  7 18  5 23 44.88 -Inf   1
4007  30.945400  110.761597    12.860     8396.4    -1874.4     6712.5      0.0      0.0      0.0 2018  7 18  5 29 41.27 -Inf   1
4085  30.864401  110.718300     6.570     5316.7   -11259.8      767.3      0.0      0.0      0.0 2018  7 18  6 43 14.61 -Inf   1
3484  31.127100  110.005096     8.000   -63648.8    18341.3     1954.9      0.0      0.0      0.0 2018  7 18  8 17  5.49 -Inf   1
3536  30.893101  110.046402     1.000   -59359.1    -7859.6    -4976.5      0.0      0.0      0.0 2018  7 18  8 54 26.96 -Inf   1
4008  30.789101  110.912903     5.050    22872.3   -19203.2    -1097.5      0.0      0.0      0.0 2018  7 18  9 22 19.86 -Inf   1
4009  31.180901  110.380699     7.660   -27964.3    24235.3     1512.5      0.0      0.0      0.0 2018  7 18  9 57 48.21 -Inf   1
3538  31.055201  110.443398    13.160   -21398.1    10112.3     7183.5      0.0      0.0      0.0 2018  7 18 15 28 57.03 -Inf   1
4011  31.108601  110.057899     6.000   -58792.3    16219.4     -147.5      0.0      0.0      0.0 2018  7 18 17 53 50.20 -Inf   1
4013  31.155001  110.335403    18.290   -32291.4    21363.8    12142.5      0.0      0.0      0.0 2018  7 19  3 32 18.26 -Inf   1
3489  30.959700  110.366898     9.180   -29136.3     -218.2     3134.9      0.0      0.0      0.0 2018  7 19  9 53 40.30 -Inf   1
4095  31.041800  110.462402    10.350   -19126.6     8408.2     4547.3      0.0      0.0      0.0 2018  7 19 11 47  5.06 -Inf   1
4096  31.047600  110.449600    12.540   -20348.6     9051.2     6737.3      0.0      0.0      0.0 2018  7 19 14 17 11.92 -Inf   1
4101  30.933201  110.770401    10.520    10293.3    -3632.1     4717.3      0.0      0.0      0.0 2018  7 19 23 35 33.66 -Inf   1
3493  31.129299  110.019897     8.000   -62235.2    18585.1     1954.9      0.0      0.0      0.0 2018  7 20  3 58 36.77 -Inf   1
4103  30.905500  110.724800     1.000     5936.8    -6703.2    -4802.7      0.0      0.0      0.0 2018  7 20  5  3 23.95 -Inf   1
4104  30.913700  110.901703     4.150    22842.1    -5794.1    -1652.7      0.0      0.0      0.0 2018  7 20  5  8 32.38 -Inf   1
4027  30.829700  111.252197     8.850    55306.6   -14701.9     2702.5      0.0      0.0      0.0 2018  7 20  8 47 59.92 -Inf   1
4105  30.826900  111.242104     7.170    55397.2   -15417.5     1367.3      0.0      0.0      0.0 2018  7 20  8 48  0.19 -Inf   1
4106  30.906000  110.075401     1.000   -56125.0    -6647.8    -4802.7      0.0      0.0      0.0 2018  7 20  9  9 35.16 -Inf   1
4107  30.945900  110.957603     2.070    28179.5    -2224.1    -3732.7      0.0      0.0      0.0 2018  7 20 10 54 17.17 -Inf   1
4029  31.033501  110.368202     9.180   -29179.2     7893.2     3032.5      0.0      0.0      0.0 2018  7 20 15 34  6.04 -Inf   1
4109  31.114500  110.428101     8.820   -22394.0    16468.4     3017.3      0.0      0.0      0.0 2018  7 20 17 58 17.64 -Inf   1
4110  31.044701  110.446404     8.690   -20654.2     8729.8     2887.3      0.0      0.0      0.0 2018  7 20 18 29 56.80 -Inf   1
3502  31.042999  110.451103     9.490   -21081.9     9017.1     3444.9      0.0      0.0      0.0 2018  7 20 18 56 56.50 -Inf   1
4112  31.024900  110.533302     8.510   -12356.7     6534.6     2707.3      0.0      0.0      0.0 2018  7 20 21 54  1.04 -Inf   1
3553  31.031500  110.527496     7.740   -13368.7     7484.6     1763.5      0.0      0.0      0.0 2018  7 20 22  0  5.12 -Inf   1
4036  31.020300  110.506302    10.720   -15990.9     6429.6     4572.5      0.0      0.0      0.0 2018  7 20 23 12 29.08 -Inf   1
4037  31.012899  110.536903     8.940   -13068.5     5609.2     2792.5      0.0      0.0      0.0 2018  7 21  2 26 39.26 -Inf   1
3555  31.054899  110.539803     9.390   -12191.9    10078.9     3413.5      0.0      0.0      0.0 2018  7 21  2 44 47.70 -Inf   1
3556  31.024900  110.525200     7.910   -13588.5     6752.9     1933.5      0.0      0.0      0.0 2018  7 21  2 52 47.55 -Inf   1
4121  31.044001  110.441299     7.150   -21141.7     8652.2     1347.3      0.0      0.0      0.0 2018  7 21  4 42 43.62 -Inf   1
4040  31.018200  110.367996     9.960   -29201.2     6196.8     3812.5      0.0      0.0      0.0 2018  7 21  4 53 26.76 -Inf   1
4041  31.131300  110.213402     4.720   -43941.4    18736.1    -1427.5      0.0      0.0      0.0 2018  7 21  6 45 36.51 -Inf   1
4042  30.617001  110.544800     1.000    -1701.5    -4201.6     -585.0      0.0      0.0      0.0 2018  7 21 11 10 39.42 -Inf   3
4124  31.024599  110.526199     7.770   -13035.1     6501.2     1967.3      0.0      0.0      0.0 2018  7 21 11 21 53.29 -Inf   1
4125  31.092600  110.078400     1.000   -55784.4    14040.4    -4802.7      0.0      0.0      0.0 2018  7 21 12  2 44.06 -Inf   1
4046  31.051201  110.455299     6.950   -20859.0     9855.6      802.5      0.0      0.0      0.0 2018  7 21 15  8 17.31 -Inf   1
3563  31.165899  110.306801     1.000   -34422.6    22385.3    -4976.5      0.0      0.0      0.0 2018  7 21 15 13  7.71 -Inf   1
4050  30.890499  110.807198     9.720    12757.2    -7961.2     3572.5      0.0      0.0      0.0 2018  7 22  2 47 46.23 -Inf   1
4129  31.020300  110.584396     4.050    -7476.9     6024.5    -1752.7      0.0      0.0      0.0 2018  7 22  2 55 27.32 -Inf   1
4132  31.010201  110.715302    10.910     5026.3     4904.8     5107.3      0.0      0.0      0.0 2018  7 22  5 32 49.43 -Inf   1
4053  31.005501  110.715797    10.400     4019.0     4788.9     4252.5      0.0      0.0      0.0 2018  7 22  5 36 17.22 -Inf   1
4054  31.011999  110.713303    10.240     3780.6     5509.3     4092.5      0.0      0.0      0.0 2018  7 22  5 37 37.45 -Inf   1
3569  31.009600  110.710403    11.020     4100.7     5056.6     5043.5      0.0      0.0      0.0 2018  7 22  5 51 43.34 -Inf   1
4056  31.004999  110.714401    10.670     3885.7     4733.3     4522.5      0.0      0.0      0.0 2018  7 22  5 56 57.44 -Inf   1
4057  31.018200  110.718102    10.960     4238.8     6196.8     4812.5      0.0      0.0      0.0 2018  7 22  5 58 39.49 -Inf   1
4058  31.005400  110.715599    10.520     4000.1     4777.7     4372.5      0.0      0.0      0.0 2018  7 22  6  0 59.75 -Inf   1
4059  31.014999  110.714996    10.990     3942.3     5842.0     4842.5      0.0      0.0      0.0 2018  7 22  6  1 33.46 -Inf   1
4060  31.013399  110.716202     9.910     4057.5     5664.6     3762.5      0.0      0.0      0.0 2018  7 22  6  2  8.07 -Inf   1
3575  31.007000  110.713501    10.670     4396.6     4768.3     4693.5      0.0      0.0      0.0 2018  7 22  6  6  5.98 -Inf   1
4142  30.906700  110.734802     1.000     6892.7    -6570.2    -4802.7      0.0      0.0      0.0 2018  7 22  6 38 55.90 -Inf   1
3577  30.996500  110.726700    11.370     5657.7     3604.2     5393.5      0.0      0.0      0.0 2018  7 22  6 46 14.33 -Inf   1
4144  30.965000  110.377403     1.870   -27254.9     -106.5    -3932.7      0.0      0.0      0.0 2018  7 22  7 24 16.60 -Inf   1
4066  30.975300  110.365898     7.600   -29408.2     1440.5     1452.5      0.0      0.0      0.0 2018  7 22  7 26 44.38 -Inf   1
3532  30.999800  110.717903    11.440     4399.1     4227.6     5394.9      0.0      0.0      0.0 2018  7 22  7 39 46.53 -Inf   1
3581  31.132099  110.001900     1.000   -63533.6    18637.9    -4976.5      0.0      0.0      0.0 2018  7 22 10  6 54.75 -Inf   1
3582  31.008101  110.718300    11.000     4855.0     4890.3     5023.5      0.0      0.0      0.0 2018  7 22 10 54 31.49 -Inf   1
4148  31.177999  110.365196     1.000   -28389.7    23508.5    -4802.7      0.0      0.0      0.0 2018  7 22 11 42  2.22 -Inf   1
3584  31.095800  110.059700    10.000   -58027.1    14613.5     4023.5      0.0      0.0      0.0 2018  7 22 14 29 47.10 -Inf   1
3535  31.022100  110.533501     9.790   -13214.2     6700.1     3744.9      0.0      0.0      0.0 2018  7 22 17  7 22.40 -Inf   1
4073  31.096500  110.158897     3.880   -49153.2    14877.9    -2267.5      0.0      0.0      0.0 2018  7 22 22 35 50.74 -Inf   1
4154  30.963301  110.830200     2.380    16004.9     -294.9    -3422.7      0.0      0.0      0.0 2018  7 22 23 20 56.54 -Inf   1
4155  31.040800  110.450401     8.990   -20272.8     8297.4     3187.3      0.0      0.0      0.0 2018  7 23  0  6 57.34 -Inf   1
4156  31.273399  110.869202     1.000    19699.3    34085.4    -4802.7      0.0      0.0      0.0 2018  7 23  1 12 16.44 -Inf   1
4076  30.970100  110.370598     1.450   -28960.0      864.1    -4697.5      0.0      0.0      0.0 2018  7 23  1 13 48.31 -Inf   1
3541  30.970301  110.377602     3.860   -28112.1      957.1    -2185.1      0.0      0.0      0.0 2018  7 23  1 25 23.36 -Inf   1
4077  31.116600  110.812798     2.690    13276.9    17106.3    -3457.5      0.0      0.0      0.0 2018  7 23  3 55 45.42 -Inf   1
4080  31.172800  110.372803     6.580   -28719.1    23337.2      432.5      0.0      0.0      0.0 2018  7 23  5 33 47.22 -Inf   1
3545  31.036501  110.482803    15.530   -18055.1     8296.7     9484.9      0.0      0.0      0.0 2018  7 23  5 48 16.86 -Inf   1
4163  30.719500  110.929604     8.310    25534.1   -27324.9     2507.3      0.0      0.0      0.0 2018  7 23  7 47 29.51 -Inf   1
4164  30.993999  109.990601     1.000   -64200.0     3108.6    -4802.7      0.0      0.0      0.0 2018  7 23  7 55 34.32 -Inf   1
4082  30.988600  109.959602     1.000   -68219.2     2915.1    -5147.5      0.0      0.0      0.0 2018  7 23  9 27 49.41 -Inf   1
3592  30.973400  109.976898    10.000   -65974.5     1043.1     4023.5      0.0      0.0      0.0 2018  7 23 10  0 19.18 -Inf   1
3548  30.978201  110.372902     4.050   -28559.9     1833.0    -1995.1      0.0      0.0      0.0 2018  7 23 11 19 27.99 -Inf   1
4085  30.832500  110.657997     7.740    -1503.4   -14391.5     1592.5      0.0      0.0      0.0 2018  7 23 12  1 49.84 -Inf   1
3597  30.833900  110.655098     8.060    -1183.0   -14423.0     2083.5      0.0      0.0      0.0 2018  7 23 12 41 58.67 -Inf   1
4089  30.844700  110.658997    10.090    -1407.8   -13038.9     3942.5      0.0      0.0      0.0 2018  7 23 12 52 51.04 -Inf   1
3553  30.825100  110.649300     6.740    -2156.1   -15141.1      694.9      0.0      0.0      0.0 2018  7 23 15 13 35.31 -Inf   1
4093  30.830299  110.655403     9.730    -1751.5   -14635.5     3582.5      0.0      0.0      0.0 2018  7 23 18  1 42.24 -Inf   1
3555  31.012899  110.714401    10.910     4064.3     5680.0     4864.9      0.0      0.0      0.0 2018  7 23 20 27 44.00 -Inf   1
4097  31.020100  110.711502    10.030     3608.5     6407.4     3882.5      0.0      0.0      0.0 2018  7 23 20 41 50.24 -Inf   1
3603  31.023600  110.522202     8.110   -13874.9     6608.7     2133.5      0.0      0.0      0.0 2018  7 23 23 30 29.44 -Inf   1
4099  31.195200  110.357498     1.000   -30176.2    25820.6    -5147.5      0.0      0.0      0.0 2018  7 24  3  5 43.52 -Inf   1
4100  30.900900  110.724899     1.000     4891.1    -6808.1    -5147.5      0.0      0.0      0.0 2018  7 24  6 25 31.28 -Inf   1
4102  30.956301  110.533401     3.860   -13407.0     -665.9    -2287.5      0.0      0.0      0.0 2018  7 24 10 32 31.83 -Inf   1
3608  30.984301  110.800797     1.280    12736.5     2251.7    -4696.5      0.0      0.0      0.0 2018  7 24 10 34 36.52 -Inf   1
4107  31.025801  110.505798    11.260   -16038.5     7039.5     5112.5      0.0      0.0      0.0 2018  7 24 16 33  7.07 -Inf   1
3563  30.953600  110.376099    10.600   -28258.1     -894.5     4554.9      0.0      0.0      0.0 2018  7 25  1  0 42.37 -Inf   1
3612  31.142300  110.050102    10.000   -58929.2    19768.9     4023.5      0.0      0.0      0.0 2018  7 25  3 43 41.62 -Inf   1
4190  31.098600  110.035004    12.000   -59925.8    14705.6     6197.3      0.0      0.0      0.0 2018  7 25  3 59 40.84 -Inf   1
4191  31.245100  110.067398     1.330   -56789.7    30947.9    -4472.7      0.0      0.0      0.0 2018  7 25  4 25 51.67 -Inf   1
4192  31.033501  110.463997    13.400   -18975.1     7488.1     7597.3      0.0      0.0      0.0 2018  7 25  6 55 53.44 -Inf   1
3616  31.165899  110.316399    14.630   -33506.6    22385.3     8653.5      0.0      0.0      0.0 2018  7 25  7 10 50.87 -Inf   1
4112  30.830200  110.942802     4.590    25726.1   -14646.5    -1557.5      0.0      0.0      0.0 2018  7 25  9  6 22.68 -Inf   1
4113  31.031200  110.452301    10.730   -21147.5     7638.2     4582.5      0.0      0.0      0.0 2018  7 25  9 45 21.09 -Inf   1
3571  31.077400  110.164299     9.010   -48463.7    12831.1     2964.9      0.0      0.0      0.0 2018  7 25 10 11 14.70 -Inf   1
4115  30.929701  110.768097     8.950     9018.3    -3615.0     2802.5      0.0      0.0      0.0 2018  7 25 10 56 11.02 -Inf   1
4199  31.211000  110.320999    10.000   -32602.0    27167.3     4197.3      0.0      0.0      0.0 2018  7 25 11 21 10.10 -Inf   1
4200  31.015200  110.530800     9.200   -12596.3     5459.1     3397.3      0.0      0.0      0.0 2018  7 25 12 13 30.98 -Inf   1
4201  31.019100  110.527702     7.430   -12891.9     5891.5     1627.3      0.0      0.0      0.0 2018  7 25 12 43 36.65 -Inf   1
4202  31.016199  110.530899    10.220   -12586.8     5569.9     4417.3      0.0      0.0      0.0 2018  7 25 12 57 58.47 -Inf   1
4120  31.016300  110.532700     9.160   -13469.8     5986.2     3012.5      0.0      0.0      0.0 2018  7 25 13 15 17.66 -Inf   1
3576  31.020500  110.509003    10.550   -15554.2     6522.7     4504.9      0.0      0.0      0.0 2018  7 25 13 19 42.44 -Inf   1
4205  30.915899  110.762299    11.940     9520.0    -5550.3     6137.3      0.0      0.0      0.0 2018  7 25 15 39 14.92 -Inf   1
4206  30.929399  110.762703     9.790     9557.9    -4053.5     3987.3      0.0      0.0      0.0 2018  7 25 15 52 19.29 -Inf   1
3627  31.019199  110.525803     7.150   -13531.3     6120.9     1173.5      0.0      0.0      0.0 2018  7 25 16  0 30.72 -Inf   1
4208  31.026800  110.537003     8.840   -12003.1     6745.2     3037.3      0.0      0.0      0.0 2018  7 25 16 37  8.22 -Inf   1
3628  30.887199  110.140297     1.000   -50386.6    -8513.8    -4976.5      0.0      0.0      0.0 2018  7 25 19 27 58.80 -Inf   1
4127  31.018700  110.532303    10.070   -13507.6     6252.2     3922.5      0.0      0.0      0.0 2018  7 25 21 24 51.84 -Inf   1
4210  31.017799  110.532402     9.660   -12443.1     5747.3     3857.3      0.0      0.0      0.0 2018  7 25 22  2 25.66 -Inf   1
3584  31.044300  110.432503    12.250   -22858.1     9161.3     6204.9      0.0      0.0      0.0 2018  7 25 22 29 32.70 -Inf   1
3632  30.827999  111.235397     7.980    54298.0   -15077.3     2003.5      0.0      0.0      0.0 2018  7 26  1  6 18.77 -Inf   1
3587  31.038500  110.068298     1.000   -57642.0     8518.3    -5045.1      0.0      0.0      0.0 2018  7 26  6 35 17.66 -Inf   1
4219  31.029301  110.513802     9.710   -14218.8     7022.4     3907.3      0.0      0.0      0.0 2018  7 27  3 10 33.54 -Inf   1
4220  31.023199  110.523201     1.160   -13321.6     6346.0    -4642.7      0.0      0.0      0.0 2018  7 27  5 19  8.89 -Inf   1
4226  31.031099  110.507500     9.990   -14820.6     7221.9     4187.3      0.0      0.0      0.0 2018  7 27 20  8  7.64 -Inf   1
4227  31.021601  110.526299    10.290   -13025.8     6168.8     4487.3      0.0      0.0      0.0 2018  7 27 20 45 40.50 -Inf   1
3598  30.969299  110.766701     4.050     9061.9      846.1    -1995.1      0.0      0.0      0.0 2018  7 27 23 31 32.54 -Inf   1
4147  30.897900  110.730400     1.000     5416.9    -7140.7    -5147.5      0.0      0.0      0.0 2018  7 28  4 27 43.91 -Inf   1
3601  30.771200  110.753502    10.180     7808.9   -21116.9     4134.9      0.0      0.0      0.0 2018  7 28 17 25 53.80 -Inf   1
4150  30.979099  110.846298     6.340    16486.8     1861.8      192.5      0.0      0.0      0.0 2018  7 28 19  3 32.64 -Inf   1
4235  31.271500  110.816498     1.000    14672.3    33874.8    -4802.7      0.0      0.0      0.0 2018  7 29  2 46  7.14 -Inf   1
3651  30.955299  110.780800     1.000    10827.8     -963.7    -4976.5      0.0      0.0      0.0 2018  7 29  4 30  1.10 -Inf   1
3607  30.929701  110.768600    10.550     9245.3    -3544.1     4504.9      0.0      0.0      0.0 2018  7 30  2 17  7.06 -Inf   1
4242  30.970200  110.376602     7.610   -27330.7      470.0     1807.3      0.0      0.0      0.0 2018  7 30  5 36 23.70 -Inf   1
4243  30.707701  111.218399     4.000    53163.6   -28633.0    -1802.7      0.0      0.0      0.0 2018  7 30  8 21  6.32 -Inf   1
4244  30.902399  110.751701     1.000     8507.9    -7047.0    -4802.7      0.0      0.0      0.0 2018  7 30  9  0 38.31 -Inf   1
3656  30.982401  110.790199     6.760    11724.3     2041.1      783.5      0.0      0.0      0.0 2018  7 30 10 53 17.42 -Inf   1
3657  30.828800  111.233902     0.390    54154.8   -14988.5    -5586.5      0.0      0.0      0.0 2018  7 31  1 38 31.63 -Inf   1
4249  30.762100  111.101097     9.030    41930.0   -22601.8     3227.3      0.0      0.0      0.0 2018  7 31  2  4 35.78 -Inf   1
4251  31.192499  110.349701     1.000   -29866.3    25116.1    -4802.7      0.0      0.0      0.0 2018  7 31  3 50 57.55 -Inf   1
4252  31.020800  110.525101     6.510   -13140.3     6079.9      707.3      0.0      0.0      0.0 2018  7 31  4 11 59.62 -Inf   1
4253  30.915701  110.892799     4.580    21991.1    -5572.2    -1222.7      0.0      0.0      0.0 2018  7 31  4 26 48.44 -Inf   1
3617  31.138901  110.012001     6.000   -62985.8    19649.6      -45.1      0.0      0.0      0.0 2018  7 31  9 54 18.77 -Inf   1
4162  30.978001  110.381104     6.940   -27955.1     1740.0      792.5      0.0      0.0      0.0 2018  7 31 10 26 53.45 -Inf   1
4163  30.978600  110.385498     1.180   -27535.2     1806.4    -4967.5      0.0      0.0      0.0 2018  7 31 10 30 21.06 -Inf   1
4165  30.950701  110.481499     6.500   -18366.5    -1286.7      352.5      0.0      0.0      0.0 2018  7 31 16 36 20.91 -Inf   1
3621  30.912300  110.629700     5.240    -4028.2    -5473.4     -805.1      0.0      0.0      0.0 2018  8  1  4 43 46.28 -Inf   1
4169  31.206200  110.344299     4.900   -31433.9    27040.1    -1247.5      0.0      0.0      0.0 2018  8  1  7 19  6.70 -Inf   1
4170  30.951700  110.475899     8.090   -18901.5    -1175.9     1942.5      0.0      0.0      0.0 2018  8  1  9 36 45.06 -Inf   1
3626  31.042801  110.450302     4.980   -21158.4     8995.1    -1065.1      0.0      0.0      0.0 2018  8  1 13 18 20.01 -Inf   1
3627  31.045099  110.437103    13.440   -22418.7     9249.9     7394.9      0.0      0.0      0.0 2018  8  1 17 12 17.08 -Inf   1
4176  30.919399  110.755501     8.750     7815.0    -4757.1     2602.5      0.0      0.0      0.0 2018  8  1 20  6  1.16 -Inf   1
4178  31.138100  110.044403     2.000   -60071.6    19490.0    -4147.5      0.0      0.0      0.0 2018  8  2  3  3 18.72 -Inf   1
4268  31.191099  110.340897     1.000   -30706.6    24960.9    -4802.7      0.0      0.0      0.0 2018  8  2  3 16 51.09 -Inf   1
4179  30.929701  110.771896     9.540     9381.3    -3615.0     3392.5      0.0      0.0      0.0 2018  8  2  3 49 59.63 -Inf   1
4180  30.910299  110.728500     5.020     5235.0    -5766.0    -1127.5      0.0      0.0      0.0 2018  8  2  3 52 19.99 -Inf   1
4182  31.101601  110.093597     7.910   -55386.3    15443.4     1762.5      0.0      0.0      0.0 2018  8  2  5  9  9.35 -Inf   1
3632  30.933001  110.767097     9.910     9101.5    -3178.3     3864.9      0.0      0.0      0.0 2018  8  2  6 10 12.29 -Inf   1
3633  30.869900  110.951599     2.560    26740.6   -10174.2    -3485.1      0.0      0.0      0.0 2018  8  2  7 35 12.18 -Inf   1
3634  30.964199  110.357002     5.380   -30081.1      280.6     -665.1      0.0      0.0      0.0 2018  8  2  8 47 56.69 -Inf   1
4276  30.929600  110.766998     9.580     9968.4    -4031.3     3777.3      0.0      0.0      0.0 2018  8  2 13  0  7.07 -Inf   1
4186  31.051201  110.196404     6.370   -45583.0     9855.6      222.5      0.0      0.0      0.0 2018  8  2 20 18 16.56 -Inf   1
4278  30.933800  110.771698    10.150    10417.2    -3565.7     4347.3      0.0      0.0      0.0 2018  8  3  4 16 30.31 -Inf   1
4189  30.936800  110.771103     9.810     9305.2    -2827.9     3662.5      0.0      0.0      0.0 2018  8  3  4 30  5.28 -Inf   1
4281  30.929399  110.770203     9.930    10274.6    -4053.5     4127.3      0.0      0.0      0.0 2018  8  3  4 34 24.04 -Inf   1
3680  30.932800  110.768204     9.160     9625.5    -3458.1     3183.5      0.0      0.0      0.0 2018  8  3  5  9 17.39 -Inf   1
4283  31.036400  110.066002     4.000   -56984.8     7809.5    -1802.7      0.0      0.0      0.0 2018  8  3  6 39 36.25 -Inf   1
3682  31.128099  110.018898    12.000   -61912.3    18194.5     6023.5      0.0      0.0      0.0 2018  8  3  8 56 15.09 -Inf   1
4194  30.987900  110.378799    10.360   -28173.8     2837.5     4212.5      0.0      0.0      0.0 2018  8  3  9 19 19.68 -Inf   1
3643  30.874201  110.953300     4.620    26902.7    -9697.4    -1425.1      0.0      0.0      0.0 2018  8  3  9 43  9.26 -Inf   1
3685  31.132999  110.017799     8.000   -62015.6    18737.7     2023.5      0.0      0.0      0.0 2018  8  3 10 10  4.59 -Inf   1
3686  30.938700  110.767097     9.910     9519.5    -2804.0     3933.5      0.0      0.0      0.0 2018  8  3 10 19  2.25 -Inf   1
3645  31.045099  110.797203    12.930    11971.3     9249.9     6884.9      0.0      0.0      0.0 2018  8  3 17 37 16.28 -Inf   1
4289  30.998699  109.973503     6.000   -65831.6     3629.7      197.3      0.0      0.0      0.0 2018  8  4  7 32  0.75 -Inf   1
3646  31.185801  110.365402     1.800   -29244.8    24849.3    -4245.1      0.0      0.0      0.0 2018  8  4  8 14 49.06 -Inf   1
4291  31.043501  110.440201     8.280   -21246.7     8596.8     2477.3      0.0      0.0      0.0 2018  8  4  8 30 18.61 -Inf   1
4292  30.872499  110.947998     1.770    27272.1   -10361.9    -4032.7      0.0      0.0      0.0 2018  8  4  9 45 36.14 -Inf   1
3649  30.901501  110.723198     1.220     4907.4    -6670.7    -4825.1      0.0      0.0      0.0 2018  8  4 11 41 40.28 -Inf   1
3691  31.075399  110.198799     2.560   -44751.3    12351.7    -3416.5      0.0      0.0      0.0 2018  8  4 14  9 37.34 -Inf   1
3651  31.047600  110.199402     6.220   -45118.9     9527.2      174.9      0.0      0.0      0.0 2018  8  4 18 10 35.08 -Inf   1
3653  30.905800  110.717697     6.320     4381.6    -6194.0      274.9      0.0      0.0      0.0 2018  8  5  3 20 53.68 -Inf   1
3694  30.770300  110.769897    16.020     9795.6   -21474.4    10043.5      0.0      0.0      0.0 2018  8  5  6 29 10.02 -Inf   1
4306  30.933300  110.770699     9.270    10321.8    -3621.1     3467.3      0.0      0.0      0.0 2018  8  5 20 51  0.12 -Inf   1
4307  30.936100  110.767403    10.440    10006.7    -3310.6     4637.3      0.0      0.0      0.0 2018  8  5 21 54 15.72 -Inf   1
4212  30.784100  110.988701     5.340    30121.5   -19757.6     -807.5      0.0      0.0      0.0 2018  8  6  3 46 46.39 -Inf   1
3658  31.273300  110.848701     3.490    16869.5    34550.3    -2555.1      0.0      0.0      0.0 2018  8  6  4 12 28.53 -Inf   1
4310  30.841299  110.448799     1.000   -20446.9   -13821.1    -4802.7      0.0      0.0      0.0 2018  8  6  5 19  5.08 -Inf   1
3700  31.207701  110.349297     4.350   -30360.2    27019.8    -1626.5      0.0      0.0      0.0 2018  8  6  5 43 58.74 -Inf   1
4312  30.979099  110.787300     3.800    11905.3     1456.7    -2002.7      0.0      0.0      0.0 2018  8  6  5 49 57.91 -Inf   1
4313  30.908899  110.725403     4.860     5994.3    -6326.3     -942.7      0.0      0.0      0.0 2018  8  6  7 29 52.48 -Inf   1
3703  31.167601  110.370598     3.280   -28333.5    22573.9    -2696.5      0.0      0.0      0.0 2018  8  6  8 38 54.63 -Inf   1
4315  31.233700  110.346703     1.000   -30145.9    29684.0    -4802.7      0.0      0.0      0.0 2018  8  6  8 41 43.01 -Inf   1
4316  30.803101  110.988899     1.460    31192.9   -18056.1    -4342.7      0.0      0.0      0.0 2018  8  6 10 54 11.92 -Inf   1
4319  31.036501  110.453201     3.850   -20005.9     7820.7    -1952.7      0.0      0.0      0.0 2018  8  6 17  4 44.96 -Inf   1
3668  31.004499  110.722702     7.340     4857.4     4748.7     1294.9      0.0      0.0      0.0 2018  8  6 21 48 26.24 -Inf   1
3710  30.762199  111.195297     5.500    50481.3   -22372.4     -476.5      0.0      0.0      0.0 2018  8  7  0 59 59.91 -Inf   1
4224  30.810699  110.935501     4.530    25030.5   -16808.5    -1617.5      0.0      0.0      0.0 2018  8  7  3 48 44.38 -Inf   1
4325  30.899500  110.729401     1.000     6376.7    -7368.4    -4802.7      0.0      0.0      0.0 2018  8  7  4  9 32.16 -Inf   1
4226  30.912399  110.914101     1.040    22972.2    -5533.2    -5107.5      0.0      0.0      0.0 2018  8  7  4 28  8.26 -Inf   1
4327  30.919399  110.903099     3.080    22974.9    -5162.2    -2722.7      0.0      0.0      0.0 2018  8  7  4 42 39.62 -Inf   1
4328  30.877800  110.944000     3.210    26889.3    -9774.3    -2592.7      0.0      0.0      0.0 2018  8  7  9 34 32.56 -Inf   1
4329  31.102100  110.208801     5.180   -43332.1    15093.7     -622.7      0.0      0.0      0.0 2018  8  7 12  5 53.32 -Inf   1
4230  30.898399  110.576797     6.120    -9263.5    -7085.3      -27.5      0.0      0.0      0.0 2018  8  7 14 38 47.95 -Inf   1
4332  30.903601  110.583298     8.150    -7586.4    -6913.8     2347.3      0.0      0.0      0.0 2018  8  7 14 45 54.60 -Inf   1
4233  30.892900  111.147903     5.950    45320.5    -7695.0     -197.5      0.0      0.0      0.0 2018  8  7 16 20 57.42 -Inf   1
4234  31.041901  110.444099     4.520   -21929.6     8824.5    -1627.5      0.0      0.0      0.0 2018  8  7 17 10 38.90 -Inf   1
3678  31.039499  110.454903     4.370   -20719.4     8629.1    -1675.1      0.0      0.0      0.0 2018  8  7 17 52 42.90 -Inf   1
3720  30.931700  110.763000    11.390     9128.3    -3580.1     5413.5      0.0      0.0      0.0 2018  8  7 19 19 57.10 -Inf   1
3722  31.065901  110.817703     9.650    14345.5    11298.6     3673.5      0.0      0.0      0.0 2018  8  7 22 32 54.36 -Inf   1
4238  30.945999  110.949799     2.730    26379.1    -1808.0    -3417.5      0.0      0.0      0.0 2018  8  8  2 42 35.14 -Inf   1
4340  31.173599  110.236801     0.440   -40643.8    23020.7    -5362.7      0.0      0.0      0.0 2018  8  8  3 29 36.85 -Inf   1
4341  30.899700  110.725899     1.470     6042.0    -7346.2    -4332.7      0.0      0.0      0.0 2018  8  8  5  1 31.75 -Inf   1
4242  30.997101  110.721497     7.400     4563.6     3857.6     1252.5      0.0      0.0      0.0 2018  8  8  6 14 37.42 -Inf   1
3686  30.873400  110.940300     1.480    25660.1    -9786.2    -4565.1      0.0      0.0      0.0 2018  8  8  7 19  6.86 -Inf   1
4245  30.737000  110.891502     4.960    20831.4   -24979.6    -1187.5      0.0      0.0      0.0 2018  8  8  8 28 40.57 -Inf   1
3690  30.980801  110.369598     6.530   -28875.1     2121.2      484.9      0.0      0.0      0.0 2018  8  8 11 18 28.60 -Inf   1
4249  31.002199  110.722198     7.410     4630.6     4422.8     1262.5      0.0      0.0      0.0 2018  8  8 12 17  9.32 -Inf   1
4251  30.842899  110.642601     7.140    -2975.2   -13238.6      992.5      0.0      0.0      0.0 2018  8  8 18  9  6.80 -Inf   1
4253  31.044399  110.434700     7.930   -22827.0     9101.5     1782.5      0.0      0.0      0.0 2018  8  8 20 58  5.10 -Inf   1
4354  30.867201  111.097198     6.830    41534.6   -10949.4     1027.3      0.0      0.0      0.0 2018  8  9  1 29 44.33 -Inf   1
4356  30.730900  111.113602     4.770    43132.9   -26061.0    -1032.7      0.0      0.0      0.0 2018  8  9  2  5  1.20 -Inf   1
4260  30.996799  110.716301     9.070     4067.3     3824.2     2922.5      0.0      0.0      0.0 2018  8  9  4 47 22.59 -Inf   1
4261  31.028700  110.458504     1.000   -20555.4     7360.9    -5147.5      0.0      0.0      0.0 2018  8  9  5 16 33.95 -Inf   1
3697  31.012199  110.801804    11.230    12412.8     5602.4     5184.9      0.0      0.0      0.0 2018  8  9  8 10 21.46 -Inf   1
4264  30.908199  110.724503     1.540     4853.0    -5998.8    -4607.5      0.0      0.0      0.0 2018  8  9  8 32 19.37 -Inf   1
4362  30.800900  110.968697     7.490    29261.4   -18300.2     1687.3      0.0      0.0      0.0 2018  8  9  9 10 33.99 -Inf   1
4366  30.929501  110.787598    14.450    11936.8    -4042.3     8647.3      0.0      0.0      0.0 2018  8  9 21 54 36.34 -Inf   1
3744  30.928200  110.788002    11.710    11517.6    -3968.2     5733.5      0.0      0.0      0.0 2018  8  9 22 23 38.76 -Inf   1
4368  31.172300  110.249001     3.750   -39479.8    22876.7    -2052.7      0.0      0.0      0.0 2018  8 10  0 36 54.44 -Inf   1
4369  30.914700  110.902298     4.640    22898.9    -5683.3    -1162.7      0.0      0.0      0.0 2018  8 10  1 48 29.77 -Inf   1
3704  30.916800  110.898300     2.830    21640.6    -4974.5    -3215.1      0.0      0.0      0.0 2018  8 10  3 41 59.29 -Inf   1
4274  30.915400  110.902000     1.760    21815.5    -5200.5    -4387.5      0.0      0.0      0.0 2018  8 10  3 59 14.18 -Inf   1
4275  30.814899  110.667198    12.570     -623.8   -16342.9     6422.5      0.0      0.0      0.0 2018  8 10  6 46 31.10 -Inf   1
3707  30.816700  110.668297     9.970     -339.8   -16072.4     3924.9      0.0      0.0      0.0 2018  8 10  6 51 52.00 -Inf   1
4277  30.904600  110.728600     4.020     5244.7    -6397.9    -2127.5      0.0      0.0      0.0 2018  8 10  7 42 56.19 -Inf   1
3709  30.817499  110.664001     9.580     -750.5   -15983.8     3534.9      0.0      0.0      0.0 2018  8 10 15 43  2.11 -Inf   1
4283  31.057301  110.182999     7.890   -46861.7    10531.9     1742.5      0.0      0.0      0.0 2018  8 10 16  9  6.02 -Inf   1
4379  31.056200  110.177803     9.580   -46302.6    10004.7     3777.3      0.0      0.0      0.0 2018  8 10 16 13 27.08 -Inf   1
3755  30.927900  110.793098    10.180    12004.6    -4001.4     4203.5      0.0      0.0      0.0 2018  8 10 18 16 56.92 -Inf   1
4289  30.932100  110.795097     9.430    11598.2    -3349.0     3282.5      0.0      0.0      0.0 2018  8 10 19 19 26.20 -Inf   1
4384  31.057899  110.180099     6.810   -46082.9    10193.2     1007.3      0.0      0.0      0.0 2018  8 10 19 53 33.52 -Inf   1
4292  30.868700  110.939499     3.840    25405.2   -10378.1    -2307.5      0.0      0.0      0.0 2018  8 11  2 47 10.46 -Inf   1
4386  30.752300  110.838501     7.530    16816.3   -23688.3     1727.3      0.0      0.0      0.0 2018  8 11  2 49  5.34 -Inf   1
4387  30.899799  110.721397     1.000     5611.8    -7335.2    -4802.7      0.0      0.0      0.0 2018  8 11  4 54 20.37 -Inf   1
4388  31.137899  110.017303     8.000   -61603.1    19062.7     2197.3      0.0      0.0      0.0 2018  8 11  5 52 11.66 -Inf   1
3719  30.903400  110.745201    10.360     7010.2    -6460.0     4314.9      0.0      0.0      0.0 2018  8 11  6 31 11.67 -Inf   1
3762  30.890100  111.147301     7.050    45860.5    -8192.2     1073.5      0.0      0.0      0.0 2018  8 11 12 12 25.91 -Inf   1
4393  30.877399  111.166199     8.570    48127.6    -9818.7     2767.3      0.0      0.0      0.0 2018  8 11 20  1 22.44 -Inf   1
4299  30.815300  110.664398    10.270     -891.5   -16298.5     4122.5      0.0      0.0      0.0 2018  8 11 20  4 39.00 -Inf   1
4395  30.838400  110.471001     1.000   -18324.8   -14142.5    -4802.7      0.0      0.0      0.0 2018  8 11 21 33 48.08 -Inf   1
4396  30.903400  110.635101     5.140    -2635.6    -6936.0     -662.7      0.0      0.0      0.0 2018  8 12  0 23 14.89 -Inf   1
4398  30.764000  111.122597     7.080    43985.8   -22391.2     1277.3      0.0      0.0      0.0 2018  8 12  6 30 11.38 -Inf   1
3764  30.881599  110.951500     1.000    27147.7    -9134.7    -4976.5      0.0      0.0      0.0 2018  8 12  9 48 26.75 -Inf   1
4400  30.878500  110.906898     3.670    23342.9    -9696.7    -2132.7      0.0      0.0      0.0 2018  8 12 11  3 44.95 -Inf   1
4304  31.055599  110.435501     2.560   -22749.1    10343.2    -3587.5      0.0      0.0      0.0 2018  8 12 14 35 58.79 -Inf   1
4402  31.054399  110.722900     9.240     5750.8     9805.1     3437.3      0.0      0.0      0.0 2018  8 13  3 28 29.25 -Inf   1
4305  30.786200  110.999496     5.110    31153.5   -19524.8    -1037.5      0.0      0.0      0.0 2018  8 13  4 15 32.54 -Inf   1
3729  30.870600  110.948402     3.190    26435.0   -10096.6    -2855.1      0.0      0.0      0.0 2018  8 13  6 42 28.15 -Inf   1
3730  30.876101  110.946098     1.890    26214.0    -9486.8    -4155.1      0.0      0.0      0.0 2018  8 13  9 15 40.30 -Inf   1
3770  31.133101  110.009300     6.000   -62826.8    18749.0       23.5      0.0      0.0      0.0 2018  8 13  9 23 56.30 -Inf   1
4408  30.874901  110.946503     1.460    27128.9   -10095.7    -4342.7      0.0      0.0      0.0 2018  8 14  2  1  2.40 -Inf   1
3733  30.787701  110.985199     2.020    29965.1   -19287.6    -4025.1      0.0      0.0      0.0 2018  8 14  3 36 47.94 -Inf   1
4410  31.016300  110.536697     1.000   -12032.9     5581.1    -4802.7      0.0      0.0      0.0 2018  8 14  3 39  3.94 -Inf   1
4411  31.235300  110.310204     5.330   -33627.8    29861.4     -472.7      0.0      0.0      0.0 2018  8 14  4  6 58.56 -Inf   1
3776  30.810499  110.926201     1.050    24738.7   -17017.5    -4926.5      0.0      0.0      0.0 2018  8 14  8 12 34.39 -Inf   1
3777  30.867800  110.951302     2.000    27130.7   -10664.7    -3976.5      0.0      0.0      0.0 2018  8 14  8 34 10.51 -Inf   1
3778  31.189699  110.147598     4.000   -49610.8    25024.0    -1976.5      0.0      0.0      0.0 2018  8 14  9 50 52.18 -Inf   1
4415  30.969601  110.369301    10.120   -28028.4      403.6     4317.3      0.0      0.0      0.0 2018  8 14 10 28 48.54 -Inf   1
3780  31.042500  110.454697     3.770   -20320.4     8704.1    -2206.5      0.0      0.0      0.0 2018  8 14 19 45 34.68 -Inf   1
4417  31.083000  110.811996    12.790    14256.9    12976.0     6987.3      0.0      0.0      0.0 2018  8 14 21 35 55.38 -Inf   1
4418  31.024599  110.573799     4.540    -8488.9     6501.2    -1262.7      0.0      0.0      0.0 2018  8 15  5 29 13.14 -Inf   1
3743  30.770399  110.916100     2.380    23359.3   -21205.8    -3665.1      0.0      0.0      0.0 2018  8 15  6 23 57.68 -Inf   1
4321  30.912500  110.901398     2.020    21758.2    -5522.0    -4127.5      0.0      0.0      0.0 2018  8 15  7 19 40.39 -Inf   1
3785  30.905001  110.899597     3.070    22184.1    -6540.2    -2906.5      0.0      0.0      0.0 2018  8 15  7 31 40.33 -Inf   1
4324  30.791901  110.677002    11.130      313.6   -18892.7     4982.5      0.0      0.0      0.0 2018  8 15 17 34 35.28 -Inf   1
4424  30.771299  110.753899     1.000     8723.8   -21581.9    -4802.7      0.0      0.0      0.0 2018  8 16  5  8 22.10 -Inf   1
3749  30.945801  110.438904     6.310   -22258.2    -1759.2      264.9      0.0      0.0      0.0 2018  8 16  6 59 39.91 -Inf   1
3789  30.722500  110.853996     7.330    17842.8   -26773.9     1353.5      0.0      0.0      0.0 2018  8 16  7 55 17.95 -Inf   1
4329  30.740801  110.835403     7.280    15465.1   -24558.1     1132.5      0.0      0.0      0.0 2018  8 16  8 22 33.52 -Inf   1
4428  30.874201  110.946198     1.820    27099.8   -10173.3    -3982.7      0.0      0.0      0.0 2018  8 16  9 49 31.64 -Inf   1
3793  31.045000  110.451500     6.670   -20625.4     8981.4      693.5      0.0      0.0      0.0 2018  8 16 15 44 10.15 -Inf   1
4430  31.170300  110.334396     1.000   -31330.3    22654.8    -4802.7      0.0      0.0      0.0 2018  8 17  2 34 20.80 -Inf   1
3755  31.240200  110.317802    13.730   -33777.8    30880.5     7684.9      0.0      0.0      0.0 2018  8 17  2 44  3.41 -Inf   1
4432  31.129200  110.874901     1.000    20258.2    18098.2    -4802.7      0.0      0.0      0.0 2018  8 17  3 33 13.58 -Inf   1
4336  31.198299  110.334999     1.200   -32322.7    26164.2    -4947.5      0.0      0.0      0.0 2018  8 17  3 37 11.80 -Inf   1
4435  31.021601  110.538498     1.000   -11860.6     6168.8    -4802.7      0.0      0.0      0.0 2018  8 17  6 41 29.37 -Inf   1
3759  30.936899  110.948700     0.660    26454.3    -2746.1    -5385.1      0.0      0.0      0.0 2018  8 17  6 48 50.66 -Inf   1
3800  31.181700  110.352997     1.000   -30011.1    24137.1    -4976.5      0.0      0.0      0.0 2018  8 17  8 46 42.13 -Inf   1
4339  30.871300  110.945503     3.900    25978.8   -10089.8    -2247.5      0.0      0.0      0.0 2018  8 17  9 47 50.66 -Inf   1
4438  31.037399  110.458900    13.040   -19461.5     7920.3     7237.3      0.0      0.0      0.0 2018  8 17 21 10 47.32 -Inf   1
4439  30.920099  110.905296     6.490    23184.8    -5084.6      687.3      0.0      0.0      0.0 2018  8 18  2 41 31.45 -Inf   1
4440  30.757000  111.097504     1.170    41587.4   -23167.3    -4632.7      0.0      0.0      0.0 2018  8 18  5 59 59.03 -Inf   1
3802  30.727900  110.901802     4.620    22415.3   -26175.2    -1356.5      0.0      0.0      0.0 2018  8 18  8 16 52.96 -Inf   1
4346  31.130400  110.303802     1.760   -35312.1    18636.3    -4387.5      0.0      0.0      0.0 2018  8 18 14 18  1.80 -Inf   1
4348  30.809799  110.926498     0.560    24169.8   -16908.3    -5587.5      0.0      0.0      0.0 2018  8 19  3  3  3.99 -Inf   1
4445  30.798401  110.941902     3.740    26699.7   -18577.2    -2062.7      0.0      0.0      0.0 2018  8 19  4 26 13.93 -Inf   1
4350  30.959400  110.267097     4.780   -38850.4     -322.2    -1367.5      0.0      0.0      0.0 2018  8 19  4 59  5.96 -Inf   1
4447  31.078300  110.274902     6.050   -37026.0    12455.0      247.3      0.0      0.0      0.0 2018  8 19  5 47 30.44 -Inf   1
4448  30.968300  110.371002     7.740   -27866.0      259.3     1937.3      0.0      0.0      0.0 2018  8 19  6 46 58.37 -Inf   1
4449  30.868999  110.947899     0.450    27263.1   -10750.0    -5352.7      0.0      0.0      0.0 2018  8 19  8 45 26.06 -Inf   1
4451  31.188601  110.357101     1.000   -29160.7    24683.8    -4802.7      0.0      0.0      0.0 2018  8 19  9 42 53.03 -Inf   1
3771  30.820299  110.669098     8.080     -263.2   -15673.4     2034.9      0.0      0.0      0.0 2018  8 19 12  2 37.83 -Inf   1
3772  31.042299  110.448303     6.600   -21349.4     8939.5      554.9      0.0      0.0      0.0 2018  8 19 13 50 25.16 -Inf   1
4454  30.975401  110.792297    10.700    12382.9     1046.6     4897.3      0.0      0.0      0.0 2018  8 19 17 38 23.52 -Inf   1
4358  31.045000  110.433899     8.370   -22903.4     9168.1     2222.5      0.0      0.0      0.0 2018  8 19 20 51 51.92 -Inf   1
4456  31.029699  110.502403     6.920   -15307.4     7066.6     1117.3      0.0      0.0      0.0 2018  8 19 21 58  0.56 -Inf   1
4457  31.017599  110.506104     1.010   -14955.0     5725.1    -4792.7      0.0      0.0      0.0 2018  8 19 21 59 39.56 -Inf   1
4362  31.040001  110.447899     4.540   -21566.9     8613.9    -1607.5      0.0      0.0      0.0 2018  8 19 22 13 44.22 -Inf   1
3817  30.868200  110.976501     4.000    29539.4   -10620.2    -1976.5      0.0      0.0      0.0 2018  8 20  2 20 34.63 -Inf   1
4461  30.789301  111.000298     1.000    32285.0   -19586.1    -4802.7      0.0      0.0      0.0 2018  8 20  3 32  2.96 -Inf   1
4462  30.985201  110.377502     3.320   -27242.6     2133.1    -2482.7      0.0      0.0      0.0 2018  8 20  3 38 17.29 -Inf   1
4463  31.016399  110.459099     1.000   -19444.6     5592.1    -4802.7      0.0      0.0      0.0 2018  8 20  4  7 50.13 -Inf   1
4366  30.764700  111.107300     4.330    41467.3   -21908.4    -1817.5      0.0      0.0      0.0 2018  8 20  7 28 56.34 -Inf   1
4465  30.869301  110.947197     1.730    27196.0   -10716.6    -4072.7      0.0      0.0      0.0 2018  8 20  8 15 11.75 -Inf   1
4466  30.882799  110.673599     3.710     1043.7    -9220.0    -2092.7      0.0      0.0      0.0 2018  8 20  8 47  3.39 -Inf   1
3825  31.223200  110.312202     1.000   -33896.9    28738.2    -4976.5      0.0      0.0      0.0 2018  8 20  9 31 58.29 -Inf   1
3826  30.876400  110.903503     3.580    22560.7    -9711.2    -2396.5      0.0      0.0      0.0 2018  8 20 10  7  0.08 -Inf   1
4372  31.028000  110.462601     1.850   -20164.1     7283.3    -4297.5      0.0      0.0      0.0 2018  8 20 16 28 23.97 -Inf   1
4374  30.926600  110.760002    10.080     8244.9    -3958.8     3932.5      0.0      0.0      0.0 2018  8 20 17 44 14.28 -Inf   1
4473  31.143600  110.314201     1.970   -33262.3    19694.7    -3832.7      0.0      0.0      0.0 2018  8 20 18 54 57.24 -Inf   1
4375  30.928301  110.761299     9.960     8368.7    -3770.2     3812.5      0.0      0.0      0.0 2018  8 20 21 19 21.18 -Inf   1
4476  30.903099  110.894997     4.430    22202.5    -6969.4    -1372.7      0.0      0.0      0.0 2018  8 21  4 28 43.30 -Inf   1
4477  31.018900  110.148598     7.790   -49101.0     5869.3     1987.3      0.0      0.0      0.0 2018  8 21  6 46 41.45 -Inf   1
3833  31.163300  110.379898     3.830   -27446.5    22097.1    -2146.5      0.0      0.0      0.0 2018  8 21  7  5 27.23 -Inf   1
3834  30.916901  110.900497     4.970    22268.7    -5220.9    -1006.5      0.0      0.0      0.0 2018  8 21  9  4 42.19 -Inf   1
3835  30.732100  110.925797     8.720    24710.0   -25709.6     2743.5      0.0      0.0      0.0 2018  8 21  9 54  4.08 -Inf   1
4383  31.003401  110.142700     1.310   -50724.1     4556.1    -4837.5      0.0      0.0      0.0 2018  8 21 10 51 15.83 -Inf   1
4482  31.102900  110.318001     1.000   -32906.6    15182.3    -4802.7      0.0      0.0      0.0 2018  8 21 20 37 33.52 -Inf   1
4483  31.075199  110.810600    10.090    14124.2    12111.1     4287.3      0.0      0.0      0.0 2018  8 22  2 18  3.15 -Inf   1
4386  31.044300  110.449997     1.240   -21366.1     9090.5    -4907.5      0.0      0.0      0.0 2018  8 22  4 40 57.17 -Inf   1
4485  30.846300  110.931000     3.460    25650.8   -13266.6    -2342.7      0.0      0.0      0.0 2018  8 22  6 25 29.98 -Inf   1
3840  30.939600  110.467003     8.250   -19155.4    -2704.2     2273.5      0.0      0.0      0.0 2018  8 22  7  7  2.06 -Inf   1
4487  30.870899  110.940598     1.890    26565.0   -10539.4    -3912.7      0.0      0.0      0.0 2018  8 22  8 44 34.73 -Inf   1
4389  31.015200  110.152802     7.070   -49756.2     5864.2      922.5      0.0      0.0      0.0 2018  8 22  9 23 16.59 -Inf   1
4391  31.087400  110.201401     1.000   -45097.3    13869.0    -5147.5      0.0      0.0      0.0 2018  8 22  9 54 10.73 -Inf   1
4492  31.065599  110.273903     1.000   -37123.9    11046.8    -4802.7      0.0      0.0      0.0 2018  8 22 18 34 33.56 -Inf   1
4493  30.963301  110.476898     6.620   -17749.5     -294.9      817.3      0.0      0.0      0.0 2018  8 22 18 55 50.44 -Inf   1
4396  31.138300  110.060402     1.000   -58544.4    19512.2    -5147.5      0.0      0.0      0.0 2018  8 23  3 22 31.00 -Inf   1
4397  31.178400  110.371101     5.760   -28880.6    23958.0     -387.5      0.0      0.0      0.0 2018  8 23  3 55  6.98 -Inf   1
4398  31.201599  110.086998     0.890   -55987.2    26530.1    -5257.5      0.0      0.0      0.0 2018  8 23  5  8 39.96 -Inf   1
4399  31.239100  110.057701     9.340   -58771.3    30687.7     3192.5      0.0      0.0      0.0 2018  8 23  5 25 13.23 -Inf   1
4497  30.971600  110.784599     8.720    11647.7      625.2     2917.3      0.0      0.0      0.0 2018  8 23  6 11  6.65 -Inf   1
4401  31.019501  110.144897     1.040   -50510.0     6341.0    -5107.5      0.0      0.0      0.0 2018  8 23  6 20  7.91 -Inf   1
3807  31.208401  110.390701     1.000   -26827.3    27355.0    -5045.1      0.0      0.0      0.0 2018  8 23 10  7 10.32 -Inf   1
3808  31.053801  110.138298     7.410   -50952.7    10214.6     1364.9      0.0      0.0      0.0 2018  8 23 10 56 56.44 -Inf   1
3850  31.025801  110.425102     6.130   -23148.7     6852.7      153.5      0.0      0.0      0.0 2018  8 23 19  6 39.68 -Inf   1
4502  31.045200  110.453201     9.080   -20004.9     8785.2     3277.3      0.0      0.0      0.0 2018  8 23 22 38 59.72 -Inf   1
3813  31.130301  110.031097     8.000   -61165.7    18696.1     1954.9      0.0      0.0      0.0 2018  8 24  6 22 23.42 -Inf   1
4505  31.014500  110.147102     0.640   -49245.0     5381.5    -5162.7      0.0      0.0      0.0 2018  8 24  7  3 31.27 -Inf   1
4408  30.872200  110.668404     6.420     -508.4    -9990.0      272.5      0.0      0.0      0.0 2018  8 24  7 13 11.46 -Inf   1
3854  30.908800  110.648003     4.460    -1860.7    -6119.0    -1516.5      0.0      0.0      0.0 2018  8 24  7 38 51.46 -Inf   1
3816  31.168200  110.378197     1.200   -28026.4    22897.9    -4845.1      0.0      0.0      0.0 2018  8 24  7 50  6.21 -Inf   1
4509  31.099300  110.103302     1.000   -53405.0    14783.2    -4802.7      0.0      0.0      0.0 2018  8 24 10 58 41.33 -Inf   1
4510  31.044701  110.182297     8.110   -45876.2     8729.8     2307.3      0.0      0.0      0.0 2018  8 24 11 56 37.80 -Inf   1
4417  31.015400  110.134598     8.640   -51494.9     5886.4     2492.5      0.0      0.0      0.0 2018  8 25  1 28 19.92 -Inf   1
3824  31.103399  110.091599     5.990   -55398.1    15713.6      -55.1      0.0      0.0      0.0 2018  8 25  4  7 35.45 -Inf   1
3825  30.909201  110.895599     3.090    21383.4    -5817.0    -2955.1      0.0      0.0      0.0 2018  8 25  4 21 49.41 -Inf   1
4518  31.130501  110.035103     1.000   -59906.4    18242.4    -4802.7      0.0      0.0      0.0 2018  8 25  7 48 20.31 -Inf   1
4423  30.978201  110.072304     8.000   -57456.0     1762.2     1852.5      0.0      0.0      0.0 2018  8 25  8 42 23.63 -Inf   1
3829  30.871599  110.945999     1.740    26205.1    -9985.8    -4305.1      0.0      0.0      0.0 2018  8 25  9 56 53.71 -Inf   1
4522  31.053400  110.438202     2.050   -21436.5     9694.3    -3752.7      0.0      0.0      0.0 2018  8 25 22 11  6.54 -Inf   1
3832  31.022100  110.369400     4.600   -28887.9     6700.1    -1445.1      0.0      0.0      0.0 2018  8 26  1 11  9.25 -Inf   1
3869  31.278601  110.925598     1.000    24621.1    34880.4    -4976.5      0.0      0.0      0.0 2018  8 26  3 12 44.08 -Inf   1
4430  30.928400  110.958397     4.520    27203.2    -3759.2    -1627.5      0.0      0.0      0.0 2018  8 26  4 42 54.32 -Inf   1
4431  30.975500  110.795700     1.240    11653.2     1462.7    -4907.5      0.0      0.0      0.0 2018  8 26  8  1 26.83 -Inf   1
3872  31.034599  110.600304    10.900    -6415.0     7828.2     4923.5      0.0      0.0      0.0 2018  8 26  9 50 46.14 -Inf   1
4433  31.029301  110.588997     9.390    -8092.0     7427.5     3242.5      0.0      0.0      0.0 2018  8 26 11 25 43.29 -Inf   1
3837  31.022100  110.571899     7.730    -9546.6     6700.1     1684.9      0.0      0.0      0.0 2018  8 26 15 17 13.08 -Inf   1
4531  31.023600  110.584702     6.860    -7447.6     6390.4     1057.3      0.0      0.0      0.0 2018  8 26 17 22 44.52 -Inf   1
4533  31.133301  110.248802     4.190   -39506.8    18552.8    -1612.7      0.0      0.0      0.0 2018  8 26 19 25 18.74 -Inf   1
4437  31.072800  110.813797     8.480    13375.4    12250.2     2332.5      0.0      0.0      0.0 2018  8 26 21  5 56.14 -Inf   1
3878  31.020599  110.576202     8.270    -8717.4     6276.1     2293.5      0.0      0.0      0.0 2018  8 27  1  3  2.42 -Inf   1
4439  31.018999  110.576302     6.780    -9305.0     6285.4      632.5      0.0      0.0      0.0 2018  8 27  1 22 32.56 -Inf   1
4538  30.878599  110.894203     1.090    22129.5    -9685.7    -4712.7      0.0      0.0      0.0 2018  8 27  1 29 22.04 -Inf   1
3881  31.014400  110.155197     7.910   -48930.2     5588.8     1933.5      0.0      0.0      0.0 2018  8 27  1 54  2.97 -Inf   1
3882  31.003201  110.110199     6.550   -53231.3     4347.1      573.5      0.0      0.0      0.0 2018  8 27  5 47 42.01 -Inf   1
4541  31.236700  110.084602     7.610   -55150.9    30016.6     1807.3      0.0      0.0      0.0 2018  8 27  6 16 37.27 -Inf   1
4542  31.013800  110.147499     7.740   -49207.3     5303.9     1937.3      0.0      0.0      0.0 2018  8 27  9  9 24.21 -Inf   1
4543  31.006001  110.127296    10.310   -51139.0     4439.2     4507.3      0.0      0.0      0.0 2018  8 27  9 31 53.70 -Inf   1
4443  30.989100  110.603500     7.910    -6708.2     2970.5     1762.5      0.0      0.0      0.0 2018  8 27 10 48 28.53 -Inf   1
4545  30.914499  110.892303     0.060    21943.8    -5705.5    -5742.7      0.0      0.0      0.0 2018  8 27 10 52 38.05 -Inf   1
4445  31.040501  110.447800     3.570   -21576.4     8669.3    -2577.5      0.0      0.0      0.0 2018  8 27 15 52 11.41 -Inf   1
4446  31.162800  110.496803     2.020   -16885.6    22228.4    -4127.5      0.0      0.0      0.0 2018  8 27 16 20 45.43 -Inf   1
3888  31.027599  110.446999    11.890   -21057.2     7052.2     5913.5      0.0      0.0      0.0 2018  8 27 20 15 21.60 -Inf   1
3853  31.024401  110.578300     7.070    -8935.1     6955.1     1024.9      0.0      0.0      0.0 2018  8 27 20 33 16.80 -Inf   1
3854  31.022499  110.581596     7.010    -8620.4     6744.3      964.9      0.0      0.0      0.0 2018  8 27 21 29 40.20 -Inf   1
4551  31.019699  110.579201     6.500    -7973.2     5957.9      697.3      0.0      0.0      0.0 2018  8 27 21 51 28.20 -Inf   1
3856  31.022800  110.572701     6.780    -9470.1     6777.7      734.9      0.0      0.0      0.0 2018  8 27 22 51  8.72 -Inf   1
4456  31.043600  110.446404     1.550   -21709.4     9012.9    -4597.5      0.0      0.0      0.0 2018  8 27 23  7 41.88 -Inf   1
4556  30.728600  111.106003     1.000    42406.5   -26316.0    -4802.7      0.0      0.0      0.0 2018  8 28  2 40 39.29 -Inf   1
3859  30.917500  110.907303     3.170    22500.9    -4896.9    -2875.1      0.0      0.0      0.0 2018  8 28  5 16  1.88 -Inf   1
3896  30.910900  110.902397     1.340    22451.0    -5886.2    -4636.5      0.0      0.0      0.0 2018  8 28  5 25 24.69 -Inf   1
4462  30.870199  110.083397     6.540    -3682.0     -496.4     4100.0      0.0      0.0      0.0 2018  8 28  6 25 15.40 -Inf   2
4463  30.955299  110.470901     7.280   -19378.6     -776.9     1132.5      0.0      0.0      0.0 2018  8 28  6 28 30.13 -Inf   1
4562  31.021999  110.148201     1.400   -49138.1     6212.9    -4402.7      0.0      0.0      0.0 2018  8 28  7 57  4.15 -Inf   1
4564  31.165501  110.329597     4.330   -31789.1    22122.8    -1472.7      0.0      0.0      0.0 2018  8 28 22  7 30.64 -Inf   1
4466  30.976299  110.391502     1.120   -26961.9     1551.3    -5027.5      0.0      0.0      0.0 2018  8 29  4  3  8.86 -Inf   1
4566  30.907101  110.148903     6.580   -49100.3    -6525.7      777.3      0.0      0.0      0.0 2018  8 29  5 56 28.84 -Inf   1
3903  31.123501  110.034500     1.000   -60424.3    17684.6    -4976.5      0.0      0.0      0.0 2018  8 29  7 10 16.71 -Inf   1
3904  31.174801  110.108597     7.210   -53336.7    23372.2     1233.5      0.0      0.0      0.0 2018  8 29  7 31 54.67 -Inf   1
3869  30.745600  110.918198     5.740    23563.0   -23955.2     -305.1      0.0      0.0      0.0 2018  8 29  9  3 58.29 -Inf   1
4570  30.748400  111.185898     1.000    50043.8   -24120.8    -4802.7      0.0      0.0      0.0 2018  8 29 11  2 30.44 -Inf   1
4571  30.856100  110.801102     4.660    13232.2   -12180.1    -1142.7      0.0      0.0      0.0 2018  8 29 12  3 46.97 -Inf   1
4474  31.040300  110.192001     4.310   -46006.0     8647.1    -1837.5      0.0      0.0      0.0 2018  8 29 18 34 22.32 -Inf   1
4475  31.042101  110.180000     4.600   -47151.7     8846.7    -1547.5      0.0      0.0      0.0 2018  8 29 18 46 45.44 -Inf   1
3910  31.039801  110.440102     7.020   -21714.5     8404.9     1043.5      0.0      0.0      0.0 2018  8 29 20 16 47.80 -Inf   1
3911  30.927099  110.833000    14.780    15817.6    -4090.2     8803.5      0.0      0.0      0.0 2018  8 30  0 23  5.77 -Inf   1
3912  31.201799  110.364304     4.770   -28929.1    26365.5    -1206.5      0.0      0.0      0.0 2018  8 30  1 49 45.06 -Inf   1
4577  30.948500  110.359703    10.950   -28948.5    -1935.9     5147.3      0.0      0.0      0.0 2018  8 30  2 27 58.30 -Inf   1
3914  31.317301  110.847702     4.000    17187.6    39171.0    -1976.5      0.0      0.0      0.0 2018  8 30  3 36 51.45 -Inf   1
4580  30.974100  110.778801     1.580    11093.6      902.4    -4222.7      0.0      0.0      0.0 2018  8 30  4 25 31.91 -Inf   1
4582  31.163900  110.227501     7.280   -41533.5    21945.4     1477.3      0.0      0.0      0.0 2018  8 30 11 49 50.54 -Inf   1
4485  30.803801  110.742897    10.170     6614.5   -17573.4     4022.5      0.0      0.0      0.0 2018  8 30 16 45 25.21 -Inf   1
4585  31.037901  110.467499     8.830   -18640.3     7975.9     3027.3      0.0      0.0      0.0 2018  8 30 18 16 57.80 -Inf   1
3883  30.983299  110.378502    15.150   -28024.2     2398.2     9104.9      0.0      0.0      0.0 2018  8 31  2  6 34.15 -Inf   1
4488  30.876699  110.909302     3.610    22517.7    -9491.2    -2537.5      0.0      0.0      0.0 2018  8 31  4 29 32.05 -Inf   1
4588  31.011400  110.542801     1.000   -11450.3     5037.8    -4802.7      0.0      0.0      0.0 2018  8 31  4 59 10.05 -Inf   1
3886  31.004601  110.126602     7.660   -52082.9     4759.9     1614.9      0.0      0.0      0.0 2018  8 31  6 55 48.91 -Inf   1
4491  31.109699  110.082397     4.780   -56453.2    16341.2    -1367.5      0.0      0.0      0.0 2018  8 31  8 38 55.58 -Inf   1
3925  31.141001  110.502098    15.870   -15785.4    19624.8     9893.5      0.0      0.0      0.0 2018  8 31  9 13 54.24 -Inf   1
4592  31.134701  110.047203     1.000   -58750.1    18708.0    -4802.7      0.0      0.0      0.0 2018  8 31 10  5  0.22 -Inf   1
4493  30.918699  110.897797     1.930    21413.4    -4834.7    -4217.5      0.0      0.0      0.0 2018  8 31 10 41 31.29 -Inf   1
3928  30.901100  110.516800     7.740   -14400.0    -6972.7     1763.5      0.0      0.0      0.0 2018  8 31 14 57 39.38 -Inf   1
4496  31.087601  110.071098     7.280   -57538.5    13891.2     1132.5      0.0      0.0      0.0 2018  8 31 15 27 38.66 -Inf   1
3932  31.043800  110.445602     6.930   -21188.8     8848.3      953.5      0.0      0.0      0.0 2018  8 31 20 41 34.90 -Inf   1
4500  31.042601  110.435997     4.020   -22703.3     8902.1    -2127.5      0.0      0.0      0.0 2018  8 31 20 52  1.40 -Inf   1
4501  31.032101  110.462402     5.620   -20182.6     7738.0     -527.5      0.0      0.0      0.0 2018  8 31 21 35 48.60 -Inf   1
4502  30.976801  110.377998     1.000   -28252.0     1607.0    -5147.5      0.0      0.0      0.0 2018  9  1  1 57 26.76 -Inf   1
4503  31.075500  109.842300     4.000   -79389.1    12549.7    -2147.5      0.0      0.0      0.0 2018  9  1  2 18 25.51 -Inf   1
3899  31.023899  110.466003    12.130   -19660.8     6899.5     6084.9      0.0      0.0      0.0 2018  9  1  3 47  4.74 -Inf   1
3938  30.733400  111.175797     1.000    48623.5   -25565.4    -4976.5      0.0      0.0      0.0 2018  9  1  4 25 55.87 -Inf   1
3939  31.217100  109.979301     8.000   -65661.7    28061.9     2023.5      0.0      0.0      0.0 2018  9  1  5 57 11.65 -Inf   1
3902  31.121700  109.962097     7.560   -67755.4    17742.6     1514.9      0.0      0.0      0.0 2018  9  1  7 47 19.43 -Inf   1
3903  30.798901  110.915298     7.710    23279.3   -18045.8     1664.9      0.0      0.0      0.0 2018  9  1  8 26 57.51 -Inf   1
4513  31.173401  110.155602     7.500   -49448.1    23403.8     1352.5      0.0      0.0      0.0 2018  9  1 21 56 12.56 -Inf   1
4514  30.976999  110.375397     6.990   -28500.5     1628.9      842.5      0.0      0.0      0.0 2018  9  2  3 28 32.00 -Inf   1
4616  31.095301  109.863899    14.000   -76262.9    14339.8     8197.2      0.0      0.0      0.0 2018  9  2  3 43 41.88 -Inf   1
4516  31.073299  109.890800    12.000   -74758.9    12305.6     5852.5      0.0      0.0      0.0 2018  9  2  3 51 13.37 -Inf   1
4517  30.996599  110.148697     7.910   -50153.1     3802.0     1762.5      0.0      0.0      0.0 2018  9  2  5 38 49.95 -Inf   1
4619  30.995701  109.782898     1.000   -84039.9     3297.3    -4802.7      0.0      0.0      0.0 2018  9  2  7 14 42.27 -Inf   1
3950  31.104200  109.950897     8.550   -68412.1    15544.8     2573.5      0.0      0.0      0.0 2018  9  2  7 24 32.71 -Inf   1
4520  30.996700  110.186699     4.700   -46522.9     3813.2    -1447.5      0.0      0.0      0.0 2018  9  2  9 44 54.39 -Inf   1
3952  31.073700  110.119598    11.220   -52314.3    12163.3     5243.5      0.0      0.0      0.0 2018  9  2 16 57 23.75 -Inf   1
4625  31.061600  110.128304     2.220   -51028.1    10603.4    -3582.7      0.0      0.0      0.0 2018  9  2 16 59 10.68 -Inf   1
3955  31.065599  109.870201    18.000   -76131.5    11265.2    12023.5      0.0      0.0      0.0 2018  9  3  2 28 47.62 -Inf   1
3957  31.083500  109.868797    18.000   -76258.4    13249.8    12023.5      0.0      0.0      0.0 2018  9  3  3 41 15.48 -Inf   1
3958  31.081200  109.869598    18.000   -76182.8    12994.8    12023.5      0.0      0.0      0.0 2018  9  3  3 49 46.13 -Inf   1
3959  31.089001  109.887497    20.000   -74470.8    13859.7    14023.5      0.0      0.0      0.0 2018  9  3  3 53 41.05 -Inf   1
3961  31.122299  109.983398    16.290   -65303.0    17551.4    10313.5      0.0      0.0      0.0 2018  9  3  7  0  0.41 -Inf   1
4631  30.997801  110.155197     1.000   -48476.0     3530.1    -4802.7      0.0      0.0      0.0 2018  9  3  7 20 48.63 -Inf   1
3963  31.166599  110.316002     5.970   -33544.3    22462.9       -6.5      0.0      0.0      0.0 2018  9  3 16 39 17.42 -Inf   1
3920  31.031601  110.449600     4.950   -21226.7     7753.4    -1095.1      0.0      0.0      0.0 2018  9  3 16 47 31.16 -Inf   1
4636  31.032101  110.315102    10.090   -33195.6     7332.9     4287.3      0.0      0.0      0.0 2018  9  4  1 11 57.15 -Inf   1
4535  30.946199  110.393402     3.990   -26784.6    -1785.8    -2157.5      0.0      0.0      0.0 2018  9  4  2 38 15.75 -Inf   1
4639  31.080999  109.833000    12.360   -79218.9    12754.2     6557.3      0.0      0.0      0.0 2018  9  4  3 35  2.88 -Inf   1
3971  30.767599  110.774002    11.230    10188.2   -21773.8     5253.5      0.0      0.0      0.0 2018  9  4  6 37 51.58 -Inf   1
3926  31.001499  110.145699     7.720   -50259.6     4416.0     1674.9      0.0      0.0      0.0 2018  9  4  7 59 42.85 -Inf   1
3973  31.106199  110.008598    12.970   -62902.6    15766.4     6993.5      0.0      0.0      0.0 2018  9  4  9 27 41.19 -Inf   1
4649  31.042900  110.449898     7.730   -20320.7     8530.2     1927.3      0.0      0.0      0.0 2018  9  4 15 27 46.64 -Inf   1
3929  30.767000  110.759499    12.940     8382.6   -21582.6     6894.9      0.0      0.0      0.0 2018  9  4 21 27 16.52 -Inf   1
4653  30.782801  110.760300     8.460     9335.4   -20306.8     2657.3      0.0      0.0      0.0 2018  9  4 22 26 10.70 -Inf   1
4551  31.092199  110.771797     9.220     9364.0    14401.0     3072.5      0.0      0.0      0.0 2018  9  5  4 27 47.82 -Inf   1
4552  31.161501  110.403801     8.560   -25762.2    22084.4     2412.5      0.0      0.0      0.0 2018  9  5  5 36 34.38 -Inf   1
3981  31.126301  110.036003     7.600   -60280.0    17995.1     1623.5      0.0      0.0      0.0 2018  9  5  6 24 18.17 -Inf   1
4554  30.988001  110.381302     5.970   -27934.7     2848.7     -177.5      0.0      0.0      0.0 2018  9  5  7 30 15.90 -Inf   1
4556  30.777800  110.758301    12.510     8088.5   -20456.1     6362.5      0.0      0.0      0.0 2018  9  5 13  4  9.56 -Inf   1
4557  30.779900  110.764603     8.810     8691.1   -20223.3     2662.5      0.0      0.0      0.0 2018  9  5 13 12 40.74 -Inf   1
4662  30.780001  110.766602    10.690     9938.2   -20617.2     4887.3      0.0      0.0      0.0 2018  9  5 13 32 42.59 -Inf   1
4663  30.776100  110.770203    11.640    10282.7   -21049.6     5837.3      0.0      0.0      0.0 2018  9  5 13 40 57.08 -Inf   1
3991  30.778799  110.767998    10.370     9613.4   -20532.1     4393.5      0.0      0.0      0.0 2018  9  5 13 41 49.58 -Inf   1
4665  31.093000  109.870499    16.000   -75633.8    14084.8    10197.2      0.0      0.0      0.0 2018  9  6  2 46 59.40 -Inf   1
3942  31.042999  109.792198     8.000   -84008.9     9017.1     1954.9      0.0      0.0      0.0 2018  9  6  2 56 27.98 -Inf   1
3943  31.002199  110.144203     7.610   -50402.3     4493.7     1564.9      0.0      0.0      0.0 2018  9  6  5 18 57.69 -Inf   1
4668  31.099199  109.973099     5.000   -65835.9    14772.0     -802.7      0.0      0.0      0.0 2018  9  6  8 51 19.15 -Inf   1
4669  31.067499  109.703003     2.000   -91637.6    11257.5    -3802.7      0.0      0.0      0.0 2018  9  6  9 57 36.23 -Inf   1
3996  31.042000  110.452003     5.210   -20577.7     8648.7     -766.5      0.0      0.0      0.0 2018  9  6 17 31 50.08 -Inf   1
3947  31.087999  110.157204     1.890   -49138.5    14006.2    -4155.1      0.0      0.0      0.0 2018  9  7  1 15 45.79 -Inf   1
3948  31.028601  110.191704     7.310   -45858.6     7420.8     1264.9      0.0      0.0      0.0 2018  9  7  6  6 56.88 -Inf   1
4677  31.000999  110.154900     7.760   -48503.6     3884.7     1957.3      0.0      0.0      0.0 2018  9  7  7 38 24.23 -Inf   1
4678  31.105200  109.965698     2.270   -66540.3    15437.3    -3532.7      0.0      0.0      0.0 2018  9  7  7 42 18.42 -Inf   1
4572  31.021200  110.206902     5.280   -44587.4     6529.5     -867.5      0.0      0.0      0.0 2018  9  7 10 31 16.11 -Inf   1
3952  30.776600  110.769897    10.320     9376.6   -20518.3     4274.9      0.0      0.0      0.0 2018  9  7 15 22  6.42 -Inf   1
4576  31.145201  110.297997     0.130   -35863.5    20277.3    -6017.5      0.0      0.0      0.0 2018  9  7 15 42 22.12 -Inf   1
4578  31.173500  110.319397     1.300   -33815.9    23414.8    -4847.5      0.0      0.0      0.0 2018  9  7 18  8 43.62 -Inf   1
3954  30.943399  110.791603     9.940    11442.6    -2025.4     3894.9      0.0      0.0      0.0 2018  9  7 23 34 24.94 -Inf   1
4686  30.766600  111.091202     1.000    40982.6   -22102.9    -4802.7      0.0      0.0      0.0 2018  9  8  2 17 56.23 -Inf   1
4687  31.064501  110.806702    13.720    13752.7    10925.0     7917.3      0.0      0.0      0.0 2018  9  8  2 24 56.17 -Inf   1
4010  31.003599  110.451797     9.920   -20601.4     4391.3     3943.5      0.0      0.0      0.0 2018  9  8  5 13 30.85 -Inf   1
3959  31.018400  110.459602     8.530   -20272.8     6289.8     2484.9      0.0      0.0      0.0 2018  9  8  5 33 33.39 -Inf   1
4695  30.913401  110.894302     3.670    22135.0    -5827.3    -2132.7      0.0      0.0      0.0 2018  9  8  7 51 33.84 -Inf   1
4013  31.194000  110.029404     6.920   -60888.5    25500.8      943.5      0.0      0.0      0.0 2018  9  8  7 52 57.84 -Inf   1
4014  31.200800  110.021797     8.180   -61612.2    26254.7     2203.5      0.0      0.0      0.0 2018  9  8  8 26 55.52 -Inf   1
3962  30.982401  110.375298     3.740   -28330.4     2298.6    -2305.1      0.0      0.0      0.0 2018  9  8  8 33 59.19 -Inf   1
4588  30.999201  110.151100     6.990   -49922.9     4090.4      842.5      0.0      0.0      0.0 2018  9  8  9 53 43.53 -Inf   1
4591  30.918301  110.758301     4.430     8082.6    -4878.9    -1717.5      0.0      0.0      0.0 2018  9  8 16 12 52.49 -Inf   1
4592  31.041500  110.445503     7.740   -21795.6     8780.1     1592.5      0.0      0.0      0.0 2018  9  8 17 37  0.64 -Inf   1
4594  30.989901  110.603897     8.010    -6670.3     3059.3     1862.5      0.0      0.0      0.0 2018  9  8 22  1  7.12 -Inf   1
4710  30.691601  110.935501     9.000    26102.0   -30418.0     3197.3      0.0      0.0      0.0 2018  9  9  2 23 35.84 -Inf   1
4028  31.072901  109.835403    12.000   -79451.3    12074.7     6023.5      0.0      0.0      0.0 2018  9  9  3  8 13.13 -Inf   1
4597  31.089701  109.881104     8.000   -75678.4    14124.0     1852.5      0.0      0.0      0.0 2018  9  9  3 34 18.41 -Inf   1
4713  31.125200  110.014503    11.340   -61874.5    17654.7     5537.3      0.0      0.0      0.0 2018  9  9  3 36 55.90 -Inf   1
4714  30.769899  111.171799     9.450    48689.9   -21737.1     3647.3      0.0      0.0      0.0 2018  9  9  4  0 32.93 -Inf   1
3979  31.004801  109.839600     2.630   -79497.7     4782.1    -3415.1      0.0      0.0      0.0 2018  9  9  4  2  6.37 -Inf   1
3980  30.899099  110.412201     5.480   -24815.7    -6936.9     -565.1      0.0      0.0      0.0 2018  9  9  4  4 17.93 -Inf   1
4030  30.785299  110.382896     1.000   -27213.7   -19811.4    -4976.5      0.0      0.0      0.0 2018  9  9  4 24  8.06 -Inf   1
4717  31.217501  110.827202     5.160    15697.7    27888.0     -642.7      0.0      0.0      0.0 2018  9  9  4 48 54.97 -Inf   1
4032  30.799601  110.932503     5.530    25342.7   -18225.8     -446.5      0.0      0.0      0.0 2018  9  9  6 36 41.50 -Inf   1
4035  30.969601  109.989098    12.510   -64810.3      621.9     6533.5      0.0      0.0      0.0 2018  9  9 10 33 11.59 -Inf   1
4606  31.024099  110.505203     6.160   -16095.5     6850.9       12.5      0.0      0.0      0.0 2018  9  9 13 59 54.44 -Inf   1
4728  31.160900  110.297203     2.060   -34881.7    21612.7    -3742.7      0.0      0.0      0.0 2018  9  9 15 36 52.32 -Inf   1
4038  31.044399  110.453697     1.620   -20415.6     8914.7    -4356.5      0.0      0.0      0.0 2018  9  9 15 54 11.31 -Inf   1
4730  30.922001  110.251198     6.910   -39321.2    -4873.8     1107.3      0.0      0.0      0.0 2018  9  9 17 46 43.92 -Inf   1
3988  31.042900  110.455399    10.150   -20671.7     9006.1     4104.9      0.0      0.0      0.0 2018  9  9 19  9 13.16 -Inf   1
4614  30.886101  111.018204     4.130    32925.5    -8448.9    -2017.5      0.0      0.0      0.0 2018  9  9 21  3 31.64 -Inf   1
4045  30.962099  110.385902     9.900   -26901.6     -209.8     3923.5      0.0      0.0      0.0 2018  9 10  3 30 46.47 -Inf   1
4617  31.132999  110.024803    12.060   -61944.1    18924.5     5912.5      0.0      0.0      0.0 2018  9 10  3 39 44.37 -Inf   1
4740  30.757000  111.010201     2.040    33237.6   -23167.3    -3762.7      0.0      0.0      0.0 2018  9 10  4 19  4.77 -Inf   1
4619  30.976801  110.790398     1.000    11146.6     1607.0    -5147.5      0.0      0.0      0.0 2018  9 10  4 22 39.51 -Inf   1
4049  30.901300  110.731903     1.290     6157.7    -6950.5    -4686.5      0.0      0.0      0.0 2018  9 10  5  9  3.55 -Inf   1
4051  30.741800  110.845398     9.360    17018.6   -24634.1     3383.5      0.0      0.0      0.0 2018  9 10  7 21  2.77 -Inf   1
4748  30.732500  110.277000     2.000   -36891.7   -25883.5    -3802.7      0.0      0.0      0.0 2018  9 10  8 23 34.79 -Inf   1
4623  30.790600  110.990303     2.420    30273.7   -19037.0    -3727.5      0.0      0.0      0.0 2018  9 10  9 46  1.34 -Inf   1
4750  30.929600  110.105797     1.000   -53213.7    -4031.3    -4802.7      0.0      0.0      0.0 2018  9 10 10 25 50.13 -Inf   1
4003  31.005800  110.139397     9.300   -50860.4     4892.9     3254.9      0.0      0.0      0.0 2018  9 10 11 40 26.91 -Inf   1
4005  31.045500  110.445702     8.690   -21597.5     9294.3     2644.9      0.0      0.0      0.0 2018  9 10 14 54 54.40 -Inf   1
4057  31.061600  110.167397     6.080   -47753.2    10821.7      103.5      0.0      0.0      0.0 2018  9 10 15 51 20.45 -Inf   1
4631  30.875601  111.122398     8.490    42886.7    -9613.0     2342.5      0.0      0.0      0.0 2018  9 10 16 56 48.22 -Inf   1
4758  31.141899  110.300697     1.000   -34551.6    19506.1    -4802.7      0.0      0.0      0.0 2018  9 10 17 17  2.04 -Inf   1
4759  30.920601  110.775497     9.010    10781.0    -5029.0     3207.3      0.0      0.0      0.0 2018  9 10 18 30 56.22 -Inf   1
4637  30.763399  111.119499     1.400    42634.3   -22052.7    -4747.5      0.0      0.0      0.0 2018  9 11  1 49  2.29 -Inf   1
4638  31.047600  110.145798     7.130   -50416.7     9456.3      982.5      0.0      0.0      0.0 2018  9 11  5 50 24.07 -Inf   1
4767  31.059999  110.130798     1.880   -50790.3    10426.0    -3922.7      0.0      0.0      0.0 2018  9 11  5 55 25.73 -Inf   1
4012  31.017599  110.542503     5.780   -12354.6     6201.0     -265.1      0.0      0.0      0.0 2018  9 11  7 31 22.61 -Inf   1
4013  31.081301  110.187599     7.560   -46238.0    13263.6     1514.9      0.0      0.0      0.0 2018  9 11  8  5 50.36 -Inf   1
4643  30.851299  110.936798     3.260    25149.3   -12307.3    -2887.5      0.0      0.0      0.0 2018  9 11  8  8 23.33 -Inf   1
4015  31.157600  110.374702     7.180   -28361.5    21722.8     1134.9      0.0      0.0      0.0 2018  9 11  8 59 24.02 -Inf   1
4068  30.887899  111.031700     4.810    34812.2    -8436.2    -1166.5      0.0      0.0      0.0 2018  9 11  9  1  1.20 -Inf   1
4775  30.847500  111.126801     5.850    44368.7   -13133.6       47.3      0.0      0.0      0.0 2018  9 11 10 28 33.56 -Inf   1
4019  31.012199  110.145599     7.670   -50266.3     5602.4     1624.9      0.0      0.0      0.0 2018  9 11 10 29 12.37 -Inf   1
4652  31.067101  110.810501     3.110    13061.0    11618.4    -3037.5      0.0      0.0      0.0 2018  9 11 16 32 43.89 -Inf   1
4781  30.865700  111.082703     6.460    40149.2   -11115.8      657.3      0.0      0.0      0.0 2018  9 11 17  6  8.92 -Inf   1
4782  30.831800  110.661797     8.040      -84.4   -14874.2     2237.3      0.0      0.0      0.0 2018  9 11 18 45 41.60 -Inf   1
4023  31.087700  110.411102     1.870   -24896.3    13973.0    -4175.1      0.0      0.0      0.0 2018  9 11 20 23  5.08 -Inf   1
4787  31.138201  110.305801     1.000   -34065.0    19096.1    -4802.7      0.0      0.0      0.0 2018  9 11 23  1 11.36 -Inf   1
4788  31.087900  109.857498    18.000   -76877.0    13519.3    12197.2      0.0      0.0      0.0 2018  9 12  2 40 32.17 -Inf   1
4078  31.074301  109.841301    20.000   -78887.6    12229.9    14023.5      0.0      0.0      0.0 2018  9 12  3 46 45.41 -Inf   1
4659  31.098801  109.856400    16.000   -78033.4    15132.9     9852.5      0.0      0.0      0.0 2018  9 12  3 50 39.34 -Inf   1
4790  31.300501  110.836098     1.000    16539.3    37090.1    -4802.7      0.0      0.0      0.0 2018  9 12  4 10 12.93 -Inf   1
4792  31.208000  110.820999     1.830    15106.6    26834.7    -3972.7      0.0      0.0      0.0 2018  9 12  5 17 22.16 -Inf   1
4083  30.874599  110.896599     4.690    21901.0    -9910.8    -1286.5      0.0      0.0      0.0 2018  9 12  5 24 33.72 -Inf   1
4794  31.028000  110.132103     8.070   -50674.1     6878.2     2267.3      0.0      0.0      0.0 2018  9 12  5 35  9.05 -Inf   1
4795  30.873400  110.906097     5.530    23267.0   -10262.1     -272.7      0.0      0.0      0.0 2018  9 12  5 45  2.68 -Inf   1
4796  31.212000  110.061401     3.630   -57371.7    27278.1    -2172.7      0.0      0.0      0.0 2018  9 12  6 51 52.74 -Inf   1
4091  30.922600  110.929703    10.940    25059.0    -4589.0     4963.5      0.0      0.0      0.0 2018  9 12  9 28 33.72 -Inf   1
4801  30.848499  111.138901     6.870    45525.2   -13022.8     1067.3      0.0      0.0      0.0 2018  9 12  9 47 19.32 -Inf   1
4036  31.043900  110.666199     4.890     -539.8     9116.9    -1155.1      0.0      0.0      0.0 2018  9 12 11  7 41.08 -Inf   1
4037  31.133301  110.247597     5.700   -40498.2    19028.7     -345.1      0.0      0.0      0.0 2018  9 12 17 42 21.56 -Inf   1
4803  31.146400  110.300400     1.000   -34579.2    20005.2    -4802.7      0.0      0.0      0.0 2018  9 12 17 53 50.36 -Inf   1
4673  31.168501  110.122398     6.230   -52618.2    22860.5       82.5      0.0      0.0      0.0 2018  9 12 20 39  4.84 -Inf   1
4806  31.125000  110.024200     9.880   -60948.9    17632.5     4077.3      0.0      0.0      0.0 2018  9 13  0  0 27.85 -Inf   1
4096  31.149401  110.334999    14.960   -31734.1    20556.1     8983.5      0.0      0.0      0.0 2018  9 13  3 44 23.35 -Inf   1
4097  31.195900  110.374603     1.000   -27947.1    25711.5    -4976.5      0.0      0.0      0.0 2018  9 13  3 59 42.74 -Inf   1
4811  31.113501  110.873596     1.000    20135.3    16357.6    -4802.7      0.0      0.0      0.0 2018  9 13  4  9 10.42 -Inf   1
4099  31.265200  110.080200     1.010   -56020.4    33394.6    -4966.5      0.0      0.0      0.0 2018  9 13  4 13 54.00 -Inf   1
4813  30.937401  110.952400     3.630    27683.6    -3166.4    -2172.7      0.0      0.0      0.0 2018  9 13  4 15 28.36 -Inf   1
4045  31.084801  109.877098    10.000   -75884.3    13651.6     3954.9      0.0      0.0      0.0 2018  9 13  4 53 20.03 -Inf   1
4046  31.013399  110.137497     7.600   -51039.9     5735.4     1554.9      0.0      0.0      0.0 2018  9 13  5  6 40.44 -Inf   1
4816  30.838699  110.465500     1.000   -18850.6   -14109.3    -4802.7      0.0      0.0      0.0 2018  9 13  5 23  6.47 -Inf   1
4817  31.037701  109.794098     6.000   -82952.0     7953.7      197.3      0.0      0.0      0.0 2018  9 13  5 57 53.54 -Inf   1
4818  31.087799  109.856003     8.000   -77019.9    13508.1     2197.3      0.0      0.0      0.0 2018  9 13  6  5 12.32 -Inf   1
4821  30.747299  110.438499     1.000   -21442.0   -24242.8    -4802.7      0.0      0.0      0.0 2018  9 13  6 53 55.99 -Inf   1
4688  30.970301  109.947304     0.820   -69400.7      886.3    -5327.5      0.0      0.0      0.0 2018  9 13  8 37 11.34 -Inf   1
4110  30.855200  111.143097     7.450    45467.0   -12061.6     1473.5      0.0      0.0      0.0 2018  9 13  8 39 24.62 -Inf   1
4111  30.959299  109.908302    12.000   -72533.2     -520.2     6023.5      0.0      0.0      0.0 2018  9 13  8 44 33.76 -Inf   1
4826  30.741199  110.791801     8.870    12350.5   -24919.0     3067.3      0.0      0.0      0.0 2018  9 13  9 53 36.58 -Inf   1
4115  30.715000  110.812401    10.640    13864.4   -27605.4     4663.5      0.0      0.0      0.0 2018  9 13 10 53 19.24 -Inf   1
4116  31.097900  110.056999    10.330   -58284.3    14846.4     4353.5      0.0      0.0      0.0 2018  9 13 15 47  4.35 -Inf   1
4117  31.041500  110.443100     8.330   -21428.0     8593.3     2353.5      0.0      0.0      0.0 2018  9 13 15 50 37.22 -Inf   1
4830  31.187099  110.379402     1.000   -27032.7    24517.4    -4802.7      0.0      0.0      0.0 2018  9 13 17  2 16.80 -Inf   1
4831  30.885900  111.017197     4.240    33884.1    -8876.2    -1562.7      0.0      0.0      0.0 2018  9 13 17 23  3.70 -Inf   1
4060  30.867001  111.089203     7.070    39894.5   -10495.7     1024.9      0.0      0.0      0.0 2018  9 13 17 40 39.94 -Inf   1
4834  31.180901  110.548698     1.000   -10877.4    23830.2    -4802.7      0.0      0.0      0.0 2018  9 13 21  2 43.04 -Inf   1
4701  30.874201  111.147400     6.160    45276.8    -9768.2       12.5      0.0      0.0      0.0 2018  9 13 22  4 18.46 -Inf   1
4063  30.842899  111.142601     5.950    45004.4   -13167.7      -95.1      0.0      0.0      0.0 2018  9 13 23  1 29.78 -Inf   1
4065  31.120300  110.008698    11.040   -63307.3    17587.4     4994.9      0.0      0.0      0.0 2018  9 14  0 58 56.36 -Inf   1
4124  30.935101  110.779999     8.790    10752.4    -3203.1     2813.5      0.0      0.0      0.0 2018  9 14  2 30 12.22 -Inf   1
4072  31.063999  110.277000     5.890   -37705.0    11345.4     -155.1      0.0      0.0      0.0 2018  9 14  5  5 27.00 -Inf   1
4847  31.003000  109.696503     2.000   -92289.2     4106.5    -3802.7      0.0      0.0      0.0 2018  9 14  6 25 24.45 -Inf   1
4848  31.142500  110.579697     1.330    -7920.7    19572.7    -4472.7      0.0      0.0      0.0 2018  9 14  6 43 53.14 -Inf   1
4710  30.808001  110.934799     5.060    24963.8   -17107.8    -1087.5      0.0      0.0      0.0 2018  9 14  7 10 12.35 -Inf   1
4850  31.004801  110.136803    10.710   -50231.3     4306.2     4907.3      0.0      0.0      0.0 2018  9 14  7 23 31.70 -Inf   1
4076  30.932100  110.768402     8.850     9226.2    -3278.1     2804.9      0.0      0.0      0.0 2018  9 14  7 30 47.28 -Inf   1
4713  30.975000  110.074402    10.560   -57256.6     1407.3     4412.5      0.0      0.0      0.0 2018  9 14  8 10 26.84 -Inf   1
4136  30.856199  111.254898    13.750    56154.2   -11950.8     7773.5      0.0      0.0      0.0 2018  9 14  8 22  6.88 -Inf   1
4854  30.834801  110.884300     1.000    21187.7   -14541.6    -4802.7      0.0      0.0      0.0 2018  9 14  8 37 39.61 -Inf   1
4856  31.127600  110.042503     7.320   -59200.9    17920.7     1517.3      0.0      0.0      0.0 2018  9 14 10 24 26.18 -Inf   1
4081  31.040199  110.327003     3.800   -32934.2     8706.7    -2245.1      0.0      0.0      0.0 2018  9 14 12 20 51.74 -Inf   1
4082  31.044001  110.443199     9.070   -21836.6     9128.1     3024.9      0.0      0.0      0.0 2018  9 14 13  9 19.59 -Inf   1
4084  30.781601  110.765099    10.100     8917.5   -19963.8     4054.9      0.0      0.0      0.0 2018  9 14 14  5 15.24 -Inf   1
4861  30.863701  111.114601     6.750    43198.8   -11337.4      947.3      0.0      0.0      0.0 2018  9 14 15 16 41.94 -Inf   1
4086  31.019501  110.570396     5.450    -9690.3     6411.9     -595.1      0.0      0.0      0.0 2018  9 14 15 43 31.32 -Inf   1
4866  30.846399  111.135300     6.490    45181.4   -13255.6      687.3      0.0      0.0      0.0 2018  9 14 23 16 16.36 -Inf   1
4146  31.188999  109.995598     9.900   -64116.1    24946.4     3923.5      0.0      0.0      0.0 2018  9 15  2 44 17.43 -Inf   1
4730  30.781700  110.901100     5.060    21744.5   -20023.7    -1087.5      0.0      0.0      0.0 2018  9 15  3 21 35.66 -Inf   1
4873  30.736900  111.223198    12.000    53614.6   -25395.7     6197.3      0.0      0.0      0.0 2018  9 15  3 56 57.82 -Inf   1
4875  31.106899  109.955101     6.340   -67551.4    15625.7      537.3      0.0      0.0      0.0 2018  9 15  6 12 59.05 -Inf   1
4732  31.125999  110.028900     6.550   -61555.3    18148.4      402.5      0.0      0.0      0.0 2018  9 15  6 13  0.41 -Inf   1
4150  30.790600  110.907402     5.220    22943.6   -19223.7     -756.5      0.0      0.0      0.0 2018  9 15  7 31  7.44 -Inf   1
4092  31.046000  110.450104     4.970   -21177.0     9349.8    -1075.1      0.0      0.0      0.0 2018  9 15  8  2 39.71 -Inf   1
4093  30.859800  111.127502     7.150    43557.2   -11293.9     1104.9      0.0      0.0      0.0 2018  9 15  8 35  6.73 -Inf   1
4094  30.911200  110.893501     4.730    21182.6    -5595.4    -1315.1      0.0      0.0      0.0 2018  9 15  9  3 34.63 -Inf   1
4156  31.013399  110.141899     8.420   -50200.6     5477.8     2443.5      0.0      0.0      0.0 2018  9 15 11 13 18.63 -Inf   1
4096  30.849400  111.129799     7.440    43779.1   -12447.1     1394.9      0.0      0.0      0.0 2018  9 15 23 10 33.10 -Inf   1
4888  30.963499  110.472397     5.620   -18179.5     -272.9     -182.7      0.0      0.0      0.0 2018  9 16  0 41 48.83 -Inf   1
4890  30.936199  110.370102     8.040   -27956.7    -3299.6     2237.3      0.0      0.0      0.0 2018  9 16  2 47 25.66 -Inf   1
4891  30.977699  110.381599     1.000   -26852.3     1301.4    -4802.7      0.0      0.0      0.0 2018  9 16  3 10 36.20 -Inf   1
4748  31.135000  110.058098     7.860   -58765.3    19146.3     1712.5      0.0      0.0      0.0 2018  9 16  3 29 10.50 -Inf   1
4893  30.997999  110.451401     9.860   -20181.8     3552.1     4057.3      0.0      0.0      0.0 2018  9 16  4  8 53.69 -Inf   1
4895  30.848900  111.097397     5.810    41557.4   -12978.4        7.3      0.0      0.0      0.0 2018  9 16  4 17  5.98 -Inf   1
4897  30.965500  110.377403     7.540   -27254.9      -51.1     1737.3      0.0      0.0      0.0 2018  9 16  4 29  3.80 -Inf   1
4898  31.042101  109.798599     8.000   -82520.2     8441.6     2197.3      0.0      0.0      0.0 2018  9 16  4 33  4.17 -Inf   1
4753  31.105499  109.933502    16.330   -70669.6    15875.6    10182.5      0.0      0.0      0.0 2018  9 16  4 52 57.89 -Inf   1
4900  30.909901  110.730797     1.330     6509.8    -6215.3    -4472.7      0.0      0.0      0.0 2018  9 16  5 23 35.44 -Inf   1
4108  31.308001  110.038200     7.420   -60431.7    38397.5     1374.9      0.0      0.0      0.0 2018  9 16  5 47 37.03 -Inf   1
4171  30.964899  110.590103     0.350    -7391.8      100.6    -5626.5      0.0      0.0      0.0 2018  9 16  9  5 29.96 -Inf   1
4172  30.846901  111.131798     6.840    44388.8   -12981.7      863.5      0.0      0.0      0.0 2018  9 16  9 26 29.39 -Inf   1
4112  30.852200  111.094101     5.130    40365.8   -12136.6     -915.1      0.0      0.0      0.0 2018  9 16  9 29 57.59 -Inf   1
4759  31.071199  110.314102     3.440   -34339.4    12072.8    -2707.5      0.0      0.0      0.0 2018  9 16 10 26  2.34 -Inf   1
4766  31.093599  109.951401    10.280   -68965.1    14556.3     4132.5      0.0      0.0      0.0 2018  9 16 23 16 49.36 -Inf   1
4178  31.015699  110.145203     7.010   -49884.5     5732.8     1033.5      0.0      0.0      0.0 2018  9 17  3 28 38.70 -Inf   1
4916  31.087299  109.843903    16.000   -78175.4    13452.7    10197.2      0.0      0.0      0.0 2018  9 17  3 51  6.14 -Inf   1
4917  30.979601  110.396896     1.000   -25390.7     1512.3    -4802.7      0.0      0.0      0.0 2018  9 17  3 56 54.10 -Inf   1
4771  31.096701  109.853699    12.000   -78292.1    14900.1     5852.5      0.0      0.0      0.0 2018  9 17  4  0 16.01 -Inf   1
4184  30.838400  110.739700     5.160     6905.2   -13924.2     -816.5      0.0      0.0      0.0 2018  9 17  5 19 29.99 -Inf   1
4921  31.058500  110.195900     5.660   -44573.9    10259.8     -142.7      0.0      0.0      0.0 2018  9 17  5 24 21.97 -Inf   1
4123  30.851900  111.142899     6.780    45030.8   -12169.8      734.9      0.0      0.0      0.0 2018  9 17  6 56 53.44 -Inf   1
4924  31.154699  110.376404     1.000   -27323.5    20925.3    -4802.7      0.0      0.0      0.0 2018  9 17  7  6 19.41 -Inf   1
4781  30.955099  110.516998     3.510   -14974.3     -799.1    -2637.5      0.0      0.0      0.0 2018  9 17  7 40 46.49 -Inf   1
4927  31.127199  110.046097     7.560   -58858.0    17876.3     1757.3      0.0      0.0      0.0 2018  9 17  8 25 44.38 -Inf   1
4929  30.983601  110.597801    13.810    -6197.8     1955.7     8007.3      0.0      0.0      0.0 2018  9 17  8 57 21.09 -Inf   1
4787  30.978800  110.813904     0.440    13392.1     1828.6    -5707.5      0.0      0.0      0.0 2018  9 17 14 43 48.75 -Inf   1
4788  31.079599  110.033798     9.180   -61102.5    13004.1     3032.5      0.0      0.0      0.0 2018  9 17 15 43 48.73 -Inf   1
4937  30.889500  111.152000     8.730    46767.5    -8477.2     2927.3      0.0      0.0      0.0 2018  9 17 21 28 42.68 -Inf   1
4133  30.845301  111.100800     4.620    41007.6   -12901.5    -1425.1      0.0      0.0      0.0 2018  9 17 22 52 50.20 -Inf   1
4791  31.041201  110.449600     3.300   -21404.3     8746.9    -2847.5      0.0      0.0      0.0 2018  9 18  0 10 58.36 -Inf   1
4792  31.067699  110.154701     8.940   -49561.2    11684.8     2792.5      0.0      0.0      0.0 2018  9 18  2 31 29.41 -Inf   1
4941  30.833300  111.267799    11.930    57852.0   -14708.0     6127.3      0.0      0.0      0.0 2018  9 18  3  6 31.49 -Inf   1
4942  30.842300  111.156097     7.260    47170.6   -13710.1     1457.3      0.0      0.0      0.0 2018  9 18  3 18 19.48 -Inf   1
4201  31.024200  110.473099     1.000   -18564.7     6675.3    -4976.5      0.0      0.0      0.0 2018  9 18  3 37 48.87 -Inf   1
4795  31.038099  110.445801     6.690   -21767.5     8403.0      542.5      0.0      0.0      0.0 2018  9 18  3 45  7.67 -Inf   1
4203  30.884300  110.714104     1.000     4457.0    -8835.3    -4976.5      0.0      0.0      0.0 2018  9 18  3 57  5.75 -Inf   1
4145  30.865900  110.900398     2.410    21846.9   -10617.7    -3635.1      0.0      0.0      0.0 2018  9 18  8 33  4.08 -Inf   1
4146  30.831400  111.122200     6.220    43056.6   -14442.7      174.9      0.0      0.0      0.0 2018  9 18  8 52 11.17 -Inf   1
4800  30.836100  111.142303     5.980    44798.5   -13992.4     -167.5      0.0      0.0      0.0 2018  9 18  9 24 42.68 -Inf   1
4148  30.967501  110.598198    10.580    -7036.8      646.7     4534.9      0.0      0.0      0.0 2018  9 18  9 43 37.35 -Inf   1
4956  30.860800  111.110603    10.040    42817.3   -11659.1     4237.3      0.0      0.0      0.0 2018  9 18 14 53 12.52 -Inf   1
4958  31.153200  110.295303     2.100   -35064.4    20759.0    -3702.7      0.0      0.0      0.0 2018  9 18 15 23 31.35 -Inf   1
4212  30.899700  111.136803     7.020    44854.9    -7127.9     1043.5      0.0      0.0      0.0 2018  9 18 17 32 25.08 -Inf   1
4960  31.204300  110.556999     1.000   -10084.0    26424.4    -4802.7      0.0      0.0      0.0 2018  9 18 18  0 44.68 -Inf   1
4961  31.073700  110.285698     1.000   -35996.0    11944.9    -4802.7      0.0      0.0      0.0 2018  9 18 18 47 29.58 -Inf   1
4153  30.849100  111.096802     5.360    40624.7   -12480.3     -685.1      0.0      0.0      0.0 2018  9 19  0 15 33.03 -Inf   1
4216  30.891300  111.058296     6.800    37353.5    -8059.2      823.5      0.0      0.0      0.0 2018  9 19  2 55 15.62 -Inf   1
4154  30.986099  110.592499     3.570    -7580.5     2708.7    -2475.1      0.0      0.0      0.0 2018  9 19  3  7 45.95 -Inf   1
4155  31.010500  110.143303     8.470   -50486.1     5414.0     2424.9      0.0      0.0      0.0 2018  9 19  3 36 57.93 -Inf   1
4969  30.835600  111.108704     4.830    42641.3   -14453.0     -972.7      0.0      0.0      0.0 2018  9 19  3 45 16.10 -Inf   1
4970  31.025600  110.446999     1.000   -20599.4     6612.2    -4802.7      0.0      0.0      0.0 2018  9 19  4 29 57.42 -Inf   1
4971  31.082600  109.833504    16.000   -79170.2    12931.6    10197.2      0.0      0.0      0.0 2018  9 19  4 34 52.34 -Inf   1
4159  31.087999  109.830200    14.000   -80360.8    14006.2     7954.9      0.0      0.0      0.0 2018  9 19  4 36 44.97 -Inf   1
4819  31.080299  109.847000    12.000   -78938.4    13081.7     5852.5      0.0      0.0      0.0 2018  9 19  4 41 15.91 -Inf   1
4161  30.870300  110.912003     3.660    22955.6   -10129.8    -2385.1      0.0      0.0      0.0 2018  9 19  4 42 15.88 -Inf   1
4162  31.236500  110.045403    10.340   -59767.1    30470.3     4294.9      0.0      0.0      0.0 2018  9 19  4 51 34.98 -Inf   1
4163  30.905500  110.728699     2.130     5433.0    -6227.2    -3915.1      0.0      0.0      0.0 2018  9 19  7 50  1.34 -Inf   1
4231  31.289600  110.842102     5.710    16656.0    36099.9     -266.5      0.0      0.0      0.0 2018  9 19  7 58 45.53 -Inf   1
4165  30.900101  110.066299     7.240   -57874.4    -6825.9     1194.9      0.0      0.0      0.0 2018  9 19  8  7 29.33 -Inf   1
4828  30.825600  111.230103     6.180    53195.4   -15156.6       32.5      0.0      0.0      0.0 2018  9 19  8 17 41.04 -Inf   1
4829  30.981100  110.392601     1.920   -26856.3     2083.6    -4227.5      0.0      0.0      0.0 2018  9 19  8 28 24.84 -Inf   1
4168  30.821699  111.225502     0.570    52935.7   -15518.2    -5475.1      0.0      0.0      0.0 2018  9 19  8 48 54.12 -Inf   1
4830  30.952900  110.799103     4.370    11979.7    -1042.9    -1777.5      0.0      0.0      0.0 2018  9 19  8 55 15.47 -Inf   1
4235  30.856899  111.129799     6.540    44195.4   -11873.2      563.5      0.0      0.0      0.0 2018  9 19  9  8 42.80 -Inf   1
4236  30.854300  111.139000     5.660    45075.5   -12161.4     -316.5      0.0      0.0      0.0 2018  9 19  9 28  5.78 -Inf   1
4988  30.961599  110.579697     0.840    -7928.2     -483.5    -4962.7      0.0      0.0      0.0 2018  9 19 10 13 53.18 -Inf   1
4241  31.004400  110.137802    10.980   -50594.3     4480.1     5003.5      0.0      0.0      0.0 2018  9 19 10 21 12.23 -Inf   1
4178  31.081100  110.205597     5.200   -44519.5    13241.4     -845.1      0.0      0.0      0.0 2018  9 19 13 55 27.83 -Inf   1
4992  30.897900  111.142403     6.760    45848.2    -7545.9      957.3      0.0      0.0      0.0 2018  9 19 17 27 53.92 -Inf   1
4993  31.144699  110.299301     1.000   -34684.3    19816.5    -4802.7      0.0      0.0      0.0 2018  9 19 18 57 41.40 -Inf   1
4246  30.951000  110.774002    11.470    10178.6    -1440.3     5493.5      0.0      0.0      0.0 2018  9 19 23 42 38.44 -Inf   1
4843  30.876101  111.027100     3.630    33777.5    -9557.6    -2517.5      0.0      0.0      0.0 2018  9 20  0  4 35.10 -Inf   1
4996  30.808701  111.275101     4.000    58557.5   -17435.3    -1802.7      0.0      0.0      0.0 2018  9 20  1 24 48.30 -Inf   1
4997  30.764700  111.092903     1.000    41145.8   -22313.6    -4802.7      0.0      0.0      0.0 2018  9 20  1 35 51.78 -Inf   1
4999  31.152500  110.304298    15.960   -34206.0    20681.4    10157.3      0.0      0.0      0.0 2018  9 20  2  8 30.11 -Inf   1
5000  30.771999  110.760902    11.690     9393.5   -21504.3     5887.3      0.0      0.0      0.0 2018  9 20  2 35  7.01 -Inf   1
5001  30.844101  111.101402     5.230    41941.4   -13510.5     -572.7      0.0      0.0      0.0 2018  9 20  2 39 21.40 -Inf   1
4253  31.302900  110.865799     4.000    18914.8    37574.5    -1976.5      0.0      0.0      0.0 2018  9 20  3 31  0.56 -Inf   1
5003  31.123600  110.817497    13.970    14779.0    17477.3     8167.3      0.0      0.0      0.0 2018  9 20  4 47 43.21 -Inf   1
4254  30.850201  111.098297     5.720    41185.4   -12615.8     -256.5      0.0      0.0      0.0 2018  9 20  5 33 42.24 -Inf   1
4191  30.855801  110.801201     5.870    12365.3   -11737.4     -175.1      0.0      0.0      0.0 2018  9 20  6  4 37.12 -Inf   1
4256  30.963100  110.595299     4.920    -6895.5      -98.8    -1056.5      0.0      0.0      0.0 2018  9 20  6 35  5.76 -Inf   1
5007  31.062300  110.136200     9.140   -50273.8    10681.0     3337.3      0.0      0.0      0.0 2018  9 20  6 43 30.79 -Inf   1
5008  30.865601  111.101799     7.030    41974.6   -11126.8     1227.3      0.0      0.0      0.0 2018  9 20  6 58 42.52 -Inf   1
4259  30.830799  111.229401     8.690    53723.9   -14766.9     2713.5      0.0      0.0      0.0 2018  9 20  7 28 11.51 -Inf   1
5011  30.897600  110.728302     4.860     6271.7    -7579.1     -942.7      0.0      0.0      0.0 2018  9 20  8 56 30.62 -Inf   1
4858  30.852501  111.135399     6.920    44134.6   -12174.0      772.5      0.0      0.0      0.0 2018  9 20  9 42  6.09 -Inf   1
4198  30.979300  110.597900     5.640    -7064.8     1954.8     -405.1      0.0      0.0      0.0 2018  9 20  9 51 10.71 -Inf   1
4861  31.047899  110.446098     7.240   -21738.0     9489.5     1092.5      0.0      0.0      0.0 2018  9 20 12 50 28.23 -Inf   1
5019  30.885300  111.017899     5.550    33951.3    -8942.8     -252.7      0.0      0.0      0.0 2018  9 20 17 24 28.60 -Inf   1
5020  31.077200  110.357101     1.000   -29177.6    12333.0    -4802.7      0.0      0.0      0.0 2018  9 20 18 29  5.08 -Inf   1
4867  31.048599  110.452499     4.260   -21126.6     9567.2    -1887.5      0.0      0.0      0.0 2018  9 21  2 24 51.13 -Inf   1
5025  30.847200  111.101997     5.490    41997.6   -13166.8     -312.7      0.0      0.0      0.0 2018  9 21  3  1 25.74 -Inf   1
4208  31.051600  110.456398     6.590   -20575.3     9970.6      544.9      0.0      0.0      0.0 2018  9 21  5  7  2.00 -Inf   1
5027  30.846100  111.101997     5.160    41997.8   -13288.8     -642.7      0.0      0.0      0.0 2018  9 21  6 27 20.54 -Inf   1
4210  30.968800  110.612999    10.070    -5622.6      790.7     4024.9      0.0      0.0      0.0 2018  9 21  7  0 18.87 -Inf   1
4274  30.881001  110.865097     0.810    18889.3    -9201.1    -5166.5      0.0      0.0      0.0 2018  9 21  8 10 44.05 -Inf   1
4275  30.847401  111.132401     5.490    44446.2   -12926.3     -486.5      0.0      0.0      0.0 2018  9 21  8 41 36.40 -Inf   1
5031  30.848101  111.097298     5.870    41548.1   -13067.0       67.3      0.0      0.0      0.0 2018  9 21  9 16  4.61 -Inf   1
5032  31.126499  110.023300    11.880   -61034.3    17798.7     6077.3      0.0      0.0      0.0 2018  9 21  9 41 22.19 -Inf   1
4214  30.963301  110.596497    12.830    -7199.5      181.0     6784.9      0.0      0.0      0.0 2018  9 21 10 17 16.44 -Inf   1
4279  30.879299  111.111298     7.640    42421.9    -9389.7     1663.5      0.0      0.0      0.0 2018  9 21 16  6  6.76 -Inf   1
4878  31.066299  110.201599     5.630   -45083.3    11529.6     -517.5      0.0      0.0      0.0 2018  9 21 17  8 30.64 -Inf   1
5037  30.865101  111.089897     7.640    40837.1   -11182.2     1837.3      0.0      0.0      0.0 2018  9 21 17 15  1.70 -Inf   1
4880  31.056601  110.823097     2.810    14264.6    10454.3    -3337.5      0.0      0.0      0.0 2018  9 21 17 16  7.20 -Inf   1
4881  31.036400  110.806999    11.850    12728.7     8214.6     5702.5      0.0      0.0      0.0 2018  9 21 17 36  4.72 -Inf   1
4283  31.060400  110.052803     3.280   -58696.4    10688.7    -2696.5      0.0      0.0      0.0 2018  9 21 20 11 56.60 -Inf   1
4883  30.924299  110.346199     9.400   -31298.4    -4213.8     3252.5      0.0      0.0      0.0 2018  9 21 23 51  6.64 -Inf   1
5044  30.854401  111.108597     6.760    42626.9   -12368.5      957.3      0.0      0.0      0.0 2018  9 22  0 52 39.88 -Inf   1
4224  31.006701  110.148804     6.870   -49961.6     4992.7      824.9      0.0      0.0      0.0 2018  9 22  2 23 37.39 -Inf   1
4225  30.850100  111.135101     7.270    44285.8   -12369.5     1224.9      0.0      0.0      0.0 2018  9 22  3  1 39.61 -Inf   1
4226  30.864300  110.436996     1.030   -22449.9   -10795.1    -5015.1      0.0      0.0      0.0 2018  9 22  4  3 15.23 -Inf   1
5049  31.059401  110.792297    10.550    12377.5    10359.6     4747.3      0.0      0.0      0.0 2018  9 22  4 54 51.16 -Inf   1
5050  30.919001  110.895203     0.510    22220.3    -5206.4    -5292.7      0.0      0.0      0.0 2018  9 22  5  6  2.90 -Inf   1
4889  30.953300  110.594299    10.410    -7588.6     -998.5     4262.5      0.0      0.0      0.0 2018  9 22  6 49 21.79 -Inf   1
5053  31.105000  109.943802     9.310   -68630.8    15415.1     3507.3      0.0      0.0      0.0 2018  9 22  8 31 32.13 -Inf   1
4295  30.735399  111.089104    10.000    40330.5   -25343.8     4023.5      0.0      0.0      0.0 2018  9 22  8 34 21.35 -Inf   1
4231  30.746700  111.189201     4.520    49484.1   -23833.2    -1525.1      0.0      0.0      0.0 2018  9 22  9 45  5.55 -Inf   1
4299  30.766701  111.178596     2.080    48882.9   -21873.4    -3896.5      0.0      0.0      0.0 2018  9 22 10  3 45.52 -Inf   1
4233  30.913401  110.073898     1.000   -57144.3    -5351.3    -5045.1      0.0      0.0      0.0 2018  9 22 10 19 32.45 -Inf   1
4300  30.956699  110.597099     8.420    -6723.7     -808.4     2443.5      0.0      0.0      0.0 2018  9 22 10 28 39.69 -Inf   1
5057  30.951200  110.723297    11.500     5791.8    -1636.4     5697.3      0.0      0.0      0.0 2018  9 22 11  3 59.16 -Inf   1
5058  31.039000  110.458603     1.320   -19489.7     8097.7    -4482.7      0.0      0.0      0.0 2018  9 22 13 53 12.48 -Inf   1
4898  31.049000  110.466202     1.000   -19818.0     9611.6    -5147.5      0.0      0.0      0.0 2018  9 22 15  8 51.35 -Inf   1
4238  30.858500  111.140297     2.860    44780.6   -11438.2    -3185.1      0.0      0.0      0.0 2018  9 22 20 25 18.64 -Inf   1
4239  31.041500  110.450500     7.170   -21139.6     8850.9     1124.9      0.0      0.0      0.0 2018  9 22 21 37 16.68 -Inf   1
4307  31.044100  110.455704     3.960   -20224.0     8881.5    -2016.5      0.0      0.0      0.0 2018  9 22 22 30 46.82 -Inf   1
5063  30.848600  111.097702     4.810    41586.7   -13011.6     -992.7      0.0      0.0      0.0 2018  9 22 23 14  5.72 -Inf   1
4242  30.851299  111.137299     6.110    44495.6   -12236.4       64.9      0.0      0.0      0.0 2018  9 22 23 18  2.44 -Inf   1
4243  31.005301  110.146301     6.600   -50201.0     4837.5      554.9      0.0      0.0      0.0 2018  9 23  0 42 24.25 -Inf   1
5066  31.020800  110.138603     6.580   -50055.1     6079.9      777.3      0.0      0.0      0.0 2018  9 23  1 16 40.14 -Inf   1
4906  30.953100  110.466003     7.710   -19846.8    -1020.7     1562.5      0.0      0.0      0.0 2018  9 23  2 41 32.74 -Inf   1
4248  30.859400  111.108002     5.340    41693.1   -11338.3     -705.1      0.0      0.0      0.0 2018  9 23  3  7  4.48 -Inf   1
4250  31.044600  109.808601     1.000   -82441.7     9194.5    -5045.1      0.0      0.0      0.0 2018  9 23  3 42 53.84 -Inf   1
4313  31.080299  109.747498     6.000   -87841.7    12895.0       23.5      0.0      0.0      0.0 2018  9 23  3 47 24.31 -Inf   1
5070  31.104799  109.920197    17.690   -70884.5    15392.9    11887.3      0.0      0.0      0.0 2018  9 23  3 48 54.84 -Inf   1
4315  31.093300  109.910004    18.310   -72320.3    14336.3    12333.5      0.0      0.0      0.0 2018  9 23  3 54 17.66 -Inf   1
4316  30.854000  111.133904     6.850    44588.4   -12194.6      873.5      0.0      0.0      0.0 2018  9 23  4 29 25.67 -Inf   1
4254  31.038500  110.442902     7.900   -21865.7     8518.3     1854.9      0.0      0.0      0.0 2018  9 23  4 47 58.75 -Inf   1
5074  30.721800  111.126404     8.800    44359.5   -27069.9     2997.3      0.0      0.0      0.0 2018  9 23  4 53 59.97 -Inf   1
4319  31.042299  110.451103     6.530   -20663.6     8681.9      553.5      0.0      0.0      0.0 2018  9 23  5  5 20.80 -Inf   1
4320  31.109501  109.960197    12.380   -67522.3    16132.5     6403.5      0.0      0.0      0.0 2018  9 23  8 48 52.20 -Inf   1
4914  30.941200  110.595497     9.410    -7474.6    -2340.1     3262.5      0.0      0.0      0.0 2018  9 23  8 51 10.52 -Inf   1
4322  31.041700  110.458504     1.000   -19956.9     8615.5    -4976.5      0.0      0.0      0.0 2018  9 23  9  6  0.97 -Inf   1
4916  30.846600  110.939400     1.190    25398.6   -12828.3    -4957.5      0.0      0.0      0.0 2018  9 23  9 13 56.42 -Inf   1
5081  30.870100  111.114098     8.910    43149.2   -10628.0     3107.3      0.0      0.0      0.0 2018  9 23 16 35 54.23 -Inf   1
4325  31.079300  110.273201     5.170   -37646.3    12784.1     -806.5      0.0      0.0      0.0 2018  9 23 17 23 14.32 -Inf   1
4326  31.205099  110.540703     1.000   -12096.4    26731.4    -4976.5      0.0      0.0      0.0 2018  9 23 17 56 57.96 -Inf   1
5084  31.150801  110.096901     2.230   -54001.7    20493.0    -3572.7      0.0      0.0      0.0 2018  9 23 19 19 25.40 -Inf   1
5085  31.152500  110.303398     2.130   -34291.9    20681.4    -3672.7      0.0      0.0      0.0 2018  9 23 20 22 51.52 -Inf   1
5086  30.840500  111.145203     6.870    46129.5   -13909.7     1067.3      0.0      0.0      0.0 2018  9 23 23 11  1.42 -Inf   1
4263  30.848400  111.099503     4.560    40883.0   -12557.9    -1485.1      0.0      0.0      0.0 2018  9 23 23 29 13.90 -Inf   1
4925  30.825199  111.235199     6.970    53682.7   -15201.0      822.5      0.0      0.0      0.0 2018  9 24  2 46 18.86 -Inf   1
4926  31.141399  110.794197    19.460    11499.7    19855.8    13312.5      0.0      0.0      0.0 2018  9 24  3 25 27.59 -Inf   1
4927  30.995001  110.154198     8.150   -49628.0     3624.8     2002.5      0.0      0.0      0.0 2018  9 24  3 30 48.58 -Inf   1
5092  30.727800  111.194603     6.000    50881.8   -26404.6      197.3      0.0      0.0      0.0 2018  9 24  4 48 40.88 -Inf   1
4931  30.803600  110.924797     5.090    24007.9   -17595.6    -1057.5      0.0      0.0      0.0 2018  9 24  7  7 22.62 -Inf   1
5096  31.116199  109.974197     2.050   -65725.2    16656.8    -3752.7      0.0      0.0      0.0 2018  9 24  7 49 31.43 -Inf   1
5097  30.977301  110.598099    11.810    -6169.5     1257.2     6007.3      0.0      0.0      0.0 2018  9 24  8 14  4.11 -Inf   1
4274  30.843000  111.109802     4.840    41868.8   -13156.5    -1205.1      0.0      0.0      0.0 2018  9 24  9 49  2.09 -Inf   1
4937  30.856400  111.113602     7.030    42050.0   -11741.8      882.5      0.0      0.0      0.0 2018  9 24 17 47  3.52 -Inf   1
5102  30.781099  110.766296     8.800     9908.9   -20495.4     2997.3      0.0      0.0      0.0 2018  9 24 20 30 27.60 -Inf   1
5103  30.890200  111.019302     6.180    34084.6    -8399.5      377.3      0.0      0.0      0.0 2018  9 24 22  1 59.24 -Inf   1
4281  30.846100  110.815697     4.780    13751.7   -12812.9    -1265.1      0.0      0.0      0.0 2018  9 25  1  0 33.02 -Inf   1
5108  30.853100  111.135696     6.460    45217.8   -12512.8      657.3      0.0      0.0      0.0 2018  9 25  1 29 23.66 -Inf   1
5111  30.940100  110.765900    10.120     9862.9    -2867.2     4317.3      0.0      0.0      0.0 2018  9 25  4 21 10.07 -Inf   1
4350  30.853201  111.130600     6.570    44272.8   -12283.2      593.5      0.0      0.0      0.0 2018  9 25 10 55  2.36 -Inf   1
5117  31.131800  110.297600     0.830   -34849.1    18386.4    -4972.7      0.0      0.0      0.0 2018  9 25 15 29  1.50 -Inf   1
5118  30.897400  110.784698     1.230    11661.7    -7601.3    -4572.7      0.0      0.0      0.0 2018  9 25 17 22 55.68 -Inf   1
4288  31.076000  110.315102     4.710   -34064.5    12675.9    -1335.1      0.0      0.0      0.0 2018  9 25 17 25 20.84 -Inf   1
5120  31.190300  110.536797     1.000   -12012.6    24872.3    -4802.7      0.0      0.0      0.0 2018  9 25 18 49 40.16 -Inf   1
4955  31.028299  110.465897     5.040   -19849.3     7316.5    -1107.5      0.0      0.0      0.0 2018  9 25 22 15 49.52 -Inf   1
5124  30.841801  111.101799     6.350    41979.8   -13765.5      547.3      0.0      0.0      0.0 2018  9 25 23  5  1.70 -Inf   1
5130  30.921301  110.913200     3.620    23940.0    -4951.4    -2182.7      0.0      0.0      0.0 2018  9 26  7 15 46.06 -Inf   1
5131  30.895100  110.729500     1.000     6386.3    -7856.3    -4802.7      0.0      0.0      0.0 2018  9 26  7 34 31.42 -Inf   1
5132  31.086599  110.040901     4.170   -59366.5    13375.1    -1632.7      0.0      0.0      0.0 2018  9 26  7 53 14.38 -Inf   1
5133  30.893299  110.771202     9.010    10372.0    -8055.9     3207.3      0.0      0.0      0.0 2018  9 26  7 56 32.83 -Inf   1
4965  30.855499  111.129402     6.400    43560.7   -11841.6      252.5      0.0      0.0      0.0 2018  9 26  8 18  4.89 -Inf   1
4298  30.904301  110.791000     9.470    11387.3    -6360.2     3424.9      0.0      0.0      0.0 2018  9 26  8 55 20.18 -Inf   1
5136  30.904200  110.792603     9.760    12416.7    -6847.4     3957.3      0.0      0.0      0.0 2018  9 26  9 44 34.99 -Inf   1
5139  30.899700  110.790398    10.000    12206.2    -7346.2     4197.3      0.0      0.0      0.0 2018  9 26 10 26 59.21 -Inf   1
4302  30.932100  111.227203     6.130    53068.0    -3278.1       84.9      0.0      0.0      0.0 2018  9 26 11 20 16.23 -Inf   1
4303  30.900101  110.787201     9.660    11024.4    -6825.9     3614.9      0.0      0.0      0.0 2018  9 26 12 25 23.62 -Inf   1
5144  31.063999  110.200798     6.460   -44104.9    10869.4      657.3      0.0      0.0      0.0 2018  9 26 12 37 23.29 -Inf   1
5145  30.901699  110.788597     7.640    12034.0    -7124.6     1837.3      0.0      0.0      0.0 2018  9 26 13 30  5.94 -Inf   1
4371  30.901899  110.789398     8.970    11652.6    -6884.1     2993.5      0.0      0.0      0.0 2018  9 26 13 35 42.44 -Inf   1
5147  30.864901  111.117699     8.250    43494.6   -11204.4     2447.3      0.0      0.0      0.0 2018  9 26 13 40  7.27 -Inf   1
4307  30.881901  111.017197     5.510    33008.9    -8843.7     -535.1      0.0      0.0      0.0 2018  9 26 13 59 17.28 -Inf   1
5149  30.907499  110.791000     8.810    12263.3    -6481.6     3007.3      0.0      0.0      0.0 2018  9 26 14 31 44.60 -Inf   1
5151  30.865801  111.084702     6.760    40340.3   -11104.6      957.3      0.0      0.0      0.0 2018  9 26 15 20 56.12 -Inf   1
4982  31.120199  110.225502     5.020   -42788.8    17505.4    -1127.5      0.0      0.0      0.0 2018  9 26 17 19 34.28 -Inf   1
4983  30.867800  111.110603     8.360    41761.0   -10477.9     2212.5      0.0      0.0      0.0 2018  9 26 21 39 45.96 -Inf   1
4984  30.855101  111.129898     6.510    43608.2   -11885.8      362.5      0.0      0.0      0.0 2018  9 26 23 15  0.52 -Inf   1
5158  30.871000  111.105202     6.040    42298.7   -10528.2      237.3      0.0      0.0      0.0 2018  9 27  1 45 28.87 -Inf   1
4379  30.854300  111.238998    10.060    54634.9   -12161.4     4083.5      0.0      0.0      0.0 2018  9 27  2 10 11.45 -Inf   1
4313  31.133699  110.010498    12.920   -63131.0    19072.9     6874.9      0.0      0.0      0.0 2018  9 27  2 12 56.35 -Inf   1
4381  30.840900  110.588203     7.710    -7578.2   -13647.0     1733.5      0.0      0.0      0.0 2018  9 27  3  3 33.39 -Inf   1
5163  31.323000  110.841301     1.000    17033.6    39584.6    -4802.7      0.0      0.0      0.0 2018  9 27  3  7 34.65 -Inf   1
5164  30.884100  111.154198     7.560    46978.8    -9075.8     1757.3      0.0      0.0      0.0 2018  9 27  3 30 18.05 -Inf   1
4385  31.238300  109.963898    15.880   -67124.0    30412.3     9903.5      0.0      0.0      0.0 2018  9 27  4 35 28.48 -Inf   1
4317  30.850000  111.132401     5.720    44027.6   -12380.5     -325.1      0.0      0.0      0.0 2018  9 27  4 43 42.54 -Inf   1
4993  30.790001  110.434402     1.000   -22885.5   -19103.4    -5147.5      0.0      0.0      0.0 2018  9 27  4 44 38.41 -Inf   1
4994  31.162800  110.362198     3.610   -29732.7    22228.4    -2537.5      0.0      0.0      0.0 2018  9 27  4 54 50.27 -Inf   1
5171  31.141500  110.361603     7.270   -28738.1    19461.9     1467.3      0.0      0.0      0.0 2018  9 27  6 32 34.11 -Inf   1
4997  30.857500  111.096001     5.160    40367.3   -11619.8     -987.5      0.0      0.0      0.0 2018  9 27  6 34  7.64 -Inf   1
4998  30.988701  110.289200    13.210   -36733.1     2926.3     7062.5      0.0      0.0      0.0 2018  9 27  8 11 32.78 -Inf   1
4395  31.236300  110.051003     2.470   -58814.5    30190.5    -3506.5      0.0      0.0      0.0 2018  9 27  8 13 14.06 -Inf   1
4396  30.830299  111.229599     9.640    53743.0   -14822.3     3663.5      0.0      0.0      0.0 2018  9 27  8 17 57.41 -Inf   1
5176  30.971800  110.601097     9.950    -5883.3      647.4     4147.3      0.0      0.0      0.0 2018  9 27  8 42  5.06 -Inf   1
5178  30.768200  111.048500     5.580    36898.5   -21925.5     -222.7      0.0      0.0      0.0 2018  9 27 10 18 13.93 -Inf   1
5179  30.882900  111.016998     6.440    33865.7    -9208.8      637.3      0.0      0.0      0.0 2018  9 27 10 21 29.73 -Inf   1
5181  31.139601  110.300499     1.000   -34570.9    19251.3    -4802.7      0.0      0.0      0.0 2018  9 27 13 24  7.15 -Inf   1
5182  30.828800  110.642097     5.930    -1967.7   -15206.8      127.3      0.0      0.0      0.0 2018  9 27 14  5 25.46 -Inf   1
5184  30.883499  111.140602     7.070    45679.5    -9142.4     1267.3      0.0      0.0      0.0 2018  9 27 16 28  2.76 -Inf   1
5007  31.174299  110.514999     1.000   -15148.0    23503.4    -5147.5      0.0      0.0      0.0 2018  9 27 18 34 20.94 -Inf   1
5187  30.848900  111.135002     6.230    45152.4   -12978.4      427.3      0.0      0.0      0.0 2018  9 28  0 10 58.90 -Inf   1
4332  30.984400  110.818199     4.280    13980.9     2520.3    -1765.1      0.0      0.0      0.0 2018  9 28  0 36  8.62 -Inf   1
5190  30.846201  111.103600     5.370    42151.0   -13277.6     -432.7      0.0      0.0      0.0 2018  9 28  1 37 10.78 -Inf   1
5191  30.779301  111.088097     1.000    40683.0   -20694.8    -4802.7      0.0      0.0      0.0 2018  9 28  2 19 58.01 -Inf   1
4408  31.086201  109.962601    10.750   -67301.0    13549.2     4773.5      0.0      0.0      0.0 2018  9 28  3 16 28.78 -Inf   1
5014  30.872101  110.903900     4.040    22001.9   -10001.0    -2107.5      0.0      0.0      0.0 2018  9 28  3 40 17.30 -Inf   1
5196  30.885099  111.143501     6.940    45956.3    -8965.0     1137.3      0.0      0.0      0.0 2018  9 28  4  0  8.82 -Inf   1
5015  31.095400  109.909500    13.780   -72964.9    14755.9     7632.5      0.0      0.0      0.0 2018  9 28  4  4 45.06 -Inf   1
4337  31.122801  109.895103    17.210   -74150.5    17864.6    11164.9      0.0      0.0      0.0 2018  9 28  4 11  6.09 -Inf   1
4414  30.748100  111.048302     2.000    36425.2   -23935.6    -3976.5      0.0      0.0      0.0 2018  9 28  4 32 39.15 -Inf   1
5200  30.978201  110.377800     4.350   -27215.2     1357.1    -1452.7      0.0      0.0      0.0 2018  9 28  4 37 42.40 -Inf   1
5019  31.068600  109.834801    10.000   -80108.1    11784.6     3852.5      0.0      0.0      0.0 2018  9 28  4 42 54.43 -Inf   1
5021  30.968700  110.602402     9.990    -6813.9      708.9     3842.5      0.0      0.0      0.0 2018  9 28  7  2 25.72 -Inf   1
4420  30.838600  111.126701     6.950    43903.4   -13902.0      973.5      0.0      0.0      0.0 2018  9 28  8 38  8.37 -Inf   1
5024  30.963800  110.482903     5.900   -18231.2      165.6     -247.5      0.0      0.0      0.0 2018  9 28  8 39 17.48 -Inf   1
5207  30.745001  110.837799     8.650    16749.8   -24497.6     2847.3      0.0      0.0      0.0 2018  9 28  8 49 29.72 -Inf   1
4346  30.841200  111.242401     6.630    54546.0   -13356.2      584.9      0.0      0.0      0.0 2018  9 28  9 26 34.98 -Inf   1
5027  30.773199  111.172600     1.130    47710.4   -20966.2    -5017.5      0.0      0.0      0.0 2018  9 28  9 36 41.16 -Inf   1
4349  30.955601  110.003998    12.560   -63810.5     -672.7     6514.9      0.0      0.0      0.0 2018  9 28  9 59 16.22 -Inf   1
5212  30.952801  110.003098    12.180   -63019.7    -1459.0     6377.3      0.0      0.0      0.0 2018  9 28 10  8  7.88 -Inf   1
5213  31.092199  109.864502    16.000   -76206.6    13995.9    10197.2      0.0      0.0      0.0 2018  9 28 10 25 30.81 -Inf   1
5214  31.100901  109.906601    16.890   -72183.9    14960.7    11087.2      0.0      0.0      0.0 2018  9 28 10 29  8.68 -Inf   1
5037  30.849100  111.088600     7.860    39661.5   -12551.1     1712.5      0.0      0.0      0.0 2018  9 28 19 36 51.28 -Inf   1
5039  30.886999  111.147598     6.310    45292.8    -8349.3      162.5      0.0      0.0      0.0 2018  9 28 20 51 18.48 -Inf   1
4428  31.040300  110.450996     7.450   -20674.0     8460.3     1473.5      0.0      0.0      0.0 2018  9 28 22 35  5.60 -Inf   1
4354  30.848400  111.136902     5.910    44458.3   -12557.9     -135.1      0.0      0.0      0.0 2018  9 28 23 14 15.24 -Inf   1
5221  30.970200  110.822998     2.100    15316.3      470.0    -3702.7      0.0      0.0      0.0 2018  9 29  0 46 24.44 -Inf   1
5222  31.134501  110.031998    10.770   -60201.6    18685.8     4967.3      0.0      0.0      0.0 2018  9 29  1 12 52.89 -Inf   1
5224  30.940001  110.953201     3.660    27759.8    -2878.2    -2142.7      0.0      0.0      0.0 2018  9 29  4  6 47.68 -Inf   1
5225  31.241100  110.384598     7.220   -26529.5    30504.4     1417.3      0.0      0.0      0.0 2018  9 29  4  9 13.53 -Inf   1
4434  30.915100  110.728996     4.940     5879.5    -5420.5    -1036.5      0.0      0.0      0.0 2018  9 29  5 27 28.01 -Inf   1
5227  30.765600  110.296898     1.000   -34982.4   -22213.8    -4802.7      0.0      0.0      0.0 2018  9 29  6  1 29.43 -Inf   1
4436  30.780701  110.928101     4.600    24924.2   -20321.2    -1376.5      0.0      0.0      0.0 2018  9 29  6 49 34.54 -Inf   1
4362  31.172701  110.138496     7.620   -50902.3    23397.0     1574.9      0.0      0.0      0.0 2018  9 29  7 54  3.25 -Inf   1
5230  30.849600  111.128998     6.460    44578.2   -12900.8      657.3      0.0      0.0      0.0 2018  9 29  9 36 30.91 -Inf   1
5231  31.013300  110.812103     1.000    14272.3     5248.5    -4802.7      0.0      0.0      0.0 2018  9 29 11 34 56.97 -Inf   1
4366  31.044100  110.442398     7.520   -21913.1     9139.1     1474.9      0.0      0.0      0.0 2018  9 29 13 13  0.40 -Inf   1
5235  30.871799  111.119904     7.340    43703.8   -10439.6     1537.3      0.0      0.0      0.0 2018  9 29 17 23 25.68 -Inf   1
5236  30.861000  111.085503     7.110    40417.9   -11636.9     1307.3      0.0      0.0      0.0 2018  9 29 19 25 23.48 -Inf   1
5238  30.855499  111.136398     7.000    45284.3   -12246.7     1197.3      0.0      0.0      0.0 2018  9 30  1 10  2.42 -Inf   1
5239  30.833799  111.260696    11.480    57172.8   -14652.6     5677.3      0.0      0.0      0.0 2018  9 30  1 52  2.92 -Inf   1
4370  30.753099  110.900398     6.650    21859.6   -23123.7      604.9      0.0      0.0      0.0 2018  9 30  2 38  8.47 -Inf   1
4445  30.858000  111.148697     7.130    46001.6   -11751.2     1153.5      0.0      0.0      0.0 2018  9 30  2 47 12.26 -Inf   1
5241  31.131001  110.029701    11.950   -60421.9    18297.8     6147.3      0.0      0.0      0.0 2018  9 30  3  3 54.77 -Inf   1
5242  31.033800  109.745102    14.000   -87633.0     7521.3     8197.2      0.0      0.0      0.0 2018  9 30  3 38  5.37 -Inf   1
4447  30.908501  110.726402     8.580     5631.8    -6152.2     2603.5      0.0      0.0      0.0 2018  9 30  3 59  6.28 -Inf   1
4448  31.077299  110.451500     1.590   -20622.0    12562.3    -4386.5      0.0      0.0      0.0 2018  9 30  4 17 23.75 -Inf   1
5245  30.981501  110.798698     1.000    12994.0     1722.9    -4802.7      0.0      0.0      0.0 2018  9 30  4 56 52.24 -Inf   1
5070  31.213400  110.329697     4.640   -32826.1    27838.4    -1507.5      0.0      0.0      0.0 2018  9 30  6 10 57.78 -Inf   1
5248  30.915001  110.901199     7.850    22793.9    -5649.9     2047.3      0.0      0.0      0.0 2018  9 30  8 13 26.78 -Inf   1
4454  30.823099  110.215599     0.800   -43203.7   -15620.6    -5176.5      0.0      0.0      0.0 2018  9 30  8 24 52.53 -Inf   1
5074  30.980101  110.395401     1.160   -26588.9     1972.8    -4987.5      0.0      0.0      0.0 2018  9 30  8 57 30.36 -Inf   1
5254  30.753401  111.200203     6.000    51410.7   -23566.3      197.3      0.0      0.0      0.0 2018  9 30 10 59 48.65 -Inf   1
4381  30.887199  111.142502     6.810    44984.6    -8256.2      764.9      0.0      0.0      0.0 2018  9 30 12 16 53.52 -Inf   1
5079  30.881300  111.035301     1.280    34560.5    -8981.1    -4867.5      0.0      0.0      0.0 2018  9 30 14 14 51.66 -Inf   1
4460  30.861401  111.113701     8.540    42655.5   -11374.1     2563.5      0.0      0.0      0.0 2018  9 30 14 43  2.35 -Inf   1
4383  30.969200  110.501999     1.850   -16227.5      835.1    -4195.1      0.0      0.0      0.0 2018  9 30 15 46  9.04 -Inf   1
5259  31.085100  110.374702    10.410   -27495.8    13208.9     4607.3      0.0      0.0      0.0 2018  9 30 20  1  7.20 -Inf   1
4385  30.863800  111.093697     9.030    40324.7   -10850.5     2984.9      0.0      0.0      0.0 2018  9 30 20 14 24.46 -Inf   1
5087  30.851900  111.127403     5.930    43370.4   -12240.7     -217.5      0.0      0.0      0.0 2018  9 30 23 22  7.68 -Inf   1
4387  31.135000  110.037300    10.280   -60572.1    19217.2     4234.9      0.0      0.0      0.0 2018 10  1  3 40 39.50 -Inf   1
5089  31.078501  109.866402    16.000   -77086.6    12882.3     9852.5      0.0      0.0      0.0 2018 10  1  3 49 47.24 -Inf   1
5265  31.032700  109.768303    10.000   -85417.7     7399.3     4197.3      0.0      0.0      0.0 2018 10  1  3 51 59.72 -Inf   1
4389  31.041000  109.794701     6.000   -83770.8     8795.5      -45.1      0.0      0.0      0.0 2018 10  1  3 52  0.09 -Inf   1
4469  31.074200  109.884499    10.000   -74762.9    12218.7     4023.5      0.0      0.0      0.0 2018 10  1  4 15 48.41 -Inf   1
5091  31.044500  110.442703     1.350   -22062.6     9112.7    -4797.5      0.0      0.0      0.0 2018 10  1  4 42  4.29 -Inf   1
4471  30.851999  111.131897     6.360    44397.1   -12416.4      383.5      0.0      0.0      0.0 2018 10  1 10  5 14.08 -Inf   1
5093  31.129400  110.034203    10.290   -61048.0    18525.5     4142.5      0.0      0.0      0.0 2018 10  1 10 41 46.50 -Inf   1
5272  31.140900  110.296997     1.000   -34904.9    19395.3    -4802.7      0.0      0.0      0.0 2018 10  1 15  7 31.70 -Inf   1
5274  30.775499  110.758904     9.570     9202.2   -21116.2     3767.3      0.0      0.0      0.0 2018 10  1 16  1 27.24 -Inf   1
5097  30.924000  110.776001    10.620     9773.9    -4247.0     4472.5      0.0      0.0      0.0 2018 10  1 17 14 10.88 -Inf   1
4395  30.877701  111.020798     5.580    33353.9    -9309.3     -465.1      0.0      0.0      0.0 2018 10  1 18 42 25.68 -Inf   1
5102  30.854000  111.129700     5.740    43589.5   -12007.8     -407.5      0.0      0.0      0.0 2018 10  2  1  5 15.64 -Inf   1
4480  31.035101  109.795097     6.000   -83316.3     7883.8       23.5      0.0      0.0      0.0 2018 10  2  3 41 31.96 -Inf   1
4397  30.875601  111.032799     7.570    34501.3    -9542.2     1524.9      0.0      0.0      0.0 2018 10  2  3 47 11.38 -Inf   1
5104  31.099100  109.940903    16.260   -69965.4    15166.1    10112.5      0.0      0.0      0.0 2018 10  2  3 51 57.13 -Inf   1
5280  31.080500  109.907501    14.000   -72105.6    12698.8     8197.2      0.0      0.0      0.0 2018 10  2  3 55 34.07 -Inf   1
4400  31.005800  110.158997    10.870   -48988.2     4892.9     4824.9      0.0      0.0      0.0 2018 10  2  6 26 29.00 -Inf   1
5283  31.130800  110.031197    11.920   -60279.2    18275.6     6117.3      0.0      0.0      0.0 2018 10  2  8 21 31.28 -Inf   1
5285  30.854500  111.133698     6.550    45026.4   -12357.5      747.3      0.0      0.0      0.0 2018 10  2  9  3 14.09 -Inf   1
5287  30.965599  110.748299    12.230     8180.0      -40.1     6427.3      0.0      0.0      0.0 2018 10  2 15  5  2.78 -Inf   1
4486  30.935301  110.763802    10.690     9204.7    -3180.9     4713.5      0.0      0.0      0.0 2018 10  2 15  9 38.79 -Inf   1
5289  30.885599  111.155899     1.000    47141.1    -8909.6    -4802.7      0.0      0.0      0.0 2018 10  2 15 41 37.31 -Inf   1
4488  30.948799  110.463402     7.440   -19498.5    -1684.3     1463.5      0.0      0.0      0.0 2018 10  2 16 31 38.38 -Inf   1
4406  31.017200  110.734497     9.290     5983.7     6156.8     3244.9      0.0      0.0      0.0 2018 10  2 17 50  8.96 -Inf   1
4407  30.911400  110.732101     9.100     5758.0    -5573.2     3054.9      0.0      0.0      0.0 2018 10  2 21 19 53.20 -Inf   1
4409  30.858101  111.130302     6.480    43825.2   -11482.4      434.9      0.0      0.0      0.0 2018 10  2 23 27 24.20 -Inf   1
5120  30.868200  111.170601     1.000    47496.0   -10433.5    -5147.5      0.0      0.0      0.0 2018 10  3  1 14 53.45 -Inf   1
5298  30.849501  111.136398     6.260    45285.7   -12911.8      457.3      0.0      0.0      0.0 2018 10  3  6 45 24.87 -Inf   1
5122  31.051901  110.443298     6.960   -22005.0     9933.2      812.5      0.0      0.0      0.0 2018 10  3  7  7 11.72 -Inf   1
5303  31.062300  109.979401     2.490   -65246.7    10681.0    -3312.7      0.0      0.0      0.0 2018 10  3  9 54 55.87 -Inf   1
5125  31.077801  109.954903    11.490   -68636.4    12804.7     5342.5      0.0      0.0      0.0 2018 10  3 10  4 29.51 -Inf   1
5305  31.095600  109.809998     4.000   -81409.0    14373.0    -1802.7      0.0      0.0      0.0 2018 10  3 10 30 58.26 -Inf   1
5306  30.888399  111.142403     7.200    45850.5    -8599.2     1397.3      0.0      0.0      0.0 2018 10  3 11 48  1.15 -Inf   1
5126  30.954399  110.268303    10.710   -38736.2     -876.7     4562.5      0.0      0.0      0.0 2018 10  3 14  8 37.52 -Inf   1
5127  30.960400  110.269600     9.110   -38611.1     -211.4     2962.5      0.0      0.0      0.0 2018 10  3 14 51  8.63 -Inf   1
5128  31.170200  110.444801     1.880   -21848.0    23048.9    -4267.5      0.0      0.0      0.0 2018 10  3 14 56 12.41 -Inf   1
4418  31.174801  110.449699     7.740   -21201.4    23629.8     1694.9      0.0      0.0      0.0 2018 10  3 16 48 47.26 -Inf   1
5311  31.165600  110.327301     5.080   -32008.3    22133.8     -722.7      0.0      0.0      0.0 2018 10  3 17 24 32.96 -Inf   1
5314  31.152901  110.344398     1.000   -30378.5    20725.8    -4802.7      0.0      0.0      0.0 2018 10  3 19 36 15.04 -Inf   1
4420  31.066900  110.424599     2.580   -23610.2    11667.0    -3465.1      0.0      0.0      0.0 2018 10  3 20 34 38.36 -Inf   1
5137  31.049999  110.197800     5.960   -45450.0     9722.4     -187.5      0.0      0.0      0.0 2018 10  3 23 28 47.72 -Inf   1
5138  30.854200  111.131599     6.230    43771.0   -11985.6       82.5      0.0      0.0      0.0 2018 10  4  1 10 49.68 -Inf   1
5318  30.985300  110.393898     1.000   -25676.3     2144.1    -4802.7      0.0      0.0      0.0 2018 10  4  3 53 59.98 -Inf   1
5139  30.982000  110.392403     0.470   -26875.1     2183.4    -5677.5      0.0      0.0      0.0 2018 10  4  3 54  0.02 -Inf   1
4514  30.851400  111.131302     6.360    44340.3   -12482.8      383.5      0.0      0.0      0.0 2018 10  4  7 57 12.71 -Inf   1
4426  30.975700  110.818497     0.660    14009.9     1555.8    -5385.1      0.0      0.0      0.0 2018 10  4 11 49 49.50 -Inf   1
5146  30.952400  111.237099     3.970    53828.9    -1098.3    -2177.5      0.0      0.0      0.0 2018 10  4 16  0 28.40 -Inf   1
5323  31.162300  110.544899     5.210   -11241.0    21767.9     -592.7      0.0      0.0      0.0 2018 10  4 18 25 14.16 -Inf   1
5324  31.150700  110.309097     3.140   -33748.2    20481.8    -2662.7      0.0      0.0      0.0 2018 10  4 18 29 12.62 -Inf   1
4428  30.856001  111.128304     6.350    43634.6   -11715.2      304.9      0.0      0.0      0.0 2018 10  4 23 21  3.48 -Inf   1
4521  30.854099  111.130302     6.370    44244.1   -12183.6      393.5      0.0      0.0      0.0 2018 10  5  5 41 46.99 -Inf   1
4430  31.131701  110.020302    12.110   -62195.8    18851.3     6064.9      0.0      0.0      0.0 2018 10  5  9 13 44.89 -Inf   1
5331  31.016500  110.561996     4.950    -9616.5     5603.3     -852.7      0.0      0.0      0.0 2018 10  5  9 59 25.27 -Inf   1
5332  30.843300  110.475700     1.000   -17875.0   -13599.3    -4802.7      0.0      0.0      0.0 2018 10  5 11 50 57.89 -Inf   1
4433  31.015100  110.559799     3.360   -10702.7     5924.0    -2685.1      0.0      0.0      0.0 2018 10  5 11 51 53.58 -Inf   1
4526  31.011400  110.578201     7.890    -8526.9     5256.2     1913.5      0.0      0.0      0.0 2018 10  5 12 12 41.17 -Inf   1
4436  31.035000  110.447304     7.430   -21445.7     8130.2     1384.9      0.0      0.0      0.0 2018 10  5 19  0 32.28 -Inf   1
4437  30.855499  111.130997     6.500    43892.2   -11770.8      454.9      0.0      0.0      0.0 2018 10  5 23 20 32.66 -Inf   1
4438  31.084000  109.930397    19.640   -70795.5    13562.8    13594.9      0.0      0.0      0.0 2018 10  6  7 55 57.23 -Inf   1
5342  30.780899  110.765701    10.770     9852.0   -20517.6     4967.3      0.0      0.0      0.0 2018 10  6  7 57 42.28 -Inf   1
5163  31.077000  110.311897     0.420   -34548.9    12715.9    -5727.5      0.0      0.0      0.0 2018 10  6 12 26 55.04 -Inf   1
5165  30.927500  110.781898     7.210    10337.2    -3859.0     1062.5      0.0      0.0      0.0 2018 10  6 14  1 42.42 -Inf   1
5166  30.919901  110.772598     8.620     9448.9    -4701.5     2472.5      0.0      0.0      0.0 2018 10  6 14 31  7.26 -Inf   1
5167  30.919600  110.770500     8.030     9248.4    -4734.9     1882.5      0.0      0.0      0.0 2018 10  6 14 40 16.67 -Inf   1
4533  30.775200  110.762100    11.370     9049.6   -20931.1     5393.5      0.0      0.0      0.0 2018 10  6 16  4 55.13 -Inf   1
4534  31.161400  110.314903     1.000   -33650.1    21886.5    -4976.5      0.0      0.0      0.0 2018 10  6 19 48 24.18 -Inf   1
5171  30.782900  110.764702    10.270     8700.4   -19890.6     4122.5      0.0      0.0      0.0 2018 10  7  0 59 46.06 -Inf   1
5352  30.781000  110.772102    11.330    10464.1   -20506.4     5527.3      0.0      0.0      0.0 2018 10  7  1 30 11.29 -Inf   1
4446  30.774900  110.766800    11.980     9080.5   -20706.7     5934.9      0.0      0.0      0.0 2018 10  7  1 34 53.79 -Inf   1
5174  30.782200  110.768204     9.230     9035.4   -19968.2     3082.5      0.0      0.0      0.0 2018 10  7  1 37 55.49 -Inf   1
5355  31.039400  110.449303     5.130   -20377.9     8142.1     -672.7      0.0      0.0      0.0 2018 10  7  3 49 49.76 -Inf   1
5356  31.054899  110.440498     7.850   -21217.0     9860.5     2047.3      0.0      0.0      0.0 2018 10  7  5  9 25.76 -Inf   1
5357  31.207100  110.050301    14.870   -58432.4    26734.9     9067.3      0.0      0.0      0.0 2018 10  7  7 20  3.30 -Inf   1
5178  31.045799  110.450104     9.130   -21355.7     9256.7     2982.5      0.0      0.0      0.0 2018 10  7  7 22 12.03 -Inf   1
4453  31.071699  109.725197     1.000   -90394.2    12199.0    -5045.1      0.0      0.0      0.0 2018 10  7  9 49 14.23 -Inf   1
5363  31.157900  110.351898     2.280   -29661.9    21280.1    -3522.7      0.0      0.0      0.0 2018 10  7 11 43 50.30 -Inf   1
5364  31.039301  110.482399     3.940   -17217.1     8131.2    -1862.7      0.0      0.0      0.0 2018 10  7 14 30 17.80 -Inf   1
5365  31.170000  110.323502     4.800   -32370.2    22621.6    -1002.7      0.0      0.0      0.0 2018 10  7 15  2 52.48 -Inf   1
5183  30.850500  111.131699     5.730    43781.3   -12395.9     -417.5      0.0      0.0      0.0 2018 10  7 23 11 44.80 -Inf   1
5370  30.840200  111.149498     6.300    46540.2   -13942.9      497.3      0.0      0.0      0.0 2018 10  8  0 55  2.58 -Inf   1
5372  31.040800  110.453796     7.710   -19948.6     8297.4     1907.3      0.0      0.0      0.0 2018 10  8  1 14 43.36 -Inf   1
5186  30.744400  111.110298     4.210    41758.4   -24159.1    -1937.5      0.0      0.0      0.0 2018 10  8  2  3 49.94 -Inf   1
5375  30.796400  111.260803     2.000    57194.0   -18799.0    -3802.7      0.0      0.0      0.0 2018 10  8  3  2 23.48 -Inf   1
4553  31.267200  110.834297     2.870    15913.4    33616.5    -3106.5      0.0      0.0      0.0 2018 10  8  3  6 42.55 -Inf   1
5377  31.173000  110.351097     8.360   -29736.0    22954.3     2557.3      0.0      0.0      0.0 2018 10  8  3 20 47.37 -Inf   1
4555  30.818600  110.965500     2.300    28495.1   -16119.4    -3676.5      0.0      0.0      0.0 2018 10  8  4 35 25.26 -Inf   1
5190  30.979900  110.393097     0.500   -26809.1     1950.6    -5647.5      0.0      0.0      0.0 2018 10  8  5 20 21.65 -Inf   1
5380  31.152399  110.302498     1.000   -34377.8    20670.2    -4802.7      0.0      0.0      0.0 2018 10  8  5 25  6.32 -Inf   1
5192  30.774599  111.163200     7.330    46811.2   -20810.9     1182.5      0.0      0.0      0.0 2018 10  8  6  8 50.78 -Inf   1
4559  31.228201  110.387001     1.000   -26759.6    29292.6    -4976.5      0.0      0.0      0.0 2018 10  8  7  1 10.34 -Inf   1
5385  30.917601  110.889999     1.120    21723.3    -5361.6    -4682.7      0.0      0.0      0.0 2018 10  8  7 35 11.35 -Inf   1
5386  30.856199  111.129204     6.800    44596.4   -12169.1      997.3      0.0      0.0      0.0 2018 10  8  7 51 50.99 -Inf   1
5196  31.071899  110.815300     7.970    13518.9    12150.4     1822.5      0.0      0.0      0.0 2018 10  8  8  1 28.60 -Inf   1
5197  30.905199  110.727097     1.000     5101.0    -6331.5    -5147.5      0.0      0.0      0.0 2018 10  8  8 29 27.31 -Inf   1
5198  30.852301  111.140198     6.140    44593.4   -12196.3       -7.5      0.0      0.0      0.0 2018 10  8  9  3  6.11 -Inf   1
4472  31.077600  110.246399     2.030   -40624.4    12853.3    -4015.1      0.0      0.0      0.0 2018 10  8 10 36  9.72 -Inf   1
4568  31.044701  110.436996     7.040   -22010.5     8948.2     1063.5      0.0      0.0      0.0 2018 10  8 12  9 37.31 -Inf   1
4475  31.088699  110.370499     5.160   -28773.0    14083.8     -885.1      0.0      0.0      0.0 2018 10  8 12 45 50.95 -Inf   1
5395  31.027300  110.397400     4.480   -25336.3     6800.6    -1322.7      0.0      0.0      0.0 2018 10  8 13 47 41.37 -Inf   1
4574  31.031300  110.456703     9.170   -20129.9     7462.4     3193.5      0.0      0.0      0.0 2018 10  8 21 25 21.48 -Inf   1
5207  30.846300  111.133202     6.660    43926.0   -12861.5      512.5      0.0      0.0      0.0 2018 10  8 23 13 47.36 -Inf   1
5403  30.851900  111.140900     6.300    45715.4   -12645.8      497.3      0.0      0.0      0.0 2018 10  9  3  4 25.42 -Inf   1
4484  31.147100  110.388603     2.840   -27036.2    20558.7    -3205.1      0.0      0.0      0.0 2018 10  9  3 43 53.66 -Inf   1
5405  31.235001  110.045898     9.270   -58843.9    29828.2     3467.3      0.0      0.0      0.0 2018 10  9  4 36  4.05 -Inf   1
4486  30.746099  110.839500     8.790    16035.6   -23899.8     2744.9      0.0      0.0      0.0 2018 10  9  6 22 57.96 -Inf   1
5213  30.977600  110.374397     5.560   -28595.9     1695.6     -587.5      0.0      0.0      0.0 2018 10  9  7  1 28.67 -Inf   1
4582  31.123100  109.903999    11.040   -72882.3    17640.2     5063.5      0.0      0.0      0.0 2018 10  9  7  2 47.63 -Inf   1
5409  31.136200  110.060204     3.510   -57508.7    18874.2    -2292.7      0.0      0.0      0.0 2018 10  9  7  9 59.67 -Inf   1
5411  30.804100  110.928398    10.080    25407.7   -17945.3     4277.3      0.0      0.0      0.0 2018 10  9  7 49 24.13 -Inf   1
4586  31.126400  110.015800    10.210   -62208.5    18006.1     4233.5      0.0      0.0      0.0 2018 10  9  8 47 49.95 -Inf   1
5412  30.850500  111.130501     6.000    44721.7   -12801.0      197.3      0.0      0.0      0.0 2018 10  9  9  7 59.41 -Inf   1
4588  31.271000  109.963402    13.750   -67159.9    34037.7     7773.5      0.0      0.0      0.0 2018 10  9  9 21 18.20 -Inf   1
5220  31.155899  110.345802     6.450   -31298.7    21463.4      302.5      0.0      0.0      0.0 2018 10  9  9 27 34.83 -Inf   1
5415  31.015800  110.805603     9.760    13651.2     5525.7     3957.3      0.0      0.0      0.0 2018 10  9 12 43 21.90 -Inf   1
5416  30.959299  110.470596     7.170   -18351.9     -738.6     1367.3      0.0      0.0      0.0 2018 10  9 13 10 12.16 -Inf   1
5419  31.147499  110.295998     1.000   -34999.1    20127.0    -4802.7      0.0      0.0      0.0 2018 10  9 20 27 16.88 -Inf   1
4497  30.860500  111.126701     5.620    43480.4   -11216.3     -425.1      0.0      0.0      0.0 2018 10  9 23  9 32.12 -Inf   1
4498  30.856800  111.133598     6.410    44140.6   -11626.6      364.9      0.0      0.0      0.0 2018 10  9 23 14 54.00 -Inf   1
5227  30.920799  110.312500    10.400   -34519.4    -4601.9     4252.5      0.0      0.0      0.0 2018 10 10  4 11  7.80 -Inf   1
4595  31.027000  109.751602     8.000   -87474.0     6985.8     2023.5      0.0      0.0      0.0 2018 10 10  4 15 27.52 -Inf   1
4596  31.157700  110.289101     2.010   -36113.4    21476.2    -3966.5      0.0      0.0      0.0 2018 10 10  6 23 34.40 -Inf   1
5425  30.859301  110.715500     5.900     5049.2   -11825.3       97.3      0.0      0.0      0.0 2018 10 10  6 32 54.76 -Inf   1
4598  30.842100  111.135902     6.250    44782.2   -13513.9      273.5      0.0      0.0      0.0 2018 10 10  7 57 17.00 -Inf   1
5233  31.134899  110.034798    10.850   -60989.5    19135.1     4702.5      0.0      0.0      0.0 2018 10 10  9 24 12.12 -Inf   1
5428  30.894400  111.119003    12.340    43612.7    -7933.9     6537.3      0.0      0.0      0.0 2018 10 10  9 45 51.44 -Inf   1
5429  30.987801  110.810204     4.250    14092.7     2421.4    -1552.7      0.0      0.0      0.0 2018 10 10 10  1 14.16 -Inf   1
5236  30.788099  110.770103    12.010     9216.8   -19314.2     5862.5      0.0      0.0      0.0 2018 10 10 12 58 13.96 -Inf   1
5431  31.140900  110.302902     0.510   -34341.3    19395.3    -5292.7      0.0      0.0      0.0 2018 10 10 14 39 48.57 -Inf   1
5434  30.895901  111.132896     4.560    44940.1    -7767.5    -1242.7      0.0      0.0      0.0 2018 10 10 21 13 15.84 -Inf   1
4606  30.847000  111.133301     6.220    44532.4   -12970.7      243.5      0.0      0.0      0.0 2018 10 10 23 19 51.00 -Inf   1
4607  31.047100  110.423897     7.840   -23261.3     9214.2     1863.5      0.0      0.0      0.0 2018 10 11  0  5 19.24 -Inf   1
5438  30.892300  111.042801     4.850    36330.1    -8166.7     -952.7      0.0      0.0      0.0 2018 10 11  3 31 31.01 -Inf   1
4512  30.852699  111.135902     7.490    44361.8   -12081.2     1444.9      0.0      0.0      0.0 2018 10 11  4  1 37.93 -Inf   1
4610  31.279301  110.324402     2.000   -32723.4    34958.0    -3976.5      0.0      0.0      0.0 2018 10 11  4 25 42.91 -Inf   1
4513  31.097500  109.866203    16.000   -76919.5    15059.5     9954.9      0.0      0.0      0.0 2018 10 11  4 43 41.82 -Inf   1
5247  31.095699  109.930199    16.040   -70988.6    14789.1     9892.5      0.0      0.0      0.0 2018 10 11  4 49 30.59 -Inf   1
5441  31.004900  111.242500     1.000    55384.0     4317.2    -4802.7      0.0      0.0      0.0 2018 10 11  5 13 56.40 -Inf   1
5443  31.020300  110.700996     4.970     3659.7     6024.5     -832.7      0.0      0.0      0.0 2018 10 11  7  6 35.26 -Inf   1
4515  31.034800  110.445801    12.290   -21589.2     8108.0     6244.9      0.0      0.0      0.0 2018 10 11  7 11 51.11 -Inf   1
4615  31.055500  110.465103    15.850   -19325.3    10145.5     9873.5      0.0      0.0      0.0 2018 10 11  7 12 48.59 -Inf   1
4517  31.052500  110.435204     1.250   -22599.2    10070.4    -4795.1      0.0      0.0      0.0 2018 10 11  7 13 42.38 -Inf   1
5251  31.072100  110.396797    19.580   -26442.9    12172.6    13432.5      0.0      0.0      0.0 2018 10 11  7 14 57.46 -Inf   1
4618  31.039499  110.453499     1.000   -20435.1     8371.5    -4976.5      0.0      0.0      0.0 2018 10 11  7 16 16.42 -Inf   1
4620  31.044300  110.454300     7.810   -20358.1     8903.7     1833.5      0.0      0.0      0.0 2018 10 11  7 17 41.52 -Inf   1
5450  31.040501  110.444298     7.070   -20855.7     8264.2     1267.3      0.0      0.0      0.0 2018 10 11  7 18 57.46 -Inf   1
4622  31.042400  110.448402     8.630   -20921.5     8693.1     2653.5      0.0      0.0      0.0 2018 10 11  7 19 28.83 -Inf   1
5452  31.041500  110.455399     7.400   -19795.5     8375.0     1597.3      0.0      0.0      0.0 2018 10 11  7 21  0.83 -Inf   1
5453  31.051701  110.484001     8.730   -17063.0     9505.9     2927.3      0.0      0.0      0.0 2018 10 11  7 23 12.28 -Inf   1
5456  31.034800  110.444702     5.020   -20817.7     7632.1     -782.7      0.0      0.0      0.0 2018 10 11  7 26 11.08 -Inf   1
4530  31.044300  110.435600     8.010   -22562.3     9161.3     1964.9      0.0      0.0      0.0 2018 10 11  7 30 20.49 -Inf   1
5263  31.048800  110.444099     7.770   -21928.8     9589.4     1622.5      0.0      0.0      0.0 2018 10 11  7 36  2.77 -Inf   1
4535  31.037100  110.449097     7.680   -21274.2     8363.1     1634.9      0.0      0.0      0.0 2018 10 11  7 42 47.38 -Inf   1
4631  31.052500  110.460297    12.120   -19784.6     9812.8     6143.5      0.0      0.0      0.0 2018 10 11  7 43 27.59 -Inf   1
4633  31.030800  110.444603     5.350   -21285.6     7407.0     -626.5      0.0      0.0      0.0 2018 10 11  7 53 56.20 -Inf   1
5270  31.047199  110.442902     6.880   -22043.4     9411.9      732.5      0.0      0.0      0.0 2018 10 11  8  3 29.53 -Inf   1
5465  31.045900  110.447502     8.650   -20549.1     8862.8     2847.3      0.0      0.0      0.0 2018 10 11  8  4 28.15 -Inf   1
5273  31.034700  110.456100     7.960   -20784.2     8026.2     1812.5      0.0      0.0      0.0 2018 10 11  8  6 59.84 -Inf   1
4640  31.047600  110.461304    11.260   -19688.9     9269.6     5283.5      0.0      0.0      0.0 2018 10 11  8 14  4.12 -Inf   1
5276  31.041000  110.453598    10.250   -21022.5     8724.7     4102.5      0.0      0.0      0.0 2018 10 11  8 19 29.92 -Inf   1
4547  31.038000  110.438698     8.780   -22267.2     8462.9     2734.9      0.0      0.0      0.0 2018 10 11  8 21 27.23 -Inf   1
5278  31.043301  110.452003     8.530   -21174.6     8979.7     2382.5      0.0      0.0      0.0 2018 10 11  8 28 50.98 -Inf   1
4644  31.042700  110.442101     9.190   -21523.3     8726.3     3213.5      0.0      0.0      0.0 2018 10 11  8 31 44.26 -Inf   1
4551  31.041201  110.439400     9.180   -22199.8     8817.7     3134.9      0.0      0.0      0.0 2018 10 11  8 38 14.66 -Inf   1
4649  31.047899  110.461098     9.830   -19708.5     9302.8     3853.5      0.0      0.0      0.0 2018 10 11  8 42 55.96 -Inf   1
5479  31.041599  110.460701     9.200   -19289.1     8386.0     3397.3      0.0      0.0      0.0 2018 10 11  8 45 20.49 -Inf   1
4555  31.029800  110.442398     7.150   -21914.8     7553.8     1104.9      0.0      0.0      0.0 2018 10 11  8 49 39.73 -Inf   1
4653  30.745800  110.834702     8.870    15995.2   -24190.6     2893.5      0.0      0.0      0.0 2018 10 11  8 53  9.46 -Inf   1
4557  31.044300  110.444000     8.590   -21760.1     9161.3     2544.9      0.0      0.0      0.0 2018 10 11  8 54 29.44 -Inf   1
4558  31.043200  110.461800     9.550   -20060.3     9039.3     3504.9      0.0      0.0      0.0 2018 10 11  8 59  0.08 -Inf   1
4656  31.050200  110.457100     9.810   -20090.1     9557.8     3833.5      0.0      0.0      0.0 2018 10 11  9  3 29.69 -Inf   1
4561  31.039700  110.457397     6.450   -20481.1     8651.3      404.9      0.0      0.0      0.0 2018 10 11  9 24 46.45 -Inf   1
4562  31.039000  110.455002    10.290   -20710.0     8573.7     4244.9      0.0      0.0      0.0 2018 10 11  9 26  3.09 -Inf   1
4659  31.081100  109.990501     4.640   -64638.8    12983.8    -1336.5      0.0      0.0      0.0 2018 10 11  9 29 15.04 -Inf   1
5293  31.055201  110.461800     3.990   -20237.8    10299.0    -2157.5      0.0      0.0      0.0 2018 10 11  9 30 55.63 -Inf   1
4566  31.044300  110.458397     8.050   -20385.2     9161.3     2004.9      0.0      0.0      0.0 2018 10 11  9 35 22.13 -Inf   1
4664  31.040001  110.462997     7.370   -19527.9     8427.1     1393.5      0.0      0.0      0.0 2018 10 11  9 36 11.72 -Inf   1
5491  31.040300  110.467201     9.970   -18668.4     8242.0     4167.3      0.0      0.0      0.0 2018 10 11  9 37 29.40 -Inf   1
4569  31.035299  110.445602     9.470   -21608.1     8163.4     3424.9      0.0      0.0      0.0 2018 10 11  9 39 25.65 -Inf   1
4668  31.048700  110.448196    11.730   -20940.5     9391.6     5753.5      0.0      0.0      0.0 2018 10 11  9 44 57.61 -Inf   1
4573  31.041500  110.452400     7.180   -20958.2     8850.9     1134.9      0.0      0.0      0.0 2018 10 11  9 54 59.03 -Inf   1
5498  31.087000  110.464104     2.560   -18959.7    13419.5    -3242.7      0.0      0.0      0.0 2018 10 11 10  6 12.78 -Inf   1
4574  31.044500  110.448997     8.050   -21282.8     9183.5     2004.9      0.0      0.0      0.0 2018 10 11 10  8 36.26 -Inf   1
5304  31.007900  110.434502    14.730   -22850.2     5054.9     8582.5      0.0      0.0      0.0 2018 10 11 10  9 20.93 -Inf   1
4576  31.039400  110.446999    10.030   -21474.3     8618.1     3984.9      0.0      0.0      0.0 2018 10 11 10 11 53.67 -Inf   1
5307  31.042101  110.457298     8.850   -20669.0     8846.7     2702.5      0.0      0.0      0.0 2018 10 11 10 22 14.36 -Inf   1
5308  31.041500  110.449799     6.050   -21385.4     8780.1      -97.5      0.0      0.0      0.0 2018 10 11 10 26 12.13 -Inf   1
5506  31.040600  110.464996     9.910   -18879.0     8275.2     4107.3      0.0      0.0      0.0 2018 10 11 10 31  0.33 -Inf   1
5310  31.038300  110.456200     7.850   -20774.4     8425.2     1702.5      0.0      0.0      0.0 2018 10 11 10 32  9.20 -Inf   1
4681  31.047600  110.465202    12.940   -19316.6     9269.6     6963.5      0.0      0.0      0.0 2018 10 11 10 37 44.62 -Inf   1
4682  31.045401  110.459000     7.450   -19909.2     9025.8     1473.5      0.0      0.0      0.0 2018 10 11 10 38  1.28 -Inf   1
5314  31.038700  110.453102     7.660   -21070.2     8469.6     1512.5      0.0      0.0      0.0 2018 10 11 10 43  9.52 -Inf   1
5513  31.057501  110.440300     9.250   -21235.7    10149.0     3447.3      0.0      0.0      0.0 2018 10 11 10 47 56.94 -Inf   1
4586  31.046499  110.440300     8.160   -22113.2     9405.2     2114.9      0.0      0.0      0.0 2018 10 11 10 48 54.87 -Inf   1
4587  31.033300  110.446503     9.470   -21522.3     7941.8     3424.9      0.0      0.0      0.0 2018 10 11 10 52  7.48 -Inf   1
4687  31.037901  110.461197     7.920   -19700.1     8194.3     1943.5      0.0      0.0      0.0 2018 10 11 10 54  2.85 -Inf   1
4689  31.051399  110.449203    11.000   -20844.0     9690.8     5023.5      0.0      0.0      0.0 2018 10 11 10 56 54.09 -Inf   1
4690  31.048800  110.454002     7.730   -20386.0     9402.6     1753.5      0.0      0.0      0.0 2018 10 11 11  3 31.66 -Inf   1
5522  31.038900  110.460197     7.900   -19337.5     8086.7     2097.3      0.0      0.0      0.0 2018 10 11 11 35 59.16 -Inf   1
5523  31.043400  110.452103     0.840   -20110.1     8585.6    -4962.7      0.0      0.0      0.0 2018 10 11 11 46 12.22 -Inf   1
4595  31.036699  110.455597     8.140   -20653.4     8318.6     2094.9      0.0      0.0      0.0 2018 10 11 12  1 52.98 -Inf   1
5326  31.081301  110.413902    13.640   -24808.4    13192.7     7492.5      0.0      0.0      0.0 2018 10 11 12  2 34.18 -Inf   1
5526  31.038900  110.453003     1.000   -20024.5     8086.7    -4802.7      0.0      0.0      0.0 2018 10 11 12 10 29.62 -Inf   1
4598  31.038500  110.450699     7.700   -21121.0     8518.3     1654.9      0.0      0.0      0.0 2018 10 11 12 12 18.35 -Inf   1
4698  31.053801  110.457703    10.900   -20032.1     9957.1     4923.5      0.0      0.0      0.0 2018 10 11 12 37 13.10 -Inf   1
5530  31.042400  110.446503     7.790   -20645.0     8474.8     1987.3      0.0      0.0      0.0 2018 10 11 12 51 42.74 -Inf   1
4700  31.046499  110.459602    10.280   -19851.5     9147.6     4303.5      0.0      0.0      0.0 2018 10 11 12 55 33.58 -Inf   1
4602  31.045900  110.458099     9.650   -20413.4     9338.8     3604.9      0.0      0.0      0.0 2018 10 11 13  7 37.99 -Inf   1
4702  31.047600  110.453300     8.340   -20453.2     9269.6     2363.5      0.0      0.0      0.0 2018 10 11 13 18 40.22 -Inf   1
4604  31.045000  110.457199     6.910   -20499.5     9238.9      864.9      0.0      0.0      0.0 2018 10 11 13 27 24.48 -Inf   1
5535  31.038900  110.451897     7.840   -20130.2     8086.7     2037.3      0.0      0.0      0.0 2018 10 11 13 39 31.02 -Inf   1
4606  31.041901  110.448700     8.270   -21311.5     8895.3     2224.9      0.0      0.0      0.0 2018 10 11 13 45 32.88 -Inf   1
5340  31.039200  110.455399     6.630   -20850.8     8525.1      482.5      0.0      0.0      0.0 2018 10 11 13 46 40.65 -Inf   1
4608  31.039400  110.456497    11.110   -20567.2     8618.1     5064.9      0.0      0.0      0.0 2018 10 11 13 54 35.54 -Inf   1
4610  31.039900  110.451302     7.990   -21063.3     8673.5     1944.9      0.0      0.0      0.0 2018 10 11 14  4 39.03 -Inf   1
5541  31.040001  110.447403    10.490   -20559.2     8208.8     4687.3      0.0      0.0      0.0 2018 10 11 14  5 11.91 -Inf   1
5347  31.042500  110.452499    12.930   -21127.3     8890.9     6782.5      0.0      0.0      0.0 2018 10 11 14 26  0.62 -Inf   1
5349  31.067801  110.451897     4.960   -21182.1    11696.0    -1187.5      0.0      0.0      0.0 2018 10 11 14 33 45.52 -Inf   1
5350  31.021700  110.454399     5.910   -20948.1     6584.9     -237.5      0.0      0.0      0.0 2018 10 11 14 38 27.54 -Inf   1
5352  31.042801  110.459702     9.670   -20439.5     8924.3     3522.5      0.0      0.0      0.0 2018 10 11 14 49 11.37 -Inf   1
5550  31.045700  110.445396     4.410   -20750.3     8840.6    -1392.7      0.0      0.0      0.0 2018 10 11 14 51 17.06 -Inf   1
5551  31.064600  110.451599     5.750   -20155.9    10936.0      -52.7      0.0      0.0      0.0 2018 10 11 15  4 13.13 -Inf   1
4616  31.045700  110.451897     6.580   -21005.8     9316.6      534.9      0.0      0.0      0.0 2018 10 11 15  8 11.00 -Inf   1
5359  31.038000  110.451797     5.880   -21194.8     8392.0     -267.5      0.0      0.0      0.0 2018 10 11 15 11 30.79 -Inf   1
5360  31.038700  110.454300    10.520   -20955.8     8469.6     4372.5      0.0      0.0      0.0 2018 10 11 15 30 15.95 -Inf   1
5361  31.025900  110.461601    11.680   -20259.8     7050.5     5532.5      0.0      0.0      0.0 2018 10 11 15 33 19.62 -Inf   1
5362  31.047600  110.446297     1.030   -21719.1     9456.3    -5117.5      0.0      0.0      0.0 2018 10 11 15 41 53.87 -Inf   1
5557  31.052401  110.435898     4.660   -21656.6     9583.5    -1142.7      0.0      0.0      0.0 2018 10 11 15 44 52.38 -Inf   1
4722  31.042700  110.461800     7.880   -19642.0     8726.3     1903.5      0.0      0.0      0.0 2018 10 11 15 51 57.49 -Inf   1
4723  31.037201  110.451103     6.770   -20664.1     8116.7      793.5      0.0      0.0      0.0 2018 10 11 15 53 29.76 -Inf   1
4624  31.045300  110.445801     4.590   -21588.0     9272.1    -1455.1      0.0      0.0      0.0 2018 10 11 15 55 21.05 -Inf   1
5367  31.041700  110.452400     5.120   -21136.9     8802.3    -1027.5      0.0      0.0      0.0 2018 10 11 15 58  7.68 -Inf   1
5368  31.060499  110.477097     0.280   -18776.5    10886.5    -5867.5      0.0      0.0      0.0 2018 10 11 16 11 34.29 -Inf   1
4625  31.033300  110.446297     7.680   -21542.0     7941.8     1634.9      0.0      0.0      0.0 2018 10 11 16 25 35.89 -Inf   1
4727  31.034599  110.449501     6.360   -20817.4     7828.2      383.5      0.0      0.0      0.0 2018 10 11 16 29 29.27 -Inf   1
5371  31.044399  110.449402     7.840   -21422.9     9101.5     1692.5      0.0      0.0      0.0 2018 10 11 16 33 52.24 -Inf   1
5372  31.043400  110.458801     4.930   -20525.4     8990.7    -1217.5      0.0      0.0      0.0 2018 10 11 16 35 49.48 -Inf   1
4629  31.035299  110.447304    10.980   -21445.6     8163.4     4934.9      0.0      0.0      0.0 2018 10 11 16 59 50.69 -Inf   1
4732  31.033800  110.444603     4.880   -21285.3     7739.6    -1096.5      0.0      0.0      0.0 2018 10 11 17  4 31.64 -Inf   1
5377  31.039101  110.452599    10.350   -21118.2     8514.1     4202.5      0.0      0.0      0.0 2018 10 11 17  7  2.58 -Inf   1
4734  31.041201  110.453201     8.290   -20463.3     8560.1     2313.5      0.0      0.0      0.0 2018 10 11 17 10  1.48 -Inf   1
5571  31.047600  110.462097    10.370   -19155.2     9051.2     4567.3      0.0      0.0      0.0 2018 10 11 17 22 10.84 -Inf   1
5572  31.161200  110.126404     4.670   -51183.0    21645.9    -1132.7      0.0      0.0      0.0 2018 10 11 17 32 20.88 -Inf   1
5573  31.039700  110.458099    12.550   -19537.7     8175.4     6747.3      0.0      0.0      0.0 2018 10 11 17 39 22.36 -Inf   1
5383  31.052000  110.465103     2.000   -19922.6     9944.2    -4147.5      0.0      0.0      0.0 2018 10 11 17 46 16.80 -Inf   1
5575  31.047899  110.447800     1.460   -20520.5     9084.4    -4342.7      0.0      0.0      0.0 2018 10 11 17 47  6.52 -Inf   1
5384  31.045799  110.470703    10.190   -19388.5     9256.7     4042.5      0.0      0.0      0.0 2018 10 11 17 53 22.48 -Inf   1
4740  31.043900  110.466797     1.340   -19164.7     8859.3    -4636.5      0.0      0.0      0.0 2018 10 11 17 56 26.84 -Inf   1
4639  31.043301  110.470398     3.570   -19239.2     9050.5    -2475.1      0.0      0.0      0.0 2018 10 11 17 57  6.80 -Inf   1
4742  31.041000  110.453499     7.240   -20434.9     8537.9     1263.5      0.0      0.0      0.0 2018 10 11 18 19 26.48 -Inf   1
4743  31.032900  110.448700     7.530   -20894.1     7639.8     1553.5      0.0      0.0      0.0 2018 10 11 18 21  4.52 -Inf   1
5389  31.042999  110.458702     8.690   -20534.9     8946.3     2542.5      0.0      0.0      0.0 2018 10 11 18 26 17.76 -Inf   1
4746  31.043501  110.445297     5.860   -21217.9     8815.1     -116.5      0.0      0.0      0.0 2018 10 11 18 31 44.64 -Inf   1
5584  31.038900  110.451302    10.880   -20187.0     8086.7     5077.3      0.0      0.0      0.0 2018 10 11 18 35 51.32 -Inf   1
5586  31.047400  110.454399    10.770   -19890.3     9029.0     4967.3      0.0      0.0      0.0 2018 10 11 18 40 33.96 -Inf   1
4648  31.035500  110.456902     7.980   -20528.9     8185.6     1934.9      0.0      0.0      0.0 2018 10 11 18 41 41.44 -Inf   1
4751  31.043501  110.464203    11.770   -19412.4     8815.1     5793.5      0.0      0.0      0.0 2018 10 11 18 42 44.92 -Inf   1
5589  31.043100  110.445000    10.910   -20788.4     8552.4     5107.3      0.0      0.0      0.0 2018 10 11 18 44  7.80 -Inf   1
4756  31.040001  110.452003     7.930   -20577.9     8427.1     1953.5      0.0      0.0      0.0 2018 10 11 18 48 24.40 -Inf   1
5401  31.024300  110.451401    13.660   -21234.2     6873.1     7512.5      0.0      0.0      0.0 2018 10 11 18 50 32.66 -Inf   1
5596  31.022900  110.440804    18.530   -21191.4     6312.8    12727.3      0.0      0.0      0.0 2018 10 11 18 52 24.50 -Inf   1
4759  31.041401  110.456497     9.790   -20148.6     8582.3     3813.5      0.0      0.0      0.0 2018 10 11 18 53 11.84 -Inf   1
4761  31.036900  110.459297     7.950   -19881.6     8083.3     1973.5      0.0      0.0      0.0 2018 10 11 18 54 39.92 -Inf   1
5601  31.039000  110.450996     8.100   -20216.2     8097.7     2297.3      0.0      0.0      0.0 2018 10 11 18 55 52.64 -Inf   1
5602  31.015600  110.451500    19.180   -20170.5     5503.5    13377.3      0.0      0.0      0.0 2018 10 11 18 56 19.40 -Inf   1
4664  31.030899  110.447800    10.340   -21398.7     7675.6     4294.9      0.0      0.0      0.0 2018 10 11 18 58 14.74 -Inf   1
5606  31.040899  110.453201     9.030   -20005.4     8308.4     3227.3      0.0      0.0      0.0 2018 10 11 18 59 19.60 -Inf   1
4768  31.039200  110.460701     8.190   -19747.3     8338.3     2213.5      0.0      0.0      0.0 2018 10 11 19  2  9.80 -Inf   1
4668  31.047501  110.461098     4.090   -20126.9     9516.2    -1955.1      0.0      0.0      0.0 2018 10 11 19  5 16.60 -Inf   1
4771  31.042700  110.450500     9.340   -20721.1     8726.3     3363.5      0.0      0.0      0.0 2018 10 11 19  8 30.26 -Inf   1
4773  31.041201  110.459297     7.420   -19881.2     8560.1     1443.5      0.0      0.0      0.0 2018 10 11 19  9 49.84 -Inf   1
4673  31.045401  110.456398     9.390   -20576.0     9283.4     3344.9      0.0      0.0      0.0 2018 10 11 19 11 44.16 -Inf   1
4776  31.041201  110.455200     7.830   -20272.4     8560.1     1853.5      0.0      0.0      0.0 2018 10 11 19 12 23.16 -Inf   1
5616  31.042400  110.454002    11.400   -19928.7     8474.8     5597.3      0.0      0.0      0.0 2018 10 11 19 14  0.92 -Inf   1
4676  31.043699  110.458603    10.050   -20365.6     9094.7     4004.9      0.0      0.0      0.0 2018 10 11 19 15 19.48 -Inf   1
4780  31.045601  110.441597    12.850   -21571.1     9048.0     6873.5      0.0      0.0      0.0 2018 10 11 19 18 36.50 -Inf   1
4781  31.041500  110.461197    10.050   -19699.7     8593.3     4073.5      0.0      0.0      0.0 2018 10 11 19 23 32.60 -Inf   1
4680  31.027500  110.469398    13.800   -19336.2     7298.7     7754.9      0.0      0.0      0.0 2018 10 11 19 25 35.32 -Inf   1
4681  31.042200  110.456200     7.990   -20595.3     8928.5     1944.9      0.0      0.0      0.0 2018 10 11 19 28  6.68 -Inf   1
5431  31.036501  110.456398    13.930   -20755.6     8225.8     7782.5      0.0      0.0      0.0 2018 10 11 19 29 14.80 -Inf   1
5432  31.040899  110.451797     6.530   -21194.5     8713.5      382.5      0.0      0.0      0.0 2018 10 11 19 32 22.12 -Inf   1
4785  31.040400  110.452904     8.440   -20491.8     8471.3     2463.5      0.0      0.0      0.0 2018 10 11 19 33 23.08 -Inf   1
5625  31.049900  110.467903     0.800   -18600.5     9306.3    -5002.7      0.0      0.0      0.0 2018 10 11 19 34 16.70 -Inf   1
5626  31.043900  110.452202    10.350   -20100.5     8641.0     4547.3      0.0      0.0      0.0 2018 10 11 19 35 31.80 -Inf   1
4788  31.033300  110.453499     6.600   -20435.8     7684.2      623.5      0.0      0.0      0.0 2018 10 11 19 36 51.42 -Inf   1
4789  31.039700  110.458801     8.330   -19928.7     8393.7     2353.5      0.0      0.0      0.0 2018 10 11 19 40 53.52 -Inf   1
4690  31.041000  110.458099     8.840   -20414.0     8795.5     2794.9      0.0      0.0      0.0 2018 10 11 19 43 37.48 -Inf   1
4691  31.039499  110.453903     5.460   -20814.9     8629.1     -585.1      0.0      0.0      0.0 2018 10 11 19 44 49.00 -Inf   1
4692  31.041300  110.454697     7.940   -20738.9     8828.7     1894.9      0.0      0.0      0.0 2018 10 11 19 45 47.28 -Inf   1
4794  31.035400  110.465797    12.420   -19261.0     7917.0     6443.5      0.0      0.0      0.0 2018 10 11 19 47 43.92 -Inf   1
4795  31.040600  110.459801     8.110   -19833.1     8493.5     2133.5      0.0      0.0      0.0 2018 10 11 19 49 24.72 -Inf   1
5636  31.042700  110.446602     7.790   -20635.5     8508.0     1987.3      0.0      0.0      0.0 2018 10 11 19 55  4.98 -Inf   1
4797  31.040400  110.456100     8.150   -20186.5     8471.3     2173.5      0.0      0.0      0.0 2018 10 11 20  0 24.28 -Inf   1
4798  31.046200  110.448898    10.790   -20873.7     9114.4     4813.5      0.0      0.0      0.0 2018 10 11 20  1  8.64 -Inf   1
5447  31.043699  110.457802     4.970   -20620.8     9023.9    -1177.5      0.0      0.0      0.0 2018 10 11 20  5 21.72 -Inf   1
5448  31.031300  110.452003     9.390   -21175.9     7649.2     3242.5      0.0      0.0      0.0 2018 10 11 20  7 16.16 -Inf   1
5449  31.027800  110.471497    15.040   -19314.5     7261.1     8892.5      0.0      0.0      0.0 2018 10 11 20  8 31.16 -Inf   1
5642  31.043200  110.445900     5.060   -20702.4     8563.4     -742.7      0.0      0.0      0.0 2018 10 11 20 10  4.36 -Inf   1
4701  31.031900  110.454803    12.740   -20729.7     7786.6     6694.9      0.0      0.0      0.0 2018 10 11 20 13 56.36 -Inf   1
5644  31.052601  110.449501     5.110   -20357.5     9605.7     -692.7      0.0      0.0      0.0 2018 10 11 20 18 57.12 -Inf   1
4702  31.042101  110.455200     7.810   -20690.7     8917.5     1764.9      0.0      0.0      0.0 2018 10 11 20 22 13.84 -Inf   1
5646  31.048500  110.445000     6.160   -20787.8     9151.1      357.3      0.0      0.0      0.0 2018 10 11 20 24  4.34 -Inf   1
5455  31.043699  110.447403    10.140   -21613.9     9023.9     3992.5      0.0      0.0      0.0 2018 10 11 20 25 38.84 -Inf   1
5648  31.028999  110.465202    14.200   -18860.4     6989.0     8397.3      0.0      0.0      0.0 2018 10 11 20 26 46.94 -Inf   1
5457  31.049299  110.440300     6.320   -22291.6     9644.8      172.5      0.0      0.0      0.0 2018 10 11 20 27 43.62 -Inf   1
4705  31.041000  110.453300     8.340   -20872.3     8795.5     2294.9      0.0      0.0      0.0 2018 10 11 20 32 47.06 -Inf   1
4706  31.042999  110.446999    10.880   -21473.9     9017.1     4834.9      0.0      0.0      0.0 2018 10 11 20 34 35.28 -Inf   1
5653  31.036699  110.450996     7.810   -20216.4     7842.7     2007.3      0.0      0.0      0.0 2018 10 11 20 35 57.92 -Inf   1
4709  31.045799  110.448997     6.220   -21282.7     9327.5      174.9      0.0      0.0      0.0 2018 10 11 20 41 40.44 -Inf   1
5655  31.045700  110.446800     6.540   -20616.2     8840.6      737.3      0.0      0.0      0.0 2018 10 11 20 42 58.22 -Inf   1
5464  31.041401  110.456299     9.780   -20764.6     8769.1     3632.5      0.0      0.0      0.0 2018 10 11 20 43 23.08 -Inf   1
5465  31.039900  110.454201     5.530   -20965.1     8602.7     -617.5      0.0      0.0      0.0 2018 10 11 20 46 57.04 -Inf   1
5657  31.084101  110.538101    12.090   -11894.7    13098.1     6287.3      0.0      0.0      0.0 2018 10 11 20 56  9.90 -Inf   1
5468  31.046600  110.459602     8.780   -20448.5     9345.5     2632.5      0.0      0.0      0.0 2018 10 11 20 57 59.20 -Inf   1
4715  31.040300  110.458603     8.040   -20365.9     8717.9     1994.9      0.0      0.0      0.0 2018 10 11 21  1  7.28 -Inf   1
5470  31.043200  110.446404     6.030   -21709.4     8968.5     -117.5      0.0      0.0      0.0 2018 10 11 21  2 27.64 -Inf   1
4818  31.038099  110.460403     4.790   -19775.8     8216.3    -1186.5      0.0      0.0      0.0 2018 10 11 21  9 40.46 -Inf   1
4718  31.032200  110.454002     6.050   -20806.2     7819.8        4.9      0.0      0.0      0.0 2018 10 11 21 10  7.64 -Inf   1
5473  31.051399  110.443001     6.810   -22033.4     9877.6      662.5      0.0      0.0      0.0 2018 10 11 21 16 17.56 -Inf   1
4720  31.047199  110.460602     2.200   -20174.3     9482.8    -3845.1      0.0      0.0      0.0 2018 10 11 21 21 31.48 -Inf   1
4822  31.042601  110.463402     9.790   -19489.0     8715.3     3813.5      0.0      0.0      0.0 2018 10 11 21 22  3.44 -Inf   1
4722  31.041401  110.453400     7.790   -20862.8     8839.9     1744.9      0.0      0.0      0.0 2018 10 11 21 23 54.68 -Inf   1
5669  31.037500  110.453300     5.980   -19996.3     7931.5      177.3      0.0      0.0      0.0 2018 10 11 21 40 52.72 -Inf   1
4825  31.042900  110.444801     7.190   -21265.4     8748.5     1213.5      0.0      0.0      0.0 2018 10 11 21 45 15.00 -Inf   1
5480  31.049601  110.458702     5.410   -20534.2     9678.2     -737.5      0.0      0.0      0.0 2018 10 11 21 48 33.44 -Inf   1
5481  31.037399  110.461998     5.130   -20220.7     8325.4    -1017.5      0.0      0.0      0.0 2018 10 11 21 49 31.76 -Inf   1
5482  31.025801  110.469002     1.260   -19553.0     7039.5    -4887.5      0.0      0.0      0.0 2018 10 11 21 50 30.64 -Inf   1
5675  31.033199  110.468597     0.260   -18535.8     7454.7    -5542.7      0.0      0.0      0.0 2018 10 11 22  4 48.90 -Inf   1
4728  31.047001  110.462502    12.800   -19992.9     9460.8     6754.9      0.0      0.0      0.0 2018 10 11 22 23 32.12 -Inf   1
5485  31.023500  110.455704     5.910   -20823.3     6784.5     -237.5      0.0      0.0      0.0 2018 10 11 22 28 13.64 -Inf   1
4730  31.045601  110.447899     1.700   -21387.6     9305.6    -4345.1      0.0      0.0      0.0 2018 10 11 22 29 17.48 -Inf   1
4831  31.040001  110.463097     7.280   -19518.4     8427.1     1303.5      0.0      0.0      0.0 2018 10 11 22 30  0.68 -Inf   1
5679  31.008200  110.473801    12.940   -18041.2     4683.0     7137.3      0.0      0.0      0.0 2018 10 11 22 40 14.88 -Inf   1
4833  31.033300  110.449501     8.200   -20817.6     7684.2     2223.5      0.0      0.0      0.0 2018 10 11 22 47 12.80 -Inf   1
4834  31.043900  110.462997    10.400   -19527.5     8859.3     4423.5      0.0      0.0      0.0 2018 10 11 22 54 31.52 -Inf   1
4735  31.042700  110.456802     7.970   -20537.7     8983.9     1924.9      0.0      0.0      0.0 2018 10 11 23  1 55.48 -Inf   1
5684  30.854099  111.131401     6.400    44806.9   -12402.0      597.3      0.0      0.0      0.0 2018 10 11 23  3 51.64 -Inf   1
5492  31.046600  110.458702    11.120   -20534.5     9345.5     4972.5      0.0      0.0      0.0 2018 10 11 23  6 22.52 -Inf   1
4738  31.025801  110.447899     7.110   -21389.8     7110.3     1064.9      0.0      0.0      0.0 2018 10 11 23 13 57.04 -Inf   1
5687  31.052200  110.441399     7.810   -21131.3     9561.3     2007.3      0.0      0.0      0.0 2018 10 11 23 31  7.76 -Inf   1
5495  31.044701  110.464104     5.140   -20018.8     9134.9    -1007.5      0.0      0.0      0.0 2018 10 12  0  9 31.23 -Inf   1
5496  31.047300  110.461800     5.000   -20238.6     9423.1    -1147.5      0.0      0.0      0.0 2018 10 12  0 11 47.89 -Inf   1
5497  31.038300  110.454597    10.630   -20927.4     8425.2     4482.5      0.0      0.0      0.0 2018 10 12  0 13 53.66 -Inf   1
5499  31.036301  110.458702     5.350   -20535.6     8203.6     -797.5      0.0      0.0      0.0 2018 10 12  0 21  5.94 -Inf   1
4746  31.041300  110.456802     6.770   -20537.8     8828.7      724.9      0.0      0.0      0.0 2018 10 12  0 22 22.63 -Inf   1
4850  31.045500  110.460197     9.240   -19794.8     9036.8     3263.5      0.0      0.0      0.0 2018 10 12  0 31 18.18 -Inf   1
5699  30.824499  111.265701    10.510    57654.0   -15683.7     4707.3      0.0      0.0      0.0 2018 10 12  0 56  6.21 -Inf   1
5510  31.045799  110.454498    10.460   -20936.0     9256.7     4312.5      0.0      0.0      0.0 2018 10 12  2  9  2.20 -Inf   1
5704  30.848200  111.140999     6.210    45725.8   -13056.0      407.3      0.0      0.0      0.0 2018 10 12  2 27 45.65 -Inf   1
5706  31.048300  110.453903     1.080   -19937.6     9128.8    -4722.7      0.0      0.0      0.0 2018 10 12  2 52 45.96 -Inf   1
5515  31.042000  110.451500     8.400   -21222.8     8835.5     2252.5      0.0      0.0      0.0 2018 10 12  3 20 10.38 -Inf   1
4757  31.048300  110.447403    14.010   -21434.7     9604.8     7964.9      0.0      0.0      0.0 2018 10 12  4 10  1.37 -Inf   1
5517  31.039200  110.442299    13.450   -22101.9     8525.1     7302.5      0.0      0.0      0.0 2018 10 12  4 14  7.34 -Inf   1
4864  31.189501  110.004700    10.550   -63247.4    25002.0     4573.5      0.0      0.0      0.0 2018 10 12  4 28 27.73 -Inf   1
5519  31.044001  110.447899     9.120   -21566.5     9057.3     2972.5      0.0      0.0      0.0 2018 10 12  4 30 43.47 -Inf   1
5713  30.904699  110.725197     5.050     5974.7    -6792.0     -752.7      0.0      0.0      0.0 2018 10 12  4 37 27.55 -Inf   1
5521  31.063801  110.469902     1.000   -19463.2    11252.5    -5147.5      0.0      0.0      0.0 2018 10 12  4 53 55.52 -Inf   1
5714  31.047001  110.452698     1.020   -20052.8     8984.8    -4782.7      0.0      0.0      0.0 2018 10 12  5  2 30.07 -Inf   1
4869  30.891701  110.472603     9.650   -18624.9    -8014.8     3673.5      0.0      0.0      0.0 2018 10 12  5 14 49.59 -Inf   1
4871  31.042299  110.440903     8.140   -21637.8     8681.9     2163.5      0.0      0.0      0.0 2018 10 12  5 25 10.62 -Inf   1
5718  31.034800  110.452904     4.820   -20034.4     7632.1     -982.7      0.0      0.0      0.0 2018 10 12  5 37  3.57 -Inf   1
5719  31.029600  110.448898     8.190   -20417.5     7055.6     2387.3      0.0      0.0      0.0 2018 10 12  5 49 53.33 -Inf   1
4874  31.040400  110.454399     7.850   -20349.0     8471.3     1873.5      0.0      0.0      0.0 2018 10 12  5 56 51.76 -Inf   1
5528  31.025200  110.454597     5.220   -20928.8     6972.9     -927.5      0.0      0.0      0.0 2018 10 12  5 57 15.73 -Inf   1
4876  31.044300  110.452499     8.490   -20530.0     8903.7     2513.5      0.0      0.0      0.0 2018 10 12  6  1 25.04 -Inf   1
5723  31.039499  110.453598     5.900   -19967.7     8153.1       97.3      0.0      0.0      0.0 2018 10 12  6  4 53.64 -Inf   1
4774  31.051901  110.455704    13.300   -20641.6    10004.0     7254.9      0.0      0.0      0.0 2018 10 12  6  7 14.16 -Inf   1
4775  31.043800  110.451897     9.040   -21006.0     9105.9     2994.9      0.0      0.0      0.0 2018 10 12  6 15 46.46 -Inf   1
4776  31.054399  110.438400    10.380   -22293.7    10281.0     4334.9      0.0      0.0      0.0 2018 10 12  6 21 54.61 -Inf   1
4881  31.044201  110.449203     9.150   -20844.8     8892.8     3173.5      0.0      0.0      0.0 2018 10 12  6 25 53.42 -Inf   1
5730  31.027700  110.462196     1.830   -19147.7     6845.0    -3972.7      0.0      0.0      0.0 2018 10 12  6 32 18.34 -Inf   1
4779  31.027300  110.472603    13.530   -19030.2     7276.5     7484.9      0.0      0.0      0.0 2018 10 12  6 35 15.82 -Inf   1
4780  31.045000  110.449402     7.900   -21244.2     9238.9     1854.9      0.0      0.0      0.0 2018 10 12  6 45  2.62 -Inf   1
5734  30.756701  110.897202     6.050    22430.2   -23200.5      247.3      0.0      0.0      0.0 2018 10 12  7 15 29.17 -Inf   1
5537  31.044201  110.457703     2.000   -20630.2     9079.5    -4147.5      0.0      0.0      0.0 2018 10 12  7 47  1.59 -Inf   1
5737  30.850300  111.138901     6.390    45524.7   -12823.2      587.3      0.0      0.0      0.0 2018 10 12  8  7 51.43 -Inf   1
5738  31.029301  110.370102    10.730   -27943.2     7022.4     4927.3      0.0      0.0      0.0 2018 10 12  8 15 26.52 -Inf   1
5540  31.007700  110.167702     5.660   -48334.9     5032.7     -487.5      0.0      0.0      0.0 2018 10 12  8 19  9.43 -Inf   1
5740  30.993900  109.754799     4.000   -86724.9     3097.6    -1802.7      0.0      0.0      0.0 2018 10 12  8 28 10.68 -Inf   1
4893  31.041800  110.456100    12.470   -20186.4     8626.5     6493.5      0.0      0.0      0.0 2018 10 12  8 42 56.12 -Inf   1
4790  30.852501  111.134300     6.030    44208.7   -12103.2      -15.1      0.0      0.0      0.0 2018 10 12  9  2  7.47 -Inf   1
4896  31.120001  109.957397    10.280   -67785.9    17296.6     4303.5      0.0      0.0      0.0 2018 10 12  9 51 45.54 -Inf   1
5545  31.299000  110.140503     6.180   -50855.7    37328.8       32.5      0.0      0.0      0.0 2018 10 12  9 55 52.31 -Inf   1
4793  31.288500  110.131203     8.740   -51567.2    36235.5     2694.9      0.0      0.0      0.0 2018 10 12 10 10 43.75 -Inf   1
4900  31.042999  110.447998     8.550   -20960.1     8759.5     2573.5      0.0      0.0      0.0 2018 10 12 10 42 52.08 -Inf   1
4901  31.034401  110.464401     7.850   -19394.4     7806.2     1873.5      0.0      0.0      0.0 2018 10 12 10 47 20.86 -Inf   1
5550  31.041700  110.450302     8.410   -21337.2     8802.3     2262.5      0.0      0.0      0.0 2018 10 12 11  8 59.93 -Inf   1
5749  31.071800  110.441299     8.870   -21138.6    11734.3     3067.3      0.0      0.0      0.0 2018 10 12 12  6  4.23 -Inf   1
4799  31.042999  110.461304    10.190   -20107.7     9017.1     4144.9      0.0      0.0      0.0 2018 10 12 12 11 34.10 -Inf   1
4905  31.044201  110.460602     8.520   -19756.3     8892.8     2543.5      0.0      0.0      0.0 2018 10 12 12 12 24.66 -Inf   1
4801  31.038601  110.453499     7.910   -20853.6     8529.5     1864.9      0.0      0.0      0.0 2018 10 12 12 15  4.31 -Inf   1
5555  31.051399  110.462196     8.820   -20200.3     9877.6     2672.5      0.0      0.0      0.0 2018 10 12 12 40 48.40 -Inf   1
5755  31.044100  110.440300     8.700   -21237.1     8663.2     2897.3      0.0      0.0      0.0 2018 10 12 13 30 10.83 -Inf   1
5559  31.047800  110.460297     6.360   -20382.1     9478.6      212.5      0.0      0.0      0.0 2018 10 12 14 19 53.06 -Inf   1
4807  31.043699  110.453201    12.480   -20881.5     9094.7     6434.9      0.0      0.0      0.0 2018 10 12 14 27 53.61 -Inf   1
4912  31.041401  110.461601     9.350   -19661.1     8582.3     3373.5      0.0      0.0      0.0 2018 10 12 14 31 42.86 -Inf   1
5760  31.044300  110.461197     5.110   -19241.5     8685.4     -692.7      0.0      0.0      0.0 2018 10 12 14 33 54.33 -Inf   1
4914  31.049601  110.435699     8.560   -22133.8     9491.4     2583.5      0.0      0.0      0.0 2018 10 12 14 49 25.68 -Inf   1
5762  31.026501  110.449203     8.540   -20388.7     6712.0     2737.3      0.0      0.0      0.0 2018 10 12 15 19 31.49 -Inf   1
5763  31.167101  110.129303     3.770   -50904.7    22300.2    -2032.7      0.0      0.0      0.0 2018 10 12 15 39 31.08 -Inf   1
5569  31.045300  110.447304     7.590   -21623.2     9201.3     1442.5      0.0      0.0      0.0 2018 10 12 15 47 32.83 -Inf   1
5765  31.050900  110.447304     7.360   -20567.5     9417.1     1557.3      0.0      0.0      0.0 2018 10 12 16  0 16.39 -Inf   1
5766  31.025600  110.458504     6.550   -19500.6     6612.2      747.3      0.0      0.0      0.0 2018 10 12 16  7 28.04 -Inf   1
5574  31.029100  110.462898     4.800   -20135.6     7405.3    -1347.5      0.0      0.0      0.0 2018 10 12 16 14 43.83 -Inf   1
5770  31.046700  110.450401    10.180   -20272.2     8951.4     4377.3      0.0      0.0      0.0 2018 10 12 16 43 11.15 -Inf   1
4921  31.042400  110.448997     7.230   -20864.7     8693.1     1253.5      0.0      0.0      0.0 2018 10 12 16 50 36.33 -Inf   1
5772  31.085400  110.820801     8.550    15097.3    13242.1     2747.3      0.0      0.0      0.0 2018 10 12 16 56 37.44 -Inf   1
5773  31.044399  110.450699     7.880   -20244.0     8696.4     2077.3      0.0      0.0      0.0 2018 10 12 17  2 31.32 -Inf   1
5774  31.040600  110.467796     0.900   -18611.6     8275.2    -4902.7      0.0      0.0      0.0 2018 10 12 17 30 19.44 -Inf   1
5580  31.041100  110.451202    10.290   -21251.3     8735.7     4142.5      0.0      0.0      0.0 2018 10 12 18 11 39.88 -Inf   1
4822  31.042000  110.448997     7.730   -21283.1     8906.3     1684.9      0.0      0.0      0.0 2018 10 12 18 20 17.94 -Inf   1
4925  31.040600  110.462402     8.330   -19584.7     8493.5     2353.5      0.0      0.0      0.0 2018 10 12 18 49 14.96 -Inf   1
4926  31.048100  110.440102     4.860   -21713.6     9325.0    -1116.5      0.0      0.0      0.0 2018 10 12 19  0 25.52 -Inf   1
5584  31.042500  110.434097    10.790   -22884.7     8890.9     4642.5      0.0      0.0      0.0 2018 10 12 19 17 47.00 -Inf   1
5586  31.040100  110.448196     6.840   -21538.5     8624.9      692.5      0.0      0.0      0.0 2018 10 12 19 49 51.92 -Inf   1
5587  31.042801  110.457901     7.710   -20611.4     8924.3     1562.5      0.0      0.0      0.0 2018 10 12 20  3 37.98 -Inf   1
5783  31.154699  110.543503     7.230   -11374.8    20925.3     1427.3      0.0      0.0      0.0 2018 10 12 20 24 50.56 -Inf   1
4828  31.050699  110.455704    10.140   -20641.7     9870.8     4094.9      0.0      0.0      0.0 2018 10 12 20 50 23.04 -Inf   1
4932  31.038900  110.459099     7.870   -19900.4     8305.1     1893.5      0.0      0.0      0.0 2018 10 12 21 23 36.96 -Inf   1
5786  31.042801  110.455704    10.420   -19766.2     8519.2     4617.3      0.0      0.0      0.0 2018 10 12 21 54 43.00 -Inf   1
5787  31.048901  110.474403     1.000   -17979.8     9195.5    -4802.7      0.0      0.0      0.0 2018 10 12 21 55  2.48 -Inf   1
4935  31.046000  110.456100     7.750   -20186.0     9092.2     1773.5      0.0      0.0      0.0 2018 10 12 21 57 11.36 -Inf   1
5593  31.044800  110.444298     4.770   -21910.3     9145.9    -1377.5      0.0      0.0      0.0 2018 10 12 22 32 30.72 -Inf   1
4833  31.043100  110.450302     4.770   -21158.4     9028.3    -1275.1      0.0      0.0      0.0 2018 10 12 22 36 44.68 -Inf   1
5791  30.855000  111.132698     6.130    44930.7   -12302.1      327.3      0.0      0.0      0.0 2018 10 12 23 13 12.78 -Inf   1
4835  31.036200  110.458702     7.810   -20356.9     8263.2     1764.9      0.0      0.0      0.0 2018 10 12 23 37 47.26 -Inf   1
4940  31.045900  110.446899     5.880   -21064.7     9081.2      -96.5      0.0      0.0      0.0 2018 10 12 23 51  3.54 -Inf   1
5600  31.039801  110.454903     6.520   -20898.1     8591.7      372.5      0.0      0.0      0.0 2018 10 13  0 39 36.51 -Inf   1
4942  31.042101  110.449799     0.730   -20788.2     8659.9    -5246.5      0.0      0.0      0.0 2018 10 13  0 41 59.71 -Inf   1
5796  31.039000  110.452698    10.390   -20053.7     8097.7     4587.3      0.0      0.0      0.0 2018 10 13  0 50 56.75 -Inf   1
5797  31.061001  110.474800     0.260   -17940.8    10537.0    -5542.7      0.0      0.0      0.0 2018 10 13  0 52 31.11 -Inf   1
4945  30.846001  111.142700     7.480    45431.2   -13081.5     1503.5      0.0      0.0      0.0 2018 10 13  1  9 53.74 -Inf   1
4946  31.048800  110.456802    10.320   -20118.6     9402.6     4343.5      0.0      0.0      0.0 2018 10 13  1 37 30.78 -Inf   1
4947  30.839300  111.252502    13.900    55930.1   -13824.4     7923.5      0.0      0.0      0.0 2018 10 13  1 39 31.71 -Inf   1
4949  31.307199  110.881302     2.000    20392.9    38051.1    -3976.5      0.0      0.0      0.0 2018 10 13  4 32 11.89 -Inf   1
5806  31.026899  110.459900     1.000   -19367.1     6756.2    -4802.7      0.0      0.0      0.0 2018 10 13  4 47  0.34 -Inf   1
5611  31.041800  110.458298     4.750   -20573.6     8813.3    -1397.5      0.0      0.0      0.0 2018 10 13  4 55 58.65 -Inf   1
5809  31.011900  110.451797     4.220   -20142.5     5093.2    -1582.7      0.0      0.0      0.0 2018 10 13  5  5 59.58 -Inf   1
4953  31.043200  110.463303     9.900   -19498.4     8781.7     3923.5      0.0      0.0      0.0 2018 10 13  5 11 24.74 -Inf   1
4954  30.850700  111.133301     5.710    44531.6   -12560.4     -266.5      0.0      0.0      0.0 2018 10 13  6 10 17.92 -Inf   1
4956  31.045799  110.435097     7.230   -22191.8     9070.0     1253.5      0.0      0.0      0.0 2018 10 13  6 29  5.46 -Inf   1
5814  30.909599  111.173302     2.780    48798.3    -6248.7    -3022.7      0.0      0.0      0.0 2018 10 13  6 49 20.48 -Inf   1
5815  30.860201  110.938599     1.580    26375.4   -11725.5    -4222.7      0.0      0.0      0.0 2018 10 13  6 50 20.43 -Inf   1
4853  31.044701  110.457199     1.380   -20499.6     9205.7    -4665.1      0.0      0.0      0.0 2018 10 13  7 15 59.81 -Inf   1
4854  30.848200  111.140198     5.690    44773.5   -12580.1     -355.1      0.0      0.0      0.0 2018 10 13  7 17 11.77 -Inf   1
4960  31.052601  110.463303     7.660   -19497.5     9824.0     1683.5      0.0      0.0      0.0 2018 10 13  7 36 59.45 -Inf   1
5623  31.044300  110.441200     8.610   -22206.2     9090.5     2462.5      0.0      0.0      0.0 2018 10 13  8 26 14.09 -Inf   1
5821  31.036699  110.465302     1.850   -18850.2     7842.7    -3952.7      0.0      0.0      0.0 2018 10 13  8 52 23.77 -Inf   1
5626  31.123100  110.031403    10.690   -61317.3    17827.0     4542.5      0.0      0.0      0.0 2018 10 13  8 53 17.80 -Inf   1
4966  31.042400  110.452301     7.900   -20549.2     8693.1     1923.5      0.0      0.0      0.0 2018 10 13  8 54  5.70 -Inf   1
4967  30.873501  111.153900     6.990    46495.3   -10032.6     1013.5      0.0      0.0      0.0 2018 10 13  9 27 43.41 -Inf   1
5629  31.037500  110.443199     8.000   -22016.1     8336.6     1852.5      0.0      0.0      0.0 2018 10 13  9 48 11.97 -Inf   1
5826  30.964500  110.005997    11.900   -62738.9     -161.9     6097.3      0.0      0.0      0.0 2018 10 13 10  0  7.33 -Inf   1
4970  31.023199  110.453598     9.280   -20427.4     6564.3     3303.5      0.0      0.0      0.0 2018 10 13 10 43 11.32 -Inf   1
5633  31.045099  110.454903    11.020   -20897.5     9179.1     4872.5      0.0      0.0      0.0 2018 10 13 11 40 51.21 -Inf   1
5634  31.040800  110.457397    10.210   -20659.7     8702.5     4062.5      0.0      0.0      0.0 2018 10 13 11 42  5.41 -Inf   1
5636  31.038401  110.456200     6.050   -20774.4     8436.4      -97.5      0.0      0.0      0.0 2018 10 13 12 10 46.58 -Inf   1
4976  31.039301  110.456001     4.430   -20196.1     8349.5    -1546.5      0.0      0.0      0.0 2018 10 13 13 10  9.58 -Inf   1
4977  31.048500  110.460800    12.420   -19736.9     9369.4     6443.5      0.0      0.0      0.0 2018 10 13 13 23 16.66 -Inf   1
5836  31.041901  110.456001     4.740   -19737.9     8419.4    -1062.7      0.0      0.0      0.0 2018 10 13 13 24 59.65 -Inf   1
4872  31.041901  110.460899     9.660   -20146.5     8895.3     3614.9      0.0      0.0      0.0 2018 10 13 13 50 21.07 -Inf   1
4873  31.038200  110.455803     7.460   -20633.6     8485.1     1414.9      0.0      0.0      0.0 2018 10 13 14 13 24.75 -Inf   1
5642  31.058300  110.460800     4.030   -20332.9    10642.7    -2117.5      0.0      0.0      0.0 2018 10 13 14 29 57.43 -Inf   1
4874  31.040100  110.457001     8.110   -20519.0     8695.7     2064.9      0.0      0.0      0.0 2018 10 13 14 32 55.90 -Inf   1
4983  31.030600  110.458900     6.390   -19920.2     7384.8      413.5      0.0      0.0      0.0 2018 10 13 14 46 58.65 -Inf   1
5645  31.042500  110.450302     8.210   -21337.2     8890.9     2062.5      0.0      0.0      0.0 2018 10 13 15  5 44.88 -Inf   1
4986  31.045200  110.459396     7.130   -19871.3     9003.6     1153.5      0.0      0.0      0.0 2018 10 13 15 33 37.11 -Inf   1
4879  31.045000  110.451302     8.170   -21062.7     9238.9     2124.9      0.0      0.0      0.0 2018 10 13 15 58 40.38 -Inf   1
5649  31.079399  110.234901     0.990   -41900.4    12981.9    -5157.5      0.0      0.0      0.0 2018 10 13 16  3 41.50 -Inf   1
5847  31.040300  110.453400     5.000   -19986.5     8242.0     -802.7      0.0      0.0      0.0 2018 10 13 16 33 13.52 -Inf   1
4989  31.038900  110.460602     5.390   -19756.8     8305.1     -586.5      0.0      0.0      0.0 2018 10 13 17  5 58.52 -Inf   1
4882  31.045401  110.467598    10.510   -19506.4     9283.4     4464.9      0.0      0.0      0.0 2018 10 13 17  7 32.70 -Inf   1
4992  31.047300  110.439598     6.380   -21761.8     9236.4      403.5      0.0      0.0      0.0 2018 10 13 17 37 18.52 -Inf   1
4885  31.042801  110.452103     5.390   -20986.5     8995.1     -655.1      0.0      0.0      0.0 2018 10 13 17 59 55.56 -Inf   1
5655  31.039900  110.458900     2.970   -20516.3     8602.7    -3177.5      0.0      0.0      0.0 2018 10 13 19 21  5.44 -Inf   1
5854  31.043200  110.473900     0.250   -18028.4     8563.4    -5552.7      0.0      0.0      0.0 2018 10 13 19 25 59.48 -Inf   1
5855  31.145700  110.294701     1.000   -35123.3    19927.6    -4802.7      0.0      0.0      0.0 2018 10 13 19 48 33.84 -Inf   1
4887  31.043400  110.459503     2.200   -20279.6     9061.5    -3845.1      0.0      0.0      0.0 2018 10 13 20 22 56.98 -Inf   1
4997  31.037100  110.446503     8.180   -21103.5     8105.5     2203.5      0.0      0.0      0.0 2018 10 13 20 36 18.84 -Inf   1
5661  31.048401  110.459396     9.360   -20468.0     9545.2     3212.5      0.0      0.0      0.0 2018 10 13 21 30 27.16 -Inf   1
4999  31.055500  110.451401     6.310   -20633.8    10145.5      333.5      0.0      0.0      0.0 2018 10 13 22 40 17.60 -Inf   1
5000  31.047199  110.457497     5.170   -20052.5     9225.2     -806.5      0.0      0.0      0.0 2018 10 13 23  9 28.08 -Inf   1
5865  30.847799  111.141098     6.450    45735.4   -13100.4      647.3      0.0      0.0      0.0 2018 10 13 23 10 55.24 -Inf   1
4894  31.042400  110.447998     4.990   -21378.5     8950.7    -1055.1      0.0      0.0      0.0 2018 10 13 23 25 32.00 -Inf   1
4895  30.930201  110.766899     9.260     9082.7    -3488.7     3214.9      0.0      0.0      0.0 2018 10 14  0  9 24.69 -Inf   1
5670  30.933500  110.768501    10.170     9056.7    -3193.7     4022.5      0.0      0.0      0.0 2018 10 14  0 23 21.82 -Inf   1
4898  31.038401  110.450401     7.840   -21149.4     8507.3     1794.9      0.0      0.0      0.0 2018 10 14  0 41  0.72 -Inf   1
4899  30.938499  110.766502     9.870     9044.4    -2568.7     3824.9      0.0      0.0      0.0 2018 10 14  1  9  1.30 -Inf   1
5009  30.991501  110.059196     7.690   -58106.6     3050.0     1713.5      0.0      0.0      0.0 2018 10 14  1 39 53.76 -Inf   1
5675  30.844000  111.140602     6.780    44634.0   -13116.5      632.5      0.0      0.0      0.0 2018 10 14  2 50 24.61 -Inf   1
5677  30.972099  110.009804    11.180   -63428.9     1085.7     5032.5      0.0      0.0      0.0 2018 10 14  4 18  7.92 -Inf   1
5012  31.051800  110.465401     6.950   -19297.2     9735.2      973.5      0.0      0.0      0.0 2018 10 14  4 20 29.72 -Inf   1
4904  30.883301  110.813400     4.230    13529.5    -8688.5    -1815.1      0.0      0.0      0.0 2018 10 14  4 43 55.19 -Inf   1
4906  31.102900  109.835403    14.000   -79857.9    15658.2     7954.9      0.0      0.0      0.0 2018 10 14  4 53 30.45 -Inf   1
5878  31.047400  109.840797     1.930   -78488.1     9029.0    -3872.7      0.0      0.0      0.0 2018 10 14  5 10 40.23 -Inf   1
4908  31.102800  109.940903    14.110   -69785.6    15647.2     8064.9      0.0      0.0      0.0 2018 10 14  5 17 35.37 -Inf   1
5020  31.048901  109.771202     8.000   -85592.3     9413.8     2023.5      0.0      0.0      0.0 2018 10 14  5 19  9.37 -Inf   1
5021  31.164600  110.011703     7.540   -62587.2    22241.3     1563.5      0.0      0.0      0.0 2018 10 14  5 21 23.59 -Inf   1
5683  31.111200  109.941803    18.800   -69875.1    16507.7    12652.5      0.0      0.0      0.0 2018 10 14  5 26  9.49 -Inf   1
5883  31.335600  110.048698     4.000   -58546.0    40981.5    -1802.7      0.0      0.0      0.0 2018 10 14  5 32 40.82 -Inf   1
5024  31.020800  110.482498    16.860   -17667.3     6298.3    10883.5      0.0      0.0      0.0 2018 10 14  5 55 35.81 -Inf   1
5686  30.908001  110.727898     7.180     5177.5    -6020.8     1032.5      0.0      0.0      0.0 2018 10 14  5 58 42.96 -Inf   1
4915  31.274799  110.060898     3.700   -58277.1    34716.5    -2345.1      0.0      0.0      0.0 2018 10 14  6  5 35.21 -Inf   1
5687  31.046200  110.452301    13.220   -21145.8     9301.1     7072.5      0.0      0.0      0.0 2018 10 14  6 57 39.49 -Inf   1
5688  31.045200  110.452698     7.580   -21108.1     9190.3     1432.5      0.0      0.0      0.0 2018 10 14  7 11 23.35 -Inf   1
4920  31.046000  110.442299     9.570   -21922.4     9349.8     3524.9      0.0      0.0      0.0 2018 10 14  8  2 38.92 -Inf   1
5033  31.049000  110.453499     9.470   -20434.1     9424.8     3493.5      0.0      0.0      0.0 2018 10 14  8 36 24.74 -Inf   1
5894  31.074499  110.547798     1.000   -10969.4    12033.5    -4802.7      0.0      0.0      0.0 2018 10 14  8 48 59.76 -Inf   1
4923  31.044701  110.453499    10.070   -20852.9     9205.7     4024.9      0.0      0.0      0.0 2018 10 14  9 18 30.35 -Inf   1
4924  31.039499  110.448898    11.090   -21292.9     8629.1     5044.9      0.0      0.0      0.0 2018 10 14  9 51 31.25 -Inf   1
5897  31.125999  110.024399     8.400   -60929.6    17743.3     2597.3      0.0      0.0      0.0 2018 10 14 10  2 34.04 -Inf   1
5698  30.851000  111.131500     4.580    43762.3   -12340.5    -1567.5      0.0      0.0      0.0 2018 10 14 10 12 39.05 -Inf   1
4928  31.046101  110.445900     1.720   -21578.5     9361.0    -4325.1      0.0      0.0      0.0 2018 10 14 11  4 47.69 -Inf   1
5901  31.045900  110.459900     4.510   -19365.2     8862.8    -1292.7      0.0      0.0      0.0 2018 10 14 11 26 42.14 -Inf   1
5902  31.046499  110.450203     4.760   -20291.2     8929.2    -1042.7      0.0      0.0      0.0 2018 10 14 11 27 35.59 -Inf   1
4931  31.041800  110.449402     7.920   -21244.5     8884.1     1874.9      0.0      0.0      0.0 2018 10 14 11 59 47.12 -Inf   1
5043  31.067801  110.816902     6.310    14268.9    11509.2      333.5      0.0      0.0      0.0 2018 10 14 12 49 11.62 -Inf   1
5044  31.039600  110.444397     4.820   -21304.3     8382.7    -1156.5      0.0      0.0      0.0 2018 10 14 13  3 33.89 -Inf   1
4934  31.041599  110.455803    10.110   -20633.2     8861.9     4064.9      0.0      0.0      0.0 2018 10 14 13 33 47.06 -Inf   1
5707  31.039200  110.203102     6.330   -44946.1     8525.1      182.5      0.0      0.0      0.0 2018 10 14 13 48 52.28 -Inf   1
5048  31.041100  110.439903     5.370   -21733.3     8548.9     -606.5      0.0      0.0      0.0 2018 10 14 16 19 47.30 -Inf   1
5911  31.155500  110.380997     5.380   -26885.0    21014.1     -422.7      0.0      0.0      0.0 2018 10 14 16 28 34.21 -Inf   1
4938  31.041700  110.444000     8.130   -21760.4     8873.1     2084.9      0.0      0.0      0.0 2018 10 14 16 32 31.71 -Inf   1
4940  30.870501  111.139603     7.520    44711.4   -10107.6     1474.9      0.0      0.0      0.0 2018 10 14 19 29  1.96 -Inf   1
5054  31.048401  110.471802     7.480   -18686.3     9358.4     1503.5      0.0      0.0      0.0 2018 10 14 20 22  3.40 -Inf   1
5714  31.148600  110.310204     2.320   -34697.7    20654.1    -3827.5      0.0      0.0      0.0 2018 10 14 21 16 23.44 -Inf   1
5056  31.154499  110.304604     2.720   -34634.3    21121.4    -3256.5      0.0      0.0      0.0 2018 10 14 21 23  4.78 -Inf   1
5057  31.044901  110.455902     9.680   -20205.0     8970.4     3703.5      0.0      0.0      0.0 2018 10 14 21 36 59.56 -Inf   1
4944  31.037500  110.450996     8.030   -21092.7     8407.5     1984.9      0.0      0.0      0.0 2018 10 14 21 43 29.86 -Inf   1
5059  31.027700  110.448601     5.750   -20904.2     7063.4     -226.5      0.0      0.0      0.0 2018 10 14 21 45 56.50 -Inf   1
5721  31.035101  110.451302    10.140   -21242.5     8070.6     3992.5      0.0      0.0      0.0 2018 10 14 23 27 43.76 -Inf   1
4948  31.037901  110.452202    10.350   -20977.5     8451.9     4304.9      0.0      0.0      0.0 2018 10 14 23 28 14.12 -Inf   1
4949  30.849001  111.134003     6.690    44181.0   -12491.3      644.9      0.0      0.0      0.0 2018 10 14 23 33 21.04 -Inf   1
4950  30.850000  111.137703     6.300    44534.5   -12380.5      254.9      0.0      0.0      0.0 2018 10 14 23 34  0.52 -Inf   1
5931  31.040701  110.452202     6.570   -20100.9     8286.4      767.3      0.0      0.0      0.0 2018 10 14 23 40 29.32 -Inf   1
4952  30.841499  111.216400    13.100    52060.1   -13323.0     7054.9      0.0      0.0      0.0 2018 10 15  1 28 18.32 -Inf   1
5069  30.730101  111.109802     8.310    42311.5   -25931.2     2333.5      0.0      0.0      0.0 2018 10 15  2 29 41.06 -Inf   1
5727  31.028099  110.455200     5.900   -20870.9     7294.3     -247.5      0.0      0.0      0.0 2018 10 15  3 10 52.23 -Inf   1
5728  31.035500  110.450500     8.880   -21319.0     8114.8     2732.5      0.0      0.0      0.0 2018 10 15  3 14 22.81 -Inf   1
5936  31.038300  110.463097    10.330   -19060.6     8020.1     4527.3      0.0      0.0      0.0 2018 10 15  3 15 51.28 -Inf   1
5731  31.049000  110.456596     8.080   -20735.3     9611.6     1932.5      0.0      0.0      0.0 2018 10 15  3 23 30.61 -Inf   1
5733  31.047400  110.452400     8.120   -21136.2     9434.1     1972.5      0.0      0.0      0.0 2018 10 15  3 48 49.61 -Inf   1
5078  30.849300  111.131599     7.290    44369.2   -12715.7     1313.5      0.0      0.0      0.0 2018 10 15  4 24 44.61 -Inf   1
5944  31.031900  110.449997    12.740   -20312.4     7310.7     6937.3      0.0      0.0      0.0 2018 10 15  6  7 34.16 -Inf   1
5738  31.029900  110.449303     7.910   -21434.0     7493.9     1762.5      0.0      0.0      0.0 2018 10 15  6 19 11.69 -Inf   1
5082  31.039400  110.454102     6.580   -20377.6     8360.5      603.5      0.0      0.0      0.0 2018 10 15  6 21 32.20 -Inf   1
4966  31.039101  110.453697    10.320   -20834.6     8584.9     4274.9      0.0      0.0      0.0 2018 10 15  6 28  9.60 -Inf   1
5741  31.034700  110.454102    10.530   -20975.1     8026.2     4382.5      0.0      0.0      0.0 2018 10 15  6 41 39.83 -Inf   1
4970  30.827000  111.235199     9.450    53861.4   -14930.5     3404.9      0.0      0.0      0.0 2018 10 15  6 49 33.80 -Inf   1
5744  30.823999  111.237801     8.750    53931.8   -15334.0     2602.5      0.0      0.0      0.0 2018 10 15  6 57  7.64 -Inf   1
4972  30.848499  111.134499     6.440    44228.6   -12546.9      394.9      0.0      0.0      0.0 2018 10 15  7  3 48.70 -Inf   1
5088  31.040400  110.452103    12.270   -20568.3     8471.3     6293.5      0.0      0.0      0.0 2018 10 15  7 22  4.32 -Inf   1
5747  31.041401  110.453903    10.860   -20993.4     8769.1     4712.5      0.0      0.0      0.0 2018 10 15  7 25 32.09 -Inf   1
5748  31.061800  110.466003     1.370   -19835.7    11030.7    -4777.5      0.0      0.0      0.0 2018 10 15  7 41 25.52 -Inf   1
5090  31.040100  110.448196    11.150   -20941.4     8438.1     5173.5      0.0      0.0      0.0 2018 10 15  7 43  7.23 -Inf   1
5751  31.037701  110.457802     7.950   -20621.4     8358.8     1802.5      0.0      0.0      0.0 2018 10 15  7 54 25.46 -Inf   1
5960  31.043600  110.464500    10.090   -18926.0     8607.8     4287.3      0.0      0.0      0.0 2018 10 15  8 34  1.81 -Inf   1
5961  31.026600  110.707100     6.040     4242.6     6723.0      237.3      0.0      0.0      0.0 2018 10 15  9 16 55.78 -Inf   1
5094  31.051500  110.469597     0.710   -18896.5     9702.0    -5266.5      0.0      0.0      0.0 2018 10 15  9 20 40.52 -Inf   1
5095  31.038000  110.458298     7.660   -19977.0     8205.3     1683.5      0.0      0.0      0.0 2018 10 15  9 23  9.74 -Inf   1
5097  31.044300  110.460197     8.250   -19794.9     8903.7     2273.5      0.0      0.0      0.0 2018 10 15  9 24 41.58 -Inf   1
4985  31.125601  110.012497    12.150   -62942.8    18175.1     6104.9      0.0      0.0      0.0 2018 10 15  9 47 41.17 -Inf   1
5967  31.054800  110.455399     4.260   -19794.1     9849.5    -1542.7      0.0      0.0      0.0 2018 10 15 11  3 56.29 -Inf   1
5761  31.029499  110.501999     2.030   -16401.1     7449.5    -4117.5      0.0      0.0      0.0 2018 10 15 11 37 59.55 -Inf   1
5100  31.034201  110.463303     5.780   -19499.4     7784.0     -196.5      0.0      0.0      0.0 2018 10 15 11 38  0.10 -Inf   1
5101  31.038799  110.476700    13.260   -18219.4     8293.9     7283.5      0.0      0.0      0.0 2018 10 15 12  8 10.75 -Inf   1
5102  31.041100  110.463699    10.400   -19460.8     8548.9     4423.5      0.0      0.0      0.0 2018 10 15 12 15 15.79 -Inf   1
5103  31.041000  110.468102    11.690   -19040.4     8537.9     5713.5      0.0      0.0      0.0 2018 10 15 12 20 10.82 -Inf   1
5766  31.027300  110.440498    10.850   -22275.2     7205.7     4702.5      0.0      0.0      0.0 2018 10 15 12 43 28.04 -Inf   1
5768  31.043600  110.454597     1.740   -20926.8     9012.9    -4407.5      0.0      0.0      0.0 2018 10 15 12 55 38.63 -Inf   1
5974  31.038099  110.482697    13.820   -17188.8     7997.9     8017.2      0.0      0.0      0.0 2018 10 15 13  8 28.02 -Inf   1
4993  31.033800  110.469498    11.900   -19326.1     7997.2     5854.9      0.0      0.0      0.0 2018 10 15 13 35 20.11 -Inf   1
4995  31.031500  110.464798    10.150   -19775.2     7742.2     4104.9      0.0      0.0      0.0 2018 10 15 14  9 44.39 -Inf   1
5774  31.042400  110.454102     5.200   -20974.3     8879.9     -947.5      0.0      0.0      0.0 2018 10 15 14 15  0.74 -Inf   1
4996  30.878901  111.145699     7.200    45292.1    -9176.3     1154.9      0.0      0.0      0.0 2018 10 15 14 21  6.84 -Inf   1
5113  31.042500  110.457199     8.020   -20081.4     8704.1     2043.5      0.0      0.0      0.0 2018 10 15 14 59 28.56 -Inf   1
4998  31.040600  110.449097     4.750   -21273.8     8751.1    -1295.1      0.0      0.0      0.0 2018 10 15 15 10 25.10 -Inf   1
5779  31.047100  110.462700     0.780   -20152.7     9400.9    -5367.5      0.0      0.0      0.0 2018 10 15 15 59 36.27 -Inf   1
5115  31.042200  110.456596     7.480   -20139.0     8670.9     1503.5      0.0      0.0      0.0 2018 10 15 16  3 58.48 -Inf   1
5000  31.032301  110.459503     5.930   -20280.8     7831.0     -115.1      0.0      0.0      0.0 2018 10 15 16  4 22.18 -Inf   1
5001  31.049200  110.472298     8.070   -19057.2     9704.6     2024.9      0.0      0.0      0.0 2018 10 15 17 40 50.06 -Inf   1
5784  31.045300  110.444901     4.720   -21852.7     9201.3    -1427.5      0.0      0.0      0.0 2018 10 15 19  0  8.88 -Inf   1
5785  31.039600  110.451500     5.160   -21223.1     8569.5     -987.5      0.0      0.0      0.0 2018 10 15 19  4 25.66 -Inf   1
5787  30.930901  110.756897    10.210     7948.0    -3482.0     4062.5      0.0      0.0      0.0 2018 10 15 20 39  9.72 -Inf   1
5987  31.166800  110.321503     4.690   -32561.5    22266.8    -1112.7      0.0      0.0      0.0 2018 10 15 20 57 31.88 -Inf   1
5003  31.013700  110.793602     6.570    11629.3     5768.8      524.9      0.0      0.0      0.0 2018 10 15 21 18 16.30 -Inf   1
5790  31.052401  110.469299     1.000   -19521.9     9988.6    -5147.5      0.0      0.0      0.0 2018 10 15 21 52 35.44 -Inf   1
5990  31.036301  110.448601     0.200   -20445.2     7798.5    -5602.7      0.0      0.0      0.0 2018 10 15 22  6 28.04 -Inf   1
5004  31.048800  110.453003     7.690   -20899.8     9660.2     1644.9      0.0      0.0      0.0 2018 10 15 22 13 58.94 -Inf   1
5124  31.046301  110.451202     5.560   -20653.7     9125.6     -416.5      0.0      0.0      0.0 2018 10 15 22 24 41.50 -Inf   1
5993  30.848400  111.136299     5.360    45276.5   -13033.8     -442.7      0.0      0.0      0.0 2018 10 15 23 28 45.00 -Inf   1
5007  31.045000  110.472099     1.000   -19076.5     9238.9    -5045.1      0.0      0.0      0.0 2018 10 16  0 20 16.52 -Inf   1
5797  30.821600  111.267998    10.480    56819.7   -15600.0     4332.5      0.0      0.0      0.0 2018 10 16  1 29  9.02 -Inf   1
5798  30.850401  111.134804     6.250    44078.2   -12406.9      102.5      0.0      0.0      0.0 2018 10 16  1 44 39.08 -Inf   1
5129  30.866899  111.127899     7.210    44011.5   -10764.5     1233.5      0.0      0.0      0.0 2018 10 16  1 45  5.52 -Inf   1
5130  30.886999  111.034599     5.910    35089.4    -8536.0      -66.5      0.0      0.0      0.0 2018 10 16  2  2 33.37 -Inf   1
5999  31.059500  110.470001     8.050   -18399.2    10370.6     2247.3      0.0      0.0      0.0 2018 10 16  3 35 40.17 -Inf   1
6001  31.054399  110.455101     6.980   -19822.6     9805.1     1177.3      0.0      0.0      0.0 2018 10 16  4 11 27.81 -Inf   1
5802  31.014200  110.430199    11.750   -23260.5     5753.4     5602.5      0.0      0.0      0.0 2018 10 16  4 45 19.46 -Inf   1
5804  31.185200  110.024696     8.300   -61937.5    24711.9     2152.5      0.0      0.0      0.0 2018 10 16  5 26 18.56 -Inf   1
5805  31.042700  110.453400     0.710   -21041.3     8913.1    -5437.5      0.0      0.0      0.0 2018 10 16  5 39 19.83 -Inf   1
5140  30.851400  110.396202     1.650   -25932.4   -12482.8    -4326.5      0.0      0.0      0.0 2018 10 16  5 46 32.94 -Inf   1
5141  31.037100  110.456299     9.120   -20167.9     8105.5     3143.5      0.0      0.0      0.0 2018 10 16  7 31 37.33 -Inf   1
5809  30.904100  110.731796    14.950     5550.2    -6453.3     8802.5      0.0      0.0      0.0 2018 10 16  7 33 20.13 -Inf   1
5023  31.046400  110.448196     7.980   -21359.1     9394.2     1934.9      0.0      0.0      0.0 2018 10 16  7 49 39.36 -Inf   1
5811  30.845400  110.398697     3.530   -26292.4   -12961.3    -2617.5      0.0      0.0      0.0 2018 10 16  8  4 55.35 -Inf   1
6014  31.237301  109.992104    11.250   -63975.4    30083.2     5447.3      0.0      0.0      0.0 2018 10 16  8 58 47.86 -Inf   1
6015  30.836201  111.155899     6.730    47153.1   -14386.4      927.3      0.0      0.0      0.0 2018 10 16 10  6 32.69 -Inf   1
5149  31.045000  110.464996     9.260   -19336.5     8981.4     3283.5      0.0      0.0      0.0 2018 10 16 10 39 33.06 -Inf   1
5815  31.070299  110.161102     5.420   -48949.3    11973.0     -727.5      0.0      0.0      0.0 2018 10 16 11 10  3.10 -Inf   1
5816  31.043200  110.453697     7.750   -21012.8     8968.5     1602.5      0.0      0.0      0.0 2018 10 16 12  2 54.41 -Inf   1
5818  31.039801  110.458504     6.710   -20554.2     8591.7      562.5      0.0      0.0      0.0 2018 10 16 16 18 26.45 -Inf   1
5819  31.039301  110.459702     5.380   -20439.8     8536.3     -767.5      0.0      0.0      0.0 2018 10 16 17 27 22.60 -Inf   1
5035  31.038700  110.463600     7.570   -19888.9     8540.5     1524.9      0.0      0.0      0.0 2018 10 16 17 39 32.70 -Inf   1
5036  31.046499  110.453300     6.850   -20871.7     9405.2      804.9      0.0      0.0      0.0 2018 10 16 17 54 42.08 -Inf   1
5157  31.049299  110.429497     8.120   -22726.2     9458.0     2143.5      0.0      0.0      0.0 2018 10 16 19 33 43.48 -Inf   1
5824  30.874901  110.447899     9.590   -21585.4    -9690.6     3442.5      0.0      0.0      0.0 2018 10 16 19 35 15.52 -Inf   1
5827  31.030899  110.452003     5.810   -21175.9     7604.8     -337.5      0.0      0.0      0.0 2018 10 16 21 11  3.06 -Inf   1
6036  30.931499  110.759399    11.400     9242.2    -3820.7     5597.3      0.0      0.0      0.0 2018 10 16 23 24  8.86 -Inf   1
5162  30.845301  111.135498     6.560    44742.9   -13159.1      583.5      0.0      0.0      0.0 2018 10 16 23 25 43.66 -Inf   1
6039  31.180300  111.012802    11.950    33413.0    23763.5     6147.3      0.0      0.0      0.0 2018 10 17  2 23 59.74 -Inf   1
6040  30.857000  111.141701     7.850    45790.8   -12080.3     2047.3      0.0      0.0      0.0 2018 10 17  2 34 42.35 -Inf   1
5048  31.040400  110.476799    13.620   -18628.1     8728.9     7574.9      0.0      0.0      0.0 2018 10 17  4 18 55.67 -Inf   1
5834  31.088600  109.876999    14.000   -76070.7    14002.0     7852.5      0.0      0.0      0.0 2018 10 17  4 26 55.04 -Inf   1
5168  30.967199  110.802902     5.410    12938.8      355.7     -566.5      0.0      0.0      0.0 2018 10 17  5 39 54.35 -Inf   1
5169  31.093300  110.109398     6.160   -53282.9    14336.3      183.5      0.0      0.0      0.0 2018 10 17  6  3 53.06 -Inf   1
5170  31.047600  110.458504    11.010   -19956.3     9269.6     5033.5      0.0      0.0      0.0 2018 10 17  6 18 26.19 -Inf   1
5171  31.048201  110.467300     9.780   -19116.2     9336.2     3803.5      0.0      0.0      0.0 2018 10 17  6 28 25.60 -Inf   1
5054  30.828199  111.247902     8.610    55075.5   -14797.5     2564.9      0.0      0.0      0.0 2018 10 17  7 15 21.50 -Inf   1
6053  31.098700  109.917397    13.450   -71154.1    14716.6     7647.3      0.0      0.0      0.0 2018 10 17  8  0 57.43 -Inf   1
6054  30.850500  111.130501     6.000    44721.7   -12801.0      197.3      0.0      0.0      0.0 2018 10 17  9  7 18.96 -Inf   1
5058  30.849100  111.132698     6.470    44056.3   -12480.3      424.9      0.0      0.0      0.0 2018 10 17  9 10 45.91 -Inf   1
5178  30.744301  110.966003     1.720    28554.2   -24356.8    -4256.5      0.0      0.0      0.0 2018 10 17  9 34  0.45 -Inf   1
5060  31.036400  110.454697     7.980   -20739.4     8285.4     1934.9      0.0      0.0      0.0 2018 10 17  9 43 23.53 -Inf   1
5845  31.096300  109.886803    14.000   -75131.7    14855.7     7852.5      0.0      0.0      0.0 2018 10 17 10  9 43.58 -Inf   1
5846  31.087700  109.890503    12.000   -74781.7    13902.2     5852.5      0.0      0.0      0.0 2018 10 17 10 15 47.50 -Inf   1
5847  31.043301  110.453499     7.440   -21031.8     8979.7     1292.5      0.0      0.0      0.0 2018 10 17 10 55 44.01 -Inf   1
5183  31.041901  110.451500     6.920   -20625.8     8637.7      943.5      0.0      0.0      0.0 2018 10 17 11 11 41.49 -Inf   1
5184  31.185801  110.458199     7.180   -19971.1    24591.8     1203.5      0.0      0.0      0.0 2018 10 17 14 11 39.35 -Inf   1
6063  31.150600  110.297096     1.000   -34893.7    20470.8    -4802.7      0.0      0.0      0.0 2018 10 17 19  0 27.92 -Inf   1
5067  31.040600  110.454803     7.680   -20728.8     8751.1     1634.9      0.0      0.0      0.0 2018 10 17 19  9 51.84 -Inf   1
6065  30.979099  110.839600     1.000    16901.6     1456.7    -4802.7      0.0      0.0      0.0 2018 10 17 21  1 37.42 -Inf   1
5854  31.047701  110.453003    11.150   -21078.6     9467.6     5002.5      0.0      0.0      0.0 2018 10 17 22 14  8.40 -Inf   1
5070  30.851601  111.135300     6.290    44304.4   -12203.0      244.9      0.0      0.0      0.0 2018 10 17 23  6 14.04 -Inf   1
6068  31.031900  110.454300     6.130   -19901.4     7310.7      327.3      0.0      0.0      0.0 2018 10 17 23 30 50.40 -Inf   1
6069  31.100700  110.426903     8.460   -22509.9    14938.4     2657.3      0.0      0.0      0.0 2018 10 18  1 20  1.20 -Inf   1
6071  30.856100  111.133400     6.010    44997.5   -12180.1      207.3      0.0      0.0      0.0 2018 10 18  3  4  0.90 -Inf   1
5859  31.078100  109.847099    14.000   -78929.8    12837.9     7852.5      0.0      0.0      0.0 2018 10 18  4  6 45.71 -Inf   1
5194  31.090700  109.859596    14.000   -77134.0    14048.1     8023.5      0.0      0.0      0.0 2018 10 18  4 22 14.90 -Inf   1
5076  30.865900  111.127502     6.390    43555.8   -10617.7      344.9      0.0      0.0      0.0 2018 10 18  5 39  9.51 -Inf   1
6077  30.963100  110.800499     4.480    13167.3     -317.1    -1322.7      0.0      0.0      0.0 2018 10 18  7 51 55.51 -Inf   1
5200  31.033899  110.704803     7.760     3565.3     7750.6     1783.5      0.0      0.0      0.0 2018 10 18  7 52 45.47 -Inf   1
6079  31.130800  110.037201    10.340   -59706.1    18275.6     4537.3      0.0      0.0      0.0 2018 10 18  7 59 22.93 -Inf   1
5080  30.895201  110.759201     6.430     8348.6    -7369.1      384.9      0.0      0.0      0.0 2018 10 18  9 25 55.30 -Inf   1
5867  30.773800  111.178101    14.000    48236.4   -20899.5     7852.5      0.0      0.0      0.0 2018 10 18  9 40 33.73 -Inf   1
6083  30.973900  110.792000     1.000    12354.6      880.2    -4802.7      0.0      0.0      0.0 2018 10 18  9 48 45.46 -Inf   1
5869  31.041901  110.461899     5.720   -20229.7     8824.5     -427.5      0.0      0.0      0.0 2018 10 18 11  9  6.57 -Inf   1
5207  31.040899  110.460503     9.050   -19766.1     8526.7     3073.5      0.0      0.0      0.0 2018 10 18 13 34 31.03 -Inf   1
5085  31.044100  110.455902    13.860   -20623.5     9139.1     7814.9      0.0      0.0      0.0 2018 10 18 16 27 51.54 -Inf   1
5210  31.038500  110.426300     4.460   -23032.8     8260.7    -1516.5      0.0      0.0      0.0 2018 10 18 17 50 15.40 -Inf   1
5873  31.057699  110.468903     9.100   -19559.2    10576.1     2952.5      0.0      0.0      0.0 2018 10 18 17 54 11.50 -Inf   1
5212  31.045000  110.438904     6.960   -21828.3     8981.4      983.5      0.0      0.0      0.0 2018 10 18 19 51 35.00 -Inf   1
5875  31.049200  110.436798     7.750   -22626.0     9633.8     1602.5      0.0      0.0      0.0 2018 10 18 19 53 53.44 -Inf   1
5877  31.032700  110.458199     5.430   -20584.1     7804.4     -717.5      0.0      0.0      0.0 2018 10 18 20 19 32.56 -Inf   1
5216  31.039600  110.459999     5.210   -19814.3     8382.7     -766.5      0.0      0.0      0.0 2018 10 18 21 51 51.84 -Inf   1
5881  31.041800  110.459396     5.110   -20468.7     8813.3    -1037.5      0.0      0.0      0.0 2018 10 18 21 59 32.34 -Inf   1
5882  31.036900  110.458702     1.710   -20535.5     8270.0    -4437.5      0.0      0.0      0.0 2018 10 19  0 25 37.30 -Inf   1
5883  31.046600  110.455299     7.450   -20859.5     9345.5     1302.5      0.0      0.0      0.0 2018 10 19  0 52 39.67 -Inf   1
6100  31.034599  110.465698    12.050   -18812.5     7609.9     6247.3      0.0      0.0      0.0 2018 10 19  1 11 37.94 -Inf   1
5221  30.860800  111.128403     6.000    44061.0   -11440.7       23.5      0.0      0.0      0.0 2018 10 19  1 31 43.46 -Inf   1
5222  30.838400  111.242996    10.050    55021.6   -13924.2     4073.5      0.0      0.0      0.0 2018 10 19  1 43 47.79 -Inf   1
5223  30.846399  111.142899     6.120    45450.1   -13037.3      143.5      0.0      0.0      0.0 2018 10 19  3  8 31.40 -Inf   1
5889  31.287001  110.840599     4.000    15916.8    35998.5    -2147.5      0.0      0.0      0.0 2018 10 19  3 23 17.38 -Inf   1
5890  31.218300  110.807098     4.210    12726.1    28381.7    -1937.5      0.0      0.0      0.0 2018 10 19  3 24 10.20 -Inf   1
5103  30.849800  111.137802     5.790    44544.1   -12402.7     -255.1      0.0      0.0      0.0 2018 10 19  3 49 32.33 -Inf   1
5227  31.044201  110.456001     6.460   -20195.6     8892.8      483.5      0.0      0.0      0.0 2018 10 19  4  3 39.01 -Inf   1
6110  31.169201  110.356796     6.540   -29192.7    22533.0      737.3      0.0      0.0      0.0 2018 10 19  4 13 56.77 -Inf   1
5230  30.976400  110.799004     0.930    12565.7     1375.8    -5046.5      0.0      0.0      0.0 2018 10 19  4 28 32.56 -Inf   1
5231  31.038300  110.448898     8.630   -20874.6     8238.5     2653.5      0.0      0.0      0.0 2018 10 19  4 46 52.54 -Inf   1
6115  30.804100  111.270798     8.000    58147.4   -17945.3     2197.3      0.0      0.0      0.0 2018 10 19  7 12 14.38 -Inf   1
6116  31.027700  109.871201     3.200   -75592.4     6845.0    -2602.7      0.0      0.0      0.0 2018 10 19  7 13 15.35 -Inf   1
5897  30.849100  111.138702     5.730    44451.2   -12551.1     -417.5      0.0      0.0      0.0 2018 10 19  7 25 57.26 -Inf   1
6119  31.042500  110.465202     1.000   -18859.1     8485.8    -4802.7      0.0      0.0      0.0 2018 10 19  7 43 12.49 -Inf   1
6120  31.043400  110.452103     3.790   -20110.1     8585.6    -2012.7      0.0      0.0      0.0 2018 10 19  7 52 19.14 -Inf   1
5900  31.048599  110.453796    10.030   -21002.8     9567.2     3882.5      0.0      0.0      0.0 2018 10 19  8  7 20.53 -Inf   1
5116  30.897600  111.075699     1.000    38597.6    -7103.1    -5045.1      0.0      0.0      0.0 2018 10 19  9 30 20.34 -Inf   1
6123  31.037500  110.453499     3.120   -19977.3     7931.5    -2682.7      0.0      0.0      0.0 2018 10 19  9 55 54.06 -Inf   1
6124  30.872900  110.823997     5.150    15419.5   -10317.5     -652.7      0.0      0.0      0.0 2018 10 19 11  3 10.52 -Inf   1
5119  31.037701  110.447098    10.770   -21465.0     8429.7     4724.9      0.0      0.0      0.0 2018 10 19 11 51 15.75 -Inf   1
5906  31.179501  110.516800     1.000   -14975.8    24080.0    -5147.5      0.0      0.0      0.0 2018 10 19 13  4 40.91 -Inf   1
5121  31.041201  110.465302     8.880   -19726.1     8817.7     2834.9      0.0      0.0      0.0 2018 10 19 15  2 36.75 -Inf   1
6129  31.041700  110.452103     6.500   -20110.2     8397.2      697.3      0.0      0.0      0.0 2018 10 19 15 37 13.30 -Inf   1
6130  30.970501  110.810600     1.810    14131.8      503.4    -3992.7      0.0      0.0      0.0 2018 10 19 16 57 31.43 -Inf   1
6131  31.043501  110.456001    10.350   -19737.7     8596.8     4547.3      0.0      0.0      0.0 2018 10 19 17 17 33.18 -Inf   1
5124  31.041300  110.466797     9.020   -19583.3     8828.7     2974.9      0.0      0.0      0.0 2018 10 19 17 37 58.06 -Inf   1
5913  31.035101  110.428703     4.530   -23400.8     8070.6    -1617.5      0.0      0.0      0.0 2018 10 19 17 42  3.88 -Inf   1
6135  31.030199  110.468597     4.550   -18536.1     7122.0    -1252.7      0.0      0.0      0.0 2018 10 19 18 15 35.56 -Inf   1
5127  31.043400  110.459503     7.950   -20279.6     9061.5     1904.9      0.0      0.0      0.0 2018 10 19 18 44 26.10 -Inf   1
5916  31.038401  110.426697     8.150   -23592.0     8436.4     2002.5      0.0      0.0      0.0 2018 10 19 19  5 44.54 -Inf   1
6138  31.153500  110.294403     1.000   -35150.2    20792.2    -4802.7      0.0      0.0      0.0 2018 10 19 20 18 53.96 -Inf   1
5253  30.933901  110.767700     7.850     9577.3    -3336.1     1873.5      0.0      0.0      0.0 2018 10 19 21  5 22.16 -Inf   1
5919  31.041901  110.444901     5.060   -21853.1     8824.5    -1087.5      0.0      0.0      0.0 2018 10 19 21 55 51.36 -Inf   1
6142  31.069500  110.459999     5.830   -19353.3    11479.3       27.3      0.0      0.0      0.0 2018 10 19 23  3 33.56 -Inf   1
5255  30.824900  111.167297     9.370    47787.9   -15420.9     3393.5      0.0      0.0      0.0 2018 10 19 23 51 10.22 -Inf   1
5134  30.850901  111.138100     6.400    44572.3   -12280.6      354.9      0.0      0.0      0.0 2018 10 20  0 53  2.72 -Inf   1
5923  31.035000  110.469002     1.000   -19552.1     8059.4    -5147.5      0.0      0.0      0.0 2018 10 20  1 15 45.39 -Inf   1
5924  31.041000  110.438202     7.990   -22492.9     8724.7     1842.5      0.0      0.0      0.0 2018 10 20  2 34 37.78 -Inf   1
6148  31.009600  110.091202     1.000   -54585.7     4838.2    -4802.7      0.0      0.0      0.0 2018 10 20  3 42 36.94 -Inf   1
5259  31.227600  110.044296     6.500   -59457.0    29226.0      523.5      0.0      0.0      0.0 2018 10 20  3 56 17.47 -Inf   1
6150  31.133101  110.869202     6.040    19713.7    18530.6      237.3      0.0      0.0      0.0 2018 10 20  4 30 39.12 -Inf   1
5261  30.843800  111.145599     6.480    45708.9   -13325.5      503.5      0.0      0.0      0.0 2018 10 20  6 53 35.88 -Inf   1
5262  30.744801  110.831001    10.530    15641.3   -24301.4     4553.5      0.0      0.0      0.0 2018 10 20  7 58 15.62 -Inf   1
5141  30.894501  110.774002    10.060     9763.2    -7446.7     4014.9      0.0      0.0      0.0 2018 10 20  8 25 11.83 -Inf   1
5935  30.855600  111.132698     6.410    43875.7   -11830.4      262.5      0.0      0.0      0.0 2018 10 20  8 44 25.99 -Inf   1
5267  31.039200  110.452103     6.150   -20568.5     8338.3      173.5      0.0      0.0      0.0 2018 10 20 13 25 14.39 -Inf   1
6161  31.065901  110.460800     5.600   -19277.2    11080.3     -202.7      0.0      0.0      0.0 2018 10 20 16 19  9.97 -Inf   1
6162  31.029600  110.457199     6.350   -19624.8     7055.6      547.3      0.0      0.0      0.0 2018 10 20 17  3 26.34 -Inf   1
5146  31.085899  110.258301     7.380   -39486.2    13773.4     1334.9      0.0      0.0      0.0 2018 10 20 17 33 11.08 -Inf   1
5940  31.032101  110.463898     3.810   -20039.8     7738.0    -2337.5      0.0      0.0      0.0 2018 10 20 17 42  0.28 -Inf   1
5272  31.185699  110.551003     1.000   -11114.8    24580.5    -4976.5      0.0      0.0      0.0 2018 10 20 20 46 45.24 -Inf   1
5942  31.041901  110.452103     5.130   -21165.3     8824.5    -1017.5      0.0      0.0      0.0 2018 10 20 21 48 46.94 -Inf   1
5943  30.847300  111.141296     6.570    44699.6   -12750.7      422.5      0.0      0.0      0.0 2018 10 20 23 19 33.32 -Inf   1
5944  31.065300  110.437798     8.080   -22528.7    11418.7     1932.5      0.0      0.0      0.0 2018 10 20 23 25 45.44 -Inf   1
5149  30.848900  111.139099     6.670    44668.3   -12502.5      624.9      0.0      0.0      0.0 2018 10 20 23 33 22.16 -Inf   1
6170  31.040100  110.450798     5.080   -20235.0     8219.8     -722.7      0.0      0.0      0.0 2018 10 21  0 29 16.62 -Inf   1
5947  31.035000  110.426399     9.760   -23620.9     8059.4     3612.5      0.0      0.0      0.0 2018 10 21  1 37 42.70 -Inf   1
5152  31.039499  110.466003     8.280   -19659.3     8629.1     2234.9      0.0      0.0      0.0 2018 10 21  2 25 21.92 -Inf   1
5153  31.049000  110.446098     9.830   -21559.2     9682.4     3784.9      0.0      0.0      0.0 2018 10 21  3 24 37.13 -Inf   1
6174  31.002300  110.117699     1.000   -52056.8     4028.9    -4802.7      0.0      0.0      0.0 2018 10 21  3 41  8.78 -Inf   1
5950  31.044201  110.455597     5.510   -20831.3     9079.5     -637.5      0.0      0.0      0.0 2018 10 21  3 49 19.35 -Inf   1
5283  31.051701  110.442703     4.960   -21464.8     9724.2    -1016.5      0.0      0.0      0.0 2018 10 21  4 24 28.03 -Inf   1
5953  31.016100  110.692101     7.830     1755.4     5964.0     1682.5      0.0      0.0      0.0 2018 10 21  5 36 39.17 -Inf   1
5157  31.043699  110.455803     8.230   -20633.0     9094.7     2184.9      0.0      0.0      0.0 2018 10 21  7  1  7.39 -Inf   1
6180  30.812099  111.268097     2.300    57886.8   -17058.4    -3502.7      0.0      0.0      0.0 2018 10 21  7 37 57.25 -Inf   1
5158  30.850700  111.137398     6.060    44505.2   -12302.8       14.9      0.0      0.0      0.0 2018 10 21  8 18 44.86 -Inf   1
5159  30.851000  111.132103     6.280    43999.0   -12269.6      234.9      0.0      0.0      0.0 2018 10 21  8 34  1.13 -Inf   1
5291  31.148500  110.306999     0.980   -34406.8    20456.3    -4996.5      0.0      0.0      0.0 2018 10 21 10 30 52.49 -Inf   1
6184  31.042801  110.464600     5.210   -18916.7     8519.2     -592.7      0.0      0.0      0.0 2018 10 21 12 39  8.51 -Inf   1
5958  31.035400  110.469597     3.840   -19495.2     8103.8    -2307.5      0.0      0.0      0.0 2018 10 21 13 47 18.66 -Inf   1
5293  31.044701  110.455101     9.080   -20281.5     8948.2     3103.5      0.0      0.0      0.0 2018 10 21 14 15  9.47 -Inf   1
6188  31.048201  110.443802     8.140   -20902.3     9117.9     2337.3      0.0      0.0      0.0 2018 10 21 14 46 33.84 -Inf   1
6189  31.138700  110.299400     1.000   -34676.0    19151.5    -4802.7      0.0      0.0      0.0 2018 10 21 15 53 30.50 -Inf   1
5965  31.035999  110.467003     4.580   -19742.9     8170.2    -1567.5      0.0      0.0      0.0 2018 10 21 17 19 46.24 -Inf   1
6192  31.050900  110.435898     1.920   -21656.8     9417.1    -3882.7      0.0      0.0      0.0 2018 10 21 18 24 23.06 -Inf   1
6193  31.027700  110.474403     1.690   -17981.8     6845.0    -4112.7      0.0      0.0      0.0 2018 10 21 19  9 25.90 -Inf   1
5970  30.883600  111.127899     0.970    43410.7    -8726.1    -5177.5      0.0      0.0      0.0 2018 10 21 19 44  8.20 -Inf   1
5972  31.045200  110.452003     7.720   -21174.4     9190.3     1572.5      0.0      0.0      0.0 2018 10 21 20  5 10.00 -Inf   1
6197  31.038099  110.452301     6.380   -20091.7     7997.9      577.3      0.0      0.0      0.0 2018 10 21 20  9 51.78 -Inf   1
5301  31.038200  110.453697    10.670   -20416.3     8227.5     4693.5      0.0      0.0      0.0 2018 10 21 21 24 20.08 -Inf   1
5975  31.050600  110.442902     7.120   -22043.0     9789.0      972.5      0.0      0.0      0.0 2018 10 21 21 38 10.84 -Inf   1
5170  31.078699  110.259903     6.660   -39334.7    12975.1      614.9      0.0      0.0      0.0 2018 10 21 23 23 50.12 -Inf   1
5977  31.046400  110.451599     6.400   -21212.9     9323.3      252.5      0.0      0.0      0.0 2018 10 21 23 24  4.48 -Inf   1
5304  30.826799  111.260696     2.010    56717.1   -15210.3    -3966.5      0.0      0.0      0.0 2018 10 22  1 17 55.72 -Inf   1
6203  30.852900  111.140701     7.060    45696.2   -12535.0     1257.3      0.0      0.0      0.0 2018 10 22  1 24 45.07 -Inf   1
6204  31.117599  109.943604     8.880   -68645.3    16812.0     3077.3      0.0      0.0      0.0 2018 10 22  3 22 57.35 -Inf   1
6205  30.808901  110.918800     3.770    24489.3   -17413.1    -2032.7      0.0      0.0      0.0 2018 10 22  4 28  9.24 -Inf   1
5308  30.817400  110.933998     1.730    25483.3   -16252.4    -4246.5      0.0      0.0      0.0 2018 10 22  7 23 17.93 -Inf   1
5309  30.847799  111.134300     6.130    44627.8   -12882.1      153.5      0.0      0.0      0.0 2018 10 22  8 15 28.80 -Inf   1
5983  31.037701  110.426498     7.700   -23611.0     8358.8     1552.5      0.0      0.0      0.0 2018 10 22  8 33 24.04 -Inf   1
5311  30.841299  111.260902    10.170    56732.6   -13602.8     4193.5      0.0      0.0      0.0 2018 10 22  8 47 55.26 -Inf   1
5312  30.850300  111.140198     6.650    45191.0   -12604.8      673.5      0.0      0.0      0.0 2018 10 22  8 49 43.63 -Inf   1
5987  31.047199  110.439003     8.520   -22415.7     9411.9     2372.5      0.0      0.0      0.0 2018 10 22 11 13  9.46 -Inf   1
5315  31.093201  110.103798     1.000   -53817.6    14325.3    -4976.5      0.0      0.0      0.0 2018 10 22 15  5 37.19 -Inf   1
5989  31.045000  110.449501     7.810   -21413.4     9168.1     1662.5      0.0      0.0      0.0 2018 10 22 16  8 11.77 -Inf   1
5991  31.044399  110.452003     4.200   -21174.5     9101.5    -1947.5      0.0      0.0      0.0 2018 10 22 18 23  3.80 -Inf   1
6220  31.136400  110.294998     1.000   -35096.6    18896.4    -4802.7      0.0      0.0      0.0 2018 10 22 19 10 33.78 -Inf   1
6223  31.040899  110.454399     7.890   -19891.0     8308.4     2087.3      0.0      0.0      0.0 2018 10 22 20 20 49.42 -Inf   1
5325  30.853500  111.126701     6.070    43900.0   -12250.0       93.5      0.0      0.0      0.0 2018 10 23  2 29 16.56 -Inf   1
5998  30.848900  111.134003     6.200    44002.0   -12573.3       52.5      0.0      0.0      0.0 2018 10 23  3 45 43.55 -Inf   1
5328  30.741501  110.831299     9.190    15670.1   -24667.3     3213.5      0.0      0.0      0.0 2018 10 23  4 33 33.01 -Inf   1
6229  31.233999  110.048203     7.270   -58624.4    29717.2     1467.3      0.0      0.0      0.0 2018 10 23  4 58 13.76 -Inf   1
5332  30.902000  110.725800     7.930     5574.4    -6872.9     1953.5      0.0      0.0      0.0 2018 10 23  7 30 51.17 -Inf   1
6231  30.845100  110.469597     1.000   -18458.3   -13399.7    -4802.7      0.0      0.0      0.0 2018 10 23  7 50 22.47 -Inf   1
6233  30.854601  111.132500     7.620    44911.8   -12346.3     1817.3      0.0      0.0      0.0 2018 10 23  8  2 52.25 -Inf   1
5336  31.055000  110.447701    11.450   -20987.2    10090.1     5473.5      0.0      0.0      0.0 2018 10 23  8 21 17.32 -Inf   1
6235  30.912600  110.504997     6.310   -15068.8    -5916.1      507.3      0.0      0.0      0.0 2018 10 23  9 48 11.48 -Inf   1
6010  31.055700  110.469299     0.180   -19521.5    10354.4    -5967.5      0.0      0.0      0.0 2018 10 23 14 45 31.77 -Inf   1
6011  31.143000  110.311302     2.020   -34593.9    20033.2    -4127.5      0.0      0.0      0.0 2018 10 23 14 50 33.73 -Inf   1
5202  31.041300  110.450203     7.330   -21168.1     8828.7     1284.9      0.0      0.0      0.0 2018 10 23 15 13 27.24 -Inf   1
6241  31.041901  110.453598     4.540   -19967.4     8419.4    -1262.7      0.0      0.0      0.0 2018 10 23 15 18 59.47 -Inf   1
5342  30.879601  111.144897     7.020    45633.3    -9356.3     1043.5      0.0      0.0      0.0 2018 10 23 20 52 17.16 -Inf   1
5343  31.042601  110.453598     3.520   -20425.3     8715.3    -2456.5      0.0      0.0      0.0 2018 10 23 21  6 13.90 -Inf   1
6018  31.068300  110.284798     2.590   -37138.2    11751.4    -3557.5      0.0      0.0      0.0 2018 10 23 22  8  8.10 -Inf   1
5208  31.040800  110.444801     8.500   -21684.0     8773.3     2454.9      0.0      0.0      0.0 2018 10 23 23  7 14.24 -Inf   1
6020  30.850800  111.130203     5.530    43638.3   -12362.7     -617.5      0.0      0.0      0.0 2018 10 23 23 14 44.36 -Inf   1
6021  30.831800  111.114899     6.500    42179.4   -14469.1      352.5      0.0      0.0      0.0 2018 10 24  0 53 30.60 -Inf   1
5348  31.042200  110.449997     6.190   -20769.3     8670.9      213.5      0.0      0.0      0.0 2018 10 24  1 58 19.25 -Inf   1
6252  30.979000  110.022903     0.030   -61119.0     1445.7    -5772.7      0.0      0.0      0.0 2018 10 24  2 45 17.72 -Inf   1
6024  31.126900  110.036400    10.610   -60839.1    18248.2     4462.5      0.0      0.0      0.0 2018 10 24  3  4 39.77 -Inf   1
6025  31.293400  110.835602     2.000    15439.7    36707.9    -4147.5      0.0      0.0      0.0 2018 10 24  3 25 30.03 -Inf   1
5215  31.026199  109.799202     8.000   -83347.3     7154.5     1954.9      0.0      0.0      0.0 2018 10 24  3 50 24.73 -Inf   1
6026  31.188000  110.341400    16.040   -31713.5    25022.3     9892.5      0.0      0.0      0.0 2018 10 24  3 59 39.49 -Inf   1
6259  31.071899  109.795502     8.000   -82803.2    11745.3     2197.3      0.0      0.0      0.0 2018 10 24  4 17 36.31 -Inf   1
5218  31.051701  110.459198     9.380   -20307.9     9981.8     3334.9      0.0      0.0      0.0 2018 10 24  4 34 39.59 -Inf   1
5219  30.969500  110.109001     6.340   -53774.0      868.3      294.9      0.0      0.0      0.0 2018 10 24  5  7  2.43 -Inf   1
6261  31.047199  110.462502     1.130   -19116.6     9006.8    -4672.7      0.0      0.0      0.0 2018 10 24  5 21 32.79 -Inf   1
6030  31.020300  110.700104     7.730     2519.8     6429.6     1582.5      0.0      0.0      0.0 2018 10 24  7  3 29.41 -Inf   1
5360  30.854200  111.136398     7.000    44826.9   -12172.4     1023.5      0.0      0.0      0.0 2018 10 24  7 11 10.67 -Inf   1
6264  30.936899  110.772400     5.520    10484.1    -3222.0     -282.7      0.0      0.0      0.0 2018 10 24  7 49 38.36 -Inf   1
5363  30.846201  111.136597     6.150    44847.7   -13059.3      173.5      0.0      0.0      0.0 2018 10 24  9 24  1.63 -Inf   1
5364  31.030300  110.449997    13.630   -20770.5     7351.6     7653.5      0.0      0.0      0.0 2018 10 24 14 18 38.02 -Inf   1
5226  31.051300  110.443901     7.270   -21768.8     9937.4     1224.9      0.0      0.0      0.0 2018 10 24 14 43 30.67 -Inf   1
5367  31.045099  110.449402     6.580   -20825.8     8992.4      603.5      0.0      0.0      0.0 2018 10 24 16  2  6.36 -Inf   1
5229  31.038401  110.462502    11.660   -19993.8     8507.3     5614.9      0.0      0.0      0.0 2018 10 24 16 20 27.74 -Inf   1
6041  30.893400  111.134300     4.640    44020.3    -7639.6    -1507.5      0.0      0.0      0.0 2018 10 24 17 25 33.36 -Inf   1
6275  31.044600  110.441200     1.920   -21151.1     8718.6    -3882.7      0.0      0.0      0.0 2018 10 24 19 13  6.34 -Inf   1
6043  31.046101  110.447502     1.920   -21604.2     9290.1    -4227.5      0.0      0.0      0.0 2018 10 24 19 17 39.46 -Inf   1
6045  31.052299  110.463600     1.700   -20066.1     9977.4    -4447.5      0.0      0.0      0.0 2018 10 24 20 56 25.40 -Inf   1
6046  31.049299  110.450897     5.520   -21279.6     9644.8     -627.5      0.0      0.0      0.0 2018 10 24 22 14 52.44 -Inf   1
5373  30.856701  111.135803     7.500    44769.4   -11895.2     1523.5      0.0      0.0      0.0 2018 10 24 23  9  3.96 -Inf   1
6050  30.850500  111.130501     6.000    43666.8   -12395.9     -147.5      0.0      0.0      0.0 2018 10 24 23 51 10.72 -Inf   1
5376  31.042801  110.448502    10.590   -20912.0     8737.5     4613.5      0.0      0.0      0.0 2018 10 27  1 26 35.24 -Inf   1
6282  31.285101  110.837601     1.570    16684.0    35382.7    -4232.7      0.0      0.0      0.0 2018 10 27  3 19 38.10 -Inf   1
5240  30.844000  111.136703     6.200    44440.4   -13045.7      154.9      0.0      0.0      0.0 2018 10 27  9 47 27.26 -Inf   1
6058  31.123899  109.970802    11.140   -67102.1    17915.6     4992.5      0.0      0.0      0.0 2018 10 27 15 38 20.53 -Inf   1
6291  31.123899  109.951103    12.490   -67927.1    17510.5     6687.3      0.0      0.0      0.0 2018 10 27 15 40  4.78 -Inf   1
6060  30.960699  110.795799     7.080    11663.6     -178.2      932.5      0.0      0.0      0.0 2018 10 27 15 52 14.54 -Inf   1
6061  31.042900  110.187103     6.550   -46473.2     8935.3      402.5      0.0      0.0      0.0 2018 10 27 16 15 33.69 -Inf   1
5245  31.041300  110.448997     9.730   -21283.2     8828.7     3684.9      0.0      0.0      0.0 2018 10 27 16 50  3.22 -Inf   1
5246  31.047199  110.474098     5.090   -18885.4     9482.8     -955.1      0.0      0.0      0.0 2018 10 27 17 28 35.34 -Inf   1
6065  30.961700  110.808296     2.520    12857.5      -67.2    -3627.5      0.0      0.0      0.0 2018 10 27 19  1 54.56 -Inf   1
6298  31.153999  110.319000     7.910   -32802.5    20847.6     2107.3      0.0      0.0      0.0 2018 10 27 20 18 33.50 -Inf   1
6299  31.146500  110.295097     1.000   -35085.3    20016.2    -4802.7      0.0      0.0      0.0 2018 10 27 20 36 15.26 -Inf   1
6300  31.173100  110.263496     1.000   -38096.3    22965.3    -4802.7      0.0      0.0      0.0 2018 10 27 21 12 17.96 -Inf   1
5393  31.047400  110.452003     8.800   -20577.1     9247.4     2823.5      0.0      0.0      0.0 2018 10 27 22 51 18.46 -Inf   1
6303  30.850800  111.147797     9.280    46375.0   -12767.8     3477.3      0.0      0.0      0.0 2018 10 28  0  5 36.85 -Inf   1
5251  30.839600  111.140900     6.930    44842.6   -13533.6      884.9      0.0      0.0      0.0 2018 10 28  0  6 20.26 -Inf   1
6305  30.847900  111.135101     5.560    45162.1   -13089.2     -242.7      0.0      0.0      0.0 2018 10 28  2 41 46.05 -Inf   1
6306  30.829100  111.256897    10.790    56810.9   -15173.6     4987.3      0.0      0.0      0.0 2018 10 28  2 59  3.95 -Inf   1
6307  31.212799  111.018799    10.000    33979.5    27366.7     4197.3      0.0      0.0      0.0 2018 10 28  3 19 15.50 -Inf   1
5401  30.766100  110.997597     1.000    31572.5   -21940.0    -4976.5      0.0      0.0      0.0 2018 10 28  6 23 36.95 -Inf   1
6075  31.051600  110.456299    11.530   -20763.5     9899.8     5382.5      0.0      0.0      0.0 2018 10 28  6 26 31.07 -Inf   1
5257  30.841600  111.139297     4.800    44688.9   -13311.7    -1245.1      0.0      0.0      0.0 2018 10 28  6 37 24.09 -Inf   1
5258  30.846100  111.135002     6.550    44277.2   -12812.9      504.9      0.0      0.0      0.0 2018 10 28  6 46  9.22 -Inf   1
6079  30.876699  111.162903     8.850    46758.0    -9491.2     2702.5      0.0      0.0      0.0 2018 10 28 12 24 52.14 -Inf   1
5405  31.094299  110.204201     5.560   -44231.2    14447.1     -416.5      0.0      0.0      0.0 2018 10 28 17 50 14.88 -Inf   1
5259  31.130899  110.024101    10.290   -61833.4    18762.5     4244.9      0.0      0.0      0.0 2018 10 28 22 52 58.40 -Inf   1
5260  30.850599  111.134300     6.460    44209.1   -12314.1      414.9      0.0      0.0      0.0 2018 10 28 23 23 59.26 -Inf   1
6087  30.978600  110.007301    10.690   -63665.9     1806.4     4542.5      0.0      0.0      0.0 2018 10 29  1 55 18.07 -Inf   1
5408  30.832600  111.155502     6.000    46658.3   -14567.2       23.5      0.0      0.0      0.0 2018 10 29  2 58  3.08 -Inf   1
5265  31.005199  109.748299    12.000   -88218.7     4826.3     5954.9      0.0      0.0      0.0 2018 10 29  3 50 50.48 -Inf   1
5266  31.042900  110.431801     7.380   -22925.3     9006.1     1334.9      0.0      0.0      0.0 2018 10 29  4 58 20.28 -Inf   1
5413  31.028000  110.685898    10.890     1759.8     7096.6     4913.5      0.0      0.0      0.0 2018 10 29  5 22 57.20 -Inf   1
6330  31.039200  110.437202     5.110   -21533.5     8119.9     -692.7      0.0      0.0      0.0 2018 10 29  6  8 40.24 -Inf   1
5269  31.224600  110.052902     6.300   -59055.2    29151.0      254.9      0.0      0.0      0.0 2018 10 29  6 16  7.80 -Inf   1
6332  31.083700  110.029404     4.120   -60465.2    13053.7    -1682.7      0.0      0.0      0.0 2018 10 29  6 35  6.32 -Inf   1
5271  30.965200  110.812401     2.550    13428.3      391.6    -3495.1      0.0      0.0      0.0 2018 10 29  6 37 44.64 -Inf   1
5272  31.037100  110.466202     8.360   -19640.6     8363.1     2314.9      0.0      0.0      0.0 2018 10 29  6 47 26.29 -Inf   1
5273  31.034401  110.464500     7.530   -19803.3     8063.8     1484.9      0.0      0.0      0.0 2018 10 29  7 54 28.89 -Inf   1
6337  30.864799  111.111198     7.200    42873.3   -11215.6     1397.3      0.0      0.0      0.0 2018 10 29  7 55 35.68 -Inf   1
5275  30.869200  111.103104     6.530    41222.8   -10251.8      484.9      0.0      0.0      0.0 2018 10 29  8 48 54.61 -Inf   1
5276  31.129801  110.111397     9.520   -53500.5    18640.7     3474.9      0.0      0.0      0.0 2018 10 29  8 55 46.37 -Inf   1
5422  30.859400  111.127701     6.980    43994.2   -11595.9     1003.5      0.0      0.0      0.0 2018 10 29  9 30 35.89 -Inf   1
6103  30.783100  110.879799    16.730    19707.2   -19868.4    10582.5      0.0      0.0      0.0 2018 10 29  9 53 45.30 -Inf   1
6341  30.745001  110.972397     1.000    29623.8   -24497.6    -4802.7      0.0      0.0      0.0 2018 10 29 10 22  6.22 -Inf   1
6109  31.043600  110.442802     7.060   -22053.3     9012.9      912.5      0.0      0.0      0.0 2018 10 29 16 42 36.99 -Inf   1
5427  31.039400  110.445000     6.040   -21246.8     8360.5       63.5      0.0      0.0      0.0 2018 10 29 16 44 10.08 -Inf   1
6111  31.037600  110.447304     3.460   -21624.0     8347.6    -2687.5      0.0      0.0      0.0 2018 10 29 17 20 34.76 -Inf   1
5283  30.862600  110.559402     7.770   -10749.1   -10983.5     1724.9      0.0      0.0      0.0 2018 10 29 18 11 35.84 -Inf   1
5430  31.048901  110.452499     8.660   -20529.6     9413.8     2683.5      0.0      0.0      0.0 2018 10 29 18 29 40.64 -Inf   1
6347  30.889200  111.144699     7.790    46069.8    -8510.4     1987.3      0.0      0.0      0.0 2018 10 29 18 47 48.96 -Inf   1
6348  30.866800  110.563202     8.940    -9508.8   -10993.8     3137.3      0.0      0.0      0.0 2018 10 29 20 21  7.08 -Inf   1
5434  31.028999  110.472504     3.550   -18621.1     7207.4    -2426.5      0.0      0.0      0.0 2018 10 29 21 48  9.82 -Inf   1
5289  30.863199  111.137100     6.800    44473.9   -10917.1      754.9      0.0      0.0      0.0 2018 10 29 23 15 22.94 -Inf   1
5291  31.039400  110.466904     8.410   -19573.3     8618.1     2364.9      0.0      0.0      0.0 2018 10 29 23 18 23.48 -Inf   1
6355  30.852501  111.130997     6.060    44768.6   -12579.2      257.3      0.0      0.0      0.0 2018 10 30  2 18 14.71 -Inf   1
5441  30.867399  110.561401     8.490   -10139.1   -10709.1     2513.5      0.0      0.0      0.0 2018 10 30  3 23 18.50 -Inf   1
5294  30.872200  110.733803     8.150     5921.8    -9919.2     2104.9      0.0      0.0      0.0 2018 10 30  4 56 49.66 -Inf   1
5295  31.154100  110.842598    10.570    16297.4    21334.8     4524.9      0.0      0.0      0.0 2018 10 30  5 13  8.80 -Inf   1
5445  31.043800  110.453903    11.760   -20396.0     8848.3     5783.5      0.0      0.0      0.0 2018 10 30  6 10 37.34 -Inf   1
6361  31.051300  110.446999     6.560   -20596.6     9461.5      757.3      0.0      0.0      0.0 2018 10 30  6 30 26.81 -Inf   1
5298  31.040400  110.457100     8.540   -20509.5     8728.9     2494.9      0.0      0.0      0.0 2018 10 30  6 31 30.83 -Inf   1
6363  30.980101  110.368202     0.760   -28131.8     1567.7    -5042.7      0.0      0.0      0.0 2018 10 30  7 16 34.19 -Inf   1
6132  30.829300  111.259697    10.050    56023.8   -14746.3     3902.5      0.0      0.0      0.0 2018 10 30  8 45 44.13 -Inf   1
5300  31.041000  109.725304     2.000   -90398.4     8795.5    -4045.1      0.0      0.0      0.0 2018 10 30  9 42 12.33 -Inf   1
5302  30.842199  111.144096     6.170    45147.6   -13245.3      124.9      0.0      0.0      0.0 2018 10 30  9 46 12.15 -Inf   1
6134  30.973200  110.790703     1.000    11175.9     1207.7    -5147.5      0.0      0.0      0.0 2018 10 30 10 37 19.53 -Inf   1
6137  30.959400  110.803200     2.410    12370.7     -322.2    -3737.5      0.0      0.0      0.0 2018 10 30 14 25 22.37 -Inf   1
6138  30.957500  110.796600     5.280    11740.3     -532.9     -867.5      0.0      0.0      0.0 2018 10 30 14 37 27.25 -Inf   1
5454  31.044701  110.458099     7.350   -19995.2     8948.2     1373.5      0.0      0.0      0.0 2018 10 30 17 18 52.44 -Inf   1
5306  31.071301  110.817703     9.600    13927.2    12154.8     3554.9      0.0      0.0      0.0 2018 10 30 17 25 33.74 -Inf   1
6372  31.054701  110.435303     6.460   -21713.2     9838.5      657.3      0.0      0.0      0.0 2018 10 30 18 37 18.46 -Inf   1
6142  30.958300  110.803101     5.090    12361.3     -444.3    -1057.5      0.0      0.0      0.0 2018 10 30 20 18 20.24 -Inf   1
6143  31.033400  110.420197     4.800   -24213.4     7882.0    -1347.5      0.0      0.0      0.0 2018 10 30 20 35 36.50 -Inf   1
6376  31.024799  110.461899     1.860   -19176.4     6523.4    -3942.7      0.0      0.0      0.0 2018 10 30 22 45 18.16 -Inf   1
5309  30.849800  111.139603     6.060    44716.2   -12402.7       14.9      0.0      0.0      0.0 2018 10 30 23 15 35.98 -Inf   1
5463  30.847200  111.139801     5.510    45153.8   -12948.5     -466.5      0.0      0.0      0.0 2018 10 31  3 40 49.07 -Inf   1
6379  30.881201  110.547501     1.000   -11008.8    -9397.2    -4802.7      0.0      0.0      0.0 2018 10 31  3 45 48.52 -Inf   1
6380  30.876301  111.141403     7.260    45757.8    -9940.5     1457.3      0.0      0.0      0.0 2018 10 31  4 45 59.58 -Inf   1
6381  30.753799  111.042999     5.000    36375.1   -23522.1     -802.7      0.0      0.0      0.0 2018 10 31  4 48 49.54 -Inf   1
5467  31.124901  110.017700    10.630   -62027.6    17839.9     4653.5      0.0      0.0      0.0 2018 10 31  7  6 43.50 -Inf   1
6383  30.987000  110.389297     1.000   -26115.6     2332.6    -4802.7      0.0      0.0      0.0 2018 10 31  7 31 10.87 -Inf   1
5469  30.818800  111.262604    12.250    56901.8   -16097.2     6273.5      0.0      0.0      0.0 2018 10 31  7 35 37.16 -Inf   1
6385  30.988501  110.170799     2.100   -46987.9     2499.0    -3702.7      0.0      0.0      0.0 2018 10 31  8 13 20.24 -Inf   1
6386  31.005301  110.174400     1.000   -46639.9     4361.6    -4802.7      0.0      0.0      0.0 2018 10 31  8 38 10.79 -Inf   1
5319  30.849001  111.136497     6.930    44419.5   -12491.3      884.9      0.0      0.0      0.0 2018 10 31  9 42  0.30 -Inf   1
6157  30.872601  110.558601    10.150   -11004.0    -9945.6     4002.5      0.0      0.0      0.0 2018 10 31 10  7 28.25 -Inf   1
6389  31.051100  110.449097     1.000   -20396.3     9439.3    -4802.7      0.0      0.0      0.0 2018 10 31 12 29 15.88 -Inf   1
6391  31.072800  110.336899     6.200   -31107.3    11845.1      397.3      0.0      0.0      0.0 2018 10 31 16 35  5.95 -Inf   1
6161  30.894199  110.829201     7.070    14860.0    -7551.0      922.5      0.0      0.0      0.0 2018 10 31 18 10 29.12 -Inf   1
5476  31.045900  110.456802     5.100   -20118.9     9081.2     -876.5      0.0      0.0      0.0 2018 10 31 21  0 20.82 -Inf   1
6164  31.077700  110.338898     3.860   -31970.7    12793.5    -2287.5      0.0      0.0      0.0 2018 10 31 22 50 44.92 -Inf   1
5478  30.847200  111.139297     6.000    45105.6   -12948.5       23.5      0.0      0.0      0.0 2018 10 31 23 14 10.04 -Inf   1
6398  31.295099  110.831100     2.000    16063.2    36491.2    -3802.7      0.0      0.0      0.0 2018 11  1  3 59  0.75 -Inf   1
6168  31.183701  110.017799     8.540   -62596.2    24545.7     2392.5      0.0      0.0      0.0 2018 11  1  4  3 10.09 -Inf   1
5481  31.187599  110.393402     1.340   -26154.4    24791.2    -4636.5      0.0      0.0      0.0 2018 11  1  4 11  2.41 -Inf   1
5329  30.987700  110.365501     4.500   -29265.5     2886.1    -1545.1      0.0      0.0      0.0 2018 11  1  4 46 49.19 -Inf   1
5483  30.844999  111.142403     6.540    45403.0   -13192.5      563.5      0.0      0.0      0.0 2018 11  1  5 44 54.50 -Inf   1
5331  30.870001  110.561501     9.420   -10548.1   -10163.0     3374.9      0.0      0.0      0.0 2018 11  1  5 51 52.37 -Inf   1
5332  31.130100  110.027298    10.050   -61528.5    18673.9     4004.9      0.0      0.0      0.0 2018 11  1  6 58  2.81 -Inf   1
5486  30.848000  111.136200     7.460    44809.3   -12859.9     1483.5      0.0      0.0      0.0 2018 11  1  7 38 44.54 -Inf   1
6176  30.865400  111.098801     6.010    40633.2   -10743.9     -137.5      0.0      0.0      0.0 2018 11  1  8 38 30.99 -Inf   1
6407  31.088900  110.037697     4.820   -59671.7    13630.1     -982.7      0.0      0.0      0.0 2018 11  1  9 41 36.02 -Inf   1
6408  31.047800  110.164803     6.880   -47546.1     9073.4     1077.3      0.0      0.0      0.0 2018 11  1 10 37 12.52 -Inf   1
6410  30.919001  110.776001    10.370    10829.2    -5206.4     4567.3      0.0      0.0      0.0 2018 11  1 12 38 26.79 -Inf   1
6181  30.908600  110.772903    10.370     9478.6    -5954.4     4222.5      0.0      0.0      0.0 2018 11  1 15 31 52.76 -Inf   1
6186  30.847500  111.141899     6.320    44757.2   -12728.5      172.5      0.0      0.0      0.0 2018 11  1 23 12  6.94 -Inf   1
5339  30.861799  111.125198     6.390    43336.5   -11072.3      344.9      0.0      0.0      0.0 2018 11  2  0 48  3.59 -Inf   1
6188  31.057199  110.475800     0.770   -18900.6    10520.7    -5377.5      0.0      0.0      0.0 2018 11  2  0 55 59.61 -Inf   1
5342  30.982599  110.374496     5.270   -28406.9     2320.6     -775.1      0.0      0.0      0.0 2018 11  2  4  9 56.28 -Inf   1
6192  31.027300  109.802498     1.000   -83210.5     7205.7    -5147.5      0.0      0.0      0.0 2018 11  2  4 17  4.79 -Inf   1
5343  31.008600  109.842201     1.000   -79247.7     5203.3    -5045.1      0.0      0.0      0.0 2018 11  2  4 21 19.09 -Inf   1
5499  31.253799  109.963997    10.000   -67109.1    32130.7     4023.5      0.0      0.0      0.0 2018 11  2  4 50 20.30 -Inf   1
5500  30.850500  111.137802     6.560    44961.9   -12582.6      583.5      0.0      0.0      0.0 2018 11  2  5 38 21.02 -Inf   1
5501  30.801300  110.929497     7.130    25055.0   -18037.4     1153.5      0.0      0.0      0.0 2018 11  2  6 52 54.86 -Inf   1
6420  31.297001  110.909698     4.000    23559.2    36702.1    -1802.7      0.0      0.0      0.0 2018 11  2  8 15  9.71 -Inf   1
5503  31.261999  110.336998     2.000   -31524.8    33039.8    -3976.5      0.0      0.0      0.0 2018 11  2  8 51 16.00 -Inf   1
5350  30.900700  110.729500    10.350     5509.7    -6759.5     4304.9      0.0      0.0      0.0 2018 11  2  8 55 52.61 -Inf   1
6199  31.137100  110.042297    10.000   -60272.9    19379.2     3852.5      0.0      0.0      0.0 2018 11  2  9 54 14.42 -Inf   1
5352  31.045900  110.447502     7.460   -21425.5     9338.8     1414.9      0.0      0.0      0.0 2018 11  2 10 54 28.31 -Inf   1
6425  31.053499  110.484299    14.950   -17034.4     9705.3     9147.3      0.0      0.0      0.0 2018 11  2 11  7  2.69 -Inf   1
5509  31.072500  110.307602     0.970   -34362.8    12030.3    -5006.5      0.0      0.0      0.0 2018 11  2 12 42 13.27 -Inf   1
6205  30.882299  110.562599     9.230   -10621.3    -8870.3     3082.5      0.0      0.0      0.0 2018 11  2 13 50  7.58 -Inf   1
6431  31.043699  110.450798     1.120   -20234.6     8618.8    -4682.7      0.0      0.0      0.0 2018 11  2 16 43 25.54 -Inf   1
5512  31.043800  110.460999     8.240   -19718.4     8848.3     2263.5      0.0      0.0      0.0 2018 11  2 17 53 43.20 -Inf   1
6433  31.040899  110.454697     1.420   -19862.6     8308.4    -4382.7      0.0      0.0      0.0 2018 11  2 18 18 19.66 -Inf   1
6434  30.777201  110.767303    11.340    10005.4   -20927.6     5537.3      0.0      0.0      0.0 2018 11  2 18 31 32.92 -Inf   1
6214  30.933100  110.755302     8.110     7795.5    -3238.1     1962.5      0.0      0.0      0.0 2018 11  2 20 57 59.44 -Inf   1
6438  31.166100  110.319099     4.810   -32790.9    22189.2     -992.7      0.0      0.0      0.0 2018 11  2 21  0 39.46 -Inf   1
6439  31.038500  110.418503     5.190   -23319.4     8042.3     -612.7      0.0      0.0      0.0 2018 11  2 21 29 49.94 -Inf   1
6441  30.850000  111.133499     6.360    45008.4   -12856.4      557.3      0.0      0.0      0.0 2018 11  2 23 25 49.72 -Inf   1
6218  30.848101  111.138397     5.970    44422.3   -12661.9     -177.5      0.0      0.0      0.0 2018 11  3  0 32 47.51 -Inf   1
5520  30.857000  111.136200     7.420    44807.2   -11862.0     1443.5      0.0      0.0      0.0 2018 11  3  0 33 30.76 -Inf   1
5364  30.780199  110.767601     9.970     9156.8   -20119.2     3924.9      0.0      0.0      0.0 2018 11  3  3 42 39.65 -Inf   1
6446  31.015900  110.702904     1.000     3842.0     5536.7    -4802.7      0.0      0.0      0.0 2018 11  3  4  0 14.99 -Inf   1
6447  30.972300  110.363998     7.440   -28534.5      702.8     1637.3      0.0      0.0      0.0 2018 11  3  4 24 21.00 -Inf   1
5525  31.193199  110.319298     6.930   -33225.1    25412.0      953.5      0.0      0.0      0.0 2018 11  3  6 14 23.35 -Inf   1
6449  31.201900  110.345001     4.140   -30313.2    26158.4    -1662.7      0.0      0.0      0.0 2018 11  3  6 26 17.20 -Inf   1
6450  30.846800  111.231598    11.150    54387.2   -13211.2     5347.3      0.0      0.0      0.0 2018 11  3  6 31 54.72 -Inf   1
5528  30.856300  111.133904     5.890    44587.9   -11939.6      -86.5      0.0      0.0      0.0 2018 11  3  8 55 15.03 -Inf   1
5371  31.208300  110.058800     4.100   -58497.5    27343.8    -1945.1      0.0      0.0      0.0 2018 11  3  9 35  3.13 -Inf   1
5372  30.845400  111.138000     6.360    44564.0   -12890.5      314.9      0.0      0.0      0.0 2018 11  3  9 37 50.88 -Inf   1
6456  31.226801  110.053398     6.470   -58130.9    28919.1      667.3      0.0      0.0      0.0 2018 11  3  9 41 12.94 -Inf   1
5532  31.044300  110.453697     7.740   -20415.7     8903.7     1763.5      0.0      0.0      0.0 2018 11  3 12 56  7.79 -Inf   1
6460  31.044100  110.461197     1.000   -19241.5     8663.2    -4802.7      0.0      0.0      0.0 2018 11  3 14 25 12.89 -Inf   1
6233  30.891300  111.143799     6.390    44928.6    -7872.4      242.5      0.0      0.0      0.0 2018 11  3 18  3 11.36 -Inf   1
5535  31.121500  110.217903     5.790   -42916.9    17462.8     -186.5      0.0      0.0      0.0 2018 11  3 20 40 11.86 -Inf   1
6235  31.152700  110.305901     1.110   -35107.7    21108.7    -5037.5      0.0      0.0      0.0 2018 11  3 20 46 32.16 -Inf   1
5378  31.123699  110.227203     2.040   -42447.1    17964.2    -4005.1      0.0      0.0      0.0 2018 11  3 20 54 54.48 -Inf   1
5538  30.859301  111.125702     5.990    43803.2   -11606.9       13.5      0.0      0.0      0.0 2018 11  4  2 46 19.91 -Inf   1
5539  30.858400  110.737701     0.520     6713.4   -11706.8    -5456.5      0.0      0.0      0.0 2018 11  4  3 22  5.15 -Inf   1
6469  30.904100  110.726501     6.610     6099.4    -6858.4      807.3      0.0      0.0      0.0 2018 11  4  5 49 23.31 -Inf   1
6240  30.937000  110.015602    13.950   -62886.4    -2805.7     7802.5      0.0      0.0      0.0 2018 11  4  5 56 21.04 -Inf   1
5543  30.932400  109.999603    12.870   -63818.9    -3502.5     6893.5      0.0      0.0      0.0 2018 11  4  8 45  8.60 -Inf   1
5544  30.853201  111.138901     7.050    45066.3   -12283.2     1073.5      0.0      0.0      0.0 2018 11  4  9 20 36.94 -Inf   1
5545  31.031500  110.464104     8.110   -19423.1     7484.6     2133.5      0.0      0.0      0.0 2018 11  4 13 13 42.31 -Inf   1
5386  31.038000  110.462898     7.090   -19956.0     8462.9     1044.9      0.0      0.0      0.0 2018 11  4 19 40 11.16 -Inf   1
6480  30.888399  111.158997     8.630    47436.5    -8599.2     2827.3      0.0      0.0      0.0 2018 11  4 19 56 44.12 -Inf   1
5548  30.854300  111.139900     7.160    45161.6   -12161.4     1183.5      0.0      0.0      0.0 2018 11  4 23 16 14.50 -Inf   1
6254  30.857100  111.125900     6.020    43225.6   -11664.2     -127.5      0.0      0.0      0.0 2018 11  4 23 31  6.28 -Inf   1
5550  31.023800  110.560204     4.920   -10245.3     6630.9    -1056.5      0.0      0.0      0.0 2018 11  5  1  6 49.36 -Inf   1
6256  31.023500  110.563599     7.780   -10518.1     6784.5     1632.5      0.0      0.0      0.0 2018 11  5  3 24 18.28 -Inf   1
6486  31.029800  109.771103     6.000   -85151.6     7077.8      197.3      0.0      0.0      0.0 2018 11  5  3 53 42.08 -Inf   1
5392  30.845100  111.141899     6.010    44936.8   -12923.7      -35.1      0.0      0.0      0.0 2018 11  5  4 59 37.90 -Inf   1
6259  30.964701  110.812798     2.000    13287.4      265.4    -4147.5      0.0      0.0      0.0 2018 11  5  5 17 46.91 -Inf   1
5393  31.042000  110.435204     6.660   -22600.5     8906.3      614.9      0.0      0.0      0.0 2018 11  5  6 32 42.74 -Inf   1
6262  31.082399  110.347603     0.640   -31138.7    13314.5    -5507.5      0.0      0.0      0.0 2018 11  5  6 38 38.64 -Inf   1
5395  30.811899  110.220299     4.470   -43175.9   -16604.7    -1575.1      0.0      0.0      0.0 2018 11  5  7 55 45.53 -Inf   1
5558  31.296301  110.002098    19.840   -63460.3    36842.8    13863.5      0.0      0.0      0.0 2018 11  5  8 19 17.62 -Inf   1
5397  31.318399  110.113098     5.920   -53285.7    39550.4     -125.1      0.0      0.0      0.0 2018 11  5  8 35 11.60 -Inf   1
6267  30.846201  111.130699     5.280    43686.8   -12872.5     -867.5      0.0      0.0      0.0 2018 11  5  8 38 42.37 -Inf   1
6496  30.834999  110.629501     7.800    -3171.9   -14519.6     1997.3      0.0      0.0      0.0 2018 11  5 12 24 51.92 -Inf   1
5401  31.043600  110.457901     8.750   -20432.6     9083.7     2704.9      0.0      0.0      0.0 2018 11  5 15 47 37.51 -Inf   1
5402  30.856300  110.566803     8.620   -10042.0   -11682.0     2574.9      0.0      0.0      0.0 2018 11  5 16 54 33.83 -Inf   1
5564  31.031401  110.453697     7.520   -20417.0     7473.6     1543.5      0.0      0.0      0.0 2018 11  5 20 36 51.92 -Inf   1
6273  31.088100  110.111298     6.740   -53700.1    13946.6      592.5      0.0      0.0      0.0 2018 11  5 21  8 52.08 -Inf   1
5567  31.131399  110.212700     3.250   -43411.4    18560.3    -2726.5      0.0      0.0      0.0 2018 11  5 22 19 36.84 -Inf   1
6506  30.848000  111.134697     5.270    45123.4   -13078.2     -532.7      0.0      0.0      0.0 2018 11  5 23 44 47.32 -Inf   1
5569  31.032000  110.473297     7.980   -18545.0     7540.0     2003.5      0.0      0.0      0.0 2018 11  6  1 30 19.73 -Inf   1
6508  31.205601  110.356499     1.000   -29215.6    26568.6    -4802.7      0.0      0.0      0.0 2018 11  6  1 32 41.14 -Inf   1
5570  30.977900  110.051102    16.360   -58884.1     1542.0    10383.5      0.0      0.0      0.0 2018 11  6  4  9 42.96 -Inf   1
5410  30.900801  110.729103     1.310     5471.8    -6748.3    -4735.1      0.0      0.0      0.0 2018 11  6  5 19 47.26 -Inf   1
5411  30.863899  110.565102     9.820   -10204.2   -10839.5     3774.9      0.0      0.0      0.0 2018 11  6  5 29 16.23 -Inf   1
6513  30.851999  111.141800     5.240    45801.5   -12634.8     -562.7      0.0      0.0      0.0 2018 11  6  5 31 55.42 -Inf   1
5574  30.844601  111.146004     6.630    45747.4   -13236.7      653.5      0.0      0.0      0.0 2018 11  6  5 37 26.50 -Inf   1
6515  30.889299  111.140999     6.550    45716.1    -8499.4      747.3      0.0      0.0      0.0 2018 11  6  5 49 54.48 -Inf   1
5576  31.041700  110.451202     7.020   -20654.2     8615.5     1043.5      0.0      0.0      0.0 2018 11  6  6  3 14.43 -Inf   1
6517  30.937000  110.771599     5.510    10407.6    -3210.8     -292.7      0.0      0.0      0.0 2018 11  6  7 35 43.07 -Inf   1
6290  31.153000  110.310799     2.960   -34640.2    21141.9    -3187.5      0.0      0.0      0.0 2018 11  6  7 40 52.41 -Inf   1
5578  30.854799  110.721497     7.170     5164.4   -12106.0     1193.5      0.0      0.0      0.0 2018 11  6  8 27 10.44 -Inf   1
5579  30.845800  111.134903     5.740    44685.8   -13103.7     -236.5      0.0      0.0      0.0 2018 11  6  9 25 33.32 -Inf   1
5581  31.040800  110.451202     8.090   -20654.3     8515.7     2113.5      0.0      0.0      0.0 2018 11  6 14 59 35.40 -Inf   1
6294  30.959400  110.801102     5.330    12170.3     -322.2     -817.5      0.0      0.0      0.0 2018 11  6 16 59 43.54 -Inf   1
5420  31.051300  110.443001    13.170   -21854.8     9937.4     7124.9      0.0      0.0      0.0 2018 11  6 17 20 25.20 -Inf   1
6298  31.035700  110.449402     4.600   -21423.9     8137.0    -1547.5      0.0      0.0      0.0 2018 11  6 17 57 34.48 -Inf   1
6300  30.948500  110.778503     7.290    10011.7    -1530.8     1142.5      0.0      0.0      0.0 2018 11  6 21 21 46.52 -Inf   1
6301  31.089600  110.145302     1.730   -50453.0    14112.8    -4417.5      0.0      0.0      0.0 2018 11  6 22 15 10.82 -Inf   1
6531  30.850800  111.141602     6.810    45782.8   -12767.8     1007.3      0.0      0.0      0.0 2018 11  6 23 29  5.04 -Inf   1
6532  30.837200  111.143997     5.650    46015.1   -14275.5     -152.7      0.0      0.0      0.0 2018 11  7  1 21 27.16 -Inf   1
6533  31.297899  110.860100     3.300    18828.7    36801.7    -2502.7      0.0      0.0      0.0 2018 11  7  4  7 41.04 -Inf   1
6534  30.881399  111.145302     6.650    46129.2    -9375.2      847.3      0.0      0.0      0.0 2018 11  7  5  6 16.43 -Inf   1
6307  30.846500  111.142601     6.360    44824.5   -12839.3      212.5      0.0      0.0      0.0 2018 11  7  6 25 18.35 -Inf   1
6536  30.845900  111.135696     6.130    45219.4   -13311.0      327.3      0.0      0.0      0.0 2018 11  7  9  5  8.79 -Inf   1
6537  31.028799  110.467300    10.050   -18660.1     6966.8     4247.3      0.0      0.0      0.0 2018 11  7  9 35 25.42 -Inf   1
6310  30.938200  110.803398    10.410    12391.0    -2672.7     4262.5      0.0      0.0      0.0 2018 11  7 10 51 54.50 -Inf   1
6541  30.823601  110.231903     1.000   -41186.0   -15783.3    -4802.7      0.0      0.0      0.0 2018 11  7 12 18  0.21 -Inf   1
6542  31.049101  110.453300     7.080   -19995.1     9217.7     1277.3      0.0      0.0      0.0 2018 11  7 12 37 28.72 -Inf   1
6313  31.100700  110.435600     8.200   -22734.3    15343.5     2052.5      0.0      0.0      0.0 2018 11  7 13 29  2.49 -Inf   1
6545  31.147400  110.292999     1.000   -35285.4    20116.0    -4802.7      0.0      0.0      0.0 2018 11  7 14 23 52.85 -Inf   1
6547  31.030399  110.472099     1.710   -18201.6     7144.2    -4092.7      0.0      0.0      0.0 2018 11  7 15  7 23.28 -Inf   1
6548  31.157101  110.305199     1.000   -34119.2    21191.5    -4802.7      0.0      0.0      0.0 2018 11  7 15 25 20.72 -Inf   1
6549  31.045900  110.452301     5.720   -20090.9     8862.8      -82.7      0.0      0.0      0.0 2018 11  7 16 21 30.02 -Inf   1
6319  31.041700  110.462898     6.860   -20134.3     8802.3      712.5      0.0      0.0      0.0 2018 11  7 16 55  3.85 -Inf   1
6551  31.038700  110.452003     5.010   -20120.0     8064.5     -792.7      0.0      0.0      0.0 2018 11  7 18  0 51.56 -Inf   1
6552  31.042400  110.459801     4.920   -19375.0     8474.8     -882.7      0.0      0.0      0.0 2018 11  7 19 55 40.12 -Inf   1
5441  31.154400  110.295799     1.000   -35893.0    21368.0    -5045.1      0.0      0.0      0.0 2018 11  7 22 17 38.34 -Inf   1
5612  30.851900  111.134399     6.960    44636.3   -12427.4      983.5      0.0      0.0      0.0 2018 11  7 23 31 32.92 -Inf   1
5443  30.847099  111.141502     6.350    44898.4   -12702.1      304.9      0.0      0.0      0.0 2018 11  8  0 32 55.87 -Inf   1
5444  30.872601  111.125999     7.640    43410.6    -9874.8     1594.9      0.0      0.0      0.0 2018 11  8  0 33 35.65 -Inf   1
5615  31.049801  109.789497    12.000   -83844.7     9513.6     6023.5      0.0      0.0      0.0 2018 11  8  3 57 38.18 -Inf   1
6558  31.081200  109.850800    14.000   -77519.3    12776.4     8197.2      0.0      0.0      0.0 2018 11  8  4  1 29.69 -Inf   1
5616  31.038401  109.802200     8.000   -82636.5     8249.7     2023.5      0.0      0.0      0.0 2018 11  8  4  9 32.60 -Inf   1
5446  30.974400  110.374496     7.520   -28408.1     1411.5     1474.9      0.0      0.0      0.0 2018 11  8  4 47 33.46 -Inf   1
5618  31.219801  110.033096     8.230   -60528.0    28361.3     2253.5      0.0      0.0      0.0 2018 11  8  5  2 55.96 -Inf   1
6561  30.848900  111.133598     5.330    45018.2   -12978.4     -472.7      0.0      0.0      0.0 2018 11  8  5 49 11.81 -Inf   1
5449  30.941601  110.957199     3.490    27265.8    -2224.8    -2555.1      0.0      0.0      0.0 2018 11  8  6 23 40.84 -Inf   1
5450  31.107500  109.910103     8.990   -72724.4    16168.3     2944.9      0.0      0.0      0.0 2018 11  8  8  1  3.07 -Inf   1
6332  30.853600  111.135696     5.910    44162.8   -12052.2     -237.5      0.0      0.0      0.0 2018 11  8  9  8 21.80 -Inf   1
6566  31.042500  110.456497     2.030   -19690.5     8485.8    -3772.7      0.0      0.0      0.0 2018 11  8 12 12 51.85 -Inf   1
6569  31.160299  110.292397     1.000   -35340.5    21546.1    -4802.7      0.0      0.0      0.0 2018 11  8 14  1 32.11 -Inf   1
5628  31.092100  110.188904     5.730   -45692.2    14203.3     -246.5      0.0      0.0      0.0 2018 11  8 14 51 40.29 -Inf   1
5457  30.961201  110.725700    11.800     5145.0      -51.8     5754.9      0.0      0.0      0.0 2018 11  8 21 16 45.00 -Inf   1
6339  31.041700  110.455299     5.600   -20860.0     8802.3     -547.5      0.0      0.0      0.0 2018 11  8 22  1 27.18 -Inf   1
6576  30.872499  110.557198     8.960   -10082.4   -10361.9     3157.3      0.0      0.0      0.0 2018 11  8 22 11 45.48 -Inf   1
5460  30.848600  111.135902     6.320    44362.7   -12535.7      274.9      0.0      0.0      0.0 2018 11  8 23 19 28.46 -Inf   1
6342  30.846600  111.141098     6.260    44680.8   -12828.3      112.5      0.0      0.0      0.0 2018 11  9  4 19 50.16 -Inf   1
6581  30.845900  111.145599     5.830    46166.1   -13311.0       27.3      0.0      0.0      0.0 2018 11  9  4 21 18.47 -Inf   1
5465  30.751900  110.504402     4.000   -16015.8   -23256.8    -2045.1      0.0      0.0      0.0 2018 11  9  5  9 49.17 -Inf   1
6583  30.863100  110.568199     8.260    -9031.3   -11404.1     2457.3      0.0      0.0      0.0 2018 11  9  6 14 10.90 -Inf   1
5641  31.135000  109.868103     7.020   -76304.3    18959.6     1043.5      0.0      0.0      0.0 2018 11  9  6 44 12.70 -Inf   1
6585  30.804501  110.915802     0.830    24203.2   -17900.9    -4972.7      0.0      0.0      0.0 2018 11  9  7 39  2.67 -Inf   1
5468  30.983601  110.386200     7.790   -27288.7     2431.7     1744.9      0.0      0.0      0.0 2018 11  9  7 40  6.28 -Inf   1
5469  31.133600  110.032402    10.010   -61040.1    19061.9     3964.9      0.0      0.0      0.0 2018 11  9  8 23 13.75 -Inf   1
6349  30.856001  111.135803     5.270    44172.5   -11786.0     -877.5      0.0      0.0      0.0 2018 11  9  9 51  8.86 -Inf   1
6590  30.886900  111.145699     6.890    46165.8    -8765.4     1087.3      0.0      0.0      0.0 2018 11  9 14 47 26.93 -Inf   1
5471  30.936701  110.768402     5.210     9226.0    -2768.1     -835.1      0.0      0.0      0.0 2018 11  9 17 28 59.68 -Inf   1
6593  31.198601  110.549400     1.000   -10809.4    25792.6    -4802.7      0.0      0.0      0.0 2018 11  9 18 47 21.72 -Inf   1
6594  31.061399  110.475998    15.440   -17826.4    10581.2     9637.3      0.0      0.0      0.0 2018 11  9 19  0 43.32 -Inf   1
5647  31.026899  110.461700    10.840   -19653.1     6974.5     4863.5      0.0      0.0      0.0 2018 11  9 19 23 29.68 -Inf   1
6597  31.042700  110.480904     9.290   -17359.6     8508.0     3487.3      0.0      0.0      0.0 2018 11  9 20 25 39.44 -Inf   1
6598  30.887501  111.143501     7.220    45955.7    -8698.8     1417.3      0.0      0.0      0.0 2018 11  9 20 40 29.08 -Inf   1
6357  31.045300  110.439201     4.440   -22397.0     9201.3    -1707.5      0.0      0.0      0.0 2018 11  9 21  4 28.26 -Inf   1
5648  30.833599  111.156799     6.630    46782.1   -14456.4      653.5      0.0      0.0      0.0 2018 11  9 23 11 19.92 -Inf   1
5649  30.862900  111.132004     6.390    44404.8   -11207.9      413.5      0.0      0.0      0.0 2018 11  9 23 15  9.50 -Inf   1
6360  31.030001  110.452301     5.970   -21147.6     7505.2     -177.5      0.0      0.0      0.0 2018 11  9 23 32  1.22 -Inf   1
6361  30.890301  111.143501     7.070    44900.4    -7983.2      922.5      0.0      0.0      0.0 2018 11  9 23 52  9.56 -Inf   1
6604  30.841801  111.238503     7.610    55048.7   -13765.5     1807.3      0.0      0.0      0.0 2018 11 10  1 58  2.65 -Inf   1
5479  31.050200  110.447403    13.600   -21434.5     9815.4     7554.9      0.0      0.0      0.0 2018 11 10  2 34  7.18 -Inf   1
6606  31.047100  110.451599     8.850   -20157.8     8995.8     3047.3      0.0      0.0      0.0 2018 11 10  2 45  7.39 -Inf   1
6607  31.310900  110.814697     1.000    14497.5    38243.0    -4802.7      0.0      0.0      0.0 2018 11 10  3 27 51.61 -Inf   1
6608  31.032101  109.763100     4.000   -85914.9     7332.9    -1802.7      0.0      0.0      0.0 2018 11 10  4 57 11.21 -Inf   1
6609  31.155100  110.382698    13.740   -26722.7    20969.7     7937.3      0.0      0.0      0.0 2018 11 10  5  4 29.39 -Inf   1
5483  30.851400  111.142303     7.900    44974.0   -12225.2     1854.9      0.0      0.0      0.0 2018 11 10  5 38 19.05 -Inf   1
5658  30.855200  111.133202     6.240    44521.0   -12061.6      263.5      0.0      0.0      0.0 2018 11 10  7  3 14.67 -Inf   1
6370  31.128099  110.790298    11.040    11128.3    18381.3     4892.5      0.0      0.0      0.0 2018 11 10  9 26 18.27 -Inf   1
6372  31.037201  110.462303     5.180   -20191.6     8303.4     -967.5      0.0      0.0      0.0 2018 11 10 10 52  2.86 -Inf   1
6616  31.167500  110.307098     1.000   -33936.1    22344.4    -4802.7      0.0      0.0      0.0 2018 11 10 11 41 55.92 -Inf   1
6375  30.929001  110.506302     7.280   -15998.5    -3692.6     1132.5      0.0      0.0      0.0 2018 11 10 12 18 26.48 -Inf   1
6376  30.884501  111.145897     6.810    45130.7    -8626.3      662.5      0.0      0.0      0.0 2018 11 10 12 32 48.19 -Inf   1
6620  31.146099  110.520203     2.120   -13599.2    19971.8    -3682.7      0.0      0.0      0.0 2018 11 10 13 44  9.02 -Inf   1
6621  31.037300  110.454300     1.450   -19900.8     7909.3    -4352.7      0.0      0.0      0.0 2018 11 10 15 20 58.13 -Inf   1
6380  31.015499  110.454498     4.780   -20939.3     5897.4    -1367.5      0.0      0.0      0.0 2018 11 10 15 37 50.31 -Inf   1
6381  30.883600  110.508499     8.180   -15792.2    -8726.1     2032.5      0.0      0.0      0.0 2018 11 10 16  1 58.08 -Inf   1
6624  30.888800  110.511497     8.350   -14449.4    -8554.8     2547.3      0.0      0.0      0.0 2018 11 10 16  6 56.65 -Inf   1
6384  30.865101  110.510498     8.590   -15602.6   -10777.1     2442.5      0.0      0.0      0.0 2018 11 10 17 28  8.12 -Inf   1
5666  30.880199  110.511597     7.900   -14898.9    -9289.9     1923.5      0.0      0.0      0.0 2018 11 10 18 10 32.76 -Inf   1
6389  31.035400  110.455597     5.420   -20832.3     8103.8     -727.5      0.0      0.0      0.0 2018 11 10 20 42 32.52 -Inf   1
6390  31.019800  110.441704    13.500   -22160.9     6374.2     7352.5      0.0      0.0      0.0 2018 11 10 21 50 59.72 -Inf   1
6391  31.036100  110.451698     7.860   -21204.5     8181.4     1712.5      0.0      0.0      0.0 2018 11 10 21 53 17.46 -Inf   1
5671  31.037701  110.462502     8.680   -19575.5     8172.1     2703.5      0.0      0.0      0.0 2018 11 10 22 16 24.00 -Inf   1
6393  30.887699  111.081100     2.310    38936.8    -8271.7    -3837.5      0.0      0.0      0.0 2018 11 10 22 57  1.32 -Inf   1
6636  30.852800  111.134300     5.920    45084.4   -12546.0      117.3      0.0      0.0      0.0 2018 11 10 23 16  3.90 -Inf   1
6638  30.830601  111.251602     9.790    56304.2   -15007.2     3987.3      0.0      0.0      0.0 2018 11 11  1 58 23.01 -Inf   1
5502  30.831400  111.242302    10.600    54539.2   -14442.7     4554.9      0.0      0.0      0.0 2018 11 11  1 59  8.67 -Inf   1
5676  30.944901  111.219398     4.090    52736.5    -2116.6    -1886.5      0.0      0.0      0.0 2018 11 11  2 16 45.08 -Inf   1
5677  30.847900  111.146202     6.950    45765.5   -12870.9      973.5      0.0      0.0      0.0 2018 11 11  2 50 56.10 -Inf   1
6642  31.106800  109.907997    12.960   -72048.4    15614.7     7157.3      0.0      0.0      0.0 2018 11 11  3 14 59.12 -Inf   1
6643  31.207800  109.995903     9.550   -63622.7    26812.5     3747.3      0.0      0.0      0.0 2018 11 11  5 27  9.42 -Inf   1
6401  30.822001  111.269600    11.810    56972.7   -15555.6     5662.5      0.0      0.0      0.0 2018 11 11  7 14 42.37 -Inf   1
6647  30.871000  110.504402     9.890   -15129.0   -10528.2     4087.3      0.0      0.0      0.0 2018 11 11  8 28 31.41 -Inf   1
5508  31.084801  110.366997     3.280   -29108.0    13651.6    -2765.1      0.0      0.0      0.0 2018 11 11  8 58 12.39 -Inf   1
5509  30.849501  111.137199     6.160    44486.5   -12435.9      114.9      0.0      0.0      0.0 2018 11 11  9 36 49.34 -Inf   1
6407  31.040100  110.459198     5.670   -20487.8     8624.9     -477.5      0.0      0.0      0.0 2018 11 11  9 41  7.52 -Inf   1
6651  31.038700  110.457497     0.640   -19595.4     8064.5    -5162.7      0.0      0.0      0.0 2018 11 11 11 56 58.82 -Inf   1
5512  31.041800  110.460800     9.800   -20155.9     8884.1     3754.9      0.0      0.0      0.0 2018 11 11 13  0 17.31 -Inf   1
5687  31.038601  110.453697     8.090   -20416.3     8271.9     2113.5      0.0      0.0      0.0 2018 11 11 13 13 31.39 -Inf   1
6656  31.041300  110.435204     8.110   -21724.2     8352.8     2307.3      0.0      0.0      0.0 2018 11 11 13 15 56.42 -Inf   1
5689  31.038900  110.459198     8.230   -19890.9     8305.1     2253.5      0.0      0.0      0.0 2018 11 11 13 45 21.02 -Inf   1
6658  31.169901  110.306602     1.000   -33983.0    22610.6    -4802.7      0.0      0.0      0.0 2018 11 11 16  6 36.52 -Inf   1
6415  31.093500  110.180496     1.000   -47091.8    14545.3    -5147.5      0.0      0.0      0.0 2018 11 11 16 16  7.77 -Inf   1
6416  31.083500  110.432800     5.180   -23003.7    13436.6     -967.5      0.0      0.0      0.0 2018 11 11 16 25 34.19 -Inf   1
5695  31.047400  110.466797    10.860   -19164.3     9247.4     4883.5      0.0      0.0      0.0 2018 11 11 17 44 59.84 -Inf   1
6662  31.041700  110.459198     7.720   -19432.6     8397.2     1917.3      0.0      0.0      0.0 2018 11 11 17 45  0.16 -Inf   1
6419  30.890400  111.148499     7.670    45378.0    -7972.2     1522.5      0.0      0.0      0.0 2018 11 11 18 37 12.50 -Inf   1
6665  31.155100  110.268501     0.640   -37622.1    20969.7    -5162.7      0.0      0.0      0.0 2018 11 11 18 52 17.60 -Inf   1
6667  31.056499  110.469803     5.530   -18418.4    10037.9     -272.7      0.0      0.0      0.0 2018 11 11 19 53 23.08 -Inf   1
6668  30.781401  110.761002    10.130     9402.6   -20462.0     4327.3      0.0      0.0      0.0 2018 11 11 20  6 30.34 -Inf   1
6425  31.048300  110.461403     9.720   -20276.4     9534.0     3572.5      0.0      0.0      0.0 2018 11 11 20 48  8.04 -Inf   1
5701  30.848499  111.138000     6.610    44981.3   -12804.5      633.5      0.0      0.0      0.0 2018 11 11 23 17 27.76 -Inf   1
5703  30.845600  111.251099     8.760    55794.1   -13125.9     2783.5      0.0      0.0      0.0 2018 11 12  2 15  5.11 -Inf   1
5526  31.130100  110.023300    10.660   -61910.1    18673.9     4614.9      0.0      0.0      0.0 2018 11 12  3 43 33.07 -Inf   1
5705  30.976500  110.384399     4.690   -27043.1     1386.8    -1286.5      0.0      0.0      0.0 2018 11 12  4  2 56.80 -Inf   1
5528  30.850901  111.137001     6.260    44467.2   -12280.6      214.9      0.0      0.0      0.0 2018 11 12  5 10 13.94 -Inf   1
6678  31.106600  110.404099     8.560   -24686.3    15592.5     2757.3      0.0      0.0      0.0 2018 11 12  5 31 26.18 -Inf   1
6679  30.781601  110.763603    10.270     9651.3   -20439.8     4467.3      0.0      0.0      0.0 2018 11 12  8 33 54.05 -Inf   1
5530  31.133900  110.033501     9.580   -60935.2    19095.1     3534.9      0.0      0.0      0.0 2018 11 12  8 43 16.46 -Inf   1
5532  30.776100  110.767303    11.070     9128.6   -20573.7     5024.9      0.0      0.0      0.0 2018 11 12 10 34 20.40 -Inf   1
6435  30.775499  110.766602    10.910     8882.5   -20711.1     4762.5      0.0      0.0      0.0 2018 11 12 10 39  1.43 -Inf   1
6438  30.885599  111.148102     8.190    45341.2    -8504.5     2042.5      0.0      0.0      0.0 2018 11 12 16 45  8.98 -Inf   1
5712  31.043600  110.452301    11.460   -20549.1     8826.1     5483.5      0.0      0.0      0.0 2018 11 12 17 49 25.74 -Inf   1
5536  31.036200  110.449699     9.200   -21216.7     8263.2     3154.9      0.0      0.0      0.0 2018 11 12 20  2  5.24 -Inf   1
6693  31.038401  110.451202     5.350   -20196.6     8031.3     -452.7      0.0      0.0      0.0 2018 11 12 22  6 35.40 -Inf   1
5538  30.845699  111.139297     6.550    44688.0   -12857.3      504.9      0.0      0.0      0.0 2018 11 15  1 35 35.14 -Inf   1
6446  30.846701  111.147102     7.010    45254.8   -12817.1      862.5      0.0      0.0      0.0 2018 11 15  1 36  2.00 -Inf   1
5720  30.823601  111.265701     8.390    57196.6   -15564.9     2413.5      0.0      0.0      0.0 2018 11 15  2 26 29.35 -Inf   1
5540  31.098600  109.798103     2.000   -83420.9    15181.6    -4045.1      0.0      0.0      0.0 2018 11 15  3 33 44.91 -Inf   1
5541  31.290501  110.839699     4.000    16009.3    36457.3    -2045.1      0.0      0.0      0.0 2018 11 15  3 36 49.98 -Inf   1
5723  31.124100  109.851097     6.000   -77932.0    17751.0       23.5      0.0      0.0      0.0 2018 11 15  3 43 18.42 -Inf   1
5543  30.996901  109.970299    16.460   -67015.9     3906.2    10414.9      0.0      0.0      0.0 2018 11 15  3 45 53.92 -Inf   1
5544  31.300800  110.032501     9.420   -60977.5    37599.2     3374.9      0.0      0.0      0.0 2018 11 15  4 59 46.68 -Inf   1
5727  30.906200  110.720703     4.930     5087.2    -6407.2    -1046.5      0.0      0.0      0.0 2018 11 15  5 46 26.25 -Inf   1
6452  30.830999  110.695999     7.910     2129.8   -14557.9     1762.5      0.0      0.0      0.0 2018 11 15  7 48 58.63 -Inf   1
6453  30.854000  111.133102     5.810    43914.8   -12007.8     -337.5      0.0      0.0      0.0 2018 11 15  9 11 33.26 -Inf   1
6705  30.905701  110.721703     6.590     5640.8    -6681.0      787.3      0.0      0.0      0.0 2018 11 15  9 47 45.37 -Inf   1
6455  31.039801  110.433601     3.200   -22932.4     8591.7    -2947.5      0.0      0.0      0.0 2018 11 15 13  0 18.48 -Inf   1
6456  30.875700  111.134399     1.080    44033.8    -9602.0    -5067.5      0.0      0.0      0.0 2018 11 15 14  5 37.38 -Inf   1
6708  30.997801  110.820198     3.770    15046.6     3530.1    -2032.7      0.0      0.0      0.0 2018 11 15 17  6 21.58 -Inf   1
5735  31.048500  110.071701     1.000   -56895.3     9369.4    -4976.5      0.0      0.0      0.0 2018 11 15 17 44 38.12 -Inf   1
6458  30.890100  111.140198     6.210    44584.7    -8005.4       62.5      0.0      0.0      0.0 2018 11 15 19 25 54.14 -Inf   1
6714  31.043400  110.451599     7.110   -20158.1     8585.6     1307.3      0.0      0.0      0.0 2018 11 15 21 54 59.38 -Inf   1
6715  30.856899  111.137199     6.310    45360.5   -12091.5      507.3      0.0      0.0      0.0 2018 11 15 23 16 45.96 -Inf   1
5738  31.126900  110.005203    13.770   -63219.9    18061.5     7793.5      0.0      0.0      0.0 2018 11 16  1 49 40.21 -Inf   1
6462  30.859800  110.717003     7.690     4137.3   -11364.8     1542.5      0.0      0.0      0.0 2018 11 16  2 11  6.07 -Inf   1
5558  30.898899  110.721397     5.540     4735.4    -6959.1     -505.1      0.0      0.0      0.0 2018 11 16  4 11  9.00 -Inf   1
5559  30.941000  111.200104     7.470    50476.1    -2291.4     1424.9      0.0      0.0      0.0 2018 11 16  4 51 11.92 -Inf   1
6722  30.844101  110.716499     7.380     5145.2   -13510.5     1577.3      0.0      0.0      0.0 2018 11 16  6 35 38.27 -Inf   1
6723  31.105000  109.957397     7.070   -67332.9    15415.1     1267.3      0.0      0.0      0.0 2018 11 16  7  0 17.47 -Inf   1
5744  30.846100  111.143501     6.420    45507.8   -13070.5      443.5      0.0      0.0      0.0 2018 11 16  7 15 16.86 -Inf   1
6725  30.804300  111.263496     8.000    57449.2   -17923.1     2197.3      0.0      0.0      0.0 2018 11 16  7 55  8.45 -Inf   1
6728  30.862301  110.721001     6.250     5575.0   -11492.7      447.3      0.0      0.0      0.0 2018 11 16  9  8 28.74 -Inf   1
5746  30.847799  111.134903     6.700    44685.4   -12882.1      723.5      0.0      0.0      0.0 2018 11 16  9 44 45.57 -Inf   1
5747  31.209400  110.386299     0.990   -26829.2    27208.2    -4986.5      0.0      0.0      0.0 2018 11 16 11 47 56.43 -Inf   1
5748  31.184500  110.299500     1.000   -35116.0    24447.5    -4976.5      0.0      0.0      0.0 2018 11 16 11 51  3.95 -Inf   1
6473  30.890301  111.128403     4.280    43457.3    -7983.2    -1867.5      0.0      0.0      0.0 2018 11 16 19  1 54.32 -Inf   1
6474  31.077499  110.219704     2.900   -43352.0    12771.3    -3247.5      0.0      0.0      0.0 2018 11 16 22 12 16.20 -Inf   1
6475  30.881399  111.022697     6.320    33355.8    -8970.1      172.5      0.0      0.0      0.0 2018 11 16 22 17  7.82 -Inf   1
6476  30.856100  111.133202     7.190    43923.8   -11775.0     1042.5      0.0      0.0      0.0 2018 11 16 23 19 23.64 -Inf   1
6477  30.901100  110.720001     7.130     4423.0    -6785.9      982.5      0.0      0.0      0.0 2018 11 17  2  4 25.88 -Inf   1
5572  30.849199  111.136002     6.490    44372.1   -12469.3      444.9      0.0      0.0      0.0 2018 11 17  2 18 44.60 -Inf   1
5756  30.843901  111.141296     5.850    45297.5   -13314.3     -126.5      0.0      0.0      0.0 2018 11 17  2 19 27.68 -Inf   1
6742  31.189600  110.029198     8.400   -60451.5    24794.7     2597.3      0.0      0.0      0.0 2018 11 17  3 41 35.19 -Inf   1
6743  30.893801  110.719200     1.480     5402.0    -8000.3    -4322.7      0.0      0.0      0.0 2018 11 17  5 19 57.95 -Inf   1
5759  30.853001  111.134499     6.730    44645.5   -12305.4      753.5      0.0      0.0      0.0 2018 11 17  8 21  7.47 -Inf   1
6484  30.906799  110.722397     5.850     4651.8    -6154.0     -297.5      0.0      0.0      0.0 2018 11 17  9 29 27.78 -Inf   1
6485  31.054800  110.501404     5.720   -16455.8    10254.6     -427.5      0.0      0.0      0.0 2018 11 17 10 58 43.93 -Inf   1
6749  30.892799  110.258598    10.250   -38619.9    -8111.3     4447.3      0.0      0.0      0.0 2018 11 17 11 58 24.22 -Inf   1
6487  31.043600  110.454102    10.100   -20974.2     9012.9     3952.5      0.0      0.0      0.0 2018 11 17 12 46 25.86 -Inf   1
5765  31.161200  110.304298     1.000   -34662.3    21864.3    -4976.5      0.0      0.0      0.0 2018 11 17 16 34 50.63 -Inf   1
5771  30.822500  111.269997     8.580    57607.6   -15687.0     2603.5      0.0      0.0      0.0 2018 11 18  4  0  9.88 -Inf   1
6495  30.848700  111.250900     7.410    55177.2   -12595.5     1262.5      0.0      0.0      0.0 2018 11 18  4  1 16.66 -Inf   1
6497  30.856501  111.130302     7.010    43646.5   -11730.6      862.5      0.0      0.0      0.0 2018 11 18  4 29 52.50 -Inf   1
6498  30.889200  111.142097     6.220    44766.5    -8105.2       72.5      0.0      0.0      0.0 2018 11 18  6 39 15.08 -Inf   1
6499  30.828600  111.242104    10.070    54341.9   -14823.9     3922.5      0.0      0.0      0.0 2018 11 18  8 10 59.82 -Inf   1
5777  30.851000  111.130898     6.410    44301.7   -12527.2      433.5      0.0      0.0      0.0 2018 11 18  8 28 33.14 -Inf   1
6766  30.901501  110.719498     7.690     5430.2    -7146.6     1887.3      0.0      0.0      0.0 2018 11 18  9 52 13.02 -Inf   1
6502  31.041000  110.450798     9.910   -21290.0     8724.7     3762.5      0.0      0.0      0.0 2018 11 18 10 13 53.76 -Inf   1
6768  31.209900  110.381401     1.500   -26838.8    27045.3    -4302.7      0.0      0.0      0.0 2018 11 18 10 19 58.89 -Inf   1
5781  31.162901  110.299103     1.000   -35157.8    22052.9    -4976.5      0.0      0.0      0.0 2018 11 18 11 17 50.34 -Inf   1
6770  30.987900  110.811401     1.000    14207.1     2432.4    -4802.7      0.0      0.0      0.0 2018 11 18 11 45 18.65 -Inf   1
5596  31.078501  110.336197     4.520   -32049.8    12953.1    -1525.1      0.0      0.0      0.0 2018 11 18 13 46 39.00 -Inf   1
6774  31.149900  110.302902     4.070   -34339.7    20393.2    -1732.7      0.0      0.0      0.0 2018 11 18 15 34 54.37 -Inf   1
6776  31.153601  110.290199     1.000   -35551.5    20803.4    -4802.7      0.0      0.0      0.0 2018 11 18 20 44 44.38 -Inf   1
6509  31.160801  110.311096     4.220   -34610.4    22006.8    -1927.5      0.0      0.0      0.0 2018 11 18 21 44 16.74 -Inf   1
6510  31.161800  110.321297     4.300   -33636.6    22117.6    -1847.5      0.0      0.0      0.0 2018 11 18 21 52 46.90 -Inf   1
6512  31.025801  110.466400     5.000   -19801.5     7039.5    -1147.5      0.0      0.0      0.0 2018 11 18 22 37 19.00 -Inf   1
5600  30.853100  111.134598     5.860    44237.0   -12036.8     -185.1      0.0      0.0      0.0 2018 11 18 23 14 50.06 -Inf   1
5601  30.959400  110.802696     5.400    12501.5     -251.4     -645.1      0.0      0.0      0.0 2018 11 19  2 42 53.21 -Inf   1
5602  31.009100  111.276398     6.220    57745.9     5258.7      174.9      0.0      0.0      0.0 2018 11 19  3 38  0.15 -Inf   1
5604  31.112700  109.946098     5.870   -69286.0    16744.7     -175.1      0.0      0.0      0.0 2018 11 19  4  5 49.99 -Inf   1
5605  30.961300  110.800102     5.230    12253.5      -40.8     -815.1      0.0      0.0      0.0 2018 11 19  4 15 26.31 -Inf   1
6517  31.060499  110.300903     8.000   -35601.8    10886.5     1852.5      0.0      0.0      0.0 2018 11 19  5 20 50.86 -Inf   1
5796  30.960199  110.804497     5.620    13091.6     -420.4     -356.5      0.0      0.0      0.0 2018 11 19  6  4 53.52 -Inf   1
5608  31.227100  109.985199    10.000   -65514.1    29428.2     3954.9      0.0      0.0      0.0 2018 11 19  6  8 50.64 -Inf   1
5610  31.109100  109.957001     7.460   -68246.4    16345.7     1414.9      0.0      0.0      0.0 2018 11 19  7 50 37.93 -Inf   1
6522  30.852800  111.129402     5.440    43561.3   -12140.8     -707.5      0.0      0.0      0.0 2018 11 19  8  1 46.98 -Inf   1
5800  30.861000  110.709396     7.970     4007.6   -11418.5     1993.5      0.0      0.0      0.0 2018 11 19  8 20 58.20 -Inf   1
5613  30.845600  111.140198     6.510    44774.1   -12868.3      464.9      0.0      0.0      0.0 2018 11 19  9 44 15.95 -Inf   1
6526  31.096399  110.280701     8.890   -37524.0    14866.7     2742.5      0.0      0.0      0.0 2018 11 19 11 40 36.33 -Inf   1
6527  31.040100  110.168701     6.120   -48231.3     8624.9      -27.5      0.0      0.0      0.0 2018 11 19 12 30 45.34 -Inf   1
5807  31.138599  110.301300     1.000   -34952.5    19358.6    -4976.5      0.0      0.0      0.0 2018 11 19 16 33 55.31 -Inf   1
6795  31.065399  110.307602     1.400   -33906.0    11024.6    -4402.7      0.0      0.0      0.0 2018 11 19 19 13 32.62 -Inf   1
6532  31.064800  110.306099     0.700   -35104.8    11363.3    -5447.5      0.0      0.0      0.0 2018 11 19 19 54 25.60 -Inf   1
5810  30.886000  111.144600     8.470    45603.4    -8646.8     2493.5      0.0      0.0      0.0 2018 11 19 20 17  4.06 -Inf   1
5811  31.040800  110.448799     8.520   -20883.8     8515.7     2543.5      0.0      0.0      0.0 2018 11 19 20 52 22.80 -Inf   1
5812  31.064699  110.299500     7.880   -35137.9    11165.4     1903.5      0.0      0.0      0.0 2018 11 19 21 32 12.00 -Inf   1
5621  30.941099  110.771004     8.220     9474.4    -2280.4     2174.9      0.0      0.0      0.0 2018 11 19 21 33 42.34 -Inf   1
6802  31.068501  110.255798     5.860   -38852.1    11368.5       57.3      0.0      0.0      0.0 2018 11 19 22  2  9.38 -Inf   1
6803  31.135799  110.296700     1.000   -34934.3    18829.8    -4802.7      0.0      0.0      0.0 2018 11 19 22  9 27.44 -Inf   1
6804  31.046600  110.456299     7.670   -19709.0     8940.4     1867.3      0.0      0.0      0.0 2018 11 19 22 22 49.76 -Inf   1
5817  30.846500  111.142303     6.930    45393.2   -13026.1      953.5      0.0      0.0      0.0 2018 11 19 23 19  8.96 -Inf   1
5626  30.845301  111.138397     7.940    44602.0   -12901.5     1894.9      0.0      0.0      0.0 2018 11 20  0 42  0.22 -Inf   1
5819  30.842600  111.203400    10.020    51234.9   -13458.5     4043.5      0.0      0.0      0.0 2018 11 20  1  5 46.20 -Inf   1
6543  31.067400  110.290199     7.850   -36622.6    11651.6     1702.5      0.0      0.0      0.0 2018 11 20  1 13 44.30 -Inf   1
5629  30.990499  110.394096     4.660   -26533.4     3196.5    -1385.1      0.0      0.0      0.0 2018 11 20  3 49 17.32 -Inf   1
5631  30.820101  111.236397    13.190    53977.8   -15695.4     7144.9      0.0      0.0      0.0 2018 11 20  7 26 27.12 -Inf   1
6546  30.939899  110.765503     7.540     8769.9    -2484.3     1392.5      0.0      0.0      0.0 2018 11 20  7 38 53.83 -Inf   1
5633  31.073000  109.970596    10.060   -66961.0    12343.3     4014.9      0.0      0.0      0.0 2018 11 20  7 52 19.28 -Inf   1
6816  30.847500  111.126999     6.040    44387.6   -13133.6      237.3      0.0      0.0      0.0 2018 11 20  8  5 58.48 -Inf   1
6549  30.903200  110.714203     7.220     3868.8    -6553.1     1072.5      0.0      0.0      0.0 2018 11 20  8 42 24.76 -Inf   1
6551  30.846901  111.140404     6.400    44614.4   -12794.9      252.5      0.0      0.0      0.0 2018 11 20  9 25 49.31 -Inf   1
5833  30.882999  111.035004     3.300    35128.8    -8979.5    -2676.5      0.0      0.0      0.0 2018 11 20  9 31 23.47 -Inf   1
5834  31.073900  110.018204    10.070   -61996.0    12185.5     4093.5      0.0      0.0      0.0 2018 11 20 12  8 42.41 -Inf   1
6822  31.061600  110.023903    10.160   -60997.4    10603.4     4357.3      0.0      0.0      0.0 2018 11 20 12 11 44.37 -Inf   1
5836  31.042101  110.441498     8.840   -21580.9     8659.9     2863.5      0.0      0.0      0.0 2018 11 20 13 57  8.36 -Inf   1
6824  31.038700  110.427597     2.520   -22450.9     8064.5    -3282.7      0.0      0.0      0.0 2018 11 20 15 12  0.95 -Inf   1
6825  31.042801  110.464302     2.250   -18945.1     8519.2    -3552.7      0.0      0.0      0.0 2018 11 20 16 57 48.11 -Inf   1
5840  30.888901  111.138000     6.420    44971.9    -8325.2      443.5      0.0      0.0      0.0 2018 11 20 17 25 38.16 -Inf   1
6560  31.050699  110.444298     7.530   -21909.6     9800.0     1382.5      0.0      0.0      0.0 2018 11 20 19 50 29.32 -Inf   1
6561  31.040899  110.440399     9.020   -22283.1     8713.5     2872.5      0.0      0.0      0.0 2018 11 20 20 29 43.00 -Inf   1
6830  30.897900  111.141899     7.520    45800.1    -7545.9     1717.3      0.0      0.0      0.0 2018 11 20 20 37  8.44 -Inf   1
6563  30.886299  111.020798     5.240    33173.4    -8426.9     -907.5      0.0      0.0      0.0 2018 11 20 20 38 57.48 -Inf   1
5846  31.155899  110.303101     1.000   -34777.5    21276.6    -4976.5      0.0      0.0      0.0 2018 11 20 20 57 54.76 -Inf   1
6832  31.147301  110.308403     1.000   -33815.1    20105.0    -4802.7      0.0      0.0      0.0 2018 11 20 22 24  1.62 -Inf   1
6565  31.039400  110.458900     2.920   -20516.3     8547.3    -3227.5      0.0      0.0      0.0 2018 11 20 22 28 53.28 -Inf   1
5648  30.858101  111.124802     6.830    43299.4   -11482.4      784.9      0.0      0.0      0.0 2018 11 20 23 14 46.04 -Inf   1
6567  31.024599  110.465500     4.830   -19887.6     6906.3    -1317.5      0.0      0.0      0.0 2018 11 20 23 26 39.66 -Inf   1
6836  31.063499  110.467697     1.000   -18618.8    10814.0    -4802.7      0.0      0.0      0.0 2018 11 21  1 39 15.49 -Inf   1
6837  30.911699  110.713997     6.440     4904.2    -6015.9      637.3      0.0      0.0      0.0 2018 11 21  2 34  7.95 -Inf   1
6838  31.282499  110.073303     0.190   -56215.4    35094.3    -5612.7      0.0      0.0      0.0 2018 11 21  3 53  2.26 -Inf   1
6570  30.964500  110.369003    10.180   -29113.2      243.2     4032.5      0.0      0.0      0.0 2018 11 21  4 53 31.60 -Inf   1
5656  30.853701  111.135498     8.750    44322.9   -11970.2     2704.9      0.0      0.0      0.0 2018 11 21  6 41 33.45 -Inf   1
6572  30.856501  111.132103     4.260    43818.6   -11730.6    -1887.5      0.0      0.0      0.0 2018 11 21  6 42 31.62 -Inf   1
5856  31.307800  110.052002     1.000   -58697.2    38117.7    -4976.5      0.0      0.0      0.0 2018 11 21  7 31 26.88 -Inf   1
5659  31.304001  110.148598     2.000   -49904.1    37954.1    -4045.1      0.0      0.0      0.0 2018 11 21  7 38 39.36 -Inf   1
5660  30.851801  111.129097     5.710    43711.4   -12180.8     -335.1      0.0      0.0      0.0 2018 11 21  8 17 32.38 -Inf   1
6846  30.826700  110.228401     4.200   -41520.2   -15439.7    -1602.7      0.0      0.0      0.0 2018 11 21 10 39 55.98 -Inf   1
6575  30.903500  110.728104     1.400     5197.3    -6519.9    -4747.5      0.0      0.0      0.0 2018 11 21 11 18  4.48 -Inf   1
6576  30.879200  111.033600     2.440    34398.2    -9214.0    -3707.5      0.0      0.0      0.0 2018 11 21 13 11 16.37 -Inf   1
6848  31.031700  110.468399     3.930   -18554.9     7288.5    -1872.7      0.0      0.0      0.0 2018 11 21 13 31 10.55 -Inf   1
6849  30.889099  111.144798     7.220    46079.3    -8521.6     1417.3      0.0      0.0      0.0 2018 11 21 15 22 11.48 -Inf   1
5664  31.042999  110.459198     9.100   -20308.8     9017.1     3054.9      0.0      0.0      0.0 2018 11 21 16  3 20.27 -Inf   1
6851  31.051901  110.454399    10.240   -19889.9     9528.1     4437.3      0.0      0.0      0.0 2018 11 21 16 24 34.11 -Inf   1
6582  31.068100  110.290497     4.400   -36594.1    11729.2    -1747.5      0.0      0.0      0.0 2018 11 21 17 23 30.22 -Inf   1
6583  30.885201  111.026398     4.500    33708.8    -8548.7    -1647.5      0.0      0.0      0.0 2018 11 21 19  9 49.36 -Inf   1
5667  31.051300  110.461403     8.000   -20097.4     9937.4     1954.9      0.0      0.0      0.0 2018 11 21 20 41  1.20 -Inf   1
5873  30.849400  111.137398     6.400    44923.5   -12704.7      423.5      0.0      0.0      0.0 2018 11 21 23 29 13.20 -Inf   1
6589  30.855200  111.127403     4.310    43369.7   -11874.8    -1837.5      0.0      0.0      0.0 2018 11 21 23 47 59.04 -Inf   1
5875  30.905399  110.723503     5.910     5354.8    -6496.0      -66.5      0.0      0.0      0.0 2018 11 22  2 49 23.09 -Inf   1
5671  31.205601  110.035202     6.740   -60750.1    27044.6      694.9      0.0      0.0      0.0 2018 11 22  3 33 53.77 -Inf   1
5672  31.264400  110.845100     4.370    16526.7    33563.6    -1675.1      0.0      0.0      0.0 2018 11 22  3 44 27.66 -Inf   1
6865  31.243700  110.312500     3.710   -33407.3    30792.7    -2092.7      0.0      0.0      0.0 2018 11 22  4  5 29.34 -Inf   1
6594  30.933001  110.766800     1.390     8894.2    -3249.1    -4757.5      0.0      0.0      0.0 2018 11 22  4 48 50.12 -Inf   1
5674  30.835400  111.244102    11.290    54710.2   -13999.2     5244.9      0.0      0.0      0.0 2018 11 22  6 32 33.44 -Inf   1
6596  30.932899  110.719398     4.230     4364.7    -3260.3    -1917.5      0.0      0.0      0.0 2018 11 22  7 10 51.73 -Inf   1
5676  31.028000  110.448402     8.020   -21341.5     7354.2     1974.9      0.0      0.0      0.0 2018 11 22  7 38 29.20 -Inf   1
6870  30.851101  111.128098     6.030    44491.8   -12734.4      227.3      0.0      0.0      0.0 2018 11 22  7 40 31.93 -Inf   1
6599  31.130400  110.027901     9.760   -61649.3    18636.3     3612.5      0.0      0.0      0.0 2018 11 22  8 46 58.00 -Inf   1
6872  30.855801  111.132698     6.050    44930.5   -12213.3      247.3      0.0      0.0      0.0 2018 11 22  9 53 12.05 -Inf   1
6602  31.115700  110.322502     3.850   -33529.6    17006.5    -2297.5      0.0      0.0      0.0 2018 11 22 10 39 20.00 -Inf   1
6875  30.890301  111.140701     6.960    45687.4    -8388.3     1157.3      0.0      0.0      0.0 2018 11 22 13 11 27.87 -Inf   1
5680  31.040701  110.456100     7.460   -20604.9     8762.3     1414.9      0.0      0.0      0.0 2018 11 22 13 55 12.24 -Inf   1
6877  31.172800  110.314102     1.000   -33266.7    22932.1    -4802.7      0.0      0.0      0.0 2018 11 22 14 29 57.48 -Inf   1
5681  31.021400  110.464203     8.620   -19833.1     6622.5     2574.9      0.0      0.0      0.0 2018 11 22 14 35 18.11 -Inf   1
5888  31.042700  110.459099     7.990   -19900.0     8726.3     2013.5      0.0      0.0      0.0 2018 11 22 15 27  3.63 -Inf   1
6880  31.138000  110.302498     0.370   -34380.4    19073.9    -5432.7      0.0      0.0      0.0 2018 11 22 16 33 28.35 -Inf   1
5889  30.773001  110.767197    10.270     9537.1   -21174.9     4293.5      0.0      0.0      0.0 2018 11 22 16 59 55.47 -Inf   1
6609  30.777800  110.764198     9.250     8652.5   -20456.1     3102.5      0.0      0.0      0.0 2018 11 22 17  1 40.34 -Inf   1
5892  31.160200  110.304604     1.000   -34633.3    21753.5    -4976.5      0.0      0.0      0.0 2018 11 22 21 56 18.80 -Inf   1
6614  30.770700  110.765900     8.820     8815.5   -21243.2     2672.5      0.0      0.0      0.0 2018 11 22 22 32 28.62 -Inf   1
5893  30.858500  111.135696     6.590    44758.8   -11695.8      613.5      0.0      0.0      0.0 2018 11 22 23 12 54.56 -Inf   1
5894  30.843000  111.135597     5.610    44752.9   -13414.1     -366.5      0.0      0.0      0.0 2018 11 22 23 17 49.84 -Inf   1
5688  31.100000  110.232300     6.150   -41965.7    15336.8      104.9      0.0      0.0      0.0 2018 11 23  1  3 38.36 -Inf   1
6892  31.081100  110.233498     6.560   -40978.8    12765.4      757.3      0.0      0.0      0.0 2018 11 23  3 22 29.10 -Inf   1
6893  31.111601  109.802399     2.000   -82127.7    16147.0    -3802.7      0.0      0.0      0.0 2018 11 23  3 40 15.36 -Inf   1
6622  31.046101  110.317398     8.380   -34029.2     9290.1     2232.5      0.0      0.0      0.0 2018 11 23  6 33  1.40 -Inf   1
5899  30.826401  111.238197    10.370    54566.1   -15254.5     4393.5      0.0      0.0      0.0 2018 11 23  7 19 16.07 -Inf   1
6896  30.853701  111.128098     5.530    44491.2   -12446.2     -272.7      0.0      0.0      0.0 2018 11 23  7 25 17.20 -Inf   1
6897  31.130100  110.007599     8.000   -62532.0    18198.0     2197.3      0.0      0.0      0.0 2018 11 23  8  2 45.09 -Inf   1
6898  30.853201  111.133598     6.600    45017.2   -12501.6      797.3      0.0      0.0      0.0 2018 11 23  8 57  3.26 -Inf   1
5694  30.913401  110.729599     1.000     5518.8    -5351.3    -5045.1      0.0      0.0      0.0 2018 11 23  9 34  0.33 -Inf   1
6628  31.051800  110.454903     3.060   -20896.8     9922.0    -3087.5      0.0      0.0      0.0 2018 11 23 12 50  2.07 -Inf   1
6630  31.058300  110.447899     4.420   -21564.9    10642.7    -1727.5      0.0      0.0      0.0 2018 11 23 14 44 36.31 -Inf   1
6905  31.145201  110.294296     1.000   -35162.0    19872.2    -4802.7      0.0      0.0      0.0 2018 11 23 18 29 29.92 -Inf   1
5697  31.006201  109.955498     4.840   -68426.5     4937.3    -1205.1      0.0      0.0      0.0 2018 11 23 19 41 25.36 -Inf   1
6632  31.022699  110.567596     8.300   -10136.3     6695.7     2152.5      0.0      0.0      0.0 2018 11 23 22 25 30.50 -Inf   1
5911  30.837299  111.143097     4.590    45471.2   -14046.2    -1386.5      0.0      0.0      0.0 2018 11 23 23 15 19.16 -Inf   1
5912  31.041000  110.462502     7.600   -19575.2     8537.9     1623.5      0.0      0.0      0.0 2018 11 24  1 17 32.84 -Inf   1
6635  30.906500  110.720703     5.150     4489.9    -6187.2     -997.5      0.0      0.0      0.0 2018 11 24  1 48 34.07 -Inf   1
5914  31.280800  110.041801     6.660   -59678.4    35124.2      683.5      0.0      0.0      0.0 2018 11 24  2 56 57.28 -Inf   1
6912  31.089001  109.906197    18.000   -72227.0    13641.3    12197.2      0.0      0.0      0.0 2018 11 24  3 56  9.41 -Inf   1
5704  31.088499  109.873802    16.000   -76197.5    14061.6     9954.9      0.0      0.0      0.0 2018 11 24  3 57  4.36 -Inf   1
6914  31.049700  110.445396     6.500   -20749.8     9284.1      697.3      0.0      0.0      0.0 2018 11 24  4  3 44.21 -Inf   1
5918  31.023899  109.759903     6.000   -86682.6     6641.9       23.5      0.0      0.0      0.0 2018 11 24  4  5 51.06 -Inf   1
6916  31.021299  111.238197     1.000    54968.3     6135.3    -4802.7      0.0      0.0      0.0 2018 11 24  4  6 44.91 -Inf   1
6917  30.854401  111.136398     5.960    45284.6   -12368.5      157.3      0.0      0.0      0.0 2018 11 24  4 18 20.01 -Inf   1
5708  30.847900  111.136497     4.210    44419.8   -12613.3    -1835.1      0.0      0.0      0.0 2018 11 24  4 19  5.23 -Inf   1
5923  30.857800  111.125801     6.580    43813.0   -11773.4      603.5      0.0      0.0      0.0 2018 11 24  7 49 26.97 -Inf   1
6646  31.096300  109.978897    11.050   -66338.9    14855.7     4902.5      0.0      0.0      0.0 2018 11 24  7 57 51.58 -Inf   1
6920  31.346201  110.022003     2.000   -61088.2    42156.8    -3802.7      0.0      0.0      0.0 2018 11 24  8 20  6.99 -Inf   1
6648  31.120800  110.023399    10.760   -62082.1    17572.0     4612.5      0.0      0.0      0.0 2018 11 24  8 26  7.11 -Inf   1
6649  31.177799  110.326500    15.040   -33137.2    23891.4     8892.5      0.0      0.0      0.0 2018 11 24  8 45 59.94 -Inf   1
6922  31.108000  110.295403    10.140   -35063.2    15747.7     4337.3      0.0      0.0      0.0 2018 11 24  8 46  0.18 -Inf   1
5929  30.979700  110.789497     1.440    11657.4     1741.6    -4536.5      0.0      0.0      0.0 2018 11 24 10 25 57.88 -Inf   1
5716  30.780600  110.757599     9.890     8200.3   -20074.8     3844.9      0.0      0.0      0.0 2018 11 24 14  7 34.02 -Inf   1
6655  31.235701  110.475197     4.890   -18940.6    30310.9    -1257.5      0.0      0.0      0.0 2018 11 24 14 35 48.61 -Inf   1
6656  31.037399  110.180199     4.250   -47133.9     8325.4    -1897.5      0.0      0.0      0.0 2018 11 24 15 33 11.87 -Inf   1
6932  31.138500  110.336700     8.350   -31115.6    19129.3     2547.3      0.0      0.0      0.0 2018 11 24 16 37  7.26 -Inf   1
6933  30.888100  111.136703     8.120    45305.8    -8632.4     2317.3      0.0      0.0      0.0 2018 11 24 18 13 28.52 -Inf   1
5936  30.694401  110.934799    10.260    25576.1   -29889.2     4283.5      0.0      0.0      0.0 2018 11 24 19  5  6.94 -Inf   1
6936  31.153900  110.290802     1.000   -35493.9    20836.6    -4802.7      0.0      0.0      0.0 2018 11 24 21  8 57.04 -Inf   1
5938  30.853300  111.142601     6.620    45420.0   -12272.2      643.5      0.0      0.0      0.0 2018 11 24 23 18 20.12 -Inf   1
5724  30.852100  111.134598     5.950    44237.2   -12147.6      -95.1      0.0      0.0      0.0 2018 11 25  0 54 28.23 -Inf   1
5940  30.866301  111.130898     7.920    44298.2   -10830.9     1943.5      0.0      0.0      0.0 2018 11 25  0 55  6.52 -Inf   1
6942  30.819599  111.246300    12.550    55800.5   -16226.9     6747.3      0.0      0.0      0.0 2018 11 25  1 47 44.61 -Inf   1
6944  31.098101  110.129204    12.510   -50932.4    14650.2     6707.3      0.0      0.0      0.0 2018 11 25  2 34  0.85 -Inf   1
6946  31.218700  110.060997     3.080   -57408.3    28021.0    -2722.7      0.0      0.0      0.0 2018 11 25  4  3  7.27 -Inf   1
6947  31.240101  110.080704     1.000   -55521.8    30393.6    -4802.7      0.0      0.0      0.0 2018 11 25  4  9 36.16 -Inf   1
6672  30.973700  111.282799     7.910    58189.0     1263.1     1762.5      0.0      0.0      0.0 2018 11 25  4 19 40.85 -Inf   1
6948  30.974800  110.372803    10.490   -27693.1      980.0     4687.3      0.0      0.0      0.0 2018 11 25  4 24 18.23 -Inf   1
6950  31.043900  110.450500     4.480   -20263.0     8641.0    -1322.7      0.0      0.0      0.0 2018 11 25  4 56 19.31 -Inf   1
5731  30.654900  110.792999    14.760    11593.2   -34011.1     8714.9      0.0      0.0      0.0 2018 11 25  5 24 29.78 -Inf   1
6676  30.909000  110.729202    10.980     5302.1    -5910.0     4832.5      0.0      0.0      0.0 2018 11 25  6 34 29.83 -Inf   1
5948  30.823200  111.230301    12.030    53812.1   -15609.4     6053.5      0.0      0.0      0.0 2018 11 25  7 29 41.73 -Inf   1
6677  30.996700  110.727203     7.620     5108.8     3813.2     1472.5      0.0      0.0      0.0 2018 11 25  9  7 41.09 -Inf   1
6954  30.797001  110.915497     5.600    24174.9   -18732.4     -202.7      0.0      0.0      0.0 2018 11 25  9 15 31.15 -Inf   1
5736  30.807699  110.932899     3.720    24961.2   -17070.3    -2325.1      0.0      0.0      0.0 2018 11 25 10  4 13.24 -Inf   1
6680  31.040400  110.461601     5.170   -20258.3     8658.1     -977.5      0.0      0.0      0.0 2018 11 25 11  8 10.30 -Inf   1
5952  30.983999  110.178802     1.350   -46682.9     2218.3    -4626.5      0.0      0.0      0.0 2018 11 25 14 16 33.08 -Inf   1
6960  31.142300  110.310600     1.000   -33606.3    19550.5    -4802.7      0.0      0.0      0.0 2018 11 25 15 23 11.75 -Inf   1
6961  31.198601  110.567802     1.000    -9053.4    25792.6    -4802.7      0.0      0.0      0.0 2018 11 25 16 13 56.62 -Inf   1
5954  31.040899  110.461197     7.740   -19699.8     8526.7     1763.5      0.0      0.0      0.0 2018 11 25 17 49 57.92 -Inf   1
6687  31.048401  110.442001     8.620   -22129.2     9545.2     2472.5      0.0      0.0      0.0 2018 11 26  0 43 26.25 -Inf   1
5957  30.856400  111.136299     7.500    44816.9   -11928.6     1523.5      0.0      0.0      0.0 2018 11 26  2  3  5.79 -Inf   1
6689  31.157700  109.872200    13.630   -76501.4    21663.0     7482.5      0.0      0.0      0.0 2018 11 26  2 33 24.48 -Inf   1
6970  30.853701  111.131500     7.340    44816.5   -12446.2     1537.3      0.0      0.0      0.0 2018 11 26  3  5 52.89 -Inf   1
6971  30.848600  111.135002     6.400    45152.4   -13011.6      597.3      0.0      0.0      0.0 2018 11 26  3  6 42.95 -Inf   1
5963  30.967501  110.376404     8.470   -27808.3      389.1     2493.5      0.0      0.0      0.0 2018 11 26  4 45 22.79 -Inf   1
5965  31.137199  110.000504    13.570   -63665.2    19203.4     7593.5      0.0      0.0      0.0 2018 11 26  6 39 21.16 -Inf   1
5966  30.827700  110.778099     2.650    10576.8   -15110.5    -3326.5      0.0      0.0      0.0 2018 11 26  6 54 43.51 -Inf   1
6696  30.817699  110.783699     1.750    10515.3   -16032.4    -4397.5      0.0      0.0      0.0 2018 11 26  7 20 40.41 -Inf   1
5968  30.833300  111.248001    10.440    55501.5   -14489.6     4463.5      0.0      0.0      0.0 2018 11 26  7 31  6.75 -Inf   1
6698  30.830400  110.941902     5.220    25640.0   -14624.3     -927.5      0.0      0.0      0.0 2018 11 26  8 16 36.06 -Inf   1
6980  30.891600  111.149902     7.590    46566.5    -8244.3     1787.3      0.0      0.0      0.0 2018 11 26 10 12 28.59 -Inf   1
5752  30.921400  110.238800     7.890   -41383.5    -4464.4     1844.9      0.0      0.0      0.0 2018 11 26 12 14 31.86 -Inf   1
5753  30.921801  110.237801     8.450   -41478.9    -4420.0     2404.9      0.0      0.0      0.0 2018 11 26 12 41 24.03 -Inf   1
6985  31.038401  110.460403     7.420   -19317.8     8031.3     1617.3      0.0      0.0      0.0 2018 11 26 14 46 22.90 -Inf   1
5974  30.918100  110.240601     7.510   -40793.2    -5087.9     1533.5      0.0      0.0      0.0 2018 11 26 15  2 38.53 -Inf   1
6989  30.885700  111.144699     6.360    46070.6    -8898.4      557.3      0.0      0.0      0.0 2018 11 26 20  1 58.96 -Inf   1
5759  30.738600  110.792900    12.200    11578.7   -24731.3     6154.9      0.0      0.0      0.0 2018 11 26 21 51 39.36 -Inf   1
6992  30.747700  110.792900    10.140    12455.2   -24198.4     4337.3      0.0      0.0      0.0 2018 11 26 21 53 33.20 -Inf   1
5979  31.047001  110.456703    11.050   -20128.3     9203.2     5073.5      0.0      0.0      0.0 2018 11 26 22 48 19.08 -Inf   1
6714  30.735100  110.805397     9.240    12595.3   -25190.2     3092.5      0.0      0.0      0.0 2018 11 26 23  6  2.44 -Inf   1
6715  30.844601  111.137398     4.730    44327.5   -13049.9    -1417.5      0.0      0.0      0.0 2018 11 26 23 17 41.28 -Inf   1
6717  30.750299  110.787399     8.140    10872.9   -23505.0     1992.5      0.0      0.0      0.0 2018 11 26 23 49 28.20 -Inf   1
6718  30.908400  110.720001    12.090     4422.8    -5976.6     5942.5      0.0      0.0      0.0 2018 11 27  0 32 20.36 -Inf   1
6719  30.895500  111.183296     6.040    48702.6    -7406.8     -107.5      0.0      0.0      0.0 2018 11 27  0 34 38.69 -Inf   1
6720  30.903200  110.826302     6.470    14582.2    -6553.1      322.5      0.0      0.0      0.0 2018 11 27  0 37 39.69 -Inf   1
5767  30.904100  110.828598     4.790    14980.5    -6382.4    -1255.1      0.0      0.0      0.0 2018 11 27  0 38 59.88 -Inf   1
6723  30.747700  110.793503     9.740    11456.8   -23793.2     3592.5      0.0      0.0      0.0 2018 11 27  1 32 38.44 -Inf   1
5987  30.842600  111.138802     7.140    45059.3   -13458.5     1163.5      0.0      0.0      0.0 2018 11 27  2  7 54.41 -Inf   1
7005  30.900900  110.722504     7.490     5717.5    -7213.2     1687.3      0.0      0.0      0.0 2018 11 27  3 16 28.81 -Inf   1
7007  30.875700  110.902702     1.750    22942.2   -10007.1    -4052.7      0.0      0.0      0.0 2018 11 27  4 19 12.10 -Inf   1
5990  30.737801  110.796303    11.450    12322.9   -25077.5     5473.5      0.0      0.0      0.0 2018 11 27  4 25  6.52 -Inf   1
6729  31.155600  109.862396    10.590   -77438.0    21430.2     4442.5      0.0      0.0      0.0 2018 11 27  4 28 21.34 -Inf   1
6730  30.747601  110.793800     7.480    11485.3   -23804.2     1332.5      0.0      0.0      0.0 2018 11 27  4 34 25.99 -Inf   1
7011  31.106400  109.811699     6.000   -81242.0    15570.3      197.3      0.0      0.0      0.0 2018 11 27  4 35 27.96 -Inf   1
5778  30.956900  110.792503     5.800    11527.8     -528.6     -245.1      0.0      0.0      0.0 2018 11 27  4 47 47.41 -Inf   1
7013  31.220100  110.057098     4.030   -57779.9    28176.2    -1772.7      0.0      0.0      0.0 2018 11 27  6  2  9.87 -Inf   1
5996  30.852800  111.135902     8.380    44779.8   -12327.6     2403.5      0.0      0.0      0.0 2018 11 27  8 50 59.67 -Inf   1
7015  30.853600  111.133904     5.990    45046.3   -12457.4      187.3      0.0      0.0      0.0 2018 11 27 10  3 21.45 -Inf   1
7017  31.031200  110.472000     0.230   -18211.0     7233.1    -5572.7      0.0      0.0      0.0 2018 11 27 15 24  0.14 -Inf   1
7019  31.090500  110.369499     4.850   -27991.8    13807.5     -952.7      0.0      0.0      0.0 2018 11 27 16 52 52.69 -Inf   1
7020  30.888500  111.144699     6.910    46069.9    -8588.0     1107.3      0.0      0.0      0.0 2018 11 27 18  4 43.62 -Inf   1
7022  31.164000  110.272400     5.280   -37248.3    21956.4     -522.7      0.0      0.0      0.0 2018 11 27 18 44 22.36 -Inf   1
7023  31.037399  110.464302    10.470   -18945.6     7920.3     4667.3      0.0      0.0      0.0 2018 11 27 20 34 41.30 -Inf   1
6744  30.938000  110.527298     5.480   -13991.4    -2694.9     -667.5      0.0      0.0      0.0 2018 11 27 20 50 44.24 -Inf   1
5793  31.046900  110.472298    12.000   -19057.4     9449.6     5954.9      0.0      0.0      0.0 2018 11 27 20 52 51.56 -Inf   1
6747  31.040100  110.442398     7.530   -22092.3     8624.9     1382.5      0.0      0.0      0.0 2018 11 27 21  5 34.44 -Inf   1
7028  31.175600  110.358704     1.000   -29009.7    23242.5    -4802.7      0.0      0.0      0.0 2018 11 27 21 23 20.72 -Inf   1
7030  30.838699  111.151299     6.320    46712.7   -14109.3      517.3      0.0      0.0      0.0 2018 11 27 23 17 14.44 -Inf   1
7031  30.848600  111.136002     6.700    45248.0   -13011.6      897.3      0.0      0.0      0.0 2018 11 27 23 37 18.02 -Inf   1
6750  30.860399  111.095398     7.910    40309.0   -11298.4     1762.5      0.0      0.0      0.0 2018 11 28  3 23 21.12 -Inf   1
6015  31.094101  109.840401    12.000   -78965.4    14425.1     6023.5      0.0      0.0      0.0 2018 11 28  4  6  4.39 -Inf   1
6016  31.049500  109.802597     8.000   -82593.9     9480.2     2023.5      0.0      0.0      0.0 2018 11 28  4  7 59.62 -Inf   1
7035  31.096800  109.877502    18.000   -74963.6    14506.0    12197.2      0.0      0.0      0.0 2018 11 28  4  8  0.81 -Inf   1
7036  31.095800  109.886101    16.000   -74143.1    14395.2    10197.2      0.0      0.0      0.0 2018 11 28  4 18 46.15 -Inf   1
7037  31.097000  109.907898    17.810   -72061.6    14528.2    12007.2      0.0      0.0      0.0 2018 11 28  4 22 14.43 -Inf   1
6021  31.217600  110.992599    10.000    31021.9    28117.3     4023.5      0.0      0.0      0.0 2018 11 28  5 28 27.52 -Inf   1
7041  31.198000  111.017700    14.000    33877.3    25725.9     8197.2      0.0      0.0      0.0 2018 11 28  5 37 48.54 -Inf   1
7042  30.969999  110.160103     9.900   -48014.3      447.8     4097.3      0.0      0.0      0.0 2018 11 28  7 12 33.11 -Inf   1
7043  30.864100  111.096298     7.040    41449.2   -11293.2     1237.3      0.0      0.0      0.0 2018 11 28  7 21 35.43 -Inf   1
6759  30.833599  111.247101     8.350    54818.3   -14269.7     2202.5      0.0      0.0      0.0 2018 11 28  7 35 34.88 -Inf   1
7045  30.909401  110.715401     7.910     5038.4    -6270.7     2107.3      0.0      0.0      0.0 2018 11 28  7 47 42.77 -Inf   1
6026  30.855801  111.142197     7.440    45380.8   -11995.0     1463.5      0.0      0.0      0.0 2018 11 28  8 28 10.83 -Inf   1
5809  30.856701  111.134300     5.790    44207.7   -11637.6     -255.1      0.0      0.0      0.0 2018 11 28  9 17 34.32 -Inf   1
6763  30.883301  111.004898     8.470    31654.2    -8759.3     2322.5      0.0      0.0      0.0 2018 11 28 10  1  7.88 -Inf   1
7049  31.023701  110.556801    10.810   -10112.4     6401.6     5007.3      0.0      0.0      0.0 2018 11 28 10 19 56.52 -Inf   1
7050  30.785101  110.939598     5.250    26481.2   -20051.7     -552.7      0.0      0.0      0.0 2018 11 28 11 13 55.06 -Inf   1
6766  30.892799  111.139603     6.610    44527.2    -7706.2      462.5      0.0      0.0      0.0 2018 11 28 11 59 35.09 -Inf   1
7052  30.880600  111.147400     7.410    46330.0    -9463.9     1607.3      0.0      0.0      0.0 2018 11 28 13 59 54.14 -Inf   1
6769  30.870100  111.110100     8.170    41712.3   -10222.9     2022.5      0.0      0.0      0.0 2018 11 28 15 59 50.67 -Inf   1
6770  31.040001  110.440598     7.820   -22264.2     8613.9     1672.5      0.0      0.0      0.0 2018 11 28 19  2 14.88 -Inf   1
5817  31.041000  110.452202     8.450   -20977.2     8795.5     2404.9      0.0      0.0      0.0 2018 11 28 19 51 33.50 -Inf   1
5818  31.040701  110.455803     9.370   -20633.3     8762.3     3324.9      0.0      0.0      0.0 2018 11 28 20 53 33.66 -Inf   1
6038  31.040501  110.444901     7.500   -21256.2     8482.5     1523.5      0.0      0.0      0.0 2018 11 28 21 43 29.80 -Inf   1
6039  31.170000  110.311699     1.000   -33954.4    22840.0    -4976.5      0.0      0.0      0.0 2018 11 28 21 45  9.00 -Inf   1
7061  30.889099  111.141502     6.860    45764.2    -8521.6     1057.3      0.0      0.0      0.0 2018 11 28 22 11 17.66 -Inf   1
6775  30.845200  111.128403     4.260    43467.5   -12983.5    -1887.5      0.0      0.0      0.0 2018 11 28 23 16 25.84 -Inf   1
6041  30.829901  111.254799     7.980    56152.4   -14866.5     2003.5      0.0      0.0      0.0 2018 11 29  1 43  3.29 -Inf   1
6042  30.857500  111.224403    14.330    53238.8   -11806.6     8353.5      0.0      0.0      0.0 2018 11 29  1 54  5.50 -Inf   1
6043  30.850000  111.138100     6.220    44990.5   -12638.0      243.5      0.0      0.0      0.0 2018 11 29  2 17  9.57 -Inf   1
7067  31.288401  110.839302     1.000    16846.0    35748.6    -4802.7      0.0      0.0      0.0 2018 11 29  3 19 52.02 -Inf   1
5825  31.013700  110.301102     7.770   -35412.8     5768.8     1724.9      0.0      0.0      0.0 2018 11 29  3 28 45.66 -Inf   1
5827  30.798300  110.931099     3.650    24790.2   -18112.4    -2395.1      0.0      0.0      0.0 2018 11 29  4 20 14.73 -Inf   1
5828  30.972500  110.372002     6.980   -28646.8     1200.9      934.9      0.0      0.0      0.0 2018 11 29  4 26 48.00 -Inf   1
7073  30.851101  111.130600     5.950    44731.0   -12734.4      147.3      0.0      0.0      0.0 2018 11 29  6  3 21.57 -Inf   1
7074  31.261000  110.887398     1.000    21436.4    32710.7    -4802.7      0.0      0.0      0.0 2018 11 29  6 49 54.62 -Inf   1
6788  30.809999  110.974197     4.510    28730.7   -16886.1    -1637.5      0.0      0.0      0.0 2018 11 29  7 29 52.70 -Inf   1
5832  30.850300  111.136703     5.490    44438.9   -12347.3     -555.1      0.0      0.0      0.0 2018 11 29  9  4 24.77 -Inf   1
7077  31.070999  110.819397     7.160    14964.4    11645.5     1357.3      0.0      0.0      0.0 2018 11 29  9 59 11.19 -Inf   1
7079  30.730801  110.498199     4.000   -15733.2   -26071.9    -1802.7      0.0      0.0      0.0 2018 11 29 11 26  4.32 -Inf   1
6792  30.916800  110.244400     8.360   -41028.0    -5045.3     2212.5      0.0      0.0      0.0 2018 11 29 12 13 40.71 -Inf   1
5835  30.882299  111.020798     5.330    33353.1    -8799.5     -715.1      0.0      0.0      0.0 2018 11 29 14 13 44.96 -Inf   1
6058  30.765699  110.772003    13.140     9997.2   -21984.4     7163.5      0.0      0.0      0.0 2018 11 29 15 46 57.54 -Inf   1
7083  31.044100  110.478897     1.000   -17551.1     8663.2    -4802.7      0.0      0.0      0.0 2018 11 29 16 29 47.05 -Inf   1
6059  30.888399  111.141403     7.470    45297.3    -8380.8     1493.5      0.0      0.0      0.0 2018 11 29 17 20 30.40 -Inf   1
6801  31.075701  110.283699     4.330   -37241.7    12571.9    -1817.5      0.0      0.0      0.0 2018 11 29 17 28 53.76 -Inf   1
6061  30.871500  111.108299     7.000    42137.0   -10254.4     1023.5      0.0      0.0      0.0 2018 11 29 18 42 52.92 -Inf   1
7087  30.887899  111.144203     7.420    46022.7    -8654.6     1617.3      0.0      0.0      0.0 2018 11 29 19 27 24.88 -Inf   1
6807  31.044201  110.449799     8.770   -21385.1     9079.5     2622.5      0.0      0.0      0.0 2018 11 29 22  4  3.02 -Inf   1
7091  31.024401  110.466599    10.410   -18727.5     6479.2     4607.3      0.0      0.0      0.0 2018 11 29 22  5 12.56 -Inf   1
6065  30.845800  111.142700     5.830    45431.3   -13103.7     -146.5      0.0      0.0      0.0 2018 11 29 23 11 48.56 -Inf   1
7094  31.024900  110.455299     5.500   -19806.7     6534.6     -302.7      0.0      0.0      0.0 2018 11 29 23 17 36.70 -Inf   1
6812  30.844101  111.128098     6.090    43438.5   -13105.3      -57.5      0.0      0.0      0.0 2018 11 29 23 27  3.80 -Inf   1
5846  30.900101  110.724098     4.860     4993.5    -6825.9    -1185.1      0.0      0.0      0.0 2018 11 30  2  1 30.36 -Inf   1
7098  31.139799  110.875999     7.740    20361.9    19273.3     1937.3      0.0      0.0      0.0 2018 11 30  3  9 22.80 -Inf   1
6816  31.096300  109.879799    16.000   -75800.4    14855.7     9852.5      0.0      0.0      0.0 2018 11 30  3 39 25.45 -Inf   1
6071  30.837400  110.279099     4.520   -37129.7   -14035.0    -1456.5      0.0      0.0      0.0 2018 11 30  3 45 53.30 -Inf   1
6818  31.088301  109.889503    16.000   -74876.9    13968.8     9852.5      0.0      0.0      0.0 2018 11 30  3 51  2.88 -Inf   1
5851  30.975300  110.379303     3.560   -27948.8     1511.4    -2485.1      0.0      0.0      0.0 2018 11 30  3 55 45.02 -Inf   1
7103  31.228001  110.037498     8.820   -59647.5    29052.1     3017.3      0.0      0.0      0.0 2018 11 30  4 29 26.53 -Inf   1
5854  31.143299  110.366798     4.140   -29118.0    20137.2    -1905.1      0.0      0.0      0.0 2018 11 30  6 17  4.98 -Inf   1
6077  30.740000  110.888199     2.010    21112.8   -24833.7    -3966.5      0.0      0.0      0.0 2018 11 30  6 35 46.77 -Inf   1
6079  30.911400  110.729401     1.000     5918.3    -5830.8    -4976.5      0.0      0.0      0.0 2018 11 30  7 40  4.43 -Inf   1
7107  30.826799  111.228203     7.080    54068.2   -15428.7     1277.3      0.0      0.0      0.0 2018 11 30  7 51 59.41 -Inf   1
7108  30.846201  111.138298     5.520    45468.1   -13277.6     -282.7      0.0      0.0      0.0 2018 11 30  8  2 21.44 -Inf   1
7109  30.864100  111.104401     6.770    42223.7   -11293.2      967.3      0.0      0.0      0.0 2018 11 30  8  8 32.27 -Inf   1
5859  30.846701  111.128799     5.770    43684.1   -12746.3     -275.1      0.0      0.0      0.0 2018 11 30  9 34 23.94 -Inf   1
7111  31.146700  110.290901     0.670   -35485.7    20038.4    -5132.7      0.0      0.0      0.0 2018 11 30 10  8 43.04 -Inf   1
7112  31.008101  110.738297     9.380     7222.8     4672.0     3577.3      0.0      0.0      0.0 2018 11 30 10 32 39.77 -Inf   1
6828  30.881300  111.142799     6.290    44835.4    -8981.1      142.5      0.0      0.0      0.0 2018 11 30 11 27 22.35 -Inf   1
5863  30.887699  111.139801     6.270    44726.4    -8200.8      224.9      0.0      0.0      0.0 2018 11 30 15 10 36.34 -Inf   1
6830  30.884100  111.019798     5.560    33078.2    -8670.7     -587.5      0.0      0.0      0.0 2018 11 30 16  3 17.62 -Inf   1
6831  31.042999  110.460602     5.180   -20353.5     8946.3     -967.5      0.0      0.0      0.0 2018 11 30 16 40 14.37 -Inf   1
7120  31.170099  110.309998     1.000   -33658.9    22632.6    -4802.7      0.0      0.0      0.0 2018 11 30 18 23 33.40 -Inf   1
6835  31.129299  110.515198     7.950   -15132.6    18514.3     1802.5      0.0      0.0      0.0 2018 11 30 18 29 23.54 -Inf   1
6836  30.852400  111.135300     6.730    44125.2   -12185.3      582.5      0.0      0.0      0.0 2018 11 30 23 17 31.28 -Inf   1
7123  30.852900  111.136703     6.440    45314.1   -12535.0      637.3      0.0      0.0      0.0 2018 12  1  1 37 56.97 -Inf   1
7124  31.058500  109.686600     8.000   -93208.3    10259.8     2197.3      0.0      0.0      0.0 2018 12  1  3 15 21.63 -Inf   1
6840  30.855900  110.940697     3.000    25521.3   -11797.2    -3147.5      0.0      0.0      0.0 2018 12  1  3 32 12.51 -Inf   1
7126  31.005600  109.860298     2.920   -76642.4     4394.8    -2882.7      0.0      0.0      0.0 2018 12  1  3 55 53.27 -Inf   1
5871  31.237101  110.119102     1.250   -52735.5    30536.9    -4795.1      0.0      0.0      0.0 2018 12  1  4  5 59.95 -Inf   1
6093  31.102100  109.831596    14.000   -79802.7    15312.0     8023.5      0.0      0.0      0.0 2018 12  1  4  6 47.46 -Inf   1
6844  31.076401  109.795502    14.000   -83857.4    12649.5     7852.5      0.0      0.0      0.0 2018 12  1  4  9 16.90 -Inf   1
7131  31.274500  110.218002     1.060   -42415.6    34207.4    -4742.7      0.0      0.0      0.0 2018 12  1  5 36 11.05 -Inf   1
6097  31.120800  109.846603     6.000   -78362.3    17385.2       23.5      0.0      0.0      0.0 2018 12  1  9 16  8.33 -Inf   1
5876  30.840200  111.128304     8.010    43638.2   -13467.0     1964.9      0.0      0.0      0.0 2018 12  1  9 25 27.91 -Inf   1
6847  30.850401  111.140800     4.920    44651.5   -12406.9    -1227.5      0.0      0.0      0.0 2018 12  1  9 40 48.29 -Inf   1
6848  30.897900  110.772598     1.470     9450.0    -7140.7    -4677.5      0.0      0.0      0.0 2018 12  1 13  8 23.17 -Inf   1
5879  31.048201  110.453201     2.000   -20881.0     9593.8    -4045.1      0.0      0.0      0.0 2018 12  1 13 15 50.68 -Inf   1
7138  30.886101  111.036201     5.120    35700.5    -8854.0     -682.7      0.0      0.0      0.0 2018 12  1 14 58 24.02 -Inf   1
6103  31.041401  110.462898     8.010   -19537.2     8582.3     2033.5      0.0      0.0      0.0 2018 12  1 16 20  4.11 -Inf   1
6853  31.041800  110.446899     5.120   -21662.2     8813.3    -1027.5      0.0      0.0      0.0 2018 12  1 16 43 13.33 -Inf   1
6854  31.045401  110.448799    10.780   -21480.4     9212.5     4632.5      0.0      0.0      0.0 2018 12  1 16 47 38.36 -Inf   1
6855  31.031700  110.457001     6.740   -20698.6     7693.6      592.5      0.0      0.0      0.0 2018 12  1 16 54 51.83 -Inf   1
6857  30.870899  111.106796     8.230    41396.4   -10134.2     2082.5      0.0      0.0      0.0 2018 12  1 18 48 40.60 -Inf   1
6859  31.039801  110.453300     4.370   -21051.1     8591.7    -1777.5      0.0      0.0      0.0 2018 12  1 19 33 25.40 -Inf   1
6110  30.887800  111.146698     7.880    45803.5    -8447.2     1903.5      0.0      0.0      0.0 2018 12  1 19 57 58.56 -Inf   1
7149  31.138399  110.298401     1.000   -34771.4    19118.1    -4802.7      0.0      0.0      0.0 2018 12  1 20 25 22.74 -Inf   1
6862  31.038401  110.454903     5.170   -20898.2     8436.4     -977.5      0.0      0.0      0.0 2018 12  1 21 13 54.88 -Inf   1
7152  30.886600  111.031403     5.630    35241.8    -8798.6     -172.7      0.0      0.0      0.0 2018 12  1 22 15 29.24 -Inf   1
6114  30.885000  111.023102     5.510    33990.9    -8757.7     -466.5      0.0      0.0      0.0 2018 12  1 22 36 55.88 -Inf   1
7154  31.147100  110.054802     7.280   -58021.0    20082.8     1477.3      0.0      0.0      0.0 2018 12  1 23 15 54.12 -Inf   1
7156  30.848200  111.139198     5.920    45553.7   -13056.0      117.3      0.0      0.0      0.0 2018 12  2  1  0 30.42 -Inf   1
6866  31.042500  110.449501     7.730   -21413.7     8890.9     1582.5      0.0      0.0      0.0 2018 12  2  1 29 29.84 -Inf   1
6118  30.841900  111.135101     6.830    44705.7   -13536.1      853.5      0.0      0.0      0.0 2018 12  2  2 22 25.17 -Inf   1
7161  31.305500  110.846001     2.000    17483.4    37644.4    -3802.7      0.0      0.0      0.0 2018 12  2  3 29 57.95 -Inf   1
6120  30.979200  110.379402     3.570   -27520.2     1686.2    -2406.5      0.0      0.0      0.0 2018 12  2  4  8 38.37 -Inf   1
5897  30.850901  111.137703     6.310    44534.3   -12280.6      264.9      0.0      0.0      0.0 2018 12  2  4 14 33.00 -Inf   1
5901  30.844200  111.138802     6.320    44640.9   -13023.5      274.9      0.0      0.0      0.0 2018 12  2  9 30 21.63 -Inf   1
6877  30.975599  110.793098     1.000    11404.7     1473.7    -5147.5      0.0      0.0      0.0 2018 12  2 10 17 55.43 -Inf   1
6126  31.022699  110.494698    10.400   -16501.9     6508.9     4423.5      0.0      0.0      0.0 2018 12  2 12 25 23.55 -Inf   1
7173  30.886999  111.139801     6.890    45602.1    -8754.4     1087.3      0.0      0.0      0.0 2018 12  2 12 45 37.64 -Inf   1
7174  30.886400  111.027298     4.800    34849.5    -8820.8    -1002.7      0.0      0.0      0.0 2018 12  2 13 32 20.44 -Inf   1
7176  31.150400  110.309402     5.580   -33719.2    20448.6     -222.7      0.0      0.0      0.0 2018 12  2 15 52 24.93 -Inf   1
7177  31.019501  110.562302    10.080    -9587.2     5935.9     4277.3      0.0      0.0      0.0 2018 12  2 16 41 20.55 -Inf   1
7178  30.847799  110.554199     8.800   -10370.3   -13100.4     2997.3      0.0      0.0      0.0 2018 12  2 19 23 43.88 -Inf   1
5908  30.847900  110.554703     8.520   -11199.2   -12613.3     2474.9      0.0      0.0      0.0 2018 12  2 19 44  7.96 -Inf   1
6887  30.847799  111.133202     5.920    43925.6   -12695.3     -227.5      0.0      0.0      0.0 2018 12  2 23 25 58.28 -Inf   1
7184  31.043100  110.454201     5.060   -19909.7     8552.4     -742.7      0.0      0.0      0.0 2018 12  3  0 13 55.53 -Inf   1
6139  30.901600  110.723701     1.600     5373.9    -6917.3    -4376.5      0.0      0.0      0.0 2018 12  3  0 36 50.69 -Inf   1
5914  30.846399  111.136902     6.040    44458.8   -12779.7       -5.1      0.0      0.0      0.0 2018 12  3  3 45  9.78 -Inf   1
6141  31.019199  110.601898     6.550    -6263.2     6120.9      573.5      0.0      0.0      0.0 2018 12  3  4 13 27.26 -Inf   1
7190  31.086800  110.063499    10.360   -57208.8    13397.3     4557.3      0.0      0.0      0.0 2018 12  3  6 40 51.34 -Inf   1
5919  30.865299  110.907501     5.410    22525.9   -10684.3     -635.1      0.0      0.0      0.0 2018 12  3  6 49 38.29 -Inf   1
6896  30.876600  110.898697     5.190    21504.1    -9502.2     -957.5      0.0      0.0      0.0 2018 12  3  6 56  8.48 -Inf   1
7194  31.184299  110.356300     1.000   -29237.8    24207.0    -4802.7      0.0      0.0      0.0 2018 12  3  8 17 11.58 -Inf   1
6899  30.847300  111.129799     7.290    43600.5   -12750.7     1142.5      0.0      0.0      0.0 2018 12  3  9 31 59.27 -Inf   1
6150  31.036600  110.455299     9.250   -20263.5     8050.1     3273.5      0.0      0.0      0.0 2018 12  3 10 40 53.68 -Inf   1
6901  31.040199  110.455200     7.660   -20869.6     8635.9     1512.5      0.0      0.0      0.0 2018 12  3 10 43 27.76 -Inf   1
7198  30.888100  111.140404     6.270    45659.5    -8632.4      467.3      0.0      0.0      0.0 2018 12  3 14 30  7.54 -Inf   1
6903  30.841999  110.468803     0.590   -19590.6   -13338.4    -5557.5      0.0      0.0      0.0 2018 12  3 14 40 47.91 -Inf   1
6904  30.918100  110.782700     8.490    10414.3    -4901.1     2342.5      0.0      0.0      0.0 2018 12  3 17  4 36.66 -Inf   1
7202  31.143200  110.303200     2.900   -34312.5    19650.3    -2902.7      0.0      0.0      0.0 2018 12  3 17 13 58.40 -Inf   1
7203  30.865000  111.121399     8.210    43848.3   -11193.4     2407.3      0.0      0.0      0.0 2018 12  3 17 18 31.20 -Inf   1
7204  30.886299  111.015099     6.310    33683.5    -8832.0      507.3      0.0      0.0      0.0 2018 12  3 17 26 33.04 -Inf   1
6158  31.039101  110.452599    13.740   -20521.1     8327.3     7763.5      0.0      0.0      0.0 2018 12  3 22 18 30.56 -Inf   1
6909  30.886101  111.019203     4.470    33021.0    -8448.9    -1677.5      0.0      0.0      0.0 2018 12  3 23 56 26.32 -Inf   1
6912  30.905500  110.723503     5.720     4757.6    -6298.1     -427.5      0.0      0.0      0.0 2018 12  4  2 36 36.93 -Inf   1
7211  30.971201  110.377197     1.000   -27273.7      581.0    -4802.7      0.0      0.0      0.0 2018 12  4  2 46 28.59 -Inf   1
7212  30.858700  111.131401     6.690    44805.9   -11891.9      887.3      0.0      0.0      0.0 2018 12  4  3  3 21.43 -Inf   1
6165  30.997299  110.723602     9.410     5361.8     3692.8     3433.5      0.0      0.0      0.0 2018 12  4  3 50 39.85 -Inf   1
7215  30.876101  111.130997     8.340    44763.2    -9962.7     2537.3      0.0      0.0      0.0 2018 12  4  4 35 11.94 -Inf   1
6167  31.220400  109.999100    10.340   -63771.5    28427.7     4363.5      0.0      0.0      0.0 2018 12  4  5 33 33.51 -Inf   1
7217  31.292801  110.051003     1.000   -58339.3    36236.4    -4802.7      0.0      0.0      0.0 2018 12  4  5 43 52.63 -Inf   1
6920  31.322201  110.036102     2.180   -60805.6    39901.1    -3967.5      0.0      0.0      0.0 2018 12  4  5 54 46.00 -Inf   1
6171  30.845900  111.257401     2.420    56396.5   -13092.7    -3556.5      0.0      0.0      0.0 2018 12  4  7 49 10.16 -Inf   1
6923  30.839399  111.248901     1.000    54988.8   -13626.6    -5147.5      0.0      0.0      0.0 2018 12  4  7 50 15.20 -Inf   1
6172  30.968000  110.016800    12.560   -62164.2      444.5     6583.5      0.0      0.0      0.0 2018 12  4  8 46 16.32 -Inf   1
6924  31.028900  110.441002     6.620   -22226.9     7383.1      472.5      0.0      0.0      0.0 2018 12  4 10  4 20.91 -Inf   1
5945  30.942200  110.955200     3.440    27074.7    -2158.4    -2605.1      0.0      0.0      0.0 2018 12  4 10  5 29.16 -Inf   1
6177  30.868999  110.821899     6.740    14761.3   -10531.6      763.5      0.0      0.0      0.0 2018 12  4 14 55 46.26 -Inf   1
7227  31.039200  110.458099     8.150   -19537.8     8119.9     2347.3      0.0      0.0      0.0 2018 12  4 16 46 34.91 -Inf   1
6179  30.961201  110.801003     5.000    12757.7     -309.4     -976.5      0.0      0.0      0.0 2018 12  4 16 59 15.93 -Inf   1
5951  30.882601  111.023201     5.510    33582.7    -8766.1     -535.1      0.0      0.0      0.0 2018 12  4 18 19 40.54 -Inf   1
5952  31.040199  110.473801    11.660   -18914.5     8706.7     5614.9      0.0      0.0      0.0 2018 12  4 22 32 50.88 -Inf   1
6183  30.998800  110.723701     9.660     5371.2     3859.2     3683.5      0.0      0.0      0.0 2018 12  4 22 54 32.00 -Inf   1
7232  30.850700  111.133797     5.990    45036.7   -12778.8      187.3      0.0      0.0      0.0 2018 12  4 23 11 11.76 -Inf   1
6936  30.850401  111.134201     5.910    44020.6   -12406.9     -237.5      0.0      0.0      0.0 2018 12  4 23 13 19.56 -Inf   1
6937  30.860300  111.125801     7.580    43215.4   -11309.4     1432.5      0.0      0.0      0.0 2018 12  4 23 32 51.12 -Inf   1
6939  30.867001  110.908401     6.590    22432.8   -10566.5      442.5      0.0      0.0      0.0 2018 12  7  1 11 58.35 -Inf   1
6191  30.887899  110.474701    10.320   -18424.7    -8436.2     4343.5      0.0      0.0      0.0 2018 12  7  3 36  0.33 -Inf   1
5962  31.047501  110.460503     8.300   -20183.8     9516.2     2254.9      0.0      0.0      0.0 2018 12  7  3 53 49.79 -Inf   1
6943  30.820101  111.248001     6.830    54908.2   -15766.2      682.5      0.0      0.0      0.0 2018 12  7  5 58 47.47 -Inf   1
5964  31.069599  110.217903     5.260   -43347.1    11966.2     -785.1      0.0      0.0      0.0 2018 12  7  7 21 12.86 -Inf   1
6196  30.840900  111.150497     5.550    46177.8   -13647.0     -426.5      0.0      0.0      0.0 2018 12  7  8 51 40.48 -Inf   1
7245  30.853901  111.135101     6.860    45160.7   -12424.0     1057.3      0.0      0.0      0.0 2018 12  7  8 56 51.14 -Inf   1
7246  31.062799  110.213600     5.040   -42882.7    10736.4     -762.7      0.0      0.0      0.0 2018 12  7  9 26 48.38 -Inf   1
7247  30.888800  111.142799     7.380    45888.3    -8554.8     1577.3      0.0      0.0      0.0 2018 12  7 11 11 27.49 -Inf   1
5968  31.036200  110.441498     7.860   -22000.0     8263.2     1814.9      0.0      0.0      0.0 2018 12  7 11 54 55.21 -Inf   1
6201  31.029699  110.456200     5.250   -20178.2     7285.0     -726.5      0.0      0.0      0.0 2018 12  7 12 48  6.53 -Inf   1
6202  31.047400  110.466904     8.270   -19154.1     9247.4     2293.5      0.0      0.0      0.0 2018 12  7 13 25 33.61 -Inf   1
6203  31.037300  110.442200     8.840   -21514.5     8127.7     2863.5      0.0      0.0      0.0 2018 12  7 13 52 27.00 -Inf   1
6204  31.039101  110.446701    12.240   -21084.4     8327.3     6263.5      0.0      0.0      0.0 2018 12  7 13 57 35.61 -Inf   1
6954  31.044701  110.446800     9.390   -21671.3     9134.9     3242.5      0.0      0.0      0.0 2018 12  7 14 37  3.05 -Inf   1
5973  30.886000  111.137604     6.610    44516.8    -8389.2      564.9      0.0      0.0      0.0 2018 12  7 17 12 52.36 -Inf   1
5974  31.040001  110.444199     7.940   -21741.6     8684.7     1894.9      0.0      0.0      0.0 2018 12  7 17 54  5.02 -Inf   1
6957  31.039900  110.443001    10.820   -22034.7     8602.7     4672.5      0.0      0.0      0.0 2018 12  7 17 55 17.70 -Inf   1
7258  30.980301  110.430603    17.210   -22170.5     1589.9    11407.2      0.0      0.0      0.0 2018 12  7 18 31 47.06 -Inf   1
5977  31.140699  110.300400     1.560   -35456.4    19849.0    -4485.1      0.0      0.0      0.0 2018 12  7 19 32  7.60 -Inf   1
7260  31.057699  110.168098     7.890   -47229.0    10171.0     2087.3      0.0      0.0      0.0 2018 12  7 20  4 59.98 -Inf   1
6962  31.072500  110.200104     8.420   -45224.6    12217.0     2272.5      0.0      0.0      0.0 2018 12  7 20  5  0.40 -Inf   1
6212  31.073400  110.193398     6.030   -45267.6    12130.1       53.5      0.0      0.0      0.0 2018 12  7 20  8  1.76 -Inf   1
6964  30.878599  111.142601     7.770    44817.1    -9280.6     1622.5      0.0      0.0      0.0 2018 12  7 21 17 44.64 -Inf   1
6965  31.040899  110.440002    10.580   -22321.0     8713.5     4432.5      0.0      0.0      0.0 2018 12  7 21 30 47.00 -Inf   1
7264  30.894199  110.767197     8.330     9989.2    -7956.1     2527.3      0.0      0.0      0.0 2018 12  7 22  9 46.92 -Inf   1
7265  31.037201  110.440300     5.480   -21237.9     7898.3     -322.7      0.0      0.0      0.0 2018 12  7 22 20 32.36 -Inf   1
7266  31.075899  110.191803     4.530   -44961.1    12188.8    -1272.7      0.0      0.0      0.0 2018 12  7 23 33 25.84 -Inf   1
5986  30.850800  111.130096     6.320    43807.2   -12291.8      274.9      0.0      0.0      0.0 2018 12  7 23 43 26.00 -Inf   1
6972  30.843599  111.140404     6.090    44615.1   -13161.0      -57.5      0.0      0.0      0.0 2018 12  8  1 53 59.14 -Inf   1
7270  30.920500  110.013298    13.300   -62055.5    -5040.2     7497.3      0.0      0.0      0.0 2018 12  8  3 44 47.26 -Inf   1
7271  31.181299  110.082001     4.310   -55415.1    23874.4    -1492.7      0.0      0.0      0.0 2018 12  8  4 17 16.04 -Inf   1
5990  31.034401  110.447701     4.660   -21407.8     8063.8    -1385.1      0.0      0.0      0.0 2018 12  8  4 50 36.59 -Inf   1
6222  30.834700  111.234497     6.970    54210.0   -14334.4      993.5      0.0      0.0      0.0 2018 12  8  6 39 30.35 -Inf   1
6223  31.116301  109.969002     0.930   -66679.4    16886.4    -5046.5      0.0      0.0      0.0 2018 12  8  7 16 44.90 -Inf   1
7277  30.849600  111.137802     6.250    45419.9   -12900.8      447.3      0.0      0.0      0.0 2018 12  8  7 48  3.30 -Inf   1
7278  31.191700  110.351303     1.000   -29713.5    25027.5    -4802.7      0.0      0.0      0.0 2018 12  8  8 43  4.11 -Inf   1
6980  31.163900  110.354202     1.000   -30495.7    22350.5    -5147.5      0.0      0.0      0.0 2018 12  8  8 50 55.37 -Inf   1
7282  30.853600  111.107597     5.970    42531.5   -12457.4      167.3      0.0      0.0      0.0 2018 12  8  9 13 49.43 -Inf   1
6982  30.887800  111.138802     6.400    44451.8    -8260.5      252.5      0.0      0.0      0.0 2018 12  8 15 43 32.05 -Inf   1
7286  30.879499  111.149902     8.600    46569.4    -9585.9     2797.3      0.0      0.0      0.0 2018 12  8 19 42 39.66 -Inf   1
5998  30.921900  110.238297     8.500   -41431.5    -4409.0     2454.9      0.0      0.0      0.0 2018 12  8 20  4  0.24 -Inf   1
6987  30.912300  110.771599     9.300     9353.7    -5544.2     3152.5      0.0      0.0      0.0 2018 12  8 22 36 43.68 -Inf   1
6988  30.908300  110.769699     9.590     9172.4    -5987.6     3442.5      0.0      0.0      0.0 2018 12  8 22 48 12.88 -Inf   1
6989  30.885000  111.038101     5.620    34827.5    -8570.9     -527.5      0.0      0.0      0.0 2018 12  8 22 53  6.16 -Inf   1
6003  31.066900  110.221298     4.760   -43023.5    11667.0    -1285.1      0.0      0.0      0.0 2018 12  8 22 59 26.74 -Inf   1
6234  30.850300  111.132301     6.460    44436.1   -12604.8      483.5      0.0      0.0      0.0 2018 12  8 23 33 10.60 -Inf   1
6992  30.846100  111.139900     6.160    44566.4   -12883.7       12.5      0.0      0.0      0.0 2018 12  9  0 28 39.64 -Inf   1
6236  31.043400  110.460503     7.220   -19765.8     8803.9     1243.5      0.0      0.0      0.0 2018 12  9  1 36 58.18 -Inf   1
7298  31.127199  109.990196    14.570   -64194.2    17876.3     8767.2      0.0      0.0      0.0 2018 12  9  3  8 52.36 -Inf   1
7299  31.130899  109.854500     1.000   -77146.1    18286.6    -4802.7      0.0      0.0      0.0 2018 12  9  3 51 30.88 -Inf   1
6996  31.150999  109.892097    11.050   -74604.9    20920.1     4902.5      0.0      0.0      0.0 2018 12  9  3 54 53.31 -Inf   1
6238  30.847601  111.130096     6.040    44225.9   -12904.1       63.5      0.0      0.0      0.0 2018 12  9  6 53 36.59 -Inf   1
7302  31.090599  109.963402     8.770   -66764.6    13818.5     2967.3      0.0      0.0      0.0 2018 12  9  7 22 43.87 -Inf   1
6240  30.832899  111.228798     1.990    53665.7   -14534.0    -3986.5      0.0      0.0      0.0 2018 12  9  7 46 41.06 -Inf   1
7303  30.854401  111.152298     5.970    46804.5   -12368.5      167.3      0.0      0.0      0.0 2018 12  9  8 52 30.56 -Inf   1
7000  31.080999  110.357803     4.920   -30165.0    13159.3    -1227.5      0.0      0.0      0.0 2018 12  9  9 18  5.23 -Inf   1
7001  30.902000  110.721901     7.920     4604.5    -6686.1     1772.5      0.0      0.0      0.0 2018 12  9  9 28 19.15 -Inf   1
7306  30.888800  111.032402     4.960    35336.9    -8554.8     -842.7      0.0      0.0      0.0 2018 12  9 14  2 41.65 -Inf   1
7004  30.898899  111.142403     2.000    44793.4    -7029.9    -4147.5      0.0      0.0      0.0 2018 12  9 14 56 13.44 -Inf   1
6015  30.883600  111.145500     7.340    45272.1    -8655.3     1294.9      0.0      0.0      0.0 2018 12  9 15 29 57.84 -Inf   1
6246  31.061199  110.448303     9.420   -20928.9    10777.3     3443.5      0.0      0.0      0.0 2018 12  9 15 33 43.98 -Inf   1
7310  30.948299  110.849800    11.270    17878.9    -1958.1     5467.3      0.0      0.0      0.0 2018 12  9 15 36 11.36 -Inf   1
7311  31.153700  110.269997     5.480   -37479.7    20814.4     -322.7      0.0      0.0      0.0 2018 12  9 15 57 34.31 -Inf   1
6018  31.064199  110.222603     4.890   -42899.5    11367.6    -1155.1      0.0      0.0      0.0 2018 12  9 17 13 46.60 -Inf   1
7009  30.991400  110.161598     7.730   -48922.0     3225.5     1582.5      0.0      0.0      0.0 2018 12  9 17 14 45.16 -Inf   1
6250  31.225599  110.366402     1.000   -28725.3    29004.2    -4976.5      0.0      0.0      0.0 2018 12  9 20 30 41.68 -Inf   1
7010  31.037100  110.454597    10.530   -20927.5     8292.2     4382.5      0.0      0.0      0.0 2018 12  9 22  4 32.34 -Inf   1
7317  30.891399  111.030296     5.070    35135.2    -8266.5     -732.7      0.0      0.0      0.0 2018 12  9 22 12 59.92 -Inf   1
7318  30.880199  111.024696     4.260    34601.9    -9508.3    -1542.7      0.0      0.0      0.0 2018 12  9 22 19 58.04 -Inf   1
7013  30.849400  111.134903     6.110    44087.9   -12517.9      -37.5      0.0      0.0      0.0 2018 12  9 23 23 42.92 -Inf   1
7015  30.849899  111.130997     5.890    43714.4   -12462.5     -257.5      0.0      0.0      0.0 2018 12  9 23 26  0.88 -Inf   1
7016  31.163601  110.307701     3.750   -34933.9    22317.3    -2397.5      0.0      0.0      0.0 2018 12 10  1  1 30.88 -Inf   1
6255  31.043400  110.196098     6.570   -45016.7     8803.9      593.5      0.0      0.0      0.0 2018 12 10  1 54  0.46 -Inf   1
7019  31.038900  110.428902     5.520   -23381.4     8491.9     -627.5      0.0      0.0      0.0 2018 12 10  3 48 48.58 -Inf   1
7323  30.834000  111.151604     6.340    46743.0   -14630.4      537.3      0.0      0.0      0.0 2018 12 10  5 45 29.83 -Inf   1
6031  30.853001  110.939301     4.490    25567.3   -12047.8    -1555.1      0.0      0.0      0.0 2018 12 10  7 14 41.69 -Inf   1
7329  31.070999  109.795601     4.000   -82794.1    11645.5    -1802.7      0.0      0.0      0.0 2018 12 10  7 16 54.35 -Inf   1
7025  30.846201  111.133301     4.670    43935.5   -12872.5    -1477.5      0.0      0.0      0.0 2018 12 10  8 10 38.58 -Inf   1
6267  30.920700  110.787804     9.830    11499.1    -4799.7     3853.5      0.0      0.0      0.0 2018 12 10 16 13 37.90 -Inf   1
7337  30.927000  110.790298    10.130    12195.0    -4319.5     4327.3      0.0      0.0      0.0 2018 12 10 16 41 21.43 -Inf   1
7035  30.922100  110.326401     9.270   -33190.7    -4457.7     3122.5      0.0      0.0      0.0 2018 12 10 16 56  2.27 -Inf   1
7339  31.081100  110.174896     4.790   -46574.2    12765.4    -1012.7      0.0      0.0      0.0 2018 12 10 17 51  4.36 -Inf   1
7037  31.071600  110.211502     4.200   -44136.4    12117.2    -1947.5      0.0      0.0      0.0 2018 12 10 18  0 47.90 -Inf   1
6045  31.149401  110.309097     6.040   -34624.7    20813.7       -5.1      0.0      0.0      0.0 2018 12 10 19 10 41.76 -Inf   1
7343  31.037800  110.462700     7.720   -19098.6     7964.7     1917.3      0.0      0.0      0.0 2018 12 10 19 48 41.98 -Inf   1
7344  30.882601  111.140198     7.600    45641.1    -9242.0     1797.3      0.0      0.0      0.0 2018 12 10 20 14  5.12 -Inf   1
6274  30.885900  111.138298     6.980    45001.1    -8657.8     1003.5      0.0      0.0      0.0 2018 12 10 20 16 39.76 -Inf   1
6048  30.927500  111.179001     1.080    48463.1    -3788.2    -4965.1      0.0      0.0      0.0 2018 12 10 21 21 16.72 -Inf   1
7044  30.850800  111.134903     6.680    44087.6   -12362.7      532.5      0.0      0.0      0.0 2018 12 10 23 42 26.48 -Inf   1
7046  30.841000  110.712303     6.630     3688.4   -13449.2      482.5      0.0      0.0      0.0 2018 12 11  3 51  6.02 -Inf   1
7047  30.927900  111.232399    12.000    53386.6    -3814.6     5852.5      0.0      0.0      0.0 2018 12 11  3 58 40.04 -Inf   1
6281  31.100100  109.789398     4.000   -83832.3    15090.2    -1976.5      0.0      0.0      0.0 2018 12 11  4 15  7.92 -Inf   1
6054  31.109100  109.781303     2.000   -85020.2    16345.7    -4045.1      0.0      0.0      0.0 2018 12 11  4 25 59.65 -Inf   1
7050  31.085501  109.832397     3.400   -80330.5    13658.4    -2747.5      0.0      0.0      0.0 2018 12 11  4 26  0.35 -Inf   1
6055  31.079399  109.854599     2.230   -78034.7    13052.7    -3815.1      0.0      0.0      0.0 2018 12 11  4 40  7.46 -Inf   1
6284  30.996700  111.256798     6.970    56294.8     3626.4      993.5      0.0      0.0      0.0 2018 12 11  4 47 19.78 -Inf   1
6057  31.046200  110.455002     8.120   -20709.2     9372.0     2074.9      0.0      0.0      0.0 2018 12 11  4 49 55.89 -Inf   1
7053  30.747900  111.201302     2.000    50462.0   -23771.0    -4147.5      0.0      0.0      0.0 2018 12 11  5 34  9.03 -Inf   1
7360  31.220800  110.333801     1.040   -31378.9    28253.8    -4762.7      0.0      0.0      0.0 2018 12 11  5 59  3.33 -Inf   1
7361  31.174801  110.319504     5.640   -32750.9    23153.9     -162.7      0.0      0.0      0.0 2018 12 11  8 41  7.74 -Inf   1
6060  31.023500  110.455101     5.850   -20702.2     6855.3     -195.1      0.0      0.0      0.0 2018 12 11  9  7 39.41 -Inf   1
6061  31.046000  110.447304    10.680   -21444.4     9349.8     4634.9      0.0      0.0      0.0 2018 12 11  9 12 11.59 -Inf   1
6063  31.052500  110.300598     1.000   -35453.8    10070.4    -5045.1      0.0      0.0      0.0 2018 12 11  9 15 22.89 -Inf   1
6064  31.036800  109.812798     4.200   -82044.3     8329.9    -1845.1      0.0      0.0      0.0 2018 12 11  9 26 10.06 -Inf   1
6065  31.028500  109.821602     3.180   -81206.9     7409.6    -2865.1      0.0      0.0      0.0 2018 12 11  9 35 36.19 -Inf   1
7367  31.055799  109.701797     2.000   -91758.3     9960.3    -3802.7      0.0      0.0      0.0 2018 12 11  9 44 55.41 -Inf   1
7368  31.146900  110.297401     1.000   -34865.3    20060.6    -4802.7      0.0      0.0      0.0 2018 12 11 11  3 55.28 -Inf   1
6299  31.048201  110.455498     9.390   -20243.3     9336.2     3413.5      0.0      0.0      0.0 2018 12 11 12 12 27.73 -Inf   1
7065  30.996201  109.954697     6.710   -68685.1     3757.8      562.5      0.0      0.0      0.0 2018 12 11 13 44 26.05 -Inf   1
6073  31.032400  110.443497     4.360   -21809.5     7842.0    -1685.1      0.0      0.0      0.0 2018 12 11 15 17 30.89 -Inf   1
6304  30.699100  110.583397     4.920    -8043.6   -29368.2    -1056.5      0.0      0.0      0.0 2018 12 11 15 31 29.42 -Inf   1
6075  30.979601  110.778999    11.150    10236.3     1988.2     5104.9      0.0      0.0      0.0 2018 12 11 16 25 57.65 -Inf   1
6306  30.884399  111.144402     7.730    45584.8    -8824.3     1753.5      0.0      0.0      0.0 2018 12 11 18  1 20.68 -Inf   1
7072  30.886400  111.026001     4.660    33670.7    -8415.7    -1487.5      0.0      0.0      0.0 2018 12 11 19 23  9.56 -Inf   1
6308  30.885300  111.142502     7.150    45403.0    -8724.5     1173.5      0.0      0.0      0.0 2018 12 11 19 42 42.32 -Inf   1
6309  31.082600  110.259201     6.860   -38982.4    13150.0      883.5      0.0      0.0      0.0 2018 12 11 23  7 41.34 -Inf   1
6310  30.856300  111.134598     6.970    44654.2   -11939.6      993.5      0.0      0.0      0.0 2018 12 11 23 20  0.82 -Inf   1
7076  30.845900  111.134598     6.980    44059.5   -12905.9      832.5      0.0      0.0      0.0 2018 12 11 23 23 10.28 -Inf   1
6081  30.970501  110.000603    15.780   -64129.9      979.3     9734.9      0.0      0.0      0.0 2018 12 12  2  3  6.69 -Inf   1
6314  30.794901  111.249199     1.000    55627.0   -18746.9    -4976.5      0.0      0.0      0.0 2018 12 12  2 31 12.29 -Inf   1
6082  30.848801  111.142303     8.070    44974.6   -12513.5     2024.9      0.0      0.0      0.0 2018 12 12  5 57 33.09 -Inf   1
7081  31.091000  109.968803     5.850   -67304.4    14268.0     -297.5      0.0      0.0      0.0 2018 12 12  7 27 50.04 -Inf   1
7392  30.855000  111.129402     6.020    44615.6   -12302.1      217.3      0.0      0.0      0.0 2018 12 12  8 49 29.10 -Inf   1
6086  30.923100  110.642097     9.400    -2843.3    -4276.0     3354.9      0.0      0.0      0.0 2018 12 12  9 56 32.98 -Inf   1
6320  31.155100  110.304398     1.000   -34653.9    21188.0    -4976.5      0.0      0.0      0.0 2018 12 12 11 36 33.01 -Inf   1
7395  31.144600  110.288101     1.000   -35753.4    19805.5    -4802.7      0.0      0.0      0.0 2018 12 12 14 53 23.58 -Inf   1
7086  30.886299  111.027702     4.120    33833.3    -8426.9    -2027.5      0.0      0.0      0.0 2018 12 12 16 27 50.12 -Inf   1
7087  31.069000  110.317902     7.830   -33977.0    11829.0     1682.5      0.0      0.0      0.0 2018 12 12 17 23 21.64 -Inf   1
6323  31.145700  110.404099     4.510   -25139.1    20145.9    -1466.5      0.0      0.0      0.0 2018 12 12 17 25 50.06 -Inf   1
7399  31.043100  110.450203     6.400   -20291.5     8552.4      597.3      0.0      0.0      0.0 2018 12 12 18 39 50.78 -Inf   1
7400  31.033400  110.469597    13.540   -18440.3     7476.9     7737.3      0.0      0.0      0.0 2018 12 12 19 47 23.76 -Inf   1
6326  30.853001  111.129898     6.300    44205.7   -12305.4      323.5      0.0      0.0      0.0 2018 12 12 23 41 42.52 -Inf   1
6327  30.846001  111.138901     6.550    45068.0   -13081.5      573.5      0.0      0.0      0.0 2018 12 12 23 54 51.92 -Inf   1
7406  30.780800  110.770897    11.320    10348.9   -20528.6     5517.3      0.0      0.0      0.0 2018 12 13  0 20 30.78 -Inf   1
6330  30.782000  110.768799    11.340     9689.9   -20177.2     5363.5      0.0      0.0      0.0 2018 12 13  2 54 52.63 -Inf   1
6097  31.263800  110.841301     3.990    16164.3    33497.0    -2055.1      0.0      0.0      0.0 2018 12 13  4  0 13.24 -Inf   1
6332  31.006300  111.228104     1.960    53551.2     4690.7    -4016.5      0.0      0.0      0.0 2018 12 13  4 30  8.92 -Inf   1
6333  31.169701  109.982101     9.800   -65410.7    22806.8     3823.5      0.0      0.0      0.0 2018 12 13  4 34  1.31 -Inf   1
6335  30.849701  111.138702     5.310    45048.2   -12671.2     -666.5      0.0      0.0      0.0 2018 12 13  7 46 26.35 -Inf   1
6103  30.869699  111.143997     4.410    45131.7   -10196.4    -1635.1      0.0      0.0      0.0 2018 12 13  8 28 15.39 -Inf   1
7416  30.805500  110.925697     1.000    25149.2   -17790.1    -4802.7      0.0      0.0      0.0 2018 12 13  9 13 41.98 -Inf   1
6337  31.047400  110.213303     5.880   -43372.8     9247.4      -96.5      0.0      0.0      0.0 2018 12 13 11  8  7.75 -Inf   1
7107  30.890301  111.136803     6.130    44260.2    -7983.2      -17.5      0.0      0.0      0.0 2018 12 13 13 31 11.70 -Inf   1
7419  31.196899  110.334297     1.000   -31335.5    25603.9    -4802.7      0.0      0.0      0.0 2018 12 13 13 45 46.57 -Inf   1
7109  30.886299  111.107399     3.470    41450.7    -8426.9    -2677.5      0.0      0.0      0.0 2018 12 13 16 13  0.79 -Inf   1
7110  30.874001  111.150497     8.550    45572.9    -9790.4     2402.5      0.0      0.0      0.0 2018 12 13 17 15 11.24 -Inf   1
7111  31.124100  110.127800     1.000   -52114.8    17937.8    -5147.5      0.0      0.0      0.0 2018 12 13 20 27 22.24 -Inf   1
7112  30.892700  111.031700     4.860    34214.3    -7717.2    -1287.5      0.0      0.0      0.0 2018 12 13 22 58 55.04 -Inf   1
6341  30.859600  111.118599     7.410    43124.1   -11573.7     1433.5      0.0      0.0      0.0 2018 12 13 23 38 53.54 -Inf   1
7426  30.882000  111.142502     6.910    45861.5    -9308.6     1107.3      0.0      0.0      0.0 2018 12 13 23 58  6.12 -Inf   1
6109  31.039200  110.450302     8.130   -21158.8     8595.9     2084.9      0.0      0.0      0.0 2018 12 14  0 47 11.04 -Inf   1
7428  31.041800  110.466202    11.430   -18763.7     8408.2     5627.3      0.0      0.0      0.0 2018 12 14  0 48 52.37 -Inf   1
6344  30.844900  111.148300     6.040    45966.8   -13203.5       63.5      0.0      0.0      0.0 2018 12 14  0 51 18.66 -Inf   1
6345  31.045500  110.461899     8.780   -19632.3     9036.8     2803.5      0.0      0.0      0.0 2018 12 14  0 58 27.10 -Inf   1
6346  31.031300  110.443901     7.920   -21352.6     7462.4     1943.5      0.0      0.0      0.0 2018 12 14  1  5 32.39 -Inf   1
6114  31.143499  110.051102     9.130   -59252.0    20159.5     3084.9      0.0      0.0      0.0 2018 12 14  3 55 23.28 -Inf   1
6115  31.082199  109.827904     2.270   -80582.5    13363.2    -3775.1      0.0      0.0      0.0 2018 12 14  4 28 21.24 -Inf   1
6350  31.101101  109.816597     4.000   -81235.1    15201.2    -1976.5      0.0      0.0      0.0 2018 12 14  4 48 29.91 -Inf   1
7439  30.852501  111.138603     5.330    45495.8   -12579.2     -472.7      0.0      0.0      0.0 2018 12 14  6 45 55.69 -Inf   1
6119  30.814899  111.270103     9.150    57202.1   -16272.1     3104.9      0.0      0.0      0.0 2018 12 14  7 46 57.74 -Inf   1
7444  31.132700  110.300201     1.000   -34600.6    18486.2    -4802.7      0.0      0.0      0.0 2018 12 14 12 26  0.06 -Inf   1
6123  31.042299  110.449997     7.470   -21187.6     8939.5     1424.9      0.0      0.0      0.0 2018 12 14 14 24  6.23 -Inf   1
7447  31.198999  110.334999     1.000   -31268.1    25836.8    -4802.7      0.0      0.0      0.0 2018 12 14 14 37 33.65 -Inf   1
7448  30.890800  111.016998     5.530    33864.3    -8332.9     -272.7      0.0      0.0      0.0 2018 12 14 15 28 21.11 -Inf   1
6359  30.841801  111.194099     8.270    50346.0   -13547.1     2293.5      0.0      0.0      0.0 2018 12 14 15 32 21.19 -Inf   1
7450  31.138700  110.294403     1.000   -35153.0    19151.5    -4802.7      0.0      0.0      0.0 2018 12 14 20  0 30.60 -Inf   1
7452  30.885300  111.143402     7.950    45946.7    -8942.8     2147.3      0.0      0.0      0.0 2018 12 14 22 11 53.70 -Inf   1
6126  30.847900  111.137497     5.820    44515.3   -12613.3     -225.1      0.0      0.0      0.0 2018 12 14 23 32 51.44 -Inf   1
6127  30.856899  111.135803     6.660    44351.3   -11615.6      614.9      0.0      0.0      0.0 2018 12 15  1 13 27.38 -Inf   1
7456  30.820200  111.237503    10.490    54959.2   -16160.3     4687.3      0.0      0.0      0.0 2018 12 15  2  3 21.31 -Inf   1
7138  30.835199  111.252098     5.960    55295.6   -14092.3     -187.5      0.0      0.0      0.0 2018 12 15  2 19 12.65 -Inf   1
7139  31.038900  110.460899     8.280   -20325.5     8491.9     2132.5      0.0      0.0      0.0 2018 12 15  2 25 56.64 -Inf   1
7140  31.286200  110.827003     3.260    14620.1    35909.6    -2887.5      0.0      0.0      0.0 2018 12 15  3 41 25.23 -Inf   1
7460  31.127300  110.238602     1.000   -40481.8    17887.5    -4802.7      0.0      0.0      0.0 2018 12 15  4 24 21.97 -Inf   1
7142  31.028400  110.454498     1.000   -20937.9     7327.7    -5147.5      0.0      0.0      0.0 2018 12 15  4 34 34.24 -Inf   1
7462  30.750900  111.184601     0.490    49919.1   -23843.5    -5312.7      0.0      0.0      0.0 2018 12 15  5  1 47.18 -Inf   1
7146  30.938700  110.764297     5.650     8654.8    -2617.3     -497.5      0.0      0.0      0.0 2018 12 15  5  8 32.61 -Inf   1
6374  31.203300  110.351303     2.040   -30169.4    26531.9    -3936.5      0.0      0.0      0.0 2018 12 15  6 23 36.92 -Inf   1
6375  31.159500  110.369698     3.490   -28420.6    21675.8    -2486.5      0.0      0.0      0.0 2018 12 15  6 29 37.46 -Inf   1
6138  31.075199  110.229301     3.290   -42257.4    12587.1    -2755.1      0.0      0.0      0.0 2018 12 15  6 32 54.26 -Inf   1
6377  31.210501  110.388496     1.410   -26619.3    27330.2    -4566.5      0.0      0.0      0.0 2018 12 15  6 40 53.28 -Inf   1
6139  31.135401  110.023697    13.900   -61870.5    19261.6     7854.9      0.0      0.0      0.0 2018 12 15  7  4 25.78 -Inf   1
7150  30.851900  111.130096     6.300    43627.9   -12240.7      152.5      0.0      0.0      0.0 2018 12 15  7 18 48.10 -Inf   1
7151  31.121099  110.241997     4.880   -41214.0    17605.2    -1267.5      0.0      0.0      0.0 2018 12 15  7 21 47.64 -Inf   1
6381  30.791000  110.917297     4.510    23889.8   -19179.3    -1466.5      0.0      0.0      0.0 2018 12 15  8 30 53.49 -Inf   1
7473  30.799801  110.921700     4.950    24767.7   -18422.0     -852.7      0.0      0.0      0.0 2018 12 15  9 25 59.32 -Inf   1
6144  31.045900  110.436096     4.680   -22514.8     9338.8    -1365.1      0.0      0.0      0.0 2018 12 15 10  5 16.76 -Inf   1
7476  31.039900  110.461304    10.410   -19231.7     8197.6     4607.3      0.0      0.0      0.0 2018 12 15 10 56 20.13 -Inf   1
6385  31.052500  110.769501     6.160     9743.4     9812.8      183.5      0.0      0.0      0.0 2018 12 15 11  3 29.68 -Inf   1
7157  31.075800  110.232903     1.300   -42092.0    12582.9    -4847.5      0.0      0.0      0.0 2018 12 15 14  8 27.26 -Inf   1
6387  31.138901  110.296997     0.690   -35363.2    19392.0    -5286.5      0.0      0.0      0.0 2018 12 15 14 13 32.42 -Inf   1
7482  31.031000  110.436798     4.920   -21573.0     7210.9     -882.7      0.0      0.0      0.0 2018 12 15 14 41 58.28 -Inf   1
6389  31.171900  110.317398     3.580   -33410.1    23050.6    -2396.5      0.0      0.0      0.0 2018 12 15 15 24 55.03 -Inf   1
6151  31.029200  110.465500     9.640   -19708.4     7487.2     3594.9      0.0      0.0      0.0 2018 12 15 16 25  6.01 -Inf   1
6152  31.155100  110.348000     0.900   -30910.5    21445.6    -5145.1      0.0      0.0      0.0 2018 12 15 17 29 49.54 -Inf   1
6153  30.839199  111.134399     6.240    44221.2   -13578.0      194.9      0.0      0.0      0.0 2018 12 15 23 42  5.56 -Inf   1
7167  30.904900  110.724899     7.630     4891.0    -6364.7     1482.5      0.0      0.0      0.0 2018 12 16  2 50 20.70 -Inf   1
7492  31.108200  109.791702     6.000   -83150.3    15769.9      197.3      0.0      0.0      0.0 2018 12 16  3 40  9.43 -Inf   1
6400  31.096300  109.793503     2.000   -83442.1    14668.9    -3976.5      0.0      0.0      0.0 2018 12 16  3 47 31.84 -Inf   1
7170  31.216900  110.060204     3.520   -58539.3    28226.5    -2627.5      0.0      0.0      0.0 2018 12 16  5  2 37.48 -Inf   1
7495  30.976801  110.385597     1.000   -26470.5     1201.8    -4802.7      0.0      0.0      0.0 2018 12 16  5 57 17.05 -Inf   1
7496  31.258101  110.901299     1.000    22762.7    32389.2    -4802.7      0.0      0.0      0.0 2018 12 16  6 15 34.58 -Inf   1
7497  31.119600  110.007797     9.600   -62516.5    17033.9     3797.3      0.0      0.0      0.0 2018 12 16  6 24 10.67 -Inf   1
7175  30.813999  111.251297     9.510    55225.1   -16442.7     3362.5      0.0      0.0      0.0 2018 12 16  6 38  3.51 -Inf   1
6166  30.825100  111.246002    10.310    54894.8   -15141.1     4264.9      0.0      0.0      0.0 2018 12 16  6 59 13.51 -Inf   1
6407  31.040300  110.462097    10.200   -19613.9     8460.3     4223.5      0.0      0.0      0.0 2018 12 16  7 35  2.60 -Inf   1
7502  30.846201  111.143303     6.490    45946.5   -13277.6      687.3      0.0      0.0      0.0 2018 12 16  9 17 47.22 -Inf   1
6410  30.853399  111.130699     6.030    44282.2   -12261.2       53.5      0.0      0.0      0.0 2018 12 16 10  2 43.81 -Inf   1
7183  31.047001  110.460899     8.750   -20324.6     9389.9     2602.5      0.0      0.0      0.0 2018 12 16 11 42  8.75 -Inf   1
6412  31.043600  110.451698     7.910   -20606.6     8826.1     1933.5      0.0      0.0      0.0 2018 12 16 14 53 53.84 -Inf   1
6414  30.775600  110.773003    12.130    10092.2   -20886.7     6153.5      0.0      0.0      0.0 2018 12 16 16 27  3.03 -Inf   1
7510  31.151100  110.310303     4.190   -33633.1    20526.2    -1612.7      0.0      0.0      0.0 2018 12 16 16 33 57.55 -Inf   1
7512  30.777399  110.763298    10.110     9622.4   -20905.6     4307.3      0.0      0.0      0.0 2018 12 16 16 50  1.30 -Inf   1
7513  31.206200  110.321602     1.000   -32545.3    26635.0    -4802.7      0.0      0.0      0.0 2018 12 16 17 57 39.58 -Inf   1
7197  30.855400  111.132797     6.080    43885.3   -11852.6      -67.5      0.0      0.0      0.0 2018 12 16 23 27 53.66 -Inf   1
7198  31.065800  110.812798     5.990    13280.4    11474.2     -157.5      0.0      0.0      0.0 2018 12 17  1 34 46.77 -Inf   1
6183  30.852200  111.133797     6.600    44160.6   -12136.6      554.9      0.0      0.0      0.0 2018 12 17  2 22 24.57 -Inf   1
6424  31.081699  110.302696     1.000   -34829.6    13050.2    -4976.5      0.0      0.0      0.0 2018 12 17  5  1 13.37 -Inf   1
7520  30.829700  111.257004     6.170    56820.9   -15107.0      367.3      0.0      0.0      0.0 2018 12 17  6 18 11.55 -Inf   1
6187  31.129000  110.032997    10.260   -60984.8    18551.9     4214.9      0.0      0.0      0.0 2018 12 17  6 33 47.63 -Inf   1
7522  30.901100  110.728897     4.080     6328.5    -7191.0    -1722.7      0.0      0.0      0.0 2018 12 17  6 41 37.09 -Inf   1
7523  30.859501  111.134201     7.710    45073.3   -11803.1     1907.3      0.0      0.0      0.0 2018 12 17  7 16 11.81 -Inf   1
7206  30.976400  110.369102     4.310   -29101.9     1562.5    -1837.5      0.0      0.0      0.0 2018 12 17  7 42  5.05 -Inf   1
6432  31.330799  110.015404     2.000   -62180.1    40667.6    -3976.5      0.0      0.0      0.0 2018 12 17  9  3 44.58 -Inf   1
6433  31.329000  110.099800     2.000   -54132.7    40468.2    -3976.5      0.0      0.0      0.0 2018 12 17  9 15  3.14 -Inf   1
7210  30.924601  110.790199     9.790    11130.6    -4180.4     3642.5      0.0      0.0      0.0 2018 12 17 10 31  4.11 -Inf   1
6435  30.871799  110.749496     9.960     7840.4   -10221.2     3983.5      0.0      0.0      0.0 2018 12 17 14 58  0.81 -Inf   1
7214  30.917101  109.862396    10.940   -77533.9    -5011.9     4792.5      0.0      0.0      0.0 2018 12 17 16  5 57.42 -Inf   1
6195  31.045099  110.453003    10.840   -20900.2     9249.9     4794.9      0.0      0.0      0.0 2018 12 17 16 23 26.82 -Inf   1
6437  30.846100  111.177902     7.800    48796.5   -13070.5     1823.5      0.0      0.0      0.0 2018 12 17 16 28 15.17 -Inf   1
7216  31.144899  110.295601     1.000   -36092.3    20243.8    -5147.5      0.0      0.0      0.0 2018 12 17 18  4 34.40 -Inf   1
7220  31.039301  110.451698     1.840   -21204.2     8536.3    -4307.5      0.0      0.0      0.0 2018 12 17 20 25  4.92 -Inf   1
7538  31.022900  110.876602    17.900    20431.8     6312.8    12097.2      0.0      0.0      0.0 2018 12 17 23  6 51.16 -Inf   1
6443  30.849100  111.141800     6.280    45344.4   -12737.9      303.5      0.0      0.0      0.0 2018 12 18  1 10 56.78 -Inf   1
7540  30.846600  111.142799     6.290    45898.3   -13233.4      487.3      0.0      0.0      0.0 2018 12 18  1 11 41.72 -Inf   1
7544  30.773500  111.121201     1.000    43850.1   -21337.9    -4802.7      0.0      0.0      0.0 2018 12 18  4 10 56.21 -Inf   1
6205  31.076900  110.337502     4.700   -31925.5    12775.7    -1345.1      0.0      0.0      0.0 2018 12 18  4 16 18.35 -Inf   1
7226  30.977699  110.390999     1.060   -27009.8     1706.6    -5087.5      0.0      0.0      0.0 2018 12 18  4 41 10.17 -Inf   1
6449  31.134100  110.039101     7.610   -59981.9    18859.8     1633.5      0.0      0.0      0.0 2018 12 18  6  2 56.81 -Inf   1
6450  30.847000  111.138603     7.740    45039.3   -12970.7     1763.5      0.0      0.0      0.0 2018 12 18  6 14  5.33 -Inf   1
7229  30.843300  111.132698     5.940    43878.5   -13194.2     -207.5      0.0      0.0      0.0 2018 12 18  6 15 40.63 -Inf   1
6211  30.853300  111.135399     5.810    44313.5   -12014.6     -235.1      0.0      0.0      0.0 2018 12 18  6 18  1.72 -Inf   1
6455  30.882900  111.132896     6.950    44485.5    -8990.5      973.5      0.0      0.0      0.0 2018 12 18 12 32 30.11 -Inf   1
7234  30.886900  111.018700     5.270    32972.7    -8360.3     -877.5      0.0      0.0      0.0 2018 12 18 13 22 10.62 -Inf   1
6456  31.037500  110.465103    14.350   -19327.1     8149.9     8373.5      0.0      0.0      0.0 2018 12 18 15 32 14.89 -Inf   1
7239  30.876499  111.140900     6.460    44654.9    -9513.4      312.5      0.0      0.0      0.0 2018 12 18 18 22 30.76 -Inf   1
7240  31.042200  110.462196     4.960   -20201.3     8857.7    -1187.5      0.0      0.0      0.0 2018 12 18 18 54  5.20 -Inf   1
7559  31.158001  110.300400     1.000   -34577.1    21291.3    -4802.7      0.0      0.0      0.0 2018 12 18 20  6  0.96 -Inf   1
7244  31.040300  110.458199     6.730   -20583.3     8647.1      582.5      0.0      0.0      0.0 2018 12 18 21  3 19.84 -Inf   1
6220  30.850300  111.135902     5.990    44362.3   -12347.3      -55.1      0.0      0.0      0.0 2018 12 18 23 18  1.12 -Inf   1
7246  30.852800  111.141800     6.250    44746.5   -12140.8      102.5      0.0      0.0      0.0 2018 12 18 23 19  0.42 -Inf   1
7247  30.856400  111.127098     6.290    43340.2   -11741.8      142.5      0.0      0.0      0.0 2018 12 18 23 20 46.02 -Inf   1
7566  31.215700  110.393204     1.000   -25711.9    27688.4    -4802.7      0.0      0.0      0.0 2018 12 19  2 20 10.01 -Inf   1
7567  31.055201  110.226799    10.200   -41624.0     9893.9     4397.3      0.0      0.0      0.0 2018 12 19  2 21 56.58 -Inf   1
6470  30.929600  110.879700     1.610    20279.9    -3813.0    -4366.5      0.0      0.0      0.0 2018 12 19  3 41  9.89 -Inf   1
7253  30.905600  110.722000     8.690     4613.9    -6287.1     2542.5      0.0      0.0      0.0 2018 12 19  3 54 20.37 -Inf   1
7254  30.926100  110.774696    11.050     9649.1    -4014.2     4902.5      0.0      0.0      0.0 2018 12 19  4 14 42.30 -Inf   1
7574  31.106701  109.791801     2.000   -83141.5    15603.7    -3802.7      0.0      0.0      0.0 2018 12 19  4 19 38.73 -Inf   1
7255  31.078899  109.834000     1.910   -80180.3    12926.5    -4237.5      0.0      0.0      0.0 2018 12 19  4 21 50.80 -Inf   1
6231  30.789900  110.934700     4.950    25135.7   -19043.7    -1095.1      0.0      0.0      0.0 2018 12 19  4 25 34.11 -Inf   1
7576  31.103201  109.810699     6.000   -81338.8    15215.7      197.3      0.0      0.0      0.0 2018 12 19  4 27 17.28 -Inf   1
6475  30.798800  110.933296     3.960    25418.6   -18314.6    -2016.5      0.0      0.0      0.0 2018 12 19  4 39 43.37 -Inf   1
7259  31.157801  110.011803    16.600   -63177.0    21674.2    10452.5      0.0      0.0      0.0 2018 12 19  6 17 43.88 -Inf   1
7581  30.801399  111.265800    12.000    57670.4   -18244.8     6197.3      0.0      0.0      0.0 2018 12 19  7 25 57.09 -Inf   1
6235  30.851500  111.132401     5.740    44027.3   -12214.2     -305.1      0.0      0.0      0.0 2018 12 19  8 57 33.84 -Inf   1
6236  30.844400  111.134201     5.930    44201.0   -13001.3     -115.1      0.0      0.0      0.0 2018 12 19  9 35 34.71 -Inf   1
7263  30.937000  110.517601     1.000   -14918.1    -2805.7    -5147.5      0.0      0.0      0.0 2018 12 19 12 26  0.25 -Inf   1
7264  30.842400  111.136597     8.880    44251.4   -13294.0     2732.5      0.0      0.0      0.0 2018 12 19 13  3 47.60 -Inf   1
7585  30.882700  111.139198     6.420    45545.5    -9231.0      617.3      0.0      0.0      0.0 2018 12 19 13 16  3.89 -Inf   1
6239  31.044600  110.461800     2.180   -20060.2     9194.5    -3865.1      0.0      0.0      0.0 2018 12 19 16 19  2.91 -Inf   1
6486  31.042299  110.449303     7.810   -20835.5     8681.9     1833.5      0.0      0.0      0.0 2018 12 19 18 29 31.54 -Inf   1
6243  31.159599  110.343300     1.000   -31358.4    21944.4    -5045.1      0.0      0.0      0.0 2018 12 19 20 55  0.78 -Inf   1
7273  30.849501  111.135201     6.890    44116.3   -12506.7      742.5      0.0      0.0      0.0 2018 12 19 23 13  2.52 -Inf   1
6490  30.847000  111.127403     5.980    43968.6   -12970.7        3.5      0.0      0.0      0.0 2018 12 19 23 32 17.24 -Inf   1
6491  30.851400  111.225502     8.840    53345.5   -12482.8     2863.5      0.0      0.0      0.0 2018 12 20  2 29 33.20 -Inf   1
6492  31.285801  110.236198     1.000   -41135.2    35678.7    -4976.5      0.0      0.0      0.0 2018 12 20  2 43 11.34 -Inf   1
7597  30.991899  111.222801     1.000    53506.0     2875.8    -4802.7      0.0      0.0      0.0 2018 12 20  4 30 20.08 -Inf   1
7599  30.870199  110.952797     2.110    27731.2   -10617.0    -3692.7      0.0      0.0      0.0 2018 12 20  5 33 23.49 -Inf   1
6250  31.120899  110.013199    11.180   -62877.4    17653.8     5134.9      0.0      0.0      0.0 2018 12 20  6 28 49.72 -Inf   1
7280  30.858200  111.233398    15.210    53501.5   -11542.2     9062.5      0.0      0.0      0.0 2018 12 20  6 38  6.41 -Inf   1
6253  30.850100  111.131599     5.750    43951.0   -12369.5     -295.1      0.0      0.0      0.0 2018 12 20  7 35 23.21 -Inf   1
6254  30.861300  111.127998     5.790    43604.2   -11127.7     -255.1      0.0      0.0      0.0 2018 12 20  8  1 40.31 -Inf   1
7604  30.767599  111.183998     8.770    49857.2   -21992.1     2967.3      0.0      0.0      0.0 2018 12 20  8 18 52.74 -Inf   1
7605  31.141100  109.803596     2.000   -82000.8    19417.5    -3802.7      0.0      0.0      0.0 2018 12 20  8 53 13.23 -Inf   1
6255  30.975800  110.783699     3.340    10685.5     1566.8    -2705.1      0.0      0.0      0.0 2018 12 20  9 19 16.32 -Inf   1
6256  31.040300  110.464401     7.730   -19812.2     8717.9     1684.9      0.0      0.0      0.0 2018 12 20 12 31 49.21 -Inf   1
6504  31.059999  110.224701     8.440   -42281.5    10644.3     2463.5      0.0      0.0      0.0 2018 12 20 14 29 45.78 -Inf   1
6258  31.126499  110.298599     0.430   -35630.9    18274.7    -5615.1      0.0      0.0      0.0 2018 12 20 14 45 16.86 -Inf   1
7612  31.215599  110.593903     1.000    -6562.3    27677.1    -4802.7      0.0      0.0      0.0 2018 12 20 15 47 24.15 -Inf   1
7613  30.929701  110.766800     6.310     9949.4    -4020.1      507.3      0.0      0.0      0.0 2018 12 20 17  6 43.32 -Inf   1
7294  31.046700  110.452499     6.540   -21126.8     9356.5      392.5      0.0      0.0      0.0 2018 12 20 18 50 45.96 -Inf   1
7617  31.141300  110.294502     1.000   -35143.0    19439.7    -4802.7      0.0      0.0      0.0 2018 12 20 22 13 40.20 -Inf   1
6509  30.844999  111.139397     6.020    45115.6   -13192.5       43.5      0.0      0.0      0.0 2018 12 20 23 17 37.84 -Inf   1
6261  30.857800  111.130501     5.910    43844.3   -11515.8     -135.1      0.0      0.0      0.0 2018 12 20 23 35 32.56 -Inf   1
7299  31.055300  110.225197     7.120   -42832.4    10310.0      972.5      0.0      0.0      0.0 2018 12 20 23 46 38.30 -Inf   1
7300  31.048401  110.460800     7.160   -20333.9     9545.2     1012.5      0.0      0.0      0.0 2018 12 20 23 47 50.20 -Inf   1
6513  31.006300  110.851501    14.720    17578.4     4690.7     8743.5      0.0      0.0      0.0 2018 12 21  0  6 41.31 -Inf   1
6265  30.968599  110.316498     9.310   -33950.1      768.5     3264.9      0.0      0.0      0.0 2018 12 21  3  2 32.17 -Inf   1
6515  31.228701  110.051399     6.840   -58778.9    29348.0      863.5      0.0      0.0      0.0 2018 12 21  3 44 49.22 -Inf   1
7625  30.831100  110.352699     1.000   -29635.7   -14951.8    -4802.7      0.0      0.0      0.0 2018 12 21  4 17 24.77 -Inf   1
7627  30.974600  110.796600     1.000    12794.1      957.8    -4802.7      0.0      0.0      0.0 2018 12 21  5 29 58.61 -Inf   1
7628  30.848900  111.139801     5.830    45611.1   -12978.4       27.3      0.0      0.0      0.0 2018 12 21  6  2 15.19 -Inf   1
7309  31.042500  110.452400     7.760   -21136.8     8890.9     1612.5      0.0      0.0      0.0 2018 12 21  7 57 49.39 -Inf   1
6270  30.850500  111.130302     6.000    43826.9   -12325.0      -45.1      0.0      0.0      0.0 2018 12 21  8 35 14.68 -Inf   1
7312  31.043699  110.450798     7.600   -21289.7     9023.9     1452.5      0.0      0.0      0.0 2018 12 21 11 53 27.75 -Inf   1
6272  30.854900  111.181602     8.850    48730.0   -11837.2     2804.9      0.0      0.0      0.0 2018 12 21 15 50 38.80 -Inf   1
6274  30.849400  111.192703     9.130    49792.6   -12447.1     3084.9      0.0      0.0      0.0 2018 12 21 21 18 25.82 -Inf   1
6276  30.849400  111.135201     5.960    44295.4   -12447.1      -85.1      0.0      0.0      0.0 2018 12 21 23 37 47.92 -Inf   1
7644  31.168100  110.303703     1.000   -34260.0    22411.0    -4802.7      0.0      0.0      0.0 2018 12 22  0 14  9.98 -Inf   1
7319  31.032801  110.436699     7.860   -22637.4     7815.6     1712.5      0.0      0.0      0.0 2018 12 22  0 41 32.77 -Inf   1
7646  30.977301  110.401703     1.190   -24931.8     1257.2    -4612.7      0.0      0.0      0.0 2018 12 22  2 54 51.89 -Inf   1
7321  31.108400  109.961800     5.850   -67967.0    16197.2     -297.5      0.0      0.0      0.0 2018 12 22  3 11 20.96 -Inf   1
7648  31.273800  110.827599     2.250    15730.9    34129.8    -3552.7      0.0      0.0      0.0 2018 12 22  3 17 59.29 -Inf   1
7650  30.954300  110.054497    13.570   -58108.3    -1292.8     7767.3      0.0      0.0      0.0 2018 12 22  4  4 41.81 -Inf   1
7652  30.819300  111.264000     6.980    57492.9   -16260.1     1177.3      0.0      0.0      0.0 2018 12 22  6 42 34.51 -Inf   1
6284  30.853701  111.134598     6.360    44236.8   -11970.2      314.9      0.0      0.0      0.0 2018 12 22  7  2 38.96 -Inf   1
7326  30.847700  111.139099     5.700    44489.5   -12706.3     -447.5      0.0      0.0      0.0 2018 12 22  8 57  8.14 -Inf   1
6538  31.154699  110.474403     7.860   -18427.6    21143.6     1883.5      0.0      0.0      0.0 2018 12 22 12 13 32.87 -Inf   1
6539  31.152300  110.410500     5.930   -24527.3    20877.6      -46.5      0.0      0.0      0.0 2018 12 22 17 49 44.24 -Inf   1
6540  30.934999  110.770500     5.870     9844.8    -3214.3     -106.5      0.0      0.0      0.0 2018 12 22 19 43 33.52 -Inf   1
7331  31.140600  110.478798    11.040   -18606.2    19767.2     4892.5      0.0      0.0      0.0 2018 12 22 20 10 17.30 -Inf   1
6542  31.027500  110.446404     6.830   -21114.0     7041.2      853.5      0.0      0.0      0.0 2018 12 22 20 21 27.84 -Inf   1
7334  31.157200  110.286598     3.870   -36949.2    21607.6    -2277.5      0.0      0.0      0.0 2018 12 22 21  9 59.84 -Inf   1
7335  31.087200  110.087097     8.630   -56011.1    13846.8     2482.5      0.0      0.0      0.0 2018 12 22 22  2 16.56 -Inf   1
6546  30.837400  111.145897     5.870    45738.8   -14035.0     -106.5      0.0      0.0      0.0 2018 12 22 23 26 13.68 -Inf   1
7667  31.156500  110.301201     1.000   -34500.9    21124.9    -4802.7      0.0      0.0      0.0 2018 12 22 23 49  5.84 -Inf   1
7668  30.925100  110.790398     9.340    12204.6    -4530.1     3537.3      0.0      0.0      0.0 2018 12 23  0 51 48.74 -Inf   1
6548  30.852900  111.128998     6.360    44119.7   -12316.6      383.5      0.0      0.0      0.0 2018 12 23  1  2 54.30 -Inf   1
7670  30.823500  111.241501     5.340    55340.5   -15794.5     -462.7      0.0      0.0      0.0 2018 12 23  3 32 29.58 -Inf   1
6550  30.818899  111.243202    13.700    55046.8   -16086.2     7723.5      0.0      0.0      0.0 2018 12 23  3 34 44.47 -Inf   1
6301  30.911100  110.739197     1.000     6436.1    -5606.4    -5045.1      0.0      0.0      0.0 2018 12 23  3 58 26.25 -Inf   1
7673  30.740601  111.163902     6.350    47941.9   -24985.4      547.3      0.0      0.0      0.0 2018 12 23  4  7 17.93 -Inf   1
6302  31.141701  109.981300     1.960   -65915.4    19960.0    -4085.1      0.0      0.0      0.0 2018 12 23  6 51 12.97 -Inf   1
7342  31.155300  110.355698     9.810   -30354.3    21397.0     3662.5      0.0      0.0      0.0 2018 12 23  7 24 17.95 -Inf   1
7677  30.727501  111.135399     1.000    45218.7   -26437.8    -4802.7      0.0      0.0      0.0 2018 12 23  7 39 39.02 -Inf   1
6554  31.131599  110.031403    10.050   -60717.5    18582.5     4073.5      0.0      0.0      0.0 2018 12 23  7 46 32.93 -Inf   1
6555  30.859200  111.126099     5.690    43841.1   -11618.1     -286.5      0.0      0.0      0.0 2018 12 23  8 22 47.67 -Inf   1
7680  30.978500  110.795998     1.000    12736.2     1390.3    -4802.7      0.0      0.0      0.0 2018 12 23 10 20 25.35 -Inf   1
7681  31.071501  110.243202     5.160   -40054.2    11701.1     -642.7      0.0      0.0      0.0 2018 12 23 18 12 10.80 -Inf   1
7684  31.158501  110.250702     7.810   -39320.3    21346.7     2007.3      0.0      0.0      0.0 2018 12 23 19 36 28.48 -Inf   1
7685  30.889200  111.030800     5.910    35183.7    -8510.4      107.3      0.0      0.0      0.0 2018 12 23 22 33 38.00 -Inf   1
6560  30.846901  111.135696     7.140    44761.4   -12981.7     1163.5      0.0      0.0      0.0 2018 12 23 23 21  6.52 -Inf   1
6561  30.856600  111.128502     6.220    44071.4   -11906.4      243.5      0.0      0.0      0.0 2018 12 23 23 39 39.10 -Inf   1
7352  30.941200  110.518097     1.000   -14870.4    -2340.1    -5147.5      0.0      0.0      0.0 2018 12 23 23 40 36.70 -Inf   1
7689  31.146400  110.297401     1.000   -34865.4    20005.2    -4802.7      0.0      0.0      0.0 2018 12 24  0 32 56.91 -Inf   1
7354  30.696600  110.928596     9.660    24384.7   -29458.6     3512.5      0.0      0.0      0.0 2018 12 24  1 50 29.36 -Inf   1
6314  30.863001  110.714996     6.520     4124.4   -10939.1      474.9      0.0      0.0      0.0 2018 12 24  2  6 46.61 -Inf   1
7692  30.841999  111.234001     8.140    54618.3   -13743.5     2337.3      0.0      0.0      0.0 2018 12 24  2 27 41.29 -Inf   1
6568  30.825600  110.768898     1.140     9697.2   -15343.3    -4836.5      0.0      0.0      0.0 2018 12 24  3 16 24.50 -Inf   1
7359  31.152201  109.848602    10.000   -78756.0    21053.3     3852.5      0.0      0.0      0.0 2018 12 24  3 21 31.62 -Inf   1
6570  31.163500  110.371201     3.760   -28276.6    22119.3    -2216.5      0.0      0.0      0.0 2018 12 24  4  6  7.24 -Inf   1
7362  30.857800  110.518402     7.680   -14847.7   -11586.6     1532.5      0.0      0.0      0.0 2018 12 24  4 33 15.60 -Inf   1
6573  30.863501  111.126602    11.110    43888.3   -11141.3     5133.5      0.0      0.0      0.0 2018 12 24  5 26 22.39 -Inf   1
7701  30.813700  111.264397     5.140    57532.5   -16881.0     -662.7      0.0      0.0      0.0 2018 12 24  6 35 48.42 -Inf   1
7364  30.818100  111.262199    10.170    56266.3   -15988.0     4022.5      0.0      0.0      0.0 2018 12 24  6 40 51.29 -Inf   1
7705  31.124001  110.024300     9.830   -60939.7    17521.7     4027.3      0.0      0.0      0.0 2018 12 24  7  5 53.75 -Inf   1
7707  30.948900  110.001099    13.660   -63211.9    -1891.5     7857.3      0.0      0.0      0.0 2018 12 24  8 10  4.18 -Inf   1
6326  30.939301  110.003899    15.750   -63825.3    -2479.8     9704.9      0.0      0.0      0.0 2018 12 24  8 15 18.56 -Inf   1
6581  30.842199  111.135101     6.520    44705.6   -13502.9      543.5      0.0      0.0      0.0 2018 12 24  8 50  4.74 -Inf   1
7710  30.819000  111.129700     6.360    44652.4   -16293.4      557.3      0.0      0.0      0.0 2018 12 24  9 37  5.57 -Inf   1
7714  30.888100  111.029701     5.590    35078.9    -8632.4     -212.7      0.0      0.0      0.0 2018 12 24 22 39 48.04 -Inf   1
6586  31.075100  110.820396     6.260    14602.0    12318.5      283.5      0.0      0.0      0.0 2018 12 24 23 12  0.84 -Inf   1
7375  30.848801  111.137398     6.300    44326.6   -12584.3      152.5      0.0      0.0      0.0 2018 12 24 23 15 56.96 -Inf   1
6588  30.855900  111.128799     6.210    44100.1   -11984.0      233.5      0.0      0.0      0.0 2018 12 25  0  4  2.02 -Inf   1
6334  30.824600  111.255600     6.030    55812.6   -15196.5      -15.1      0.0      0.0      0.0 2018 12 25  1 55 16.24 -Inf   1
7721  30.813499  111.282997     1.000    59311.0   -16903.2    -4802.7      0.0      0.0      0.0 2018 12 25  2 25  9.70 -Inf   1
7722  30.984200  110.066299     8.560   -56971.8     2022.1     2757.3      0.0      0.0      0.0 2018 12 25  3  2 56.37 -Inf   1
7380  30.979099  110.385696     1.000   -27516.2     1861.8    -5147.5      0.0      0.0      0.0 2018 12 25  3  3 54.43 -Inf   1
7381  31.014099  110.463898     7.480   -20041.7     5742.2     1332.5      0.0      0.0      0.0 2018 12 25  3 45 40.01 -Inf   1
7382  30.849400  111.140099     5.790    44584.6   -12517.9     -357.5      0.0      0.0      0.0 2018 12 25  4 34 56.86 -Inf   1
6594  31.154200  110.302101     1.000   -34873.2    21088.2    -4976.5      0.0      0.0      0.0 2018 12 25  5  5 48.94 -Inf   1
6595  30.852699  110.939003     4.420    25957.1   -12338.8    -1556.5      0.0      0.0      0.0 2018 12 25  5 58  3.02 -Inf   1
7385  30.942801  110.947403     1.000    26150.7    -2162.6    -5147.5      0.0      0.0      0.0 2018 12 25  6 12 22.36 -Inf   1
7730  30.805401  111.257004     5.590    56828.1   -17801.1     -212.7      0.0      0.0      0.0 2018 12 25  7 27  5.89 -Inf   1
6599  30.852699  111.135902     6.560    44779.8   -12338.8      583.5      0.0      0.0      0.0 2018 12 25  8 22 23.31 -Inf   1
7732  30.889601  110.139801     1.000   -49974.7    -8465.9    -4802.7      0.0      0.0      0.0 2018 12 25 11 24 13.18 -Inf   1
7735  30.836599  111.247597    13.550    55919.6   -14342.2     7747.3      0.0      0.0      0.0 2018 12 25 14 50 47.80 -Inf   1
7736  31.199900  110.577003     1.000    -8175.4    25936.6    -4802.7      0.0      0.0      0.0 2018 12 25 15 28 55.21 -Inf   1
6605  30.847900  111.134003     6.210    44599.3   -12870.9      233.5      0.0      0.0      0.0 2018 12 25 23 42 21.70 -Inf   1
7396  30.877899  111.141602     6.530    44721.7    -9358.2      382.5      0.0      0.0      0.0 2018 12 26  1 26  9.67 -Inf   1
6607  31.188499  110.019699     9.700   -61816.4    24891.0     3723.5      0.0      0.0      0.0 2018 12 26  3 41  0.09 -Inf   1
6608  31.218500  110.044998     6.430   -59392.8    28217.1      453.5      0.0      0.0      0.0 2018 12 26  3 50 39.69 -Inf   1
6352  31.266300  110.231102     2.060   -42043.7    33774.2    -3985.1      0.0      0.0      0.0 2018 12 26  4 19  8.03 -Inf   1
7400  31.113800  110.805801     4.530    12609.2    16795.9    -1617.5      0.0      0.0      0.0 2018 12 26  6 40 25.92 -Inf   1
6354  30.848200  111.131203     6.100    43913.5   -12580.1       54.9      0.0      0.0      0.0 2018 12 26  8  4 54.24 -Inf   1
7751  30.821899  110.237503     1.000   -40651.0   -15971.9    -4802.7      0.0      0.0      0.0 2018 12 26 11 52 21.22 -Inf   1
7404  30.892300  111.130501     4.620    43657.4    -7761.6    -1527.5      0.0      0.0      0.0 2018 12 26 12 45 55.85 -Inf   1
7405  31.158800  110.315002     4.780   -34237.9    21785.0    -1367.5      0.0      0.0      0.0 2018 12 26 13 10 11.56 -Inf   1
6616  30.944500  111.186897     0.340    49631.1    -2161.0    -5636.5      0.0      0.0      0.0 2018 12 26 22  1 13.96 -Inf   1
6361  30.845699  111.139297     6.730    44688.0   -12857.3      684.9      0.0      0.0      0.0 2018 12 26 23 37  7.04 -Inf   1
7761  30.856100  111.124702     6.650    44166.1   -12180.1      847.3      0.0      0.0      0.0 2018 12 26 23 46 49.90 -Inf   1
7410  31.036200  110.445297     9.110   -21815.8     8192.4     2962.5      0.0      0.0      0.0 2018 12 27  1 11 53.55 -Inf   1
6364  30.827900  111.248001    14.010    55085.1   -14830.7     7964.9      0.0      0.0      0.0 2018 12 27  1 45 59.10 -Inf   1
6621  31.091000  109.945000    10.360   -68979.8    14081.3     4383.5      0.0      0.0      0.0 2018 12 27  2 40  4.60 -Inf   1
6622  30.924500  110.532402     4.330   -12907.3    -4378.4    -1646.5      0.0      0.0      0.0 2018 12 27  3  0 20.84 -Inf   1
7766  30.988400  110.397301     1.000   -25350.9     2487.8    -4802.7      0.0      0.0      0.0 2018 12 27  3  7 47.43 -Inf   1
6624  30.844700  111.140503     6.780    45221.5   -13225.7      803.5      0.0      0.0      0.0 2018 12 27  6 38 33.69 -Inf   1
7769  30.813000  111.241096     7.040    55304.9   -16958.6     1237.3      0.0      0.0      0.0 2018 12 27  6 54 32.31 -Inf   1
7415  30.827499  111.230797     7.100    53261.2   -14945.9      952.5      0.0      0.0      0.0 2018 12 27  6 55 11.93 -Inf   1
7416  30.816200  111.242401     7.060    54373.9   -16198.7      912.5      0.0      0.0      0.0 2018 12 27  6 56 53.66 -Inf   1
7772  30.984400  110.073097    10.990   -56322.3     2044.3     5187.3      0.0      0.0      0.0 2018 12 27  7 52  1.74 -Inf   1
6628  30.835600  111.145798     6.590    45729.8   -14234.6      613.5      0.0      0.0      0.0 2018 12 27  9 35 54.83 -Inf   1
6630  31.049101  110.443901    12.640   -21350.7     9436.0     6663.5      0.0      0.0      0.0 2018 12 27 17  1 49.52 -Inf   1
7422  30.879101  111.052803     4.050    36233.8    -9224.9    -2097.5      0.0      0.0      0.0 2018 12 27 22  5 51.20 -Inf   1
6376  30.850100  111.128700     5.570    43673.9   -12369.5     -475.1      0.0      0.0      0.0 2018 12 27 23 35 42.08 -Inf   1
7778  30.848600  111.138496     7.080    45486.5   -13011.6     1277.3      0.0      0.0      0.0 2018 12 27 23 36 52.02 -Inf   1
6635  30.859200  111.135399     6.210    44730.2   -11618.1      233.5      0.0      0.0      0.0 2018 12 27 23 37 13.22 -Inf   1
6636  30.806801  111.277802     1.000    58358.6   -17427.5    -4976.5      0.0      0.0      0.0 2018 12 28  2 29 11.09 -Inf   1
7783  30.866699  111.098701     6.270    41678.3   -11005.0      467.3      0.0      0.0      0.0 2018 12 28  2 43 57.84 -Inf   1
7427  30.832600  111.271004    10.440    57103.8   -14380.5     4292.5      0.0      0.0      0.0 2018 12 28  3 10 50.31 -Inf   1
7428  31.155001  109.868301    10.900   -76874.6    21363.8     4752.5      0.0      0.0      0.0 2018 12 28  3 52 42.31 -Inf   1
6639  31.137300  109.864098     3.830   -76685.7    19214.6    -2146.5      0.0      0.0      0.0 2018 12 28  3 55 33.73 -Inf   1
7786  30.878201  110.307098     1.000   -33987.1    -9729.9    -4802.7      0.0      0.0      0.0 2018 12 28  4 30 11.13 -Inf   1
6382  30.844101  111.150398     5.250    45749.6   -13034.5     -795.1      0.0      0.0      0.0 2018 12 28  5 38 26.40 -Inf   1
7788  30.848900  111.134499     5.970    45104.2   -12978.4      167.3      0.0      0.0      0.0 2018 12 28  5 54 56.22 -Inf   1
6384  30.815500  111.249100    10.210    55193.7   -16205.4     4164.9      0.0      0.0      0.0 2018 12 28  5 55 48.45 -Inf   1
6645  30.845900  111.222900     7.040    53098.3   -13092.7     1063.5      0.0      0.0      0.0 2018 12 28  7 15 39.57 -Inf   1
7792  30.797300  110.683601     8.940     2000.6   -18699.2     3137.3      0.0      0.0      0.0 2018 12 28  7 35 55.25 -Inf   1
6647  30.728100  111.158302     1.000    46951.3   -26153.0    -4976.5      0.0      0.0      0.0 2018 12 28  7 44 36.97 -Inf   1
7435  31.159700  110.319397     6.220   -33818.3    21884.8       72.5      0.0      0.0      0.0 2018 12 28  7 47 17.85 -Inf   1
7436  30.850700  111.186600     9.310    49029.7   -12373.7     3162.5      0.0      0.0      0.0 2018 12 28  8  9 23.73 -Inf   1
7437  30.885500  111.019600     4.300    33059.0    -8515.5    -1847.5      0.0      0.0      0.0 2018 12 28  9 35 26.20 -Inf   1
6650  31.042801  110.461601    11.230   -19661.0     8737.5     5253.5      0.0      0.0      0.0 2018 12 28 12 35 31.88 -Inf   1
6652  30.888800  111.136597     6.550    44837.8    -8336.4      573.5      0.0      0.0      0.0 2018 12 28 17 28 42.84 -Inf   1
7800  30.883101  111.023697     5.730    34505.9    -9186.6      -72.7      0.0      0.0      0.0 2018 12 28 21 52 50.74 -Inf   1
6390  31.041901  110.459900     7.950   -20241.9     8895.3     1904.9      0.0      0.0      0.0 2018 12 28 21 56  3.20 -Inf   1
7442  30.895201  111.027802     4.820    33841.2    -7440.0    -1327.5      0.0      0.0      0.0 2018 12 28 23  3 27.74 -Inf   1
7443  30.846399  111.147797     6.040    45321.2   -12850.5     -107.5      0.0      0.0      0.0 2018 12 28 23 25 38.44 -Inf   1
7803  30.799101  110.690399     9.960     2650.6   -18499.6     4157.3      0.0      0.0      0.0 2018 12 29  2  1  1.87 -Inf   1
6393  30.851601  111.130898     5.550    43883.6   -12203.0     -495.1      0.0      0.0      0.0 2018 12 29  2 28 53.92 -Inf   1
6658  30.852501  111.129898     5.790    44205.9   -12360.8     -186.5      0.0      0.0      0.0 2018 12 29  2 30  0.89 -Inf   1
6660  31.049299  110.451797     3.930   -20596.5     9458.0    -2046.5      0.0      0.0      0.0 2018 12 29  3 26 20.77 -Inf   1
7810  31.257099  110.821198     4.040    15121.7    32278.2    -1762.7      0.0      0.0      0.0 2018 12 29  3 42 28.38 -Inf   1
6662  30.995501  111.246597     4.680    55320.8     3493.4    -1296.5      0.0      0.0      0.0 2018 12 29  4  3 28.89 -Inf   1
7812  30.944599  110.952499     1.000    27692.0    -2368.3    -4802.7      0.0      0.0      0.0 2018 12 29  4 33 54.01 -Inf   1
7452  31.147800  109.859596     7.500   -77708.4    20565.5     1352.5      0.0      0.0      0.0 2018 12 29  4 50 23.19 -Inf   1
6664  31.126699  109.849297     6.000   -78102.8    18039.3       23.5      0.0      0.0      0.0 2018 12 29  5  6 55.07 -Inf   1
7454  30.822100  111.263397     7.270    56379.7   -15544.6     1122.5      0.0      0.0      0.0 2018 12 29  5 49 47.36 -Inf   1
7455  30.828400  111.243500     9.060    54475.5   -14846.1     2912.5      0.0      0.0      0.0 2018 12 29  6  8  1.71 -Inf   1
7456  31.157600  110.319901     5.230   -33770.6    21652.0     -917.5      0.0      0.0      0.0 2018 12 29  6 25 56.84 -Inf   1
6401  30.885799  111.140404     6.510    44784.4    -8411.5      464.9      0.0      0.0      0.0 2018 12 29  7 24 54.57 -Inf   1
7818  30.849199  111.139000     6.560    45534.5   -12945.2      757.3      0.0      0.0      0.0 2018 12 29  7 58 31.96 -Inf   1
6669  30.859600  111.124802     6.030    43717.1   -11573.7       53.5      0.0      0.0      0.0 2018 12 29  9 27  0.47 -Inf   1
6670  30.882200  111.143501     7.220    45499.3    -9068.1     1243.5      0.0      0.0      0.0 2018 12 29 11 48 24.39 -Inf   1
7822  31.064100  110.246696     4.560   -39722.1    10880.6    -1242.7      0.0      0.0      0.0 2018 12 29 20 18  9.52 -Inf   1
7825  30.852600  111.142197     6.250    45839.3   -12568.2      447.3      0.0      0.0      0.0 2018 12 29 23 34 51.80 -Inf   1
7468  30.846100  111.134399     6.770    44040.5   -12883.7      622.5      0.0      0.0      0.0 2018 12 29 23 44 42.12 -Inf   1
7469  30.899099  111.128700     4.450    43483.8    -7007.7    -1697.5      0.0      0.0      0.0 2018 12 30  2 27 20.19 -Inf   1
7470  30.827499  111.233398     7.230    53509.9   -14945.9     1082.5      0.0      0.0      0.0 2018 12 30  2 29  8.23 -Inf   1
7828  31.071600  110.239998     5.020   -40360.2    11712.1     -782.7      0.0      0.0      0.0 2018 12 30  2 35 10.26 -Inf   1
7829  30.887699  111.032402     5.390    35337.1    -8676.8     -412.7      0.0      0.0      0.0 2018 12 30  2 49 19.04 -Inf   1
6679  31.141199  109.832001     4.000   -79747.9    19646.8    -1976.5      0.0      0.0      0.0 2018 12 30  3 51 31.40 -Inf   1
7473  31.149300  109.851501    10.000   -78480.4    20731.7     3852.5      0.0      0.0      0.0 2018 12 30  3 55 56.59 -Inf   1
7832  31.186701  110.777199    14.770    10928.5    24473.2     8967.3      0.0      0.0      0.0 2018 12 30  4  4 54.25 -Inf   1
7834  30.869400  110.903900     1.720    23057.4   -10705.6    -4082.7      0.0      0.0      0.0 2018 12 30  5 18 36.93 -Inf   1
7835  31.081600  110.172699     1.680   -46783.8    12820.8    -4122.7      0.0      0.0      0.0 2018 12 30  6 23  3.41 -Inf   1
7477  30.836300  111.259102    11.000    55964.9   -13970.2     4852.5      0.0      0.0      0.0 2018 12 30  6 31 33.83 -Inf   1
7838  31.036100  109.663002     2.000   -95472.8     7776.3    -3802.7      0.0      0.0      0.0 2018 12 30  7  1 26.68 -Inf   1
7839  30.854500  111.128998     6.040    44577.1   -12357.5      237.3      0.0      0.0      0.0 2018 12 30  7  5 39.96 -Inf   1
6421  31.086100  110.393097     5.510   -26615.7    13795.6     -535.1      0.0      0.0      0.0 2018 12 30  7 21 40.27 -Inf   1
7841  31.087400  110.394096     5.050   -25643.8    13463.9     -752.7      0.0      0.0      0.0 2018 12 30  7 46 48.52 -Inf   1
7483  31.058701  110.467003    11.840   -19740.5    10687.1     5692.5      0.0      0.0      0.0 2018 12 30  8  8 29.48 -Inf   1
7484  31.164000  110.312897     2.910   -34437.9    22361.5    -3237.5      0.0      0.0      0.0 2018 12 30  8 16  5.34 -Inf   1
7844  30.851000  111.146599     5.470    46260.5   -12745.6     -332.7      0.0      0.0      0.0 2018 12 30  9  1 31.26 -Inf   1
7845  31.171101  109.741096     2.000   -87952.8    22743.6    -3802.7      0.0      0.0      0.0 2018 12 30  9 13  5.24 -Inf   1
6426  30.901400  110.721603     7.900     4755.0    -6681.9     1854.9      0.0      0.0      0.0 2018 12 30  9 23 24.20 -Inf   1
6427  31.047001  110.455299     8.030   -20680.7     9460.8     1984.9      0.0      0.0      0.0 2018 12 30 10 56 46.62 -Inf   1
6428  30.888599  111.022598     4.480    33524.1    -8101.0    -1565.1      0.0      0.0      0.0 2018 12 30 11 54 21.24 -Inf   1
7850  30.877001  111.145103     7.680    46111.3    -9862.9     1877.3      0.0      0.0      0.0 2018 12 30 12 43 43.64 -Inf   1
7490  31.017401  110.569603     6.100    -9944.9     6108.2      -47.5      0.0      0.0      0.0 2018 12 30 15  2 31.57 -Inf   1
7852  31.038300  110.448402     4.760   -20464.0     8020.1    -1042.7      0.0      0.0      0.0 2018 12 30 18 53 51.12 -Inf   1
6431  30.861200  111.112602     8.490    42132.5   -11138.7     2444.9      0.0      0.0      0.0 2018 12 30 19 33 21.32 -Inf   1
7854  30.885000  111.024597     5.500    34591.6    -8976.0     -302.7      0.0      0.0      0.0 2018 12 30 19 44 12.40 -Inf   1
6433  31.045401  110.449203     7.770   -21263.1     9283.4     1724.9      0.0      0.0      0.0 2018 12 30 21 48  4.42 -Inf   1
7499  30.848700  111.141098     6.430    44680.3   -12595.5      282.5      0.0      0.0      0.0 2018 12 31  1 26  7.14 -Inf   1
6436  30.819700  111.260902     8.380    56321.0   -15739.8     2334.9      0.0      0.0      0.0 2018 12 31  2 21 20.75 -Inf   1
7501  30.852400  111.250298     9.050    55118.6   -12185.3     2902.5      0.0      0.0      0.0 2018 12 31  2 23 24.17 -Inf   1
6706  31.083000  110.190102     4.280   -45580.0    13194.4    -1696.5      0.0      0.0      0.0 2018 12 31  2 27  2.20 -Inf   1
6707  30.851500  111.128899     5.960    44110.5   -12471.8      -16.5      0.0      0.0      0.0 2018 12 31  3 59 57.00 -Inf   1
7504  30.824301  111.237602     5.230    53912.8   -15300.6     -917.5      0.0      0.0      0.0 2018 12 31  6 36 55.28 -Inf   1
6709  30.845900  111.143898     6.420    45545.7   -13092.7      443.5      0.0      0.0      0.0 2018 12 31  6 43 28.60 -Inf   1
6710  30.965300  110.052902    12.560   -58715.9      145.1     6583.5      0.0      0.0      0.0 2018 12 31  7 21 39.48 -Inf   1
7509  31.021601  110.955101     1.000    26875.2     6573.9    -5147.5      0.0      0.0      0.0 2018 12 31  9 25 48.82 -Inf   1
7510  31.156500  110.353798     2.570   -30535.4    21530.0    -3577.5      0.0      0.0      0.0 2018 12 31 10 18 47.50 -Inf   1
6715  31.089800  110.199898     4.210   -44643.1    13948.3    -1766.5      0.0      0.0      0.0 2018 12 31 11 50 41.75 -Inf   1
6716  30.882700  111.142502     6.860    45403.6    -9012.7      883.5      0.0      0.0      0.0 2018 12 31 16  5 11.10 -Inf   1
6718  30.888500  111.031403     5.310    34783.6    -8369.6     -666.5      0.0      0.0      0.0 2018 12 31 18 13  2.50 -Inf   1
7515  31.043301  110.193298     4.820   -45881.4     8979.7    -1327.5      0.0      0.0      0.0 2018 12 31 18 20 52.84 -Inf   1
7878  30.880199  111.135597     8.600    45201.9    -9508.3     2797.3      0.0      0.0      0.0 2018 12 31 19 30 43.60 -Inf   1
6446  30.885099  111.028900     6.010    34127.0    -8489.1      -35.1      0.0      0.0      0.0 2018 12 31 20 39 19.10 -Inf   1
7880  30.840300  111.145401     6.630    46148.5   -13931.9      827.3      0.0      0.0      0.0 2018 12 31 23 20 52.12 -Inf   1
6449  30.853001  111.127899     6.360    43596.6   -12047.8      314.9      0.0      0.0      0.0 2018 12 31 23 35 35.20 -Inf   1
