    1   2018 01 01 00:22:11.857     1331.857  0.2856 31.0505 110.1705   8.00   -inf  -nan   8   8  16   8 240.06
    2   2018 01 01 00:55:22.454     3322.454  0.2962 30.8505 111.1305   4.00   -inf  -nan  12  12  24  12 210.75
    3   2018 01 01 01:31:29.194     5489.194  0.3745 31.0505 110.1505   8.00   -inf  -nan  11  10  21  10 248.85
    4   2018 01 01 01:49:05.005     6545.005  0.3669 31.0505 110.1505   8.00   -inf  -nan  10   9  19   9 248.85
    5   2018 01 01 01:59:48.625     7188.625  0.3097 31.0605 110.1705  10.00   -inf  -nan   8   8  16   8 238.47
    6   2018 01 01 02:50:18.188    10218.188  0.1465 30.9305 110.7605  10.00   -inf  -nan   8   8  16   8  96.54
    7   2018 01 01 03:18:16.828    11896.828  0.2822 31.0405 110.8205   0.00   -inf  -nan  14  13  27  13  96.38
    8   2018 01 01 03:50:05.675    13805.675  0.2065 30.9405 110.7605   8.00   -inf  -nan   3   3   6   3 183.47
    9   2018 01 01 08:15:11.400    29711.400  0.1215 30.8505 111.1305   6.00   -inf  -nan   8   6  14   6 210.75
   10   2018 01 01 08:38:22.850    31102.850  0.1835 30.9405 110.7605  10.00   -inf  -nan   6   8  14   6  89.30
   11   2018 01 01 08:51:25.712    31885.712  0.2037 30.8505 111.1305   6.00   -inf  -nan   9   6  15   6 210.25
   12   2018 01 01 10:23:42.775    37422.775  0.3364 30.8505 110.8005   8.00   -inf  -nan   6   8  14   6  82.78
   13   2018 01 01 10:34:19.678    38059.678  0.1437 30.8505 110.7605   8.00   -inf  -nan   4   4   8   4 253.65
   14   2018 01 01 11:59:32.332    43172.332  0.2576 30.9305 110.7605  10.00   -inf  -nan   4   6  10   4 105.45
   15   2018 01 01 12:37:04.330    45424.330  0.2959 30.9505 110.7605  10.00   -inf  -nan   3   6   9   3  97.61
   16   2018 01 01 18:26:57.245    66417.245  0.2819 31.2105 110.3005   0.00   -inf  -nan   4   3   7   3 289.95
   17   2018 01 01 19:14:14.791    69254.791  0.4173 30.9405 110.7805   4.00   -inf  -nan   4   5   9   4 118.73
   18   2018 01 01 19:28:49.818    70129.818  0.2814 30.9405 110.7805  10.00   -inf  -nan  11  11  22  10  92.21
   19   2018 01 01 19:54:04.976    71644.976  0.3103 31.2105 110.5505   2.00   -inf  -nan   8   2  10   2 223.23
   20   2018 01 01 20:30:21.944    73821.944  0.2954 31.0505 110.1505   8.00   -inf  -nan   8   7  15   7 248.85
   21   2018 01 01 20:39:13.260    74353.260  0.1499 30.9305 110.7605  10.00   -inf  -nan   3   3   6   3 223.83
   22   2018 01 01 20:41:14.509    74474.509  0.1574 30.9405 110.7605  10.00   -inf  -nan   5   5  10   3 110.97
   23   2018 01 01 20:44:59.177    74699.177  0.2357 30.9405 110.7605  10.00   -inf  -nan  10  10  20  10  89.30
   24   2018 01 01 21:48:01.665    78481.665  0.1024 30.8505 110.7605   8.00   -inf  -nan   3   3   6   3 253.65
   25   2018 01 01 22:34:09.583    81249.583  0.2668 30.9405 110.7505  10.00   -inf  -nan   6   4  10   3  70.26
   26   2018 01 01 23:19:44.828    83984.828  0.3860 30.9205 110.7805  10.00   -inf  -nan  19  15  34  15  70.94
   27   2018 01 01 23:25:49.216    84349.216  0.0826 30.9305 110.8005   8.00   -inf  -nan   3   4   7   3 135.42
   28   2018 01 01 23:28:02.786    84482.786  0.2037 30.9305 110.7905   8.00   -inf  -nan   9   8  17   8  88.07
    1   2018 01 02 00:19:50.721     1190.721  0.1998 30.9305 110.8005   8.00   -inf  -nan   7   5  12   4  91.38
    2   2018 01 02 00:44:46.863     2686.863  0.3791 31.0505 110.2705   4.00   -inf  -nan   7   7  14   6 112.21
    3   2018 01 02 03:26:49.967    12409.967  0.1571 30.9305 111.2805   4.00   -inf  -nan   3   4   7   3 326.05
    4   2018 01 02 04:22:12.201    15732.201  0.3603 31.2705 110.8605   0.00   -inf  -nan  13  12  25  11 263.80
    5   2018 01 02 04:31:12.738    16272.738  0.2331 31.1305 110.0305   8.00   -inf  -nan   6   2   8   2 292.00
    6   2018 01 02 04:45:52.264    17152.264  0.3472 30.9405 110.7805   8.00   -inf  -nan  11  11  22  11  92.21
    7   2018 01 02 05:05:02.233    18302.233  0.2073 30.8705 110.9405   4.00   -inf  -nan   5   4   9   4 160.03
    8   2018 01 02 05:08:29.378    18509.378  0.0835 30.7405 111.2105   6.00   -inf  -nan   6   2   8   2 281.93
    9   2018 01 02 05:13:37.124    18817.124  0.2397 30.7305 111.2105   0.00   -inf  -nan   4   2   6   2 284.08
   10   2018 01 02 05:13:48.707    18828.707  0.2810 31.1305 110.3805   0.00   -inf  -nan   5   4   9   3 207.10
   11   2018 01 02 05:20:34.467    19234.467  0.2152 30.8105 111.1705   8.00   -inf  -nan   5   2   7   1 249.55
   12   2018 01 02 05:29:15.781    19755.781  0.1560 30.7705 111.1705   0.00   -inf  -nan   3   2   5   2 263.48
   13   2018 01 02 05:42:11.438    20531.438  0.2745 30.7705 111.2505  10.00   -inf  -nan   4   4   8   4 314.16
   14   2018 01 02 07:06:40.086    25600.086  0.1754 30.7705 110.7605  10.00   -inf  -nan   4   4   8   4 186.92
   15   2018 01 02 07:49:54.036    28194.036  0.2452 30.8905 111.1605   6.00   -inf  -nan   7   3  10   3 195.54
   16   2018 01 02 09:29:17.545    34157.545  0.4808 30.9405 111.2305   8.00   -inf  -nan   3   3   6   1 301.92
   17   2018 01 02 09:39:40.908    34780.908  0.1538 30.8505 111.1305   6.00   -inf  -nan  11   8  19   8 210.75
   18   2018 01 02 12:54:02.730    46442.730  0.1804 30.9305 111.1705   0.00   -inf  -nan   5   3   8   3 146.89
   19   2018 01 02 14:17:46.077    51466.077  0.2535 30.9905 110.7805   0.00   -inf  -nan   8   2  10   2 123.39
   20   2018 01 02 15:22:58.637    55378.637  0.4179 31.1705 110.3805   0.00   -inf  -nan   3   4   7   3 298.80
   21   2018 01 02 15:48:00.004    56880.004  0.3111 31.0505 110.1505   8.00   -inf  -nan   8   8  16   8 248.85
   22   2018 01 02 16:14:27.920    58467.920  0.4323 30.9405 110.7805  12.00   -inf  -nan   9   9  18   8  92.21
   23   2018 01 02 17:30:24.663    63024.663  0.2531 31.1005 110.2105   6.00   -inf  -nan   7   8  15   7 198.19
   24   2018 01 02 17:36:43.436    63403.436  0.2395 30.9305 110.7605  12.00   -inf  -nan  18  13  31  13  69.03
   25   2018 01 02 17:36:57.116    63417.116  0.2897 30.9405 110.7605  10.00   -inf  -nan  18  17  35  17  64.29
   26   2018 01 02 17:37:52.027    63472.027  0.2630 30.9405 110.7605  10.00   -inf  -nan  18  17  35  17  64.29
   27   2018 01 02 17:42:03.948    63723.948  0.2137 30.9405 110.7605  10.00   -inf  -nan  13  12  25  12  77.93
   28   2018 01 02 17:43:10.714    63790.714  0.2635 30.9405 110.7605  10.00   -inf  -nan  14  13  27  13  77.93
   29   2018 01 02 17:43:28.809    63808.809  0.2387 30.9405 110.7805  10.00   -inf  -nan   8   8  16   7  92.21
   30   2018 01 02 17:48:04.692    64084.692  0.3622 30.9405 110.7805  12.00   -inf  -nan  19  17  36  17  62.87
   31   2018 01 02 17:51:25.115    64285.115  0.3467 30.9405 110.7805  10.00   -inf  -nan  18  19  37  18  62.87
   32   2018 01 02 17:58:18.790    64698.790  0.2276 30.9405 110.7605  10.00   -inf  -nan   3   5   8   3 105.54
   33   2018 01 02 18:06:53.667    65213.667  0.2084 30.9305 110.7605  10.00   -inf  -nan   6   7  13   6  96.54
   34   2018 01 02 18:21:43.532    66103.532  0.2219 30.9305 110.7605  10.00   -inf  -nan   6   8  14   6  96.54
   35   2018 01 02 18:31:20.213    66680.213  0.3132 30.9405 110.7605  10.00   -inf  -nan   5   9  14   4  77.93
   36   2018 01 02 18:52:14.413    67934.413  0.2414 30.9405 110.7605  10.00   -inf  -nan   9  10  19   9  77.93
   37   2018 01 02 19:03:14.948    68594.948  0.3538 31.0605 110.1305   8.00   -inf  -nan   8   8  16   8 255.97
   38   2018 01 02 19:35:35.325    70535.325  0.2376 30.9305 110.7605  10.00   -inf  -nan   3   2   5   1 105.45
   39   2018 01 02 19:46:18.428    71178.428  0.3648 31.0605 110.0105   0.00   -inf  -nan  10   9  19   7 287.84
   40   2018 01 02 20:00:51.540    72051.540  0.1764 30.9405 110.7605  10.00   -inf  -nan   5   6  11   5  89.30
   41   2018 01 02 20:09:28.542    72568.542  0.1116 31.0105 110.1905   2.00   -inf  -nan   3   2   5   2 276.90
   42   2018 01 02 20:33:58.116    74038.116  0.3877 31.0505 110.1505   8.00   -inf  -nan  13  11  24  11 248.85
   43   2018 01 02 20:48:37.994    74917.994  0.3226 30.9405 110.7605  10.00   -inf  -nan  19  18  37  18  64.29
   44   2018 01 02 20:52:22.153    75142.153  0.2464 30.9405 110.7805  10.00   -inf  -nan  10  10  20   9  92.21
   45   2018 01 02 21:14:19.474    76459.474  0.3144 31.0505 110.1505   8.00   -inf  -nan   8   7  15   7 248.85
   46   2018 01 02 22:00:28.100    79228.100  0.3006 30.9405 110.7805  10.00   -inf  -nan  14  13  27  13  92.21
   47   2018 01 02 22:28:42.473    80922.473  0.3163 30.9405 110.7805  10.00   -inf  -nan  12  11  23  11  92.21
    1   2018 01 03 00:49:29.844     2969.844  0.3432 30.9405 110.7505  10.00   -inf  -nan   7   9  16   7  68.13
    2   2018 01 03 01:11:42.330     4302.330  0.2949 30.8105 111.1705   4.00   -inf  -nan  10   8  18   8 242.73
    3   2018 01 03 01:57:24.454     7044.454  0.2382 30.9405 110.7805  10.00   -inf  -nan   9   7  16   7  92.21
    4   2018 01 03 02:13:01.133     7981.133  0.2029 30.9405 110.7605  10.00   -inf  -nan   4   4   8   4 194.83
    5   2018 01 03 03:21:47.301    12107.301  0.3004 30.9405 110.7505  12.00   -inf  -nan   9   8  17   8  92.19
    6   2018 01 03 03:22:21.663    12141.663  0.3271 30.9405 110.7805  10.00   -inf  -nan  11  13  24  11  92.21
    7   2018 01 03 03:52:33.539    13953.539  0.2567 31.2905 110.8405   0.00   -inf  -nan  14  12  26   9 237.04
    8   2018 01 03 04:00:10.410    14410.410  0.4218 30.8905 110.7205   0.00   -inf  -nan  16  10  26  10  97.68
    9   2018 01 03 05:10:21.752    18621.752  0.2733 30.9405 110.7505  12.00   -inf  -nan   8   8  16   8  92.19
   10   2018 01 03 05:54:42.204    21282.204  0.4196 31.0105 110.4505   2.00   -inf  -nan  14  10  24   9  89.23
   11   2018 01 03 06:20:43.457    22843.457  0.3114 30.9405 110.7605  10.00   -inf  -nan  18  14  32  14  64.29
   12   2018 01 03 06:50:59.359    24659.359  0.2950 31.0805 110.1705  10.00   -inf  -nan   8   8  16   7 193.55
   13   2018 01 03 07:37:10.671    27430.671  0.2391 31.0605 110.4805   6.00   -inf  -nan   4   4   8   4 175.68
   14   2018 01 03 08:28:27.997    30507.997  0.2499 30.9005 110.8005  10.00   -inf  -nan   3   2   5   1 213.75
   15   2018 01 03 08:30:22.860    30622.860  0.4248 30.9405 110.7805  12.00   -inf  -nan  15  14  29  14  92.21
   16   2018 01 03 08:31:53.028    30713.028  0.2622 31.0505 110.4505   4.00   -inf  -nan   5   5  10   5 152.57
   17   2018 01 03 08:57:43.858    32263.858  0.2770 30.8505 111.3605   0.00   -inf  -nan   9   2  11   2 318.62
   18   2018 01 03 11:20:30.197    40830.197  0.1689 30.9305 111.2005   6.00   -inf  -nan   5   3   8   3 279.86
   19   2018 01 03 12:42:05.641    45725.641  0.2215 30.9405 110.7805  10.00   -inf  -nan   6   6  12   5  92.21
   20   2018 01 03 13:35:59.042    48959.042  0.3426 30.9405 110.7805  12.00   -inf  -nan   9  10  19   9  92.21
   21   2018 01 03 13:51:23.288    49883.288  0.2544 30.9405 110.7805  10.00   -inf  -nan   9   9  18   8  92.21
   22   2018 01 03 15:06:37.888    54397.888  0.2095 30.9405 110.7605  10.00   -inf  -nan   8   9  17   8  77.93
   23   2018 01 03 15:08:16.213    54496.213  0.3214 30.9505 110.7805  12.00   -inf  -nan  11  11  22  11 102.97
   24   2018 01 03 18:12:13.594    65533.594  0.3248 31.0605 110.2105  10.00   -inf  -nan   6   6  12   6 218.09
   25   2018 01 03 18:37:44.094    67064.094  0.3342 30.9505 110.7605  14.00   -inf  -nan   4   4   8   3 120.22
   26   2018 01 03 18:54:33.829    68073.829  0.4535 31.0605 110.4805   0.00   -inf  -nan   5   8  13   5 141.43
   27   2018 01 03 18:59:05.594    68345.594  0.2322 31.0505 110.4605   0.00   -inf  -nan   5   6  11   5 157.85
   28   2018 01 03 20:39:11.250    74351.250  0.2636 30.6905 110.7305   0.00   -inf  -nan   3   2   5   1 276.92
   29   2018 01 03 20:42:41.134    74561.134  0.3669 31.0705 110.7805   0.00   -inf  -nan   4   2   6   1 238.82
   30   2018 01 03 20:43:33.378    74613.378  0.2041 31.1705 110.3005   4.00   -inf  -nan   3   3   6   3 178.20
   31   2018 01 03 21:22:42.039    76962.039  0.1886 31.1405 110.0505   8.00   -inf  -nan   5   4   9   3 288.69
   32   2018 01 03 22:31:36.860    81096.860  0.1773 31.0105 110.2705   2.00   -inf  -nan   3   2   5   2 171.04
   33   2018 01 03 22:49:54.701    82194.701  0.0608 31.0505 110.1905  14.00   -inf  -nan   3   2   5   2 288.95
    1   2018 01 04 01:35:32.770     5732.770  0.1894 30.8505 111.1305   6.00   -inf  -nan  15  10  25   9 210.25
    2   2018 01 04 02:51:38.500    10298.500  0.2447 30.9305 110.8005   8.00   -inf  -nan   4   4   8   3  91.38
    3   2018 01 04 03:24:08.969    12248.969  0.1523 30.9305 110.7605  10.00   -inf  -nan   6   8  14   6  96.54
    4   2018 01 04 07:08:50.347    25730.347  0.2195 30.8505 111.1305   4.00   -inf  -nan  13   4  17   4 210.25
    5   2018 01 04 14:18:32.445    51512.445  0.1000 31.0805 110.1705   2.00   -inf  -nan   3   4   7   3 254.55
    6   2018 01 04 16:24:42.674    59082.674  0.3111 31.0405 110.8205   4.00   -inf  -nan  18  13  31  13  96.38
    7   2018 01 04 19:53:17.220    71597.220  0.3836 31.1705 110.3405   4.00   -inf  -nan   4   3   7   3 281.77
    8   2018 01 04 20:50:55.395    75055.395  0.2607 30.9905 110.7605   0.00   -inf  -nan  10   3  13   3 157.23
    1   2018 01 05 01:02:53.866     3773.866  0.2693 30.8605 110.5005   0.00   -inf  -nan   4   2   6   2 216.64
    2   2018 01 05 04:26:04.913    15964.913  0.2335 30.8505 111.1305   6.00   -inf  -nan  11   8  19   8 283.92
    3   2018 01 05 06:54:48.924    24888.924  0.1936 30.9405 110.5205   0.00   -inf  -nan   9   7  16   7 106.75
    4   2018 01 05 07:04:09.581    25449.581  0.1217 31.0905 110.1905   6.00   -inf  -nan   3   3   6   2 285.49
    5   2018 01 05 08:19:01.040    29941.040  0.4235 30.9405 110.7805   8.00   -inf  -nan   4   6  10   3  92.21
    6   2018 01 05 09:50:21.426    35421.426  0.3188 30.9505 110.5205   4.00   -inf  -nan  11  10  21   7  91.74
    7   2018 01 05 10:06:17.577    36377.577  0.3423 30.8505 111.1705   6.00   -inf  -nan  13   6  19   4 291.45
    8   2018 01 05 11:09:21.982    40161.982  0.1608 30.9405 110.6205   6.00   -inf  -nan   3   2   5   2 175.56
    9   2018 01 05 11:55:36.190    42936.190  0.1669 30.9305 110.7605  12.00   -inf  -nan   4   4   8   3 118.39
   10   2018 01 05 14:51:41.136    53501.136  0.1912 30.9405 110.7805   8.00   -inf  -nan   4   3   7   3 118.73
   11   2018 01 05 23:09:19.707    83359.707  0.2486 30.9305 110.8005   8.00   -inf  -nan   9  10  19   9  91.38
    1   2018 01 06 01:57:56.733     7076.733  0.2049 30.8505 111.1305   6.00   -inf  -nan  13  10  23  10 283.92
    2   2018 01 06 02:42:30.036     9750.036  0.2915 31.1005 110.4805  10.00   -inf  -nan   3   2   5   2 276.37
    3   2018 01 06 04:26:39.650    15999.650  0.1339 30.9305 111.1705   6.00   -inf  -nan   5   2   7   2 276.52
    4   2018 01 06 07:29:44.419    26984.419  0.3611 31.0905 110.1505   8.00   -inf  -nan  14   9  23   8 306.73
    5   2018 01 06 07:30:59.867    27059.867  0.4469 31.0505 110.1305  12.00   -inf  -nan  15  13  28  12 256.91
    6   2018 01 06 07:32:46.081    27166.081  0.2100 31.0605 110.1605   6.00   -inf  -nan   4   4   8   4 243.13
    7   2018 01 06 07:44:26.721    27866.721  0.2107 30.7805 110.7705  12.00   -inf  -nan  11  11  22  10 110.23
    8   2018 01 06 07:48:14.199    28094.199  0.2645 31.0705 110.2005   6.00   -inf  -nan   5   6  11   5 221.55
    9   2018 01 06 07:48:58.960    28138.960  0.2794 30.8505 111.1305   6.00   -inf  -nan   8   6  14   6 284.42
   10   2018 01 06 09:25:23.646    33923.646  0.2528 30.8505 111.1705   4.00   -inf  -nan  10   8  18   8 291.45
   11   2018 01 06 10:03:25.321    36205.321  0.1252 31.0505 110.2705   8.00   -inf  -nan   3   2   5   2 230.62
   12   2018 01 06 10:43:07.267    38587.267  0.3347 31.0805 110.1705  10.00   -inf  -nan  10   7  17   6 193.55
   13   2018 01 06 10:46:59.966    38819.966  0.4131 31.0605 110.1705  10.00   -inf  -nan  16  11  27  11 191.86
   14   2018 01 06 11:33:31.293    41611.293  0.2098 31.0605 110.2105   6.00   -inf  -nan   6   4  10   4 165.91
   15   2018 01 06 11:46:43.396    42403.396  0.4739 31.0605 110.1705  10.00   -inf  -nan  17  12  29  12 191.86
   16   2018 01 06 12:35:43.829    45343.829  0.2043 31.0705 110.2005   6.00   -inf  -nan   6   4  10   4 173.24
   17   2018 01 06 12:55:16.044    46516.044  0.2336 30.9405 110.7805  10.00   -inf  -nan   9   9  18   8  92.21
   18   2018 01 06 13:02:41.406    46961.406  0.2630 31.0705 110.2005   6.00   -inf  -nan   7   6  13   6 173.24
   19   2018 01 06 13:07:30.249    47250.249  0.1681 31.0905 110.1905   6.00   -inf  -nan   3   4   7   3 285.49
   20   2018 01 06 13:32:51.279    48771.279  0.1438 31.1005 110.3205   0.00   -inf  -nan   6   6  12   5 153.25
   21   2018 01 06 14:12:58.930    51178.930  0.2900 31.0705 110.2005   8.00   -inf  -nan  12   6  18   6 173.24
   22   2018 01 06 14:43:50.867    53030.867  0.1714 31.0905 110.1905   6.00   -inf  -nan   6   4  10   4 280.11
   23   2018 01 06 16:25:51.123    59151.123  0.2124 30.9405 110.7805  10.00   -inf  -nan   4   5   9   4  92.21
   24   2018 01 06 17:23:32.395    62612.395  0.2578 30.9405 110.7805  10.00   -inf  -nan   4   5   9   3 118.73
   25   2018 01 06 17:26:54.730    62814.730  0.1756 30.9405 110.7805  10.00   -inf  -nan   7   6  13   6  92.21
   26   2018 01 06 17:53:28.293    64408.293  0.2543 31.0905 110.1505   6.00   -inf  -nan   4   5   9   4 290.29
   27   2018 01 06 17:58:32.558    64712.558  0.1251 31.0905 110.1905   6.00   -inf  -nan   4   3   7   3 303.53
   28   2018 01 06 18:32:31.364    66751.364  0.3958 31.0905 110.1505   8.00   -inf  -nan  16  10  26  10 268.47
   29   2018 01 06 18:53:42.811    68022.811  0.2248 31.0505 110.1905   4.00   -inf  -nan   3   4   7   3 263.14
   30   2018 01 06 19:26:40.767    70000.767  0.1261 31.0905 110.1905   8.00   -inf  -nan   3   3   6   3 314.08
   31   2018 01 06 20:42:16.329    74536.329  0.1358 31.0905 110.1905   6.00   -inf  -nan   3   2   5   2 314.08
   32   2018 01 06 20:42:52.456    74572.456  0.2210 31.0905 110.1905   6.00   -inf  -nan   5   5  10   4 280.11
   33   2018 01 06 20:43:26.929    74606.929  0.2017 30.7805 110.7605  10.00   -inf  -nan   7   9  16   7 103.86
   34   2018 01 06 20:45:59.406    74759.406  0.1016 30.7705 110.7605   8.00   -inf  -nan   4   4   8   4 234.88
   35   2018 01 06 20:54:07.621    75247.621  0.2665 31.0605 110.1805  12.00   -inf  -nan   6   5  11   5 277.47
   36   2018 01 06 20:57:41.698    75461.698  0.2559 31.1205 110.3305   0.00   -inf  -nan   6   4  10   4 248.63
   37   2018 01 06 21:04:07.603    75847.603  0.3593 30.7705 110.7605  12.00   -inf  -nan  11   9  20   9 109.98
   38   2018 01 06 21:05:42.407    75942.407  0.1569 30.7805 110.7705  10.00   -inf  -nan   8   8  16   8 110.23
   39   2018 01 06 21:11:17.840    76277.840  0.2352 30.7805 110.7705  12.00   -inf  -nan  12  12  24  12 110.23
   40   2018 01 06 21:11:58.274    76318.274  0.3394 30.7705 110.7605   6.00   -inf  -nan   3   4   7   2 124.90
   41   2018 01 06 21:21:27.886    76887.886  0.2758 30.7805 110.7705  14.00   -inf  -nan   6   7  13   6 110.23
   42   2018 01 06 21:57:51.953    79071.953  0.3062 30.7705 110.7605  10.00   -inf  -nan   8  11  19   8 109.98
   43   2018 01 06 22:07:30.786    79650.786  0.0819 31.0005 110.0905   4.00   -inf  -nan   3   3   6   3 288.03
   44   2018 01 06 23:22:12.074    84132.074  0.2055 31.0905 110.1905   6.00   -inf  -nan   5   5  10   4 280.11
   45   2018 01 06 23:35:44.292    84944.292  0.2295 31.0605 110.4405   6.00   -inf  -nan   4   4   8   4 256.49
    1   2018 01 07 01:04:28.516     3868.516  0.2331 30.9405 110.7805  10.00   -inf  -nan  13  12  25  12  92.21
    2   2018 01 07 01:15:09.552     4509.552  0.2356 30.9405 110.7805  12.00   -inf  -nan  13  13  26  13  92.21
    3   2018 01 07 01:42:15.750     6135.750  0.2572 30.9405 110.7905  10.00   -inf  -nan   6  10  16   6  96.80
    4   2018 01 07 02:35:38.812     9338.812  0.2973 31.0605 110.1705   8.00   -inf  -nan   8   7  15   7 191.86
    5   2018 01 07 02:53:15.217    10395.217  0.2691 30.8505 111.1305   4.00   -inf  -nan  10   8  18   8 284.42
    6   2018 01 07 03:34:45.992    12885.992  0.4137 30.7505 110.7405   8.00   -inf  -nan   6   6  12   5 121.03
    7   2018 01 07 04:03:51.769    14631.769  0.2875 30.7905 110.7805  10.00   -inf  -nan   6   6  12   6 141.13
    8   2018 01 07 04:32:57.056    16377.056  0.2018 30.7705 110.7605  10.00   -inf  -nan   6   7  13   6 109.98
    9   2018 01 07 05:05:01.243    18301.243  0.2960 31.0305 110.4805   6.00   -inf  -nan   4   4   8   4 156.39
   10   2018 01 07 05:06:48.629    18408.629  0.2308 30.7705 110.7605  12.00   -inf  -nan   6   5  11   5 124.90
   11   2018 01 07 05:37:29.536    20249.536  0.2542 31.0905 110.1505   4.00   -inf  -nan   4   3   7   3 275.81
   12   2018 01 07 05:45:07.792    20707.792  0.2939 31.0605 110.1705  10.00   -inf  -nan  14   9  23   9 191.86
   13   2018 01 07 07:23:14.938    26594.938  0.2662 30.8905 110.8005   2.00   -inf  -nan   6   6  12   4  91.16
   14   2018 01 07 07:24:35.459    26675.459  0.3308 31.0605 110.1705   8.00   -inf  -nan  12   9  21   9 191.86
   15   2018 01 07 07:48:11.273    28091.273  0.3423 30.8505 111.1705   6.00   -inf  -nan  11  12  23  10 291.45
   16   2018 01 07 08:20:55.878    30055.878  0.2172 30.8505 111.1705   6.00   -inf  -nan  12   5  17   5 293.45
   17   2018 01 07 13:18:44.750    47924.750  0.2860 31.0605 110.4405   4.00   -inf  -nan   6   4  10   2 170.49
   18   2018 01 07 14:59:56.433    53996.433  0.3235 31.0605 110.4405   4.00   -inf  -nan   8  10  18   8 170.49
   19   2018 01 07 15:15:56.230    54956.230  0.0732 31.1805 110.2905  12.00   -inf  -nan   3   3   6   3 261.98
   20   2018 01 07 17:11:37.002    61897.002  0.3107 31.0305 110.4805  14.00   -inf  -nan   7   6  13   6 108.68
   21   2018 01 07 17:38:30.518    63510.518  0.2187 31.1805 110.5305   0.00   -inf  -nan   8   3  11   3 177.44
   22   2018 01 07 18:20:49.103    66049.103  0.1857 30.7805 110.7705  10.00   -inf  -nan   3   3   6   2 116.19
   23   2018 01 07 19:24:42.615    69882.615  0.3158 31.0305 110.4405  14.00   -inf  -nan   3   3   6   2 201.80
   24   2018 01 07 19:58:20.987    71900.987  0.3729 31.0805 110.1705  10.00   -inf  -nan   9   7  16   6 193.55
   25   2018 01 07 20:25:40.060    73540.060  0.3865 31.0905 110.1505   8.00   -inf  -nan  16  11  27  11 268.47
   26   2018 01 07 20:26:50.549    73610.549  0.4955 31.0905 110.1505   2.00   -inf  -nan   4   4   8   4 268.47
   27   2018 01 07 20:50:29.243    75029.243  0.3128 31.0605 110.1705   8.00   -inf  -nan   7   7  14   7 191.86
   28   2018 01 07 20:53:56.138    75236.138  0.1366 31.0905 110.1905   6.00   -inf  -nan   3   3   6   3 314.08
   29   2018 01 07 23:05:39.431    83139.431  0.2498 31.1705 110.3105   0.00   -inf  -nan   5   3   8   3 276.12
    1   2018 01 08 03:08:15.184    11295.184  0.2076 30.8205 111.1705   6.00   -inf  -nan   6   4  10   4 297.39
    2   2018 01 08 03:10:45.827    11445.827  0.1892 30.9405 110.7905   8.00   -inf  -nan   3   2   5   1 167.67
    3   2018 01 08 03:12:41.649    11561.649  0.1820 30.9405 110.7805  10.00   -inf  -nan   8  10  18   8 110.23
    4   2018 01 08 05:48:38.260    20918.260  0.2285 30.7705 111.2105   4.00   -inf  -nan   8   2  10   2 299.28
    5   2018 01 08 07:45:09.526    27909.526  0.2798 31.0605 110.1705  12.00   -inf  -nan   7   7  14   7 191.86
    6   2018 01 08 07:49:22.825    28162.825  0.1854 30.8505 111.1305   6.00   -inf  -nan   9   5  14   5 283.92
    7   2018 01 08 08:39:11.389    31151.389  0.2048 30.9605 110.0105  12.00   -inf  -nan   5   2   7   2 287.09
    8   2018 01 08 10:54:55.570    39295.570  0.3761 31.0505 110.1905   6.00   -inf  -nan   7   6  13   6 177.95
    9   2018 01 08 14:00:39.744    50439.744  0.1281 31.1605 110.8205   4.00   -inf  -nan   3   2   5   2 222.90
   10   2018 01 08 15:04:54.013    54294.013  0.1900 31.1005 110.1705   4.00   -inf  -nan   6   3   9   3 234.70
   11   2018 01 08 15:59:26.984    57566.984  0.2574 30.9705 110.8405   0.00   -inf  -nan  11  11  22  11 107.60
   12   2018 01 08 16:25:18.344    59118.344  0.3361 31.0505 110.4505   6.00   -inf  -nan  14  12  26  11 119.70
   13   2018 01 08 17:46:29.853    63989.853  0.2417 31.2505 110.5505   6.00   -inf  -nan   4   2   6   2 264.10
   14   2018 01 08 20:34:52.833    74092.833  0.3300 31.1705 110.5105   2.00   -inf  -nan   6   3   9   3 171.89
   15   2018 01 08 21:01:32.221    75692.221  0.2624 31.1705 110.5105   6.00   -inf  -nan   5   2   7   2 171.89
   16   2018 01 08 23:51:58.356    85918.356  0.2529 31.1405 110.3205   0.00   -inf  -nan   5   5  10   4 280.84
    1   2018 01 09 00:30:46.796     1846.796  0.2734 30.8305 110.7405   2.00   -inf  -nan   3   2   5   2 158.50
    2   2018 01 09 00:37:20.777     2240.777  0.3181 30.7805 110.7705  12.00   -inf  -nan   8   9  17   8 110.23
    3   2018 01 09 01:52:56.966     6776.966  0.2028 30.7805 110.7705   8.00   -inf  -nan   4   4   8   4 116.19
    4   2018 01 09 01:58:13.731     7093.731  0.2723 30.7505 110.7405  14.00   -inf  -nan   3   3   6   3 149.25
    5   2018 01 09 02:22:02.495     8522.495  0.1866 30.7705 111.2505   2.00   -inf  -nan   4   3   7   3 313.79
    6   2018 01 09 03:46:49.073    13609.073  0.2118 30.8905 111.1705  12.00   -inf  -nan   4   3   7   3 288.05
    7   2018 01 09 06:15:21.213    22521.213  0.4524 30.9905 110.8005   0.00   -inf  -nan  11   8  19   8  84.69
    8   2018 01 09 06:56:13.140    24973.140  0.2068 31.2005 110.8205   6.00   -inf  -nan   9   5  14   5 258.24
    9   2018 01 09 07:11:50.356    25910.356  0.1446 30.8505 111.1305   6.00   -inf  -nan   5   4   9   4 284.42
   10   2018 01 09 07:32:11.746    27131.746  0.4051 31.1105 110.8605   0.00   -inf  -nan  11   8  19   7 177.73
   11   2018 01 09 14:43:55.681    53035.681  0.2694 30.9405 110.7605  12.00   -inf  -nan   9   7  16   6 110.97
   12   2018 01 09 14:44:42.010    53082.010  0.3322 30.9405 110.7805  14.00   -inf  -nan   6   7  13   5 146.46
   13   2018 01 09 14:45:53.004    53153.004  0.3254 30.9405 110.7505  10.00   -inf  -nan  17  14  31  14  64.69
   14   2018 01 09 14:46:50.254    53210.254  0.4511 30.9405 110.7505  12.00   -inf  -nan   4   5   9   3 124.67
   15   2018 01 09 14:47:18.201    53238.201  0.2226 30.9405 110.7605  12.00   -inf  -nan  10   9  19   9  77.93
   16   2018 01 09 14:48:47.033    53327.033  0.2326 30.9305 110.7505  10.00   -inf  -nan  12  11  23  11  69.87
   17   2018 01 09 14:49:01.782    53341.782  0.3292 30.9305 110.7505   4.00   -inf  -nan   6  10  16   6  94.01
   18   2018 01 09 14:50:19.923    53419.923  0.2266 30.9405 110.7605  10.00   -inf  -nan  11  10  21  10  77.93
   19   2018 01 09 14:55:31.521    53731.521  0.3934 30.9405 110.7405  12.00   -inf  -nan  13  10  23  10  64.82
   20   2018 01 09 14:57:04.740    53824.740  0.2582 30.9405 110.7805  10.00   -inf  -nan   6   7  13   6 146.36
   21   2018 01 09 15:03:27.808    54207.808  0.4093 30.9405 110.7505  14.00   -inf  -nan  15  12  27  12  68.13
   22   2018 01 09 15:08:43.855    54523.855  0.2746 30.9405 110.7605   8.00   -inf  -nan  12  12  24  12  77.93
   23   2018 01 09 16:24:30.390    59070.390  0.1201 30.9305 111.1705   6.00   -inf  -nan   3   2   5   2 276.52
   24   2018 01 09 16:35:41.140    59741.140  0.1859 30.9305 110.8005  12.00   -inf  -nan   3   5   8   3 170.06
   25   2018 01 09 17:09:06.964    61746.964  0.2112 30.9405 110.7605  12.00   -inf  -nan  10   9  19   9  77.93
   26   2018 01 09 17:09:54.927    61794.927  0.3475 30.9405 110.7505  12.00   -inf  -nan   4   4   8   3 142.03
   27   2018 01 09 17:12:11.543    61931.543  0.3257 30.9405 110.7505  10.00   -inf  -nan  16  14  30  14  64.69
   28   2018 01 09 17:14:11.374    62051.374  0.3089 30.9405 110.7605   8.00   -inf  -nan  14  13  27  13  64.29
   29   2018 01 09 17:20:50.300    62450.300  0.3616 30.9405 110.7505  10.00   -inf  -nan  17  14  31  14  64.69
   30   2018 01 09 17:21:58.033    62518.033  0.3713 30.9405 110.7505  10.00   -inf  -nan  17  14  31  14  64.69
   31   2018 01 09 17:23:19.221    62599.221  0.4303 30.9005 110.7405   8.00   -inf  -nan   9  13  22   8  89.52
   32   2018 01 09 17:34:50.772    63290.772  0.2490 30.9405 110.7605  12.00   -inf  -nan   9  10  19   8 110.97
   33   2018 01 09 17:36:38.615    63398.615  0.1983 30.9405 110.7605  10.00   -inf  -nan  11  10  21  10 110.97
   34   2018 01 09 18:08:41.495    65321.495  0.4063 30.9005 110.7605  12.00   -inf  -nan   7   9  16   7 140.17
   35   2018 01 09 18:11:28.423    65488.423  0.2198 30.9005 110.7605   8.00   -inf  -nan   3   6   9   3 176.73
   36   2018 01 09 22:17:58.514    80278.514  0.2385 31.1805 110.5305   0.00   -inf  -nan   7   2   9   2 177.44
   37   2018 01 09 23:46:13.055    85573.055  0.2497 31.0905 110.4305   0.00   -inf  -nan   3   5   8   3 193.50
    1   2018 01 10 01:43:21.894     6201.894  0.0987 30.8505 111.1305   6.00   -inf  -nan   9   5  14   4 283.92
    2   2018 01 10 05:11:07.233    18667.233  0.3383 31.0205 110.4405   6.00   -inf  -nan  12   5  17   4 152.49
    3   2018 01 10 07:21:06.670    26466.670  0.2521 30.9405 110.7805   6.00   -inf  -nan   9   7  16   7 110.23
    4   2018 01 10 07:32:34.801    27154.801  0.2560 30.8505 111.1305   6.00   -inf  -nan   9   8  17   8 283.92
    5   2018 01 10 07:49:40.302    28180.302  0.3730 31.0605 110.4405   4.00   -inf  -nan   8   9  17   8 170.49
    6   2018 01 10 10:07:27.874    36447.874  0.2650 31.0505 110.6705   0.00   -inf  -nan   3   2   5   1 200.01
    7   2018 01 10 16:55:34.804    60934.804  0.3133 30.9405 110.8205   8.00   -inf  -nan   3   3   6   2 150.10
    8   2018 01 10 17:41:56.778    63716.778  0.0976 30.8905 111.1305  16.00   -inf  -nan   3   2   5   2 263.35
    9   2018 01 10 21:20:24.572    76824.572  0.2672 30.8605 110.5605   6.00   -inf  -nan  12  12  24  10 145.72
   10   2018 01 10 21:21:10.274    76870.274  0.0738 30.8605 110.5605   8.00   -inf  -nan   3   2   5   2 234.40
   11   2018 01 10 21:22:16.646    76936.646  0.1160 30.8605 110.5605  10.00   -inf  -nan   4   4   8   4 229.14
   12   2018 01 10 21:23:12.653    76992.653  0.3403 30.8605 110.5605   6.00   -inf  -nan  15  14  29  14 145.72
    1   2018 01 11 00:34:08.668     2048.668  0.2485 31.1705 110.1905   0.00   -inf  -nan   3   3   6   3 325.65
    2   2018 01 11 00:45:57.473     2757.473  0.1481 30.8505 111.1305   6.00   -inf  -nan   8   5  13   5 210.25
    3   2018 01 11 03:35:40.153    12940.153  0.2677 30.8405 111.1405   4.00   -inf  -nan  12   9  21   8 219.38
    4   2018 01 11 03:49:06.887    13746.887  0.3942 31.0605 110.4405   4.00   -inf  -nan   5   9  14   5 170.49
    5   2018 01 11 04:29:39.952    16179.952  0.2832 30.9405 110.7805  14.00   -inf  -nan  10  10  20   9  92.21
    6   2018 01 11 04:55:11.246    17711.246  0.2420 30.8605 111.0905   6.00   -inf  -nan   6   6  12   6 128.67
    7   2018 01 11 05:21:00.107    19260.107  0.3084 30.7705 111.2105   6.00   -inf  -nan   8   6  14   5 264.66
    8   2018 01 11 05:28:52.000    19732.000  0.1575 30.7305 111.2005   2.00   -inf  -nan   5   2   7   2 267.06
    9   2018 01 11 06:02:03.662    21723.662  0.4118 31.0605 110.4805   2.00   -inf  -nan  10   2  12   2 161.81
   10   2018 01 11 06:40:57.335    24057.335  0.3516 31.0305 110.4805   0.00   -inf  -nan   4   5   9   4 156.39
   11   2018 01 11 07:41:01.037    27661.037  0.2808 30.9405 110.7605  10.00   -inf  -nan   7   8  15   7 110.97
   12   2018 01 11 08:54:03.475    32043.475  0.3138 30.8105 111.1605   4.00   -inf  -nan  11   9  20   7 238.50
   13   2018 01 11 09:11:13.013    33073.013  0.1156 30.8505 111.1305   6.00   -inf  -nan  10   5  15   5 283.92
   14   2018 01 11 11:21:03.435    40863.435  0.2993 30.9105 110.7605   6.00   -inf  -nan   8   8  16   8 132.42
   15   2018 01 11 11:30:32.379    41432.379  0.1533 30.9005 110.7605   6.00   -inf  -nan   3   2   5   2 223.98
   16   2018 01 11 14:01:12.019    50472.019  0.1658 31.1105 110.2405  12.00   -inf  -nan   4   2   6   2 158.04
   17   2018 01 11 14:43:33.466    53013.466  0.3083 30.9405 110.7805   6.00   -inf  -nan   7   9  16   7  99.00
   18   2018 01 11 16:05:30.151    57930.151  0.4132 30.9405 110.7805  12.00   -inf  -nan  11   7  18   6 108.92
   19   2018 01 11 16:56:16.224    60976.224  0.2135 30.9005 110.7805   6.00   -inf  -nan   4   4   8   3 227.21
   20   2018 01 11 17:11:21.910    61881.910  0.2484 30.9405 110.7605  10.00   -inf  -nan   4   6  10   4 194.83
   21   2018 01 11 17:20:03.677    62403.677  0.1652 30.9405 110.7605  10.00   -inf  -nan   6   5  11   4 110.97
   22   2018 01 11 17:40:19.821    63619.821  0.3871 30.9805 110.7105   6.00   -inf  -nan   3   4   7   1 112.47
   23   2018 01 11 18:23:20.853    66200.853  0.3023 30.9405 110.7805  10.00   -inf  -nan   9  10  19   8 110.23
   24   2018 01 11 18:26:11.901    66371.901  0.2065 30.9405 110.7605  12.00   -inf  -nan  14  12  26  12  77.93
   25   2018 01 11 19:23:45.827    69825.827  0.2021 30.9505 110.7405  12.00   -inf  -nan   3   2   5   2 121.21
   26   2018 01 11 19:52:45.842    71565.842  0.2312 30.9005 110.7805  10.00   -inf  -nan   6   5  11   5 227.21
   27   2018 01 11 20:22:05.845    73325.845  0.1797 30.9005 110.7805   8.00   -inf  -nan   4   5   9   4 227.21
   28   2018 01 11 23:18:52.158    83932.158  0.2759 30.7905 110.7405   4.00   -inf  -nan   3   3   6   3 239.73
    1   2018 01 12 01:50:43.460     6643.460  0.3126 30.8605 110.7605  12.00   -inf  -nan   8   8  16   8 108.57
    2   2018 01 12 01:59:52.187     7192.187  0.1754 30.9505 110.7605  16.00   -inf  -nan   3   2   5   2 146.48
    3   2018 01 12 02:12:37.880     7957.880  0.1760 30.9305 111.2005   2.00   -inf  -nan   4   2   6   2 279.86
    4   2018 01 12 02:51:18.572    10278.572  0.3444 30.8205 111.1305   4.00   -inf  -nan   9   7  16   7 284.81
    5   2018 01 12 03:24:58.406    12298.406  0.1961 30.7405 111.0505   2.00   -inf  -nan   3   2   5   1 273.45
    6   2018 01 12 04:13:17.515    15197.515  0.2999 30.9405 110.7605  10.00   -inf  -nan   7   9  16   7  77.93
    7   2018 01 12 04:46:35.142    17195.142  0.2397 30.9405 110.7605  10.00   -inf  -nan   7  10  17   7  77.93
    8   2018 01 12 05:01:59.416    18119.416  0.1693 30.9305 111.1705   0.00   -inf  -nan   4   2   6   2 146.89
    9   2018 01 12 06:44:15.991    24255.991  0.2594 30.9705 109.9505   4.00   -inf  -nan   5   5  10   4 326.80
   10   2018 01 12 07:25:39.695    26739.695  0.2357 30.9205 110.1305   2.00   -inf  -nan   4   5   9   3 299.32
   11   2018 01 12 07:43:16.996    27796.996  0.2492 30.9405 110.7605  10.00   -inf  -nan   9   9  18   9 110.97
   12   2018 01 12 08:46:58.602    31618.602  0.1372 30.8505 111.1305   6.00   -inf  -nan   6   5  11   5 210.75
   13   2018 01 12 09:38:27.090    34707.090  0.2833 30.8205 110.9505   2.00   -inf  -nan  12   6  18   6 127.33
   14   2018 01 12 09:40:10.479    34810.479  0.2723 31.1305 110.0305   4.00   -inf  -nan  13   4  17   4 297.25
   15   2018 01 12 09:58:34.198    35914.198  0.1699 31.1305 110.1905  16.00   -inf  -nan   5   3   8   3 272.03
   16   2018 01 12 11:54:39.146    42879.146  0.2087 30.8905 110.8005   4.00   -inf  -nan   3   2   5   2 183.67
   17   2018 01 12 14:49:22.316    53362.316  0.4850 31.1305 110.5905   6.00   -inf  -nan   6   3   9   2 200.06
   18   2018 01 12 15:05:06.564    54306.564  0.3431 30.9405 110.7805  12.00   -inf  -nan  15  14  29  14  92.21
   19   2018 01 12 15:52:26.464    57146.464  0.3588 31.1405 110.4005   0.00   -inf  -nan   5   7  12   5 228.97
   20   2018 01 12 17:25:32.089    62732.089  0.3822 31.0605 110.4405   6.00   -inf  -nan   7   8  15   7 170.49
   21   2018 01 12 19:42:17.922    70937.922  0.2013 30.9405 110.7605  12.00   -inf  -nan   4   5   9   3 110.97
   22   2018 01 12 21:26:53.221    77213.221  0.3755 31.0505 110.4705   0.00   -inf  -nan   8   8  16   7 159.22
   23   2018 01 12 22:35:35.756    81335.756  0.2704 30.9405 110.7805  12.00   -inf  -nan  10  11  21  10  92.21
   24   2018 01 12 23:45:13.207    85513.207  0.3133 30.8505 111.1705   8.00   -inf  -nan  12   5  17   5 231.43
    1   2018 01 13 00:09:00.238      540.238  0.3498 31.1305 110.1905   6.00   -inf  -nan  16  15  31  15 262.03
    2   2018 01 13 00:40:58.175     2458.175  0.2543 30.9405 110.7605  10.00   -inf  -nan   7   8  15   7 110.97
    3   2018 01 13 03:26:37.000    12397.000  0.3177 30.6705 111.0605   0.00   -inf  -nan  10  10  20  10 253.11
    4   2018 01 13 03:51:40.353    13900.353  0.1971 30.9405 110.7605  10.00   -inf  -nan   3   3   6   2 161.80
    5   2018 01 13 04:23:15.383    15795.383  0.2590 30.7705 111.1705   8.00   -inf  -nan   6   5  11   4 263.48
    6   2018 01 13 04:29:11.657    16151.657  0.2787 30.7305 111.2105   2.00   -inf  -nan   9   2  11   1 269.60
    7   2018 01 13 04:33:36.243    16416.243  0.2075 30.7305 111.2105   2.00   -inf  -nan   8   2  10   1 269.60
    8   2018 01 13 05:35:45.782    20145.782  0.3420 31.0405 110.4505   2.00   -inf  -nan   5   5  10   3 182.48
    9   2018 01 13 05:50:56.619    21056.619  0.3850 31.0205 110.4405   4.00   -inf  -nan   9   6  15   4 142.48
   10   2018 01 13 06:15:17.426    22517.426  0.3615 30.8105 111.1705   6.00   -inf  -nan   9   5  14   5 242.73
   11   2018 01 13 06:38:42.063    23922.063  0.0440 30.9005 110.7205  16.00   -inf  -nan   3   2   5   2 300.28
   12   2018 01 13 06:53:09.843    24789.843  0.2358 30.9405 110.7605  10.00   -inf  -nan   9  11  20   9  77.93
   13   2018 01 13 06:55:34.475    24934.475  0.2218 30.9405 110.7805  10.00   -inf  -nan   6   5  11   5 110.23
   14   2018 01 13 07:40:03.449    27603.449  0.2446 30.8705 110.9005   0.00   -inf  -nan  12   6  18   6  67.10
   15   2018 01 13 07:42:25.522    27745.522  0.1761 30.9705 109.9905   0.00   -inf  -nan   4   2   6   2 289.06
   16   2018 01 13 08:21:02.875    30062.875  0.3952 31.1005 110.2405   0.00   -inf  -nan   9  10  19   8 149.04
   17   2018 01 13 08:43:58.793    31438.793  0.3396 30.9005 110.7205   2.00   -inf  -nan  13   7  20   6  94.62
   18   2018 01 13 11:46:59.391    42419.391  0.3650 30.9805 110.8205  10.00   -inf  -nan   5   4   9   4 144.98
   19   2018 01 13 14:13:50.699    51230.699  0.2660 30.9505 110.7605  12.00   -inf  -nan  13  13  26  13  87.10
   20   2018 01 13 14:17:23.395    51443.395  0.4856 30.9405 110.7405  12.00   -inf  -nan  11  10  21  10  64.82
   21   2018 01 13 14:18:04.786    51484.786  0.4971 30.9405 110.7405  12.00   -inf  -nan  10  10  20   9  64.82
   22   2018 01 13 18:00:15.775    64815.775  0.2145 30.6905 110.9305  10.00   -inf  -nan   7   5  12   5 232.48
   23   2018 01 13 19:08:16.097    68896.097  0.3075 31.0305 110.2005   6.00   -inf  -nan   5   5  10   4 219.13
   24   2018 01 13 19:24:16.940    69856.940  0.2864 31.0905 110.1505   2.00   -inf  -nan   7   7  14   7 275.81
   25   2018 01 13 19:29:01.857    70141.857  0.3413 31.0105 110.4705   8.00   -inf  -nan  18  14  32  14  99.33
   26   2018 01 13 19:43:50.718    71030.718  0.3092 31.0105 110.4705   0.00   -inf  -nan   9   7  16   6 131.60
   27   2018 01 13 20:27:33.603    73653.603  0.1573 31.0205 110.4805   0.00   -inf  -nan   5   4   9   3 135.90
   28   2018 01 13 20:54:52.890    75292.890  0.4808 31.0505 110.4705   8.00   -inf  -nan   5   6  11   5 159.22
   29   2018 01 13 21:12:03.582    76323.582  0.2383 30.9405 110.7605  14.00   -inf  -nan   3   2   5   2 194.83
   30   2018 01 13 21:40:46.350    78046.350  0.2549 31.0605 110.4405   4.00   -inf  -nan   4   3   7   3 216.40
   31   2018 01 13 21:49:13.117    78553.117  0.2413 31.0505 110.1905   4.00   -inf  -nan   6   6  12   5 177.95
   32   2018 01 13 23:06:37.959    83197.959  0.3190 30.9405 110.7605   8.00   -inf  -nan  17  15  32  15  64.29
   33   2018 01 13 23:40:00.461    85200.461  0.3259 30.8105 111.1605   4.00   -inf  -nan  13   7  20   7 238.50
    1   2018 01 14 01:06:15.330     3975.330  0.1561 30.9305 111.2005   4.00   -inf  -nan   4   2   6   2 279.86
    2   2018 01 14 01:39:24.453     5964.453  0.2237 30.8505 111.1305   4.00   -inf  -nan  11   8  19   8 210.25
    3   2018 01 14 03:55:33.265    14133.265  0.3380 30.8905 111.0405   4.00   -inf  -nan   7   6  13   6 162.54
    4   2018 01 14 04:07:41.299    14861.299  0.1470 30.8905 111.0405   4.00   -inf  -nan   7   3  10   3 162.54
    5   2018 01 14 04:54:22.989    17662.989  0.2869 31.2805 110.8605   2.00   -inf  -nan   6   7  13   3 286.40
    6   2018 01 14 06:37:19.693    23839.693  0.1930 30.9405 110.7805  10.00   -inf  -nan   6   6  12   5 110.23
    7   2018 01 14 06:41:00.510    24060.510  0.3006 31.1405 110.3605   0.00   -inf  -nan   6   6  12   2 145.48
    8   2018 01 14 06:46:25.671    24385.671  0.4762 31.1705 110.3505   2.00   -inf  -nan   6   8  14   4 231.06
    9   2018 01 14 06:58:53.416    25133.416  0.3285 31.2105 110.3505   0.00   -inf  -nan   6   4  10   1 253.60
   10   2018 01 14 07:17:01.671    26221.671  0.3160 30.9905 110.8005   0.00   -inf  -nan  13   9  22   8  67.62
   11   2018 01 14 08:21:25.319    30085.319  0.3930 30.9005 110.7405  14.00   -inf  -nan   6   6  12   6 143.21
   12   2018 01 14 08:51:18.810    31878.810  0.2310 30.9405 110.7605  10.00   -inf  -nan   8   9  17   8 110.97
   13   2018 01 14 08:55:02.268    32102.268  0.2096 30.8505 111.1305   6.00   -inf  -nan   5   4   9   4 210.75
   14   2018 01 14 09:20:09.835    33609.835  0.2242 30.9405 110.7605  10.00   -inf  -nan  10  10  20   9  77.93
   15   2018 01 14 09:21:30.521    33690.521  0.1493 30.9405 110.7605  12.00   -inf  -nan   3   5   8   3 110.97
   16   2018 01 14 09:37:30.047    34650.047  0.2881 30.9505 110.8605   4.00   -inf  -nan  18   8  26   8  58.92
   17   2018 01 14 10:16:11.715    36971.715  0.2973 30.9405 110.7605  12.00   -inf  -nan  10   9  19   8  77.93
   18   2018 01 14 10:25:38.302    37538.302  0.2813 30.9405 110.7605  10.00   -inf  -nan  15  14  29  13  77.93
   19   2018 01 14 10:32:03.911    37923.911  0.2284 30.9405 110.7605   8.00   -inf  -nan   6   6  12   6 110.97
   20   2018 01 14 10:35:56.154    38156.154  0.2729 31.0505 110.0305   6.00   -inf  -nan   9   8  17   8 264.99
   21   2018 01 14 10:56:19.663    39379.663  0.2726 30.9405 110.7605  10.00   -inf  -nan   7   8  15   7 110.97
   22   2018 01 14 10:56:53.886    39413.886  0.2287 30.9405 110.7605  12.00   -inf  -nan   7   5  12   5 110.97
   23   2018 01 14 11:34:50.753    41690.753  0.3025 30.9405 110.7805  10.00   -inf  -nan   8   9  17   8  92.21
   24   2018 01 14 12:17:16.692    44236.692  0.2967 30.9405 110.7605  10.00   -inf  -nan  17  16  33  16  64.29
   25   2018 01 14 12:17:30.453    44250.453  0.2307 30.9405 110.7805  10.00   -inf  -nan   5   2   7   2 165.87
   26   2018 01 14 12:18:19.188    44299.188  0.2093 30.9405 110.7605  10.00   -inf  -nan  13  12  25  12  77.93
   27   2018 01 14 12:19:08.482    44348.482  0.1792 30.9405 110.7605  10.00   -inf  -nan   8   8  16   8 110.97
   28   2018 01 14 12:20:36.447    44436.447  0.2435 30.9405 110.7605  10.00   -inf  -nan  17  15  32  15  64.29
   29   2018 01 14 12:22:34.668    44554.668  0.2900 30.9405 110.7605  10.00   -inf  -nan   8  10  18   8  77.93
   30   2018 01 14 13:52:31.427    49951.427  0.2339 30.9405 110.7605  10.00   -inf  -nan   5   6  11   5 194.83
   31   2018 01 14 14:29:05.872    52145.872  0.2824 30.9305 110.7605  10.00   -inf  -nan  16  14  30  14  71.26
   32   2018 01 14 14:37:29.641    52649.641  0.2273 30.9405 110.7605  12.00   -inf  -nan   3   3   6   3 194.83
   33   2018 01 14 14:56:36.900    53796.900  0.3767 30.9405 110.7705  20.00   -inf  -nan   5   6  11   5  98.51
   34   2018 01 14 15:31:34.898    55894.898  0.1502 31.0905 110.9205  14.00   -inf  -nan   3   2   5   2 265.68
   35   2018 01 14 15:46:30.830    56790.830  0.1757 30.9405 110.7605  10.00   -inf  -nan   5   5  10   3 110.97
   36   2018 01 14 16:48:35.321    60515.321  0.3701 31.1805 110.2505  18.00   -inf  -nan   4   2   6   1 148.70
   37   2018 01 14 17:22:40.763    62560.763  0.2585 30.9405 110.7605  10.00   -inf  -nan   5   9  14   5  77.93
   38   2018 01 14 20:49:17.959    74957.959  0.1739 30.9505 110.7805  10.00   -inf  -nan   3   4   7   2 141.27
    1   2018 01 15 00:08:21.280      501.280  0.2277 30.9405 110.7805  10.00   -inf  -nan  10   9  19   9  92.21
    2   2018 01 15 00:17:00.935     1020.935  0.3127 31.1105 110.2005   8.00   -inf  -nan  16  16  32  16 176.43
    3   2018 01 15 00:22:24.665     1344.665  0.3383 31.0905 110.2105   6.00   -inf  -nan   8  13  21   8 202.33
    4   2018 01 15 01:04:24.239     3864.239  0.2823 31.1205 110.2105   4.00   -inf  -nan   7   6  13   5 169.90
    5   2018 01 15 01:12:24.999     4344.999  0.3556 31.0905 110.1905   8.00   -inf  -nan  11  11  22   9 224.17
    6   2018 01 15 01:28:40.091     5320.091  0.4211 30.9705 111.0005  14.00   -inf  -nan   3   2   5   2 202.04
    7   2018 01 15 01:35:34.168     5734.168  0.2646 31.0505 110.1905   6.00   -inf  -nan   6   7  13   6 177.95
    8   2018 01 15 03:08:06.413    11286.413  0.1944 30.8505 111.1305   6.00   -inf  -nan   9   7  16   6 210.25
    9   2018 01 15 03:50:25.495    13825.495  0.2123 30.7705 111.1705   6.00   -inf  -nan   6   3   9   3 251.57
   10   2018 01 15 04:01:49.651    14509.651  0.2088 30.8505 110.8905  10.00   -inf  -nan   4   2   6   2 228.62
   11   2018 01 15 04:16:30.586    15390.586  0.3668 30.9805 110.5005   0.00   -inf  -nan   9   7  16   7 100.66
   12   2018 01 15 04:46:14.558    17174.558  0.1933 30.9405 110.7805  10.00   -inf  -nan   7   7  14   7 146.46
   13   2018 01 15 05:04:30.826    18270.826  0.3841 31.1405 110.8705   6.00   -inf  -nan  14   9  23   8 202.61
   14   2018 01 15 05:25:19.841    19519.841  0.1600 30.8505 111.1305   6.00   -inf  -nan   5   5  10   5 210.75
   15   2018 01 15 05:28:06.500    19686.500  0.3725 31.1205 110.0505  12.00   -inf  -nan   3   3   6   2 261.22
   16   2018 01 15 05:43:06.365    20586.365  0.1910 30.9405 110.7605  10.00   -inf  -nan   6   7  13   6 144.50
   17   2018 01 15 05:56:34.699    21394.699  0.2183 30.8805 110.3305  18.00   -inf  -nan   3   4   7   2 238.96
   18   2018 01 15 06:04:21.495    21861.495  0.2172 30.9605 109.9705   8.00   -inf  -nan   9   5  14   5 295.22
   19   2018 01 15 07:05:03.268    25503.268  0.1363 30.9405 110.7605  10.00   -inf  -nan   6   6  12   5 110.97
   20   2018 01 15 10:09:31.309    36571.309  0.3459 31.0605 110.4405   8.00   -inf  -nan   7   5  12   5 170.49
   21   2018 01 15 10:10:07.251    36607.251  0.1890 30.8305 110.9405   0.00   -inf  -nan   9   4  13   4 108.73
   22   2018 01 15 13:18:32.526    47912.526  0.2037 30.9305 111.1705   0.00   -inf  -nan   4   2   6   2 146.89
   23   2018 01 15 13:54:46.553    50086.553  0.2695 31.0105 110.3705   6.00   -inf  -nan   5   6  11   5 139.19
   24   2018 01 15 16:08:42.485    58122.485  0.3875 31.0205 110.4605  10.00   -inf  -nan  12  14  26  11 105.36
   25   2018 01 15 20:26:29.619    73589.619  0.2434 31.0505 110.0705   0.00   -inf  -nan   6   5  11   4 248.61
   26   2018 01 15 22:09:04.465    79744.465  0.1591 30.9605 110.0105  14.00   -inf  -nan   3   2   5   2 318.27
   27   2018 01 15 23:58:50.455    86330.455  0.1954 31.0505 110.2705   8.00   -inf  -nan   3   3   6   3 230.62
    1   2018 01 16 00:07:38.094      458.094  0.4569 31.0805 110.0105   6.00   -inf  -nan   6   4  10   4 309.58
    2   2018 01 16 03:16:37.576    11797.576  0.2886 30.8105 111.1705   2.00   -inf  -nan  12   8  20   8 242.73
    3   2018 01 16 04:56:25.964    17785.964  0.3829 31.2405 110.9405   8.00   -inf  -nan  18  17  35  17 236.40
    4   2018 01 16 05:56:29.514    21389.514  0.2988 31.1805 110.3705   0.00   -inf  -nan   7   4  11   4 177.80
    5   2018 01 16 06:18:08.815    22688.815  0.2489 31.1305 110.3905  16.00   -inf  -nan   4   2   6   2 163.40
    6   2018 01 16 07:26:55.739    26815.739  0.3119 31.2205 110.9505  10.00   -inf  -nan  11  10  21  10 249.16
    7   2018 01 16 08:32:10.483    30730.483  0.4099 30.8105 111.1705   8.00   -inf  -nan   9   6  15   5 242.73
    8   2018 01 16 08:46:33.575    31593.575  0.2894 31.0905 110.1905   0.00   -inf  -nan   4   3   7   3 264.28
    9   2018 01 16 09:12:07.703    33127.703  0.3146 31.0505 111.3205  14.00   -inf  -nan   7   2   9   1 297.60
   10   2018 01 16 10:21:04.696    37264.696  0.4607 31.2405 110.9405   8.00   -inf  -nan  10  13  23   9 251.84
   11   2018 01 16 11:03:16.120    39796.120  0.3013 31.0305 110.6005   4.00   -inf  -nan   5   5  10   4 128.55
   12   2018 01 16 12:20:42.241    44442.241  0.1007 31.2405 110.9405   6.00   -inf  -nan   3   3   6   2 294.03
   13   2018 01 16 13:19:13.046    47953.046  0.2878 31.0905 110.1905   6.00   -inf  -nan   8   8  16   8 181.48
   14   2018 01 16 15:48:14.641    56894.641  0.3559 31.2505 110.9605   8.00   -inf  -nan  15  16  31  15 255.20
   15   2018 01 16 15:53:32.890    57212.890  0.2679 30.9405 110.7805  12.00   -inf  -nan   8   8  16   8 120.33
   16   2018 01 16 16:10:45.718    58245.718  0.2962 31.0605 110.8205   0.00   -inf  -nan  15  16  31  14 109.59
   17   2018 01 16 16:26:51.006    59211.006  0.2423 30.9405 110.7605  10.00   -inf  -nan  16  15  31  15  77.93
   18   2018 01 16 16:35:12.324    59712.324  0.3222 30.9505 110.7605  14.00   -inf  -nan   5   6  11   4 119.47
   19   2018 01 16 16:54:32.754    60872.754  0.1900 30.9405 110.7805  10.00   -inf  -nan   8   7  15   7 110.23
   20   2018 01 16 18:04:55.827    65095.827  0.1545 31.0905 110.1905   0.00   -inf  -nan   5   5  10   4 181.48
   21   2018 01 16 18:14:15.970    65655.970  0.2595 30.9405 110.7805  14.00   -inf  -nan   6   6  12   6 146.36
   22   2018 01 16 18:50:34.707    67834.707  0.3195 31.1405 110.3205   2.00   -inf  -nan   6   2   8   2 172.20
   23   2018 01 16 18:51:38.103    67898.103  0.2413 31.1705 110.1505   8.00   -inf  -nan   3   4   7   3 229.78
   24   2018 01 16 19:36:44.442    70604.442  0.2623 30.9405 110.7805  14.00   -inf  -nan   5   6  11   5 146.36
   25   2018 01 16 19:58:51.786    71931.786  0.2404 30.9405 110.7805  14.00   -inf  -nan  12  12  24  11  92.21
   26   2018 01 16 20:32:43.860    73963.860  0.3787 30.9505 110.8205   2.00   -inf  -nan   3   5   8   3 112.54
   27   2018 01 16 20:57:24.558    75444.558  0.2516 30.9405 110.7805  14.00   -inf  -nan   9   9  18   8  92.21
   28   2018 01 16 21:25:35.323    77135.323  0.2731 30.9505 110.7805  12.00   -inf  -nan   4   5   9   4 167.27
   29   2018 01 16 21:48:46.848    78526.848  0.2409 30.9405 110.7805  14.00   -inf  -nan  10  11  21   8  92.21
   30   2018 01 16 22:31:50.032    81110.032  0.2524 30.9405 110.7805  12.00   -inf  -nan  13  11  24  11  92.21
   31   2018 01 16 22:51:29.315    82289.315  0.2781 31.1005 110.2005   0.00   -inf  -nan   7   5  12   5 175.64
    1   2018 01 17 00:02:40.365      160.365  0.2954 30.9405 110.7805  10.00   -inf  -nan   6   7  13   6  99.00
    2   2018 01 17 00:33:53.935     2033.935  0.2122 30.9405 110.7805  12.00   -inf  -nan  11   9  20   9 110.23
    3   2018 01 17 01:21:28.069     4888.069  0.2166 30.8505 111.1305   6.00   -inf  -nan   9   7  16   7 210.25
    4   2018 01 17 01:59:26.718     7166.718  0.1786 30.7005 110.8905   8.00   -inf  -nan   3   3   6   3 225.05
    5   2018 01 17 03:00:11.701    10811.701  0.2425 30.7305 111.0505   0.00   -inf  -nan   4   3   7   3 249.61
    6   2018 01 17 03:03:13.128    10993.128  0.1886 30.9605 109.9705   6.00   -inf  -nan   9   7  16   6 287.66
    7   2018 01 17 03:27:11.449    12431.449  0.2475 31.2405 110.0505   0.00   -inf  -nan   9   6  15   5 296.31
    8   2018 01 17 03:49:43.197    13783.197  0.2420 30.9405 110.7805  14.00   -inf  -nan   5   7  12   5 146.46
    9   2018 01 17 04:48:12.413    17292.413  0.3164 30.9905 110.8005   0.00   -inf  -nan  13   7  20   7 122.96
   10   2018 01 17 05:40:28.253    20428.253  0.2723 30.8705 110.9005   0.00   -inf  -nan   6   2   8   1 127.81
   11   2018 01 17 07:18:01.456    26281.456  0.1263 30.8805 110.1705  16.00   -inf  -nan   3   2   5   2 273.78
   12   2018 01 17 09:14:45.607    33285.607  0.2674 30.8605 111.1905   8.00   -inf  -nan   4   3   7   3 243.51
   13   2018 01 17 09:29:50.192    34190.192  0.2508 31.3405 110.2905   0.00   -inf  -nan   9   2  11   2 266.67
   14   2018 01 17 10:15:19.869    36919.869  0.3426 30.8105 111.1705   4.00   -inf  -nan   8   8  16   7 242.73
   15   2018 01 17 15:01:36.751    54096.751  0.2631 30.9405 110.7405   8.00   -inf  -nan   3   2   5   2 245.54
   16   2018 01 17 17:36:54.622    63414.622  0.3430 30.9405 110.7405  10.00   -inf  -nan   5   8  13   4  80.32
   17   2018 01 17 19:59:40.725    71980.725  0.2015 30.9405 110.7805  10.00   -inf  -nan   7   8  15   7 110.23
   18   2018 01 17 22:01:59.701    79319.701  0.4168 30.9405 110.7305  10.00   -inf  -nan   4   7  11   4 109.50
   19   2018 01 17 23:57:08.197    86228.197  0.2839 30.9405 110.7805  10.00   -inf  -nan  12  11  23  11  92.21
    1   2018 01 18 00:48:49.578     2929.578  0.2619 31.0205 110.3205   0.00   -inf  -nan   3   5   8   3 159.72
    2   2018 01 18 02:34:41.560     9281.560  0.1422 30.8505 111.1305   6.00   -inf  -nan  12   6  18   6 210.25
    3   2018 01 18 04:34:16.910    16456.910  0.2282 31.0205 110.1205   0.00   -inf  -nan   3   5   8   3 224.11
    4   2018 01 18 04:55:58.363    17758.363  0.2364 30.8405 110.2505   0.00   -inf  -nan   3   4   7   3 247.02
    5   2018 01 18 05:16:57.777    19017.777  0.2316 30.7805 110.7805  12.00   -inf  -nan   8  10  18   8 116.12
    6   2018 01 18 06:21:33.665    22893.665  0.3415 30.9405 110.7405  10.00   -inf  -nan   4   7  11   4 110.40
    7   2018 01 18 06:31:35.526    23495.526  0.3158 30.8605 110.1805   2.00   -inf  -nan   3   2   5   1 270.58
    8   2018 01 18 06:36:03.584    23763.584  0.3084 30.8005 110.2105   2.00   -inf  -nan   3   3   6   2 278.44
    9   2018 01 18 07:39:59.146    27599.146  0.2825 30.8905 111.0405   4.00   -inf  -nan   6   3   9   3  98.74
   10   2018 01 18 07:45:15.867    27915.867  0.2518 30.8305 110.9405   0.00   -inf  -nan  12   8  20   8 108.73
   11   2018 01 18 08:38:21.309    31101.309  0.3001 30.8705 111.0205  14.00   -inf  -nan   3   2   5   1 127.51
   12   2018 01 18 08:54:38.044    32078.044  0.2716 31.0305 110.4805  10.00   -inf  -nan   6   2   8   2  98.79
   13   2018 01 18 09:11:05.015    33065.015  0.2254 30.8305 110.9405   0.00   -inf  -nan   6   5  11   5 108.73
   14   2018 01 18 09:43:16.927    34996.927  0.1925 30.9705 111.1705   0.00   -inf  -nan   3   3   6   3 266.63
   15   2018 01 18 09:50:05.231    35405.231  0.2478 30.9405 110.8005  14.00   -inf  -nan   3   4   7   3 212.76
   16   2018 01 18 13:15:45.204    47745.204  0.2160 30.8205 110.6405   6.00   -inf  -nan   3   3   6   3 297.31
   17   2018 01 18 16:16:20.035    58580.035  0.2206 30.9005 110.8205   8.00   -inf  -nan   3   2   5   2 183.05
   18   2018 01 18 16:41:37.990    60097.990  0.2463 30.9405 110.7805  10.00   -inf  -nan   7   8  15   7 110.23
   19   2018 01 18 17:16:26.196    62186.196  0.3781 30.9505 110.7805  14.00   -inf  -nan  17  13  30  13 102.85
   20   2018 01 18 17:42:17.460    63737.460  0.3990 31.0605 110.1705  10.00   -inf  -nan  12  11  23  11 191.86
   21   2018 01 18 18:05:38.003    65138.003  0.2777 30.9305 110.7705  12.00   -inf  -nan  14  14  28  14  78.07
   22   2018 01 18 18:21:46.370    66106.370  0.2293 30.9405 110.7805  10.00   -inf  -nan   9  10  19   9  92.21
   23   2018 01 18 19:17:34.066    69454.066  0.2611 31.0505 110.4305  14.00   -inf  -nan   6   4  10   4 102.66
   24   2018 01 18 19:34:17.162    70457.162  0.3736 30.9705 110.7705  12.00   -inf  -nan  14  12  26  11 112.47
   25   2018 01 18 19:35:01.130    70501.130  0.2742 30.9305 110.7705  12.00   -inf  -nan  11  12  23  11  78.07
   26   2018 01 18 20:40:37.607    74437.607  0.2460 31.0905 110.1805   6.00   -inf  -nan   4   3   7   3 254.06
   27   2018 01 18 21:08:11.661    76091.661  0.2343 31.1705 110.3405   0.00   -inf  -nan   5   3   8   3 252.38
   28   2018 01 18 21:21:46.353    76906.353  0.2499 31.0805 110.1705   8.00   -inf  -nan   9   6  15   6 254.55
    1   2018 01 19 00:29:39.117     1779.117  0.2930 31.0605 110.4805   0.00   -inf  -nan   3   4   7   3 237.51
    2   2018 01 19 01:43:20.395     6200.395  0.2815 30.8505 111.1705   6.00   -inf  -nan  11   7  18   6 291.45
    3   2018 01 19 02:28:27.782     8907.782  0.2125 30.9105 110.7805   8.00   -inf  -nan   4   5   9   4 129.64
    4   2018 01 19 02:38:03.246     9483.246  0.3092 30.9405 110.8005  12.00   -inf  -nan   4   5   9   4 108.46
    5   2018 01 19 03:44:51.503    13491.503  0.3095 31.0505 110.1505   8.00   -inf  -nan   7   6  13   5 204.15
    6   2018 01 19 06:25:57.794    23157.794  0.3376 30.6905 111.0905   0.00   -inf  -nan   4   4   8   4 302.96
    7   2018 01 19 06:28:24.459    23304.459  0.3228 31.0905 110.1905   2.00   -inf  -nan   3   6   9   3 181.48
    8   2018 01 19 07:45:31.328    27931.328  0.2432 30.8505 111.1305   4.00   -inf  -nan  10   6  16   6 210.75
    9   2018 01 19 08:07:51.301    29271.301  0.1552 31.0005 109.9705   2.00   -inf  -nan   3   2   5   1 314.79
   10   2018 01 19 08:10:54.005    29454.005  0.1359 30.8705 110.7405   0.00   -inf  -nan   3   3   6   3 195.58
   11   2018 01 19 09:49:52.912    35392.912  0.4083 30.9305 110.7905   0.00   -inf  -nan   3   4   7   1 134.07
   12   2018 01 19 09:54:57.126    35697.126  0.2618 30.8905 111.0905   4.00   -inf  -nan   5   5  10   5 216.17
   13   2018 01 19 10:12:19.104    36739.104  0.2919 30.9105 110.7205  12.00   -inf  -nan  14   7  21   7  92.05
   14   2018 01 19 11:31:15.194    41475.194  0.1619 30.9005 110.8005   0.00   -inf  -nan   3   2   5   1 230.79
   15   2018 01 19 12:31:20.916    45080.916  0.3752 31.0505 110.4605   6.00   -inf  -nan  12  12  24  11 111.60
   16   2018 01 19 14:48:09.205    53289.205  0.2523 30.9405 110.7805  12.00   -inf  -nan  10   9  19   9  92.21
   17   2018 01 19 15:13:15.557    54795.557  0.2344 30.9405 110.7805  10.00   -inf  -nan  10  10  20  10  92.21
   18   2018 01 19 17:37:53.618    63473.618  0.1308 31.0105 110.1105   6.00   -inf  -nan   5   6  11   5 231.77
   19   2018 01 19 18:07:24.006    65244.006  0.2372 31.0505 110.2705  10.00   -inf  -nan   3   3   6   3 163.85
   20   2018 01 19 18:14:27.141    65667.141  0.2546 30.9305 111.2005   4.00   -inf  -nan   3   2   5   2 279.86
   21   2018 01 19 18:17:29.381    65849.381  0.4447 30.9405 110.7405  12.00   -inf  -nan   3   8  11   3  67.18
   22   2018 01 19 19:09:24.822    68964.822  0.3784 30.9405 110.7405   8.00   -inf  -nan   4   7  11   3  67.18
   23   2018 01 19 19:25:04.184    69904.184  0.2332 31.1805 110.2105  16.00   -inf  -nan   3   2   5   2 186.71
   24   2018 01 19 22:51:55.596    82315.596  0.2755 31.2105 110.3405   2.00   -inf  -nan   3   4   7   2 204.57
   25   2018 01 19 23:31:51.789    84711.789  0.4723 30.9505 110.7405  10.00   -inf  -nan   4   6  10   3  77.45
    1   2018 01 20 00:43:33.114     2613.114  0.3068 30.8205 111.1705   4.00   -inf  -nan  11   5  16   5 240.25
    2   2018 01 20 00:43:42.716     2622.716  0.1696 31.0205 110.3605   8.00   -inf  -nan   5   4   9   3 105.34
    3   2018 01 20 03:48:15.579    13695.579  0.3745 30.9005 110.7205  10.00   -inf  -nan  11   7  18   6  94.62
    4   2018 01 20 04:44:14.954    17054.954  0.1295 30.8505 111.1705  14.00   -inf  -nan   3   3   6   2 320.06
    5   2018 01 20 05:59:40.261    21580.261  0.4747 30.7405 110.9305   6.00   -inf  -nan   8   9  17   7 207.91
    6   2018 01 20 06:23:07.703    22987.703  0.4136 30.7405 110.9305   4.00   -inf  -nan   9   8  17   7 207.91
    7   2018 01 20 07:37:56.854    27476.854  0.3708 31.0205 110.6205   4.00   -inf  -nan   3   2   5   2 242.61
    8   2018 01 20 07:51:22.500    28282.500  0.1354 31.1305 110.0705   0.00   -inf  -nan   3   2   5   2 292.31
    9   2018 01 20 08:42:47.749    31367.749  0.2610 31.0005 109.9705   2.00   -inf  -nan   5   2   7   2 314.79
   10   2018 01 20 08:50:43.378    31843.378  0.4387 30.7005 110.9705   2.00   -inf  -nan   4   4   8   2 297.05
   11   2018 01 20 09:15:10.567    33310.567  0.2733 30.8505 111.1305   4.00   -inf  -nan  10   9  19   9 210.25
   12   2018 01 20 11:00:44.551    39644.551  0.3336 30.9305 110.8005  16.00   -inf  -nan   8   8  16   8 114.09
   13   2018 01 20 11:32:56.315    41576.315  0.2961 30.9705 111.2005   2.00   -inf  -nan   3   3   6   3 295.63
   14   2018 01 20 11:40:19.841    42019.841  0.3162 30.9405 110.7805  10.00   -inf  -nan  13  14  27  12  92.21
   15   2018 01 20 13:13:35.170    47615.170  0.1822 30.9505 110.8005  10.00   -inf  -nan   3   2   5   2 186.60
   16   2018 01 20 14:31:05.988    52265.988  0.1894 30.9405 110.7805  14.00   -inf  -nan   5   5  10   5 177.28
   17   2018 01 20 14:46:56.834    53216.834  0.3049 30.9505 110.8005   8.00   -inf  -nan   8   8  16   8 103.11
   18   2018 01 20 14:52:00.933    53520.933  0.2605 30.9405 110.7805  14.00   -inf  -nan   7   8  15   6  92.21
   19   2018 01 20 14:58:22.362    53902.362  0.2169 30.9405 110.7805  12.00   -inf  -nan  12  12  24  12  92.21
   20   2018 01 20 15:05:16.377    54316.377  0.2395 30.9405 110.7805  14.00   -inf  -nan  11  12  23  11  92.21
   21   2018 01 20 15:17:24.492    55044.492  0.3232 30.9505 110.8005  12.00   -inf  -nan   9   9  18   8 102.14
   22   2018 01 20 16:16:32.630    58592.630  0.2842 30.9405 110.7805  12.00   -inf  -nan   6   8  14   6 110.23
   23   2018 01 20 16:41:08.243    60068.243  0.2221 30.9405 110.7805  10.00   -inf  -nan   7  10  17   7  92.21
   24   2018 01 20 16:50:36.710    60636.710  0.2162 30.9405 110.7605  12.00   -inf  -nan  13  11  24  11  77.93
   25   2018 01 20 17:43:06.633    63786.633  0.2487 30.9005 110.7905   8.00   -inf  -nan   4   4   8   3 228.95
   26   2018 01 20 17:55:37.295    64537.295  0.2139 30.9405 110.7805  10.00   -inf  -nan   3   4   7   3 236.87
   27   2018 01 20 17:56:53.623    64613.623  0.1473 30.9405 110.7805  10.00   -inf  -nan   3   3   6   3 236.87
   28   2018 01 20 18:05:44.373    65144.373  0.1848 30.9305 110.7905  12.00   -inf  -nan  10  11  21   9  88.07
   29   2018 01 20 18:14:33.065    65673.065  0.2681 30.8705 110.8205   6.00   -inf  -nan   6   6  12   6 109.84
   30   2018 01 20 18:40:51.781    67251.781  0.1190 31.1305 110.0705   2.00   -inf  -nan   3   2   5   2 322.55
   31   2018 01 20 18:46:33.596    67593.596  0.2093 30.9405 110.8105  14.00   -inf  -nan   4   5   9   4 137.90
   32   2018 01 20 18:49:34.738    67774.738  0.3791 30.9405 110.7605  16.00   -inf  -nan  18  15  33  15  77.94
   33   2018 01 20 18:58:46.782    68326.782  0.3103 30.9405 110.7605   6.00   -inf  -nan  12  12  24  11  77.93
   34   2018 01 20 19:50:03.807    71403.807  0.3971 31.0605 110.2105   4.00   -inf  -nan   8   8  16   8 165.91
   35   2018 01 20 20:12:13.641    72733.641  0.1930 30.9405 110.8105  14.00   -inf  -nan   3   3   6   3 257.88
   36   2018 01 20 20:29:21.504    73761.504  0.2145 30.9405 110.7805  14.00   -inf  -nan   5   5  10   4 110.23
   37   2018 01 20 21:24:26.310    77066.310  0.1937 30.9405 110.7805  12.00   -inf  -nan   5   4   9   4 177.28
   38   2018 01 20 21:35:35.194    77735.194  0.2940 30.9405 110.7805  14.00   -inf  -nan   4   5   9   3 146.36
   39   2018 01 20 22:00:12.161    79212.161  0.2286 30.9405 110.7805  14.00   -inf  -nan   7   7  14   7 110.23
   40   2018 01 20 22:34:10.699    81250.699  0.4132 30.7505 110.7805  18.00   -inf  -nan   7  10  17   6 143.65
   41   2018 01 20 22:35:44.431    81344.431  0.2655 30.7905 110.7805   0.00   -inf  -nan   3   5   8   3 146.07
   42   2018 01 20 23:02:24.167    82944.167  0.1804 30.7805 110.7605   8.00   -inf  -nan   4   6  10   4 124.85
   43   2018 01 20 23:05:27.987    83127.987  0.3317 31.0505 110.4605   4.00   -inf  -nan   9   8  17   8 111.60
   44   2018 01 20 23:15:52.748    83752.748  0.2483 30.9405 110.7805  10.00   -inf  -nan  11  11  22  10  92.21
    1   2018 01 21 00:50:09.185     3009.185  0.2448 30.9405 110.7805  12.00   -inf  -nan  11  11  22  11  92.21
    2   2018 01 21 01:14:42.869     4482.869  0.3846 30.9405 110.7405   8.00   -inf  -nan   4   6  10   4  94.47
    3   2018 01 21 01:21:57.804     4917.804  0.1542 30.8505 111.1305   6.00   -inf  -nan   7   4  11   4 210.75
    4   2018 01 21 01:34:57.594     5697.594  0.2443 30.9405 110.7805  12.00   -inf  -nan   8   8  16   8  92.21
    5   2018 01 21 01:55:13.962     6913.962  0.2453 30.9405 110.7805  12.00   -inf  -nan  10  10  20   9 114.06
    6   2018 01 21 03:09:39.407    11379.407  0.2255 30.8005 110.4505   0.00   -inf  -nan   4   5   9   4 237.49
    7   2018 01 21 03:54:58.567    14098.567  0.2073 30.8605 110.2405  20.00   -inf  -nan   3   2   5   2 273.57
    8   2018 01 21 05:10:00.410    18600.410  0.2142 30.9405 110.7405  10.00   -inf  -nan   3   3   6   3 151.07
    9   2018 01 21 05:10:17.890    18617.890  0.2605 30.9105 110.7405   6.00   -inf  -nan   5   5  10   5 123.37
   10   2018 01 21 06:51:55.275    24715.275  0.3100 30.7305 111.2105   2.00   -inf  -nan   7   2   9   2 291.13
   11   2018 01 21 07:01:07.559    25267.559  0.3345 30.7305 111.2105   0.00   -inf  -nan   5   4   9   3 269.60
   12   2018 01 21 07:04:19.445    25459.445  0.2171 30.7305 111.2105   2.00   -inf  -nan   6   3   9   3 269.60
   13   2018 01 21 07:24:01.507    26641.507  0.3236 30.9005 110.4605   6.00   -inf  -nan   7   9  16   7 120.90
   14   2018 01 21 09:36:55.267    34615.267  0.2527 30.8505 111.1305   6.00   -inf  -nan  10   9  19   7 210.25
   15   2018 01 21 11:41:56.297    42116.297  0.4418 31.0605 110.4405   4.00   -inf  -nan   4   7  11   4 113.97
   16   2018 01 21 12:58:56.650    46736.650  0.1841 31.1405 110.0105   2.00   -inf  -nan   4   2   6   2 277.06
   17   2018 01 21 13:07:00.469    47220.469  0.3758 31.1205 110.0505   6.00   -inf  -nan  12   8  20   6 261.22
   18   2018 01 21 14:48:15.434    53295.434  0.1715 31.1305 110.0705   4.00   -inf  -nan   3   2   5   1 292.31
   19   2018 01 21 16:10:10.362    58210.362  0.2490 30.9405 110.7805  12.00   -inf  -nan   6   4  10   4 118.14
   20   2018 01 21 16:10:39.697    58239.697  0.2512 30.9305 110.7605  14.00   -inf  -nan   3   5   8   3 120.80
   21   2018 01 21 16:44:16.546    60256.546  0.1804 30.9405 110.7805  12.00   -inf  -nan   6   6  12   6 149.06
   22   2018 01 21 21:21:02.555    76862.555  0.2056 30.9405 110.7805  14.00   -inf  -nan   5   5  10   5 146.46
   23   2018 01 21 21:27:46.820    77266.820  0.2333 30.9405 110.7805  12.00   -inf  -nan   7   8  15   7  92.21
   24   2018 01 21 23:50:47.467    85847.467  0.3420 30.8505 111.1705   8.00   -inf  -nan  11   8  19   8 231.43
    1   2018 01 22 01:16:56.172     4616.172  0.2489 30.9405 110.7405   8.00   -inf  -nan   4   4   8   3 117.79
    2   2018 01 22 03:22:45.767    12165.767  0.0841 31.1305 110.1905   0.00   -inf  -nan   3   3   6   3 213.50
    3   2018 01 22 04:31:25.150    16285.150  0.1956 30.9405 110.7805  12.00   -inf  -nan   4   4   8   3 165.87
    4   2018 01 22 04:37:38.070    16658.070  0.1423 30.9305 110.8005  12.00   -inf  -nan   3   3   6   3 226.80
    5   2018 01 22 04:47:51.733    17271.733  0.4330 30.9005 110.4205   8.00   -inf  -nan   8  10  18   8 150.38
    6   2018 01 22 04:56:39.093    17799.093  0.4370 31.0305 110.4805   0.00   -inf  -nan   5   4   9   4 152.53
    7   2018 01 22 05:05:05.335    18305.335  0.3587 31.0205 110.4405   6.00   -inf  -nan   6   3   9   3 127.70
    8   2018 01 22 05:17:22.785    19042.785  0.3775 31.0205 110.4405   2.00   -inf  -nan   7   8  15   6  97.11
    9   2018 01 22 05:22:00.859    19320.859  0.2371 30.9405 110.7605   8.00   -inf  -nan   6   6  12   6 144.50
   10   2018 01 22 06:44:05.309    24245.309  0.1846 30.7705 111.2405   2.00   -inf  -nan   6   4  10   4 284.32
   11   2018 01 22 06:47:26.953    24446.953  0.2307 30.9405 110.7805  14.00   -inf  -nan   4   4   8   4 182.72
   12   2018 01 22 06:50:30.621    24630.621  0.1369 30.7705 111.2505   4.00   -inf  -nan   7   4  11   4 332.07
   13   2018 01 22 06:54:03.321    24843.321  0.3883 30.9705 110.8005   0.00   -inf  -nan  17   9  26   9  60.56
   14   2018 01 22 07:23:10.882    26590.882  0.1286 30.8505 111.1305   6.00   -inf  -nan  12   7  19   7 210.25
   15   2018 01 22 07:34:49.026    27289.026  0.1412 30.8505 111.1305   6.00   -inf  -nan   6   3   9   3 210.75
   16   2018 01 22 07:44:24.130    27864.130  0.2377 30.9405 110.7805  12.00   -inf  -nan   5   6  11   5  92.21
   17   2018 01 22 09:03:16.311    32596.311  0.3501 31.0005 110.3705   0.00   -inf  -nan  11   7  18   3  71.40
   18   2018 01 22 10:32:10.471    37930.471  0.2190 30.9305 110.8005  12.00   -inf  -nan   6   6  12   6 147.35
   19   2018 01 22 12:22:31.782    44551.782  0.2538 30.9405 110.7805  14.00   -inf  -nan  12  11  23  11  92.21
   20   2018 01 22 15:13:10.416    54790.416  0.2441 30.9405 110.7905   6.00   -inf  -nan   6   6  12   5  96.80
   21   2018 01 22 16:58:20.101    61100.101  0.2127 30.9405 110.7805  12.00   -inf  -nan   9   9  18   9  92.21
   22   2018 01 22 17:01:30.002    61290.002  0.2451 31.0205 110.3205   0.00   -inf  -nan   5   6  11   5 142.68
   23   2018 01 22 17:51:05.213    64265.213  0.2303 30.9705 110.5105  12.00   -inf  -nan   4   3   7   2 226.59
   24   2018 01 22 19:20:38.233    69638.233  0.2411 31.0205 110.4405   4.00   -inf  -nan   3   4   7   3 166.62
   25   2018 01 22 20:17:13.198    73033.198  0.1988 30.9405 110.7805  12.00   -inf  -nan  10  11  21  10  92.21
   26   2018 01 22 22:06:07.893    79567.893  0.3859 31.0505 110.4605   0.00   -inf  -nan   8   9  17   8 111.60
   27   2018 01 22 23:03:47.590    83027.590  0.2501 31.0905 110.1105   0.00   -inf  -nan   7   7  14   7 230.20
    1   2018 01 23 00:16:24.888      984.888  0.3143 31.1305 110.3905   2.00   -inf  -nan   3   4   7   3 258.59
    2   2018 01 23 01:41:21.641     6081.641  0.2084 30.9405 110.7805  12.00   -inf  -nan   9  10  19   9  92.21
    3   2018 01 23 02:37:24.606     9444.606  0.2637 31.0505 110.4605   0.00   -inf  -nan   4   6  10   4 111.60
    4   2018 01 23 02:45:46.608     9946.608  0.3044 31.0205 110.4405   4.00   -inf  -nan  11   6  17   6  87.12
    5   2018 01 23 03:17:47.774    11867.774  0.2133 30.7705 111.2805   0.00   -inf  -nan   5   3   8   2 295.26
    6   2018 01 23 04:11:14.967    15074.967  0.2370 30.9405 110.7605  10.00   -inf  -nan   6   7  13   6 110.97
    7   2018 01 23 04:18:46.992    15526.992  0.2420 30.9405 110.7805  10.00   -inf  -nan   8  10  18   8  92.21
    8   2018 01 23 04:21:39.102    15699.102  0.2589 30.9405 110.7605  10.00   -inf  -nan  15  14  29  14  77.93
    9   2018 01 23 05:56:57.582    21417.582  0.3371 30.9505 110.7405  12.00   -inf  -nan   5   4   9   4 121.21
   10   2018 01 23 06:06:20.664    21980.664  0.2602 30.9405 110.7605  10.00   -inf  -nan   9  10  19   8  77.93
   11   2018 01 23 06:08:27.381    22107.381  0.1444 30.7305 111.2105   4.00   -inf  -nan   4   2   6   2 322.55
   12   2018 01 23 06:11:35.210    22295.210  0.2356 30.7705 111.2005   8.00   -inf  -nan  10   4  14   4 261.39
   13   2018 01 23 06:16:08.625    22568.625  0.3310 30.7405 111.2105   2.00   -inf  -nan   7   3  10   3 281.93
   14   2018 01 23 06:34:47.494    23687.494  0.1920 30.8505 111.1305   4.00   -inf  -nan   7   5  12   5 210.75
   15   2018 01 23 06:57:23.560    25043.560  0.3149 31.1205 110.1705   0.00   -inf  -nan   8   4  12   4 198.74
   16   2018 01 23 07:17:35.609    26255.609  0.1783 30.7505 110.8605   4.00   -inf  -nan   4   3   7   3 184.87
   17   2018 01 23 08:08:49.527    29329.527  0.2264 30.9405 110.7605  10.00   -inf  -nan  11  12  23  11  77.93
   18   2018 01 23 09:04:08.144    32648.144  0.4678 30.7505 110.8605  14.00   -inf  -nan   5   4   9   4 184.87
   19   2018 01 23 09:51:52.872    35512.872  0.4576 30.9405 110.7505   8.00   -inf  -nan  18  11  29  10  64.69
   20   2018 01 23 09:57:06.326    35826.326  0.2871 30.9005 110.7405   0.00   -inf  -nan   5   7  12   5 135.10
   21   2018 01 23 09:58:12.770    35892.770  0.1251 30.9405 110.7805  10.00   -inf  -nan   3   3   6   3 182.72
   22   2018 01 23 10:04:47.184    36287.184  0.1449 30.9305 110.7605  10.00   -inf  -nan   9   5  14   5 117.75
   23   2018 01 23 10:06:50.675    36410.675  0.2379 30.9405 110.7605  10.00   -inf  -nan  13  11  24  11  64.29
   24   2018 01 23 10:24:48.960    37488.960  0.1629 30.9005 110.7605  14.00   -inf  -nan   3   3   6   3 165.44
   25   2018 01 23 11:05:20.770    39920.770  0.3292 30.9405 110.7505  10.00   -inf  -nan  16  15  31  15  68.13
   26   2018 01 23 11:18:24.844    40704.844  0.3191 30.9405 110.7505  10.00   -inf  -nan   9  11  20   8  68.13
   27   2018 01 23 11:35:50.485    41750.485  0.1232 31.1305 110.0305   0.00   -inf  -nan   3   3   6   3 324.85
   28   2018 01 23 11:41:11.971    42071.971  0.3210 31.0605 110.2105   6.00   -inf  -nan   5   5  10   5 165.91
   29   2018 01 23 12:05:00.181    43500.181  0.1534 30.9005 110.7805   6.00   -inf  -nan   3   3   6   3 227.21
   30   2018 01 23 13:22:04.795    48124.795  0.2141 30.8505 110.7605   8.00   -inf  -nan   4   5   9   4 145.39
   31   2018 01 23 13:50:13.940    49813.940  0.2975 30.9405 110.7605  12.00   -inf  -nan  15  16  31  15  64.29
   32   2018 01 23 13:51:18.428    49878.428  0.2784 30.9405 110.7805  10.00   -inf  -nan   7   9  16   6  92.21
   33   2018 01 23 14:06:38.762    50798.762  0.2340 30.9405 110.7805  12.00   -inf  -nan  12  12  24  12  92.21
   34   2018 01 23 14:47:07.726    53227.726  0.2602 30.9405 110.7805  10.00   -inf  -nan   7   7  14   7  92.21
   35   2018 01 23 14:57:24.786    53844.786  0.1478 30.9305 110.7605   8.00   -inf  -nan   6   4  10   3  96.54
   36   2018 01 23 15:09:59.849    54599.849  0.3169 30.9405 110.7805  10.00   -inf  -nan  11  11  22  10  92.21
   37   2018 01 23 17:13:22.472    62002.472  0.2633 30.9405 110.7805  10.00   -inf  -nan  10  11  21  10  92.21
   38   2018 01 23 18:23:44.943    66224.943  0.1354 30.8505 110.7605   8.00   -inf  -nan   4   2   6   2 179.67
   39   2018 01 23 18:28:39.253    66519.253  0.2335 30.9805 110.7805   0.00   -inf  -nan   9   2  11   1  75.56
   40   2018 01 23 20:15:33.804    72933.804  0.1838 30.9005 110.7805   6.00   -inf  -nan   3   4   7   3 227.21
   41   2018 01 23 20:40:47.406    74447.406  0.3129 31.1705 110.2205   8.00   -inf  -nan   9   7  16   7 159.84
   42   2018 01 23 22:10:52.093    79852.093  0.3521 30.9405 110.7805  10.00   -inf  -nan  15  15  30  15  62.87
    1   2018 01 24 00:37:55.742     2275.742  0.2440 30.8605 110.7905  10.00   -inf  -nan  10  12  22  10  81.66
    2   2018 01 24 01:17:21.816     4641.816  0.2141 30.8505 111.1205   8.00   -inf  -nan   4   3   7   3 304.90
    3   2018 01 24 01:58:08.339     7088.339  0.1969 30.8505 111.1605   4.00   -inf  -nan  11   9  20   9 289.68
    4   2018 01 24 02:01:46.752     7306.752  0.3363 30.9405 110.7805  12.00   -inf  -nan  13  13  26  12  92.21
    5   2018 01 24 02:03:53.227     7433.227  0.2017 30.9405 110.7605  10.00   -inf  -nan   9   8  17   8  89.30
    6   2018 01 24 02:35:49.790     9349.790  0.2347 30.9405 110.7805  12.00   -inf  -nan   8   8  16   8  92.21
    7   2018 01 24 02:58:08.672    10688.672  0.2275 30.9405 110.7805  12.00   -inf  -nan   4   4   8   3  92.21
    8   2018 01 24 03:52:38.589    13958.589  0.2425 30.9405 110.7805  10.00   -inf  -nan   9   8  17   8  92.21
    9   2018 01 24 05:29:55.177    19795.177  0.1539 30.9305 110.7805  12.00   -inf  -nan   9   8  17   8  87.64
   10   2018 01 24 05:31:07.780    19867.780  0.2271 30.8905 110.7605  14.00   -inf  -nan   3   3   6   3 211.92
   11   2018 01 24 05:31:41.279    19901.279  0.2301 30.9305 110.8005  12.00   -inf  -nan   6   7  13   6  91.38
   12   2018 01 24 05:54:41.197    21281.197  0.2551 30.8605 110.7905  12.00   -inf  -nan  13  16  29  13  80.04
   13   2018 01 24 05:55:17.986    21317.986  0.2228 30.9405 110.7805  12.00   -inf  -nan   8   8  16   8  92.21
   14   2018 01 24 08:40:51.605    31251.605  0.2747 30.8505 111.1205   0.00   -inf  -nan   9   7  16   6 205.95
   15   2018 01 24 10:37:53.135    38273.135  0.2495 30.8705 110.7805  10.00   -inf  -nan   3   5   8   3 108.00
   16   2018 01 24 13:10:38.507    47438.507  0.1412 30.9405 110.7605  10.00   -inf  -nan   7   6  13   5  89.30
   17   2018 01 24 14:49:13.054    53353.054  0.1586 30.8505 110.7605   8.00   -inf  -nan   3   3   6   2 179.67
   18   2018 01 24 15:37:13.617    56233.617  0.3161 30.8505 110.7605  10.00   -inf  -nan   6   7  13   6 124.04
   19   2018 01 24 17:59:10.807    64750.807  0.4154 31.0205 110.4405   4.00   -inf  -nan   4   5   9   4 123.87
   20   2018 01 24 18:04:27.890    65067.890  0.2985 30.8505 110.7605  12.00   -inf  -nan   7   8  15   7 108.26
   21   2018 01 24 18:05:47.208    65147.208  0.1941 31.0605 110.4605  12.00   -inf  -nan   3   2   5   2 199.10
   22   2018 01 24 18:43:04.781    67384.781  0.2466 30.9405 110.7805  12.00   -inf  -nan  15  12  27  12  62.87
   23   2018 01 24 18:55:19.802    68119.802  0.3930 31.0605 110.4405   6.00   -inf  -nan  11   9  20   7 122.52
   24   2018 01 24 19:16:25.324    69385.324  0.2258 30.9405 110.7805  12.00   -inf  -nan   9   9  18   8  92.21
   25   2018 01 24 19:41:57.954    70917.954  0.3386 31.0505 110.4605   0.00   -inf  -nan   4   5   9   4 111.60
   26   2018 01 24 19:53:19.010    71599.010  0.2856 30.8505 110.7605   8.00   -inf  -nan   3   4   7   3 145.39
   27   2018 01 24 20:43:03.205    74583.205  0.3023 30.8505 110.7605  10.00   -inf  -nan   7   7  14   6 108.26
   28   2018 01 24 22:03:51.183    79431.183  0.4185 31.2705 110.6005   6.00   -inf  -nan   3   2   5   1 252.26
   29   2018 01 24 22:30:09.596    81009.596  0.2362 30.9305 110.8005  12.00   -inf  -nan   3   3   6   2 171.71
   30   2018 01 24 22:30:41.888    81041.888  0.2258 30.8505 110.8005   8.00   -inf  -nan   3   3   6   3 216.44
   31   2018 01 24 22:45:09.859    81909.859  0.3313 31.0505 110.4505   6.00   -inf  -nan   5   6  11   5 109.19
   32   2018 01 24 23:38:46.010    85126.010  0.2919 31.0505 110.4605   0.00   -inf  -nan   6   7  13   6 111.60
    1   2018 01 25 00:09:09.601      549.601  0.2104 30.9405 110.7805  12.00   -inf  -nan   8   8  16   8  92.21
    2   2018 01 25 00:52:32.925     3152.925  0.3397 30.9405 110.7805  12.00   -inf  -nan  18  17  35  17  72.97
    3   2018 01 25 01:52:54.505     6774.505  0.3589 30.8505 110.7605  10.00   -inf  -nan  17  16  33  15  90.45
    4   2018 01 25 06:21:44.021    22904.021  0.2154 30.8105 111.2405   6.00   -inf  -nan  10   2  12   2 273.09
    5   2018 01 25 06:35:05.850    23705.850  0.3540 31.0505 110.4605   8.00   -inf  -nan  14  13  27  11 109.45
    6   2018 01 25 07:31:46.299    27106.299  0.2048 30.8505 111.1205   0.00   -inf  -nan  12   9  21   9 205.95
    7   2018 01 25 09:41:45.557    34905.557  0.2587 30.8505 111.1205   0.00   -inf  -nan   7   6  13   6 205.95
    8   2018 01 25 09:56:28.059    35788.059  0.3451 30.9605 109.9705  12.00   -inf  -nan   7   3  10   3 295.22
    9   2018 01 25 09:57:25.379    35845.379  0.2167 31.1705 110.3405   2.00   -inf  -nan   3   2   5   2 281.77
   10   2018 01 25 11:52:30.483    42750.483  0.2765 31.0205 110.7005   0.00   -inf  -nan   4   3   7   2 152.81
   11   2018 01 25 14:46:50.221    53210.221  0.2803 30.9305 110.8005   6.00   -inf  -nan   3   5   8   3 108.65
   12   2018 01 25 15:12:13.316    54733.316  0.3246 30.8505 110.8005  10.00   -inf  -nan   3   5   8   3 128.37
   13   2018 01 25 15:15:41.850    54941.850  0.2177 30.8705 110.7805  10.00   -inf  -nan   6   6  12   6 136.69
   14   2018 01 25 17:26:55.071    62815.071  0.1974 30.7805 110.7705  10.00   -inf  -nan   5   5  10   5 110.23
   15   2018 01 25 18:19:47.981    65987.981  0.3727 31.0205 110.4405   6.00   -inf  -nan  13  12  25  10  87.12
    1   2018 01 26 00:50:48.681     3048.681  0.1211 30.9305 110.8005  10.00   -inf  -nan   3   4   7   2 149.80
    2   2018 01 26 03:08:56.541    11336.541  0.2758 30.8505 111.1205   6.00   -inf  -nan  10   4  14   4 205.95
    3   2018 01 26 03:54:51.767    14091.767  0.3652 31.0205 110.4405   6.00   -inf  -nan  17  13  30  13  87.12
    4   2018 01 26 03:59:49.763    14389.763  0.3238 30.9105 110.7605  10.00   -inf  -nan   9   8  17   8 116.99
    5   2018 01 26 04:54:48.080    17688.080  0.2327 30.9405 110.7805  12.00   -inf  -nan   6   6  12   6 118.14
    6   2018 01 26 05:28:17.068    19697.068  0.3460 31.0605 110.4405   6.00   -inf  -nan   8  10  18   8 170.49
    7   2018 01 26 05:55:34.084    21334.084  0.2826 30.8605 110.7905   8.00   -inf  -nan   9  10  19   9 135.83
    8   2018 01 26 06:21:02.687    22862.687  0.2855 30.8505 110.7605  10.00   -inf  -nan   6   6  12   6 199.42
    9   2018 01 26 06:22:04.351    22924.351  0.3228 30.8505 111.1605   8.00   -inf  -nan   9   7  16   7 227.22
   10   2018 01 26 07:20:02.446    26402.446  0.2563 30.8405 111.1405   6.00   -inf  -nan  13   8  21   8 221.69
   11   2018 01 26 07:46:16.933    27976.933  0.2803 30.9405 110.7805  12.00   -inf  -nan   5   7  12   5 118.14
   12   2018 01 26 08:03:52.291    29032.291  0.3271 31.1705 110.3405   0.00   -inf  -nan   7   4  11   4 233.46
   13   2018 01 26 08:09:59.740    29399.740  0.4146 31.1305 110.3805   0.00   -inf  -nan   9   2  11   2 156.97
   14   2018 01 26 08:15:12.518    29712.518  0.2334 31.2105 110.2605   6.00   -inf  -nan   4   2   6   1 322.02
   15   2018 01 26 08:23:09.016    30189.016  0.3484 31.1705 110.3405   2.00   -inf  -nan   6   5  11   5 252.38
   16   2018 01 26 08:31:37.838    30697.838  0.4770 31.1705 110.3505   0.00   -inf  -nan  11   5  16   4 159.49
   17   2018 01 26 10:01:17.603    36077.603  0.1479 30.9305 110.8005  10.00   -inf  -nan   3   4   7   3 171.71
   18   2018 01 26 11:41:12.343    42072.343  0.1636 30.9105 110.7805  14.00   -inf  -nan   4   5   9   3 132.56
   19   2018 01 26 12:44:27.033    45867.033  0.2484 30.9305 110.8005  10.00   -inf  -nan   3   3   6   2 115.93
   20   2018 01 26 12:48:33.420    46113.420  0.3917 30.8505 110.7605  10.00   -inf  -nan  16  15  31  14 161.85
   21   2018 01 26 13:09:44.463    47384.463  0.4177 31.0505 110.4605   0.00   -inf  -nan   9   8  17   8 109.45
   22   2018 01 26 13:56:54.892    50214.892  0.2114 30.9405 110.7805  12.00   -inf  -nan   7   7  14   7 118.14
   23   2018 01 26 14:56:23.856    53783.856  0.3087 31.0905 110.2305   2.00   -inf  -nan   3   9  12   3 155.26
   24   2018 01 26 15:05:55.179    54355.179  0.3699 31.0305 110.4405   8.00   -inf  -nan   4   6  10   4  92.86
   25   2018 01 26 15:32:12.910    55932.910  0.3106 30.9505 110.8005  12.00   -inf  -nan   3   4   7   3 136.03
   26   2018 01 26 16:43:15.349    60195.349  0.4234 31.0605 110.4405   2.00   -inf  -nan   6   9  15   6 113.97
   27   2018 01 26 16:53:56.948    60836.948  0.3006 31.0905 110.1905   6.00   -inf  -nan   7   6  13   5 224.17
   28   2018 01 26 17:13:47.973    62027.973  0.1366 30.9305 110.8005  10.00   -inf  -nan   3   4   7   3 189.94
   29   2018 01 26 17:32:38.870    63158.870  0.2653 30.9405 110.7805  12.00   -inf  -nan  11  11  22  11  92.21
   30   2018 01 26 17:50:39.673    64239.673  0.3295 31.2205 110.9505  10.00   -inf  -nan  10   9  19   8 256.06
   31   2018 01 26 18:03:59.006    65039.006  0.3408 31.0205 110.4405   4.00   -inf  -nan  13  12  25  10 106.63
   32   2018 01 26 18:09:19.291    65359.291  0.2188 30.9405 110.7805  12.00   -inf  -nan   7   7  14   7 118.14
   33   2018 01 26 18:18:52.994    65932.994  0.2102 31.1405 110.2505   2.00   -inf  -nan   6   6  12   6 140.32
   34   2018 01 26 18:48:01.803    67681.803  0.2967 30.9405 110.7805  10.00   -inf  -nan  10  11  21  10  92.21
   35   2018 01 26 18:49:52.310    67792.310  0.2801 30.9405 110.7805  12.00   -inf  -nan   7   8  15   7  92.21
   36   2018 01 26 20:06:09.171    72369.171  0.3138 30.9305 110.7605   8.00   -inf  -nan   7   9  16   6 106.14
   37   2018 01 26 20:09:59.639    72599.639  0.2620 31.1305 110.2705   2.00   -inf  -nan   3   4   7   2 126.42
   38   2018 01 26 21:32:36.096    77556.096  0.2986 30.9405 110.7805  10.00   -inf  -nan   7   8  15   7  92.21
   39   2018 01 26 21:36:06.890    77766.890  0.3187 31.2105 110.3805   0.00   -inf  -nan   3   3   6   2 264.97
    1   2018 01 27 00:27:34.836     1654.836  0.2623 30.8505 110.8005   8.00   -inf  -nan   4   4   8   4 157.74
    2   2018 01 27 00:37:48.309     2268.309  0.2899 30.9305 110.7605  10.00   -inf  -nan  11  12  23  10 106.14
    3   2018 01 27 01:25:50.460     5150.460  0.2244 30.9405 110.7905   8.00   -inf  -nan   5   7  12   5  96.80
    4   2018 01 27 02:57:53.453    10673.453  0.4395 31.0605 110.4405   0.00   -inf  -nan   7  10  17   7 113.97
    5   2018 01 27 03:00:25.935    10825.935  0.2065 31.0305 110.4405   4.00   -inf  -nan   5   6  11   5 116.96
    6   2018 01 27 04:41:16.448    16876.448  0.4219 31.0105 110.4705   2.00   -inf  -nan   4   7  11   4 135.90
    7   2018 01 27 05:31:34.367    19894.367  0.1203 30.8505 110.7605  10.00   -inf  -nan   3   3   6   3 325.06
    8   2018 01 27 05:35:52.870    20152.870  0.4619 31.0605 110.4405   2.00   -inf  -nan   5   6  11   5 170.49
    9   2018 01 27 05:38:31.490    20311.490  0.3882 30.8505 111.1605   6.00   -inf  -nan  11   9  20   8 227.22
   10   2018 01 27 08:16:23.254    29783.254  0.2479 31.0305 110.4405   6.00   -inf  -nan   3   5   8   3 146.78
   11   2018 01 27 08:45:03.791    31503.791  0.1870 30.9305 110.8005   8.00   -inf  -nan   6   6  12   5 108.65
   12   2018 01 27 10:30:59.492    37859.492  0.1846 30.9405 110.7805  12.00   -inf  -nan   5   5  10   5 149.06
   13   2018 01 27 11:09:35.441    40175.441  0.3723 31.1805 110.2905   2.00   -inf  -nan   3   2   5   1 185.94
   14   2018 01 27 13:20:08.372    48008.372  0.1237 30.8505 110.7605  10.00   -inf  -nan   4   3   7   3 199.42
   15   2018 01 27 13:34:19.430    48859.430  0.3535 31.1705 110.3505   0.00   -inf  -nan   3   2   5   2 269.43
   16   2018 01 27 15:10:51.622    54651.622  0.2382 31.0105 110.1905   6.00   -inf  -nan   5   5  10   5 209.70
   17   2018 01 27 15:16:05.327    54965.327  0.4318 31.0105 110.9105  12.00   -inf  -nan   3   2   5   1 257.69
   18   2018 01 27 15:18:41.344    55121.344  0.1485 30.8505 110.7605  10.00   -inf  -nan   3   3   6   3 325.06
   19   2018 01 27 20:26:00.773    73560.773  0.3525 31.0305 110.4405   4.00   -inf  -nan   6   9  15   5 116.96
   20   2018 01 27 21:47:16.836    78436.836  0.2481 30.9305 110.8005   8.00   -inf  -nan   5   5  10   4 108.65
   21   2018 01 27 22:58:17.562    82697.562  0.2606 31.0905 110.3805   4.00   -inf  -nan   4   7  11   4 106.78
   22   2018 01 27 23:51:58.484    85918.484  0.1718 31.0305 110.4405   6.00   -inf  -nan   4   4   8   4 171.98
    1   2018 01 28 02:25:30.060     8730.060  0.4914 30.9005 110.7505  10.00   -inf  -nan  10   5  15   4 130.03
    2   2018 01 28 04:57:11.849    17831.849  0.4074 30.8105 111.1605   4.00   -inf  -nan   9   6  15   5 245.30
    3   2018 01 28 05:18:55.753    19135.753  0.3444 30.8605 111.1305   8.00   -inf  -nan  10   3  13   3 204.21
    4   2018 01 28 05:43:35.933    20615.933  0.2909 30.7905 110.7805  12.00   -inf  -nan   4   6  10   4 227.31
    5   2018 01 28 09:42:21.463    34941.463  0.3156 31.0005 109.9705   8.00   -inf  -nan  12   8  20   7 288.12
    6   2018 01 28 10:10:47.540    36647.540  0.2264 30.9705 109.9905   0.00   -inf  -nan   6   7  13   6 289.06
    7   2018 01 28 10:57:53.490    39473.490  0.2917 31.0505 110.4505   4.00   -inf  -nan   7   9  16   7 109.19
    8   2018 01 28 21:24:43.685    77083.685  0.2225 31.1005 110.2105   4.00   -inf  -nan   8   8  16   8 168.87
    9   2018 01 28 22:14:31.385    80071.385  0.4975 31.0605 110.4405   2.00   -inf  -nan   4   4   8   3 216.40
   10   2018 01 28 22:33:23.385    81203.385  0.1913 30.9905 110.5205   6.00   -inf  -nan   3   3   6   3 195.41
   11   2018 01 28 22:47:47.104    82067.104  0.3099 31.2405 110.9405   6.00   -inf  -nan  15   9  24   8 236.40
   12   2018 01 28 23:07:42.338    83262.338  0.3427 31.2005 110.2905   4.00   -inf  -nan   3   2   5   1 202.67
    1   2018 01 29 00:12:11.868      731.868  0.3085 31.1705 110.3805   2.00   -inf  -nan   3   2   5   2 313.58
    2   2018 01 29 01:23:56.181     5036.181  0.2856 30.8505 111.1205   0.00   -inf  -nan  13   9  22   9 205.95
    3   2018 01 29 02:03:25.064     7405.064  0.2767 30.8505 111.1205   0.00   -inf  -nan   7   5  12   5 205.95
    4   2018 01 29 06:28:55.220    23335.220  0.3122 30.8505 111.1205   8.00   -inf  -nan   5   5  10   5 205.95
    5   2018 01 29 06:54:15.613    24855.613  0.2103 30.9305 111.2005   4.00   -inf  -nan   3   3   6   3 279.86
    6   2018 01 29 09:04:05.436    32645.436  0.2138 30.8505 110.7605  10.00   -inf  -nan   4   4   8   4 323.47
    7   2018 01 29 09:48:09.705    35289.705  0.2677 30.8505 110.7605  12.00   -inf  -nan   5   4   9   4 282.22
    8   2018 01 29 10:15:33.867    36933.867  0.3092 30.8505 111.1205   0.00   -inf  -nan  12   7  19   7 205.95
    9   2018 01 29 13:03:31.025    47011.025  0.3226 31.0505 110.4305   6.00   -inf  -nan   7   9  16   6 102.66
   10   2018 01 29 13:09:30.789    47370.789  0.2610 31.0705 110.4405   4.00   -inf  -nan   4   4   8   3 216.92
   11   2018 01 29 13:18:19.008    47899.008  0.4076 31.2505 110.5905   0.00   -inf  -nan   3   2   5   2 301.19
   12   2018 01 29 14:24:16.895    51856.895  0.2233 31.0505 110.3105  16.00   -inf  -nan   6   2   8   2 116.22
   13   2018 01 29 16:54:33.263    60873.263  0.1717 31.1705 110.3405   2.00   -inf  -nan   5   2   7   2 252.38
   14   2018 01 29 17:28:45.154    62925.154  0.3018 30.9405 110.7805   6.00   -inf  -nan  12  11  23  11  92.21
   15   2018 01 29 18:34:51.609    66891.609  0.0963 30.7705 110.7605   8.00   -inf  -nan   3   2   5   2 296.90
   16   2018 01 29 20:33:43.846    74023.846  0.2504 30.8505 110.4505   0.00   -inf  -nan   8   5  13   5 195.78
    1   2018 01 30 00:23:57.131     1437.131  0.3404 30.8505 110.6805   6.00   -inf  -nan   6   6  12   6 173.60
    2   2018 01 30 00:35:38.065     2138.065  0.2647 30.8505 111.1605   8.00   -inf  -nan  11   8  19   8 225.53
    3   2018 01 30 04:53:46.358    17626.358  0.3711 31.1305 110.3005   2.00   -inf  -nan  12  13  25  11 127.05
    4   2018 01 30 05:36:23.107    20183.107  0.4054 31.0205 110.4405   6.00   -inf  -nan   7   2   9   2 106.55
    5   2018 01 30 08:32:50.551    30770.551  0.2655 30.9405 111.1105  16.00   -inf  -nan   4   2   6   1 146.97
    6   2018 01 30 09:14:43.876    33283.876  0.2562 30.8305 111.1405   4.00   -inf  -nan   7   6  13   6 223.39
    7   2018 01 30 16:15:58.796    58558.796  0.4034 31.2105 110.5505   6.00   -inf  -nan   6   3   9   3 252.49
    8   2018 01 30 20:35:45.546    74145.546  0.1495 30.9305 110.8005  10.00   -inf  -nan   3   3   6   2 135.42
    1   2018 01 31 01:04:56.917     3896.917  0.3102 30.8505 111.1205   0.00   -inf  -nan  15  10  25  10 205.95
    2   2018 01 31 01:17:13.061     4633.061  0.4914 30.9805 110.2805   0.00   -inf  -nan   3   2   5   1 311.50
    3   2018 01 31 02:52:25.873    10345.873  0.2492 31.0105 110.4705   0.00   -inf  -nan  11   4  15   4  85.46
    4   2018 01 31 04:11:04.894    15064.894  0.4128 31.2505 110.3005   0.00   -inf  -nan   5   7  12   3 302.85
    5   2018 01 31 04:36:44.820    16604.820  0.3561 31.0605 110.4205  14.00   -inf  -nan   9   6  15   6 105.25
    6   2018 01 31 05:32:33.779    19953.779  0.3455 30.8905 110.7205   0.00   -inf  -nan   9   8  17   5  98.74
    7   2018 01 31 07:53:17.475    28397.475  0.3035 30.9905 110.5205   0.00   -inf  -nan   4   3   7   3 192.61
    8   2018 01 31 08:09:45.469    29385.469  0.3553 31.2605 110.9505  10.00   -inf  -nan  14  10  24   9 240.89
    9   2018 01 31 09:26:18.949    33978.949  0.3872 31.2405 110.9405   6.00   -inf  -nan  16  15  31  14 236.40
   10   2018 01 31 12:31:07.494    45067.494  0.2542 31.1305 110.3905   2.00   -inf  -nan   4   3   7   2 196.46
   11   2018 01 31 16:16:04.098    58564.098  0.2651 30.9405 110.7805  12.00   -inf  -nan  13  11  24  10  92.21
   12   2018 01 31 17:14:58.721    62098.721  0.3529 30.9105 110.7605   8.00   -inf  -nan   3   4   7   3 252.28
   13   2018 01 31 18:30:14.711    66614.711  0.2165 31.0905 110.1905   2.00   -inf  -nan   3   4   7   3 181.48
   14   2018 01 31 19:36:43.193    70603.193  0.4014 31.0605 110.4405   6.00   -inf  -nan   7   9  16   7 170.49
    1   2018 02 01 02:35:56.224     9356.224  0.2394 30.8505 110.8005   6.00   -inf  -nan   4   3   7   3 216.34
    2   2018 02 01 02:39:40.001     9580.001  0.2252 30.8505 111.1205   0.00   -inf  -nan   9   7  16   7 205.95
    3   2018 02 01 05:41:04.539    20464.539  0.3347 31.1705 110.3505   0.00   -inf  -nan   7   5  12   5 241.57
    4   2018 02 01 06:55:27.520    24927.520  0.1774 31.0505 110.4305   4.00   -inf  -nan   3   2   5   2 288.03
    5   2018 02 01 09:27:50.717    34070.717  0.2103 30.8505 111.1205   0.00   -inf  -nan  12   6  18   6 205.95
    6   2018 02 01 18:27:30.613    66450.613  0.2619 30.7905 110.7805  10.00   -inf  -nan  14  14  28  13 108.79
    7   2018 02 01 20:18:37.397    73117.397  0.2985 31.0305 110.4405   4.00   -inf  -nan  10   9  19   7 103.11
    8   2018 02 01 20:20:23.309    73223.309  0.3192 31.0505 110.4505  10.00   -inf  -nan  11  12  23  10 109.19
    9   2018 02 01 20:23:58.327    73438.327  0.1703 31.0505 110.1905   8.00   -inf  -nan   3   3   6   3 263.14
   10   2018 02 01 22:02:23.415    79343.415  0.4730 31.1305 110.2305  10.00   -inf  -nan   3   4   7   2 154.97
   11   2018 02 01 22:15:40.367    80140.367  0.2839 31.0505 110.4505   0.00   -inf  -nan   8   8  16   7 109.19
   12   2018 02 01 22:37:43.549    81463.549  0.1924 30.7905 110.7405  10.00   -inf  -nan   4   4   8   4 220.51
   13   2018 02 01 23:31:21.390    84681.390  0.3291 31.0905 110.1905   2.00   -inf  -nan  10   9  19   9 181.48
   14   2018 02 01 23:49:49.449    85789.449  0.2773 30.7905 110.7805  10.00   -inf  -nan  13  15  28  13 108.79
    1   2018 02 02 00:15:21.504      921.504  0.4345 31.0505 110.2305   4.00   -inf  -nan   7   8  15   7 133.33
    2   2018 02 02 00:16:43.512     1003.512  0.1767 30.8505 111.1305   4.00   -inf  -nan  10   6  16   6 210.25
    3   2018 02 02 01:31:49.014     5509.014  0.3789 31.0205 110.4405   6.00   -inf  -nan   5   6  11   5 123.87
    4   2018 02 02 03:12:22.437    11542.437  0.4512 31.1205 110.0505  10.00   -inf  -nan   7   4  11   4 261.22
    5   2018 02 02 03:44:44.234    13484.234  0.3079 31.1305 110.8005  14.00   -inf  -nan   4   5   9   2 218.22
    6   2018 02 02 04:16:26.874    15386.874  0.2939 30.5805 110.6105  10.00   -inf  -nan   5   7  12   4 254.56
    7   2018 02 02 04:54:27.186    17667.186  0.2442 30.8505 111.1305   6.00   -inf  -nan   9   8  17   8 210.25
    8   2018 02 02 05:29:39.608    19779.608  0.3986 31.0105 110.4705   0.00   -inf  -nan  14   4  18   4 108.32
    9   2018 02 02 06:00:19.231    21619.231  0.1950 30.8505 111.1305   6.00   -inf  -nan   7   6  13   6 210.25
   10   2018 02 02 07:28:18.696    26898.696  0.2280 30.8905 111.0405   4.00   -inf  -nan   7   4  11   4  98.74
   11   2018 02 02 07:56:07.658    28567.658  0.3334 31.0005 109.9705   4.00   -inf  -nan  13   8  21   7 288.12
   12   2018 02 02 08:09:16.216    29356.216  0.3005 30.9005 110.7205  12.00   -inf  -nan  10   3  13   2  99.95
   13   2018 02 02 08:29:54.202    30594.202  0.4767 31.2605 110.3205   0.00   -inf  -nan   7   5  12   4 223.61
   14   2018 02 02 08:56:03.407    32163.407  0.2718 30.9805 110.0105   0.00   -inf  -nan  14   8  22   7 281.89
   15   2018 02 02 08:57:00.022    32220.022  0.4625 31.1805 110.8305   6.00   -inf  -nan   3   5   8   2 253.25
   16   2018 02 02 09:20:08.886    33608.886  0.2981 30.8505 111.1305   4.00   -inf  -nan   8   9  17   7 210.25
   17   2018 02 02 09:52:05.077    35525.077  0.3195 31.0005 110.0105   6.00   -inf  -nan  15   6  21   5 277.68
   18   2018 02 02 14:26:54.046    52014.046  0.2082 31.0205 110.3205   6.00   -inf  -nan   5   6  11   5 142.68
   19   2018 02 02 14:32:36.232    52356.232  0.2335 31.0405 110.4505   4.00   -inf  -nan   7   8  15   6 111.73
   20   2018 02 02 20:31:39.743    73899.743  0.3904 31.0905 110.1705   0.00   -inf  -nan   5   5  10   5 194.57
    1   2018 02 03 02:04:10.279     7450.279  0.3199 30.8505 111.1605  12.00   -inf  -nan   6   4  10   4 227.23
    2   2018 02 03 03:18:25.080    11905.080  0.2518 31.0905 110.1905   0.00   -inf  -nan   3   5   8   3 181.48
    3   2018 02 03 04:31:38.690    16298.690  0.3262 31.1005 110.6705  20.00   -inf  -nan   3   3   6   1 166.89
    4   2018 02 03 05:39:45.440    20385.440  0.2450 30.8505 111.1205   0.00   -inf  -nan   6   5  11   5 205.95
    5   2018 02 03 06:09:06.192    22146.192  0.2530 30.9805 110.7805   0.00   -inf  -nan  13   5  18   4  90.63
    6   2018 02 03 06:54:45.917    24885.917  0.4378 31.0205 110.4405   6.00   -inf  -nan   8  10  18   7 107.52
    7   2018 02 03 08:00:03.510    28803.510  0.2846 31.2605 110.3305   0.00   -inf  -nan   7   2   9   2 222.18
    8   2018 02 03 08:20:27.809    30027.809  0.3189 30.8505 111.1205   0.00   -inf  -nan   3   3   6   3 205.95
    9   2018 02 03 08:33:04.177    30784.177  0.3157 31.0905 110.8805  20.00   -inf  -nan   3   2   5   1 207.22
   10   2018 02 03 11:31:17.584    41477.584  0.1949 31.1305 110.3805   4.00   -inf  -nan   3   2   5   1 242.01
   11   2018 02 03 13:57:04.623    50224.623  0.3416 31.0505 110.4605   8.00   -inf  -nan   7   8  15   7 111.60
   12   2018 02 03 15:13:58.801    54838.801  0.3001 30.7905 110.7805  10.00   -inf  -nan   7   8  15   7 118.52
   13   2018 02 03 17:07:56.698    61676.698  0.1920 30.9305 110.7605  10.00   -inf  -nan   3   5   8   3 160.25
    1   2018 02 04 00:49:49.757     2989.757  0.3166 31.0505 110.1905   6.00   -inf  -nan   5   5  10   4 177.95
    2   2018 02 04 01:44:09.034     6249.034  0.2739 30.8505 111.1305   2.00   -inf  -nan   9   6  15   6 210.25
    3   2018 02 04 01:46:01.640     6361.640  0.2162 30.8505 111.1305   4.00   -inf  -nan   9   8  17   8 210.25
    4   2018 02 04 02:47:36.554    10056.554  0.1952 30.8905 111.0405   6.00   -inf  -nan   7   6  13   6  98.74
    5   2018 02 04 03:17:46.581    11866.581  0.3302 31.0505 110.4605   0.00   -inf  -nan   8  11  19   8 111.60
    6   2018 02 04 06:12:49.783    22369.783  0.4606 31.0505 110.1105   6.00   -inf  -nan   9   8  17   6 264.26
    7   2018 02 04 06:37:50.498    23870.498  0.1943 30.8905 111.0405   6.00   -inf  -nan   7   7  14   7  98.74
    8   2018 02 04 07:00:29.456    25229.456  0.2180 30.7705 111.2505   2.00   -inf  -nan   8   5  13   5 287.17
    9   2018 02 04 08:47:17.541    31637.541  0.2012 30.8505 111.1305   6.00   -inf  -nan  10   9  19   8 210.25
   10   2018 02 04 09:09:06.599    32946.599  0.1419 31.0205 110.4405   8.00   -inf  -nan   3   2   5   2 207.51
   11   2018 02 04 10:24:13.053    37453.053  0.3505 31.0805 110.1705   8.00   -inf  -nan  11   9  20   8 193.55
   12   2018 02 04 16:45:16.553    60316.553  0.3235 30.9405 110.7805  12.00   -inf  -nan  14  16  30  14  92.21
   13   2018 02 04 16:47:21.348    60441.348  0.1548 30.9405 110.7805   8.00   -inf  -nan   4   4   8   4 142.82
   14   2018 02 04 16:48:21.012    60501.012  0.2813 30.9405 110.7805  12.00   -inf  -nan   9   9  18   9  98.87
   15   2018 02 04 17:52:38.139    64358.139  0.3072 31.0205 110.4405   4.00   -inf  -nan   6   6  12   6 123.87
   16   2018 02 04 18:12:05.274    65525.274  0.1243 30.9405 110.7805   8.00   -inf  -nan   4   3   7   3 149.06
   17   2018 02 04 18:24:28.737    66268.737  0.2028 30.9505 110.8405   0.00   -inf  -nan   9   9  18   7  97.94
    1   2018 02 05 01:25:13.246     5113.246  0.1805 30.8505 111.1305   6.00   -inf  -nan   7   4  11   4 210.75
    2   2018 02 05 02:58:27.499    10707.499  0.3694 31.0505 110.4505   8.00   -inf  -nan   4   5   9   4 152.57
    3   2018 02 05 04:20:14.351    15614.351  0.4171 30.9705 110.3705   6.00   -inf  -nan  11   5  16   5  91.40
    4   2018 02 05 04:45:12.184    17112.184  0.2036 30.8505 111.1305   4.00   -inf  -nan   9   8  17   8 210.25
    5   2018 02 05 06:46:50.203    24410.203  0.4202 30.9305 110.8405   6.00   -inf  -nan  16  10  26   9  65.35
    6   2018 02 05 06:54:57.008    24897.008  0.3442 30.9305 110.8405  12.00   -inf  -nan   7   4  11   4  96.28
    7   2018 02 05 08:16:49.045    29809.045  0.3332 30.9405 110.7805  12.00   -inf  -nan  17  17  34  17  79.00
    8   2018 02 05 08:32:38.477    30758.477  0.2823 31.0605 110.2005   4.00   -inf  -nan   5   5  10   5 235.24
    9   2018 02 05 10:47:45.010    38865.010  0.4189 31.1805 110.9505   8.00   -inf  -nan   6   8  14   6 237.45
   10   2018 02 05 12:52:45.659    46365.659  0.2305 30.9305 110.7605  10.00   -inf  -nan   7   8  15   7 136.17
   11   2018 02 05 12:56:40.187    46600.187  0.2646 30.9305 110.7605  10.00   -inf  -nan   8  10  18   8  78.63
   12   2018 02 05 14:16:19.141    51379.141  0.2567 30.9305 110.8005  18.00   -inf  -nan   4   4   8   2 108.65
   13   2018 02 05 14:21:40.059    51700.059  0.1614 31.1705 110.3405   2.00   -inf  -nan   3   2   5   2 281.77
   14   2018 02 05 14:21:56.329    51716.329  0.2288 31.0205 110.4405   6.00   -inf  -nan   6   5  11   5  87.12
   15   2018 02 05 14:22:51.497    51771.497  0.3014 30.9405 110.7605  10.00   -inf  -nan  14  15  29  13  77.94
   16   2018 02 05 14:53:57.249    53637.249  0.3008 30.9505 110.7605  12.00   -inf  -nan  15  13  28  12  87.10
   17   2018 02 05 17:20:47.778    62447.778  0.1979 31.1305 110.0705   4.00   -inf  -nan   4   3   7   3 292.31
   18   2018 02 05 17:21:37.821    62497.821  0.3354 31.1305 110.0705   0.00   -inf  -nan   4   2   6   2 292.31
   19   2018 02 05 17:55:44.159    64544.159  0.3530 31.1305 110.2705   0.00   -inf  -nan   5   7  12   5 126.42
   20   2018 02 05 18:22:23.555    66143.555  0.3191 30.9405 110.7605  10.00   -inf  -nan  18  17  35  16  76.66
   21   2018 02 05 18:56:30.401    68190.401  0.1600 30.9005 110.7805  10.00   -inf  -nan   3   3   6   3 257.35
   22   2018 02 05 20:38:16.112    74296.112  0.4071 31.0505 110.4605   2.00   -inf  -nan  10   9  19   9 111.60
   23   2018 02 05 22:30:53.395    81053.395  0.3758 31.2405 110.9405  10.00   -inf  -nan  18  15  33  14 236.40
   24   2018 02 05 23:13:01.304    83581.304  0.2622 31.0905 110.1905   0.00   -inf  -nan   4   5   9   4 250.52
    1   2018 02 09 01:04:12.645     3852.645  0.2275 31.1705 110.2305   0.00   -inf  -nan   8   6  14   5 148.67
    2   2018 02 09 01:19:45.704     4785.704  0.4029 31.0505 110.1905   4.00   -inf  -nan   7   8  15   6 177.95
    3   2018 02 09 07:11:01.765    25861.765  0.3452 31.0805 110.8205  12.00   -inf  -nan   8   9  17   6 124.12
    4   2018 02 09 07:38:59.233    27539.233  0.1267 30.8905 110.8005   4.00   -inf  -nan   3   2   5   2 282.85
    5   2018 02 09 17:15:31.719    62131.719  0.3957 31.0605 110.2005  10.00   -inf  -nan   5   7  12   5 223.43
    6   2018 02 09 17:50:27.611    64227.611  0.3504 31.0505 110.4505   2.00   -inf  -nan   5   5  10   5 109.19
    1   2018 02 10 01:22:52.547     4972.547  0.2670 31.0905 110.2305   2.00   -inf  -nan   6   5  11   5 235.98
    2   2018 02 10 14:14:32.937    51272.937  0.3233 31.0905 110.1905   0.00   -inf  -nan   9   7  16   7 181.48
    3   2018 02 10 15:44:39.317    56679.317  0.2172 31.1805 110.2905   4.00   -inf  -nan   3   3   6   3 183.58
    4   2018 02 10 18:41:59.375    67319.375  0.3310 31.0505 110.4305   8.00   -inf  -nan  13  11  24  11  98.75
    5   2018 02 10 18:45:02.549    67502.549  0.4021 31.0205 110.4405   2.00   -inf  -nan   6   8  14   6  87.12
    6   2018 02 10 22:14:00.959    80040.959  0.4562 31.1305 110.0205   2.00   -inf  -nan   7   5  12   5 301.60
    7   2018 02 10 22:40:26.314    81626.314  0.3627 31.0305 110.4405   8.00   -inf  -nan   5   6  11   5 149.14
    1   2018 02 11 02:01:55.368     7315.368  0.3104 31.0905 110.0705   0.00   -inf  -nan   9   9  18   9 249.51
    2   2018 02 11 02:10:42.086     7842.086  0.3034 31.0505 110.4505   8.00   -inf  -nan  14  16  30  13 106.33
    3   2018 02 11 07:14:54.516    26094.516  0.1881 31.0505 110.3805   2.00   -inf  -nan   3   2   5   2 200.14
    4   2018 02 11 10:28:49.709    37729.709  0.2304 31.0505 110.4305   8.00   -inf  -nan   4   5   9   4 110.61
    5   2018 02 11 16:33:43.713    59623.713  0.3317 31.0505 110.4605   6.00   -inf  -nan   7   8  15   7 111.60
    6   2018 02 11 17:47:51.920    64071.920  0.3458 31.0805 110.1305  10.00   -inf  -nan   8   6  14   6 218.09
    1   2018 02 12 18:22:36.702    66156.702  0.1727 30.8605 110.4605   0.00   -inf  -nan   5   2   7   2 209.53
    2   2018 02 12 18:57:32.126    68252.126  0.2647 31.0805 110.1705   0.00   -inf  -nan   6   7  13   6 193.55
    1   2018 02 13 00:43:38.743     2618.743  0.2353 30.9705 110.4905   8.00   -inf  -nan   3   4   7   3 135.95
    2   2018 02 13 01:12:13.469     4333.469  0.3640 31.1705 110.1905   8.00   -inf  -nan   4   4   8   3 214.46
    3   2018 02 13 01:36:34.905     5794.905  0.3390 31.1705 110.2205   2.00   -inf  -nan   3   3   6   2 290.37
    4   2018 02 13 06:34:39.584    23679.584  0.2941 30.9405 110.7805   4.00   -inf  -nan   5   7  12   5 146.46
    5   2018 02 13 18:04:50.063    65090.063  0.2696 30.9705 110.2705   8.00   -inf  -nan   6   7  13   6 111.43
    6   2018 02 13 18:15:24.636    65724.636  0.4353 31.0605 110.4505  10.00   -inf  -nan   6   7  13   5 117.36
    7   2018 02 13 18:53:56.294    68036.294  0.2798 30.9305 110.2705  12.00   -inf  -nan   3   4   7   3 172.50
    8   2018 02 13 19:12:08.073    69128.073  0.2639 30.9705 110.2705   8.00   -inf  -nan   4   4   8   4 111.43
    9   2018 02 13 19:15:12.776    69312.776  0.3074 30.9605 110.2505  14.00   -inf  -nan   5   4   9   4 125.70
   10   2018 02 13 21:22:07.497    76927.497  0.1482 31.0905 110.1505   0.00   -inf  -nan   3   3   6   3 264.37
   11   2018 02 13 22:15:35.822    80135.822  0.3631 31.0905 110.0305   6.00   -inf  -nan  13   6  19   5 265.19
    1   2018 02 14 02:57:31.570    10651.570  0.2753 31.0605 110.4405   4.00   -inf  -nan   3   6   9   2 229.48
    2   2018 02 14 06:07:49.382    22069.382  0.2970 30.9605 110.4505   6.00   -inf  -nan   3   5   8   3 113.32
    3   2018 02 14 07:53:44.979    28424.979  0.2940 31.0005 110.1705   0.00   -inf  -nan   7   9  16   6 188.51
    4   2018 02 14 12:31:35.876    45095.876  0.3084 30.9805 110.4405   6.00   -inf  -nan   4   4   8   4 127.54
    5   2018 02 14 12:42:06.953    45726.953  0.2222 30.9405 110.7805  10.00   -inf  -nan   8   9  17   7  92.21
    6   2018 02 14 13:36:18.810    48978.810  0.3633 31.0505 110.4305   8.00   -inf  -nan   5   6  11   5 133.57
    7   2018 02 14 14:36:31.648    52591.648  0.1454 31.0105 110.1105   6.00   -inf  -nan   3   4   7   3 278.55
    8   2018 02 14 18:26:25.899    66385.899  0.2127 30.7805 110.7705  10.00   -inf  -nan  10  10  20  10 110.23
    9   2018 02 14 19:56:12.839    71772.839  0.3005 30.9705 110.2905   8.00   -inf  -nan   6   5  11   4 186.79
   10   2018 02 14 20:07:43.547    72463.547  0.2675 30.9705 110.2705   8.00   -inf  -nan   3   4   7   3 111.43
   11   2018 02 14 20:18:14.524    73094.524  0.2684 30.9705 110.2705   8.00   -inf  -nan   5   6  11   5 111.43
   12   2018 02 14 20:30:42.203    73842.203  0.2451 30.9705 110.2705   8.00   -inf  -nan   6   7  13   6 111.43
   13   2018 02 14 20:34:53.711    74093.711  0.2205 30.9705 110.2705   8.00   -inf  -nan   6   7  13   6 111.43
   14   2018 02 14 20:36:11.879    74171.879  0.3455 30.9705 110.2505  10.00   -inf  -nan   3   3   6   3 133.12
   15   2018 02 14 20:37:33.607    74253.607  0.2425 30.9705 110.2705   6.00   -inf  -nan   4   5   9   4 111.43
   16   2018 02 14 21:07:22.881    76042.881  0.4181 31.0605 110.4405   0.00   -inf  -nan  10  10  20   9 113.97
   17   2018 02 14 23:02:01.989    82921.989  0.2861 30.9005 110.5005   8.00   -inf  -nan   6   6  12   5 168.04
    1   2018 02 15 00:39:35.725     2375.725  0.3014 31.0505 110.4405   8.00   -inf  -nan  12  12  24  10 102.77
    2   2018 02 15 04:44:30.352    17070.352  0.2473 31.0905 110.4105   8.00   -inf  -nan   3   4   7   2 250.55
    3   2018 02 15 06:37:44.952    23864.952  0.1343 30.9805 110.7405  12.00   -inf  -nan   3   2   5   2 199.20
    4   2018 02 15 10:20:09.691    37209.691  0.3108 31.0905 110.8305  12.00   -inf  -nan   3   3   6   1 138.56
    5   2018 02 15 11:31:40.628    41500.628  0.3328 31.0905 110.3505   4.00   -inf  -nan   7   5  12   5 144.09
    6   2018 02 15 14:16:02.578    51362.578  0.1598 31.1305 110.0705   4.00   -inf  -nan   4   3   7   3 313.49
    7   2018 02 15 17:26:10.611    62770.611  0.1691 31.0505 110.2305   4.00   -inf  -nan   3   3   6   2 133.33
    8   2018 02 15 17:53:46.612    64426.612  0.3508 31.0905 110.2305   2.00   -inf  -nan   5   6  11   5 155.26
    9   2018 02 15 19:50:47.307    71447.307  0.3978 31.0205 110.4405   6.00   -inf  -nan  16  13  29  12 106.55
   10   2018 02 15 20:35:26.847    74126.847  0.4128 31.0505 110.1905   6.00   -inf  -nan   6   5  11   5 230.55
   11   2018 02 15 20:47:06.862    74826.862  0.3690 31.0605 110.4405   4.00   -inf  -nan   9   8  17   8 170.49
   12   2018 02 15 21:18:38.599    76718.599  0.4268 31.0505 110.4305  12.00   -inf  -nan   5   7  12   5 102.66
   13   2018 02 15 22:00:36.170    79236.170  0.4459 31.0205 110.4405   6.00   -inf  -nan  11  12  23  10  87.12
   14   2018 02 15 23:21:50.597    84110.597  0.3600 31.0305 110.5205   8.00   -inf  -nan   3   7  10   3  95.76
   15   2018 02 15 23:41:11.191    85271.191  0.4497 31.0605 110.4405   6.00   -inf  -nan   5   7  12   3 113.97
    1   2018 02 16 00:46:16.362     2776.362  0.2950 30.9305 110.7605  10.00   -inf  -nan  12  13  25  11  71.26
    2   2018 02 16 03:18:13.536    11893.536  0.3464 31.0505 110.4505   4.00   -inf  -nan  15  14  29  13 106.33
    3   2018 02 16 04:51:17.152    17477.152  0.1757 30.9405 110.7405   6.00   -inf  -nan   3   4   7   2 117.79
    4   2018 02 16 05:19:43.715    19183.715  0.3442 31.0905 110.1905   0.00   -inf  -nan   6   8  14   6 181.48
    5   2018 02 16 05:58:52.500    21532.500  0.3142 31.0605 110.1605   4.00   -inf  -nan   6   8  14   6 243.13
    6   2018 02 16 07:37:50.990    27470.990  0.2291 30.9405 110.7805  10.00   -inf  -nan   8   7  15   6  92.21
    7   2018 02 16 11:02:55.629    39775.629  0.3411 31.0505 110.4505   4.00   -inf  -nan   5   5  10   5 109.19
    8   2018 02 16 18:07:31.062    65251.062  0.2555 31.0905 110.1905   0.00   -inf  -nan   3   4   7   2 250.52
    9   2018 02 16 20:11:16.587    72676.587  0.2944 31.0505 110.4605  12.00   -inf  -nan   4   4   8   3 111.60
   10   2018 02 16 22:32:44.406    81164.406  0.3287 31.0905 110.2305   2.00   -inf  -nan   6   4  10   4 155.26
    1   2018 02 17 05:30:42.520    19842.520  0.2915 31.1305 110.3005   0.00   -inf  -nan   5   3   8   3 131.46
    2   2018 02 17 09:06:18.489    32778.489  0.2675 30.9205 110.7805  12.00   -inf  -nan  17  17  34  16  70.94
    3   2018 02 17 12:40:09.713    45609.713  0.3407 31.0505 110.4605   0.00   -inf  -nan   7  11  18   7 111.60
    4   2018 02 17 18:18:44.031    65924.031  0.2899 30.8805 110.5705   2.00   -inf  -nan   3   2   5   2 204.43
    5   2018 02 17 19:33:52.877    70432.877  0.2806 31.0805 110.1705   6.00   -inf  -nan   8   7  15   6 193.55
    6   2018 02 17 20:45:19.692    74719.692  0.3527 30.8205 110.5205   8.00   -inf  -nan   3   2   5   2 286.21
    7   2018 02 17 22:18:36.638    80316.638  0.1388 30.9805 110.5005   6.00   -inf  -nan   3   3   6   3 192.71
    8   2018 02 17 23:01:43.393    82903.393  0.2980 31.1805 110.4105   0.00   -inf  -nan   6   2   8   1 197.56
    1   2018 02 18 01:53:35.084     6815.084  0.1659 30.8205 110.5605   2.00   -inf  -nan   3   2   5   2 324.59
    2   2018 02 18 10:14:36.751    36876.751  0.3440 31.0505 110.1105   4.00   -inf  -nan   8   9  17   8 228.25
    3   2018 02 18 10:57:15.976    39435.976  0.1576 30.8605 110.7605   6.00   -inf  -nan   3   2   5   2 299.20
    4   2018 02 18 11:03:49.096    39829.096  0.1545 31.1705 110.3805   0.00   -inf  -nan   4   3   7   2 247.10
    5   2018 02 18 12:22:04.211    44524.211  0.3518 30.8105 110.7605   8.00   -inf  -nan   9   8  17   8  98.99
    6   2018 02 18 13:11:00.646    47460.646  0.3294 31.0505 110.4605   0.00   -inf  -nan  13  13  26  12 111.60
    7   2018 02 18 14:12:26.690    51146.690  0.3169 30.7905 110.5205   6.00   -inf  -nan   3   2   5   2 249.79
    8   2018 02 18 14:51:10.940    53470.940  0.2325 31.0505 110.1105   0.00   -inf  -nan   5   6  11   5 308.59
    9   2018 02 18 15:07:18.854    54438.854  0.3215 30.8705 110.5605   0.00   -inf  -nan   3   3   6   3 239.87
   10   2018 02 18 16:33:56.477    59636.477  0.2050 30.9405 110.7805  10.00   -inf  -nan   7   8  15   7  92.21
   11   2018 02 18 19:34:00.315    70440.315  0.3055 31.0505 110.4605   0.00   -inf  -nan  14  12  26  12 109.45
   12   2018 02 18 20:53:15.627    75195.627  0.1520 31.0905 110.1905   2.00   -inf  -nan   3   3   6   2 181.48
   13   2018 02 18 21:06:32.809    75992.809  0.3228 31.0605 110.4805   8.00   -inf  -nan   3   4   7   3 244.76
   14   2018 02 18 21:33:36.864    77616.864  0.4738 30.8205 110.4805   2.00   -inf  -nan   3   2   5   2 280.78
    1   2018 02 19 00:24:47.720     1487.720  0.2046 31.0905 110.1105   0.00   -inf  -nan   3   2   5   2 310.02
    2   2018 02 19 03:38:58.600    13138.600  0.0923 30.7705 110.7605   8.00   -inf  -nan   4   4   8   3 124.90
    3   2018 02 19 05:05:36.669    18336.669  0.1544 30.9005 110.5405   8.00   -inf  -nan   3   3   6   3 179.22
    4   2018 02 19 09:21:50.092    33710.092  0.3299 30.7805 110.7705  14.00   -inf  -nan  11  12  23  11 110.23
    5   2018 02 19 09:43:29.374    35009.374  0.2915 30.9405 110.7505  10.00   -inf  -nan  11  10  21   9  92.19
    6   2018 02 19 09:44:01.956    35041.956  0.3248 30.9405 110.7505  10.00   -inf  -nan  11  10  21   9  92.19
    7   2018 02 19 09:49:08.200    35348.200  0.1754 30.9405 110.7605  10.00   -inf  -nan   5   5  10   4 128.27
    8   2018 02 19 09:50:51.252    35451.252  0.1865 30.9405 110.7605  10.00   -inf  -nan   7   5  12   5 110.97
    9   2018 02 19 09:52:02.422    35522.422  0.3238 30.9405 110.7805  10.00   -inf  -nan   6   9  15   6  92.21
   10   2018 02 19 12:37:22.925    45442.925  0.3593 31.1005 110.2105   4.00   -inf  -nan   6   4  10   3 168.87
   11   2018 02 19 12:43:57.962    45837.962  0.1658 30.8205 110.6405  12.00   -inf  -nan   3   2   5   2 270.89
   12   2018 02 19 13:10:37.915    47437.915  0.2244 30.9405 110.7605  10.00   -inf  -nan  11  11  22  10  89.30
   13   2018 02 19 13:13:19.734    47599.734  0.2038 30.9805 110.8605   0.00   -inf  -nan   3   3   6   3 225.56
   14   2018 02 19 14:17:28.063    51448.063  0.3217 31.0505 110.4605   0.00   -inf  -nan  12  12  24  11 109.45
    1   2018 02 20 01:45:22.399     6322.399  0.0889 30.9005 110.7605   0.00   -inf  -nan   3   2   5   2 242.44
    2   2018 02 20 01:59:26.515     7166.515  0.1893 31.1305 110.3005   0.00   -inf  -nan   5   3   8   3 233.45
    3   2018 02 20 07:24:42.814    26682.814  0.3243 31.0905 110.1905   6.00   -inf  -nan   9   8  17   7 181.48
    4   2018 02 20 07:50:52.100    28252.100  0.1729 30.7805 110.7705  10.00   -inf  -nan   9   9  18   8 110.23
    5   2018 02 20 12:06:24.856    43584.856  0.3878 31.0505 110.4505   6.00   -inf  -nan   5   7  12   5 109.19
    6   2018 02 20 12:12:21.802    43941.802  0.3433 30.9405 110.7605   6.00   -inf  -nan  11  11  22  10  89.29
    7   2018 02 20 12:31:38.344    45098.344  0.3400 31.0605 110.4405   4.00   -inf  -nan   7   6  13   4 198.28
    8   2018 02 20 13:23:32.648    48212.648  0.3561 31.0505 110.2705   2.00   -inf  -nan   3   4   7   3 140.70
    9   2018 02 20 15:04:40.334    54280.334  0.3455 31.0205 110.4405   6.00   -inf  -nan   5   5  10   5 123.87
   10   2018 02 20 17:19:50.927    62390.927  0.3204 30.9405 110.7805  18.00   -inf  -nan  18  12  30  11  62.87
   11   2018 02 20 17:27:45.783    62865.783  0.2593 30.8605 110.5605   0.00   -inf  -nan   3   2   5   2 240.54
   12   2018 02 20 18:22:02.648    66122.648  0.1545 30.9405 110.7805  10.00   -inf  -nan   5   7  12   5 120.33
   13   2018 02 20 18:29:36.022    66576.022  0.1531 30.9405 110.7805   8.00   -inf  -nan   5   7  12   5 120.33
   14   2018 02 20 18:54:34.874    68074.874  0.1126 30.9405 110.7805   8.00   -inf  -nan   4   5   9   4 163.21
   15   2018 02 20 19:07:57.125    68877.125  0.2637 31.0305 110.5205   8.00   -inf  -nan   4   4   8   4 140.98
   16   2018 02 20 19:40:05.606    70805.606  0.2109 30.9405 110.7805   8.00   -inf  -nan   6   8  14   6  92.21
   17   2018 02 20 19:55:16.079    71716.079  0.2101 31.0905 110.1505   4.00   -inf  -nan   3   2   5   1 264.37
   18   2018 02 20 20:50:43.514    75043.514  0.2350 30.9505 110.7805  10.00   -inf  -nan   5   8  13   5 104.40
   19   2018 02 20 21:01:53.096    75713.096  0.2435 31.0205 110.8205   8.00   -inf  -nan   3   3   6   3 254.71
   20   2018 02 20 21:53:32.293    78812.293  0.1581 30.9005 110.7605   2.00   -inf  -nan   3   2   5   2 326.83
   21   2018 02 20 22:14:30.639    80070.639  0.1899 30.9405 110.7805   8.00   -inf  -nan   8   7  15   6  92.21
    1   2018 02 23 02:05:53.930     7553.930  0.3375 31.1005 110.3705   2.00   -inf  -nan   3   2   5   1 169.97
    2   2018 02 23 07:06:28.553    25588.553  0.3276 30.9405 110.6005   4.00   -inf  -nan   3   2   5   2 216.59
    3   2018 02 23 09:11:52.796    33112.796  0.2412 31.0905 110.4205   4.00   -inf  -nan   7   7  14   7 131.66
    4   2018 02 23 09:14:25.413    33265.413  0.4579 31.0105 110.4505   0.00   -inf  -nan   4   5   9   4 135.14
    5   2018 02 23 09:24:04.358    33844.358  0.4008 31.1005 110.4005   8.00   -inf  -nan   3   4   7   2 254.15
    6   2018 02 23 09:27:31.778    34051.778  0.3790 31.0205 110.4405   6.00   -inf  -nan  15  14  29  13  87.12
    7   2018 02 23 11:28:12.817    41292.817  0.2562 30.7505 110.7005  10.00   -inf  -nan  11   9  20   9 165.82
    8   2018 02 23 12:01:45.912    43305.912  0.2572 31.1705 110.3105   0.00   -inf  -nan   5   2   7   2 258.71
    9   2018 02 23 14:38:49.159    52729.159  0.3224 31.0105 110.4705   0.00   -inf  -nan   5   7  12   4  85.46
   10   2018 02 23 16:08:16.522    58096.522  0.2931 30.8705 110.2405   8.00   -inf  -nan   6   5  11   5 227.94
   11   2018 02 23 18:39:59.773    67199.773  0.3377 31.0605 110.1305   4.00   -inf  -nan  10   9  19   9 216.83
   12   2018 02 23 21:06:39.545    75999.545  0.2984 30.9805 110.4605   8.00   -inf  -nan   4   4   8   4 138.36
   13   2018 02 23 23:49:51.562    85791.562  0.3220 31.1805 110.1705   6.00   -inf  -nan   3   2   5   2 242.10
    1   2018 02 24 03:00:24.816    10824.816  0.3759 30.9405 110.7805  14.00   -inf  -nan   7   7  14   6 146.46
    2   2018 02 24 18:44:54.652    67494.652  0.2342 30.9405 110.7605  10.00   -inf  -nan   9  10  19   8  77.93
    3   2018 02 24 20:40:54.730    74454.730  0.2761 30.9405 110.7605  10.00   -inf  -nan  15  15  30  14  77.93
    4   2018 02 24 20:41:26.283    74486.283  0.3047 31.0605 110.1305   8.00   -inf  -nan   6   6  12   5 216.83
    5   2018 02 24 21:01:25.613    75685.613  0.4177 30.9805 110.8205   0.00   -inf  -nan   3   2   5   2 329.79
    6   2018 02 24 21:03:01.016    75781.016  0.3069 30.9405 110.7505  10.00   -inf  -nan  16  14  30  13  68.13
    7   2018 02 24 21:11:01.742    76261.742  0.2962 30.9405 110.7805  12.00   -inf  -nan  11  10  21   9  92.21
    8   2018 02 24 21:56:53.827    79013.827  0.3514 31.1405 110.2905  10.00   -inf  -nan  15  13  28  12 128.53
    9   2018 02 24 22:56:21.221    82581.221  0.3044 31.1305 110.3005   0.00   -inf  -nan   3   4   7   3 131.46
   10   2018 02 24 23:42:58.432    85378.432  0.3087 30.9405 110.7805  10.00   -inf  -nan   7   6  13   5  92.21
   11   2018 02 24 23:46:31.453    85591.453  0.1707 30.9405 110.7605  10.00   -inf  -nan   7   6  13   6  89.30
   12   2018 02 24 23:47:08.778    85628.778  0.2969 30.9505 110.7805  12.00   -inf  -nan  11  12  23  11 102.97
   13   2018 02 24 23:47:56.234    85676.234  0.1868 30.9305 110.7605  10.00   -inf  -nan  11  11  22  10  96.54
   14   2018 02 24 23:50:59.112    85859.112  0.3084 30.9405 110.7505  10.00   -inf  -nan  12  12  24  11  68.13
   15   2018 02 24 23:52:11.791    85931.791  0.2046 30.9405 110.7605  10.00   -inf  -nan  11  11  22  10  77.93
   16   2018 02 24 23:56:21.959    86181.959  0.1605 30.9305 110.7605  10.00   -inf  -nan  11   9  20   9  96.54
    1   2018 02 25 00:06:57.608      417.608  0.2951 30.9405 110.7805  10.00   -inf  -nan  10  12  22  10  92.21
    2   2018 02 25 00:28:08.809     1688.809  0.2116 30.9405 110.7805  10.00   -inf  -nan   7   7  14   7 146.46
    3   2018 02 25 00:28:46.410     1726.410  0.1155 30.9405 110.7705  10.00   -inf  -nan   3   3   6   2 173.07
    4   2018 02 25 00:30:42.626     1842.626  0.3534 30.9505 110.7805  14.00   -inf  -nan  12  13  25  12 102.97
    5   2018 02 25 00:34:51.976     2091.976  0.2725 30.9405 110.7805  10.00   -inf  -nan  10  10  20  10  92.21
    6   2018 02 25 02:34:40.160     9280.160  0.3007 30.8805 110.1305   0.00   -inf  -nan   8   2  10   2 293.67
    7   2018 02 25 02:43:13.173     9793.173  0.3711 30.9405 110.5005   8.00   -inf  -nan   4   5   9   3 107.49
    8   2018 02 25 03:07:25.341    11245.341  0.3561 30.8805 110.1305   0.00   -inf  -nan  12   9  21   9 263.31
    9   2018 02 25 04:02:25.919    14545.919  0.3552 30.9305 110.6905   2.00   -inf  -nan   4   2   6   1 139.35
   10   2018 02 25 06:19:22.394    22762.394  0.3590 31.0205 110.4805   0.00   -inf  -nan  17  10  27  10  99.98
   11   2018 02 25 07:13:49.034    26029.034  0.3301 30.9205 110.5805   4.00   -inf  -nan   3   2   5   2 284.75
   12   2018 02 25 07:30:57.940    27057.940  0.2230 30.9405 110.7605  10.00   -inf  -nan   7   8  15   7 127.90
   13   2018 02 25 07:32:57.965    27177.965  0.1773 30.9405 110.7805  10.00   -inf  -nan   4   3   7   3 182.72
   14   2018 02 25 07:50:20.307    28220.307  0.3539 30.9405 110.7805   8.00   -inf  -nan   3   4   7   2 146.48
   15   2018 02 25 08:00:23.084    28823.084  0.2319 30.9405 110.7605  10.00   -inf  -nan  15  16  31  15  77.94
   16   2018 02 25 08:15:47.064    29747.064  0.1677 30.8505 111.1305   6.00   -inf  -nan  12   8  20   8 210.25
   17   2018 02 25 11:26:17.497    41177.497  0.2893 30.9405 110.7805  10.00   -inf  -nan   9   9  18   9  92.21
   18   2018 02 25 11:28:24.163    41304.163  0.2632 31.0905 110.3005   0.00   -inf  -nan   3   4   7   3 183.75
   19   2018 02 25 11:35:45.099    41745.099  0.3506 31.0905 110.3005   0.00   -inf  -nan   9   9  18   9  92.71
   20   2018 02 25 11:51:09.502    42669.502  0.2846 31.0905 110.4605   6.00   -inf  -nan  14  11  25  11 134.94
   21   2018 02 25 11:54:54.909    42894.909  0.1902 30.9305 110.7605  10.00   -inf  -nan   4   5   9   3 105.45
   22   2018 02 25 13:19:31.375    47971.375  0.2825 30.9405 110.7805  10.00   -inf  -nan   7   6  13   6 127.07
   23   2018 02 25 14:09:20.378    50960.378  0.3052 30.9405 110.7805  12.00   -inf  -nan  10  10  20   9  92.21
   24   2018 02 25 16:48:09.291    60489.291  0.3327 31.0505 110.4705   0.00   -inf  -nan   4   5   9   4 208.71
   25   2018 02 25 18:32:52.312    66772.312  0.0968 30.9405 110.7805  12.00   -inf  -nan   3   2   5   2 292.94
   26   2018 02 25 18:54:15.976    68055.976  0.3211 31.0605 110.4405   4.00   -inf  -nan   5   5  10   5 216.40
   27   2018 02 25 19:01:51.747    68511.747  0.3340 31.2005 110.5405   0.00   -inf  -nan   8   6  14   6 187.34
   28   2018 02 25 20:35:32.633    74132.633  0.2791 31.1005 110.3605   8.00   -inf  -nan   5   7  12   5 143.87
    1   2018 02 26 06:18:33.533    22713.533  0.2052 30.8505 111.1305   6.00   -inf  -nan  11   6  17   6 210.25
    2   2018 02 26 06:50:30.646    24630.646  0.2398 31.0905 110.4605   0.00   -inf  -nan   4   5   9   4 150.61
    3   2018 02 26 06:51:24.953    24684.953  0.2521 30.8605 111.1305   8.00   -inf  -nan   9   8  17   6 204.21
    4   2018 02 26 07:12:39.087    25959.087  0.1870 31.0205 110.4405   4.00   -inf  -nan   5   3   8   3  97.11
    5   2018 02 26 08:02:48.233    28968.233  0.3414 31.0305 110.4405  12.00   -inf  -nan   4   4   8   3  92.86
    6   2018 02 26 15:11:18.190    54678.190  0.2092 30.9505 110.4805   8.00   -inf  -nan   6   5  11   5 114.00
    7   2018 02 26 16:03:30.900    57810.900  0.3289 30.7905 110.7405   6.00   -inf  -nan   5   6  11   4 113.97
    8   2018 02 26 16:16:31.356    58591.356  0.1671 31.0905 110.3805   6.00   -inf  -nan   3   3   6   3 167.22
    9   2018 02 26 16:43:39.175    60219.175  0.2078 31.0905 110.1905   0.00   -inf  -nan   3   3   6   2 250.52
   10   2018 02 26 17:02:40.760    61360.760  0.1586 30.7705 110.7605  10.00   -inf  -nan   3   4   7   3 186.92
   11   2018 02 26 17:52:06.440    64326.440  0.3193 31.1705 110.3405   0.00   -inf  -nan   8   4  12   4 270.76
   12   2018 02 26 17:53:33.020    64413.020  0.1110 30.9405 110.4805   0.00   -inf  -nan   3   2   5   2 200.98
   13   2018 02 26 18:26:49.272    66409.272  0.1655 30.9005 110.7805   2.00   -inf  -nan   3   2   5   2 293.44
   14   2018 02 26 18:40:12.367    67212.367  0.2122 31.1305 110.2305   6.00   -inf  -nan   3   3   6   3 269.96
   15   2018 02 26 19:28:01.942    70081.942  0.3658 31.0205 110.4405   8.00   -inf  -nan  14  15  29  13  87.12
   16   2018 02 26 20:29:33.171    73773.171  0.3391 30.7505 110.7805  14.00   -inf  -nan  11  15  26  10 143.65
   17   2018 02 26 20:56:52.233    75412.233  0.2322 30.9805 110.4605   0.00   -inf  -nan   5   4   9   4 156.28
   18   2018 02 26 21:16:10.211    76570.211  0.1904 31.1305 110.2305   0.00   -inf  -nan   7   8  15   7 154.97
   19   2018 02 26 22:22:51.874    80571.874  0.3073 31.1305 110.3005   0.00   -inf  -nan   8   9  17   7 131.46
   20   2018 02 26 22:29:00.789    80940.789  0.3295 31.1305 110.3005   2.00   -inf  -nan  15  15  30  14 127.05
    1   2018 02 27 02:09:15.713     7755.713  0.1644 30.8505 111.1305   6.00   -inf  -nan   8   8  16   7 210.25
    2   2018 02 27 03:05:54.905    11154.905  0.2403 31.1405 110.2405   4.00   -inf  -nan  10  12  22   8 146.36
    3   2018 02 27 05:53:02.808    21182.808  0.4199 30.8905 111.1305   2.00   -inf  -nan  13   5  18   5 164.15
    4   2018 02 27 06:58:33.391    25113.391  0.3889 30.9805 110.4805   0.00   -inf  -nan   7   6  13   5 145.10
    5   2018 02 27 07:14:42.434    26082.434  0.4155 30.9405 110.4405  16.00   -inf  -nan   5   4   9   3 160.39
    6   2018 02 27 07:15:33.784    26133.784  0.3344 30.9405 110.4605  12.00   -inf  -nan   3   3   6   3 146.14
    7   2018 02 27 08:07:59.105    29279.105  0.2700 30.9405 110.5005  12.00   -inf  -nan   3   2   5   2 160.73
    8   2018 02 27 08:36:10.400    30970.400  0.4670 31.2105 110.4705   2.00   -inf  -nan   3   3   6   2 263.18
    9   2018 02 27 09:13:02.315    33182.315  0.1674 30.8505 111.1305   6.00   -inf  -nan  15   9  24   9 210.25
   10   2018 02 27 11:08:18.433    40098.433  0.2222 31.1005 110.4405   0.00   -inf  -nan   4   5   9   4 200.33
   11   2018 02 27 13:21:44.404    48104.404  0.2998 31.0105 110.1905   0.00   -inf  -nan   6   7  13   4 173.54
   12   2018 02 27 13:29:56.754    48596.754  0.2768 30.9405 110.7505  12.00   -inf  -nan   3   6   9   3 105.99
   13   2018 02 27 13:34:36.829    48876.829  0.2438 30.9405 110.7605   8.00   -inf  -nan  13  15  28  13  77.93
   14   2018 02 27 13:36:10.498    48970.498  0.3156 30.9405 110.7605   8.00   -inf  -nan  17  16  33  16  77.93
   15   2018 02 27 13:36:38.155    48998.155  0.1565 30.9405 110.7605  10.00   -inf  -nan   9   9  18   9  89.30
   16   2018 02 27 13:38:39.605    49119.605  0.2851 30.9405 110.7605   8.00   -inf  -nan  17  17  34  17  77.93
   17   2018 02 27 15:20:31.108    55231.108  0.2972 31.0905 110.1105   6.00   -inf  -nan   6   5  11   5 277.12
   18   2018 02 27 16:31:39.891    59499.891  0.1405 30.9005 110.7805   6.00   -inf  -nan   3   2   5   2 293.44
   19   2018 02 27 16:32:36.232    59556.232  0.2895 30.9405 110.7505  10.00   -inf  -nan  18  12  30  12  68.13
   20   2018 02 27 16:32:51.954    59571.954  0.2764 30.9405 110.7605  12.00   -inf  -nan  11   8  19   8  89.29
   21   2018 02 27 16:33:17.749    59597.749  0.2726 30.9405 110.7605  10.00   -inf  -nan  11  15  26  11  77.93
   22   2018 02 27 16:34:08.715    59648.715  0.1580 30.9405 110.7805  12.00   -inf  -nan   3   3   6   2 292.94
   23   2018 02 27 16:39:25.054    59965.054  0.2036 30.9405 110.7605  10.00   -inf  -nan  10  12  22  10  89.30
   24   2018 02 27 16:41:49.364    60109.364  0.3148 30.9405 110.7805  12.00   -inf  -nan  18  17  35  16  62.87
   25   2018 02 27 16:50:21.832    60621.832  0.2658 30.9405 110.7505  10.00   -inf  -nan  11  10  21  10  92.19
   26   2018 02 27 16:53:08.803    60788.803  0.3145 30.9405 110.7805  12.00   -inf  -nan   4   8  12   2  92.21
   27   2018 02 27 16:55:09.212    60909.212  0.2867 30.9405 110.7505  10.00   -inf  -nan  11  12  23  11  68.13
   28   2018 02 27 17:37:12.657    63432.657  0.1772 31.1305 110.3405   0.00   -inf  -nan   3   2   5   2 221.12
   29   2018 02 27 17:48:31.592    64111.592  0.3767 30.9405 110.7805  12.00   -inf  -nan  13  15  28  10  62.87
   30   2018 02 27 18:10:53.714    65453.714  0.3366 31.0505 110.4505   4.00   -inf  -nan   9   9  18   8 109.19
   31   2018 02 27 18:22:40.886    66160.886  0.2573 30.9105 110.7805   6.00   -inf  -nan   6  10  16   6 100.55
   32   2018 02 27 19:03:27.604    68607.604  0.2975 31.0205 110.1705   6.00   -inf  -nan   7   7  14   5 189.44
   33   2018 02 27 19:19:44.325    69584.325  0.3128 30.9505 110.4805   4.00   -inf  -nan   9   7  16   7  89.16
   34   2018 02 27 20:26:24.443    73584.443  0.3229 30.9405 110.7805   8.00   -inf  -nan   3   3   6   3 210.94
   35   2018 02 27 21:26:38.378    77198.378  0.4348 30.9805 110.4605   8.00   -inf  -nan   6   6  12   6 138.36
   36   2018 02 27 21:31:11.530    77471.530  0.2321 30.9505 110.4805   6.00   -inf  -nan   9   4  13   4  89.16
   37   2018 02 27 21:38:57.439    77937.439  0.2818 31.0605 110.4405   0.00   -inf  -nan   5   3   8   2 170.49
   38   2018 02 27 21:44:22.938    78262.938  0.1707 30.9805 110.4605   0.00   -inf  -nan   3   4   7   3 193.85
   39   2018 02 27 21:48:48.643    78528.643  0.3132 31.0905 110.1905   0.00   -inf  -nan   4   6  10   3 181.48
   40   2018 02 27 21:59:10.524    79150.524  0.4095 30.9405 110.4605  10.00   -inf  -nan  18  15  33  14  84.04
   41   2018 02 27 23:27:17.908    84437.908  0.1740 30.7705 110.7605  10.00   -inf  -nan   4   4   8   4 186.92
   42   2018 02 27 23:45:31.540    85531.540  0.4111 30.9405 110.4605  10.00   -inf  -nan  13  13  26  11  84.04
    1   2018 02 28 00:18:15.835     1095.835  0.3413 30.9805 110.4805   0.00   -inf  -nan   4   4   8   4 145.10
    2   2018 02 28 01:22:54.880     4974.880  0.1088 30.9005 110.6605   2.00   -inf  -nan   3   2   5   2 224.75
    3   2018 02 28 02:10:40.146     7840.146  0.3173 31.0205 110.7805  12.00   -inf  -nan   3   4   7   3 141.98
    4   2018 02 28 02:16:31.021     8191.021  0.4839 30.9405 110.4805   6.00   -inf  -nan   7   9  16   7  95.30
    5   2018 02 28 02:19:15.857     8355.857  0.1356 30.9505 110.4805  10.00   -inf  -nan   3   2   5   2 130.24
    6   2018 02 28 03:23:09.562    12189.562  0.1992 30.8505 111.1305   4.00   -inf  -nan  12   4  16   4 210.25
    7   2018 02 28 03:44:57.234    13497.234  0.1983 31.2105 110.5105   2.00   -inf  -nan   3   2   5   2 311.92
    8   2018 02 28 04:19:07.999    15547.999  0.2788 30.9705 110.4705   4.00   -inf  -nan   8   7  15   7  91.59
    9   2018 02 28 07:12:09.955    25929.955  0.1974 30.7705 110.7605  10.00   -inf  -nan   3   3   6   3 186.92
   10   2018 02 28 07:20:30.305    26430.305  0.1901 30.8505 111.1305   6.00   -inf  -nan   7   9  16   6 210.25
   11   2018 02 28 07:24:55.054    26695.054  0.4703 31.0205 110.4405   6.00   -inf  -nan  15  17  32  13  87.12
   12   2018 02 28 07:45:43.896    27943.896  0.3874 30.9405 110.4605  10.00   -inf  -nan  17  17  34  16  84.04
   13   2018 02 28 07:53:19.909    28399.909  0.1997 30.9405 110.4805  12.00   -inf  -nan   3   2   5   2 139.21
   14   2018 02 28 07:53:38.306    28418.306  0.3271 30.9605 110.4905   8.00   -inf  -nan   9   7  16   6  88.30
   15   2018 02 28 07:54:51.833    28491.833  0.3267 30.9805 110.4605  10.00   -inf  -nan   3   4   7   3 138.36
   16   2018 02 28 08:09:08.780    29348.780  0.3754 30.9405 110.4805   8.00   -inf  -nan   3   3   6   3 139.21
   17   2018 02 28 08:13:11.932    29591.932  0.3217 30.9505 110.4805   6.00   -inf  -nan   3   3   6   3 130.24
   18   2018 02 28 08:28:28.744    30508.744  0.1283 31.0205 110.7905  10.00   -inf  -nan   4   4   8   2 142.11
   19   2018 02 28 09:07:26.520    32846.520  0.3443 31.0605 110.4405   2.00   -inf  -nan   3   4   7   2 113.97
   20   2018 02 28 09:17:40.339    33460.339  0.3003 30.8505 111.1305   8.00   -inf  -nan   9   6  15   6 210.25
   21   2018 02 28 09:45:07.030    35107.030  0.3877 31.0205 110.4405   6.00   -inf  -nan  14  12  26  11  87.12
   22   2018 02 28 10:11:39.120    36699.120  0.4703 31.0605 110.4405   2.00   -inf  -nan   3   6   9   3 113.97
   23   2018 02 28 10:43:52.894    38632.894  0.2443 30.9805 110.4605   2.00   -inf  -nan   3   3   6   3 199.73
   24   2018 02 28 10:49:22.466    38962.466  0.1228 31.0505 110.3105   8.00   -inf  -nan   3   2   5   2 232.60
   25   2018 02 28 11:06:44.402    40004.402  0.3847 30.9805 110.4605   8.00   -inf  -nan   6   5  11   5 138.36
   26   2018 02 28 11:08:49.220    40129.220  0.2068 30.9505 110.4805   6.00   -inf  -nan   7   4  11   4 114.00
   27   2018 02 28 12:06:30.579    43590.579  0.1946 30.9805 110.4805   4.00   -inf  -nan   4   3   7   3 145.10
   28   2018 02 28 12:13:32.629    44012.629  0.2847 31.0905 110.1505   0.00   -inf  -nan   5   6  11   4 275.81
   29   2018 02 28 12:28:12.162    44892.162  0.2058 31.0205 110.3605   0.00   -inf  -nan   3   4   7   3 166.16
   30   2018 02 28 15:51:50.822    57110.822  0.3994 31.1705 110.4705   0.00   -inf  -nan   7   7  14   4 182.72
   31   2018 02 28 18:12:04.406    65524.406  0.1783 31.0105 110.1905   4.00   -inf  -nan   5   4   9   4 209.70
   32   2018 02 28 18:18:00.677    65880.677  0.2307 30.9405 110.5005  10.00   -inf  -nan   3   3   6   3 160.73
   33   2018 02 28 18:38:49.316    67129.316  0.3653 31.1005 110.3605   6.00   -inf  -nan   8   8  16   7 143.87
   34   2018 02 28 19:50:28.967    71428.967  0.1960 30.9405 110.5005  10.00   -inf  -nan   4   4   8   4 160.73
   35   2018 02 28 20:07:41.441    72461.441  0.2539 30.9805 110.4605   0.00   -inf  -nan   3   3   6   3 199.73
   36   2018 02 28 21:04:03.443    75843.443  0.0870 30.9005 110.5005   8.00   -inf  -nan   3   3   6   3 225.38
   37   2018 02 28 21:13:09.008    76389.008  0.4274 30.9805 110.4605   6.00   -inf  -nan  11   9  20   8 132.29
   38   2018 02 28 21:33:40.453    77620.453  0.3553 30.9805 110.4805   6.00   -inf  -nan  11  10  21   9 109.08
   39   2018 02 28 22:23:42.378    80622.378  0.2785 30.9805 110.4605   0.00   -inf  -nan   6   5  11   5 138.36
   40   2018 02 28 22:45:33.951    81933.951  0.2341 30.9105 110.5605   8.00   -inf  -nan   3   3   6   3 239.88
    1   2018 03 01 01:54:06.224     6846.224  0.2961 31.0905 110.4205   6.00   -inf  -nan   8   7  15   5 118.85
    2   2018 03 01 02:14:29.169     8069.169  0.1273 31.0905 110.4205   8.00   -inf  -nan   3   3   6   3 131.66
    3   2018 03 01 02:23:25.594     8605.594  0.1165 31.0905 110.4205   8.00   -inf  -nan   3   3   6   3 131.66
    4   2018 03 01 04:24:04.886    15844.886  0.3614 31.2205 110.0105   2.00   -inf  -nan  13   8  21   8 313.57
    5   2018 03 01 04:59:50.727    17990.727  0.2587 30.8505 111.1305   4.00   -inf  -nan  11  10  21  10 210.25
    6   2018 03 01 06:19:09.497    22749.497  0.2943 31.1705 110.5105   2.00   -inf  -nan   5   2   7   2 202.54
    7   2018 03 01 11:02:43.254    39763.254  0.2926 31.1405 110.2105  10.00   -inf  -nan   3   2   5   2 190.20
    8   2018 03 01 12:05:50.601    43550.601  0.3810 30.9405 110.7805  12.00   -inf  -nan  19  19  38  18  62.87
    9   2018 03 01 12:06:16.987    43576.987  0.3490 30.9405 110.7805  12.00   -inf  -nan  17  16  33  16  92.21
   10   2018 03 01 12:08:02.319    43682.319  0.1804 30.9305 110.7605  10.00   -inf  -nan   3   4   7   1  96.54
   11   2018 03 01 12:15:01.239    44101.239  0.4336 30.9405 110.4605  10.00   -inf  -nan  19  19  38  19  84.04
   12   2018 03 01 12:17:17.222    44237.222  0.2173 30.9405 110.7605  10.00   -inf  -nan  10  10  20  10  89.30
   13   2018 03 01 12:25:53.783    44753.783  0.2629 30.9805 110.4605   0.00   -inf  -nan   4   4   8   4 199.73
   14   2018 03 01 14:05:00.595    50700.595  0.3189 30.9405 110.7605  10.00   -inf  -nan  18  17  35  17  77.93
   15   2018 03 01 14:12:04.476    51124.476  0.2171 30.9405 110.7605  10.00   -inf  -nan   9  10  19   9  89.30
   16   2018 03 01 14:33:00.701    52380.701  0.4088 31.0905 110.3405   8.00   -inf  -nan   3   4   7   3 153.81
   17   2018 03 01 15:42:27.671    56547.671  0.1883 31.1305 110.3005   0.00   -inf  -nan   4   4   8   3 233.45
   18   2018 03 01 17:26:49.184    62809.184  0.3430 30.9805 110.4605   6.00   -inf  -nan   8   6  14   6  98.40
   19   2018 03 01 17:45:57.384    63957.384  0.2148 30.9405 110.5005  12.00   -inf  -nan   3   3   6   3 160.73
   20   2018 03 01 18:03:13.923    64993.923  0.2641 30.9805 110.4805   6.00   -inf  -nan   4   4   8   4 145.10
   21   2018 03 01 18:18:57.818    65937.818  0.3225 30.9405 110.4605  10.00   -inf  -nan  14  11  25  10  84.65
   22   2018 03 01 18:20:21.949    66021.949  0.2782 31.2105 110.5505   0.00   -inf  -nan   7   2   9   2 232.57
   23   2018 03 01 18:59:52.058    68392.058  0.4299 30.9405 110.4805   8.00   -inf  -nan   5   4   9   4 123.52
   24   2018 03 01 19:02:12.382    68532.382  0.3695 30.9005 110.5005  12.00   -inf  -nan   4   4   8   3 225.38
   25   2018 03 01 19:11:30.864    69090.864  0.3431 30.9405 110.4605  10.00   -inf  -nan  19  17  36  17  84.04
   26   2018 03 01 19:18:59.109    69539.109  0.4116 30.9805 110.4605   6.00   -inf  -nan   4   6  10   4 138.36
   27   2018 03 01 19:30:19.847    70219.847  0.4240 30.9405 110.4605   8.00   -inf  -nan   8   9  17   7  84.04
   28   2018 03 01 19:31:48.506    70308.506  0.2509 31.1005 110.4405   4.00   -inf  -nan   3   4   7   3 189.33
   29   2018 03 01 19:57:52.653    71872.653  0.4055 30.9805 110.4605   8.00   -inf  -nan   3   4   7   3 138.36
   30   2018 03 01 20:17:23.330    73043.330  0.1724 30.9505 110.4805   8.00   -inf  -nan   4   4   8   4 130.24
   31   2018 03 01 20:18:31.344    73111.344  0.1623 31.1805 110.4505   0.00   -inf  -nan   5   2   7   1 206.30
   32   2018 03 01 20:35:00.880    74100.880  0.3965 31.0505 110.4705   4.00   -inf  -nan   3   2   5   2 203.93
   33   2018 03 01 20:40:36.463    74436.463  0.2921 30.9405 110.7805  10.00   -inf  -nan   8   8  16   7  92.21
   34   2018 03 01 20:42:09.312    74529.312  0.3556 30.9405 110.7805  12.00   -inf  -nan  15  19  34  14  62.87
   35   2018 03 01 21:26:41.502    77201.502  0.2102 30.9005 110.7905   0.00   -inf  -nan   3   3   6   3 228.95
   36   2018 03 01 21:32:27.297    77547.297  0.1512 30.9305 110.4905  10.00   -inf  -nan   3   3   6   3 162.97
   37   2018 03 01 22:11:33.179    79893.179  0.2861 30.9405 110.7805  12.00   -inf  -nan   7   8  15   6  92.21
   38   2018 03 01 22:44:43.967    81883.967  0.3617 30.9405 110.4605  12.00   -inf  -nan  15  13  28  13  84.04
    1   2018 03 02 01:34:20.142     5660.142  0.3180 30.9405 110.7805  12.00   -inf  -nan  12  14  26  12  92.21
    2   2018 03 02 05:05:56.917    18356.917  0.2122 30.9805 110.4805   6.00   -inf  -nan   3   5   8   3 107.62
    3   2018 03 02 05:10:29.267    18629.267  0.2260 31.0205 110.4205  10.00   -inf  -nan   3   2   5   2 156.18
    4   2018 03 02 05:12:53.475    18773.475  0.2251 30.9805 110.4805   6.00   -inf  -nan   5   5  10   5 145.10
    5   2018 03 02 05:43:27.817    20607.817  0.2892 30.9305 110.7605   8.00   -inf  -nan  16  17  33  14  69.03
    6   2018 03 02 05:43:51.789    20631.789  0.2056 30.9105 110.7405   8.00   -inf  -nan   7   5  12   5 123.37
    7   2018 03 02 05:45:56.523    20756.523  0.3366 30.9405 110.7805  10.00   -inf  -nan  16  17  33  15  92.21
    8   2018 03 02 05:47:46.792    20866.792  0.3338 31.0605 110.4405   8.00   -inf  -nan  18  16  34  15 108.13
    9   2018 03 02 05:52:49.965    21169.965  0.2316 30.9405 110.7605  10.00   -inf  -nan  10  11  21  10  77.93
   10   2018 03 02 06:05:48.622    21948.622  0.3224 30.9305 110.7505  10.00   -inf  -nan  11  11  22   9  69.87
   11   2018 03 02 06:06:48.886    22008.886  0.2800 30.9405 110.7605  10.00   -inf  -nan  16  16  32  14  77.93
   12   2018 03 02 07:20:14.014    26414.014  0.2012 30.9305 110.7605  10.00   -inf  -nan   5   5  10   5 118.39
   13   2018 03 02 07:47:56.054    28076.054  0.3422 30.9405 110.4605  12.00   -inf  -nan   3   4   7   3 112.95
   14   2018 03 02 07:51:11.490    28271.490  0.3422 30.9805 110.4805   0.00   -inf  -nan   4   4   8   3 145.10
   15   2018 03 02 08:16:33.653    29793.653  0.1860 30.9005 110.7805   8.00   -inf  -nan   3   3   6   3 227.21
   16   2018 03 02 08:37:51.790    31071.790  0.1896 30.9705 109.9905   8.00   -inf  -nan   6   2   8   2 289.06
   17   2018 03 02 09:29:09.578    34149.578  0.1807 30.9305 110.7605  10.00   -inf  -nan   9   9  18   8  96.54
   18   2018 03 02 09:35:22.410    34522.410  0.2381 30.9505 110.4805   6.00   -inf  -nan   6   5  11   4 116.73
   19   2018 03 02 09:39:43.075    34783.075  0.1477 30.7905 110.7405   8.00   -inf  -nan   6   6  12   6 113.97
   20   2018 03 02 10:07:18.405    36438.405  0.2512 31.1705 110.3405   4.00   -inf  -nan   8   2  10   2 176.84
   21   2018 03 02 10:23:19.036    37399.036  0.2719 30.9405 110.7605  10.00   -inf  -nan  17  15  32  15  77.93
   22   2018 03 02 10:25:47.889    37547.889  0.2241 30.9405 110.7805  10.00   -inf  -nan   8   6  14   6  92.21
   23   2018 03 02 12:05:14.721    43514.721  0.4150 31.0605 110.4405   4.00   -inf  -nan   4   6  10   4 170.49
   24   2018 03 02 12:07:25.843    43645.843  0.2849 30.9405 110.7805  10.00   -inf  -nan  13  13  26  11  92.21
   25   2018 03 02 12:19:02.676    44342.676  0.1796 30.9505 110.7605  10.00   -inf  -nan   5   4   9   4 104.62
   26   2018 03 02 12:21:36.244    44496.244  0.3696 30.9405 110.7805  12.00   -inf  -nan  20  18  38  18  62.87
   27   2018 03 02 12:27:34.732    44854.732  0.1362 30.9405 110.7805  10.00   -inf  -nan   3   2   5   2 329.07
   28   2018 03 02 12:29:01.930    44941.930  0.2032 30.9005 110.7805  10.00   -inf  -nan   4   5   9   4 227.21
   29   2018 03 02 12:39:44.617    45584.617  0.1919 30.9405 110.7605  10.00   -inf  -nan  14  13  27  12  64.29
   30   2018 03 02 12:40:15.841    45615.841  0.2335 30.9405 110.7805  10.00   -inf  -nan   9   4  13   4  92.21
   31   2018 03 02 12:42:01.802    45721.802  0.2325 30.9405 110.7605  10.00   -inf  -nan   9   8  17   8  89.30
   32   2018 03 02 12:52:21.491    46341.491  0.1946 30.9405 110.7805   8.00   -inf  -nan   8   9  17   8  92.21
   33   2018 03 02 13:09:43.502    47383.502  0.2334 30.9405 110.7605  10.00   -inf  -nan  10  10  20   9  89.29
   34   2018 03 02 13:10:50.143    47450.143  0.3335 30.9405 110.7605  10.00   -inf  -nan   6   3   9   3 110.97
   35   2018 03 02 13:55:32.272    50132.272  0.2079 30.9405 110.7605  10.00   -inf  -nan  11  12  23  11  77.93
   36   2018 03 02 14:03:57.332    50637.332  0.1710 30.9305 110.7605  10.00   -inf  -nan   7   7  14   6  96.54
   37   2018 03 02 14:36:34.440    52594.440  0.3450 30.7505 110.7005  18.00   -inf  -nan   3   2   5   2 200.85
   38   2018 03 02 14:38:08.327    52688.327  0.1632 30.9805 110.5205   2.00   -inf  -nan   4   3   7   3 151.31
   39   2018 03 02 14:38:37.354    52717.354  0.3089 30.9405 110.7805  12.00   -inf  -nan  11  11  22  11  92.21
   40   2018 03 02 14:42:07.392    52927.392  0.3093 30.9405 110.7805  12.00   -inf  -nan  14  10  24   9  92.21
   41   2018 03 02 14:46:16.371    53176.371  0.1177 30.7805 110.7605   8.00   -inf  -nan   3   4   7   3 124.85
   42   2018 03 02 14:57:52.527    53872.527  0.3364 30.9505 110.7805  12.00   -inf  -nan  15  13  28  13 102.85
   43   2018 03 02 14:59:40.265    53980.265  0.3883 30.9105 110.7405  12.00   -inf  -nan   9  11  20   5 123.17
   44   2018 03 02 15:00:04.035    54004.035  0.3518 30.9405 110.7505  10.00   -inf  -nan  19  14  33  13  64.69
   45   2018 03 02 15:00:28.014    54028.014  0.2228 30.9405 110.7605  10.00   -inf  -nan  13  12  25  11  77.93
   46   2018 03 02 15:01:31.391    54091.391  0.4844 30.9005 110.7405  14.00   -inf  -nan   7   8  15   6 135.10
   47   2018 03 02 15:03:04.945    54184.945  0.3130 30.9405 110.7505  10.00   -inf  -nan  15  14  29  13  68.13
   48   2018 03 02 15:03:45.507    54225.507  0.3656 30.9805 110.6405  20.00   -inf  -nan   3   2   5   2 201.97
   49   2018 03 02 15:05:25.499    54325.499  0.1594 30.9405 110.7405  10.00   -inf  -nan   3   2   5   2 245.54
   50   2018 03 02 15:06:54.458    54414.458  0.4861 30.9405 110.8405  12.00   -inf  -nan   3   2   5   2 218.45
   51   2018 03 02 15:10:37.017    54637.017  0.2240 30.9405 110.7605  10.00   -inf  -nan   8   9  17   7 110.97
   52   2018 03 02 15:12:00.765    54720.765  0.2651 30.9305 110.7705  12.00   -inf  -nan  17  17  34  16  78.07
   53   2018 03 02 15:29:26.763    55766.763  0.3643 31.0605 110.4805   6.00   -inf  -nan   3   4   7   3 244.76
   54   2018 03 02 15:33:41.622    56021.622  0.2765 30.9405 110.7805  12.00   -inf  -nan  11   9  20   9  92.21
   55   2018 03 02 15:56:51.462    57411.462  0.2005 30.9405 110.7605  10.00   -inf  -nan   3   4   7   3 194.83
   56   2018 03 02 16:18:09.295    58689.295  0.1482 30.9405 110.7805  10.00   -inf  -nan   3   3   6   3 236.87
   57   2018 03 02 16:27:52.151    59272.151  0.1479 30.9005 110.7805   8.00   -inf  -nan   4   3   7   3 257.35
   58   2018 03 02 17:44:00.035    63840.035  0.3576 30.9405 110.7805  12.00   -inf  -nan  19  18  37  18  92.21
   59   2018 03 02 17:46:02.361    63962.361  0.2644 30.9405 110.7805  10.00   -inf  -nan   9  10  19   9  92.21
   60   2018 03 02 17:55:06.346    64506.346  0.2201 30.9805 110.4605   0.00   -inf  -nan   3   3   6   3 199.73
   61   2018 03 02 18:01:21.593    64881.593  0.2974 30.9405 110.7805  10.00   -inf  -nan   6   6  12   3  92.21
   62   2018 03 02 18:19:39.325    65979.325  0.2498 31.1405 110.4005   4.00   -inf  -nan   3   2   5   1 252.99
   63   2018 03 02 19:06:32.982    68792.982  0.2137 30.8805 110.1305   0.00   -inf  -nan   8   6  14   6 300.70
   64   2018 03 02 19:11:12.722    69072.722  0.3760 30.9405 110.7805  12.00   -inf  -nan  17  13  30  11  92.21
   65   2018 03 02 19:11:32.322    69092.322  0.2114 30.9405 110.7605  12.00   -inf  -nan  11   7  18   7  77.93
   66   2018 03 02 19:18:05.560    69485.560  0.1560 30.9005 110.7805   8.00   -inf  -nan   3   3   6   3 293.44
   67   2018 03 02 19:30:44.625    70244.625  0.1733 30.9405 110.8205  10.00   -inf  -nan   3   3   6   3 337.62
   68   2018 03 02 19:46:50.478    71210.478  0.2828 31.1405 110.2105   0.00   -inf  -nan   5   5  10   4 170.72
   69   2018 03 02 19:49:31.895    71371.895  0.2290 30.9405 110.7805  10.00   -inf  -nan   8   9  17   8  92.21
   70   2018 03 02 23:04:08.209    83048.209  0.2260 31.0905 110.3505   4.00   -inf  -nan   5   8  13   5 144.09
   71   2018 03 02 23:23:46.400    84226.400  0.4073 31.0505 110.4505   6.00   -inf  -nan   8   9  17   8 109.19
    1   2018 03 03 04:29:04.897    16144.897  0.1365 30.9405 110.7605  10.00   -inf  -nan   5   5  10   5 144.50
    2   2018 03 03 04:37:20.434    16640.434  0.2779 30.9105 110.7405  10.00   -inf  -nan   7   7  14   6 123.37
    3   2018 03 03 05:03:33.449    18213.449  0.3330 30.9405 110.7805  12.00   -inf  -nan  15  15  30  15  92.21
    4   2018 03 03 05:06:03.293    18363.293  0.2461 30.9405 110.7805  10.00   -inf  -nan   6   6  12   5 146.46
    5   2018 03 03 06:15:53.642    22553.642  0.2449 30.9605 109.9705  10.00   -inf  -nan   3   3   6   3 324.94
    6   2018 03 03 06:57:44.037    25064.037  0.2314 30.9405 110.7605  10.00   -inf  -nan   6   6  12   6 127.90
    7   2018 03 03 09:06:17.254    32777.254  0.2279 30.9405 110.7605  10.00   -inf  -nan   9  10  19   9  77.93
    8   2018 03 03 10:39:16.949    38356.949  0.1939 31.1305 110.3005   2.00   -inf  -nan  10   4  14   3 131.46
    9   2018 03 03 10:39:28.017    38368.017  0.2502 31.1305 110.3005   0.00   -inf  -nan  10   8  18   7 127.05
   10   2018 03 03 11:14:01.445    40441.445  0.2416 31.1305 110.3005   0.00   -inf  -nan   5   4   9   3 131.46
   11   2018 03 03 11:29:54.513    41394.513  0.1493 31.1305 110.3005   0.00   -inf  -nan   3   2   5   2 131.46
   12   2018 03 03 14:07:22.520    50842.520  0.3250 30.9405 110.7805  12.00   -inf  -nan  18  18  36  17  92.21
   13   2018 03 03 14:39:51.365    52791.365  0.2461 30.8805 110.0905   0.00   -inf  -nan   9   4  13   4 283.86
   14   2018 03 03 15:02:36.731    54156.731  0.3243 31.1705 110.2905   0.00   -inf  -nan   4   2   6   2 274.42
   15   2018 03 03 15:09:14.859    54554.859  0.1882 31.1305 110.3005   0.00   -inf  -nan   8   7  15   7 131.46
   16   2018 03 03 16:05:52.561    57952.561  0.1347 30.9005 110.7805   6.00   -inf  -nan   3   4   7   3 227.29
   17   2018 03 03 16:58:47.797    61127.797  0.3161 30.9305 110.7605   8.00   -inf  -nan   4   7  11   4 106.14
   18   2018 03 03 17:01:36.403    61296.403  0.1871 30.9105 110.8005   8.00   -inf  -nan   3   3   6   3 302.51
   19   2018 03 03 17:28:02.827    62882.827  0.3168 30.9305 110.8005   8.00   -inf  -nan   4   5   9   3 115.93
   20   2018 03 03 17:31:48.684    63108.684  0.3578 31.1705 110.4705  18.00   -inf  -nan   3   2   5   1 246.97
   21   2018 03 03 17:58:17.592    64697.592  0.2270 30.9405 110.7805  10.00   -inf  -nan   7   7  14   6  92.21
   22   2018 03 03 18:29:10.559    66550.559  0.2817 30.9405 110.7505  10.00   -inf  -nan   6   9  15   6  68.13
   23   2018 03 03 18:33:28.610    66808.610  0.4285 30.9805 110.4805   0.00   -inf  -nan   5   7  12   5 114.84
   24   2018 03 03 18:47:12.706    67632.706  0.2799 30.9005 110.7805   8.00   -inf  -nan   3   4   7   3 227.29
   25   2018 03 03 19:17:22.576    69442.576  0.3691 30.9405 110.7805  12.00   -inf  -nan  17  15  32  15  92.21
   26   2018 03 03 20:26:15.719    73575.719  0.1662 30.9405 110.7805   8.00   -inf  -nan   5   7  12   5 118.14
   27   2018 03 03 20:44:36.228    74676.228  0.1835 30.9405 110.7805   8.00   -inf  -nan   6   6  12   6  92.21
   28   2018 03 03 23:41:27.270    85287.270  0.2782 30.9405 110.7805  10.00   -inf  -nan   8   9  17   8  92.21
    1   2018 03 04 00:19:09.184     1149.184  0.2152 31.0605 110.4405   6.00   -inf  -nan   3   3   6   3 256.49
    2   2018 03 04 05:33:23.181    20003.181  0.1113 30.7805 110.7605  10.00   -inf  -nan   5   5  10   5 124.85
    3   2018 03 04 07:03:25.408    25405.408  0.3028 30.9805 110.4605   0.00   -inf  -nan   4   4   8   4 199.73
    4   2018 03 04 07:05:30.872    25530.872  0.2184 30.9805 110.7405  12.00   -inf  -nan   3   2   5   2 199.20
    5   2018 03 04 07:19:24.850    26364.850  0.3371 31.0605 110.4805   0.00   -inf  -nan   4   5   9   3 141.43
    6   2018 03 04 07:52:30.130    28350.130  0.1743 30.9405 110.7605  10.00   -inf  -nan   4   4   8   4 110.97
    7   2018 03 04 08:25:06.408    30306.408  0.2060 30.9405 110.7605  10.00   -inf  -nan   8   8  16   8  89.30
    8   2018 03 04 09:28:58.550    34138.550  0.1683 30.9405 110.7805   8.00   -inf  -nan   4   4   8   3  92.21
    9   2018 03 04 12:14:40.649    44080.649  0.3450 31.0505 110.4605   0.00   -inf  -nan  10  11  21   9 129.92
   10   2018 03 04 12:29:42.604    44982.604  0.4385 31.0305 110.4405  12.00   -inf  -nan   5   6  11   4 113.92
   11   2018 03 04 12:55:41.924    46541.924  0.3248 30.9405 110.7505  12.00   -inf  -nan   4   5   9   4  99.52
   12   2018 03 04 14:22:50.044    51770.044  0.1421 30.9405 110.7605  10.00   -inf  -nan   4   3   7   3 128.27
   13   2018 03 04 14:59:31.955    53971.955  0.1876 30.9405 110.7805   8.00   -inf  -nan   3   4   7   2 118.73
   14   2018 03 04 15:10:53.332    54653.332  0.2938 30.9505 110.7605  10.00   -inf  -nan   4   3   7   3 162.08
   15   2018 03 04 15:12:15.252    54735.252  0.1385 30.9805 110.7405  12.00   -inf  -nan   3   2   5   2 199.20
   16   2018 03 04 16:36:42.224    59802.224  0.2863 30.9405 110.7805  10.00   -inf  -nan   5   6  11   5 127.07
   17   2018 03 04 16:45:10.368    60310.368  0.2805 30.9405 110.7605  10.00   -inf  -nan  13  13  26  12  77.93
   18   2018 03 04 17:10:43.221    61843.221  0.2004 30.9805 110.7405  12.00   -inf  -nan   3   3   6   3 199.20
   19   2018 03 04 18:00:29.535    64829.535  0.2519 31.0205 110.7905  12.00   -inf  -nan   4   5   9   4 206.93
   20   2018 03 04 19:13:57.273    69237.273  0.3136 30.9405 110.7805  10.00   -inf  -nan   8   7  15   5  92.21
   21   2018 03 04 19:17:41.207    69461.207  0.1318 30.9005 110.7805   8.00   -inf  -nan   4   4   8   4 227.21
   22   2018 03 04 19:36:08.933    70568.933  0.2942 30.9405 110.7805  10.00   -inf  -nan   5   5  10   4 127.07
   23   2018 03 04 19:55:29.990    71729.990  0.2684 30.9405 110.7805  10.00   -inf  -nan   8   9  17   8  92.21
   24   2018 03 04 19:56:36.424    71796.424  0.2454 30.9405 110.7605  10.00   -inf  -nan  10  11  21  10  77.93
   25   2018 03 04 21:59:40.045    79180.045  0.1724 30.9405 110.7805   8.00   -inf  -nan   4   3   7   2 127.07
   26   2018 03 04 22:01:09.412    79269.412  0.1800 30.9405 110.7605  10.00   -inf  -nan   7   8  15   7  89.30
   27   2018 03 04 22:08:44.724    79724.724  0.2883 30.9405 110.7805  10.00   -inf  -nan   6   6  12   5  92.21
   28   2018 03 04 22:09:22.249    79762.249  0.4106 31.0105 110.4305   8.00   -inf  -nan   4   4   8   3 168.14
    1   2018 03 05 00:12:18.748      738.748  0.2951 31.0705 110.6805   6.00   -inf  -nan   3   2   5   1 231.95
    2   2018 03 05 01:14:17.608     4457.608  0.2362 31.0105 110.1105  12.00   -inf  -nan   3   3   6   3 278.55
    3   2018 03 05 01:17:26.285     4646.285  0.2051 30.9405 110.7605  10.00   -inf  -nan   6   8  14   6  89.30
    4   2018 03 05 01:30:55.065     5455.065  0.2477 30.9405 110.7605  10.00   -inf  -nan   9   9  18   9  89.30
    5   2018 03 05 03:39:47.301    13187.301  0.1983 30.9305 110.7605  12.00   -inf  -nan   6   7  13   5 118.39
    6   2018 03 05 03:42:50.691    13370.691  0.2981 31.0905 110.4605   0.00   -inf  -nan  17  16  33  14 134.94
    7   2018 03 05 03:46:56.562    13616.562  0.2521 30.9805 110.4605   0.00   -inf  -nan   3   3   6   3 265.21
    8   2018 03 05 07:13:50.773    26030.773  0.3238 30.9405 110.7805   8.00   -inf  -nan   3   3   6   3 210.94
    9   2018 03 05 08:07:41.222    29261.222  0.1109 30.7705 110.7605  12.00   -inf  -nan   4   2   6   2 124.90
   10   2018 03 05 13:46:23.065    49583.065  0.2506 31.0905 110.2705   6.00   -inf  -nan   5   5  10   5 206.57
   11   2018 03 05 14:46:44.690    53204.690  0.3424 31.0205 110.4405   6.00   -inf  -nan   4   5   9   4 123.87
   12   2018 03 05 14:52:25.777    53545.777  0.2346 30.9305 110.4905  10.00   -inf  -nan   3   3   6   3 162.97
   13   2018 03 05 18:30:34.660    66634.660  0.2287 30.9805 110.4605   0.00   -inf  -nan   4   4   8   4 199.73
   14   2018 03 05 19:11:26.196    69086.196  0.2993 30.9505 110.4805   4.00   -inf  -nan   4   4   8   3 114.00
   15   2018 03 05 19:57:04.564    71824.564  0.1873 30.9805 110.4605   2.00   -inf  -nan   3   3   6   3 199.73
    1   2018 03 06 00:12:24.309      744.309  0.3907 31.1805 110.9105   6.00   -inf  -nan   4   4   8   2 235.60
    2   2018 03 06 17:11:47.780    61907.780  0.1734 31.1705 110.5105   6.00   -inf  -nan   6   2   8   1 213.25
    3   2018 03 06 17:26:51.820    62811.820  0.3576 31.1005 110.3605   6.00   -inf  -nan   3   4   7   3 143.87
    4   2018 03 06 20:10:29.789    72629.789  0.2835 31.0605 110.2105  10.00   -inf  -nan   4   4   8   3 165.91
    5   2018 03 06 21:08:40.993    76120.993  0.0919 30.8205 110.5605   6.00   -inf  -nan   4   2   6   2 257.98
    1   2018 03 07 04:11:39.631    15099.631  0.2555 30.9405 110.7805   8.00   -inf  -nan   5   7  12   5  92.21
    2   2018 03 07 04:35:05.414    16505.414  0.2929 30.9405 110.4605  12.00   -inf  -nan   3   3   6   3 146.14
    3   2018 03 07 05:31:10.977    19870.977  0.4309 31.0505 110.2705   6.00   -inf  -nan   6   7  13   6  80.83
    4   2018 03 07 08:33:32.591    30812.591  0.3463 31.2405 110.9405   4.00   -inf  -nan  18  13  31  12 236.40
    5   2018 03 07 09:07:42.142    32862.142  0.2895 30.9405 110.7805  12.00   -inf  -nan   9  11  20   9  92.21
    6   2018 03 07 10:18:41.839    37121.839  0.3238 30.9605 109.9705  10.00   -inf  -nan   8   5  13   5 295.22
    7   2018 03 07 11:08:56.254    40136.254  0.2768 30.9705 111.2405   0.00   -inf  -nan   3   2   5   2 291.14
    8   2018 03 07 12:01:32.638    43292.638  0.3090 30.9405 110.7805   2.00   -inf  -nan   9  12  21   8  92.21
    9   2018 03 07 13:02:02.753    46922.753  0.2279 30.9405 110.7605   0.00   -inf  -nan   6   5  11   4 144.50
   10   2018 03 07 13:03:54.785    47034.785  0.1862 31.1405 110.2505   0.00   -inf  -nan   3   2   5   2 145.32
   11   2018 03 07 15:59:50.990    57590.990  0.4029 31.2105 110.3105   0.00   -inf  -nan   3   3   6   3 288.27
   12   2018 03 07 18:02:52.143    64972.143  0.2950 31.0305 110.4405   4.00   -inf  -nan  10  10  20  10  92.86
   13   2018 03 07 18:15:40.785    65740.785  0.3130 31.1405 110.8205  10.00   -inf  -nan   5   5  10   5 186.63
   14   2018 03 07 18:57:05.126    68225.126  0.2349 31.1405 110.7805  10.00   -inf  -nan   3   3   6   3 166.51
   15   2018 03 07 20:29:05.322    73745.322  0.4171 31.1405 110.7905  10.00   -inf  -nan  16  16  32  16 145.26
   16   2018 03 07 22:40:37.402    81637.402  0.3549 31.0605 110.4405   4.00   -inf  -nan  10   9  19   8 164.64
   17   2018 03 07 23:10:39.068    83439.068  0.3638 30.9705 110.4505   2.00   -inf  -nan   4   4   8   3 167.24
    1   2018 03 08 01:11:18.353     4278.353  0.4536 30.8905 111.0005   4.00   -inf  -nan   4   2   6   1 186.03
    2   2018 03 08 06:05:47.409    21947.409  0.2488 30.7405 110.8505  10.00   -inf  -nan   8   5  13   5 190.10
    3   2018 03 08 06:58:54.119    25134.119  0.1189 31.1805 110.8705   2.00   -inf  -nan   3   2   5   2 236.63
    4   2018 03 08 12:28:32.926    44912.926  0.3251 31.0605 110.4405   0.00   -inf  -nan   4   4   8   4 113.97
    5   2018 03 08 12:57:32.057    46652.057  0.2160 30.9405 110.7605  10.00   -inf  -nan   8   8  16   8  89.30
    6   2018 03 08 14:37:41.242    52661.242  0.3124 31.0505 110.4505   4.00   -inf  -nan   3   6   9   3 109.19
    7   2018 03 08 17:24:16.748    62656.748  0.1300 30.9005 110.7805   6.00   -inf  -nan   3   2   5   2 293.44
    8   2018 03 08 17:29:32.292    62972.292  0.3224 31.1305 110.8305  12.00   -inf  -nan   5   5  10   5 225.59
    9   2018 03 08 18:13:51.279    65631.279  0.2367 31.1705 110.2705  14.00   -inf  -nan   6   3   9   3 152.83
   10   2018 03 08 19:48:51.762    71331.762  0.3544 30.9405 110.7805   6.00   -inf  -nan  10  12  22   9  92.21
   11   2018 03 08 19:59:56.394    71996.394  0.3896 31.0205 110.4405   4.00   -inf  -nan  12   9  21   8  87.12
    1   2018 03 09 00:22:01.896     1321.896  0.2073 31.2105 110.3005   0.00   -inf  -nan   4   4   8   3 289.52
    2   2018 03 09 00:49:48.655     2988.655  0.3209 31.0905 110.4605   4.00   -inf  -nan   3   6   9   3 150.61
    3   2018 03 09 03:14:21.748    11661.748  0.2910 31.0605 110.8205   2.00   -inf  -nan   7   8  15   6 200.71
    4   2018 03 09 03:20:47.478    12047.478  0.2625 30.9605 109.9705  10.00   -inf  -nan   9   4  13   4 295.22
    5   2018 03 09 04:12:17.984    15137.984  0.2321 30.7405 111.0405   2.00   -inf  -nan   4   3   7   3 256.43
    6   2018 03 09 07:15:10.794    26110.794  0.3941 30.8605 111.1305  10.00   -inf  -nan   5   4   9   4 204.21
    7   2018 03 09 07:37:30.327    27450.327  0.2467 31.2005 110.0905   0.00   -inf  -nan  11   5  16   4 272.97
    8   2018 03 09 09:29:45.892    34185.892  0.2202 30.9405 110.7605  10.00   -inf  -nan  12  11  23  11  89.30
    9   2018 03 09 09:35:04.886    34504.886  0.3535 30.9405 110.7605  16.00   -inf  -nan   9  10  19   9  89.30
   10   2018 03 09 11:57:34.752    43054.752  0.3171 31.1005 110.3605   0.00   -inf  -nan   4   6  10   4 143.87
   11   2018 03 09 12:08:26.830    43706.830  0.3057 31.0905 110.4605   8.00   -inf  -nan   5   7  12   5 150.61
   12   2018 03 09 12:10:21.443    43821.443  0.2634 31.0905 110.4605   6.00   -inf  -nan   7   7  14   7 150.61
   13   2018 03 09 12:14:07.754    44047.754  0.2403 30.7505 110.7605  10.00   -inf  -nan   7  10  17   6 124.96
   14   2018 03 09 12:42:32.407    45752.407  0.2713 31.0105 110.6305   8.00   -inf  -nan   3   2   5   2 235.68
   15   2018 03 09 13:43:45.231    49425.231  0.2073 31.1305 110.4105   4.00   -inf  -nan   3   3   6   3 290.14
   16   2018 03 09 13:54:10.244    50050.244  0.3095 31.1205 110.8205   6.00   -inf  -nan   9   9  18   6 159.94
   17   2018 03 09 14:11:31.847    51091.847  0.3931 31.1605 110.8205  12.00   -inf  -nan  12  10  22  10 216.12
   18   2018 03 09 14:45:38.704    53138.704  0.4188 30.9405 110.4605  10.00   -inf  -nan  10   7  17   6  84.04
   19   2018 03 09 14:46:10.091    53170.091  0.3315 31.0905 110.5105   2.00   -inf  -nan   3   2   5   2 161.08
   20   2018 03 09 14:52:50.794    53570.794  0.3463 30.9405 110.7805  12.00   -inf  -nan   9   9  18   8  92.21
   21   2018 03 09 14:57:35.398    53855.398  0.1542 30.9305 110.7605  10.00   -inf  -nan  11  11  22  11  96.54
   22   2018 03 09 14:58:36.571    53916.571  0.1848 30.9005 110.7805   6.00   -inf  -nan   3   4   7   2 227.21
   23   2018 03 09 15:00:14.336    54014.336  0.2726 30.9505 110.7605  12.00   -inf  -nan  17  14  31  13  87.10
   24   2018 03 09 15:01:31.820    54091.820  0.2339 30.9405 110.7605  10.00   -inf  -nan  12  10  22  10  77.93
   25   2018 03 09 15:01:53.273    54113.273  0.2867 30.9405 110.7805  10.00   -inf  -nan  10  11  21  10  92.21
   26   2018 03 09 15:04:39.909    54279.909  0.3944 30.9405 110.7505   8.00   -inf  -nan  20  18  38  18  64.69
   27   2018 03 09 15:05:59.550    54359.550  0.3892 30.9405 110.7505   8.00   -inf  -nan  19  19  38  18  64.69
   28   2018 03 09 15:07:17.206    54437.206  0.3407 30.9505 110.7605  12.00   -inf  -nan  17  16  33  16  87.10
   29   2018 03 09 15:08:26.116    54506.116  0.2343 30.9405 110.7805   8.00   -inf  -nan   7   8  15   7  92.21
   30   2018 03 09 15:11:14.406    54674.406  0.4114 30.9405 110.7805  12.00   -inf  -nan  17  15  32  14  62.87
   31   2018 03 09 15:19:36.717    55176.717  0.1140 30.9405 110.7805   8.00   -inf  -nan   3   4   7   3 177.28
   32   2018 03 09 15:21:02.057    55262.057  0.2837 30.9305 110.7505  10.00   -inf  -nan  15  13  28  13  69.87
   33   2018 03 09 16:01:40.698    57700.698  0.2953 30.9405 110.6605  20.00   -inf  -nan   4   4   8   3 293.07
   34   2018 03 09 16:44:09.987    60249.987  0.3938 31.0205 110.4405   4.00   -inf  -nan   6   6  12   5  87.12
   35   2018 03 09 16:48:41.752    60521.752  0.3200 30.9405 110.7605   8.00   -inf  -nan  15  13  28  12  77.93
   36   2018 03 09 16:49:53.482    60593.482  0.2590 30.9305 110.7905  10.00   -inf  -nan  18  17  35  17  88.07
   37   2018 03 09 16:52:23.549    60743.549  0.1307 30.9405 110.7605  10.00   -inf  -nan   8   5  13   4  89.30
   38   2018 03 09 16:52:36.923    60756.923  0.1179 30.9405 110.7605  10.00   -inf  -nan   6   3   9   3 110.97
   39   2018 03 09 17:07:05.865    61625.865  0.2779 30.9405 110.7605  10.00   -inf  -nan  19  17  36  17  77.93
   40   2018 03 09 17:09:05.356    61745.356  0.3793 30.9405 110.7805   8.00   -inf  -nan  10  10  20  10  92.21
   41   2018 03 09 17:25:22.287    62722.287  0.3410 30.9405 110.7805  12.00   -inf  -nan  17  16  33  15  92.21
   42   2018 03 09 17:28:56.302    62936.302  0.1160 30.9405 110.7805  12.00   -inf  -nan   3   2   5   2 292.94
   43   2018 03 09 18:00:09.918    64809.918  0.2975 31.2205 110.5805   0.00   -inf  -nan   6   3   9   3 227.23
   44   2018 03 09 18:07:12.973    65232.973  0.1421 30.9405 110.7605  10.00   -inf  -nan   6   3   9   3  89.30
   45   2018 03 09 18:35:26.758    66926.758  0.3640 30.8205 110.4605   0.00   -inf  -nan  19  15  34  14 176.92
   46   2018 03 09 18:47:23.064    67643.064  0.3626 31.1805 110.3405   0.00   -inf  -nan   7   2   9   1 256.88
   47   2018 03 09 19:10:35.670    69035.670  0.1686 30.9005 110.7805   8.00   -inf  -nan   4   4   8   4 227.21
   48   2018 03 09 19:11:15.928    69075.928  0.2596 30.9305 110.7605  12.00   -inf  -nan  20  17  37  17  69.03
   49   2018 03 09 19:18:43.684    69523.684  0.2845 30.9305 110.7505  10.00   -inf  -nan  16  14  30  14  69.87
   50   2018 03 09 19:46:39.597    71199.597  0.3691 31.1605 110.8205  10.00   -inf  -nan   9   8  17   6 216.12
   51   2018 03 09 20:27:46.402    73666.402  0.2150 30.9405 110.7605  10.00   -inf  -nan   5   6  11   5 110.97
   52   2018 03 09 20:33:22.935    74002.935  0.2505 31.0905 110.4605   4.00   -inf  -nan   7   6  13   6 150.61
   53   2018 03 09 20:37:25.559    74245.559  0.3575 31.1005 110.4405   6.00   -inf  -nan   7   7  14   5 200.33
   54   2018 03 09 22:10:21.228    79821.228  0.3947 31.0905 110.4705   8.00   -inf  -nan  10  10  20   9 153.43
   55   2018 03 09 22:12:04.773    79924.773  0.3854 31.1005 110.4405  10.00   -inf  -nan   7   7  14   7 155.17
   56   2018 03 09 22:20:40.130    80440.130  0.4070 31.1005 110.4405  10.00   -inf  -nan   5   6  11   5 155.17
   57   2018 03 09 22:23:21.438    80601.438  0.3169 30.9405 110.7605  10.00   -inf  -nan  17  18  35  16  64.29
   58   2018 03 09 22:25:01.421    80701.421  0.2429 30.9405 110.7605  10.00   -inf  -nan   7   9  16   6  89.30
   59   2018 03 09 22:27:24.185    80844.185  0.3002 31.0905 110.4605   8.00   -inf  -nan   5   6  11   5 150.61
   60   2018 03 09 22:48:00.944    82080.944  0.3931 31.1705 110.3405  14.00   -inf  -nan   3   2   5   2 206.23
   61   2018 03 09 22:59:37.149    82777.149  0.1859 31.1705 110.2205  12.00   -inf  -nan   3   2   5   2 173.56
    1   2018 03 10 01:02:08.109     3728.109  0.3689 31.1305 110.1505   0.00   -inf  -nan   7   8  15   5 214.32
    2   2018 03 10 01:18:31.311     4711.311  0.2009 30.9205 109.9705  12.00   -inf  -nan   3   2   5   2 304.39
    3   2018 03 10 01:44:12.857     6252.857  0.2902 30.9305 110.7605  10.00   -inf  -nan   8  11  19   8  71.27
    4   2018 03 10 02:02:52.365     7372.365  0.2557 30.9405 110.7805  10.00   -inf  -nan   8   9  17   8 146.46
    5   2018 03 10 02:05:09.760     7509.760  0.2318 30.9405 110.7805  10.00   -inf  -nan  10  11  21  10  92.21
    6   2018 03 10 02:30:54.878     9054.878  0.2295 30.8705 110.7805   2.00   -inf  -nan   3   2   5   1 200.28
    7   2018 03 10 02:36:34.846     9394.846  0.1196 30.9505 110.8605   8.00   -inf  -nan   5   3   8   3 221.67
    8   2018 03 10 04:46:41.080    17201.080  0.2180 31.0905 110.1105   0.00   -inf  -nan   7   7  14   5 230.20
    9   2018 03 10 04:54:38.274    17678.274  0.2152 30.9405 110.7805  10.00   -inf  -nan   7   5  12   5 165.87
   10   2018 03 10 05:23:45.853    19425.853  0.2271 30.8205 110.3405  14.00   -inf  -nan   3   3   6   2 269.41
   11   2018 03 10 05:32:44.374    19964.374  0.0874 30.7805 110.9305   6.00   -inf  -nan   3   3   6   3 237.20
   12   2018 03 10 07:31:55.489    27115.489  0.4537 31.1005 110.6705  10.00   -inf  -nan   3   2   5   2 195.68
   13   2018 03 10 07:32:47.077    27167.077  0.2765 31.0005 109.9705   6.00   -inf  -nan  10   3  13   3 288.12
   14   2018 03 10 09:54:58.851    35698.851  0.3497 30.7905 110.9805   2.00   -inf  -nan   6   5  11   4 254.34
   15   2018 03 10 11:29:02.573    41342.573  0.3272 30.8605 110.0905   0.00   -inf  -nan   4   2   6   2 304.54
   16   2018 03 10 14:19:28.342    51568.342  0.2351 30.7805 110.7705  10.00   -inf  -nan   5   6  11   5 116.19
   17   2018 03 10 14:20:24.581    51624.581  0.1828 31.1705 110.2705   8.00   -inf  -nan   3   2   5   2 159.72
   18   2018 03 10 16:31:12.772    59472.772  0.2648 30.9005 110.7905  12.00   -inf  -nan  12  11  23  11  76.87
   19   2018 03 10 16:53:53.321    60833.321  0.3120 30.8905 110.8005  10.00   -inf  -nan  11   9  20   9  77.15
   20   2018 03 10 17:20:33.055    62433.055  0.2744 30.9405 110.7805  10.00   -inf  -nan   7   8  15   7  92.21
   21   2018 03 10 17:58:18.426    64698.426  0.1403 30.8605 110.7205  12.00   -inf  -nan   3   2   5   2 291.61
   22   2018 03 10 18:12:07.370    65527.370  0.3633 31.0405 110.8205   8.00   -inf  -nan   5   6  11   4 148.76
   23   2018 03 10 22:27:21.733    80841.733  0.4125 31.0505 110.1105   6.00   -inf  -nan  17  10  27   9 228.25
   24   2018 03 10 22:31:32.530    81092.530  0.1851 31.0605 110.4405   4.00   -inf  -nan   4   4   8   4 256.49
   25   2018 03 10 23:27:39.967    84459.967  0.3231 31.0605 110.1305   8.00   -inf  -nan  11   8  19   8 216.83
   26   2018 03 10 23:43:35.027    85415.027  0.1291 31.1105 110.8005   0.00   -inf  -nan   5   4   9   3 131.07
    1   2018 03 11 00:48:13.985     2893.985  0.3945 30.8905 111.2005   4.00   -inf  -nan   3   4   7   3 247.57
    2   2018 03 11 04:31:27.753    16287.753  0.1266 30.8205 110.5605   4.00   -inf  -nan   3   3   6   3 284.41
    3   2018 03 11 05:05:47.335    18347.335  0.3763 31.1305 110.8705  14.00   -inf  -nan   5   4   9   3 194.59
    4   2018 03 11 05:37:22.876    20242.876  0.3398 30.9005 110.7605  10.00   -inf  -nan   3   3   6   3 158.53
    5   2018 03 11 08:34:50.370    30890.370  0.2219 31.0105 110.4305  10.00   -inf  -nan   3   3   6   2 184.80
    6   2018 03 11 10:02:29.728    36149.728  0.2819 30.7105 110.9005   0.00   -inf  -nan   9   6  15   5 220.02
    7   2018 03 11 11:06:12.546    39972.546  0.3075 31.1805 110.2905   4.00   -inf  -nan   8   5  13   4 162.45
    8   2018 03 11 11:29:55.258    41395.258  0.1841 31.1005 110.2505   0.00   -inf  -nan   8   9  17   8 142.75
    9   2018 03 11 14:16:33.290    51393.290  0.2054 30.9005 110.8005   8.00   -inf  -nan   4   3   7   3 126.82
   10   2018 03 11 14:22:34.752    51754.752  0.2621 31.1805 110.2905   0.00   -inf  -nan   4   3   7   3 212.85
   11   2018 03 11 16:37:29.341    59849.341  0.3032 31.0505 110.1505   0.00   -inf  -nan   5   6  11   5 255.46
   12   2018 03 11 17:22:51.660    62571.660  0.3560 31.0305 110.4805   0.00   -inf  -nan  10  11  21  10  98.79
   13   2018 03 11 19:46:48.519    71208.519  0.3487 30.8705 110.8205   8.00   -inf  -nan  14  14  28  13  69.61
   14   2018 03 11 19:57:38.337    71858.337  0.2636 30.8205 110.6405   6.00   -inf  -nan   6   6  12   6 154.85
   15   2018 03 11 20:59:38.808    75578.808  0.2267 31.1705 110.5105   0.00   -inf  -nan   8   4  12   4 171.89
   16   2018 03 11 22:15:06.675    80106.675  0.4307 31.1005 110.5405   6.00   -inf  -nan   4   2   6   2 227.53
   17   2018 03 11 22:34:59.026    81299.026  0.3717 30.9005 110.5005   0.00   -inf  -nan   4   2   6   2 168.04
   18   2018 03 11 23:29:09.518    84549.518  0.4320 30.9805 110.7905   2.00   -inf  -nan   3   2   5   2 242.36
    1   2018 03 12 03:35:31.632    12931.632  0.2643 30.7405 110.8605   6.00   -inf  -nan   5   4   9   4 196.98
    2   2018 03 12 03:52:20.738    13940.738  0.4070 30.8905 111.0005   6.00   -inf  -nan   3   3   6   2 221.03
    3   2018 03 12 04:08:23.228    14903.228  0.2062 30.7505 110.8605  10.00   -inf  -nan   3   2   5   2 184.87
    4   2018 03 12 07:02:07.923    25327.923  0.2488 30.9405 109.9705  10.00   -inf  -nan   7   4  11   4 299.62
    5   2018 03 12 07:03:18.295    25398.295  0.2401 30.9705 111.2005   4.00   -inf  -nan   3   3   6   3 295.63
    6   2018 03 12 07:17:31.342    26251.342  0.2395 30.7405 110.8905   8.00   -inf  -nan   7   6  13   5 199.16
    7   2018 03 12 11:46:03.096    42363.096  0.3134 30.8705 110.8205   6.00   -inf  -nan  13  13  26  13  69.61
    8   2018 03 12 15:03:58.808    54238.808  0.3590 31.0605 110.2805   0.00   -inf  -nan  11  12  23  11 154.54
    9   2018 03 12 16:57:46.073    61066.073  0.1767 30.9905 110.5205   0.00   -inf  -nan  10   8  18   8 105.20
   10   2018 03 12 18:00:03.289    64803.289  0.3022 30.9405 110.7405   8.00   -inf  -nan  16  14  30  13  64.82
   11   2018 03 12 18:57:38.490    68258.490  0.2679 31.0505 110.1905   0.00   -inf  -nan   4   5   9   4 255.85
   12   2018 03 12 20:41:51.692    74511.692  0.3869 31.0605 110.4405   4.00   -inf  -nan   7   8  15   6 113.97
   13   2018 03 12 22:56:22.071    82582.071  0.2056 31.0905 110.0705   0.00   -inf  -nan   9   6  15   6 249.51
   14   2018 03 12 23:30:13.300    84613.300  0.3009 31.2505 110.5505   2.00   -inf  -nan   5   2   7   2 303.97
    1   2018 03 13 02:02:18.128     7338.128  0.3515 30.9005 110.8205   8.00   -inf  -nan   3   4   7   3 175.85
    2   2018 03 13 02:04:30.403     7470.403  0.1345 30.9405 110.7605  12.00   -inf  -nan   3   3   6   3 161.80
    3   2018 03 13 02:07:24.705     7644.705  0.2034 30.9405 110.5005   4.00   -inf  -nan   3   3   6   3 203.89
    4   2018 03 13 03:01:27.684    10887.684  0.1832 30.9405 110.7805  12.00   -inf  -nan   3   3   6   3 210.94
    5   2018 03 13 03:08:19.259    11299.259  0.2575 30.9805 110.5005   8.00   -inf  -nan   3   3   6   3 149.19
    6   2018 03 13 04:43:48.116    17028.116  0.3523 31.0505 110.4505   6.00   -inf  -nan  16  17  33  13 106.33
    7   2018 03 13 04:52:48.732    17568.732  0.1210 31.0205 110.4405   8.00   -inf  -nan   4   4   8   4 166.62
    8   2018 03 13 05:52:19.245    21139.245  0.3044 31.2205 110.0505   0.00   -inf  -nan   6   5  11   4 289.11
    9   2018 03 13 07:36:34.589    27394.589  0.3944 30.7005 110.9305   0.00   -inf  -nan   6   3   9   3 230.56
   10   2018 03 13 07:51:03.895    28263.895  0.1892 30.9405 110.7605  10.00   -inf  -nan  10  11  21   9  89.30
   11   2018 03 13 08:00:22.315    28822.315  0.3372 30.9105 110.7605  10.00   -inf  -nan  13  13  26  12 113.59
   12   2018 03 13 09:11:19.724    33079.724  0.3775 31.0605 110.4005  12.00   -inf  -nan   7   3  10   3 205.13
   13   2018 03 13 09:27:33.428    34053.428  0.2031 31.0305 110.4405   8.00   -inf  -nan   3   2   5   1 149.14
   14   2018 03 13 09:50:17.798    35417.798  0.1943 31.2105 110.3105   2.00   -inf  -nan   3   3   6   3 273.38
   15   2018 03 13 11:24:23.720    41063.720  0.1314 31.0605 110.7405   4.00   -inf  -nan   3   2   5   2 269.91
   16   2018 03 13 16:28:56.785    59336.785  0.2550 31.0505 110.4505   2.00   -inf  -nan   3   5   8   3 162.03
   17   2018 03 13 17:07:16.248    61636.248  0.1250 31.0905 110.1505   8.00   -inf  -nan   3   3   6   3 245.46
   18   2018 03 13 18:03:25.469    65005.469  0.2138 30.8905 110.8005   4.00   -inf  -nan   7   8  15   6  91.16
   19   2018 03 13 18:14:40.923    65680.923  0.3609 31.0605 110.4405   4.00   -inf  -nan  12  10  22  10 122.52
   20   2018 03 13 18:38:17.726    67097.726  0.3342 31.0905 110.2705   0.00   -inf  -nan   4   7  11   4 229.47
   21   2018 03 13 19:06:54.968    68814.968  0.2986 31.0405 110.4505   0.00   -inf  -nan  11  11  22   9 101.38
   22   2018 03 13 19:56:27.315    71787.315  0.1869 31.2105 110.3805   2.00   -inf  -nan   3   2   5   2 308.74
   23   2018 03 13 20:30:57.341    73857.341  0.2170 31.1705 110.5505   2.00   -inf  -nan   6   2   8   2 206.79
   24   2018 03 13 22:34:52.078    81292.078  0.2780 30.9905 110.5205   6.00   -inf  -nan   4   4   8   4 159.29
   25   2018 03 13 22:54:15.846    82455.846  0.2054 31.0105 110.1905   6.00   -inf  -nan   3   5   8   3 173.54
    1   2018 03 14 03:52:30.311    13950.311  0.1736 30.7805 110.7705   8.00   -inf  -nan   5   4   9   3 116.19
    2   2018 03 14 04:42:36.224    16956.224  0.2348 30.7305 110.8405   8.00   -inf  -nan   7   4  11   4 195.65
    3   2018 03 14 08:43:01.336    31381.336  0.2076 30.7305 110.8405   0.00   -inf  -nan   8   3  11   3 195.65
    4   2018 03 14 09:02:46.786    32566.786  0.2565 30.8605 111.0905   6.00   -inf  -nan   7   4  11   4 128.67
    5   2018 03 14 09:29:20.558    34160.558  0.1590 31.2105 110.3905   0.00   -inf  -nan   3   2   5   2 299.64
    6   2018 03 14 09:30:17.218    34217.218  0.4282 30.9305 111.2005   4.00   -inf  -nan   4   4   8   3 279.86
    7   2018 03 14 10:32:52.872    37972.872  0.2282 31.0805 110.1305   0.00   -inf  -nan   5   4   9   3 218.09
    8   2018 03 14 16:26:20.956    59180.956  0.4188 30.9305 110.3105   0.00   -inf  -nan   3   2   5   2 238.17
    9   2018 03 14 17:12:44.507    61964.507  0.1319 31.0205 110.3205   0.00   -inf  -nan   3   3   6   3 159.72
   10   2018 03 14 19:23:51.323    69831.323  0.3041 31.1305 110.4205  10.00   -inf  -nan   3   3   6   2 196.06
   11   2018 03 14 22:31:12.256    81072.256  0.3435 31.0305 110.4405   6.00   -inf  -nan   3   5   8   2 171.98
    1   2018 03 15 02:58:11.472    10691.472  0.1827 31.1705 110.5505   0.00   -inf  -nan   3   2   5   2 295.98
    2   2018 03 15 05:23:34.066    19414.066  0.2789 30.9405 110.7605  10.00   -inf  -nan  20  18  38  18  64.29
    3   2018 03 15 05:24:15.704    19455.704  0.2767 30.8905 110.8005   0.00   -inf  -nan   4   2   6   2 210.84
    4   2018 03 15 05:31:10.175    19870.175  0.2204 30.9405 110.7605  10.00   -inf  -nan   7   9  16   6  89.30
    5   2018 03 15 05:32:10.763    19930.763  0.2470 30.9305 110.7605  12.00   -inf  -nan  17  15  32  14  69.03
    6   2018 03 15 05:33:07.782    19987.782  0.2122 30.9405 110.7805  10.00   -inf  -nan   4   7  11   4 146.46
    7   2018 03 15 05:40:42.818    20442.818  0.1990 30.9405 110.7805  10.00   -inf  -nan   8   6  14   6 146.46
    8   2018 03 15 05:41:07.748    20467.748  0.3223 30.8905 110.7605   8.00   -inf  -nan   5   3   8   3 101.37
    9   2018 03 15 05:50:03.248    21003.248  0.2095 30.9405 110.7605  10.00   -inf  -nan  13  12  25  12  89.30
   10   2018 03 15 05:50:28.898    21028.898  0.2021 30.9405 110.7605  10.00   -inf  -nan   7   7  14   5  89.30
   11   2018 03 15 06:18:49.280    22729.280  0.2177 30.9405 110.7605  10.00   -inf  -nan   9   9  18   8  89.30
   12   2018 03 15 06:56:31.432    24991.432  0.2276 30.9405 110.7805  10.00   -inf  -nan   4   5   9   4 182.72
   13   2018 03 15 09:07:39.401    32859.401  0.1660 30.7905 110.7405  10.00   -inf  -nan   3   3   6   3 220.51
   14   2018 03 15 09:29:12.833    34152.833  0.3898 31.0805 110.1305   8.00   -inf  -nan  11   8  19   7 218.09
   15   2018 03 15 09:54:13.136    35653.136  0.1909 30.9405 110.1205   0.00   -inf  -nan   5   4   9   4 285.11
   16   2018 03 15 10:20:09.597    37209.597  0.3394 31.2505 110.5105   2.00   -inf  -nan   4   2   6   2 314.46
   17   2018 03 15 13:00:03.112    46803.112  0.4536 31.0205 110.4405   0.00   -inf  -nan   7   6  13   5 152.49
   18   2018 03 15 14:39:45.604    52785.604  0.2955 30.9405 110.7905   8.00   -inf  -nan   6   5  11   5  96.80
   19   2018 03 15 16:32:45.245    59565.245  0.2830 30.9105 110.8205   6.00   -inf  -nan  16  16  32  16  67.00
   20   2018 03 15 17:24:20.627    62660.627  0.3258 31.0905 110.1105   4.00   -inf  -nan   7   5  12   4 277.12
    1   2018 03 16 02:33:32.133     9212.133  0.2744 30.8705 111.0205   4.00   -inf  -nan   5   3   8   3 111.88
    2   2018 03 16 02:53:56.186    10436.186  0.3680 30.8905 111.0905   6.00   -inf  -nan   5   4   9   3 113.28
    3   2018 03 16 02:55:41.407    10541.407  0.1806 30.7405 111.0105   8.00   -inf  -nan   4   2   6   2 267.49
    4   2018 03 16 04:46:56.486    17216.486  0.2322 31.2205 110.0505   2.00   -inf  -nan   6   6  12   3 289.11
    5   2018 03 16 06:10:59.821    22259.821  0.4449 31.0905 110.0305   4.00   -inf  -nan   9  10  19   7 288.09
    6   2018 03 16 06:27:09.863    23229.863  0.2732 30.9105 110.9405   8.00   -inf  -nan   3   3   6   3 254.41
    7   2018 03 16 06:39:51.432    23991.432  0.3341 30.8905 110.8005   2.00   -inf  -nan   5   4   9   4 123.38
    8   2018 03 16 07:07:23.347    25643.347  0.2217 30.8905 111.0005   4.00   -inf  -nan   3   3   6   2 221.03
    9   2018 03 16 09:45:42.368    35142.368  0.3514 31.0605 110.4605  12.00   -inf  -nan   6   5  11   5 120.13
   10   2018 03 16 11:06:55.688    40015.688  0.3414 31.0005 109.9705   6.00   -inf  -nan  16  10  26   8 288.12
   11   2018 03 16 12:31:05.263    45065.263  0.1277 31.2505 109.9905   4.00   -inf  -nan   4   3   7   2 304.25
   12   2018 03 16 20:32:12.462    73932.462  0.1029 31.0605 110.4405   4.00   -inf  -nan   4   3   7   3 216.40
   13   2018 03 16 20:40:16.331    74416.331  0.3460 31.0505 110.4305   6.00   -inf  -nan   3   5   8   3 213.27
   14   2018 03 16 22:52:11.477    82331.477  0.1940 30.9405 110.7805  10.00   -inf  -nan   8   8  16   8 118.14
   15   2018 03 16 22:53:22.785    82402.785  0.3160 30.9105 110.7605  10.00   -inf  -nan   9   9  18   9 116.99
   16   2018 03 16 23:24:45.629    84285.629  0.3123 30.9405 110.7405  10.00   -inf  -nan   4   4   8   4 114.46
    1   2018 03 17 00:10:16.979      616.979  0.3978 30.9405 110.7505   8.00   -inf  -nan  20  19  39  19  64.69
    2   2018 03 17 00:11:02.045      662.045  0.2457 30.9405 110.7605  10.00   -inf  -nan  10  11  21  10  77.93
    3   2018 03 17 00:12:32.650      752.650  0.2504 30.9305 110.7605   8.00   -inf  -nan  11  12  23  11  71.27
    4   2018 03 17 00:15:35.027      935.027  0.2441 30.9805 110.7605  16.00   -inf  -nan   3   2   5   1 224.22
    5   2018 03 17 00:20:56.617     1256.617  0.3644 30.9405 110.7405  14.00   -inf  -nan   7   6  13   6  98.96
    6   2018 03 17 00:33:54.377     2034.377  0.3422 30.9405 110.7405  16.00   -inf  -nan   5   5  10   4  94.47
    7   2018 03 17 00:34:31.207     2071.207  0.3889 30.9405 110.7805  12.00   -inf  -nan  19  19  38  18  62.87
    8   2018 03 17 00:46:09.862     2769.862  0.1369 30.9405 110.7605  10.00   -inf  -nan   4   6  10   3  89.30
    9   2018 03 17 01:05:02.298     3902.298  0.3803 30.9405 110.7405  12.00   -inf  -nan   9   9  18   8  94.47
   10   2018 03 17 01:07:29.230     4049.230  0.2707 30.9405 110.7805   8.00   -inf  -nan   8   7  15   7  92.21
   11   2018 03 17 01:13:23.866     4403.866  0.1893 31.0905 110.7505  16.00   -inf  -nan   3   3   6   2 239.99
   12   2018 03 17 01:16:22.862     4582.862  0.2313 30.9405 110.7605  10.00   -inf  -nan  11  10  21   9  89.29
   13   2018 03 17 01:18:25.320     4705.320  0.3094 30.9405 110.7405  12.00   -inf  -nan   5   4   9   3 114.46
   14   2018 03 17 01:45:01.825     6301.825  0.4356 30.9205 110.7805  12.00   -inf  -nan  18  18  36  17  70.94
   15   2018 03 17 01:46:53.066     6413.066  0.2722 30.9405 110.7805  12.00   -inf  -nan   3   4   7   1  92.21
   16   2018 03 17 01:54:47.862     6887.862  0.2552 30.9305 110.7505  10.00   -inf  -nan  10  12  22  10 100.15
   17   2018 03 17 02:15:10.561     8110.561  0.2236 30.9305 110.7705   8.00   -inf  -nan  10  11  21  10  78.07
   18   2018 03 17 02:21:46.538     8506.538  0.2009 30.9405 110.7405  12.00   -inf  -nan   5   3   8   3 114.46
   19   2018 03 17 02:59:08.133    10748.133  0.3245 30.9005 110.7205   0.00   -inf  -nan  14   8  22   8  94.62
   20   2018 03 17 03:37:26.919    13046.919  0.1321 30.8205 110.6605   6.00   -inf  -nan   8   8  16   8 146.47
   21   2018 03 17 04:06:00.212    14760.212  0.2481 30.6905 111.1705   0.00   -inf  -nan  10   4  14   4 266.81
   22   2018 03 17 08:33:19.482    30799.482  0.2125 30.9405 110.7605  12.00   -inf  -nan   7   6  13   6 110.97
   23   2018 03 17 08:34:21.538    30861.538  0.2585 30.9405 110.7505  12.00   -inf  -nan  10  10  20   8  92.19
   24   2018 03 17 09:02:09.486    32529.486  0.1636 30.9405 110.7605  10.00   -inf  -nan   5   7  12   5  89.30
   25   2018 03 17 09:18:54.769    33534.769  0.1750 30.8905 111.0005   4.00   -inf  -nan   5   3   8   3 132.11
   26   2018 03 17 09:26:46.150    34006.150  0.2220 30.9405 110.7605  10.00   -inf  -nan  10  10  20  10  89.30
   27   2018 03 17 09:27:18.153    34038.153  0.3293 30.9405 110.7605  10.00   -inf  -nan  20  18  38  18  64.29
   28   2018 03 17 09:29:15.565    34155.565  0.2818 30.9405 110.7405  14.00   -inf  -nan   4   4   8   4 114.46
   29   2018 03 17 09:31:12.896    34272.896  0.3934 30.9405 110.7605  16.00   -inf  -nan   9   9  18   8  89.30
   30   2018 03 17 10:04:22.944    36262.944  0.2654 31.0205 110.7505  10.00   -inf  -nan   4   2   6   1 163.47
   31   2018 03 17 10:16:01.971    36961.971  0.1873 30.7805 110.7205   0.00   -inf  -nan   3   2   5   2 239.61
   32   2018 03 17 10:26:24.153    37584.153  0.2196 30.9405 110.7605  10.00   -inf  -nan  15  13  28  13  77.93
   33   2018 03 17 11:43:46.857    42226.857  0.3859 30.8705 110.7805   2.00   -inf  -nan   3   3   6   3 193.34
   34   2018 03 17 14:39:19.806    52759.806  0.1740 31.0705 110.4405   4.00   -inf  -nan   3   4   7   3 265.80
   35   2018 03 17 14:41:09.549    52869.549  0.3469 31.0905 110.2305   6.00   -inf  -nan  10  10  20   8 235.98
   36   2018 03 17 14:54:43.729    53683.729  0.3012 31.2105 110.5505   0.00   -inf  -nan   6   3   9   3 250.39
   37   2018 03 17 16:09:07.764    58147.764  0.2326 31.0605 110.4405   6.00   -inf  -nan   4   4   8   4 256.49
   38   2018 03 17 17:13:48.657    62028.657  0.2474 31.1705 110.3105   0.00   -inf  -nan   7   3  10   3 267.50
   39   2018 03 17 19:01:00.453    68460.453  0.1634 30.8205 110.5005  10.00   -inf  -nan   3   2   5   2 312.89
   40   2018 03 17 20:18:40.788    73120.788  0.3248 30.9905 110.5605   6.00   -inf  -nan   3   2   5   1 138.97
   41   2018 03 17 21:22:00.867    76920.867  0.1915 30.8505 110.8405   0.00   -inf  -nan   3   3   6   3 160.03
   42   2018 03 17 22:59:58.183    82798.183  0.3102 31.0205 110.4805   0.00   -inf  -nan   4   5   9   4 188.81
    1   2018 03 18 00:36:49.530     2209.530  0.3650 30.9005 110.8405   8.00   -inf  -nan   7   8  15   7  78.11
    2   2018 03 18 02:04:08.231     7448.231  0.3768 30.8705 110.9005   8.00   -inf  -nan   3   2   5   2 271.38
    3   2018 03 18 02:55:10.458    10510.458  0.2435 30.9305 111.2005   4.00   -inf  -nan   4   3   7   3 279.86
    4   2018 03 18 06:48:16.220    24496.220  0.2217 30.7505 110.7405  12.00   -inf  -nan   3   3   6   3 149.25
    5   2018 03 18 09:16:07.882    33367.882  0.3508 30.9405 110.7805   6.00   -inf  -nan  17  19  36  17  62.87
    6   2018 03 18 09:47:01.991    35221.991  0.2112 30.8905 111.0005   6.00   -inf  -nan   3   2   5   2 312.14
    7   2018 03 18 14:29:02.304    52142.304  0.3112 31.1705 110.2705  14.00   -inf  -nan   5   4   9   4 152.83
    8   2018 03 18 15:36:14.983    56174.983  0.4802 31.0505 110.3105   0.00   -inf  -nan  10  12  22  10 127.40
    9   2018 03 18 20:24:01.191    73441.191  0.3999 31.2105 110.5905   0.00   -inf  -nan   8   2  10   2 204.48
   10   2018 03 18 20:56:07.591    75367.591  0.4576 31.0205 110.4405   4.00   -inf  -nan   6   7  13   6  87.12
   11   2018 03 18 21:26:24.484    77184.484  0.1547 30.9005 110.5605   0.00   -inf  -nan   3   3   6   3 179.22
   12   2018 03 18 22:27:23.520    80843.520  0.3873 31.2505 110.5505   2.00   -inf  -nan   5   2   7   2 264.13
    1   2018 03 19 01:43:06.787     6186.787  0.2699 30.8905 111.0005   4.00   -inf  -nan   6   4  10   4  91.53
    2   2018 03 19 02:00:15.960     7215.960  0.1698 30.9305 111.1705   0.00   -inf  -nan   4   3   7   3 146.89
    3   2018 03 19 05:01:25.521    18085.521  0.2977 30.8905 110.7605   4.00   -inf  -nan   6   8  14   6 154.02
    4   2018 03 19 09:43:59.061    35039.061  0.1476 30.8905 111.0005   4.00   -inf  -nan   5   2   7   2 124.82
    5   2018 03 19 11:34:39.285    41679.285  0.2782 31.1405 110.3305   0.00   -inf  -nan   8   2  10   2 155.34
    6   2018 03 19 15:28:03.559    55683.559  0.3802 31.1505 110.5205   2.00   -inf  -nan   5   2   7   2 276.91
    7   2018 03 19 15:56:22.033    57382.033  0.1597 30.8605 110.5005   2.00   -inf  -nan   4   2   6   2 223.40
    8   2018 03 19 18:05:08.094    65108.094  0.2494 31.0505 110.4605   6.00   -inf  -nan   3   3   6   2 157.85
    9   2018 03 19 21:48:22.372    78502.372  0.3183 30.9505 110.8005   8.00   -inf  -nan   8   8  16   8 110.17
   10   2018 03 19 22:04:30.091    79470.091  0.2027 31.1005 110.4005   0.00   -inf  -nan   5   5  10   4 202.76
   11   2018 03 19 22:05:30.422    79530.422  0.1949 31.0905 110.1905   0.00   -inf  -nan   4   4   8   2 181.48
   12   2018 03 19 22:35:52.034    81352.034  0.1690 31.1505 110.5205   0.00   -inf  -nan   4   2   6   1 163.11
   13   2018 03 19 22:45:16.450    81916.450  0.2922 31.2105 110.5505   0.00   -inf  -nan   5   2   7   2 250.39
    1   2018 03 20 00:06:14.257      374.257  0.4701 30.8405 110.1305   4.00   -inf  -nan   3   4   7   3 307.68
    2   2018 03 20 00:49:52.001     2992.001  0.1665 30.8605 111.1505   0.00   -inf  -nan   4   3   7   2 215.44
    3   2018 03 20 01:35:37.124     5737.124  0.2733 30.9405 110.7605  10.00   -inf  -nan  14  16  30  14  77.93
    4   2018 03 20 01:36:34.313     5794.313  0.1613 30.9305 110.7605  10.00   -inf  -nan   8   8  16   8 120.80
    5   2018 03 20 04:04:18.711    14658.711  0.4290 31.2805 110.8605   0.00   -inf  -nan  12  10  22   8 265.55
    6   2018 03 20 05:12:07.229    18727.229  0.1478 30.8905 111.0105   6.00   -inf  -nan   4   3   7   3 213.71
    7   2018 03 20 07:36:51.700    27411.700  0.4210 30.9405 110.4605  10.00   -inf  -nan  11   9  20   8  84.04
    8   2018 03 20 08:49:23.970    31763.970  0.2325 30.9705 111.2505   8.00   -inf  -nan   4   3   7   3 298.05
    9   2018 03 20 10:40:54.285    38454.285  0.3299 30.8905 111.0805   6.00   -inf  -nan   9   6  15   6 102.64
   10   2018 03 20 11:31:34.105    41494.105  0.1468 30.8905 111.0005   4.00   -inf  -nan   4   3   7   3 132.11
   11   2018 03 20 12:32:00.740    45120.740  0.2049 31.2105 110.5105   4.00   -inf  -nan   4   2   6   2 311.92
   12   2018 03 20 12:40:43.734    45643.734  0.3127 31.0605 110.8205  10.00   -inf  -nan  18  18  36  17 109.59
   13   2018 03 20 12:56:17.003    46577.003  0.2443 31.0605 110.8305  16.00   -inf  -nan   3   3   6   3 172.25
   14   2018 03 20 13:48:06.066    49686.066  0.1762 31.0205 110.8205  12.00   -inf  -nan   3   2   5   2 169.17
   15   2018 03 20 14:02:00.922    50520.922  0.2975 30.9405 110.7605  10.00   -inf  -nan  19  18  37  18  64.29
   16   2018 03 20 14:28:22.907    52102.907  0.2964 30.8905 110.7605  10.00   -inf  -nan  17  10  27  10  86.43
   17   2018 03 20 16:19:58.776    58798.776  0.2731 30.9105 110.7805   6.00   -inf  -nan  16  18  34  15  75.14
    1   2018 03 21 00:58:09.036     3489.036  0.2170 30.7405 110.8905   6.00   -inf  -nan   5   6  11   5 199.16
    2   2018 03 21 01:17:52.730     4672.730  0.3163 31.0005 110.2105  20.00   -inf  -nan   3   2   5   2 156.46
    3   2018 03 21 03:02:58.244    10978.244  0.2339 30.8105 111.2405  16.00   -inf  -nan   5   2   7   2 279.73
    4   2018 03 21 03:53:22.639    14002.639  0.1958 30.7405 110.8505   8.00   -inf  -nan   3   2   5   1 192.15
    5   2018 03 21 04:12:53.099    15173.099  0.3562 31.2805 110.8205   0.00   -inf  -nan  11   9  20   6 249.98
    6   2018 03 21 05:04:02.805    18242.805  0.3450 31.0505 110.4305  10.00   -inf  -nan   5   6  11   4 102.66
    7   2018 03 21 06:13:06.450    22386.450  0.3847 30.9005 110.4605   6.00   -inf  -nan   9  13  22   9  92.41
    8   2018 03 21 06:20:14.072    22814.072  0.3278 30.9805 110.4405   0.00   -inf  -nan   7   6  13   4 140.25
    9   2018 03 21 06:36:43.619    23803.619  0.3647 31.1705 110.3905   0.00   -inf  -nan   8   5  13   3 175.42
   10   2018 03 21 07:04:16.122    25456.122  0.1150 30.8905 111.0105   4.00   -inf  -nan   3   2   5   2 213.71
   11   2018 03 21 07:31:31.954    27091.954  0.1412 30.8505 111.1305   6.00   -inf  -nan   8   8  16   6 210.25
   12   2018 03 21 08:00:53.268    28853.268  0.2810 30.7405 110.8505   2.00   -inf  -nan   4   3   7   3 192.15
   13   2018 03 21 08:23:46.056    30226.056  0.4006 30.8905 111.2805   4.00   -inf  -nan   3   2   5   2 310.21
   14   2018 03 21 09:11:24.243    33084.243  0.2983 30.8505 111.1605   6.00   -inf  -nan   4   4   8   4 227.22
   15   2018 03 21 09:12:16.833    33136.833  0.1720 30.8505 111.1305   6.00   -inf  -nan   6   4  10   4 210.75
   16   2018 03 21 09:58:35.852    35915.852  0.3293 30.8905 111.0105   0.00   -inf  -nan   3   2   5   2 137.69
   17   2018 03 21 10:36:56.444    38216.444  0.3896 30.9705 110.8105   8.00   -inf  -nan  10   9  19   9 134.48
   18   2018 03 21 11:23:39.253    41019.253  0.2039 30.9705 110.8005   8.00   -inf  -nan   3   3   6   2 134.92
   19   2018 03 21 15:13:51.888    54831.888  0.2555 30.9305 111.2005   4.00   -inf  -nan   5   3   8   3 279.86
   20   2018 03 21 15:16:16.955    54976.955  0.2291 30.9305 111.1705   0.00   -inf  -nan   5   4   9   4 146.89
   21   2018 03 21 16:40:17.673    60017.673  0.2220 30.9305 110.3305   8.00   -inf  -nan   7   7  14   7 115.45
   22   2018 03 21 18:12:57.808    65577.808  0.1613 31.1705 110.3405   2.00   -inf  -nan   3   2   5   2 281.77
   23   2018 03 21 18:44:12.852    67452.852  0.2069 31.1705 110.3505  10.00   -inf  -nan   3   3   6   2 215.69
   24   2018 03 21 19:56:24.720    71784.720  0.3320 30.9505 110.8005   8.00   -inf  -nan  11  11  22  11 102.14
   25   2018 03 21 19:59:35.216    71975.216  0.1907 30.9305 110.8005   8.00   -inf  -nan   7  10  17   7  91.38
   26   2018 03 21 20:30:03.795    73803.795  0.2871 30.7905 110.7805   6.00   -inf  -nan   6   7  13   6 118.52
   27   2018 03 21 20:34:35.340    74075.340  0.2551 30.9305 110.3305   8.00   -inf  -nan   6   6  12   6 115.45
   28   2018 03 21 20:36:48.280    74208.280  0.2664 30.9305 110.3305   8.00   -inf  -nan   6   6  12   6 115.45
   29   2018 03 21 22:33:46.351    81226.351  0.3078 31.1705 110.3005   0.00   -inf  -nan  15  13  28  13 149.13
   30   2018 03 21 23:50:21.466    85821.466  0.1799 30.8505 111.1305   6.00   -inf  -nan  12   7  19   7 210.25
    1   2018 03 22 00:47:18.094     2838.094  0.1762 30.8505 111.1305   6.00   -inf  -nan  10   6  16   6 210.25
    2   2018 03 22 00:48:10.644     2890.644  0.1936 30.8505 111.1305   4.00   -inf  -nan   5   3   8   3 210.75
    3   2018 03 22 03:47:53.823    13673.823  0.3187 31.2205 110.0505   0.00   -inf  -nan  11   7  18   6 289.11
    4   2018 03 22 04:01:59.536    14519.536  0.2377 31.2205 110.0905   0.00   -inf  -nan   7   6  13   4 283.12
    5   2018 03 22 04:04:07.901    14647.901  0.3071 31.1305 110.3805   0.00   -inf  -nan  10  10  20   5 143.83
    6   2018 03 22 04:29:15.248    16155.248  0.3438 31.0305 110.5605   0.00   -inf  -nan  11   7  18   6  85.01
    7   2018 03 22 05:15:04.156    18904.156  0.3207 31.0005 110.0105   0.00   -inf  -nan  13  10  23   8 277.68
    8   2018 03 22 07:20:51.631    26451.631  0.2968 30.9705 110.8005   0.00   -inf  -nan  10   8  18   8  62.76
    9   2018 03 22 07:22:23.110    26543.110  0.3062 30.9905 110.8005   0.00   -inf  -nan  13   6  19   5  67.62
   10   2018 03 22 08:04:08.387    29048.387  0.4663 30.9805 110.3605   0.00   -inf  -nan  11  10  21   6  74.28
   11   2018 03 22 08:59:54.166    32394.166  0.1962 30.7305 110.8405   8.00   -inf  -nan   9   6  15   6 195.65
   12   2018 03 22 09:11:11.216    33071.216  0.1121 30.8505 111.1305   6.00   -inf  -nan   7   6  13   6 210.75
   13   2018 03 22 10:22:24.746    37344.746  0.1781 30.8505 111.1305   6.00   -inf  -nan   9   5  14   5 210.25
   14   2018 03 22 10:23:43.573    37423.573  0.2883 30.8505 111.1305   6.00   -inf  -nan  12   7  19   7 210.25
   15   2018 03 22 16:37:26.673    59846.673  0.1646 30.9305 111.1705   0.00   -inf  -nan   4   2   6   2 146.89
   16   2018 03 22 18:04:07.878    65047.878  0.0676 31.0905 110.1105  10.00   -inf  -nan   3   2   5   2 277.12
   17   2018 03 22 19:52:09.053    71529.053  0.2992 30.9305 110.3305  10.00   -inf  -nan   6   6  12   6 115.45
   18   2018 03 22 19:52:33.884    71553.884  0.2513 30.9305 110.3305  10.00   -inf  -nan   4   5   9   4 128.18
   19   2018 03 22 21:49:17.718    78557.718  0.2301 30.9405 111.2305   0.00   -inf  -nan   4   2   6   2 296.96
   20   2018 03 22 23:09:06.476    83346.476  0.2726 31.1305 110.3005   2.00   -inf  -nan   9   9  18   6 131.46
   21   2018 03 22 23:11:17.955    83477.955  0.2976 31.1405 110.2105  20.00   -inf  -nan   3   2   5   2 190.20
   22   2018 03 22 23:29:54.420    84594.420  0.3016 30.8905 110.7605   8.00   -inf  -nan   3   3   6   3 151.10
    1   2018 03 23 00:01:07.693       67.693  0.1684 30.8505 111.1305   6.00   -inf  -nan   8   7  15   7 210.75
    2   2018 03 23 02:17:41.376     8261.376  0.2037 30.8505 111.1305   6.00   -inf  -nan   6   6  12   5 210.75
    3   2018 03 23 02:18:30.248     8310.248  0.1783 30.8505 111.1305   6.00   -inf  -nan   4   4   8   4 210.75
    4   2018 03 23 02:24:08.154     8648.154  0.2863 30.9405 110.7805   8.00   -inf  -nan   6   5  11   5 165.87
    5   2018 03 23 03:32:35.199    12755.199  0.4357 30.9305 110.2905   4.00   -inf  -nan   4   3   7   3 304.71
    6   2018 03 23 03:42:50.194    13370.194  0.2639 30.9905 110.3205   0.00   -inf  -nan   5   6  11   4 142.85
    7   2018 03 23 03:49:21.555    13761.555  0.4974 31.2705 110.8405   2.00   -inf  -nan   4   2   6   1 314.76
    8   2018 03 23 04:05:31.967    14731.967  0.1787 30.9405 110.3205  10.00   -inf  -nan   3   3   6   2 182.52
    9   2018 03 23 06:44:13.526    24253.526  0.1723 30.8505 111.1305   4.00   -inf  -nan   8   5  13   5 210.75
   10   2018 03 23 06:45:12.965    24312.965  0.2747 31.0605 110.4805   0.00   -inf  -nan   4   2   6   2 242.23
   11   2018 03 23 06:49:29.946    24569.946  0.3410 31.0505 110.4105  10.00   -inf  -nan   6   4  10   2 197.97
   12   2018 03 23 07:16:44.600    26204.600  0.3103 30.9605 109.9705  12.00   -inf  -nan   5   5  10   4 295.22
   13   2018 03 23 08:54:01.284    32041.284  0.2076 30.5905 110.8605  12.00   -inf  -nan   6   4  10   4 277.99
   14   2018 03 23 09:01:46.597    32506.597  0.3282 30.8505 111.1605   8.00   -inf  -nan   8   8  16   7 225.53
   15   2018 03 23 09:02:46.487    32566.487  0.4197 30.8105 111.1705   6.00   -inf  -nan  13   8  21   8 242.73
   16   2018 03 23 12:16:44.570    44204.570  0.1980 30.8905 111.0105   4.00   -inf  -nan   7   3  10   3  93.56
   17   2018 03 23 17:57:58.314    64678.314  0.2958 31.0505 110.4505   2.00   -inf  -nan   3   3   6   2 152.57
   18   2018 03 23 21:13:26.816    76406.816  0.3496 31.0505 110.4605   6.00   -inf  -nan  11   9  20   9 111.60
   19   2018 03 23 21:31:27.518    77487.518  0.1826 30.7705 110.7605  10.00   -inf  -nan   6   5  11   5 158.86
   20   2018 03 23 21:40:49.331    78049.331  0.3064 31.0905 110.2705   0.00   -inf  -nan   4   5   9   4 206.57
    1   2018 03 24 00:13:44.539      824.539  0.1911 30.8505 111.1205   4.00   -inf  -nan   8   8  16   6 281.83
    2   2018 03 24 00:14:16.874      856.874  0.1147 30.8505 111.1305   6.00   -inf  -nan   5   3   8   3 210.75
    3   2018 03 24 00:36:04.047     2164.047  0.3446 31.0505 110.4305   8.00   -inf  -nan   7   9  16   6 102.66
    4   2018 03 24 00:58:20.431     3500.431  0.1475 30.8905 111.0105   4.00   -inf  -nan   6   2   8   2  93.56
    5   2018 03 24 01:32:34.097     5554.097  0.2708 30.8505 111.1605   6.00   -inf  -nan   8   7  15   7 225.53
    6   2018 03 24 01:33:19.344     5599.344  0.2967 30.8505 111.1705   2.00   -inf  -nan   3   4   7   3 233.42
    7   2018 03 24 01:56:41.574     7001.574  0.1828 30.7905 110.9005   0.00   -inf  -nan   5   2   7   2 192.03
    8   2018 03 24 03:57:35.210    14255.210  0.2954 31.1105 110.4805   0.00   -inf  -nan   5   3   8   2 185.21
    9   2018 03 24 04:49:34.191    17374.191  0.3130 30.9405 110.7605   8.00   -inf  -nan  18  17  35  17  64.29
   10   2018 03 24 04:57:04.573    17824.573  0.1390 31.1705 110.5105   2.00   -inf  -nan   5   2   7   2 240.41
   11   2018 03 24 05:56:56.940    21416.940  0.4702 31.0105 110.4605   0.00   -inf  -nan  12   8  20   6  84.67
   12   2018 03 24 07:28:09.231    26889.231  0.4000 30.7405 110.9305   8.00   -inf  -nan   7   5  12   4 250.84
   13   2018 03 24 08:25:33.245    30333.245  0.2740 30.8505 111.1305   8.00   -inf  -nan  13   8  21   8 210.25
   14   2018 03 24 09:56:39.993    35799.993  0.2708 30.8505 111.1305   4.00   -inf  -nan  13   3  16   3 210.25
   15   2018 03 24 09:59:18.814    35958.814  0.1672 30.8505 111.1305   6.00   -inf  -nan  16   7  23   7 210.25
   16   2018 03 24 12:07:52.320    43672.320  0.3507 31.0205 110.4405   2.00   -inf  -nan   8   6  14   5  87.12
   17   2018 03 24 15:23:29.683    55409.683  0.2917 31.0905 110.4205   6.00   -inf  -nan  11  12  23  11 118.85
   18   2018 03 24 16:00:08.340    57608.340  0.2196 30.9305 111.1705   0.00   -inf  -nan   5   3   8   3 146.89
   19   2018 03 24 16:33:10.637    59590.637  0.2054 30.9405 110.7605  10.00   -inf  -nan  10  11  21  10  89.30
   20   2018 03 24 17:35:40.146    63340.146  0.1854 31.0805 110.2905   0.00   -inf  -nan   4   6  10   3 177.66
   21   2018 03 24 17:49:19.064    64159.064  0.2241 31.0505 110.1505   6.00   -inf  -nan   6   5  11   5 271.48
   22   2018 03 24 18:26:58.890    66418.890  0.3251 31.1705 110.2705  14.00   -inf  -nan   5   2   7   2 152.83
   23   2018 03 24 19:02:45.381    68565.381  0.3199 31.1305 110.3805   2.00   -inf  -nan   4   2   6   1 293.26
    1   2018 03 25 00:05:09.806      309.806  0.2109 30.8505 111.1305   6.00   -inf  -nan  13   8  21   8 210.25
    2   2018 03 25 00:05:56.198      356.198  0.3948 30.8905 111.1305   2.00   -inf  -nan  11  10  21   8 164.15
    3   2018 03 25 01:23:12.451     4992.451  0.1271 30.8505 111.1305   6.00   -inf  -nan  11   6  17   5 210.25
    4   2018 03 25 01:23:53.922     5033.922  0.2484 30.8505 111.1305   6.00   -inf  -nan   9   7  16   7 210.75
    5   2018 03 25 01:25:13.044     5113.044  0.1823 30.8705 111.0205   6.00   -inf  -nan   7   2   9   2 111.88
    6   2018 03 25 01:39:17.763     5957.763  0.2890 31.0505 110.1105   4.00   -inf  -nan   5   5  10   4 314.51
    7   2018 03 25 02:26:58.506     8818.506  0.3590 30.9105 110.8005  12.00   -inf  -nan   9   8  17   8  85.22
    8   2018 03 25 02:49:52.128    10192.128  0.4214 31.0605 110.4605   8.00   -inf  -nan  14  14  28  13 120.13
    9   2018 03 25 03:44:21.458    13461.458  0.1879 30.8605 111.0105   0.00   -inf  -nan   4   2   6   2 122.06
   10   2018 03 25 06:12:15.504    22335.504  0.2743 31.0205 110.4405   0.00   -inf  -nan  12   2  14   2  87.12
   11   2018 03 25 06:16:17.989    22577.989  0.2787 30.8505 111.1205   6.00   -inf  -nan   4   3   7   3 205.95
   12   2018 03 25 06:22:48.163    22968.163  0.3045 31.0205 110.4405   0.00   -inf  -nan  10   4  14   3 142.48
   13   2018 03 25 06:57:12.643    25032.643  0.2936 31.2505 110.5105   2.00   -inf  -nan   3   2   5   2 314.46
   14   2018 03 25 08:29:16.099    30556.099  0.1713 30.9305 111.2005   6.00   -inf  -nan   3   2   5   2 279.86
   15   2018 03 25 09:19:25.844    33565.844  0.2446 31.2105 110.5105   2.00   -inf  -nan   3   2   5   2 311.92
   16   2018 03 25 09:22:58.121    33778.121  0.3605 30.9005 110.7205   0.00   -inf  -nan  14   9  23   9  94.62
   17   2018 03 25 09:34:39.978    34479.978  0.0700 30.9705 111.2805   0.00   -inf  -nan   3   2   5   2 306.32
   18   2018 03 25 09:42:24.177    34944.177  0.2763 31.0305 110.7205   8.00   -inf  -nan  15  12  27  12  83.71
   19   2018 03 25 09:55:09.436    35709.436  0.1981 30.8505 111.1305   6.00   -inf  -nan  12   6  18   5 210.75
   20   2018 03 25 09:56:19.692    35779.692  0.1605 30.8505 111.1305   6.00   -inf  -nan  11   6  17   6 210.75
   21   2018 03 25 10:26:24.230    37584.230  0.3476 31.0205 110.7405   8.00   -inf  -nan   3   4   7   3 139.53
   22   2018 03 25 11:31:33.094    41493.094  0.2500 30.9505 110.5205   0.00   -inf  -nan   7   4  11   4 109.77
   23   2018 03 25 14:59:03.303    53943.303  0.3449 31.0905 110.4205   8.00   -inf  -nan  19  11  30  11 118.85
   24   2018 03 25 18:37:47.037    67067.037  0.1735 31.2005 110.3305   0.00   -inf  -nan   5   2   7   2 282.45
   25   2018 03 25 21:08:01.680    76081.680  0.3656 31.0205 110.7405  10.00   -inf  -nan   9  10  19   8 139.53
   26   2018 03 25 21:26:03.559    77163.559  0.2119 31.1105 110.4405   0.00   -inf  -nan   4   5   9   3 207.61
   27   2018 03 25 23:55:23.046    86123.046  0.2587 30.8505 111.1305   4.00   -inf  -nan  10   8  18   7 210.25
   28   2018 03 25 23:56:11.743    86171.743  0.1988 30.8505 111.1305   6.00   -inf  -nan   8   7  15   7 210.25
    1   2018 03 26 00:07:26.191      446.191  0.4382 31.1705 110.6305  20.00   -inf  -nan   3   3   6   1 198.58
    2   2018 03 26 02:56:42.083    10602.083  0.4170 30.8905 111.0005   4.00   -inf  -nan   3   3   6   2 221.03
    3   2018 03 26 03:20:23.371    12023.371  0.2880 30.9005 110.7805   8.00   -inf  -nan  13  13  26  12  79.34
    4   2018 03 26 03:45:49.503    13549.503  0.4554 31.1705 110.3505   0.00   -inf  -nan   9   7  16   5 231.06
    5   2018 03 26 04:17:46.430    15466.430  0.3172 31.0305 110.5605   0.00   -inf  -nan   7   4  11   4 117.50
    6   2018 03 26 04:50:24.663    17424.663  0.3089 30.8105 110.7205   0.00   -inf  -nan   6   2   8   2 219.82
    7   2018 03 26 04:57:14.122    17834.122  0.1841 30.7705 110.7605  10.00   -inf  -nan   4   3   7   2 124.90
    8   2018 03 26 05:15:59.971    18959.971  0.4051 30.9705 110.3705   2.00   -inf  -nan  11   7  18   5  88.31
    9   2018 03 26 05:52:37.958    21157.958  0.2793 31.0605 110.7605   6.00   -inf  -nan   4   4   8   3 249.50
   10   2018 03 26 06:53:36.361    24816.361  0.1852 30.8505 111.1305   8.00   -inf  -nan   4   2   6   2 210.75
   11   2018 03 26 06:59:43.969    25183.969  0.2915 31.0305 110.7205  10.00   -inf  -nan  12  12  24  10  83.71
   12   2018 03 26 07:42:34.665    27754.665  0.1864 30.8505 111.1305   4.00   -inf  -nan  11   8  19   7 210.25
   13   2018 03 26 07:43:21.731    27801.731  0.1631 30.8505 111.1305   6.00   -inf  -nan   7   6  13   6 210.75
   14   2018 03 26 07:45:59.412    27959.412  0.1332 30.8505 111.1305   6.00   -inf  -nan   7   4  11   4 210.75
   15   2018 03 26 07:47:12.136    28032.136  0.1582 30.8505 111.1305   6.00   -inf  -nan   4   3   7   3 210.75
   16   2018 03 26 09:10:39.790    33039.790  0.3141 30.8905 111.0405   6.00   -inf  -nan   7   7  14   7  98.74
   17   2018 03 26 10:28:38.353    37718.353  0.2260 30.8505 111.1205   6.00   -inf  -nan  12   7  19   7 205.95
   18   2018 03 26 11:01:44.473    39704.473  0.2574 30.9805 110.7005  12.00   -inf  -nan   3   3   6   3 228.14
   19   2018 03 26 15:56:47.357    57407.357  0.1829 31.0305 110.7205   8.00   -inf  -nan   9  11  20   8 143.69
   20   2018 03 26 18:05:55.721    65155.721  0.4541 31.0605 110.4505  10.00   -inf  -nan   5   6  11   4 128.66
   21   2018 03 26 19:18:26.160    69506.160  0.3421 31.0905 110.4605   2.00   -inf  -nan   4   5   9   2 150.61
   22   2018 03 26 23:38:01.380    85081.380  0.2712 30.8505 111.1205   0.00   -inf  -nan  10  10  20  10 205.95
   23   2018 03 26 23:39:20.716    85160.716  0.2789 30.8505 111.1305   6.00   -inf  -nan  10   6  16   6 210.75
   24   2018 03 26 23:58:22.731    86302.731  0.1491 30.8505 111.1305   6.00   -inf  -nan   9   6  15   6 210.75
    1   2018 03 27 00:21:01.850     1261.850  0.2538 31.0105 110.0305   6.00   -inf  -nan   8   5  13   5 269.43
    2   2018 03 27 01:38:57.746     5937.746  0.2331 30.9605 109.9705   8.00   -inf  -nan   4   2   6   2 295.22
    3   2018 03 27 03:49:01.469    13741.469  0.2518 31.2205 110.0905   2.00   -inf  -nan  12   5  17   5 283.12
    4   2018 03 27 04:00:12.855    14412.855  0.3419 30.9105 110.7405   0.00   -inf  -nan  14   9  23   9  82.95
    5   2018 03 27 04:06:31.815    14791.815  0.4263 30.9805 110.3605   2.00   -inf  -nan  13   4  17   3  74.28
    6   2018 03 27 04:08:59.519    14939.519  0.1802 30.8505 111.1305   6.00   -inf  -nan  12   9  21   9 210.25
    7   2018 03 27 04:20:09.447    15609.447  0.4756 30.9705 110.3705   4.00   -inf  -nan  13   9  22   8  88.31
    8   2018 03 27 05:39:48.414    20388.414  0.2279 30.9105 111.0205   2.00   -inf  -nan   5   2   7   2 194.18
    9   2018 03 27 06:16:11.229    22571.229  0.2851 31.0205 110.4405   0.00   -inf  -nan   3   3   6   2 155.39
   10   2018 03 27 06:39:09.252    23949.252  0.3509 30.7005 110.9705   2.00   -inf  -nan   5   4   9   4 238.03
   11   2018 03 27 07:02:11.870    25331.870  0.3638 31.0205 110.4405   0.00   -inf  -nan  10   6  16   3 106.55
   12   2018 03 27 07:09:38.159    25778.159  0.2513 30.7005 110.9605   2.00   -inf  -nan   3   4   7   3 235.97
   13   2018 03 27 07:16:25.280    26185.280  0.1743 30.8505 111.1305   6.00   -inf  -nan   8   6  14   5 210.75
   14   2018 03 27 07:43:39.310    27819.310  0.2076 30.8505 111.1305   4.00   -inf  -nan   7   5  12   5 210.75
   15   2018 03 27 07:45:12.682    27912.682  0.1571 30.8505 111.1305   6.00   -inf  -nan  11   6  17   6 210.75
   16   2018 03 27 07:46:33.513    27993.513  0.2448 30.8205 110.9305   0.00   -inf  -nan  12   9  21   9 102.66
   17   2018 03 27 08:21:53.973    30113.973  0.3457 31.0205 110.4405   4.00   -inf  -nan   6   4  10   4 152.49
   18   2018 03 27 08:30:48.208    30648.208  0.3337 31.0205 110.4505   0.00   -inf  -nan   8   3  11   2 109.99
   19   2018 03 27 08:50:57.935    31857.935  0.2728 30.8105 110.9305   0.00   -inf  -nan   8   4  12   4 106.77
   20   2018 03 27 09:06:12.386    32772.386  0.3274 30.8505 111.3605   6.00   -inf  -nan  10   6  16   6 317.54
   21   2018 03 27 09:56:07.907    35767.907  0.3542 31.1305 110.0705   0.00   -inf  -nan  10   8  18   5 255.43
   22   2018 03 27 12:43:58.652    45838.652  0.3744 31.1505 110.6005   0.00   -inf  -nan   3   2   5   1 252.47
   23   2018 03 27 15:46:51.987    56811.987  0.1468 31.1305 110.4705  12.00   -inf  -nan   3   2   5   2 332.23
   24   2018 03 27 16:06:47.064    58007.064  0.3173 30.8605 110.4805   0.00   -inf  -nan  11  10  21   9 158.49
   25   2018 03 27 16:36:17.827    59777.827  0.3213 31.1705 110.1905  10.00   -inf  -nan   6   2   8   2 194.69
   26   2018 03 27 17:10:01.492    61801.492  0.2391 30.7005 110.9305  10.00   -inf  -nan   9   9  18   9 227.80
   27   2018 03 27 17:29:40.941    62980.941  0.2385 31.1705 110.3505   0.00   -inf  -nan   4   2   6   2 287.26
   28   2018 03 27 23:42:59.161    85379.161  0.2101 30.8505 111.1305   6.00   -inf  -nan  13   8  21   8 210.25
   29   2018 03 27 23:44:20.991    85460.991  0.1368 30.8505 111.1305   6.00   -inf  -nan  10   2  12   2 210.25
   30   2018 03 27 23:44:46.627    85486.627  0.2384 30.8505 111.1305   4.00   -inf  -nan  11   8  19   6 210.25
   31   2018 03 27 23:45:32.525    85532.525  0.1085 30.8505 111.1305   6.00   -inf  -nan   6   6  12   5 210.75
    1   2018 03 28 01:38:28.350     5908.350  0.1189 30.7005 110.8905   0.00   -inf  -nan   4   2   6   1 225.05
    2   2018 03 28 03:14:06.401    11646.401  0.4326 31.1705 110.3805   0.00   -inf  -nan  12   9  21   7 163.23
    3   2018 03 28 03:43:43.332    13423.332  0.3997 31.0305 110.4405   0.00   -inf  -nan   4   5   9   3 149.14
    4   2018 03 28 04:00:48.120    14448.120  0.3985 31.2805 110.8605   0.00   -inf  -nan   5   3   8   3 316.27
    5   2018 03 28 04:44:50.871    17090.871  0.3618 30.7705 110.9605  10.00   -inf  -nan   3   2   5   1 270.25
    6   2018 03 28 04:47:50.793    17270.793  0.2907 30.8905 111.0005   4.00   -inf  -nan   5   3   8   3 180.44
    7   2018 03 28 05:48:47.068    20927.068  0.1484 30.7405 110.8505   8.00   -inf  -nan   7   4  11   4 190.10
    8   2018 03 28 06:18:39.527    22719.527  0.4022 31.1805 110.3205   0.00   -inf  -nan   5   4   9   1 305.77
    9   2018 03 28 07:23:16.384    26596.384  0.1874 30.8505 111.1305   4.00   -inf  -nan   9   4  13   4 210.25
   10   2018 03 28 07:24:34.766    26674.766  0.1808 30.8505 111.1305   4.00   -inf  -nan   8   3  11   3 210.75
   11   2018 03 28 08:26:51.798    30411.798  0.2552 30.9705 110.4705  10.00   -inf  -nan   3   4   7   3 210.82
   12   2018 03 28 08:28:26.131    30506.131  0.3102 30.8505 111.1305   6.00   -inf  -nan  16  11  27  11 210.25
   13   2018 03 28 09:34:35.260    34475.260  0.2760 30.7805 110.7705  14.00   -inf  -nan  10  11  21  10 110.23
   14   2018 03 28 10:39:46.588    38386.588  0.2602 30.9605 109.9705  12.00   -inf  -nan   5   3   8   2 295.22
   15   2018 03 28 13:45:58.343    49558.343  0.3293 31.0205 110.7105   8.00   -inf  -nan  19  18  37  18  79.43
   16   2018 03 28 14:32:26.513    52346.513  0.3529 31.0105 110.7105   8.00   -inf  -nan   6   9  15   5  74.39
   17   2018 03 28 15:07:46.532    54466.532  0.2587 31.0805 110.1305   0.00   -inf  -nan   3   4   7   3 218.09
   18   2018 03 28 15:12:01.714    54721.714  0.2506 31.0905 110.1105   2.00   -inf  -nan   8   6  14   6 277.12
   19   2018 03 28 15:26:35.634    55595.634  0.1552 30.9305 111.3205   2.00   -inf  -nan   3   2   5   1 315.91
   20   2018 03 28 16:29:43.358    59383.358  0.2498 31.1505 110.3205   2.00   -inf  -nan   4   3   7   1 246.95
   21   2018 03 28 17:03:29.466    61409.466  0.2557 31.0905 110.2505   2.00   -inf  -nan   4   5   9   4 246.65
   22   2018 03 28 17:30:32.998    63032.998  0.2044 31.1705 110.5105   0.00   -inf  -nan   4   2   6   2 213.25
   23   2018 03 28 18:03:35.105    65015.105  0.2733 30.8905 110.7605   8.00   -inf  -nan  16  17  33  15  86.43
   24   2018 03 28 18:59:11.234    68351.234  0.0988 30.8905 110.7605   6.00   -inf  -nan   3   3   6   3 208.90
   25   2018 03 28 19:27:48.298    70068.298  0.3649 30.8905 110.7605   6.00   -inf  -nan  14  17  31  14  86.43
   26   2018 03 28 20:07:43.236    72463.236  0.2807 30.9405 110.7605  10.00   -inf  -nan  19  18  37  17  64.29
   27   2018 03 28 20:51:36.732    75096.732  0.3468 30.9405 110.7805  12.00   -inf  -nan  12  13  25  12  92.21
   28   2018 03 28 22:15:06.415    80106.415  0.2465 30.9405 110.7805  10.00   -inf  -nan  10  11  21   9  92.21
   29   2018 03 28 22:43:23.114    81803.114  0.1212 30.9405 110.7805   8.00   -inf  -nan   4   3   7   2 165.87
   30   2018 03 28 22:43:41.775    81821.775  0.1909 30.9305 110.7605  12.00   -inf  -nan   7   7  14   6  96.54
   31   2018 03 28 23:02:42.046    82962.046  0.1922 30.9405 110.7805   8.00   -inf  -nan   9   7  16   7  92.21
   32   2018 03 28 23:05:09.154    83109.154  0.1588 30.9405 110.7805   8.00   -inf  -nan   7   8  15   7  92.21
   33   2018 03 28 23:38:58.860    85138.860  0.3803 30.9405 110.7605  10.00   -inf  -nan   4   6  10   4 110.97
   34   2018 03 28 23:43:54.321    85434.321  0.1903 30.8505 111.1305   6.00   -inf  -nan   8   5  13   5 210.25
   35   2018 03 28 23:45:19.103    85519.103  0.2009 30.8505 111.1305   6.00   -inf  -nan  12   6  18   6 210.25
    1   2018 03 29 00:09:36.911      576.911  0.3617 30.9405 110.7605   6.00   -inf  -nan   6   6  12   5 105.54
    2   2018 03 29 00:53:21.564     3201.564  0.2329 30.9405 110.7605  10.00   -inf  -nan  13  14  27  13  77.94
    3   2018 03 29 01:01:05.557     3665.557  0.2295 30.8505 111.1305   4.00   -inf  -nan  16  12  28  12 210.25
    4   2018 03 29 01:22:14.990     4934.990  0.3513 31.0305 110.4405   0.00   -inf  -nan   5   7  12   5  92.86
    5   2018 03 29 02:48:31.244    10111.244  0.3245 30.9405 110.7805  10.00   -inf  -nan  11  11  22  11  92.21
    6   2018 03 29 03:39:46.831    13186.831  0.3834 30.9705 110.3905   0.00   -inf  -nan  12   4  16   4 146.12
    7   2018 03 29 03:55:13.366    14113.366  0.3201 30.9605 109.9705  12.00   -inf  -nan   6   4  10   4 295.22
    8   2018 03 29 07:30:04.678    27004.678  0.1808 31.1805 110.5405   0.00   -inf  -nan   3   2   5   1 305.61
    9   2018 03 29 07:34:48.899    27288.899  0.4174 30.7105 110.8605   8.00   -inf  -nan   9   6  15   6 214.79
   10   2018 03 29 10:34:20.369    38060.369  0.1305 30.9205 110.1305   4.00   -inf  -nan   4   3   7   3 332.66
   11   2018 03 29 12:46:22.742    45982.742  0.3970 31.2505 110.5505   2.00   -inf  -nan   3   2   5   2 311.05
   12   2018 03 29 12:49:37.012    46177.012  0.2337 30.9405 110.7805  10.00   -inf  -nan   8   8  16   7  92.21
   13   2018 03 29 16:46:35.330    60395.330  0.1958 30.9405 110.7605  10.00   -inf  -nan   5   4   9   4 110.97
   14   2018 03 29 19:15:42.641    69342.641  0.3063 30.9305 110.7905  12.00   -inf  -nan  18  18  36  17  65.57
   15   2018 03 29 20:06:09.005    72369.005  0.0742 30.9005 110.5605   8.00   -inf  -nan   3   3   6   3 179.22
   16   2018 03 29 21:32:54.963    77574.963  0.2113 30.9405 110.7805  10.00   -inf  -nan   7   8  15   7  92.21
   17   2018 03 29 22:47:52.987    82072.987  0.3934 31.1705 110.5905   0.00   -inf  -nan   4   2   6   1 221.07
   18   2018 03 29 23:07:17.932    83237.932  0.3153 31.0305 110.3205   0.00   -inf  -nan   9  10  19   7 102.35
    1   2018 03 30 02:46:24.525     9984.525  0.1799 30.9405 110.7605   8.00   -inf  -nan   4   2   6   1 110.97
    2   2018 03 30 02:59:40.417    10780.417  0.1951 30.9405 110.7805   8.00   -inf  -nan   6   9  15   6  92.21
    3   2018 03 30 03:27:14.780    12434.780  0.1304 30.7805 111.0105   4.00   -inf  -nan   4   3   7   3 224.92
    4   2018 03 30 04:12:19.598    15139.598  0.3027 30.7005 111.0505   2.00   -inf  -nan   3   3   6   2 294.48
    5   2018 03 30 04:20:08.088    15608.088  0.2576 30.8505 111.0805   8.00   -inf  -nan   6   5  11   5 148.03
    6   2018 03 30 04:53:10.091    17590.091  0.1078 30.8505 111.1305   8.00   -inf  -nan   3   2   5   2 318.48
    7   2018 03 30 07:15:41.542    26141.542  0.3844 31.0105 110.4705   0.00   -inf  -nan  12   9  21   8  99.33
    8   2018 03 30 07:23:38.500    26618.500  0.3401 30.8905 111.0805   6.00   -inf  -nan   6   5  11   5 102.64
    9   2018 03 30 07:50:35.856    28235.856  0.3490 30.8905 111.1305   2.00   -inf  -nan  14  10  24  10 164.15
   10   2018 03 30 07:54:44.622    28484.622  0.3908 30.9805 110.7905   4.00   -inf  -nan  10   2  12   2 117.64
   11   2018 03 30 10:09:16.239    36556.239  0.2220 30.8505 111.1305   6.00   -inf  -nan   8   5  13   5 210.75
   12   2018 03 30 10:10:11.779    36611.779  0.1741 30.8505 111.1605   6.00   -inf  -nan   9   4  13   4 225.53
   13   2018 03 30 10:24:05.054    37445.054  0.4524 31.1305 110.5505  12.00   -inf  -nan   3   3   6   2 228.31
   14   2018 03 30 12:48:48.482    46128.482  0.2213 31.0905 110.1505   4.00   -inf  -nan   5   7  12   5 264.37
   15   2018 03 30 12:52:03.261    46323.261  0.2162 31.0805 110.1705   0.00   -inf  -nan   5   7  12   5 193.55
   16   2018 03 30 14:11:13.593    51073.593  0.2955 30.9805 110.7805   0.00   -inf  -nan   6   6  12   6 117.79
   17   2018 03 30 14:15:28.969    51328.969  0.3262 31.1405 110.3305   0.00   -inf  -nan   7   4  11   4 155.34
   18   2018 03 30 14:20:06.148    51606.148  0.3119 30.8505 110.8005   8.00   -inf  -nan  13  12  25  12  78.11
   19   2018 03 30 15:46:18.599    56778.599  0.2701 31.0205 110.4605   6.00   -inf  -nan   5   4   9   3 122.11
   20   2018 03 30 16:41:30.265    60090.265  0.3675 31.0605 110.4605   6.00   -inf  -nan   8   8  16   7 120.13
   21   2018 03 30 17:43:19.536    63799.536  0.3239 31.1705 110.5105   4.00   -inf  -nan   8   3  11   3 171.89
   22   2018 03 30 18:34:59.556    66899.556  0.2763 31.0905 110.1505   0.00   -inf  -nan   5   4   9   3 207.20
   23   2018 03 30 19:49:25.983    71365.983  0.2772 31.2505 110.5505   2.00   -inf  -nan   3   2   5   2 311.05
   24   2018 03 30 20:26:31.102    73591.102  0.4951 31.0505 110.4705   6.00   -inf  -nan   5   4   9   4 208.71
   25   2018 03 30 20:45:22.844    74722.844  0.1361 30.9405 110.7805   8.00   -inf  -nan   3   4   7   3 182.72
   26   2018 03 30 21:10:24.175    76224.175  0.3671 31.1705 110.3105   4.00   -inf  -nan   3   4   7   2 274.27
   27   2018 03 30 23:54:59.248    86099.248  0.2618 30.8505 111.1305   6.00   -inf  -nan  14  10  24  10 210.25
    1   2018 03 31 00:55:01.117     3301.117  0.3343 31.0905 110.1505   6.00   -inf  -nan  12  11  23  10 207.20
    2   2018 03 31 02:10:53.143     7853.143  0.4375 31.0705 110.6405  10.00   -inf  -nan   3   3   6   2 276.91
    3   2018 03 31 02:15:52.052     8152.052  0.4228 30.9805 110.3605   0.00   -inf  -nan   7   6  13   4  99.05
    4   2018 03 31 02:36:33.013     9393.013  0.2313 30.8905 111.0905   6.00   -inf  -nan   4   4   8   4 157.71
    5   2018 03 31 02:42:11.873     9731.873  0.2169 30.8505 111.0805   6.00   -inf  -nan   3   3   6   2 148.03
    6   2018 03 31 02:52:13.929    10333.929  0.2458 30.8505 111.3605   4.00   -inf  -nan   9   5  14   5 317.54
    7   2018 03 31 02:55:43.052    10543.052  0.3014 30.8205 111.1705   2.00   -inf  -nan   6   6  12   5 245.81
    8   2018 03 31 02:56:51.100    10611.100  0.1843 30.8605 111.1405   6.00   -inf  -nan   7   6  13   6 209.60
    9   2018 03 31 04:35:49.793    16549.793  0.3365 31.0905 110.1905   4.00   -inf  -nan   8   6  14   6 181.48
   10   2018 03 31 07:05:33.937    25533.937  0.1817 31.0005 110.0105  10.00   -inf  -nan   8   6  14   5 307.55
   11   2018 03 31 08:21:59.419    30119.419  0.3904 30.7805 110.9305   4.00   -inf  -nan  10   8  18   7 157.56
   12   2018 03 31 08:59:53.050    32393.050  0.2466 30.8605 110.1305   0.00   -inf  -nan  12  10  22  10 264.69
   13   2018 03 31 09:27:28.402    34048.402  0.4728 31.1405 110.5705   4.00   -inf  -nan   3   3   6   2 199.92
   14   2018 03 31 09:46:07.691    35167.691  0.4730 31.2105 110.5105   0.00   -inf  -nan   3   2   5   1 313.32
   15   2018 03 31 09:54:46.388    35686.388  0.2462 31.0905 110.1505   0.00   -inf  -nan   3   3   6   3 207.20
   16   2018 03 31 10:02:38.767    36158.767  0.3308 30.8505 111.1305   4.00   -inf  -nan  12  12  24   9 210.75
   17   2018 03 31 16:28:58.254    59338.254  0.2249 31.0505 110.4505  10.00   -inf  -nan   3   4   7   3 214.25
   18   2018 03 31 18:20:22.222    66022.222  0.2136 30.9405 110.7605  10.00   -inf  -nan   3   5   8   3 128.27
   19   2018 03 31 20:08:13.949    72493.949  0.1943 31.1705 110.3805   2.00   -inf  -nan   4   2   6   2 237.20
   20   2018 03 31 21:10:04.672    76204.672  0.3677 30.9405 110.7505  10.00   -inf  -nan   7  10  17   7  92.19
   21   2018 03 31 21:11:06.909    76266.909  0.1530 31.1405 110.2105   0.00   -inf  -nan   4   5   9   4 170.72
   22   2018 03 31 23:33:49.173    84829.173  0.1382 31.0805 110.1705   0.00   -inf  -nan   4   4   8   4 193.55
   23   2018 03 31 23:40:25.155    85225.155  0.2504 30.8505 111.1305   6.00   -inf  -nan  11   9  20   8 210.25
   24   2018 03 31 23:41:32.855    85292.855  0.1520 30.8505 111.1305   6.00   -inf  -nan   8   5  13   5 210.25
   25   2018 03 31 23:55:46.488    86146.488  0.2618 30.8505 111.1305   4.00   -inf  -nan  13  11  24  11 210.25
    1   2018 04 01 03:07:44.067    11264.067  0.3322 30.9605 109.9705  10.00   -inf  -nan   7   4  11   4 295.22
    2   2018 04 01 03:30:26.595    12626.595  0.3356 31.2805 110.8605   2.00   -inf  -nan   9   7  16   5 251.75
    3   2018 04 01 03:54:52.691    14092.691  0.2814 30.7805 110.9305   4.00   -inf  -nan   5   4   9   4 157.56
    4   2018 04 01 03:58:46.533    14326.533  0.0977 30.7705 111.1305  10.00   -inf  -nan   3   2   5   2 296.83
    5   2018 04 01 07:20:54.924    26454.924  0.2156 30.8505 111.1305   4.00   -inf  -nan  11   9  20   8 210.25
    6   2018 04 01 07:49:41.296    28181.296  0.1743 30.8505 111.1305   6.00   -inf  -nan   8   5  13   5 210.75
    7   2018 04 01 08:34:17.959    30857.959  0.1356 30.9905 110.5205  16.00   -inf  -nan   3   2   5   2 181.11
    8   2018 04 01 09:04:05.107    32645.107  0.3211 31.1805 110.5805   0.00   -inf  -nan   4   2   6   1 210.35
    9   2018 04 01 09:17:24.800    33444.800  0.3513 30.8905 111.0405   2.00   -inf  -nan  11   3  14   3  98.74
   10   2018 04 01 11:06:08.519    39968.519  0.3317 31.0105 110.4705   0.00   -inf  -nan   9   7  16   5 131.60
   11   2018 04 01 11:18:43.055    40723.055  0.3731 31.0205 110.4605   0.00   -inf  -nan  10   5  15   5 139.70
   12   2018 04 01 13:44:09.151    49449.151  0.2184 30.9305 111.1705   0.00   -inf  -nan   4   2   6   2 146.89
   13   2018 04 01 13:49:14.626    49754.626  0.1741 31.1705 110.3405   0.00   -inf  -nan   5   2   7   2 176.84
   14   2018 04 01 14:10:49.071    51049.071  0.3208 31.0205 110.7005   8.00   -inf  -nan   3   3   6   2 152.81
   15   2018 04 01 16:40:46.066    60046.066  0.2338 30.6705 110.6605  10.00   -inf  -nan   4   5   9   3 240.26
   16   2018 04 01 18:16:13.210    65773.210  0.4106 31.1805 110.3305   0.00   -inf  -nan   3   2   5   1 181.29
   17   2018 04 01 18:54:34.108    68074.108  0.2856 31.0805 110.8205  10.00   -inf  -nan  16  15  31  14 124.12
   18   2018 04 01 19:16:45.906    69405.906  0.2803 31.0605 110.8205   0.00   -inf  -nan   8   8  16   8 109.59
   19   2018 04 01 20:36:59.605    74219.605  0.2803 31.0805 110.8205   8.00   -inf  -nan  13  14  27  12 124.12
   20   2018 04 01 20:57:58.359    75478.359  0.3243 31.0805 110.8205   8.00   -inf  -nan   3   3   6   3 124.12
   21   2018 04 01 22:37:18.145    81438.145  0.3628 31.0605 110.8205   0.00   -inf  -nan   3   3   6   3 200.71
   22   2018 04 01 23:31:18.613    84678.613  0.2354 30.8505 111.1305   6.00   -inf  -nan  10  10  20  10 210.25
    1   2018 04 02 00:36:27.232     2187.232  0.2566 31.1305 110.3805  10.00   -inf  -nan   3   4   7   3 224.62
    2   2018 04 02 01:48:28.862     6508.862  0.1815 30.8505 111.1305   4.00   -inf  -nan  10   5  15   5 210.25
    3   2018 04 02 01:49:22.425     6562.425  0.1774 30.8505 111.1305   4.00   -inf  -nan   9   7  16   7 210.75
    4   2018 04 02 03:20:01.198    12001.198  0.2256 30.8505 111.0905   8.00   -inf  -nan   5   2   7   2 170.85
    5   2018 04 02 03:25:09.517    12309.517  0.4879 31.2605 110.0105   0.00   -inf  -nan   3   4   7   2 325.17
    6   2018 04 02 03:33:10.921    12790.921  0.1995 31.2205 110.1705   8.00   -inf  -nan   6   3   9   2 270.76
    7   2018 04 02 04:05:25.409    14725.409  0.2701 31.0805 110.8205  10.00   -inf  -nan  18  17  35  15 124.12
    8   2018 04 02 04:06:22.398    14782.398  0.2195 30.9805 110.8605   0.00   -inf  -nan   4   3   7   3 202.85
    9   2018 04 02 04:07:20.137    14840.137  0.3052 31.0805 110.8205  10.00   -inf  -nan  17  18  35  16 124.12
   10   2018 04 02 04:08:37.951    14917.951  0.3066 31.0505 110.8105   2.00   -inf  -nan  10   8  18   7 188.15
   11   2018 04 02 04:09:03.268    14943.268  0.2726 31.0805 110.8205  10.00   -inf  -nan   3   2   5   2 124.12
   12   2018 04 02 04:09:27.659    14967.659  0.2102 31.0805 110.8205   8.00   -inf  -nan  11   6  17   6 138.49
   13   2018 04 02 04:10:23.640    15023.640  0.2998 31.1605 110.8205  18.00   -inf  -nan   4   3   7   1 222.90
   14   2018 04 02 04:11:36.606    15096.606  0.2758 31.0805 110.8205   8.00   -inf  -nan  13  13  26  12 124.12
   15   2018 04 02 04:19:50.876    15590.876  0.3770 31.0305 110.8405  10.00   -inf  -nan   6   4  10   4 147.29
   16   2018 04 02 04:20:54.208    15654.208  0.4283 31.0605 110.8205   0.00   -inf  -nan   4   5   9   4 109.59
   17   2018 04 02 04:25:17.347    15917.347  0.2913 31.0605 110.4405   6.00   -inf  -nan   3   3   6   2 216.40
   18   2018 04 02 04:43:01.920    16981.920  0.3078 31.0805 110.8205   8.00   -inf  -nan  10  10  20   8 124.12
   19   2018 04 02 04:44:22.244    17062.244  0.3285 31.0805 110.8205   8.00   -inf  -nan  15  13  28  12 124.12
   20   2018 04 02 05:03:48.552    18228.552  0.2386 31.0805 110.8205   8.00   -inf  -nan  15  14  29  13 124.12
   21   2018 04 02 05:08:47.147    18527.147  0.2716 30.9705 111.2005   2.00   -inf  -nan   3   2   5   2 295.63
   22   2018 04 02 05:27:32.874    19652.874  0.2684 30.8505 111.1305   4.00   -inf  -nan  12  10  22  10 210.75
   23   2018 04 02 05:34:21.451    20061.451  0.2454 30.9705 110.0205   8.00   -inf  -nan   9   3  12   2 281.78
   24   2018 04 02 05:52:39.024    21159.024  0.2755 30.9805 109.9705   8.00   -inf  -nan  11   6  17   6 291.34
   25   2018 04 02 06:37:27.339    23847.339  0.2120 30.7705 110.9105   2.00   -inf  -nan   6   7  13   4 225.43
   26   2018 04 02 07:18:52.145    26332.145  0.2744 30.9405 110.7905   8.00   -inf  -nan   8   7  15   7  96.80
   27   2018 04 02 08:22:46.311    30166.311  0.1647 30.8505 111.1305   6.00   -inf  -nan   9   6  15   6 210.75
   28   2018 04 02 08:23:45.971    30225.971  0.2026 30.8505 111.1305   6.00   -inf  -nan   8   6  14   6 210.75
   29   2018 04 02 08:37:22.258    31042.258  0.2985 31.0105 110.7105  10.00   -inf  -nan   8   9  17   7 129.13
   30   2018 04 02 09:08:15.392    32895.392  0.2816 30.8505 111.1305   6.00   -inf  -nan   6   6  12   5 210.75
   31   2018 04 02 10:31:20.575    37880.575  0.0885 30.9805 110.4405  10.00   -inf  -nan   3   2   5   1 203.41
   32   2018 04 02 14:55:43.474    53743.474  0.3687 31.1705 110.3505   2.00   -inf  -nan   7   4  11   3 179.15
   33   2018 04 02 15:01:32.615    54092.615  0.2490 31.2105 110.5105   2.00   -inf  -nan   3   2   5   2 311.92
   34   2018 04 02 17:57:11.561    64631.561  0.2873 31.0105 110.5105   0.00   -inf  -nan   7   6  13   6 121.53
   35   2018 04 02 18:29:40.825    66580.825  0.1266 30.8905 111.1605   8.00   -inf  -nan   5   2   7   2 195.54
   36   2018 04 02 21:48:55.109    78535.109  0.3419 31.0505 110.4605   0.00   -inf  -nan   8   8  16   6 111.60
   37   2018 04 02 23:37:19.083    85039.083  0.2476 30.8505 111.1605   8.00   -inf  -nan   8   8  16   8 227.22
   38   2018 04 02 23:38:09.003    85089.003  0.2126 30.8505 111.1305   4.00   -inf  -nan  10   8  18   7 210.75
    1   2018 04 03 03:04:15.377    11055.377  0.1825 30.7505 110.7805  10.00   -inf  -nan   4   3   7   3 148.80
    2   2018 04 03 03:38:04.824    13084.824  0.2365 30.8505 111.1305   4.00   -inf  -nan  13  10  23  10 210.75
    3   2018 04 03 03:47:10.137    13630.137  0.1781 30.8905 111.3605  12.00   -inf  -nan   5   3   8   3 334.19
    4   2018 04 03 03:57:29.848    14249.848  0.2809 30.7305 111.1305   2.00   -inf  -nan   3   5   8   3 302.22
    5   2018 04 03 04:00:09.273    14409.273  0.1256 31.0205 110.4805   0.00   -inf  -nan   3   3   6   3 163.04
    6   2018 04 03 04:12:00.330    15120.330  0.3830 30.8905 110.7205  10.00   -inf  -nan  12   9  21   7  97.68
    7   2018 04 03 04:27:20.871    16040.871  0.4350 31.2905 110.8305   2.00   -inf  -nan  12  11  23   9 251.32
    8   2018 04 03 05:26:40.833    19600.833  0.3743 31.0305 110.4805   8.00   -inf  -nan  13   9  22   7  98.79
    9   2018 04 03 05:29:17.713    19757.713  0.2100 30.8505 111.1305   6.00   -inf  -nan   7   6  13   6 210.75
   10   2018 04 03 05:29:52.540    19792.540  0.2918 30.8505 111.1305   2.00   -inf  -nan  10   6  16   6 210.75
   11   2018 04 03 08:48:18.662    31698.662  0.3204 30.8905 111.2405   8.00   -inf  -nan   4   2   6   1 294.12
   12   2018 04 03 08:54:35.027    32075.027  0.2495 31.0905 110.1905   2.00   -inf  -nan   5   5  10   4 264.28
   13   2018 04 03 09:35:06.138    34506.138  0.2671 30.9805 110.7805   0.00   -inf  -nan  14   7  21   7  63.69
   14   2018 04 03 10:20:10.692    37210.692  0.2176 30.8505 111.1305   4.00   -inf  -nan  13   7  20   6 210.25
   15   2018 04 03 10:34:24.697    38064.697  0.3370 30.7305 111.1605   0.00   -inf  -nan   6   5  11   4 274.20
   16   2018 04 03 10:37:46.020    38266.020  0.2250 30.8505 111.1605   6.00   -inf  -nan   5   6  11   4 225.53
   17   2018 04 03 10:39:03.156    38343.156  0.1015 30.8505 111.1305   6.00   -inf  -nan   3   3   6   3 318.48
   18   2018 04 03 10:39:55.031    38395.031  0.3474 30.9805 110.4005   0.00   -inf  -nan   5   4   9   4  87.50
   19   2018 04 03 10:57:39.905    39459.905  0.1921 30.8105 111.1605  14.00   -inf  -nan   3   2   5   2 245.30
   20   2018 04 03 11:03:04.020    39784.020  0.2239 30.8905 111.0905   2.00   -inf  -nan   9   3  12   3 113.28
   21   2018 04 03 11:16:50.302    40610.302  0.2541 30.9305 110.8005   6.00   -inf  -nan   6   6  12   6  91.38
   22   2018 04 03 11:19:23.450    40763.450  0.0912 30.8605 111.1105   6.00   -inf  -nan   5   3   8   3 274.08
   23   2018 04 03 14:39:54.866    52794.866  0.3138 31.1605 110.5405   0.00   -inf  -nan   5   2   7   2 232.08
   24   2018 04 03 15:33:29.898    56009.898  0.2085 31.0505 110.4305   6.00   -inf  -nan   4   4   8   3 213.27
   25   2018 04 03 15:41:45.431    56505.431  0.3589 31.0605 110.4405   4.00   -inf  -nan  11  10  21  10 170.49
   26   2018 04 03 18:24:42.534    66282.534  0.3530 31.0505 110.4305   8.00   -inf  -nan   7   7  14   5 102.66
   27   2018 04 03 20:03:53.684    72233.684  0.1638 30.9305 111.2805   2.00   -inf  -nan   4   2   6   2 309.47
   28   2018 04 03 21:54:21.918    78861.918  0.4171 31.1705 110.3405   6.00   -inf  -nan   7   2   9   2 176.84
   29   2018 04 03 22:04:01.563    79441.563  0.2089 30.9705 111.2105  16.00   -inf  -nan   3   2   5   1 289.00
   30   2018 04 03 22:06:24.050    79584.050  0.1832 31.0905 110.1905   4.00   -inf  -nan   3   2   5   2 181.48
    1   2018 04 04 00:52:20.803     3140.803  0.2484 30.8505 111.1305   4.00   -inf  -nan  10  12  22  10 210.75
    2   2018 04 04 02:02:20.709     7340.709  0.1336 30.8505 111.1305   6.00   -inf  -nan   7   5  12   5 210.75
    3   2018 04 04 02:03:02.750     7382.750  0.1954 30.8505 111.1305   6.00   -inf  -nan   8   7  15   6 210.75
    4   2018 04 04 02:11:41.537     7901.537  0.2340 31.0105 110.1305   4.00   -inf  -nan   3   2   5   2 333.58
    5   2018 04 04 02:30:24.520     9024.520  0.3322 30.8505 111.0905   8.00   -inf  -nan   7   7  14   7 170.85
    6   2018 04 04 06:07:36.441    22056.441  0.2641 30.8505 111.1305   6.00   -inf  -nan  12   9  21   9 210.75
    7   2018 04 04 06:46:04.055    24364.055  0.1854 30.9405 110.4805   0.00   -inf  -nan   3   3   6   3 200.98
    8   2018 04 04 08:27:57.456    30477.456  0.1869 30.8505 111.1305   4.00   -inf  -nan   8   5  13   5 210.75
    9   2018 04 04 08:29:04.241    30544.241  0.1916 30.8505 111.1305   6.00   -inf  -nan   6   3   9   3 210.75
   10   2018 04 04 09:01:23.553    32483.553  0.1150 31.2205 111.0305   2.00   -inf  -nan   3   2   5   1 325.32
   11   2018 04 04 09:31:16.333    34276.333  0.2001 30.8505 111.1305   4.00   -inf  -nan   6   5  11   5 210.75
   12   2018 04 04 09:51:02.574    35462.574  0.3475 31.2605 110.0105   6.00   -inf  -nan   8   6  14   5 305.26
   13   2018 04 04 13:49:06.267    49746.267  0.4617 30.9105 110.5205   0.00   -inf  -nan   8   9  17   7 167.55
   14   2018 04 04 15:55:22.794    57322.794  0.2088 30.9405 110.7405   8.00   -inf  -nan   3   2   5   2 151.07
   15   2018 04 04 19:45:35.648    71135.648  0.2452 31.1705 110.1905   8.00   -inf  -nan   3   3   6   1 225.22
   16   2018 04 04 21:04:55.707    75895.707  0.2331 30.9405 110.7805  10.00   -inf  -nan   9   9  18   8  92.21
   17   2018 04 04 23:43:14.557    85394.557  0.1608 30.8505 111.1305   6.00   -inf  -nan  10   6  16   6 210.25
   18   2018 04 04 23:47:08.561    85628.561  0.1635 30.8505 111.1305   6.00   -inf  -nan   8   4  12   4 210.25
    1   2018 04 05 03:20:32.224    12032.224  0.2905 30.7705 111.0905  10.00   -inf  -nan   4   2   6   1 274.19
    2   2018 04 05 04:40:54.379    16854.379  0.3506 31.0505 110.1505   2.00   -inf  -nan   6   6  12   6 204.15
    3   2018 04 05 05:02:08.314    18128.314  0.3915 30.8105 111.1605   8.00   -inf  -nan  12   9  21   9 238.50
    4   2018 04 05 06:14:23.249    22463.249  0.3317 30.8505 111.1705   4.00   -inf  -nan  11   6  17   5 233.42
    5   2018 04 05 06:15:03.283    22503.283  0.1481 30.8605 111.1305   6.00   -inf  -nan   4   5   9   4 204.21
    6   2018 04 05 06:53:42.625    24822.625  0.2681 30.9005 110.7805   8.00   -inf  -nan   3   3   6   3 185.28
    7   2018 04 05 07:43:07.425    27787.425  0.3527 30.8305 110.6605   0.00   -inf  -nan   3   2   5   2 235.76
    8   2018 04 05 08:17:38.716    29858.716  0.1707 30.8505 111.1305   6.00   -inf  -nan   7   6  13   6 210.75
    9   2018 04 05 09:22:52.836    33772.836  0.2348 30.7705 110.7605  10.00   -inf  -nan  12  10  22  10 109.98
   10   2018 04 05 10:00:11.667    36011.667  0.1675 31.1705 110.3505   6.00   -inf  -nan   3   3   6   3 215.69
   11   2018 04 05 11:07:38.619    40058.619  0.3332 31.0505 110.4305   4.00   -inf  -nan   8   8  16   8 103.12
   12   2018 04 05 11:33:24.792    41604.792  0.2587 30.8905 111.1605   8.00   -inf  -nan   3   2   5   2 195.54
   13   2018 04 05 12:29:25.513    44965.513  0.1661 30.9305 111.1705   0.00   -inf  -nan   4   3   7   3 146.89
   14   2018 04 05 13:24:01.143    48241.143  0.2375 30.9305 111.2405   0.00   -inf  -nan   4   3   7   3 303.31
   15   2018 04 05 13:52:47.501    49967.501  0.3142 30.8905 111.0005   4.00   -inf  -nan   7   4  11   4  91.53
   16   2018 04 05 16:17:15.193    58635.193  0.1806 30.7705 110.7605  10.00   -inf  -nan   7   6  13   6 124.90
   17   2018 04 05 17:10:14.907    61814.907  0.2581 30.9905 110.7605   0.00   -inf  -nan   6   3   9   3 157.23
   18   2018 04 05 20:18:19.129    73099.129  0.2162 31.0605 110.4605   6.00   -inf  -nan   5   4   9   3 201.65
   19   2018 04 05 21:24:08.282    77048.282  0.3385 31.0705 110.2805  10.00   -inf  -nan   6   6  12   6 125.62
   20   2018 04 05 23:40:40.551    85240.551  0.1772 30.8505 111.1305   6.00   -inf  -nan   6   5  11   5 210.75
   21   2018 04 05 23:43:26.914    85406.914  0.2474 30.8505 111.1305   4.00   -inf  -nan  10   9  19   8 210.25
    1   2018 04 06 02:06:36.026     7596.026  0.2449 30.8505 111.4005   8.00   -inf  -nan   5   4   9   4 325.39
    2   2018 04 06 06:08:36.309    22116.309  0.2276 30.8505 111.1305   6.00   -inf  -nan   6   6  12   5 210.75
    3   2018 04 06 06:09:13.166    22153.166  0.1559 30.8505 111.1305   4.00   -inf  -nan   4   3   7   3 210.75
    4   2018 04 06 07:06:05.488    25565.488  0.1472 30.8505 111.1305   6.00   -inf  -nan   7   7  14   7 210.25
    5   2018 04 06 07:43:41.822    27821.822  0.2275 31.0005 110.4905  10.00   -inf  -nan   5   2   7   1 144.16
    6   2018 04 06 07:48:13.610    28093.610  0.2329 30.9705 111.2005   4.00   -inf  -nan   3   3   6   3 295.63
    7   2018 04 06 07:49:17.630    28157.630  0.1487 30.9605 110.4205   6.00   -inf  -nan   5   3   8   2 234.72
    8   2018 04 06 08:13:24.742    29604.742  0.1711 30.8505 111.0905   8.00   -inf  -nan   7   3  10   3 170.85
    9   2018 04 06 08:17:10.736    29830.736  0.3167 30.9605 109.9705  10.00   -inf  -nan   7   6  13   5 295.22
   10   2018 04 06 08:18:32.827    29912.827  0.3658 31.3005 110.2505  16.00   -inf  -nan   6   3   9   1 263.93
   11   2018 04 06 09:06:20.218    32780.218  0.4405 31.1705 110.3905   0.00   -inf  -nan  10   5  15   2 164.24
   12   2018 04 06 11:25:38.494    41138.494  0.1737 30.8905 110.2305   2.00   -inf  -nan   3   2   5   2 287.10
   13   2018 04 06 14:09:35.623    50975.623  0.1763 31.1005 110.4405   2.00   -inf  -nan   3   2   5   1 263.87
   14   2018 04 06 18:55:07.845    68107.845  0.2827 30.9705 110.8005  20.00   -inf  -nan   5   2   7   2 124.97
   15   2018 04 06 18:59:57.129    68397.129  0.2456 30.9305 111.2005   6.00   -inf  -nan   4   2   6   2 279.86
   16   2018 04 06 20:44:50.414    74690.414  0.2301 31.2105 110.3005   2.00   -inf  -nan   6   3   9   3 274.79
   17   2018 04 06 21:15:12.380    76512.380  0.4395 31.0505 110.5105  12.00   -inf  -nan   3   3   6   3 178.86
   18   2018 04 06 23:58:58.846    86338.846  0.2385 30.8505 111.1305   6.00   -inf  -nan   6   6  12   6 210.75
    1   2018 04 07 02:23:54.204     8634.204  0.2637 30.8505 111.1305   2.00   -inf  -nan   6   5  11   5 284.42
    2   2018 04 07 02:35:45.059     9345.059  0.2924 30.9405 110.4805   0.00   -inf  -nan   9   7  16   6 152.74
    3   2018 04 07 03:31:47.657    12707.657  0.2392 30.8205 110.9305   4.00   -inf  -nan   4   2   6   1 137.28
    4   2018 04 07 06:48:39.176    24519.176  0.2442 30.8505 111.1305   6.00   -inf  -nan   7   5  12   5 284.42
    5   2018 04 07 06:49:24.939    24564.939  0.1476 30.8505 111.1305   6.00   -inf  -nan   5   3   8   3 284.42
    6   2018 04 07 08:19:26.791    29966.791  0.1755 30.8505 111.1305   6.00   -inf  -nan   5   6  11   5 284.42
    7   2018 04 07 08:32:24.460    30744.460  0.4031 30.7805 110.9305   4.00   -inf  -nan   8   7  15   5 157.56
    8   2018 04 07 08:42:52.334    31372.334  0.3507 31.0605 110.4405   8.00   -inf  -nan   4   5   9   4 113.97
    9   2018 04 07 09:20:20.856    33620.856  0.3545 31.0205 110.4405   0.00   -inf  -nan  11   4  15   4 101.35
   10   2018 04 07 10:36:39.517    38199.517  0.2582 31.1005 110.4405  10.00   -inf  -nan   3   3   6   3 155.17
   11   2018 04 07 13:39:48.459    49188.459  0.2276 30.8905 111.1305   6.00   -inf  -nan   4   2   6   2 263.35
   12   2018 04 07 16:23:50.751    59030.751  0.2554 30.8105 110.6805   8.00   -inf  -nan   5   6  11   5 185.74
   13   2018 04 07 17:55:36.309    64536.309  0.3097 31.1705 110.3805   2.00   -inf  -nan   4   3   7   2 306.62
   14   2018 04 07 20:02:19.951    72139.951  0.2745 30.8905 110.4105   2.00   -inf  -nan   6   6  12   6 190.73
   15   2018 04 07 21:09:30.182    76170.182  0.2993 31.1705 110.2305  18.00   -inf  -nan   4   2   6   2 160.20
   16   2018 04 07 23:32:23.833    84743.833  0.1570 30.8605 111.1305   6.00   -inf  -nan   3   4   7   3 282.99
   17   2018 04 07 23:35:17.387    84917.387  0.1032 30.8505 111.1305   6.00   -inf  -nan   7   4  11   4 317.97
    1   2018 04 08 01:05:45.774     3945.774  0.1983 30.8505 111.1305  10.00   -inf  -nan   4   3   7   3 318.48
    2   2018 04 08 01:55:36.785     6936.785  0.2804 30.7705 110.7605   8.00   -inf  -nan   4   5   9   4 186.92
    3   2018 04 08 03:41:20.073    13280.073  0.4350 31.2505 110.8105   0.00   -inf  -nan   8   3  11   3 257.22
    4   2018 04 08 06:12:42.650    22362.650  0.1227 30.8505 111.1305   6.00   -inf  -nan   6   2   8   2 317.97
    5   2018 04 08 06:13:54.919    22434.919  0.1179 30.8505 111.1305   6.00   -inf  -nan   5   3   8   3 318.48
    6   2018 04 08 07:03:32.391    25412.391  0.3525 30.9905 110.5205   0.00   -inf  -nan  10   5  15   4 118.39
    7   2018 04 08 07:11:34.342    25894.342  0.3814 30.9905 110.4805   2.00   -inf  -nan   7   5  12   4 168.25
    8   2018 04 08 08:04:42.239    29082.239  0.2388 31.3005 110.2905  10.00   -inf  -nan   5   2   7   2 252.51
    9   2018 04 08 08:57:47.048    32267.048  0.1724 30.7405 110.8905   0.00   -inf  -nan   7   6  13   6 199.16
   10   2018 04 08 10:03:18.594    36198.594  0.2279 30.8905 111.0405   4.00   -inf  -nan   8   6  14   6 158.22
   11   2018 04 08 10:09:06.447    36546.447  0.2123 30.8505 111.1305   4.00   -inf  -nan   8   6  14   6 284.42
   12   2018 04 08 10:09:48.978    36588.978  0.1689 30.8905 111.0505   4.00   -inf  -nan   5   4   9   4 167.01
   13   2018 04 08 10:25:07.117    37507.117  0.3106 31.2205 110.0505   0.00   -inf  -nan   9   6  15   6 289.11
   14   2018 04 08 10:31:09.620    37869.620  0.3212 31.1705 110.3405   0.00   -inf  -nan   3   3   6   2 252.38
   15   2018 04 08 12:26:58.842    44818.842  0.2946 30.8605 110.6405  10.00   -inf  -nan   4   4   8   4 194.60
   16   2018 04 08 12:49:40.643    46180.643  0.2407 31.1305 110.2705  12.00   -inf  -nan   3   2   5   2 246.93
   17   2018 04 08 14:10:38.361    51038.361  0.1681 31.1705 110.3105   0.00   -inf  -nan   4   2   6   2 258.71
   18   2018 04 08 14:24:17.583    51857.583  0.3104 31.0505 110.4605   0.00   -inf  -nan   6   6  12   6 111.60
   19   2018 04 08 14:33:03.776    52383.776  0.2599 31.0005 110.7405  12.00   -inf  -nan  12   9  21   9  67.45
   20   2018 04 08 17:36:22.957    63382.957  0.1506 31.1705 110.3405   8.00   -inf  -nan   3   2   5   2 206.23
   21   2018 04 08 18:27:19.725    66439.725  0.2653 30.9005 110.7205  10.00   -inf  -nan  15  13  28  12  94.62
   22   2018 04 08 18:42:43.743    67363.743  0.2535 31.1805 110.2505  12.00   -inf  -nan   3   2   5   2 155.81
   23   2018 04 08 23:23:30.008    84210.008  0.1495 30.8505 111.1305   6.00   -inf  -nan   6   5  11   5 283.92
   24   2018 04 08 23:24:36.760    84276.760  0.2026 30.8505 111.1305   4.00   -inf  -nan   8   5  13   5 283.92
    1   2018 04 09 00:40:10.155     2410.155  0.4053 30.8105 111.1305   2.00   -inf  -nan   4   4   8   2 301.46
    2   2018 04 09 03:17:31.537    11851.537  0.4000 30.7805 110.9305   4.00   -inf  -nan   7   5  12   5 157.56
    3   2018 04 09 03:59:17.170    14357.170  0.2206 30.7405 110.8505   6.00   -inf  -nan   5   2   7   2 190.10
    4   2018 04 09 05:48:08.127    20888.127  0.4805 31.1005 110.0505  10.00   -inf  -nan   6   5  11   4 258.64
    5   2018 04 09 05:50:53.486    21053.486  0.1677 30.8505 111.1305   6.00   -inf  -nan   9   8  17   7 283.92
    6   2018 04 09 06:04:50.884    21890.884  0.3810 30.7805 110.9305   4.00   -inf  -nan   6   4  10   4 157.56
    7   2018 04 09 06:22:51.313    22971.313  0.4769 31.2005 110.3705   2.00   -inf  -nan  12   9  21   7 237.94
    8   2018 04 09 06:34:22.956    23662.956  0.1462 30.8505 111.1305   4.00   -inf  -nan   3   3   6   3 318.48
    9   2018 04 09 06:35:31.022    23731.022  0.1307 30.8505 111.1305   6.00   -inf  -nan   5   4   9   4 318.48
   10   2018 04 09 08:00:25.568    28825.568  0.2802 30.9705 110.3905   0.00   -inf  -nan  14   5  19   5 119.75
   11   2018 04 09 09:39:39.740    34779.740  0.3308 30.7805 110.7605  10.00   -inf  -nan  16  15  31  15 103.86
   12   2018 04 09 10:01:52.515    36112.515  0.4100 30.7705 111.1305   0.00   -inf  -nan   5   3   8   3 296.83
   13   2018 04 09 10:05:39.472    36339.472  0.1462 31.0605 110.4405   0.00   -inf  -nan   3   2   5   2 170.49
   14   2018 04 09 10:25:15.168    37515.168  0.2454 30.8505 111.1305   6.00   -inf  -nan   7   5  12   4 284.42
   15   2018 04 09 10:43:30.710    38610.710  0.1404 30.9305 111.1705  14.00   -inf  -nan   4   3   7   3 276.52
   16   2018 04 09 10:53:24.806    39204.806  0.3381 31.0505 110.4605   8.00   -inf  -nan  10   9  19   7 111.60
   17   2018 04 09 11:29:18.400    41358.400  0.1997 30.8205 110.6405   6.00   -inf  -nan   4   4   8   4 270.41
   18   2018 04 09 11:43:43.754    42223.754  0.2693 30.8905 111.0405  16.00   -inf  -nan   3   2   5   1 245.49
   19   2018 04 09 18:07:04.689    65224.689  0.3736 31.0205 110.4405  10.00   -inf  -nan  10   9  19   8 142.48
   20   2018 04 09 18:54:56.816    68096.816  0.2703 30.7805 110.7605  12.00   -inf  -nan   7   9  16   7 124.85
   21   2018 04 09 18:56:36.827    68196.827  0.1878 30.7705 110.7605   8.00   -inf  -nan   4   5   9   4 124.90
   22   2018 04 09 18:57:57.935    68277.935  0.3495 30.7905 110.7805   8.00   -inf  -nan   3   4   7   2 108.79
   23   2018 04 09 20:25:03.272    73503.272  0.2663 30.7805 110.7705  10.00   -inf  -nan   9  12  21   9 110.23
   24   2018 04 09 20:37:23.103    74243.103  0.2000 30.7705 110.7705  10.00   -inf  -nan   4   4   8   3 174.25
   25   2018 04 09 20:44:22.776    74662.776  0.2059 30.9405 110.7805   8.00   -inf  -nan   6   7  13   6  92.21
   26   2018 04 09 21:21:51.542    76911.542  0.4834 31.1705 110.3405   0.00   -inf  -nan   4   4   8   2 270.76
   27   2018 04 09 21:29:33.980    77373.980  0.3062 30.7905 110.7405   8.00   -inf  -nan   4   4   8   4 220.51
   28   2018 04 09 23:22:00.331    84120.331  0.2870 30.7905 110.6605  20.00   -inf  -nan   3   3   6   3 289.47
   29   2018 04 09 23:25:02.306    84302.306  0.1752 30.8505 111.1305   6.00   -inf  -nan  10   4  14   4 283.92
   30   2018 04 09 23:26:15.775    84375.775  0.1522 30.8505 111.1305   4.00   -inf  -nan   7   3  10   3 284.42
    1   2018 04 10 01:10:16.085     4216.085  0.3374 30.8205 110.7205   4.00   -inf  -nan   3   4   7   2 147.51
    2   2018 04 10 03:01:20.745    10880.745  0.2785 30.8205 111.1405   2.00   -inf  -nan   8   6  14   5 308.09
    3   2018 04 10 03:02:03.228    10923.228  0.0900 30.8505 111.1305   6.00   -inf  -nan   5   3   8   3 318.48
    4   2018 04 10 03:03:47.107    11027.107  0.3108 30.9005 110.7205   4.00   -inf  -nan  13   9  22   8  94.62
    5   2018 04 10 05:02:25.240    18145.240  0.3120 31.1305 110.2305   4.00   -inf  -nan   3   2   5   2 168.55
    6   2018 04 10 06:46:41.742    24401.742  0.3494 30.7505 110.8205   0.00   -inf  -nan   3   2   5   2 167.07
    7   2018 04 10 06:47:31.133    24451.133  0.2436 30.9405 110.8205   4.00   -inf  -nan  11  12  23  11  65.05
    8   2018 04 10 07:13:22.520    26002.520  0.2610 30.9405 110.7805  10.00   -inf  -nan   6   7  13   6 110.23
    9   2018 04 10 07:14:16.401    26056.401  0.2109 30.9405 110.7605  10.00   -inf  -nan   7   7  14   7 110.97
   10   2018 04 10 07:26:08.239    26768.239  0.0967 30.8505 111.1305   6.00   -inf  -nan   4   2   6   2 284.42
   11   2018 04 10 07:27:05.305    26825.305  0.1316 30.8505 111.1305   6.00   -inf  -nan   7   4  11   4 284.42
   12   2018 04 10 08:22:34.342    30154.342  0.2865 30.8505 111.1305   2.00   -inf  -nan   7   6  13   5 284.42
   13   2018 04 10 08:43:37.052    31417.052  0.2119 31.1005 110.0505   2.00   -inf  -nan   3   2   5   2 300.83
   14   2018 04 10 08:51:01.293    31861.293  0.2699 31.0905 110.0705   2.00   -inf  -nan   3   3   6   3 296.37
   15   2018 04 10 09:09:47.706    32987.706  0.3677 31.0205 110.4405   8.00   -inf  -nan   6   6  12   5 150.27
   16   2018 04 10 10:24:30.522    37470.522  0.4160 30.9805 110.3605   2.00   -inf  -nan   4   4   8   2 151.03
   17   2018 04 10 10:31:19.249    37879.249  0.3406 30.8905 110.7605   0.00   -inf  -nan   5   4   9   4 138.28
   18   2018 04 10 11:01:30.846    39690.846  0.4105 31.0605 110.8705   4.00   -inf  -nan  14   9  23   8 128.50
   19   2018 04 10 11:40:48.082    42048.082  0.3394 30.7905 110.7805   8.00   -inf  -nan   3   5   8   3 108.79
   20   2018 04 10 16:00:01.413    57601.413  0.1009 30.9305 111.1705   6.00   -inf  -nan   3   2   5   2 276.52
   21   2018 04 10 17:35:21.379    63321.379  0.2806 30.9405 110.7605   8.00   -inf  -nan  14  14  28  14  77.93
   22   2018 04 10 17:36:46.514    63406.514  0.2151 30.9405 110.7605  10.00   -inf  -nan   9   8  17   8  89.30
   23   2018 04 10 17:37:39.502    63459.502  0.2058 30.9405 110.7605  10.00   -inf  -nan   6   3   9   3  89.30
   24   2018 04 10 17:43:26.567    63806.567  0.2134 30.9405 110.7605  10.00   -inf  -nan   8   9  17   8  89.30
   25   2018 04 10 17:44:10.155    63850.155  0.3112 30.9405 110.7605  10.00   -inf  -nan  17  14  31  14  64.29
   26   2018 04 10 17:44:49.966    63889.966  0.2975 30.9405 110.7805  12.00   -inf  -nan   9  10  19   9  92.21
   27   2018 04 10 17:45:46.035    63946.035  0.2441 30.9405 110.7605  10.00   -inf  -nan   5   7  12   5  89.30
   28   2018 04 10 17:47:14.802    64034.802  0.2576 30.9405 110.7605  10.00   -inf  -nan  14  15  29  14  64.29
   29   2018 04 10 17:48:30.002    64110.002  0.1892 30.9405 110.7605  10.00   -inf  -nan   8   5  13   5  89.30
   30   2018 04 10 17:50:17.779    64217.779  0.2074 30.9405 110.7605  10.00   -inf  -nan  12  12  24  11  77.93
   31   2018 04 10 17:51:19.144    64279.144  0.2337 30.9405 110.7805   8.00   -inf  -nan   7   7  14   7  98.87
   32   2018 04 10 17:53:25.102    64405.102  0.2195 30.9405 110.7605  10.00   -inf  -nan   8   9  17   8  89.30
   33   2018 04 10 17:55:10.058    64510.058  0.2242 30.9405 110.7605  10.00   -inf  -nan  11  11  22  11  77.93
   34   2018 04 10 17:57:55.373    64675.373  0.3957 30.9405 110.7505  12.00   -inf  -nan   6   6  12   6  92.19
   35   2018 04 10 18:00:26.696    64826.696  0.2488 30.9405 110.7605   8.00   -inf  -nan  11  11  22  11  77.93
   36   2018 04 10 18:02:12.325    64932.325  0.2082 30.9405 110.7605  10.00   -inf  -nan  12  12  24  11  77.93
   37   2018 04 10 18:06:01.916    65161.916  0.2245 30.9405 110.7805   8.00   -inf  -nan  10   9  19   9  92.21
   38   2018 04 10 18:23:03.412    66183.412  0.2091 30.9405 110.7605  10.00   -inf  -nan   9   9  18   9  89.30
   39   2018 04 10 18:26:16.438    66376.438  0.3607 30.9405 110.7605   8.00   -inf  -nan  14  12  26  12  77.93
   40   2018 04 10 18:32:49.753    66769.753  0.3694 31.0905 110.1905   2.00   -inf  -nan   6   4  10   4 181.48
   41   2018 04 10 18:42:55.960    67375.960  0.2935 30.9105 110.7605  10.00   -inf  -nan   4   5   9   4 164.88
   42   2018 04 10 18:45:27.985    67527.985  0.1078 30.9005 110.7805   8.00   -inf  -nan   4   3   7   3 227.21
   43   2018 04 10 18:54:03.410    68043.410  0.3327 31.0205 110.4405   2.00   -inf  -nan  11  12  23  10 101.35
   44   2018 04 10 18:56:05.641    68165.641  0.2604 30.9405 110.7805   8.00   -inf  -nan   8   8  16   8  92.21
   45   2018 04 10 18:56:41.973    68201.973  0.2683 30.9305 110.7505  10.00   -inf  -nan  11  12  23  11  69.87
   46   2018 04 10 19:03:49.174    68629.174  0.2029 30.9405 110.7805   8.00   -inf  -nan   9   8  17   8  92.21
   47   2018 04 10 19:09:42.949    68982.949  0.2085 30.9405 110.7805   8.00   -inf  -nan  10   6  16   6  92.21
   48   2018 04 10 20:00:45.098    72045.098  0.2395 30.9405 110.7805   8.00   -inf  -nan   6   8  14   6  92.21
   49   2018 04 10 20:05:29.072    72329.072  0.2027 30.9405 110.7605  10.00   -inf  -nan   9   9  18   9  89.30
   50   2018 04 10 20:09:26.178    72566.178  0.2625 30.9405 110.7605  10.00   -inf  -nan  15  14  29  14  64.29
   51   2018 04 10 20:19:24.358    73164.358  0.2049 30.9405 110.7605  10.00   -inf  -nan  10  10  20  10  89.30
   52   2018 04 10 21:25:16.421    77116.421  0.2362 30.9405 110.7605  10.00   -inf  -nan   9   8  17   8  89.30
   53   2018 04 10 21:26:03.716    77163.716  0.2538 30.9405 110.7605  10.00   -inf  -nan  10  10  20   9  77.93
   54   2018 04 10 23:26:42.139    84402.139  0.1803 30.8505 111.1305   4.00   -inf  -nan   9   6  15   6 284.42
   55   2018 04 10 23:27:53.221    84473.221  0.1860 30.8505 111.1305   6.00   -inf  -nan   8   5  13   5 283.92
   56   2018 04 10 23:35:22.931    84922.931  0.2922 30.8905 111.0005   4.00   -inf  -nan   6   3   9   3 132.11
    1   2018 04 11 02:02:11.567     7331.567  0.2380 30.8905 111.0505   4.00   -inf  -nan   6   5  11   5 167.01
    2   2018 04 11 02:20:14.868     8414.868  0.2245 30.8505 111.1305   4.00   -inf  -nan   7   5  12   3 284.42
    3   2018 04 11 03:29:09.392    12549.392  0.3595 30.9905 110.4805   0.00   -inf  -nan  10   6  16   3 103.49
    4   2018 04 11 04:15:43.114    15343.114  0.4154 30.9805 110.7805   2.00   -inf  -nan  15   8  23   8  61.61
    5   2018 04 11 04:33:57.927    16437.927  0.3626 31.0205 110.4405   6.00   -inf  -nan   8   9  17   8 107.52
    6   2018 04 11 05:22:50.040    19370.040  0.1651 31.0605 110.8605   4.00   -inf  -nan  10   3  13   3 125.25
    7   2018 04 11 06:15:40.936    22540.936  0.1011 30.8505 111.1305   6.00   -inf  -nan   7   3  10   3 284.42
    8   2018 04 11 06:16:49.633    22609.633  0.0995 30.8505 111.1305   6.00   -inf  -nan   8   4  12   4 283.92
    9   2018 04 11 10:37:12.530    38232.530  0.4085 30.9705 110.3905   0.00   -inf  -nan  12   8  20   7 101.24
   10   2018 04 11 14:53:31.944    53611.944  0.2023 31.0205 110.7005   6.00   -inf  -nan   4   3   7   2 185.57
   11   2018 04 11 15:40:03.531    56403.531  0.4294 30.8705 110.9005   8.00   -inf  -nan   4   3   7   1 127.93
   12   2018 04 11 16:26:50.218    59210.218  0.1604 30.8505 111.0905   8.00   -inf  -nan   3   2   5   2 283.97
   13   2018 04 11 16:48:47.274    60527.274  0.3582 30.9005 111.1505  18.00   -inf  -nan   3   3   6   2 273.26
   14   2018 04 11 21:26:35.531    77195.531  0.2208 31.2105 110.5905   0.00   -inf  -nan   4   2   6   1 195.70
   15   2018 04 11 21:42:35.209    78155.209  0.1955 30.9305 111.1705  10.00   -inf  -nan   7   5  12   5 276.52
   16   2018 04 11 23:31:15.741    84675.741  0.1078 31.0205 110.7405   8.00   -inf  -nan   3   3   6   3 139.53
   17   2018 04 11 23:33:44.623    84824.623  0.1918 30.9405 110.7805  10.00   -inf  -nan   5   3   8   2 118.73
    1   2018 04 12 00:54:28.155     3268.155  0.3083 31.0805 110.1305   0.00   -inf  -nan   3   3   6   3 280.70
    2   2018 04 12 00:55:40.082     3340.082  0.2606 30.9405 110.7605   8.00   -inf  -nan   8   8  16   8  89.30
    3   2018 04 12 03:16:39.259    11799.259  0.1930 30.9805 110.4805   0.00   -inf  -nan   3   2   5   2 247.03
    4   2018 04 12 03:34:03.918    12843.918  0.3818 30.9405 110.8305   8.00   -inf  -nan   8   7  15   7  95.01
    5   2018 04 12 03:43:59.208    13439.208  0.2910 31.2805 110.8605   0.00   -inf  -nan   9   5  14   4 276.14
    6   2018 04 12 03:57:41.064    14261.064  0.3111 30.9305 109.9905   4.00   -inf  -nan   7   4  11   3 299.26
    7   2018 04 12 04:06:47.936    14807.936  0.1169 30.8505 111.1305   6.00   -inf  -nan   7   3  10   3 284.42
    8   2018 04 12 04:08:11.886    14891.886  0.1733 30.8505 111.1305   6.00   -inf  -nan   7   2   9   2 305.82
    9   2018 04 12 04:32:23.457    16343.457  0.2080 31.2205 110.0505   6.00   -inf  -nan   7   4  11   4 309.81
   10   2018 04 12 04:32:42.630    16362.630  0.1304 30.7705 111.2105   4.00   -inf  -nan   4   2   6   2 335.18
   11   2018 04 12 04:53:15.990    17595.990  0.2005 30.7705 111.2105   4.00   -inf  -nan   8   3  11   2 314.05
   12   2018 04 12 04:57:13.592    17833.592  0.4030 31.1705 110.3905   0.00   -inf  -nan   8   3  11   3 175.42
   13   2018 04 12 05:24:55.710    19495.710  0.2817 30.7805 111.1905   8.00   -inf  -nan   8   5  13   5 306.44
   14   2018 04 12 06:25:28.867    23128.867  0.2526 30.8205 111.1705   4.00   -inf  -nan  10   8  18   6 297.39
   15   2018 04 12 06:44:42.907    24282.907  0.2354 30.8905 111.1305   2.00   -inf  -nan   5   4   9   4 263.35
   16   2018 04 12 06:45:57.451    24357.451  0.4120 31.0205 110.4405   6.00   -inf  -nan  15  14  29  12 106.55
   17   2018 04 12 06:52:09.045    24729.045  0.3134 31.0305 110.4405   2.00   -inf  -nan  10   4  14   4 149.14
   18   2018 04 12 07:23:15.191    26595.191  0.1852 31.3005 110.0505   0.00   -inf  -nan   4   3   7   3 309.64
   19   2018 04 12 07:53:39.838    28419.838  0.4241 31.0205 110.4405   0.00   -inf  -nan  11   7  18   6 142.48
   20   2018 04 12 08:41:39.147    31299.147  0.1646 30.8205 110.6805   0.00   -inf  -nan   3   4   7   3 260.86
   21   2018 04 12 09:10:45.631    33045.631  0.4326 30.9505 110.4005   0.00   -inf  -nan   6   6  12   5 144.98
   22   2018 04 12 09:55:03.094    35703.094  0.2503 30.8505 111.1205   8.00   -inf  -nan   7   5  12   5 281.83
   23   2018 04 12 10:48:32.409    38912.409  0.2177 30.8905 111.0105   4.00   -inf  -nan   6   2   8   2 137.69
   24   2018 04 12 16:16:25.703    58585.703  0.2590 30.8905 111.0105   4.00   -inf  -nan   6   4  10   4 137.69
   25   2018 04 12 17:13:24.455    62004.455  0.3177 31.0005 110.7405   6.00   -inf  -nan  10  12  22  10  67.45
   26   2018 04 12 17:25:31.708    62731.708  0.1276 31.0205 110.7405   8.00   -inf  -nan   3   3   6   3 139.53
   27   2018 04 12 18:41:34.007    67294.007  0.3656 31.0905 110.2305   0.00   -inf  -nan   3   4   7   2 171.64
   28   2018 04 12 22:34:27.955    81267.955  0.2288 30.8205 110.6005   6.00   -inf  -nan   3   4   7   3 227.29
   29   2018 04 12 23:04:16.106    83056.106  0.1905 30.9405 110.7805  10.00   -inf  -nan   3   3   6   3 210.94
    1   2018 04 13 00:39:33.732     2373.732  0.2510 30.8205 111.1705   6.00   -inf  -nan  10   7  17   6 240.25
    2   2018 04 13 00:40:51.521     2451.521  0.1960 30.8505 111.1305   6.00   -inf  -nan   8   6  14   6 210.75
    3   2018 04 13 02:29:55.963     8995.963  0.0713 30.8905 111.0905   0.00   -inf  -nan   3   2   5   2 157.71
    4   2018 04 13 04:28:28.963    16108.963  0.3208 31.0505 110.4505   0.00   -inf  -nan  10   9  19   7 106.33
    5   2018 04 13 04:35:14.584    16514.584  0.2495 30.9105 110.6405   4.00   -inf  -nan   9   6  15   6 115.47
    6   2018 04 13 05:51:28.076    21088.076  0.1673 30.8505 111.1305   6.00   -inf  -nan  11   8  19   7 210.25
    7   2018 04 13 08:15:27.639    29727.639  0.2378 30.9005 110.3205   0.00   -inf  -nan   3   2   5   1 248.66
    8   2018 04 13 08:48:17.986    31697.986  0.2469 30.8505 111.1305   6.00   -inf  -nan  10   7  17   7 210.75
    9   2018 04 13 08:50:04.099    31804.099  0.3733 30.8705 110.9405   0.00   -inf  -nan  10   5  15   5  86.65
   10   2018 04 13 14:16:07.896    51367.896  0.2224 31.1305 110.4605   0.00   -inf  -nan   3   4   7   3 200.43
   11   2018 04 13 14:36:06.161    52566.161  0.1768 30.9305 111.1705   0.00   -inf  -nan   5   2   7   2 146.89
   12   2018 04 13 15:24:14.224    55454.224  0.0644 30.8205 110.5605   2.00   -inf  -nan   3   2   5   2 324.59
   13   2018 04 13 15:45:34.547    56734.547  0.2169 31.0905 110.1505   6.00   -inf  -nan   4   2   6   1 275.81
   14   2018 04 13 15:49:22.300    56962.300  0.2814 30.9305 111.2005   2.00   -inf  -nan   6   3   9   3 279.86
   15   2018 04 13 18:03:35.496    65015.496  0.0962 30.9405 110.4805   0.00   -inf  -nan   3   2   5   2 200.98
   16   2018 04 13 19:09:36.952    68976.952  0.3138 31.1705 110.3105   0.00   -inf  -nan   6   3   9   3 184.34
   17   2018 04 13 20:11:57.654    72717.654  0.1714 30.9105 110.5205   6.00   -inf  -nan   4   4   8   4 235.95
   18   2018 04 13 23:37:19.506    85039.506  0.1566 30.8505 111.1305   6.00   -inf  -nan   9   5  14   5 210.25
   19   2018 04 13 23:38:53.497    85133.497  0.2541 30.8505 111.1305   4.00   -inf  -nan   8   7  15   6 210.25
    1   2018 04 14 01:12:30.648     4350.648  0.1859 30.8605 111.0505   2.00   -inf  -nan   3   2   5   2 163.02
    2   2018 04 14 02:11:03.251     7863.251  0.2550 30.9305 111.2805   6.00   -inf  -nan   7   6  13   5 309.08
    3   2018 04 14 02:35:31.654     9331.654  0.1435 30.8905 111.0905   2.00   -inf  -nan   3   3   6   3 157.71
    4   2018 04 14 03:43:12.971    13392.971  0.2085 30.8505 111.1305   6.00   -inf  -nan  10   9  19   9 210.25
    5   2018 04 14 03:58:40.610    14320.610  0.2132 30.9705 111.2005   4.00   -inf  -nan   3   3   6   3 295.63
    6   2018 04 14 06:48:39.646    24519.646  0.1658 30.8505 111.1305   6.00   -inf  -nan   5   4   9   4 210.75
    7   2018 04 14 06:49:48.388    24588.388  0.3344 30.8105 111.1705   4.00   -inf  -nan  10   6  16   4 249.55
    8   2018 04 14 07:16:05.629    26165.629  0.2926 31.3205 110.8605   0.00   -inf  -nan   9   5  14   4 258.18
    9   2018 04 14 08:28:32.521    30512.521  0.3678 31.0205 110.4405   6.00   -inf  -nan   4   5   9   4 166.62
   10   2018 04 14 08:32:27.864    30747.864  0.4053 30.9005 110.9105   0.00   -inf  -nan   8   6  14   5  88.41
   11   2018 04 14 11:52:15.245    42735.245  0.1757 31.1705 110.3805   4.00   -inf  -nan   4   2   6   2 251.98
   12   2018 04 14 13:06:57.127    47217.127  0.0868 30.9305 111.2405   0.00   -inf  -nan   3   2   5   2 303.31
   13   2018 04 14 15:29:13.437    55753.437  0.3339 31.0205 110.4405   6.00   -inf  -nan   5   2   7   2 142.48
   14   2018 04 14 15:43:08.451    56588.451  0.1892 31.1705 110.3405   2.00   -inf  -nan   6   2   8   2 252.38
   15   2018 04 14 18:07:45.111    65265.111  0.2336 30.7905 110.7805  10.00   -inf  -nan   7   9  16   7 108.79
   16   2018 04 14 18:38:07.261    67087.261  0.2376 30.8605 110.6405   8.00   -inf  -nan   3   3   6   3 250.50
   17   2018 04 14 20:17:41.153    73061.153  0.4131 30.9805 110.7805   0.00   -inf  -nan   6   3   9   3 117.79
   18   2018 04 14 20:53:09.348    75189.348  0.2758 31.1705 110.3405   6.00   -inf  -nan   6   2   8   2 206.23
   19   2018 04 14 23:08:22.791    83302.791  0.1630 30.8505 111.1305   6.00   -inf  -nan   8   3  11   3 210.25
   20   2018 04 14 23:09:41.806    83381.806  0.1917 30.8505 111.1305   6.00   -inf  -nan  10   6  16   6 210.25
   21   2018 04 14 23:29:05.166    84545.166  0.3266 30.8505 111.1305   4.00   -inf  -nan  12   9  21   8 210.25
   22   2018 04 14 23:30:04.371    84604.371  0.1579 30.8505 111.1305   6.00   -inf  -nan  11   8  19   8 210.25
   23   2018 04 14 23:38:16.851    85096.851  0.2410 30.9305 111.2005   2.00   -inf  -nan   4   3   7   3 279.86
    1   2018 04 15 02:09:05.957     7745.957  0.4127 31.0205 110.4405   6.00   -inf  -nan  10   9  19   8 107.52
    2   2018 04 15 02:27:01.459     8821.459  0.2554 31.1505 110.9205   4.00   -inf  -nan   3   2   5   1 248.03
    3   2018 04 15 02:46:40.180    10000.180  0.2342 30.8105 111.2405   6.00   -inf  -nan   7   7  14   5 279.73
    4   2018 04 15 03:50:47.547    13847.547  0.4682 30.9505 110.9005   6.00   -inf  -nan   3   2   5   1 191.00
    5   2018 04 15 04:25:06.936    15906.936  0.2017 30.8105 111.2805   8.00   -inf  -nan  10   6  16   6 287.89
    6   2018 04 15 05:33:50.381    20030.381  0.2765 31.0605 110.8205   4.00   -inf  -nan  14  12  26  12 109.59
    7   2018 04 15 05:34:39.679    20079.679  0.2566 31.0005 109.9705   8.00   -inf  -nan   9   4  13   4 288.12
    8   2018 04 15 06:57:17.180    25037.180  0.2311 30.7805 110.8905   2.00   -inf  -nan   7   6  13   5 208.04
    9   2018 04 15 07:44:26.827    27866.827  0.4175 31.1605 110.3305   6.00   -inf  -nan   8   3  11   3 232.17
   10   2018 04 15 08:12:00.987    29520.987  0.2801 31.0005 109.9705  10.00   -inf  -nan   6   3   9   3 288.12
   11   2018 04 15 08:23:05.313    30185.313  0.1934 31.2205 110.0505   0.00   -inf  -nan   5   2   7   2 289.11
   12   2018 04 15 09:05:03.333    32703.333  0.2090 30.8505 111.1605   6.00   -inf  -nan   8   3  11   3 227.22
   13   2018 04 15 09:05:47.962    32747.962  0.1693 30.8505 111.1305   6.00   -inf  -nan  10   7  17   7 210.75
   14   2018 04 15 09:35:42.586    34542.586  0.2301 30.8905 111.0005   6.00   -inf  -nan   3   2   5   1 131.70
   15   2018 04 15 09:49:26.290    35366.290  0.2040 30.8505 111.1205   4.00   -inf  -nan  10   7  17   7 205.95
   16   2018 04 15 10:12:44.579    36764.579  0.3005 31.0805 110.8205   8.00   -inf  -nan  12  13  25  12 124.12
   17   2018 04 15 10:34:38.657    38078.657  0.1863 30.9905 110.7605   0.00   -inf  -nan   5   2   7   2 122.89
   18   2018 04 15 11:02:59.617    39779.617  0.2065 31.1405 110.4405   6.00   -inf  -nan   3   5   8   3 212.89
   19   2018 04 15 17:14:07.115    62047.115  0.2999 30.9305 111.2005   4.00   -inf  -nan   4   3   7   3 279.86
   20   2018 04 15 19:04:44.537    68684.537  0.3221 31.1305 110.3805   4.00   -inf  -nan   3   3   6   2 230.00
   21   2018 04 15 20:57:23.049    75443.049  0.3731 30.9405 110.7805  10.00   -inf  -nan  17  18  35  17  62.87
   22   2018 04 15 23:51:48.047    85908.047  0.2448 30.8505 111.1205   6.00   -inf  -nan   7   8  15   7 205.95
   23   2018 04 15 23:54:13.222    86053.222  0.2175 30.8505 111.1305   4.00   -inf  -nan   7   5  12   5 210.25
    1   2018 04 16 01:20:18.582     4818.582  0.2845 30.9005 110.7805   6.00   -inf  -nan   4   4   8   3 130.22
    2   2018 04 16 03:13:28.552    11608.552  0.1640 30.8105 111.2805  10.00   -inf  -nan   3   3   6   3 313.64
    3   2018 04 16 04:13:54.973    15234.973  0.4005 30.9105 110.7405   6.00   -inf  -nan  10   7  17   6  87.65
    4   2018 04 16 05:56:52.624    21412.624  0.2619 30.9705 110.4005   0.00   -inf  -nan  15   3  18   3 123.52
    5   2018 04 16 07:08:49.036    25729.036  0.0774 30.8505 111.1305   6.00   -inf  -nan   7   4  11   4 210.75
    6   2018 04 16 07:39:10.401    27550.401  0.1242 30.8505 111.1305   6.00   -inf  -nan   8   3  11   3 210.75
    7   2018 04 16 07:40:03.375    27603.375  0.2959 30.8105 111.1705   2.00   -inf  -nan   7   3  10   3 249.55
    8   2018 04 16 09:15:59.997    33359.997  0.4280 31.1705 110.3905   0.00   -inf  -nan  12   6  18   5 175.42
    9   2018 04 16 09:58:11.124    35891.124  0.1828 30.7305 111.1305   4.00   -inf  -nan   4   3   7   2 302.22
   10   2018 04 16 10:31:19.794    37879.794  0.3819 30.9805 110.7805   0.00   -inf  -nan  15   9  24   9  61.61
   11   2018 04 16 17:14:21.170    62061.170  0.2482 31.0505 110.1905   4.00   -inf  -nan   4   5   9   4 236.36
   12   2018 04 16 19:52:33.099    71553.099  0.3856 31.1705 110.3405   0.00   -inf  -nan   7   6  13   6 176.84
   13   2018 04 16 23:24:08.327    84248.327  0.2026 31.0505 110.2705   2.00   -inf  -nan   3   4   7   3 196.15
   14   2018 04 16 23:35:29.486    84929.486  0.1632 30.8505 111.1305   6.00   -inf  -nan  10   9  19   9 210.25
    1   2018 04 17 02:56:40.592    10600.592  0.3931 30.8905 111.3205   6.00   -inf  -nan   3   3   6   3 327.64
    2   2018 04 17 03:57:58.032    14278.032  0.4049 30.7705 111.0905   0.00   -inf  -nan   4   7  11   4 243.22
    3   2018 04 17 04:35:28.957    16528.957  0.3965 30.9005 110.7205   0.00   -inf  -nan  12   7  19   5  94.62
    4   2018 04 17 06:46:37.033    24397.033  0.1908 30.8505 111.1305   6.00   -inf  -nan   9   7  16   5 210.75
    5   2018 04 17 08:40:49.809    31249.809  0.3975 30.9805 110.4005   0.00   -inf  -nan  14   7  21   6  82.74
    6   2018 04 17 09:10:49.285    33049.285  0.4025 30.9805 110.0005   4.00   -inf  -nan   6   3   9   2 318.15
    7   2018 04 17 09:31:15.521    34275.521  0.2042 31.0005 110.0505   4.00   -inf  -nan   4   2   6   2 304.25
    8   2018 04 17 10:09:50.219    36590.219  0.2292 30.8505 111.1305   4.00   -inf  -nan   9   9  18   8 210.75
    9   2018 04 17 10:17:35.688    37055.688  0.2843 31.0805 110.1705   0.00   -inf  -nan  12  11  23  10 193.55
   10   2018 04 17 11:15:38.272    40538.272  0.1499 30.8505 111.1305   6.00   -inf  -nan   7   8  15   7 210.25
   11   2018 04 17 11:48:52.723    42532.723  0.0984 30.9405 111.2305   2.00   -inf  -nan   5   2   7   1 301.92
   12   2018 04 17 12:05:03.824    43503.824  0.3809 31.0605 110.4405   2.00   -inf  -nan   7   7  14   6 113.97
   13   2018 04 17 12:31:30.847    45090.847  0.3889 31.0505 110.2705   4.00   -inf  -nan  11   9  20   9  73.74
   14   2018 04 17 12:58:13.745    46693.745  0.3472 31.0805 110.1705   2.00   -inf  -nan   9   7  16   5 254.55
   15   2018 04 17 13:43:47.623    49427.623  0.2014 30.9405 110.7605  10.00   -inf  -nan   3   2   5   2 183.47
   16   2018 04 17 13:52:34.841    49954.841  0.2398 31.1705 110.3405   2.00   -inf  -nan   4   3   7   3 252.38
   17   2018 04 17 17:08:26.455    61706.455  0.3222 31.0605 110.4405   6.00   -inf  -nan   5   5  10   3 198.28
   18   2018 04 17 21:05:48.762    75948.762  0.2167 30.8205 110.6405  12.00   -inf  -nan   4   3   7   3 154.85
   19   2018 04 17 22:01:00.647    79260.647  0.1776 30.8905 111.2005   2.00   -inf  -nan   3   2   5   2 270.40
   20   2018 04 17 23:13:03.187    83583.187  0.2097 30.8505 111.1305   4.00   -inf  -nan  11   7  18   6 210.25
   21   2018 04 17 23:26:00.554    84360.554  0.2514 30.9405 110.7805  10.00   -inf  -nan   4   4   8   3 146.48
   22   2018 04 17 23:37:40.731    85060.731  0.1816 30.8505 111.1305   6.00   -inf  -nan   8   5  13   5 210.75
    1   2018 04 18 03:31:02.622    12662.622  0.2768 30.9605 109.9705  12.00   -inf  -nan  11   5  16   5 287.66
    2   2018 04 18 04:20:56.086    15656.086  0.3145 30.8505 111.1305   6.00   -inf  -nan  11   8  19   8 210.75
    3   2018 04 18 06:56:05.530    24965.530  0.2144 30.8505 111.1305   4.00   -inf  -nan   7   4  11   4 210.75
    4   2018 04 18 09:08:18.827    32898.827  0.3833 30.8105 111.1705   6.00   -inf  -nan  11   8  19   7 249.55
    5   2018 04 18 09:53:39.234    35619.234  0.4470 30.9805 110.4605   0.00   -inf  -nan   7   5  12   4 142.23
    6   2018 04 18 09:55:57.239    35757.239  0.4255 30.7805 110.9305   4.00   -inf  -nan  11   7  18   6 157.56
    7   2018 04 18 10:07:54.015    36474.015  0.3191 30.8505 111.2105   6.00   -inf  -nan   7   4  11   2 257.30
    8   2018 04 18 10:41:01.774    38461.774  0.2799 30.7705 111.1705   0.00   -inf  -nan   5   4   9   1 263.48
    9   2018 04 18 12:49:19.119    46159.119  0.1935 30.9405 110.5005   4.00   -inf  -nan   4   3   7   2 160.73
   10   2018 04 18 12:52:32.389    46352.389  0.1723 30.8905 111.1605   8.00   -inf  -nan   6   2   8   2 195.54
   11   2018 04 18 15:41:50.752    56510.752  0.3688 31.1005 110.4405  10.00   -inf  -nan   3   5   8   3 155.17
   12   2018 04 18 18:31:52.489    66712.489  0.4509 31.0905 110.4205   4.00   -inf  -nan   3   3   6   2 165.84
   13   2018 04 18 18:40:45.417    67245.417  0.3832 31.0505 110.1505   2.00   -inf  -nan   3   5   8   3 248.85
   14   2018 04 18 19:55:46.647    71746.647  0.2957 30.8605 111.0105   6.00   -inf  -nan   6   4  10   4 122.06
   15   2018 04 18 20:12:24.714    72744.714  0.3338 31.2205 110.5205   2.00   -inf  -nan  10   2  12   2 237.97
   16   2018 04 18 21:08:16.566    76096.566  0.2970 31.1705 110.5105   0.00   -inf  -nan   3   3   6   2 171.89
   17   2018 04 18 21:29:28.190    77368.190  0.2889 31.1405 110.4105  12.00   -inf  -nan   3   3   6   1 173.44
   18   2018 04 18 23:44:58.961    85498.961  0.2035 30.8505 111.1305   6.00   -inf  -nan  11   6  17   6 210.25
    1   2018 04 19 02:21:45.094     8505.094  0.2733 30.8905 111.3205   8.00   -inf  -nan   6   4  10   3 320.96
    2   2018 04 19 03:54:33.056    14073.056  0.4822 31.2805 110.8205   0.00   -inf  -nan  14  10  24   9 248.91
    3   2018 04 19 04:00:23.671    14423.671  0.4342 31.1705 110.8705   0.00   -inf  -nan   3   3   6   1 245.96
    4   2018 04 19 04:05:43.216    14743.216  0.3130 30.7405 111.0905   0.00   -inf  -nan   6   5  11   4 259.34
    5   2018 04 19 06:48:00.801    24480.801  0.1863 30.8505 111.1305   6.00   -inf  -nan   8   6  14   6 210.75
    6   2018 04 19 07:27:01.033    26821.033  0.1498 30.8505 111.1305   6.00   -inf  -nan   7   5  12   5 210.75
    7   2018 04 19 07:52:30.821    28350.821  0.3939 31.0505 110.5805   0.00   -inf  -nan  10   7  17   7  77.01
    8   2018 04 19 08:42:47.813    31367.813  0.2305 31.0505 110.1905   6.00   -inf  -nan   7   7  14   7 177.95
    9   2018 04 19 08:48:18.379    31698.379  0.1163 31.0505 110.5105   2.00   -inf  -nan   3   3   6   3 291.88
   10   2018 04 19 08:58:50.388    32330.388  0.4057 30.7405 110.9305   6.00   -inf  -nan   9  10  19   8 207.91
   11   2018 04 19 09:28:43.907    34123.907  0.2971 31.1305 110.4205   6.00   -inf  -nan   3   2   5   2 196.38
   12   2018 04 19 10:43:02.416    38582.416  0.2997 30.9005 110.7205   0.00   -inf  -nan  13   9  22   9  94.62
   13   2018 04 19 11:16:24.617    40584.617  0.1790 30.7805 110.7705   8.00   -inf  -nan   5   5  10   5 116.19
   14   2018 04 19 13:36:54.909    49014.909  0.1392 30.9005 110.7805  12.00   -inf  -nan   3   2   5   2 185.28
   15   2018 04 19 17:38:13.785    63493.785  0.3732 31.1805 110.2105  10.00   -inf  -nan   4   3   7   2 171.77
   16   2018 04 19 20:06:43.096    72403.096  0.3422 31.1705 110.3405   0.00   -inf  -nan   4   3   7   3 281.77
   17   2018 04 19 20:26:05.936    73565.936  0.3383 31.0505 110.4605   0.00   -inf  -nan  12  12  24  12 111.60
   18   2018 04 19 20:27:04.839    73624.839  0.2485 31.1705 110.5105   0.00   -inf  -nan   9   4  13   4 171.89
   19   2018 04 19 22:39:29.348    81569.348  0.2647 30.8605 111.0305   8.00   -inf  -nan   5   2   7   2 125.54
   20   2018 04 19 23:41:16.561    85276.561  0.2813 30.8505 111.1305   6.00   -inf  -nan  10   9  19   9 210.25
   21   2018 04 19 23:58:46.153    86326.153  0.2165 30.8505 111.1305   6.00   -inf  -nan   6   6  12   6 210.75
    1   2018 04 20 00:52:40.691     3160.691  0.1719 30.8505 111.0805   8.00   -inf  -nan   3   4   7   2 148.03
    2   2018 04 20 02:04:49.929     7489.929  0.2582 30.9605 109.9705   8.00   -inf  -nan   6   3   9   3 321.13
    3   2018 04 20 02:56:14.332    10574.332  0.3151 30.8505 110.9605   0.00   -inf  -nan   7   6  13   5 131.45
    4   2018 04 20 03:06:17.978    11177.978  0.1285 30.7905 110.9405   2.00   -inf  -nan   4   2   6   2 162.67
    5   2018 04 20 04:44:41.992    17081.992  0.2933 31.1705 110.3805   0.00   -inf  -nan  14   6  20   6 163.23
    6   2018 04 20 06:03:36.646    21816.646  0.3350 30.8505 110.9605   6.00   -inf  -nan   9   5  14   5 110.18
    7   2018 04 20 07:42:34.672    27754.672  0.4102 31.0605 110.4505   6.00   -inf  -nan  18  16  34  15 117.36
    8   2018 04 20 08:50:53.256    31853.256  0.4624 31.0605 110.2805   0.00   -inf  -nan   7   2   9   1 205.20
    9   2018 04 20 12:03:03.688    43383.688  0.3692 31.1305 110.2205   0.00   -inf  -nan   8   6  14   5 162.58
   10   2018 04 20 13:41:39.049    49299.049  0.1114 31.0505 110.1905   6.00   -inf  -nan   3   3   6   3 263.14
   11   2018 04 20 13:43:45.679    49425.679  0.4139 31.1805 110.3205   0.00   -inf  -nan   4   2   6   2 283.84
   12   2018 04 20 14:17:35.639    51455.639  0.2858 31.0505 110.4505   0.00   -inf  -nan   6   7  13   6 109.19
   13   2018 04 20 15:56:08.965    57368.965  0.3635 31.0405 110.4105  10.00   -inf  -nan   6   5  11   4  90.84
   14   2018 04 20 16:08:45.038    58125.038  0.2910 31.2105 110.5905   0.00   -inf  -nan   6   2   8   2 221.30
   15   2018 04 20 19:03:07.410    68587.410  0.2779 30.9405 110.7905   4.00   -inf  -nan   8   9  17   7  96.80
   16   2018 04 20 23:30:23.126    84623.126  0.2438 31.0405 110.5405   4.00   -inf  -nan   3   2   5   1 193.46
    1   2018 04 21 06:25:55.145    23155.145  0.1156 30.9805 110.8205   0.00   -inf  -nan   4   4   8   3 144.98
    2   2018 04 21 11:51:59.278    42719.278  0.3029 30.7805 110.7605  10.00   -inf  -nan   7   8  15   6 103.86
    3   2018 04 21 12:17:41.632    44261.632  0.4285 31.1705 110.3105   0.00   -inf  -nan   3   2   5   2 274.27
    4   2018 04 21 12:57:19.574    46639.574  0.3729 31.1305 110.2605   8.00   -inf  -nan  11   8  19   8 133.82
    5   2018 04 21 16:22:31.608    58951.608  0.2829 31.0305 110.8005   8.00   -inf  -nan   5   6  11   5 149.00
    6   2018 04 21 19:54:39.898    71679.898  0.3727 31.1805 110.3305   0.00   -inf  -nan   5   3   8   2 181.29
    7   2018 04 21 20:04:48.025    72288.025  0.4047 31.0305 110.4405   6.00   -inf  -nan   6   7  13   5 128.79
    1   2018 04 22 00:31:40.530     1900.530  0.2905 31.0805 110.1705   0.00   -inf  -nan   6   5  11   5 193.55
    2   2018 04 22 03:59:40.252    14380.252  0.1958 30.9405 110.7405  12.00   -inf  -nan   3   2   5   2 151.07
    3   2018 04 22 05:24:07.706    19447.706  0.2082 31.2105 110.0705   0.00   -inf  -nan  12   4  16   4 281.91
    4   2018 04 22 08:18:23.858    29903.858  0.3559 30.9005 110.7405   2.00   -inf  -nan   7   6  13   5 135.10
    5   2018 04 22 10:35:27.966    38127.966  0.2844 31.1705 110.3805   4.00   -inf  -nan   3   2   5   2 313.58
    6   2018 04 22 12:45:37.048    45937.048  0.3770 31.1305 110.5105   6.00   -inf  -nan   4   3   7   3 173.10
    7   2018 04 22 17:01:01.972    61261.972  0.2615 31.0505 110.2305   4.00   -inf  -nan   4   4   8   4 197.60
    8   2018 04 22 18:32:17.068    66737.068  0.3346 31.0905 110.0705   2.00   -inf  -nan  10  10  20   8 249.51
    9   2018 04 22 22:50:46.624    82246.624  0.1166 31.0205 110.4605   2.00   -inf  -nan   4   3   7   3 148.65
   10   2018 04 22 22:55:55.095    82555.095  0.4550 31.0105 110.7105   0.00   -inf  -nan   3   3   6   2 295.40
    1   2018 04 23 02:37:50.484     9470.484  0.1692 30.7905 110.7405   8.00   -inf  -nan   3   3   6   3 220.51
    2   2018 04 23 03:20:15.622    12015.622  0.3244 30.9305 110.7605   6.00   -inf  -nan   5   7  12   5  96.54
    3   2018 04 23 19:03:50.636    68630.636  0.3158 31.1705 110.3405   0.00   -inf  -nan   5   2   7   2 176.84
    4   2018 04 23 22:02:18.623    79338.623  0.2926 30.9805 110.8205   0.00   -inf  -nan   9   9  18   8 115.72
    1   2018 04 24 04:35:10.969    16510.969  0.2390 31.0805 110.1705   0.00   -inf  -nan   7   6  13   6 193.55
    2   2018 04 24 05:18:31.035    19111.035  0.3343 31.1305 110.3505   0.00   -inf  -nan   3   2   5   2 218.97
    3   2018 04 24 07:34:24.276    27264.276  0.2138 30.9805 110.7805  10.00   -inf  -nan   5   5  10   4 117.79
    4   2018 04 24 08:57:47.875    32267.875  0.2130 31.3005 110.1205   2.00   -inf  -nan  12   4  16   4 290.47
    5   2018 04 24 09:18:41.733    33521.733  0.2978 30.9305 111.2405   6.00   -inf  -nan  12   9  21   9 300.87
    6   2018 04 24 10:11:31.371    36691.371  0.1950 31.1705 110.3405  10.00   -inf  -nan   3   2   5   2 206.23
    7   2018 04 24 12:31:04.710    45064.710  0.3966 30.9405 110.3605   0.00   -inf  -nan   3   2   5   2 267.89
    8   2018 04 24 14:38:05.490    52685.490  0.1906 30.8905 110.5305  10.00   -inf  -nan   4   3   7   3 194.59
    9   2018 04 24 14:52:04.830    53524.830  0.3165 30.9005 110.5005  10.00   -inf  -nan   7   5  12   5 168.04
   10   2018 04 24 17:40:20.905    63620.905  0.3205 31.1705 110.3405   0.00   -inf  -nan   4   3   7   3 281.77
    1   2018 04 25 03:08:35.900    11315.900  0.2873 31.1305 110.0705   2.00   -inf  -nan   3   2   5   2 297.44
    2   2018 04 25 05:41:10.501    20470.501  0.3733 30.9005 110.7605   8.00   -inf  -nan   4   4   8   4 158.53
    3   2018 04 25 09:04:31.382    32671.382  0.2520 30.8505 111.1305   8.00   -inf  -nan   6   4  10   4 210.75
    4   2018 04 25 09:26:49.267    34009.267  0.1540 31.1305 110.3805   8.00   -inf  -nan   3   2   5   2 279.34
    5   2018 04 25 10:05:17.910    36317.910  0.2562 30.8505 111.1305   2.00   -inf  -nan  11   9  20   9 210.25
    6   2018 04 25 10:16:13.958    36973.958  0.4222 30.8305 110.8605  20.00   -inf  -nan   3   2   5   1 307.28
    7   2018 04 25 10:50:16.467    39016.467  0.1827 30.8905 111.0005   4.00   -inf  -nan   5   2   7   2 131.70
    8   2018 04 25 11:46:10.282    42370.282  0.3850 30.9705 111.2405   0.00   -inf  -nan   3   2   5   2 291.14
    9   2018 04 25 12:50:53.334    46253.334  0.1761 30.9805 110.7805  10.00   -inf  -nan   6   6  12   6 148.02
   10   2018 04 25 13:33:06.269    48786.269  0.2419 30.9305 111.2005   4.00   -inf  -nan   5   4   9   4 279.86
   11   2018 04 25 14:25:15.148    51915.148  0.1617 31.0905 110.2705   6.00   -inf  -nan   3   3   6   3 301.59
   12   2018 04 25 15:30:59.151    55859.151  0.3462 30.9405 110.7805  10.00   -inf  -nan   7   7  14   7  92.21
   13   2018 04 25 15:47:39.714    56859.714  0.3287 30.9405 110.7805  10.00   -inf  -nan  15  14  29  14  92.21
   14   2018 04 25 18:50:08.594    67808.594  0.3505 31.0205 110.4405   6.00   -inf  -nan  19  14  33  14  87.12
   15   2018 04 25 18:52:28.206    67948.206  0.4600 31.0205 110.4405   2.00   -inf  -nan   5   5  10   3 124.44
   16   2018 04 25 19:04:45.515    68685.515  0.3835 31.0205 110.4405   4.00   -inf  -nan   7   7  14   5 142.48
   17   2018 04 25 19:26:52.515    70012.515  0.1428 31.1305 110.4605   0.00   -inf  -nan   4   5   9   4 295.64
   18   2018 04 25 21:05:18.570    75918.570  0.2293 31.0005 110.1705   0.00   -inf  -nan   3   2   5   2 225.70
   19   2018 04 25 23:12:24.382    83544.382  0.2825 30.8105 111.1705   6.00   -inf  -nan  15   7  22   7 242.73
   20   2018 04 25 23:43:44.777    85424.777  0.4377 31.0205 110.4405   6.00   -inf  -nan   7   6  13   6 124.44
    1   2018 04 26 00:10:26.711      626.711  0.1366 30.8505 111.1305   6.00   -inf  -nan   7   4  11   4 210.75
    2   2018 04 26 00:11:38.624      698.624  0.1746 30.8505 111.1305   6.00   -inf  -nan   5   3   8   3 210.75
    3   2018 04 26 00:40:53.721     2453.721  0.2233 30.8205 110.6405   6.00   -inf  -nan   4   5   9   4 219.06
    4   2018 04 26 03:21:47.184    12107.184  0.2260 30.8505 111.1305   4.00   -inf  -nan   9   6  15   6 210.75
    5   2018 04 26 03:29:23.363    12563.363  0.2046 30.8505 111.4005   6.00   -inf  -nan   6   2   8   2 325.39
    6   2018 04 26 04:06:13.205    14773.205  0.2539 30.8905 110.7205   0.00   -inf  -nan   5   3   8   3 157.20
    7   2018 04 26 04:36:21.209    16581.209  0.1538 30.8505 111.1305   6.00   -inf  -nan   8   6  14   6 210.75
    8   2018 04 26 04:52:17.124    17537.124  0.2673 31.2805 110.8605   0.00   -inf  -nan   7   6  13   3 276.14
    9   2018 04 26 05:18:27.121    19107.121  0.2441 31.2605 110.0105   0.00   -inf  -nan   5   3   8   3 305.26
   10   2018 04 26 06:11:11.073    22271.073  0.1790 30.7505 110.8205   6.00   -inf  -nan   6   2   8   2 167.07
   11   2018 04 26 08:23:01.503    30181.503  0.1935 30.8505 111.1305   4.00   -inf  -nan  11   4  15   4 210.75
   12   2018 04 26 08:45:12.868    31512.868  0.2418 30.8105 110.9305   4.00   -inf  -nan   9   5  14   5 108.51
   13   2018 04 26 09:05:23.045    32723.045  0.2393 30.8105 110.9105   2.00   -inf  -nan   8   2  10   2 141.39
   14   2018 04 26 09:51:35.185    35495.185  0.1946 30.8505 111.1305   4.00   -inf  -nan   9   5  14   5 210.75
   15   2018 04 26 16:14:42.731    58482.731  0.3436 31.0505 110.4705   0.00   -inf  -nan   6   8  14   5 179.00
   16   2018 04 26 18:17:11.886    65831.886  0.3959 31.0205 110.4405   6.00   -inf  -nan  15  13  28  11 106.55
   17   2018 04 26 21:41:42.319    78102.319  0.2826 31.0505 110.4505   8.00   -inf  -nan  14  13  27  10 119.70
   18   2018 04 26 22:05:41.636    79541.636  0.2860 30.9705 111.2005   4.00   -inf  -nan   3   2   5   2 295.63
   19   2018 04 26 22:06:02.509    79562.509  0.1734 30.8905 111.1605   8.00   -inf  -nan   5   2   7   2 195.54
   20   2018 04 26 23:10:00.969    83400.969  0.3645 30.8505 111.1705   8.00   -inf  -nan  10   4  14   4 231.43
   21   2018 04 26 23:11:25.044    83485.044  0.1736 30.8505 111.1305   4.00   -inf  -nan  10   3  13   3 210.25
   22   2018 04 26 23:20:35.060    84035.060  0.3826 30.8205 111.1705   4.00   -inf  -nan  12  10  22  10 240.25
    1   2018 04 27 01:46:03.819     6363.819  0.4646 30.6705 110.9005  10.00   -inf  -nan   5   3   8   2 243.45
    2   2018 04 27 03:00:26.562    10826.562  0.2371 30.9305 111.3605   6.00   -inf  -nan   6   7  13   3 317.45
    3   2018 04 27 03:06:30.097    11190.097  0.2605 30.8505 111.1305   4.00   -inf  -nan  12  10  22  10 210.25
    4   2018 04 27 03:24:31.606    12271.606  0.1951 30.8505 111.1305   6.00   -inf  -nan   6   5  11   5 210.75
    5   2018 04 27 04:29:29.530    16169.530  0.3219 30.9305 111.0005   0.00   -inf  -nan  11   6  17   6 156.04
    6   2018 04 27 05:50:36.743    21036.743  0.3657 30.9705 110.8005   0.00   -inf  -nan  15   8  23   8  60.56
    7   2018 04 27 06:50:20.484    24620.484  0.2614 30.8505 111.1305   4.00   -inf  -nan   9   8  17   7 210.75
    8   2018 04 27 07:24:06.886    26646.886  0.2174 30.8505 111.1305   4.00   -inf  -nan   6   5  11   4 210.25
    9   2018 04 27 07:36:07.501    27367.501  0.2690 30.9705 111.2105   0.00   -inf  -nan   5   2   7   2 260.90
   10   2018 04 27 08:09:07.472    29347.472  0.2473 31.2005 110.8205   0.00   -inf  -nan   3   2   5   2 260.81
   11   2018 04 27 09:26:29.309    33989.309  0.3850 30.8305 110.9405   2.00   -inf  -nan  11   9  20   8 108.73
   12   2018 04 27 09:41:17.234    34877.234  0.3640 30.9905 110.5205   0.00   -inf  -nan  17  14  31  12  80.46
   13   2018 04 27 10:04:19.798    36259.798  0.3082 31.2105 110.8305   0.00   -inf  -nan   5   2   7   2 265.98
   14   2018 04 27 10:28:41.610    37721.610  0.3661 31.0805 110.1705   2.00   -inf  -nan  12  10  22   9 193.55
   15   2018 04 27 10:41:50.432    38510.432  0.4127 30.8105 111.1705   6.00   -inf  -nan  10   8  18   8 242.73
   16   2018 04 27 14:21:56.435    51716.435  0.3499 31.1805 110.2905   0.00   -inf  -nan   3   4   7   2 169.73
   17   2018 04 27 15:09:01.143    54541.143  0.2404 30.8905 111.0005   4.00   -inf  -nan   5   3   8   3 124.82
   18   2018 04 27 15:34:08.463    56048.463  0.3768 31.2005 110.3305   0.00   -inf  -nan   3   4   7   3 282.45
   19   2018 04 27 15:51:42.692    57102.692  0.1753 31.0905 110.4305   0.00   -inf  -nan   4   5   9   4 137.98
   20   2018 04 27 16:29:57.322    59397.322  0.2227 31.1605 110.3305   6.00   -inf  -nan   3   2   5   2 185.78
   21   2018 04 27 22:45:37.385    81937.385  0.3965 31.1305 110.2905   8.00   -inf  -nan   4   4   8   3 265.01
   22   2018 04 27 23:34:28.334    84868.334  0.2030 30.8505 111.1305   4.00   -inf  -nan   8   7  15   7 210.25
   23   2018 04 27 23:35:36.550    84936.550  0.3694 30.8505 111.1305   6.00   -inf  -nan   7   7  14   6 210.75
   24   2018 04 27 23:49:55.101    85795.101  0.2067 30.8505 111.1305   4.00   -inf  -nan  11   9  20   9 210.25
    1   2018 04 28 02:47:15.364    10035.364  0.2250 30.7705 111.2105   0.00   -inf  -nan   7   2   9   2 275.43
    2   2018 04 28 02:54:05.417    10445.417  0.1950 30.7705 111.1705   0.00   -inf  -nan   6   5  11   3 263.48
    3   2018 04 28 04:22:32.361    15752.361  0.3784 30.9005 110.7205   0.00   -inf  -nan  18  13  31  13  94.62
    4   2018 04 28 05:04:27.463    18267.463  0.2793 30.8705 110.9405   0.00   -inf  -nan   7   2   9   2 152.79
    5   2018 04 28 07:15:47.157    26147.157  0.3656 31.0105 110.0305   0.00   -inf  -nan   5   2   7   2 310.09
    6   2018 04 28 08:08:33.148    29313.148  0.3471 30.9105 110.6405   4.00   -inf  -nan  10   6  16   6  83.78
    7   2018 04 28 08:35:18.587    30918.587  0.3732 31.0505 110.4605   4.00   -inf  -nan   3   4   7   3 145.29
    8   2018 04 28 08:57:43.439    32263.439  0.2456 30.8105 110.9305   0.00   -inf  -nan   7   2   9   2 108.51
    9   2018 04 28 09:09:51.900    32991.900  0.2149 31.1305 110.0305   8.00   -inf  -nan   9   3  12   2 269.61
   10   2018 04 28 09:29:41.554    34181.554  0.1691 30.8505 111.1205   8.00   -inf  -nan   7   5  12   5 205.95
   11   2018 04 28 09:39:48.577    34788.577  0.2789 30.8605 111.0905   6.00   -inf  -nan   3   4   7   2 128.67
   12   2018 04 28 10:09:29.716    36569.716  0.2293 30.9305 111.2005   2.00   -inf  -nan   4   2   6   2 279.86
   13   2018 04 28 10:54:39.954    39279.954  0.4122 31.0205 110.6805   6.00   -inf  -nan   5   6  11   4 128.69
   14   2018 04 28 13:13:58.757    47638.757  0.3254 31.1705 110.2705   6.00   -inf  -nan   3   2   5   2 159.72
   15   2018 04 28 16:13:39.850    58419.850  0.2597 30.8905 111.0105   4.00   -inf  -nan   7   2   9   2  93.56
   16   2018 04 28 18:29:13.138    66553.138  0.1790 30.9305 111.1605   0.00   -inf  -nan   3   2   5   2 162.81
   17   2018 04 28 18:53:23.207    68003.207  0.3072 30.9305 111.2405   2.00   -inf  -nan   5   2   7   2 303.31
   18   2018 04 28 21:20:18.300    76818.300  0.2786 30.9305 111.2105   6.00   -inf  -nan   5   4   9   4 292.28
   19   2018 04 28 21:29:53.315    77393.315  0.3477 31.0905 110.3905   4.00   -inf  -nan   3   4   7   3 175.45
   20   2018 04 28 21:49:45.908    78585.908  0.3383 31.0505 110.4305   4.00   -inf  -nan   7  10  17   7 102.66
    1   2018 04 29 01:26:01.364     5161.364  0.0423 31.1305 110.6305   0.00   -inf  -nan   4   2   6   2 216.42
    2   2018 04 29 03:22:33.649    12153.649  0.4237 31.1305 110.5105   8.00   -inf  -nan   3   3   6   2 229.16
    3   2018 04 29 03:49:14.456    13754.456  0.3613 30.9305 111.3305   0.00   -inf  -nan   9   5  14   5 314.90
    4   2018 04 29 03:57:19.875    14239.875  0.4157 30.9005 110.7205   2.00   -inf  -nan  12   7  19   5  94.62
    5   2018 04 29 04:22:13.006    15733.006  0.2642 31.0705 110.2805   2.00   -inf  -nan   5   7  12   5 128.48
    6   2018 04 29 04:51:41.355    17501.355  0.2743 30.8705 110.9405   2.00   -inf  -nan   8   6  14   6 126.90
    7   2018 04 29 07:08:05.342    25685.342  0.1320 31.2505 110.2605  18.00   -inf  -nan   3   3   6   2 264.69
    8   2018 04 29 09:33:15.900    34395.900  0.2275 30.8505 111.1305   4.00   -inf  -nan  10  10  20   9 210.75
    9   2018 04 29 09:54:43.216    35683.216  0.1696 30.8505 111.1305   6.00   -inf  -nan   6   4  10   4 210.75
   10   2018 04 29 10:00:32.988    36032.988  0.3537 30.7105 110.9405   6.00   -inf  -nan   6   5  11   2 226.97
   11   2018 04 29 12:33:51.395    45231.395  0.3230 30.8905 111.1605   8.00   -inf  -nan   5   3   8   3 195.54
   12   2018 04 29 13:25:02.814    48302.814  0.2162 31.1805 110.5905   8.00   -inf  -nan   6   2   8   2 202.86
   13   2018 04 29 14:06:32.478    50792.478  0.2275 30.9705 110.8405   4.00   -inf  -nan   8   7  15   7 130.29
   14   2018 04 29 17:34:03.265    63243.265  0.3623 31.1705 110.5105   2.00   -inf  -nan   7   2   9   1 171.89
   15   2018 04 29 18:39:47.296    67187.296  0.2528 31.1405 110.2505  18.00   -inf  -nan   3   3   6   3 145.32
   16   2018 04 29 21:02:48.328    75768.328  0.1243 31.0505 110.1905   6.00   -inf  -nan   3   3   6   3 263.14
   17   2018 04 29 22:37:41.287    81461.287  0.3054 30.8905 111.0005   4.00   -inf  -nan   5   3   8   1  91.53
   18   2018 04 29 23:14:41.419    83681.419  0.2607 30.8605 111.1305   6.00   -inf  -nan   7   6  13   6 204.21
   19   2018 04 29 23:31:25.572    84685.572  0.2332 30.9805 110.8205   0.00   -inf  -nan   9  10  19   8 115.72
   20   2018 04 29 23:55:59.787    86159.787  0.0846 31.0205 110.4405   6.00   -inf  -nan   3   2   5   2 183.36
    1   2018 04 30 00:25:30.191     1530.191  0.2530 30.7005 110.9305  10.00   -inf  -nan   7   7  14   7 277.51
    2   2018 04 30 01:11:33.381     4293.381  0.1352 30.8505 111.1305   6.00   -inf  -nan   4   3   7   3 210.75
    3   2018 04 30 01:12:18.168     4338.168  0.1656 30.8505 111.1305   6.00   -inf  -nan   9   5  14   5 210.75
    4   2018 04 30 02:30:15.414     9015.414  0.4868 31.3805 110.1305   2.00   -inf  -nan   7   2   9   1 310.67
    5   2018 04 30 02:58:46.392    10726.392  0.2039 30.8205 111.1705   6.00   -inf  -nan   5   5  10   5 245.81
    6   2018 04 30 03:01:51.084    10911.084  0.2853 31.0305 110.4405   6.00   -inf  -nan   6   6  12   5  92.86
    7   2018 04 30 03:10:38.748    11438.748  0.4156 31.0605 110.3805  10.00   -inf  -nan   4   5   9   3 202.17
    8   2018 04 30 03:52:40.824    13960.824  0.4482 30.7805 110.9305   6.00   -inf  -nan   7   6  13   5 157.56
    9   2018 04 30 03:55:13.151    14113.151  0.2398 31.2205 110.1305   6.00   -inf  -nan   7   2   9   2 276.88
   10   2018 04 30 05:06:43.152    18403.152  0.3468 31.2105 110.5105   0.00   -inf  -nan   4   2   6   2 301.60
   11   2018 04 30 05:25:10.127    19510.127  0.3799 31.0205 110.4405   4.00   -inf  -nan  15  16  31  12  87.12
   12   2018 04 30 05:29:34.264    19774.264  0.2932 31.0205 110.4405   4.00   -inf  -nan  10   6  16   5  87.12
   13   2018 04 30 05:43:41.622    20621.622  0.1431 30.8605 110.5605   8.00   -inf  -nan   3   3   6   3 234.40
   14   2018 04 30 05:59:03.737    21543.737  0.3367 30.8505 111.1305   4.00   -inf  -nan  10  10  20   8 210.75
   15   2018 04 30 06:58:51.069    25131.069  0.1501 30.8505 111.1305   6.00   -inf  -nan   6   4  10   4 210.75
   16   2018 04 30 07:56:45.930    28605.930  0.1900 30.7405 110.8105  18.00   -inf  -nan   8   6  14   6 248.18
   17   2018 04 30 07:57:03.107    28623.107  0.2157 30.7405 110.8105  18.00   -inf  -nan   9  10  19   9 228.63
   18   2018 04 30 08:27:54.789    30474.789  0.2592 30.7705 111.0905   6.00   -inf  -nan   5   6  11   4 243.22
   19   2018 04 30 11:54:06.451    42846.451  0.3686 30.8205 110.6805   8.00   -inf  -nan   6   7  13   6 137.55
   20   2018 04 30 12:12:03.790    43923.790  0.2702 31.0205 110.4605   0.00   -inf  -nan   8   7  15   7 126.86
   21   2018 04 30 14:23:52.077    51832.077  0.2104 31.0105 110.4705   6.00   -inf  -nan   3   5   8   3 135.90
   22   2018 04 30 15:08:30.457    54510.457  0.2013 30.8905 111.1605   8.00   -inf  -nan   8   4  12   4 195.54
   23   2018 04 30 15:48:01.854    56881.854  0.2372 31.1705 110.3805   4.00   -inf  -nan   3   2   5   2 313.58
   24   2018 04 30 19:24:14.484    69854.484  0.3809 31.1705 110.3105   0.00   -inf  -nan   4   2   6   2 258.71
   25   2018 04 30 21:44:13.223    78253.223  0.1329 30.9305 111.2405   2.00   -inf  -nan   4   2   6   2 303.31
   26   2018 04 30 23:44:35.109    85475.109  0.2795 31.0805 110.1705   0.00   -inf  -nan   6   7  13   6 193.55
   27   2018 04 30 23:48:31.850    85711.850  0.1464 30.8505 111.1305   6.00   -inf  -nan   9   4  13   4 210.25
   28   2018 04 30 23:49:36.092    85776.092  0.2637 30.8505 111.1305   6.00   -inf  -nan  10   5  15   5 210.25
    1   2018 05 01 00:02:39.091      159.091  0.1328 30.8505 111.1305   6.00   -inf  -nan   7   5  12   5 210.75
    2   2018 05 01 01:01:38.794     3698.794  0.1704 30.8905 111.0005   6.00   -inf  -nan   4   2   6   2 216.34
    3   2018 05 01 03:00:39.297    10839.297  0.2853 31.1005 110.4405   6.00   -inf  -nan   3   4   7   2 200.33
    4   2018 05 01 03:35:45.826    12945.826  0.1483 30.9305 111.4005   4.00   -inf  -nan   6   4  10   2 324.85
    5   2018 05 01 05:24:06.509    19446.509  0.1434 30.8505 111.1305   6.00   -inf  -nan   7   5  12   5 210.75
    6   2018 05 01 05:46:03.261    20763.261  0.1924 30.8505 111.1305   4.00   -inf  -nan  10   9  19   7 210.25
    7   2018 05 01 06:38:40.753    23920.753  0.3634 30.9305 111.2005   4.00   -inf  -nan   4   2   6   2 279.86
    8   2018 05 01 09:08:34.625    32914.625  0.1474 30.8505 111.1305   4.00   -inf  -nan   8   5  13   5 210.75
    9   2018 05 01 10:00:58.796    36058.796  0.2599 30.7505 110.8205  18.00   -inf  -nan  13  16  29  13 167.07
   10   2018 05 01 11:14:41.253    40481.253  0.1191 31.1705 110.1505   6.00   -inf  -nan   3   3   6   2 255.52
   11   2018 05 01 13:57:16.638    50236.638  0.3691 30.8205 110.4605   0.00   -inf  -nan   8   8  16   7 207.25
   12   2018 05 01 15:17:53.984    55073.984  0.1159 30.9305 111.1705  12.00   -inf  -nan   7   3  10   3 276.52
   13   2018 05 01 16:37:36.177    59856.177  0.4994 31.1805 110.3805  18.00   -inf  -nan   3   3   6   1 241.26
   14   2018 05 01 18:04:59.027    65099.027  0.2797 31.2505 110.5905   0.00   -inf  -nan   3   2   5   2 275.58
   15   2018 05 01 19:25:39.449    69939.449  0.1941 30.7805 110.7705   8.00   -inf  -nan   6   6  12   6 116.19
   16   2018 05 01 21:53:07.840    78787.840  0.2531 31.0605 110.1305   0.00   -inf  -nan   5   7  12   5 216.83
   17   2018 05 01 23:07:03.660    83223.660  0.2194 31.1705 110.3505   0.00   -inf  -nan   3   2   5   2 250.72
   18   2018 05 01 23:21:54.787    84114.787  0.2191 30.8505 111.1305   6.00   -inf  -nan  10   6  16   6 283.92
   19   2018 05 01 23:31:26.116    84686.116  0.3292 30.8505 111.1305   4.00   -inf  -nan  11   9  20   9 283.92
    1   2018 05 02 00:21:44.313     1304.313  0.2312 30.8505 111.1305   4.00   -inf  -nan   5   6  11   5 210.75
    2   2018 05 02 02:23:35.224     8615.224  0.2534 30.8205 111.1305   6.00   -inf  -nan   6   3   9   3 228.06
    3   2018 05 02 03:03:58.443    11038.443  0.4128 31.0305 110.4405  10.00   -inf  -nan   3   4   7   3 171.98
    4   2018 05 02 03:31:26.412    12686.412  0.3569 30.8505 111.2005  10.00   -inf  -nan   6   3   9   3 253.44
    5   2018 05 02 05:51:31.527    21091.527  0.4682 30.9305 111.2405   0.00   -inf  -nan   3   2   5   1 300.87
    6   2018 05 02 06:33:04.258    23584.258  0.3120 30.9405 110.7805   8.00   -inf  -nan   3   3   6   3 210.94
    7   2018 05 02 07:26:06.430    26766.430  0.2855 31.1305 110.0305   0.00   -inf  -nan   5   3   8   3 269.61
    8   2018 05 02 11:18:05.210    40685.210  0.2757 30.9705 111.2005  20.00   -inf  -nan   4   3   7   3 291.88
    9   2018 05 02 16:34:17.207    59657.207  0.1586 30.9305 111.2805   2.00   -inf  -nan   3   2   5   2 309.47
   10   2018 05 02 21:32:59.748    77579.748  0.0813 30.9305 111.2105  14.00   -inf  -nan   4   3   7   3 292.28
   11   2018 05 02 21:46:52.120    78412.120  0.3798 31.1405 110.2905   0.00   -inf  -nan   6   2   8   1 138.84
   12   2018 05 02 22:59:47.955    82787.955  0.2590 30.9305 111.1705   2.00   -inf  -nan   3   3   6   3 276.52
   13   2018 05 02 23:29:01.786    84541.786  0.1028 30.8505 111.1305   6.00   -inf  -nan   8   2  10   2 283.92
    1   2018 05 03 00:38:20.546     2300.546  0.2248 30.9005 110.2205   0.00   -inf  -nan   3   2   5   1 180.97
    2   2018 05 03 01:32:58.717     5578.717  0.2221 30.8505 111.1305   4.00   -inf  -nan  11   5  16   4 210.25
    3   2018 05 03 01:33:33.285     5613.285  0.2750 30.8505 111.1305   4.00   -inf  -nan   8   7  15   7 210.75
    4   2018 05 03 01:35:57.993     5757.993  0.3807 31.0505 110.4305  10.00   -inf  -nan   4   5   9   4 213.27
    5   2018 05 03 04:24:24.014    15864.014  0.2130 30.7405 110.8905  12.00   -inf  -nan   3   5   8   3 215.94
    6   2018 05 03 04:35:56.988    16556.988  0.1359 31.1405 110.8205   0.00   -inf  -nan   4   2   6   2 307.68
    7   2018 05 03 05:45:45.585    20745.585  0.3536 30.9705 110.8005   0.00   -inf  -nan  15  11  26  11  60.56
    8   2018 05 03 06:21:16.254    22876.254  0.1303 30.9405 110.7805   6.00   -inf  -nan   4   4   8   4 182.72
    9   2018 05 03 06:22:20.942    22940.942  0.1487 30.8505 111.1305   6.00   -inf  -nan   7   4  11   4 210.75
   10   2018 05 03 06:34:41.188    23681.188  0.2362 30.8705 111.0205   6.00   -inf  -nan   6   2   8   2 111.88
   11   2018 05 03 06:37:36.031    23856.031  0.2951 30.9605 110.0105  12.00   -inf  -nan   6   2   8   2 318.27
   12   2018 05 03 07:28:44.175    26924.175  0.1621 30.7005 110.8905   4.00   -inf  -nan   5   4   9   4 282.97
   13   2018 05 03 08:29:35.483    30575.483  0.1291 30.8505 111.1305   6.00   -inf  -nan   7   5  12   5 210.75
   14   2018 05 03 08:30:56.080    30656.080  0.1580 30.8605 111.1305   6.00   -inf  -nan   8   5  13   5 204.21
   15   2018 05 03 08:42:49.085    31369.085  0.3305 31.2805 110.8205   0.00   -inf  -nan   8   5  13   5 267.81
   16   2018 05 03 11:16:18.974    40578.974  0.4603 30.9005 110.7205   0.00   -inf  -nan  15  13  28  12  94.62
   17   2018 05 03 11:22:20.485    40940.485  0.2525 30.9405 111.1905   0.00   -inf  -nan   4   2   6   2 202.10
   18   2018 05 03 15:55:02.757    57302.757  0.2058 31.1805 110.6205   0.00   -inf  -nan   4   2   6   2 262.38
   19   2018 05 03 15:56:06.040    57366.040  0.3240 31.0305 110.4405   0.00   -inf  -nan   5   6  11   5 149.14
   20   2018 05 03 17:19:04.038    62344.038  0.3943 31.0205 110.4405   2.00   -inf  -nan   4   6  10   4 123.87
   21   2018 05 03 18:49:54.630    67794.630  0.2151 30.9305 111.2005   4.00   -inf  -nan   4   3   7   3 279.86
   22   2018 05 03 21:18:12.113    76692.113  0.2873 31.1705 110.3405   0.00   -inf  -nan   6   3   9   3 270.76
   23   2018 05 03 21:55:34.749    78934.749  0.3965 31.0905 110.1905   0.00   -inf  -nan   3   6   9   3 181.48
   24   2018 05 03 23:17:48.637    83868.637  0.3372 30.8505 111.1305   4.00   -inf  -nan  11   9  20   9 283.92
   25   2018 05 03 23:18:31.531    83911.531  0.1515 30.8505 111.1305   6.00   -inf  -nan   6   3   9   3 310.71
    1   2018 05 04 00:24:10.824     1450.824  0.3439 30.8905 111.1705   2.00   -inf  -nan   9   4  13   4 291.12
    2   2018 05 04 02:21:49.977     8509.977  0.1065 30.8105 111.2405   0.00   -inf  -nan   4   3   7   3 279.73
    3   2018 05 04 03:32:39.846    12759.846  0.1971 30.9305 111.1705   0.00   -inf  -nan   4   2   6   2 146.89
    4   2018 05 04 03:51:40.402    13900.402  0.2980 31.0605 110.4405   4.00   -inf  -nan   3   2   5   1 217.65
    5   2018 05 04 03:59:02.645    14342.645  0.2057 31.0605 110.4405   0.00   -inf  -nan   3   3   6   2 143.60
    6   2018 05 04 04:06:52.385    14812.385  0.2828 30.7705 111.1705   0.00   -inf  -nan   9   5  14   5 263.48
    7   2018 05 04 04:08:00.267    14880.267  0.1717 30.7705 111.1705   6.00   -inf  -nan   4   3   7   3 263.48
    8   2018 05 04 04:16:45.094    15405.094  0.2385 30.8505 111.1305   4.00   -inf  -nan  12  10  22  10 210.25
    9   2018 05 04 04:21:21.825    15681.825  0.4145 30.8605 110.9305   0.00   -inf  -nan   5   5  10   5 133.95
   10   2018 05 04 04:22:48.350    15768.350  0.3144 30.8705 110.9405   0.00   -inf  -nan   5   4   9   4 191.16
   11   2018 05 04 04:33:42.764    16422.764  0.1694 30.8705 110.9405   4.00   -inf  -nan   3   3   6   3 160.03
   12   2018 05 04 05:12:25.129    18745.129  0.3096 30.7805 111.0505   0.00   -inf  -nan  12  10  22  10 214.37
   13   2018 05 04 05:26:19.986    19579.986  0.2474 30.7805 111.0505   0.00   -inf  -nan  14   7  21   7 214.37
   14   2018 05 04 06:48:52.768    24532.768  0.2525 30.7705 110.7605  12.00   -inf  -nan   9  10  19   9 109.98
   15   2018 05 04 07:01:56.344    25316.344  0.2936 31.0105 110.4805   0.00   -inf  -nan   6   4  10   1  97.96
   16   2018 05 04 07:22:56.807    26576.807  0.4693 30.7805 110.9305   4.00   -inf  -nan  11  12  23  10 157.56
   17   2018 05 04 07:55:01.028    28501.028  0.3996 31.0205 110.4405   4.00   -inf  -nan   9   7  16   7 142.48
   18   2018 05 04 07:56:23.581    28583.581  0.2401 30.7305 111.2105   4.00   -inf  -nan   7   3  10   2 284.08
   19   2018 05 04 08:18:55.879    29935.879  0.1830 30.8505 111.1305   6.00   -inf  -nan   9   3  12   3 210.75
   20   2018 05 04 08:32:00.034    30720.034  0.1985 30.8505 111.1305   4.00   -inf  -nan  11   5  16   5 210.75
   21   2018 05 04 08:43:33.785    31413.785  0.4085 31.2205 110.0105   0.00   -inf  -nan  14   7  21   6 313.57
   22   2018 05 04 09:19:46.184    33586.184  0.1764 30.8505 111.1305   4.00   -inf  -nan  12   8  20   8 210.75
   23   2018 05 04 11:19:08.125    40748.125  0.4107 31.0305 110.4405   4.00   -inf  -nan   5   5  10   3 170.19
   24   2018 05 04 11:46:53.539    42413.539  0.3046 30.9305 111.2405   2.00   -inf  -nan   5   3   8   2 300.87
   25   2018 05 04 12:27:13.933    44833.933  0.2676 30.8905 111.0005   4.00   -inf  -nan   6   2   8   2  91.53
   26   2018 05 04 17:53:01.600    64381.600  0.1916 31.1305 110.4505   6.00   -inf  -nan   3   2   5   1 273.99
   27   2018 05 04 19:21:24.419    69684.419  0.1198 31.0605 110.4405   2.00   -inf  -nan   3   3   6   2 246.69
   28   2018 05 04 23:25:32.267    84332.267  0.1615 30.8505 111.1305   4.00   -inf  -nan   9   5  14   5 210.25
   29   2018 05 04 23:26:30.086    84390.086  0.2812 30.8105 111.1705   2.00   -inf  -nan   6   4  10   4 242.73
    1   2018 05 05 01:38:39.086     5919.086  0.2280 30.8605 111.1305   6.00   -inf  -nan  16   9  25   9 204.21
    2   2018 05 05 01:39:18.573     5958.573  0.1664 30.8505 111.1305   6.00   -inf  -nan  12   7  19   7 210.25
    3   2018 05 05 04:01:02.907    14462.907  0.3076 30.9305 110.6305   4.00   -inf  -nan   8   4  12   4  93.27
    4   2018 05 05 04:36:11.366    16571.366  0.2723 30.8505 111.1305   4.00   -inf  -nan   9   7  16   7 210.75
    5   2018 05 05 04:38:47.740    16727.740  0.3311 30.8905 110.7605   6.00   -inf  -nan   7   7  14   7 135.27
    6   2018 05 05 04:39:52.953    16792.953  0.3091 31.0505 110.0705   4.00   -inf  -nan   3   4   7   3 303.52
    7   2018 05 05 06:19:29.677    22769.677  0.1386 30.8505 111.1305   6.00   -inf  -nan  10   5  15   5 210.75
    8   2018 05 05 06:23:20.511    23000.511  0.2644 31.0605 110.1405   2.00   -inf  -nan   4   6  10   4 260.24
    9   2018 05 05 07:34:39.351    27279.351  0.2576 30.8505 111.1305   8.00   -inf  -nan   3   3   6   3 232.15
   10   2018 05 05 07:51:42.219    28302.219  0.1350 30.8905 111.1605   8.00   -inf  -nan   5   2   7   2 195.54
   11   2018 05 05 09:25:41.033    33941.033  0.1911 30.8505 111.1305   6.00   -inf  -nan  12   6  18   6 210.25
   12   2018 05 05 09:39:45.786    34785.786  0.1731 30.9305 111.1705   0.00   -inf  -nan   4   2   6   2 146.89
   13   2018 05 05 09:49:19.217    35359.217  0.1708 31.0505 110.1905   4.00   -inf  -nan   5   5  10   5 263.14
   14   2018 05 05 10:12:51.718    36771.718  0.2947 30.8905 111.2005   2.00   -inf  -nan   3   3   6   2 247.57
   15   2018 05 05 11:35:49.226    41749.226  0.3498 31.0505 110.5905  12.00   -inf  -nan   4   3   7   2  99.96
   16   2018 05 05 16:28:41.868    59321.868  0.2683 30.7805 110.4605   0.00   -inf  -nan   3   3   6   3 293.08
   17   2018 05 05 16:38:15.330    59895.330  0.2321 31.0605 110.3805  10.00   -inf  -nan   4   2   6   2 153.15
   18   2018 05 05 18:14:20.670    65660.670  0.3285 31.1305 110.3805   2.00   -inf  -nan   3   2   5   1 185.32
   19   2018 05 05 20:48:42.276    74922.276  0.2082 30.9305 110.9605   6.00   -inf  -nan   4   2   6   1 229.44
   20   2018 05 05 21:54:35.580    78875.580  0.1953 30.8905 111.0105   4.00   -inf  -nan   7   5  12   5  93.56
   21   2018 05 05 23:33:07.000    84787.000  0.1567 30.8505 111.1305   4.00   -inf  -nan   9   4  13   4 210.25
    1   2018 05 06 00:01:46.119      106.119  0.1835 30.9005 110.7805   0.00   -inf  -nan   3   4   7   3 136.65
    2   2018 05 06 02:27:31.650     8851.650  0.3041 30.8505 111.1305   4.00   -inf  -nan  10  11  21   9 210.25
    3   2018 05 06 06:13:29.661    22409.661  0.1732 30.8505 111.1305   6.00   -inf  -nan   6   5  11   5 210.75
    4   2018 05 06 06:18:45.746    22725.746  0.2472 31.0505 110.1105   8.00   -inf  -nan   3   3   6   3 291.74
    5   2018 05 06 06:30:13.330    23413.330  0.2059 30.8505 111.1305   4.00   -inf  -nan   6   4  10   4 210.75
    6   2018 05 06 06:55:38.072    24938.072  0.1715 31.1305 110.0705   2.00   -inf  -nan   3   4   7   3 309.39
    7   2018 05 06 08:44:21.052    31461.052  0.3021 30.8105 111.1705   6.00   -inf  -nan  10   7  17   7 242.73
    8   2018 05 06 09:59:42.167    35982.167  0.3055 31.1005 110.0905   0.00   -inf  -nan   5   4   9   3 241.48
    9   2018 05 06 14:01:19.084    50479.084  0.2857 31.0905 110.1905   2.00   -inf  -nan   3   4   7   2 250.52
   10   2018 05 06 19:25:36.481    69936.481  0.1871 30.9305 111.1705   0.00   -inf  -nan   3   2   5   2 196.56
   11   2018 05 06 23:11:46.367    83506.367  0.4091 30.8105 111.1705   6.00   -inf  -nan  11   9  20   9 242.73
   12   2018 05 06 23:49:20.709    85760.709  0.1429 31.1505 110.3605   8.00   -inf  -nan   3   2   5   2 259.82
    1   2018 05 07 00:04:29.288      269.288  0.3236 30.8705 110.8205   2.00   -inf  -nan  15  13  28  13  86.67
    2   2018 05 07 00:24:38.692     1478.692  0.4129 31.0505 110.1505   8.00   -inf  -nan   6   8  14   5 204.15
    3   2018 05 07 00:55:03.606     3303.606  0.2126 30.8505 111.1305   4.00   -inf  -nan   8   5  13   5 210.75
    4   2018 05 07 00:56:19.258     3379.258  0.3427 30.8505 111.1305   2.00   -inf  -nan   8   6  14   6 210.75
    5   2018 05 07 02:00:58.565     7258.565  0.3073 30.8505 111.1305   6.00   -inf  -nan  13  11  24  11 210.25
    6   2018 05 07 02:29:23.922     8963.922  0.4316 30.8505 110.8005   4.00   -inf  -nan   4   4   8   4 147.59
    7   2018 05 07 04:47:06.719    17226.719  0.0946 30.8705 110.8205   6.00   -inf  -nan   4   3   7   3 193.83
    8   2018 05 07 04:51:18.939    17478.939  0.0985 30.8705 110.8205   6.00   -inf  -nan   4   2   6   2 193.83
    9   2018 05 07 09:16:35.184    33395.184  0.2506 30.8505 111.1305   4.00   -inf  -nan  12   9  21   9 210.25
   10   2018 05 07 09:22:12.107    33732.107  0.3352 30.8905 111.0805   0.00   -inf  -nan   8   5  13   5 102.64
   11   2018 05 07 09:32:36.653    34356.653  0.3109 30.8905 111.1305   0.00   -inf  -nan   3   3   6   3 164.15
   12   2018 05 07 09:40:49.410    34849.410  0.3047 30.8505 111.1305   4.00   -inf  -nan   9   5  14   4 210.25
   13   2018 05 07 13:09:09.650    47349.650  0.2792 30.9305 111.1705   0.00   -inf  -nan   4   3   7   3 146.89
   14   2018 05 07 14:00:27.336    50427.336  0.3283 30.9005 110.7605   0.00   -inf  -nan  18  14  32  14  84.40
   15   2018 05 07 17:58:45.066    64725.066  0.2351 30.7005 110.9305  10.00   -inf  -nan  10   8  18   8 227.80
   16   2018 05 07 18:02:46.925    64966.925  0.2462 31.1405 110.2905   0.00   -inf  -nan   6   7  13   5 138.84
   17   2018 05 07 18:34:10.258    66850.258  0.3925 31.0105 110.4705   8.00   -inf  -nan   7   6  13   5  85.46
   18   2018 05 07 20:02:43.462    72163.462  0.2958 30.9805 110.7805   8.00   -inf  -nan  10   9  19   6 117.79
   19   2018 05 07 21:37:05.865    77825.865  0.3417 30.9805 110.5005   0.00   -inf  -nan   6   4  10   4 119.73
   20   2018 05 07 23:28:53.705    84533.705  0.4489 31.0605 110.4405   4.00   -inf  -nan   4   7  11   4 113.97
    1   2018 05 08 00:53:05.932     3185.932  0.3364 30.9705 111.2005   6.00   -inf  -nan   3   3   6   3 295.63
    2   2018 05 08 02:48:38.199    10118.199  0.2202 30.8505 111.1305   6.00   -inf  -nan   5   4   9   4 210.75
    3   2018 05 08 02:49:50.974    10190.974  0.3639 30.8105 111.1705   8.00   -inf  -nan   7   5  12   5 242.73
    4   2018 05 08 03:11:46.808    11506.808  0.2986 30.8105 111.1305   0.00   -inf  -nan   4   2   6   2 233.30
    5   2018 05 08 03:16:44.592    11804.592  0.3605 30.7405 110.8505   6.00   -inf  -nan   5   3   8   3 190.10
    6   2018 05 08 03:29:02.285    12542.285  0.3036 30.8105 111.1705   2.00   -inf  -nan   3   2   5   2 321.97
    7   2018 05 08 04:17:06.879    15426.879  0.2048 30.8505 111.1305   4.00   -inf  -nan   8   7  15   7 210.75
    8   2018 05 08 04:21:58.329    15718.329  0.4681 30.9805 110.4405   0.00   -inf  -nan  10   5  15   4 175.40
    9   2018 05 08 07:25:04.765    26704.765  0.3296 30.7405 110.8505   2.00   -inf  -nan   6   6  12   4 190.10
   10   2018 05 08 08:59:57.269    32397.269  0.3242 31.0205 110.5205   0.00   -inf  -nan   3   2   5   2 304.83
   11   2018 05 08 09:47:03.649    35223.649  0.2037 30.8505 111.1305   8.00   -inf  -nan   5   5  10   5 210.75
   12   2018 05 08 13:08:17.803    47297.803  0.2437 31.0205 110.7405   8.00   -inf  -nan   4   3   7   3 139.53
   13   2018 05 08 13:30:08.907    48608.907  0.3702 31.0505 110.4605   0.00   -inf  -nan  13  11  24  11 109.45
   14   2018 05 08 13:39:48.241    49188.241  0.2437 30.9305 111.2405   4.00   -inf  -nan   4   4   8   4 303.31
   15   2018 05 08 14:32:29.357    52349.357  0.3078 31.0205 110.7405   8.00   -inf  -nan   9  11  20   9 139.53
   16   2018 05 08 14:43:27.729    53007.729  0.2212 31.2105 110.5105   4.00   -inf  -nan   3   2   5   2 321.37
   17   2018 05 08 20:01:48.711    72108.711  0.2439 30.9305 111.2005   4.00   -inf  -nan   5   2   7   2 279.86
   18   2018 05 08 20:45:56.824    74756.824  0.3230 31.1705 110.3005   0.00   -inf  -nan   5   2   7   2 273.95
   19   2018 05 08 21:10:11.111    76211.111  0.1275 30.9305 111.1705   0.00   -inf  -nan   4   3   7   3 146.89
   20   2018 05 08 22:02:25.640    79345.640  0.2241 30.9405 110.7805  10.00   -inf  -nan   3   5   8   3 149.06
   21   2018 05 08 22:10:40.078    79840.078  0.2393 31.0505 110.8005  12.00   -inf  -nan  20  18  38  18  94.97
   22   2018 05 08 22:57:14.946    82634.946  0.2387 30.9805 110.4805   2.00   -inf  -nan   3   3   6   2 203.04
   23   2018 05 08 23:00:58.023    82858.023  0.2216 30.8505 111.1605   6.00   -inf  -nan   9   7  16   7 225.53
   24   2018 05 08 23:02:59.813    82979.813  0.1240 30.8505 111.1305   4.00   -inf  -nan  11   7  18   7 210.25
   25   2018 05 08 23:03:42.290    83022.290  0.1713 30.8505 111.1305   4.00   -inf  -nan  12   9  21   9 210.25
    1   2018 05 09 02:03:05.766     7385.766  0.2131 30.9805 110.0105  10.00   -inf  -nan   7   2   9   2 281.89
    2   2018 05 09 02:20:24.627     8424.627  0.3259 30.8505 111.3605   6.00   -inf  -nan   9   4  13   4 318.62
    3   2018 05 09 02:41:09.286     9669.286  0.0948 30.7105 110.8205   8.00   -inf  -nan   3   3   6   2 246.27
    4   2018 05 09 03:25:27.056    12327.056  0.1434 30.8105 111.2405   2.00   -inf  -nan   4   2   6   2 279.73
    5   2018 05 09 03:26:24.751    12384.751  0.2758 30.8505 111.1305   6.00   -inf  -nan   5   6  11   4 210.25
    6   2018 05 09 03:27:40.711    12460.711  0.1188 30.8505 111.1305   6.00   -inf  -nan   8   6  14   6 210.75
    7   2018 05 09 04:50:46.078    17446.078  0.3978 30.7105 110.8205   8.00   -inf  -nan   7   5  12   5 210.45
    8   2018 05 09 04:57:57.399    17877.399  0.4520 30.9705 111.2005  18.00   -inf  -nan   7   3  10   3 285.84
    9   2018 05 09 06:56:23.430    24983.430  0.4071 30.8705 110.9405   0.00   -inf  -nan  10   4  14   4  86.65
   10   2018 05 09 07:10:05.427    25805.427  0.1865 30.8905 111.0005   4.00   -inf  -nan   5   2   7   2 124.82
   11   2018 05 09 07:14:39.214    26079.214  0.3275 30.7105 110.8205  10.00   -inf  -nan   6   2   8   1 215.86
   12   2018 05 09 08:04:26.041    29066.041  0.1260 30.8505 111.1305   6.00   -inf  -nan   7   5  12   5 210.75
   13   2018 05 09 08:34:40.571    30880.571  0.2441 30.8505 111.1305   6.00   -inf  -nan  10   7  17   7 210.75
   14   2018 05 09 08:35:34.312    30934.312  0.2847 30.7605 110.0505   0.00   -inf  -nan   3   4   7   3 319.62
   15   2018 05 09 09:13:57.647    33237.647  0.2645 30.8505 111.1305   4.00   -inf  -nan   9   5  14   5 210.25
   16   2018 05 09 09:46:35.748    35195.748  0.1619 30.7305 111.2105   4.00   -inf  -nan   7   2   9   2 284.08
   17   2018 05 09 09:47:20.034    35240.034  0.2900 30.9405 110.7805  10.00   -inf  -nan   6   6  12   5  92.21
   18   2018 05 09 09:58:30.615    35910.615  0.1074 30.9705 111.3605  16.00   -inf  -nan   3   4   7   1 318.63
   19   2018 05 09 14:56:12.028    53772.028  0.1796 30.9305 111.2005   4.00   -inf  -nan   3   3   6   3 279.86
   20   2018 05 09 15:01:11.036    54071.036  0.2281 30.9705 111.2005   4.00   -inf  -nan   4   3   7   3 248.13
   21   2018 05 09 20:57:47.030    75467.030  0.1719 31.0905 110.2905   0.00   -inf  -nan   3   2   5   2 254.70
   22   2018 05 09 21:55:45.426    78945.426  0.3110 31.0605 110.4405   8.00   -inf  -nan   8   6  14   5 113.97
   23   2018 05 09 23:03:48.232    83028.232  0.1716 30.8505 111.1305   6.00   -inf  -nan   6   5  11   5 210.75
   24   2018 05 09 23:11:19.834    83479.834  0.1733 30.8605 110.4605   4.00   -inf  -nan   7   3  10   3 209.53
    1   2018 05 10 00:16:05.174      965.174  0.2318 30.8505 111.1305   4.00   -inf  -nan  12  10  22  10 210.25
    2   2018 05 10 01:52:55.601     6775.601  0.1925 30.8905 111.1205   0.00   -inf  -nan   3   2   5   2 152.93
    3   2018 05 10 01:54:05.094     6845.094  0.1722 30.8505 111.1305   4.00   -inf  -nan   9   6  15   6 210.25
    4   2018 05 10 03:20:36.514    12036.514  0.2357 30.9305 111.2005   4.00   -inf  -nan   3   2   5   2 279.86
    5   2018 05 10 03:36:26.832    12986.832  0.3231 31.0205 110.8305   4.00   -inf  -nan   3   2   5   1 167.82
    6   2018 05 10 04:38:46.179    16726.179  0.1294 31.1705 110.3405   4.00   -inf  -nan   3   2   5   2 252.38
    7   2018 05 10 08:00:32.231    28832.231  0.1467 30.8505 111.1305   6.00   -inf  -nan   5   4   9   4 210.75
    8   2018 05 10 08:28:51.276    30531.276  0.2628 30.8505 111.1305   6.00   -inf  -nan   9   6  15   6 210.25
    9   2018 05 10 09:36:36.442    34596.442  0.2297 30.8505 111.1305   4.00   -inf  -nan  11   7  18   7 210.75
   10   2018 05 10 10:03:42.499    36222.499  0.2964 30.9305 111.2505   4.00   -inf  -nan   4   4   8   4 303.28
   11   2018 05 10 10:08:30.386    36510.386  0.1692 30.9305 111.2405   2.00   -inf  -nan   4   2   6   2 303.31
   12   2018 05 10 11:40:23.895    42023.895  0.1553 30.9305 110.8005   8.00   -inf  -nan   4   5   9   3  91.38
   13   2018 05 10 11:57:11.446    43031.446  0.2731 30.9305 110.7605   8.00   -inf  -nan  10   9  19   9  71.27
   14   2018 05 10 17:33:36.421    63216.421  0.2553 31.0905 110.2705   4.00   -inf  -nan   3   5   8   2 206.57
   15   2018 05 10 18:17:18.242    65838.242  0.2789 30.9405 110.7805  12.00   -inf  -nan   3   4   7   2 165.87
   16   2018 05 10 18:28:30.715    66510.715  0.2130 30.9405 110.7905   8.00   -inf  -nan   6   7  13   5  96.80
   17   2018 05 10 18:36:02.104    66962.104  0.2550 30.9405 110.7905   8.00   -inf  -nan   5   5  10   4  96.80
   18   2018 05 10 20:29:35.610    73775.610  0.1921 31.2105 110.3005   0.00   -inf  -nan   5   2   7   2 275.22
   19   2018 05 10 21:52:10.391    78730.391  0.2241 30.7805 110.7705  12.00   -inf  -nan  11  13  24  11 110.23
   20   2018 05 10 21:57:56.148    79076.148  0.3657 30.9305 111.2005   0.00   -inf  -nan   6   4  10   4 279.86
   21   2018 05 10 22:16:05.558    80165.558  0.2260 31.0105 110.1905   2.00   -inf  -nan   3   4   7   3 209.70
   22   2018 05 10 23:03:29.093    83009.093  0.3076 30.8505 111.1605   4.00   -inf  -nan  10   5  15   4 225.53
   23   2018 05 10 23:09:01.624    83341.624  0.1934 30.8505 111.1305   4.00   -inf  -nan  10   7  17   7 210.25
   24   2018 05 10 23:37:12.911    85032.911  0.3128 30.9405 110.6405   8.00   -inf  -nan   3   2   5   2 163.17
    1   2018 05 11 00:45:50.688     2750.688  0.4256 31.0905 110.3105   0.00   -inf  -nan   5   2   7   2 210.52
    2   2018 05 11 01:50:29.536     6629.536  0.3100 30.8505 111.1305   6.00   -inf  -nan  15  12  27  12 210.25
    3   2018 05 11 04:41:55.597    16915.597  0.2155 31.0605 110.8205   4.00   -inf  -nan   4   4   8   4 219.43
    4   2018 05 11 06:08:29.215    22109.215  0.1960 30.9305 110.2505   4.00   -inf  -nan   4   4   8   3 251.96
    5   2018 05 11 06:40:13.102    24013.102  0.3609 31.0605 110.4405   8.00   -inf  -nan   7   7  14   6 113.97
    6   2018 05 11 07:57:19.006    28639.006  0.1198 31.0605 110.7805   8.00   -inf  -nan   3   2   5   2 170.08
    7   2018 05 11 08:10:54.711    29454.711  0.3632 31.1005 110.5905  20.00   -inf  -nan   3   3   6   1 140.03
    8   2018 05 11 08:22:52.513    30172.513  0.2214 30.9805 110.4005   6.00   -inf  -nan   4   2   6   2 166.12
    9   2018 05 11 08:28:58.135    30538.135  0.2030 30.8505 111.1305   6.00   -inf  -nan  14   6  20   6 210.25
   10   2018 05 11 09:00:43.010    32443.010  0.2089 30.8505 111.1305   4.00   -inf  -nan   9   5  14   5 210.25
   11   2018 05 11 09:02:19.314    32539.314  0.2157 30.8505 111.1305   4.00   -inf  -nan  11   8  19   8 210.25
   12   2018 05 11 09:27:47.109    34067.109  0.2351 31.0505 110.7105   4.00   -inf  -nan   3   3   6   2 156.60
   13   2018 05 11 10:23:30.800    37410.800  0.3272 31.1805 110.4505   0.00   -inf  -nan   4   2   6   1 206.30
   14   2018 05 11 10:42:45.258    38565.258  0.4411 30.9005 110.7205   2.00   -inf  -nan  17   9  26   7  94.62
   15   2018 05 11 15:10:46.852    54646.852  0.1177 30.9205 110.0905  14.00   -inf  -nan   3   2   5   2 288.55
   16   2018 05 11 16:22:45.428    58965.428  0.1842 30.8905 111.0105   4.00   -inf  -nan   7   5  12   5  93.56
   17   2018 05 11 17:08:11.563    61691.563  0.2408 31.0905 110.3105   2.00   -inf  -nan   3   4   7   3 252.80
   18   2018 05 11 17:51:07.623    64267.623  0.3750 31.0605 110.4405  10.00   -inf  -nan   8   9  17   8 113.97
   19   2018 05 11 17:54:33.559    64473.559  0.3561 31.0505 110.4505   6.00   -inf  -nan  17  15  32  13 106.33
   20   2018 05 11 18:46:56.070    67616.070  0.3104 30.9805 110.5005   0.00   -inf  -nan   5   5  10   5 149.19
   21   2018 05 11 20:25:16.893    73516.893  0.1667 31.1305 110.3005   4.00   -inf  -nan   5   2   7   2 131.46
   22   2018 05 11 21:33:38.245    77618.245  0.3082 30.7805 110.7705  12.00   -inf  -nan  11  15  26  11 110.23
   23   2018 05 11 22:55:30.821    82530.821  0.1477 30.8505 111.1305   6.00   -inf  -nan   9   5  14   5 210.25
   24   2018 05 11 23:17:05.681    83825.681  0.1985 30.8505 111.1305   6.00   -inf  -nan  11   5  16   5 210.25
    1   2018 05 12 02:05:44.102     7544.102  0.2108 30.8105 111.2405   8.00   -inf  -nan   3   2   5   2 279.73
    2   2018 05 12 02:34:38.376     9278.376  0.1674 31.0505 110.1105   2.00   -inf  -nan   3   4   7   3 228.25
    3   2018 05 12 02:50:44.908    10244.908  0.3642 31.0605 110.1405   6.00   -inf  -nan  10   9  19   7 210.81
    4   2018 05 12 04:25:03.574    15903.574  0.2866 30.8105 111.1705   4.00   -inf  -nan   8   4  12   4 249.55
    5   2018 05 12 04:44:10.689    17050.689  0.2986 30.8505 111.1305   6.00   -inf  -nan  13  11  24  11 210.25
    6   2018 05 12 04:45:02.032    17102.032  0.2021 30.8505 111.1305   4.00   -inf  -nan  11   8  19   8 210.25
    7   2018 05 12 04:54:12.503    17652.503  0.1796 30.8505 111.1305   4.00   -inf  -nan   9   4  13   4 210.25
    8   2018 05 12 06:46:18.441    24378.441  0.2371 31.1205 110.2505   8.00   -inf  -nan  15   3  18   3 256.87
    9   2018 05 12 07:50:49.836    28249.836  0.3752 30.8705 110.9405   0.00   -inf  -nan  11   6  17   6  86.65
   10   2018 05 12 09:10:20.079    33020.079  0.2146 31.0205 110.4405   8.00   -inf  -nan   3   2   5   2 152.49
   11   2018 05 12 12:38:34.092    45514.092  0.1813 30.9305 111.1705   8.00   -inf  -nan   4   2   6   2 276.52
   12   2018 05 12 15:21:18.675    55278.675  0.2457 30.9305 111.2005   2.00   -inf  -nan   6   2   8   2 279.86
   13   2018 05 12 15:38:45.526    56325.526  0.3397 31.0505 110.4305  10.00   -inf  -nan  20  17  37  17  98.76
   14   2018 05 12 16:03:51.626    57831.626  0.4435 31.1705 110.3405   0.00   -inf  -nan   5   2   7   2 176.84
   15   2018 05 12 18:38:48.085    67128.085  0.3108 31.0605 110.4405   6.00   -inf  -nan   4   6  10   3 113.97
   16   2018 05 12 20:11:42.460    72702.460  0.2956 31.0905 110.2505   6.00   -inf  -nan   6   7  13   6 226.98
   17   2018 05 12 20:47:20.915    74840.915  0.3042 30.8905 111.0005   4.00   -inf  -nan   6   4  10   4 131.70
   18   2018 05 12 20:48:38.559    74918.559  0.2930 31.1705 110.3305   0.00   -inf  -nan   3   3   6   3 277.94
   19   2018 05 12 22:53:01.458    82381.458  0.3013 30.8505 111.1305   4.00   -inf  -nan  10   8  18   6 210.25
   20   2018 05 12 23:20:38.720    84038.720  0.2501 30.8505 111.1305   6.00   -inf  -nan  10   8  18   8 210.25
   21   2018 05 12 23:28:44.963    84524.963  0.2301 30.8505 111.1305   6.00   -inf  -nan  13  10  23  10 210.25
    1   2018 05 13 01:55:40.986     6940.986  0.3502 31.0905 110.1105   0.00   -inf  -nan   5   3   8   2 230.20
    2   2018 05 13 03:46:46.686    13606.686  0.2348 30.9705 111.2405   0.00   -inf  -nan   4   2   6   2 332.03
    3   2018 05 13 04:33:20.409    16400.409  0.2322 30.7505 110.8605  16.00   -inf  -nan   4   3   7   3 184.87
    4   2018 05 13 04:55:06.712    17706.712  0.3190 31.1005 110.7905   0.00   -inf  -nan  14  11  25   9 115.10
    5   2018 05 13 05:19:38.170    19178.170  0.1669 31.2105 110.3805   4.00   -inf  -nan   3   2   5   2 261.30
    6   2018 05 13 07:08:26.431    25706.431  0.3831 30.7805 110.9305   4.00   -inf  -nan   8   7  15   7 157.56
    7   2018 05 13 08:51:36.876    31896.876  0.2792 30.7805 110.9105   4.00   -inf  -nan   7   6  13   5 152.70
    8   2018 05 13 08:53:27.465    32007.465  0.1750 30.9705 111.2805   2.00   -inf  -nan   3   2   5   2 306.32
    9   2018 05 13 09:13:50.457    33230.457  0.2627 30.7705 111.0905   6.00   -inf  -nan   5   5  10   5 243.22
   10   2018 05 13 09:52:18.540    35538.540  0.1076 30.9305 111.3605   8.00   -inf  -nan   5   3   8   2 317.82
   11   2018 05 13 10:15:45.011    36945.011  0.1679 30.8505 111.1305   6.00   -inf  -nan  10   7  17   7 210.25
   12   2018 05 13 10:41:52.602    38512.602  0.1943 30.7505 110.8205  10.00   -inf  -nan   9   5  14   5 167.07
   13   2018 05 13 14:39:59.318    52799.318  0.2117 30.9305 111.2005   4.00   -inf  -nan   5   3   8   3 279.86
   14   2018 05 13 16:33:25.848    59605.848  0.3345 31.0905 110.1905   2.00   -inf  -nan   7   5  12   5 250.52
   15   2018 05 13 16:46:05.261    60365.261  0.4046 31.0905 110.3105  12.00   -inf  -nan   4   4   8   4 252.80
   16   2018 05 13 17:01:44.740    61304.740  0.1708 30.9305 111.1705   0.00   -inf  -nan   4   3   7   3 146.89
   17   2018 05 13 17:10:54.077    61854.077  0.1449 31.2505 110.5505   0.00   -inf  -nan   3   2   5   2 294.18
   18   2018 05 13 20:01:43.417    72103.417  0.3386 31.0905 110.2305   0.00   -inf  -nan   6   5  11   5 155.26
   19   2018 05 13 20:21:33.865    73293.865  0.2557 31.2105 110.3105   2.00   -inf  -nan   7   4  11   4 278.74
   20   2018 05 13 21:49:09.569    78549.569  0.3381 31.0605 110.4405   2.00   -inf  -nan   5   6  11   5 170.49
   21   2018 05 13 22:50:09.744    82209.744  0.4419 31.0205 110.3205   0.00   -inf  -nan   5   7  12   5 155.62
   22   2018 05 13 23:28:49.357    84529.357  0.3080 30.9305 110.8005   2.00   -inf  -nan   5   6  11   5 108.65
   23   2018 05 13 23:42:43.790    85363.790  0.2956 30.8505 111.1305   4.00   -inf  -nan  10   8  18   7 210.25
    1   2018 05 14 00:52:14.584     3134.584  0.4229 31.1205 110.2505   4.00   -inf  -nan   3   3   6   3 288.97
    2   2018 05 14 01:30:24.424     5424.424  0.1508 31.1605 110.6205   8.00   -inf  -nan   4   3   7   1 170.78
    3   2018 05 14 02:16:21.291     8181.291  0.4410 30.7705 111.2105   6.00   -inf  -nan   7   2   9   2 314.05
    4   2018 05 14 02:16:58.598     8218.598  0.1513 30.8505 111.1305   6.00   -inf  -nan   4   3   7   3 210.75
    5   2018 05 14 02:30:47.955     9047.955  0.2826 31.0505 110.7505   0.00   -inf  -nan   3   2   5   1 160.97
    6   2018 05 14 02:51:00.044    10260.044  0.2290 30.8505 111.1305   4.00   -inf  -nan   8   5  13   5 210.25
    7   2018 05 14 02:52:33.303    10353.303  0.3027 30.8105 111.1705   2.00   -inf  -nan   4   3   7   3 249.55
    8   2018 05 14 03:50:18.804    13818.804  0.3001 30.8905 111.0405   6.00   -inf  -nan   8   4  12   4  98.74
    9   2018 05 14 06:42:12.060    24132.060  0.1500 31.0505 110.6305  18.00   -inf  -nan   3   2   5   1 286.39
   10   2018 05 14 07:11:08.907    25868.907  0.1567 30.8505 111.1305   4.00   -inf  -nan   6   5  11   5 210.25
   11   2018 05 14 07:23:59.919    26639.919  0.3111 30.9705 110.4905  10.00   -inf  -nan   3   2   5   2 183.73
   12   2018 05 14 08:03:36.438    29016.438  0.1548 31.0005 109.9705   6.00   -inf  -nan   3   2   5   2 322.44
   13   2018 05 14 08:55:56.803    32156.803  0.3155 30.9905 110.8005   0.00   -inf  -nan  13  10  23   9  67.62
   14   2018 05 14 10:12:15.248    36735.248  0.3071 31.2205 110.0905   2.00   -inf  -nan   5   4   9   3 283.12
   15   2018 05 14 10:16:16.864    36976.864  0.2987 31.2105 110.0705   0.00   -inf  -nan   4   5   9   3 281.91
   16   2018 05 14 10:26:14.147    37574.147  0.2525 30.8505 111.1305   4.00   -inf  -nan  10   8  18   8 210.25
   17   2018 05 14 13:20:30.949    48030.949  0.4240 31.0605 110.4405   2.00   -inf  -nan   3   4   7   3 210.58
   18   2018 05 14 15:36:48.376    56208.376  0.1991 30.8505 111.0905   6.00   -inf  -nan   4   5   9   4 170.85
   19   2018 05 14 16:13:43.385    58423.385  0.1368 31.2105 110.3105   0.00   -inf  -nan   3   4   7   2 288.27
   20   2018 05 14 16:37:14.437    59834.437  0.4150 31.2505 110.3805   0.00   -inf  -nan   9   9  18   7 206.67
   21   2018 05 14 17:47:12.459    64032.459  0.2638 30.8505 110.4905   0.00   -inf  -nan   9   9  18   8 176.66
   22   2018 05 14 18:19:27.455    65967.455  0.2776 31.1705 110.3405   8.00   -inf  -nan   6   4  10   4 195.23
   23   2018 05 14 19:52:35.866    71555.866  0.2181 30.7805 110.7705  10.00   -inf  -nan  10  11  21  10 110.23
   24   2018 05 14 21:04:17.315    75857.315  0.1858 31.1705 110.3805   4.00   -inf  -nan   3   3   6   3 313.58
   25   2018 05 14 21:30:14.195    77414.195  0.1897 31.1705 110.5105   0.00   -inf  -nan   6   2   8   2 171.89
   26   2018 05 14 23:03:50.485    83030.485  0.1849 30.8505 111.1605   6.00   -inf  -nan   6   2   8   1 227.22
   27   2018 05 14 23:10:35.131    83435.131  0.2198 30.8505 111.1305   4.00   -inf  -nan   7   6  13   6 210.75
    1   2018 05 15 01:35:34.790     5734.790  0.4144 30.9705 109.9505   4.00   -inf  -nan   3   3   6   2 326.80
    2   2018 05 15 02:07:51.644     7671.644  0.1197 30.8905 111.3605  10.00   -inf  -nan   5   3   8   3 324.59
    3   2018 05 15 04:40:13.521    16813.521  0.4090 30.8905 110.7205  12.00   -inf  -nan  10  11  21   8  97.68
    4   2018 05 15 05:22:50.414    19370.414  0.3060 31.0605 110.3605   4.00   -inf  -nan   3   3   6   1 221.66
    5   2018 05 15 05:32:26.394    19946.394  0.1632 31.0605 110.4405  10.00   -inf  -nan   3   2   5   2 256.49
    6   2018 05 15 05:58:52.931    21532.931  0.3811 31.0305 110.4405   8.00   -inf  -nan   3   5   8   3 134.10
    7   2018 05 15 06:18:47.096    22727.096  0.2198 30.8505 111.1305   6.00   -inf  -nan   4   4   8   2 210.75
    8   2018 05 15 07:05:24.555    25524.555  0.4275 30.9705 110.3705   6.00   -inf  -nan   9   9  18   6  90.85
    9   2018 05 15 07:22:20.600    26540.600  0.3807 30.9805 110.4005   0.00   -inf  -nan   9   6  15   6  82.74
   10   2018 05 15 09:09:41.464    32981.464  0.3011 30.8505 111.1305   6.00   -inf  -nan   7   5  12   4 232.15
   11   2018 05 15 09:29:09.891    34149.891  0.2345 30.8505 111.1305   0.00   -inf  -nan   7   5  12   5 210.75
   12   2018 05 15 10:12:11.811    36731.811  0.2135 30.9305 110.7605  10.00   -inf  -nan   4   2   6   2 136.17
   13   2018 05 15 16:57:19.103    61039.103  0.1724 30.9705 110.8405   6.00   -inf  -nan   6   7  13   5 131.21
   14   2018 05 15 17:24:48.893    62688.893  0.3421 31.1005 110.2105   2.00   -inf  -nan   5   5  10   4 168.87
   15   2018 05 15 19:17:24.100    69444.100  0.1088 31.1805 110.2505  14.00   -inf  -nan   3   3   6   3 229.08
   16   2018 05 15 20:45:18.423    74718.423  0.2948 31.1305 110.3805   4.00   -inf  -nan   3   2   5   1 279.32
   17   2018 05 15 23:13:56.211    83636.211  0.1790 30.8505 111.1305   6.00   -inf  -nan   7   6  13   5 210.25
   18   2018 05 15 23:27:33.101    84453.101  0.1904 30.8505 111.1305   4.00   -inf  -nan   8   5  13   5 210.25
    1   2018 05 16 01:32:56.453     5576.453  0.2447 30.8905 111.0405   2.00   -inf  -nan   6   5  11   4  98.74
    2   2018 05 16 01:43:18.724     6198.724  0.1573 30.8905 111.0405   4.00   -inf  -nan   4   4   8   4 135.69
    3   2018 05 16 01:46:52.378     6412.378  0.2071 30.8505 111.1305   6.00   -inf  -nan   5   5  10   4 210.75
    4   2018 05 16 02:17:11.857     8231.857  0.2723 30.9705 110.4005   0.00   -inf  -nan   9   3  12   3  93.33
    5   2018 05 16 02:55:51.758    10551.758  0.2904 31.0105 109.9905   0.00   -inf  -nan   5   3   8   2 281.71
    6   2018 05 16 02:57:58.541    10678.541  0.2057 31.2505 110.3805   2.00   -inf  -nan   4   2   6   1 258.59
    7   2018 05 16 04:39:38.024    16778.024  0.2202 30.7405 110.9305   6.00   -inf  -nan   7   3  10   2 237.57
    8   2018 05 16 08:01:36.330    28896.330  0.3820 31.2605 110.3305   0.00   -inf  -nan   6   3   9   3 222.18
    9   2018 05 16 08:22:38.898    30158.898  0.0764 30.7405 110.8905   8.00   -inf  -nan   3   2   5   2 266.87
   10   2018 05 16 08:51:59.031    31919.031  0.1510 30.8505 111.1305   6.00   -inf  -nan   4   3   7   3 210.75
   11   2018 05 16 09:11:41.276    33101.276  0.4266 30.7805 110.9305   4.00   -inf  -nan   5   5  10   4 157.56
   12   2018 05 16 14:27:40.793    52060.793  0.3649 31.1705 110.3005   4.00   -inf  -nan  11  11  22  10 149.13
   13   2018 05 16 16:05:06.362    57906.362  0.1445 31.1805 110.2905  16.00   -inf  -nan   3   3   6   3 261.98
   14   2018 05 16 16:28:51.173    59331.173  0.2022 30.9305 111.2005   2.00   -inf  -nan   4   2   6   2 279.86
   15   2018 05 16 19:51:35.693    71495.693  0.2923 31.0505 110.4605   8.00   -inf  -nan  18  12  30  12 109.45
   16   2018 05 16 20:22:57.913    73377.913  0.3705 31.0505 110.4505   2.00   -inf  -nan   5   5  10   4 152.57
   17   2018 05 16 21:49:41.151    78581.151  0.2655 31.1705 110.3105   2.00   -inf  -nan   7   3  10   3 184.34
   18   2018 05 16 23:03:44.594    83024.594  0.1600 30.8505 111.1305   6.00   -inf  -nan   8   8  16   8 210.25
   19   2018 05 16 23:21:38.705    84098.705  0.2220 30.8505 111.1605   6.00   -inf  -nan  10   7  17   7 225.53
    1   2018 05 17 01:29:40.527     5380.527  0.2045 30.8505 111.1305   4.00   -inf  -nan   7   5  12   5 210.25
    2   2018 05 17 01:30:12.447     5412.447  0.1059 30.8505 111.1705   6.00   -inf  -nan   3   2   5   1 291.45
    3   2018 05 17 01:56:11.140     6971.140  0.2963 30.8105 111.2805   6.00   -inf  -nan   4   5   9   4 294.33
    4   2018 05 17 04:01:24.985    14484.985  0.1231 30.9305 111.3605   0.00   -inf  -nan   3   2   5   2 320.89
    5   2018 05 17 04:19:24.909    15564.909  0.4021 30.9005 110.7205   0.00   -inf  -nan  11   9  20   8  94.62
    6   2018 05 17 04:34:08.314    16448.314  0.3016 30.7705 111.0905   2.00   -inf  -nan  10  10  20   8 227.94
    7   2018 05 17 06:03:46.286    21826.286  0.1857 30.8505 111.1305   6.00   -inf  -nan   9   6  15   6 210.25
    8   2018 05 17 07:58:46.574    28726.574  0.1488 30.8505 111.1305   6.00   -inf  -nan   7   6  13   5 210.25
    9   2018 05 17 08:35:48.958    30948.958  0.3250 30.9905 110.4005   4.00   -inf  -nan   7   4  11   2  82.61
   10   2018 05 17 10:07:58.496    36478.496  0.2931 30.8205 110.9205   0.00   -inf  -nan   6   4  10   4 207.18
   11   2018 05 17 10:13:19.330    36799.330  0.4239 30.9305 110.7605  14.00   -inf  -nan   5   5  10   4 148.41
   12   2018 05 17 10:13:30.017    36810.017  0.1198 30.9305 110.7605  10.00   -inf  -nan   4   3   7   2 183.49
   13   2018 05 17 10:15:26.557    36926.557  0.2639 30.9405 110.7605  10.00   -inf  -nan   7   6  13   3 113.89
   14   2018 05 17 10:20:44.926    37244.926  0.1548 30.8505 111.1305   6.00   -inf  -nan   7   7  14   7 210.75
   15   2018 05 17 10:24:51.289    37491.289  0.1583 30.9305 110.7605  10.00   -inf  -nan  10   9  19   9 118.39
   16   2018 05 17 10:25:21.677    37521.677  0.1668 30.9305 110.7605  10.00   -inf  -nan   6   6  12   5 148.41
   17   2018 05 17 10:26:14.682    37574.682  0.2386 30.9305 110.7605  12.00   -inf  -nan   3   5   8   2 118.39
   18   2018 05 17 10:28:46.313    37726.313  0.2295 30.9305 110.8405   8.00   -inf  -nan   3   2   5   2 184.62
   19   2018 05 17 10:29:50.435    37790.435  0.4293 30.9305 110.7605  18.00   -inf  -nan   7   6  13   6 118.39
   20   2018 05 17 10:30:46.347    37846.347  0.1872 30.9305 110.7605  10.00   -inf  -nan  11  11  22   9  96.54
   21   2018 05 17 10:37:25.939    38245.939  0.2027 30.9405 110.7605  10.00   -inf  -nan  14  10  24  10 124.19
   22   2018 05 17 10:40:59.874    38459.874  0.1713 30.9305 110.7605  10.00   -inf  -nan   7   7  14   7 118.39
   23   2018 05 17 10:47:53.925    38873.925  0.2248 30.9405 110.7605  10.00   -inf  -nan  14  14  28  13  74.73
   24   2018 05 17 10:51:06.040    39066.040  0.1760 30.9305 110.7605  10.00   -inf  -nan   6   8  14   6 118.39
   25   2018 05 17 10:52:38.409    39158.409  0.1799 30.9305 110.7605  10.00   -inf  -nan   9   8  17   8 118.39
   26   2018 05 17 10:56:51.621    39411.621  0.1662 30.9305 110.7605  10.00   -inf  -nan   4   4   8   4 118.39
   27   2018 05 17 11:05:39.009    39939.009  0.1593 30.9305 110.7605  10.00   -inf  -nan   9   8  17   8  96.54
   28   2018 05 17 11:08:39.621    40119.621  0.2785 30.9305 110.7605  10.00   -inf  -nan  15  12  27  12  96.54
   29   2018 05 17 11:51:18.409    42678.409  0.1354 30.9305 110.7605  10.00   -inf  -nan   5   5  10   5 118.39
   30   2018 05 17 12:06:48.439    43608.439  0.1336 30.9305 110.7605  10.00   -inf  -nan   3   4   7   2 148.41
   31   2018 05 17 12:10:52.747    43852.747  0.1340 30.9305 110.7605  10.00   -inf  -nan   7   8  15   7 118.39
   32   2018 05 17 12:21:13.917    44473.917  0.2173 30.9305 110.7605   6.00   -inf  -nan   5   6  11   5 118.39
   33   2018 05 17 12:43:05.644    45785.644  0.2840 30.9405 110.7605  10.00   -inf  -nan   3   3   6   3 194.83
   34   2018 05 17 13:15:37.010    47737.010  0.0850 30.9605 110.8605   2.00   -inf  -nan   3   2   5   2 239.63
   35   2018 05 17 13:38:30.196    49110.196  0.0748 30.9305 111.2405   4.00   -inf  -nan   3   2   5   2 329.23
   36   2018 05 17 14:44:14.208    53054.208  0.3344 30.9405 110.7605   8.00   -inf  -nan   3   5   8   2 124.19
   37   2018 05 17 14:59:33.438    53973.438  0.3383 30.9405 110.7605  10.00   -inf  -nan   8  11  19   7 124.19
   38   2018 05 17 18:23:35.261    66215.261  0.2429 30.9305 110.7605  10.00   -inf  -nan  16  15  31  15  70.95
   39   2018 05 17 18:52:37.769    67957.769  0.2353 30.9305 110.7605  10.00   -inf  -nan  13  12  25  11 118.39
   40   2018 05 17 20:36:39.423    74199.423  0.1469 30.9305 110.7605  12.00   -inf  -nan   7   4  11   1 118.39
   41   2018 05 17 20:36:45.792    74205.792  0.3509 30.9105 110.7405   8.00   -inf  -nan   5   6  11   1 131.26
   42   2018 05 17 20:45:39.852    74739.852  0.2813 30.9305 110.7605   8.00   -inf  -nan   8  10  18   8 118.39
   43   2018 05 17 20:48:12.612    74892.612  0.4546 30.9405 110.7405   8.00   -inf  -nan  14  13  27  12  80.32
   44   2018 05 17 20:56:12.495    75372.495  0.2367 30.9305 110.7605  10.00   -inf  -nan   8   9  17   8 118.39
   45   2018 05 17 22:11:21.157    79881.157  0.1513 30.9305 110.7605  12.00   -inf  -nan   7   7  14   6 167.92
    1   2018 05 18 00:23:38.404     1418.404  0.2620 30.9405 110.7605  10.00   -inf  -nan   3   4   7   2 127.90
    2   2018 05 18 00:55:01.861     3301.861  0.2263 30.8505 111.1305   6.00   -inf  -nan   8   6  14   5 210.25
    3   2018 05 18 01:23:41.643     5021.643  0.3498 30.8105 111.1605   2.00   -inf  -nan   9   6  15   4 238.50
    4   2018 05 18 01:44:03.879     6243.879  0.1834 30.9305 110.7605  10.00   -inf  -nan  15  10  25  10  69.03
    5   2018 05 18 01:44:53.037     6293.037  0.4078 30.9405 110.7805  12.00   -inf  -nan   8   7  15   5 133.23
    6   2018 05 18 01:45:30.535     6330.535  0.2483 30.9405 110.7605  10.00   -inf  -nan   8   9  17   8 127.90
    7   2018 05 18 01:46:15.167     6375.167  0.2107 30.9305 110.7605  10.00   -inf  -nan   9  10  19   9 120.80
    8   2018 05 18 01:51:16.018     6676.018  0.2099 30.9405 110.7605  10.00   -inf  -nan   7   9  16   7  89.30
    9   2018 05 18 01:56:39.938     6999.938  0.1995 30.9405 110.7605  10.00   -inf  -nan  17  14  31  14  64.29
   10   2018 05 18 02:56:15.763    10575.763  0.2142 30.9405 110.7605  10.00   -inf  -nan   8   8  16   8  89.30
   11   2018 05 18 03:01:25.268    10885.268  0.1984 30.8505 111.1305   6.00   -inf  -nan   7   4  11   4 210.75
   12   2018 05 18 03:02:08.511    10928.511  0.1557 30.8505 111.1305   6.00   -inf  -nan   7   5  12   5 210.75
   13   2018 05 18 03:22:01.889    12121.889  0.2411 30.8505 111.1305   4.00   -inf  -nan   6   8  14   5 210.25
   14   2018 05 18 03:24:06.360    12246.360  0.4613 30.9405 110.7405  12.00   -inf  -nan  15  16  31  15  64.82
   15   2018 05 18 04:05:51.954    14751.954  0.1960 30.9405 110.7605  10.00   -inf  -nan  10  10  20  10  89.30
   16   2018 05 18 04:10:41.961    15041.961  0.2795 30.7705 111.1605   0.00   -inf  -nan   7   5  12   4 248.36
   17   2018 05 18 04:17:22.098    15442.098  0.2563 30.7705 111.1705   0.00   -inf  -nan   9   4  13   3 263.48
   18   2018 05 18 04:26:13.849    15973.849  0.3330 30.7405 111.2105   0.00   -inf  -nan   6   5  11   4 281.93
   19   2018 05 18 06:33:52.679    23632.679  0.3328 31.2105 110.3405   0.00   -inf  -nan   7   7  14   5 255.57
   20   2018 05 18 07:10:36.002    25836.002  0.3191 31.0905 110.2705   0.00   -inf  -nan  10   8  18   7 220.41
   21   2018 05 18 07:26:52.793    26812.793  0.3856 30.9405 110.7805  12.00   -inf  -nan  16  16  32  16  62.87
   22   2018 05 18 07:27:37.264    26857.264  0.3070 30.9405 110.7605  12.00   -inf  -nan   8   9  17   8  89.30
   23   2018 05 18 07:46:22.899    27982.899  0.2184 30.8705 110.9405   6.00   -inf  -nan   3   3   6   3 160.03
   24   2018 05 18 07:46:38.723    27998.723  0.2039 30.9405 110.7605  10.00   -inf  -nan   6   7  13   6 105.54
   25   2018 05 18 08:09:41.843    29381.843  0.1600 31.2005 110.9405  10.00   -inf  -nan   3   2   5   1 280.69
   26   2018 05 18 08:44:02.578    31442.578  0.3517 30.8705 110.9405   2.00   -inf  -nan  13   4  17   4  86.65
   27   2018 05 18 09:20:59.133    33659.133  0.2956 30.9005 110.7205   0.00   -inf  -nan  15   6  21   6  94.62
   28   2018 05 18 09:53:00.327    35580.327  0.2362 30.8505 111.1305   4.00   -inf  -nan  11   8  19   8 210.25
   29   2018 05 18 11:15:52.617    40552.617  0.3165 31.0605 110.4405   6.00   -inf  -nan   7   6  13   6 170.49
   30   2018 05 18 11:20:00.225    40800.225  0.2754 30.8605 110.4605   8.00   -inf  -nan   3   4   7   2 219.59
   31   2018 05 18 16:04:06.121    57846.121  0.1425 31.2105 110.3105   0.00   -inf  -nan   3   2   5   1 273.38
   32   2018 05 18 17:14:50.502    62090.502  0.1378 30.9305 111.2005   2.00   -inf  -nan   4   2   6   2 279.86
   33   2018 05 18 17:50:15.663    64215.663  0.4233 30.9405 110.7405  12.00   -inf  -nan  15  15  30  14  64.82
   34   2018 05 18 17:51:25.145    64285.145  0.2262 30.9305 110.7605   8.00   -inf  -nan   5   8  13   5  71.27
   35   2018 05 18 17:51:42.599    64302.599  0.2664 30.9305 110.7605  10.00   -inf  -nan  14   9  23   9  94.30
   36   2018 05 18 17:52:28.227    64348.227  0.1802 31.0105 110.7605   0.00   -inf  -nan   4   3   7   1 187.31
   37   2018 05 18 17:53:24.383    64404.383  0.1503 30.9405 110.7605  10.00   -inf  -nan   4   4   8   3 105.54
   38   2018 05 18 17:54:11.450    64451.450  0.1891 30.9005 110.7805  10.00   -inf  -nan   3   4   7   3 293.44
   39   2018 05 18 17:54:35.268    64475.268  0.3641 30.9205 110.7405  12.00   -inf  -nan  16  14  30  14  76.55
   40   2018 05 18 17:57:20.148    64640.148  0.2669 30.9405 110.7605  10.00   -inf  -nan   7   7  14   6  89.30
   41   2018 05 18 17:58:47.463    64727.463  0.2337 30.9405 110.7605   8.00   -inf  -nan   5   7  12   5 105.54
   42   2018 05 18 17:59:41.839    64781.839  0.2934 30.9405 110.7405  10.00   -inf  -nan  11   2  13   2  94.47
   43   2018 05 18 17:59:56.712    64796.712  0.2323 30.9405 110.7805   8.00   -inf  -nan   7   5  12   4  92.21
   44   2018 05 18 18:00:40.575    64840.575  0.3897 30.9005 110.7405  10.00   -inf  -nan   4   5   9   4 135.10
   45   2018 05 18 18:02:42.937    64962.937  0.2491 30.9405 110.7605  10.00   -inf  -nan   6   7  13   5 144.50
   46   2018 05 18 18:03:06.625    64986.625  0.1764 30.9405 110.7605  10.00   -inf  -nan   4   5   9   3 128.27
   47   2018 05 18 18:32:37.734    66757.734  0.2116 30.9305 110.7605  10.00   -inf  -nan  14  14  28  13  71.27
   48   2018 05 18 18:33:57.363    66837.363  0.2473 30.9405 110.7605  10.00   -inf  -nan  15  15  30  14  77.93
   49   2018 05 18 18:35:13.762    66913.762  0.2639 30.9405 110.7605  10.00   -inf  -nan   9  10  19   9 110.97
   50   2018 05 18 18:42:24.532    67344.532  0.1902 30.9005 110.7805  10.00   -inf  -nan   3   3   6   3 293.44
   51   2018 05 18 18:55:05.966    68105.966  0.1540 30.9305 110.7605  10.00   -inf  -nan  10  10  20   9  96.54
   52   2018 05 18 19:10:08.427    69008.427  0.3406 31.2505 110.5105   2.00   -inf  -nan   4   2   6   2 307.85
   53   2018 05 18 19:11:54.962    69114.962  0.2123 30.9405 110.7605  10.00   -inf  -nan   8  10  18   8  89.30
   54   2018 05 18 19:14:34.688    69274.688  0.1658 30.9305 110.7605  10.00   -inf  -nan  14  13  27  13  71.27
   55   2018 05 18 20:01:39.562    72099.562  0.3553 30.9405 110.7805  12.00   -inf  -nan  15  13  28  13  92.21
   56   2018 05 18 21:22:07.257    76927.257  0.3287 30.8205 110.5005   0.00   -inf  -nan   3   3   6   3 279.76
   57   2018 05 18 23:24:35.417    84275.417  0.2744 30.8605 111.1505   6.00   -inf  -nan  11   8  19   8 215.44
   58   2018 05 18 23:25:26.290    84326.290  0.2198 30.8505 111.1305   4.00   -inf  -nan   9   6  15   6 210.75
    1   2018 05 19 00:18:01.830     1081.830  0.2218 30.8505 111.1305   6.00   -inf  -nan   9   6  15   6 210.75
    2   2018 05 19 01:07:59.447     4079.447  0.3399 30.8505 111.1305   4.00   -inf  -nan  10   8  18   7 210.75
    3   2018 05 19 01:12:33.352     4353.352  0.2148 30.8505 111.1305   4.00   -inf  -nan   7   3  10   2 284.42
    4   2018 05 19 01:51:23.769     6683.769  0.2261 30.8605 111.2105  10.00   -inf  -nan   6   2   8   1 258.96
    5   2018 05 19 01:59:50.277     7190.277  0.1525 30.7705 111.1205  10.00   -inf  -nan   3   3   6   2 291.59
    6   2018 05 19 03:23:36.045    12216.045  0.3035 31.0905 110.2205  10.00   -inf  -nan  17   8  25   8 239.68
    7   2018 05 19 03:32:06.799    12726.799  0.3147 31.1305 110.0305   0.00   -inf  -nan   7   5  12   5 304.63
    8   2018 05 19 04:05:03.667    14703.667  0.2978 30.9005 110.7405   0.00   -inf  -nan   6   3   9   1  89.52
    9   2018 05 19 06:07:24.522    22044.522  0.2247 30.8505 111.1605   8.00   -inf  -nan   7   6  13   6 227.22
   10   2018 05 19 06:21:12.366    22872.366  0.4053 31.0205 110.3605   8.00   -inf  -nan  12   6  18   6 192.20
   11   2018 05 19 06:26:07.711    23167.711  0.3906 31.1305 110.0305   2.00   -inf  -nan  11   9  20   7 297.25
   12   2018 05 19 06:27:00.634    23220.634  0.2971 30.9605 110.0105  10.00   -inf  -nan   5   2   7   2 315.59
   13   2018 05 19 06:31:32.662    23492.662  0.3790 31.1905 110.3605   2.00   -inf  -nan  10   7  17   6 245.99
   14   2018 05 19 06:33:26.103    23606.103  0.3077 30.8505 111.1605   8.00   -inf  -nan   8   2  10   2 227.22
   15   2018 05 19 07:06:21.726    25581.726  0.2713 31.0105 110.6705   0.00   -inf  -nan   5   3   8   2 119.55
   16   2018 05 19 07:36:47.821    27407.821  0.1623 31.0505 110.1105   0.00   -inf  -nan   3   2   5   2 291.74
   17   2018 05 19 09:32:25.751    34345.751  0.1511 30.9305 111.2005   4.00   -inf  -nan   3   2   5   2 279.86
   18   2018 05 19 10:19:39.474    37179.474  0.2392 30.8105 111.2405  16.00   -inf  -nan   4   2   6   1 279.74
   19   2018 05 19 10:33:05.111    37985.111  0.3829 30.8505 111.1605   8.00   -inf  -nan  11   9  20   9 227.22
   20   2018 05 19 11:44:00.352    42240.352  0.2777 31.1305 110.3505   0.00   -inf  -nan   3   2   5   1 218.98
   21   2018 05 19 13:33:53.993    48833.993  0.0960 30.9305 111.2405   2.00   -inf  -nan   4   2   6   2 303.31
   22   2018 05 19 13:53:19.106    49999.106  0.3212 31.0905 110.2305   4.00   -inf  -nan   5   4   9   4 235.98
   23   2018 05 19 14:31:11.559    52271.559  0.2336 30.8605 110.5005   0.00   -inf  -nan   4   3   7   3 223.40
   24   2018 05 19 14:48:50.090    53330.090  0.4460 30.9005 110.6205  10.00   -inf  -nan   3   2   5   2 257.15
   25   2018 05 19 15:06:07.396    54367.396  0.1572 30.9005 110.7805   8.00   -inf  -nan   3   3   6   3 293.44
   26   2018 05 19 15:07:27.973    54447.973  0.3570 30.9105 110.7605  14.00   -inf  -nan   7   8  15   7 113.59
   27   2018 05 19 16:19:50.928    58790.928  0.3118 31.0205 110.8205   0.00   -inf  -nan   3   4   7   3 302.95
   28   2018 05 19 17:28:43.948    62923.948  0.1951 31.1705 110.5105   0.00   -inf  -nan   5   3   8   3 239.84
   29   2018 05 19 17:50:09.298    64209.298  0.1350 30.8905 110.8005   6.00   -inf  -nan   3   3   6   3 210.84
   30   2018 05 19 18:12:36.233    65556.233  0.2156 30.9405 110.7605  10.00   -inf  -nan  10  12  22  10  89.30
   31   2018 05 19 20:32:26.279    73946.279  0.1688 31.0905 110.2705   4.00   -inf  -nan   9   6  15   5 206.57
   32   2018 05 19 22:17:57.307    80277.307  0.3142 31.2005 110.9005  10.00   -inf  -nan   3   6   9   3 247.83
   33   2018 05 19 23:01:15.592    82875.592  0.2730 30.8505 111.1605   6.00   -inf  -nan   8   3  11   3 225.53
    1   2018 05 20 00:46:14.929     2774.929  0.1815 31.1305 110.3405   4.00   -inf  -nan   3   2   5   2 295.70
    2   2018 05 20 01:47:50.297     6470.297  0.1597 30.7305 111.1305   2.00   -inf  -nan   3   3   6   3 302.22
    3   2018 05 20 02:13:23.341     8003.341  0.2273 30.9405 110.7605  12.00   -inf  -nan  15  11  26  10  77.93
    4   2018 05 20 02:14:47.156     8087.156  0.2077 30.9405 110.7805   8.00   -inf  -nan   6   8  14   6  92.21
    5   2018 05 20 02:16:11.693     8171.693  0.3821 30.9405 110.7805  12.00   -inf  -nan  12  10  22  10  92.21
    6   2018 05 20 02:17:04.798     8224.798  0.4922 30.9405 110.7405  12.00   -inf  -nan   9   9  18   7 103.40
    7   2018 05 20 02:20:41.036     8441.036  0.2084 30.9405 110.7605  10.00   -inf  -nan  13   8  21   8  77.93
    8   2018 05 20 02:21:04.592     8464.592  0.3001 30.9405 110.7505  10.00   -inf  -nan   8   5  13   5 105.99
    9   2018 05 20 02:25:38.534     8738.534  0.2312 30.9405 110.7805  10.00   -inf  -nan   6   8  14   6  92.21
   10   2018 05 20 02:32:51.052     9171.052  0.1972 30.8605 111.1305   0.00   -inf  -nan  10   5  15   5 204.21
   11   2018 05 20 02:36:17.432     9377.432  0.2747 30.9405 110.7505  10.00   -inf  -nan  10   8  18   8  92.19
   12   2018 05 20 02:36:28.822     9388.822  0.2165 30.9405 110.7505  10.00   -inf  -nan   7   5  12   4  92.19
   13   2018 05 20 02:37:30.899     9450.899  0.3853 30.9405 110.7805  12.00   -inf  -nan  16  18  34  16  62.87
   14   2018 05 20 02:38:31.014     9511.014  0.1861 30.9405 110.7805   8.00   -inf  -nan   3   2   5   2 261.55
   15   2018 05 20 02:58:00.003    10680.003  0.1942 30.9405 110.7605  10.00   -inf  -nan  10  10  20  10  89.30
   16   2018 05 20 03:37:07.972    13027.972  0.4471 30.9805 110.3605   0.00   -inf  -nan  11   8  19   6  99.05
   17   2018 05 20 03:39:12.717    13152.717  0.2468 30.9405 110.7605  10.00   -inf  -nan  10  10  20  10  89.30
   18   2018 05 20 04:15:25.811    15325.811  0.2697 30.8505 111.1305   6.00   -inf  -nan  12  10  22  10 210.25
   19   2018 05 20 04:29:43.382    16183.382  0.2458 31.1505 110.4405   6.00   -inf  -nan   4   5   9   4 226.74
   20   2018 05 20 04:40:53.587    16853.587  0.1555 30.9305 111.1705   0.00   -inf  -nan   5   3   8   3 146.89
   21   2018 05 20 05:42:09.983    20529.983  0.3076 30.9705 110.0205   8.00   -inf  -nan   6   4  10   4 311.39
   22   2018 05 20 06:11:33.790    22293.790  0.1792 30.8505 111.1305   6.00   -inf  -nan   6   4  10   4 210.75
   23   2018 05 20 06:45:55.938    24355.938  0.2035 31.1705 110.3505   0.00   -inf  -nan   3   3   6   3 287.26
   24   2018 05 20 07:46:54.759    28014.759  0.1736 30.8905 111.1605   8.00   -inf  -nan   3   2   5   2 195.54
   25   2018 05 20 08:21:35.876    30095.876  0.2658 30.8505 111.1305   4.00   -inf  -nan   7   6  13   6 210.75
   26   2018 05 20 09:27:48.916    34068.916  0.1338 30.8505 111.1305   6.00   -inf  -nan   8   4  12   4 210.75
   27   2018 05 20 11:24:45.191    41085.191  0.1595 30.8505 111.1305   8.00   -inf  -nan   3   2   5   2 232.15
   28   2018 05 20 16:01:55.771    57715.771  0.3632 30.9405 110.7505  10.00   -inf  -nan   5   5  10   5  99.52
   29   2018 05 20 21:08:14.569    76094.569  0.1284 30.8905 111.1605   8.00   -inf  -nan   5   2   7   2 195.54
   30   2018 05 20 21:23:03.172    76983.172  0.2796 31.0205 110.4805   6.00   -inf  -nan   8   7  15   6 135.90
   31   2018 05 20 21:26:35.540    77195.540  0.2608 31.1305 110.0705   0.00   -inf  -nan   5   6  11   4 297.44
   32   2018 05 20 22:57:54.218    82674.218  0.2150 30.8505 111.1305   6.00   -inf  -nan   6   7  13   6 210.75
   33   2018 05 20 23:04:34.011    83074.011  0.2142 30.8505 111.1305   4.00   -inf  -nan   5   5  10   4 210.75
   34   2018 05 20 23:16:05.486    83765.486  0.4836 31.2105 110.5105   4.00   -inf  -nan   5   3   8   3 255.87
    1   2018 05 21 00:31:04.287     1864.287  0.3500 30.9305 110.7605  10.00   -inf  -nan   4   4   8   4 105.45
    2   2018 05 21 01:03:53.080     3833.080  0.1782 31.0905 110.2705   0.00   -inf  -nan   3   2   5   2 229.47
    3   2018 05 21 01:16:00.243     4560.243  0.4366 31.0605 110.4405   4.00   -inf  -nan   6   8  14   4 113.97
    4   2018 05 21 01:55:26.011     6926.011  0.2547 30.8505 111.1305   6.00   -inf  -nan   6   4  10   4 210.75
    5   2018 05 21 02:25:19.852     8719.852  0.3063 30.8505 111.2805   8.00   -inf  -nan   5   2   7   2 297.94
    6   2018 05 21 03:38:32.332    13112.332  0.3040 30.8505 111.1205   0.00   -inf  -nan   9   4  13   4 205.95
    7   2018 05 21 03:48:10.408    13690.408  0.2465 30.8505 111.1605   8.00   -inf  -nan   9   7  16   6 225.53
    8   2018 05 21 03:48:39.553    13719.553  0.2730 30.9305 110.7605  10.00   -inf  -nan  16  14  30  14  96.54
    9   2018 05 21 03:49:02.236    13742.236  0.1667 30.9405 110.7605  10.00   -inf  -nan   4   2   6   2 144.50
   10   2018 05 21 03:51:10.309    13870.309  0.2644 30.9405 110.7605  10.00   -inf  -nan  12  14  26  12  89.30
   11   2018 05 21 04:00:04.648    14404.648  0.2195 30.9405 110.7605   8.00   -inf  -nan   5   5  10   5 105.54
   12   2018 05 21 04:02:32.968    14552.968  0.4257 30.9405 110.7405  12.00   -inf  -nan  12  12  24  11  67.18
   13   2018 05 21 04:03:25.121    14605.121  0.2446 30.9405 110.7805   8.00   -inf  -nan   7   8  15   7  92.21
   14   2018 05 21 04:20:46.060    15646.060  0.2422 30.9005 110.7805  10.00   -inf  -nan   4   2   6   2 227.21
   15   2018 05 21 06:01:19.473    21679.473  0.2175 30.9405 110.7605  10.00   -inf  -nan   7   7  14   7  89.30
   16   2018 05 21 07:54:50.783    28490.783  0.4758 31.2105 110.3505   0.00   -inf  -nan   5   4   9   1 253.60
   17   2018 05 21 08:34:12.282    30852.282  0.3685 30.9705 110.3705   8.00   -inf  -nan   9   2  11   2  88.31
   18   2018 05 21 09:10:40.248    33040.248  0.2440 30.8505 111.1605   8.00   -inf  -nan   6   3   9   3 227.22
   19   2018 05 21 10:01:17.008    36077.008  0.3038 30.8105 111.1605   4.00   -inf  -nan   8   3  11   3 245.30
   20   2018 05 21 10:21:14.834    37274.834  0.2681 30.8105 111.1605   0.00   -inf  -nan  13   7  20   7 245.30
   21   2018 05 21 11:52:59.772    42779.772  0.4496 31.1705 110.3005   2.00   -inf  -nan   5   5  10   3 261.29
   22   2018 05 21 14:19:22.644    51562.644  0.2456 30.8905 111.0005   4.00   -inf  -nan   7   2   9   2  91.53
   23   2018 05 21 17:01:17.923    61277.923  0.1792 30.9305 111.1705   0.00   -inf  -nan   5   2   7   2 146.89
   24   2018 05 21 19:44:46.902    71086.902  0.2282 30.9405 110.7805  10.00   -inf  -nan   5   6  11   4  92.21
   25   2018 05 21 23:03:22.952    83002.952  0.1667 30.8505 111.1305   6.00   -inf  -nan   9   5  14   5 210.25
   26   2018 05 21 23:16:23.773    83783.773  0.2982 30.8505 111.1605   2.00   -inf  -nan   9   7  16   6 289.68
   27   2018 05 21 23:19:40.879    83980.879  0.1043 30.8905 111.1605   8.00   -inf  -nan   5   2   7   2 195.54
    1   2018 05 22 00:23:15.301     1395.301  0.1843 30.8505 111.1305   6.00   -inf  -nan  15  10  25  10 210.25
    2   2018 05 22 03:51:35.227    13895.227  0.0822 30.8905 110.8005   8.00   -inf  -nan   3   3   6   3 210.84
    3   2018 05 22 06:07:43.447    22063.447  0.1807 30.8505 111.1305   4.00   -inf  -nan  13   4  17   4 210.25
    4   2018 05 22 07:56:23.037    28583.037  0.2556 30.8505 111.1305   4.00   -inf  -nan  11   7  18   7 210.25
    5   2018 05 22 09:16:52.964    33412.964  0.2015 30.8505 111.1605   6.00   -inf  -nan  11   5  16   5 225.53
    6   2018 05 22 09:52:58.847    35578.847  0.3384 30.8705 110.9405   2.00   -inf  -nan  12   5  17   5  86.65
    7   2018 05 22 11:28:22.266    41302.266  0.2953 31.0905 110.4305   0.00   -inf  -nan   3   5   8   3 137.98
    8   2018 05 22 13:51:29.178    49889.178  0.3445 31.0505 110.4605   0.00   -inf  -nan   6   6  12   5 147.48
    9   2018 05 22 14:47:57.367    53277.367  0.2253 30.9905 110.6005  10.00   -inf  -nan   3   2   5   2 225.94
   10   2018 05 22 22:15:26.098    80126.098  0.1632 31.1705 110.3005   0.00   -inf  -nan   5   2   7   2 261.29
   11   2018 05 22 22:57:45.300    82665.300  0.1702 30.8505 111.1305   2.00   -inf  -nan  11   2  13   2 210.25
   12   2018 05 22 23:13:08.913    83588.913  0.2058 30.8505 111.1305   6.00   -inf  -nan  12   5  17   5 210.25
    1   2018 05 23 01:21:12.119     4872.119  0.2021 30.8505 111.1305   6.00   -inf  -nan  15   7  22   7 210.25
    2   2018 05 23 04:57:11.522    17831.522  0.1671 30.9405 110.7605  10.00   -inf  -nan   8   7  15   7  89.30
    3   2018 05 23 05:05:15.326    18315.326  0.2572 30.8505 111.1305   4.00   -inf  -nan   4   4   8   4 210.75
    4   2018 05 23 05:22:34.068    19354.068  0.3010 30.9405 110.7605  10.00   -inf  -nan  18  18  36  17  64.29
    5   2018 05 23 05:35:45.230    20145.230  0.3022 30.9805 110.4005   0.00   -inf  -nan   8   3  11   3  87.50
    6   2018 05 23 05:44:51.060    20691.060  0.4027 30.9705 110.3705   2.00   -inf  -nan   8   7  15   6  88.31
    7   2018 05 23 05:50:45.790    21045.790  0.2172 30.9305 110.7605  10.00   -inf  -nan  14  14  28  13  69.03
    8   2018 05 23 06:10:37.708    22237.708  0.3719 31.0005 110.5405   0.00   -inf  -nan   9   4  13   3 116.21
    9   2018 05 23 06:46:17.360    24377.360  0.4055 31.0105 110.5505   0.00   -inf  -nan   9  10  19   7  74.06
   10   2018 05 23 06:47:17.384    24437.384  0.1788 30.8505 111.1305   8.00   -inf  -nan   3   3   6   3 232.15
   11   2018 05 23 10:24:26.946    37466.946  0.3261 30.8505 111.1605   6.00   -inf  -nan   9   6  15   6 225.53
   12   2018 05 23 22:57:43.440    82663.440  0.2763 30.8505 111.1305   4.00   -inf  -nan   8   6  14   5 210.25
   13   2018 05 23 23:22:32.084    84152.084  0.2223 30.8505 111.1305   6.00   -inf  -nan  12   4  16   4 210.25
    1   2018 05 24 00:09:56.650      596.650  0.3288 30.7905 110.7805   6.00   -inf  -nan   4   6  10   4 146.07
    2   2018 05 24 00:23:39.577     1419.577  0.4166 30.7805 110.7405  10.00   -inf  -nan   7   9  16   7 115.86
    3   2018 05 24 00:33:28.964     2008.964  0.4811 30.9305 110.7105   2.00   -inf  -nan   3   2   5   1 228.70
    4   2018 05 24 00:53:07.420     3187.420  0.2627 30.8105 110.6405   6.00   -inf  -nan   5   6  11   5 160.35
    5   2018 05 24 02:54:04.384    10444.384  0.3494 30.9405 110.8205   2.00   -inf  -nan   4   2   6   1 145.01
    6   2018 05 24 04:16:51.647    15411.647  0.1463 30.8505 111.1305   6.00   -inf  -nan   5   3   8   3 210.75
    7   2018 05 24 04:56:45.126    17805.126  0.4132 31.2105 110.3405   0.00   -inf  -nan   5   5  10   4 255.57
    8   2018 05 24 05:29:15.846    19755.846  0.2142 30.8505 111.1305   6.00   -inf  -nan   6   3   9   3 210.25
    9   2018 05 24 05:43:41.460    20621.460  0.1885 30.8505 111.1305   6.00   -inf  -nan   3   3   6   3 232.15
   10   2018 05 24 06:05:52.563    21952.563  0.2856 31.0105 110.4605   0.00   -inf  -nan  11   3  14   3  84.67
   11   2018 05 24 06:41:46.620    24106.620  0.1910 30.7705 110.7605  10.00   -inf  -nan   4   4   8   3 109.98
   12   2018 05 24 07:58:44.938    28724.938  0.4147 30.9005 110.7205   0.00   -inf  -nan   8   4  12   4  94.62
   13   2018 05 24 08:23:31.586    30211.586  0.2184 30.8505 111.1305   6.00   -inf  -nan   4   3   7   3 232.15
   14   2018 05 24 08:39:17.546    31157.546  0.1675 30.7405 111.2305   2.00   -inf  -nan   6   2   8   2 273.67
   15   2018 05 24 10:29:52.121    37792.121  0.1925 30.8505 111.1305   6.00   -inf  -nan   7   4  11   3 210.25
   16   2018 05 24 10:46:43.467    38803.467  0.2964 30.7905 110.9405   2.00   -inf  -nan  13   8  21   8 155.53
   17   2018 05 24 10:58:59.491    39539.491  0.3074 30.8905 111.0405   8.00   -inf  -nan   7   3  10   3  98.74
   18   2018 05 24 14:00:21.418    50421.418  0.3595 30.9005 110.7805  10.00   -inf  -nan   8   8  16   7 116.94
   19   2018 05 24 20:27:48.032    73668.032  0.1851 31.0905 110.1105   0.00   -inf  -nan   5   5  10   5 277.12
   20   2018 05 24 23:06:22.014    83182.014  0.2019 30.8505 111.1305   4.00   -inf  -nan  11   6  17   6 210.25
   21   2018 05 24 23:23:23.348    84203.348  0.2118 30.8505 111.1305   4.00   -inf  -nan  14   6  20   6 210.25
    1   2018 05 25 03:20:57.012    12057.012  0.1319 31.0005 110.0105  10.00   -inf  -nan   3   2   5   2 314.99
    2   2018 05 25 03:32:32.932    12752.932  0.3862 30.9705 110.3705   4.00   -inf  -nan  12   5  17   5  88.31
    3   2018 05 25 03:38:03.939    13083.939  0.4185 31.0005 110.0105   8.00   -inf  -nan   4   4   8   4 314.99
    4   2018 05 25 03:49:15.466    13755.466  0.3152 31.0905 110.0705   0.00   -inf  -nan   7   6  13   5 249.51
    5   2018 05 25 04:23:32.030    15812.030  0.3193 31.0605 110.4405  10.00   -inf  -nan   5   4   9   3 113.97
    6   2018 05 25 04:32:39.194    16359.194  0.2682 30.8605 110.7405   0.00   -inf  -nan   5   4   9   4 101.77
    7   2018 05 25 04:37:15.913    16635.913  0.2279 31.1305 110.3405   0.00   -inf  -nan   3   2   5   2 221.12
    8   2018 05 25 05:11:09.658    18669.658  0.2442 30.7805 110.3805   0.00   -inf  -nan   5   8  13   4 204.59
    9   2018 05 25 05:39:02.088    20342.088  0.2200 30.8505 111.1605   6.00   -inf  -nan   6   4  10   4 227.22
   10   2018 05 25 07:03:28.134    25408.134  0.2634 31.1305 110.0305   0.00   -inf  -nan   6   2   8   2 269.61
   11   2018 05 25 07:46:25.204    27985.204  0.2302 31.0905 110.1905   0.00   -inf  -nan   4   7  11   3 181.48
   12   2018 05 25 09:40:46.922    34846.922  0.1576 31.1805 110.2505  10.00   -inf  -nan   3   2   5   1 134.11
   13   2018 05 25 13:16:16.052    47776.052  0.2553 31.1705 110.3405   6.00   -inf  -nan   5   3   8   3 206.23
   14   2018 05 25 14:00:25.951    50425.951  0.3077 31.0505 110.4305   8.00   -inf  -nan   5   5  10   5 110.61
   15   2018 05 25 18:55:27.831    68127.831  0.3287 31.1805 110.3705  10.00   -inf  -nan   3   3   6   3 287.54
   16   2018 05 25 20:20:56.789    73256.789  0.4485 31.0505 110.3105   0.00   -inf  -nan   7   5  12   5 107.79
   17   2018 05 25 20:30:33.727    73833.727  0.3991 31.1005 110.0505   8.00   -inf  -nan  13   9  22   8 258.64
   18   2018 05 25 21:44:28.484    78268.484  0.3389 31.1305 110.2705   0.00   -inf  -nan  10  12  22   9 126.42
   19   2018 05 25 23:04:25.719    83065.719  0.1767 30.8505 111.1305   6.00   -inf  -nan  12   5  17   5 210.75
   20   2018 05 25 23:19:24.206    83964.206  0.2695 30.8905 111.1205   2.00   -inf  -nan   6   2   8   2 310.66
   21   2018 05 25 23:20:13.561    84013.561  0.2305 30.8105 111.1705   2.00   -inf  -nan   9   7  16   6 242.73
   22   2018 05 25 23:31:36.317    84696.317  0.4539 30.7805 110.7405  10.00   -inf  -nan  14  13  27  13 115.86
    1   2018 05 26 03:20:41.766    12041.766  0.3229 30.8705 110.9005   2.00   -inf  -nan  11   8  19   8  67.10
    2   2018 05 26 05:56:11.172    21371.172  0.2457 30.7705 110.7605  12.00   -inf  -nan  17   6  23   6 199.88
    3   2018 05 26 06:08:49.441    22129.441  0.3909 30.7505 110.7805  14.00   -inf  -nan  19  15  34  15 143.65
    4   2018 05 26 07:41:52.546    27712.546  0.2048 31.0005 109.9705   8.00   -inf  -nan   5   2   7   2 288.12
    5   2018 05 26 07:45:05.378    27905.378  0.1305 30.8505 111.1305   8.00   -inf  -nan   4   2   6   2 232.15
    6   2018 05 26 07:49:04.365    28144.365  0.2851 31.2005 110.5005   0.00   -inf  -nan   5   5  10   4 185.24
    7   2018 05 26 08:21:02.955    30062.955  0.4800 30.9905 110.9405  16.00   -inf  -nan   3   2   5   2 204.89
    8   2018 05 26 08:41:16.336    31276.336  0.1249 30.8605 110.7205  18.00   -inf  -nan   3   2   5   2 337.38
    9   2018 05 26 08:52:55.887    31975.887  0.4117 30.8205 111.1705   2.00   -inf  -nan   7   5  12   3 245.81
   10   2018 05 26 08:53:01.667    31981.667  0.3982 31.2905 110.3905   0.00   -inf  -nan   3   4   7   1 291.63
   11   2018 05 26 10:26:54.705    37614.705  0.1982 30.8505 110.8005   6.00   -inf  -nan   3   3   6   3 143.56
   12   2018 05 26 15:01:14.844    54074.844  0.2381 31.0605 110.4405   6.00   -inf  -nan   4   4   8   3 210.58
   13   2018 05 26 18:12:26.267    65546.267  0.2056 31.0905 110.2205   4.00   -inf  -nan   3   3   6   2 239.68
   14   2018 05 26 19:26:24.340    69984.340  0.1845 30.8905 111.2005   2.00   -inf  -nan   3   2   5   2 270.40
   15   2018 05 26 19:37:56.158    70676.158  0.1896 30.9305 111.2005   4.00   -inf  -nan   4   2   6   2 279.86
   16   2018 05 26 20:24:33.205    73473.205  0.3099 31.1805 110.3305   8.00   -inf  -nan   8   4  12   4 181.29
   17   2018 05 26 21:31:57.340    77517.340  0.2044 31.2105 110.3105   0.00   -inf  -nan   5   3   8   2 273.38
   18   2018 05 26 21:41:16.837    78076.837  0.4105 31.0605 110.4405   6.00   -inf  -nan   8   9  17   8 113.97
   19   2018 05 26 22:15:14.925    80114.925  0.3899 31.0605 110.4405   6.00   -inf  -nan  11  11  22   9 113.97
   20   2018 05 26 22:51:26.446    82286.446  0.2299 30.8505 111.1605   6.00   -inf  -nan   9   5  14   5 225.53
   21   2018 05 26 23:17:03.344    83823.344  0.4115 30.8105 111.1705  10.00   -inf  -nan   7   5  12   5 249.55
   22   2018 05 26 23:18:08.758    83888.758  0.2687 30.8605 111.1305   2.00   -inf  -nan  12   8  20   8 204.21
    1   2018 05 27 01:41:15.842     6075.842  0.2757 30.8105 111.2805   8.00   -inf  -nan   4   3   7   3 294.33
    2   2018 05 27 02:26:11.780     8771.780  0.2204 30.9305 111.3205   8.00   -inf  -nan   4   4   8   4 315.91
    3   2018 05 27 02:48:29.890    10109.890  0.3391 30.9805 110.3805   0.00   -inf  -nan   7   6  13   5  81.13
    4   2018 05 27 02:59:18.236    10758.236  0.2057 31.0005 109.9705   4.00   -inf  -nan   7   4  11   4 288.12
    5   2018 05 27 04:02:27.105    14547.105  0.3141 31.0605 110.4405   2.00   -inf  -nan   5   5  10   4 200.78
    6   2018 05 27 04:30:46.944    16246.944  0.1718 30.8905 111.1205   0.00   -inf  -nan   3   3   6   3 152.93
    7   2018 05 27 05:31:00.796    19860.796  0.2318 30.7705 110.7605  10.00   -inf  -nan   3   5   8   3 186.92
    8   2018 05 27 07:07:54.602    25674.602  0.1514 30.8505 111.1305   8.00   -inf  -nan   4   4   8   4 210.75
    9   2018 05 27 09:05:36.782    32736.782  0.1405 30.8505 111.1305   4.00   -inf  -nan   8   6  14   6 210.75
   10   2018 05 27 10:02:25.780    36145.780  0.1564 30.9405 110.7805   8.00   -inf  -nan   4   4   8   4 149.06
   11   2018 05 27 10:03:35.346    36215.346  0.1737 30.9005 110.7805   8.00   -inf  -nan   4   3   7   3 227.21
   12   2018 05 27 10:04:43.738    36283.738  0.2752 30.9305 110.7605  10.00   -inf  -nan  14  13  27  13  71.27
   13   2018 05 27 10:06:47.576    36407.576  0.3110 30.9105 110.7605  12.00   -inf  -nan  14  13  27  13 113.59
   14   2018 05 27 10:08:25.032    36505.032  0.2964 30.9405 110.7805  12.00   -inf  -nan   4   3   7   2 118.73
   15   2018 05 27 10:22:42.002    37362.002  0.1758 30.7305 110.4805  10.00   -inf  -nan   3   3   6   2 258.75
   16   2018 05 27 11:20:51.006    40851.006  0.2378 31.0005 109.9705   4.00   -inf  -nan   7   3  10   3 288.12
   17   2018 05 27 15:35:41.096    56141.096  0.2463 30.8605 110.4605   0.00   -inf  -nan   3   2   5   1 209.53
   18   2018 05 27 17:06:42.923    61602.923  0.3709 31.0305 110.4405   6.00   -inf  -nan   7   9  16   7  92.86
   19   2018 05 27 17:24:28.248    62668.248  0.2365 31.1705 110.3105  14.00   -inf  -nan   3   3   6   3 265.95
   20   2018 05 27 17:27:51.035    62871.035  0.2850 30.9405 110.7605  10.00   -inf  -nan  16  13  29  13  89.30
   21   2018 05 27 17:29:28.788    62968.788  0.4665 30.9405 110.7405  12.00   -inf  -nan  16  15  31  14  64.82
   22   2018 05 27 17:31:28.912    63088.912  0.1715 30.9005 110.7805   8.00   -inf  -nan   4   5   9   4 227.21
   23   2018 05 27 17:34:32.826    63272.826  0.1802 31.2105 110.3405   2.00   -inf  -nan   4   3   7   3 306.52
   24   2018 05 27 19:00:11.250    68411.250  0.2047 31.0205 110.3605   2.00   -inf  -nan   5   3   8   3 166.16
   25   2018 05 27 23:33:33.268    84813.268  0.4045 30.8105 111.1705   6.00   -inf  -nan  10   7  17   7 249.55
   26   2018 05 27 23:58:56.442    86336.442  0.2182 30.8505 111.1305   6.00   -inf  -nan   8   7  15   7 210.75
    1   2018 05 28 00:17:46.380     1066.380  0.1938 30.8505 111.1305   6.00   -inf  -nan   8   5  13   5 232.15
    2   2018 05 28 01:31:00.795     5460.795  0.3666 31.0005 110.0905   8.00   -inf  -nan   7   2   9   2 245.52
    3   2018 05 28 03:00:44.925    10844.925  0.2124 30.9605 110.0905  10.00   -inf  -nan   4   6  10   4 261.05
    4   2018 05 28 03:57:47.577    14267.577  0.3801 30.7705 111.1705   4.00   -inf  -nan   8   2  10   2 263.48
    5   2018 05 28 04:00:48.947    14448.947  0.2901 30.7805 111.1705   6.00   -inf  -nan   4   2   6   1 260.13
    6   2018 05 28 04:04:20.474    14660.474  0.4319 30.9605 110.3705   4.00   -inf  -nan  17   7  24   6 100.60
    7   2018 05 28 08:16:18.831    29778.831  0.3285 31.0905 110.1905   0.00   -inf  -nan   3   3   6   3 181.48
    8   2018 05 28 08:29:42.404    30582.404  0.2255 30.8505 111.1305   4.00   -inf  -nan   9   4  13   3 210.75
    9   2018 05 28 08:56:45.791    32205.791  0.1655 30.8505 111.1305   6.00   -inf  -nan  10   5  15   5 210.75
   10   2018 05 28 09:27:51.551    34071.551  0.1661 30.8505 111.1305   6.00   -inf  -nan   4   3   7   3 210.75
   11   2018 05 28 10:43:50.086    38630.086  0.1927 30.9805 109.9705   0.00   -inf  -nan   8   4  12   4 291.34
   12   2018 05 28 10:48:16.809    38896.809  0.1837 30.9705 109.9505   2.00   -inf  -nan   3   4   7   3 296.90
   13   2018 05 28 13:31:21.187    48681.187  0.3237 31.0505 110.4605   2.00   -inf  -nan   3   2   5   2 264.07
   14   2018 05 28 15:20:48.366    55248.366  0.1433 31.1705 110.3405   2.00   -inf  -nan   3   2   5   2 206.23
   15   2018 05 28 21:37:07.085    77827.085  0.1172 31.0605 110.7805  10.00   -inf  -nan   3   2   5   2 233.25
   16   2018 05 28 23:02:36.205    82956.205  0.4209 31.0505 110.4705   8.00   -inf  -nan   5   6  11   3 159.22
   17   2018 05 28 23:29:00.883    84540.883  0.1752 30.8105 111.1705   8.00   -inf  -nan   3   3   6   3 286.32
    1   2018 05 29 00:41:15.063     2475.063  0.4838 31.0005 110.0105   8.00   -inf  -nan   5   2   7   2 314.99
    2   2018 05 29 00:57:02.328     3422.328  0.3572 30.8505 110.8005   6.00   -inf  -nan   7   6  13   6 117.26
    3   2018 05 29 01:17:50.332     4670.332  0.2559 31.0105 110.1905   6.00   -inf  -nan   6   6  12   6 173.54
    4   2018 05 29 01:20:39.714     4839.714  0.2975 31.0205 110.2005   6.00   -inf  -nan   7   6  13   5 167.70
    5   2018 05 29 03:25:58.429    12358.429  0.4474 30.7005 111.1305   2.00   -inf  -nan   6   4  10   2 274.18
    6   2018 05 29 04:42:40.426    16960.426  0.4342 30.7105 110.8205   2.00   -inf  -nan   6   7  13   5 213.30
    7   2018 05 29 04:53:37.498    17617.498  0.3998 31.1105 110.8005   2.00   -inf  -nan  12   7  19   6 131.07
    8   2018 05 29 04:55:47.255    17747.255  0.2091 30.9205 110.1705  10.00   -inf  -nan   3   3   6   3 160.85
    9   2018 05 29 05:33:26.469    20006.469  0.1472 30.8505 111.1305   6.00   -inf  -nan   7   5  12   5 232.15
   10   2018 05 29 06:07:56.298    22076.298  0.2066 30.8505 111.1305   6.00   -inf  -nan   3   5   8   1 210.25
   11   2018 05 29 06:20:58.605    22858.605  0.2144 30.8505 111.1305   6.00   -inf  -nan  10   7  17   7 210.75
   12   2018 05 29 08:04:01.269    29041.269  0.3199 30.9205 110.1305  10.00   -inf  -nan   3   3   6   3 299.32
   13   2018 05 29 08:33:04.631    30784.631  0.2450 31.0505 110.6705  10.00   -inf  -nan   3   2   5   2 313.36
   14   2018 05 29 09:24:55.973    33895.973  0.4527 30.9005 110.7205   0.00   -inf  -nan  16  12  28  11  94.62
   15   2018 05 29 11:31:34.762    41494.762  0.1666 30.6605 110.9305  12.00   -inf  -nan   5   4   9   3 245.82
   16   2018 05 29 12:01:59.739    43319.739  0.1605 30.7405 110.8905  12.00   -inf  -nan   3   2   5   2 215.94
   17   2018 05 29 12:49:07.353    46147.353  0.1619 31.0105 110.1905   6.00   -inf  -nan   3   3   6   3 209.70
   18   2018 05 29 13:03:07.120    46987.120  0.2911 30.6705 110.9405   6.00   -inf  -nan   5   5  10   4 241.93
   19   2018 05 29 14:06:08.812    50768.812  0.3070 31.0105 110.5605   2.00   -inf  -nan  13  12  25  11  70.20
   20   2018 05 29 14:25:36.506    51936.506  0.1416 30.7505 110.7805   6.00   -inf  -nan   3   3   6   3 211.20
   21   2018 05 29 14:41:39.960    52899.960  0.2910 31.0605 110.2405   4.00   -inf  -nan   5   7  12   5 129.94
   22   2018 05 29 14:44:50.484    53090.484  0.2502 31.0905 110.1905   0.00   -inf  -nan   4   5   9   3 224.17
   23   2018 05 29 16:02:25.185    57745.185  0.1412 30.7005 110.8905  12.00   -inf  -nan   5   4   9   4 313.36
   24   2018 05 29 16:40:06.527    60006.527  0.2878 31.0505 110.4205  12.00   -inf  -nan  18   9  27   9  94.28
   25   2018 05 29 21:11:40.140    76300.140  0.1122 31.0505 110.1905   6.00   -inf  -nan   3   2   5   2 263.14
   26   2018 05 29 22:26:27.687    80787.687  0.3558 31.0605 110.4405   0.00   -inf  -nan  14  11  25  11 122.52
   27   2018 05 29 22:52:52.576    82372.576  0.1947 30.8505 111.1305   6.00   -inf  -nan  12   6  18   6 210.25
   28   2018 05 29 23:22:05.066    84125.066  0.2463 30.8505 111.1305   6.00   -inf  -nan  13   6  19   6 210.25
   29   2018 05 29 23:22:53.053    84173.053  0.2529 30.8505 111.1305   6.00   -inf  -nan  13   6  19   5 210.25
    1   2018 05 30 02:10:12.340     7812.340  0.1441 30.8505 111.1305   6.00   -inf  -nan   6   4  10   4 210.75
    2   2018 05 30 02:36:14.040     9374.040  0.1827 30.8505 111.1305   4.00   -inf  -nan   7   4  11   4 210.75
    3   2018 05 30 06:50:36.133    24636.133  0.1834 30.8505 111.1305   6.00   -inf  -nan   4   4   8   3 210.75
    4   2018 05 30 07:22:45.949    26565.949  0.1525 30.9005 110.7805   8.00   -inf  -nan   3   3   6   3 293.44
    5   2018 05 30 07:46:12.304    27972.304  0.2142 30.7805 110.3805   0.00   -inf  -nan   3   4   7   2 204.59
    6   2018 05 30 08:15:47.995    29747.995  0.2548 30.8505 111.1305   4.00   -inf  -nan  12  10  22  10 210.25
    7   2018 05 30 10:19:07.091    37147.091  0.3179 31.0605 110.4005   8.00   -inf  -nan   3   2   5   1 206.49
    8   2018 05 30 10:54:24.346    39264.346  0.2269 30.8505 111.1305   6.00   -inf  -nan   3   2   5   2 232.15
    9   2018 05 30 11:13:24.290    40404.290  0.1253 31.0105 110.1905   6.00   -inf  -nan   3   3   6   3 209.70
   10   2018 05 30 12:08:01.438    43681.438  0.3079 31.0905 110.0705   4.00   -inf  -nan  10   3  13   3 249.51
   11   2018 05 30 14:33:31.131    52411.131  0.4074 30.6605 110.9705   8.00   -inf  -nan   4   5   9   4 255.29
   12   2018 05 30 16:25:58.793    59158.793  0.2498 31.1305 110.5105  10.00   -inf  -nan   4   2   6   2 153.79
   13   2018 05 30 16:38:27.912    59907.912  0.2881 30.7005 110.9305  10.00   -inf  -nan   8  12  20   8 227.80
   14   2018 05 30 17:20:11.799    62411.799  0.2089 30.8905 110.5305  10.00   -inf  -nan   4   5   9   4 194.59
   15   2018 05 30 17:22:52.137    62572.137  0.2530 30.9005 110.5205   8.00   -inf  -nan  10  11  21   9 167.54
   16   2018 05 30 20:41:38.959    74498.959  0.1295 30.6705 110.9405   8.00   -inf  -nan   3   2   5   2 287.53
   17   2018 05 30 23:13:41.618    83621.618  0.2247 31.0405 110.8205   0.00   -inf  -nan   4   3   7   2 147.75
   18   2018 05 30 23:15:36.593    83736.593  0.2154 30.8505 111.1305   6.00   -inf  -nan  16   7  23   7 210.25
   19   2018 05 30 23:16:34.426    83794.426  0.2873 30.8505 111.1305   4.00   -inf  -nan  10   7  17   7 210.75
   20   2018 05 30 23:36:16.785    84976.785  0.2436 30.8505 111.1305   4.00   -inf  -nan  11   6  17   5 210.75
   21   2018 05 30 23:37:13.334    85033.334  0.1969 30.8505 111.1605   6.00   -inf  -nan  12   6  18   6 227.22
    1   2018 05 31 02:40:07.861     9607.861  0.2929 30.9405 110.7505  12.00   -inf  -nan   6   7  13   5  92.19
    2   2018 05 31 03:44:00.329    13440.329  0.1745 30.9305 111.3605   6.00   -inf  -nan   6   4  10   4 320.89
    3   2018 05 31 03:51:18.414    13878.414  0.3753 30.9005 110.6405   6.00   -inf  -nan   7   2   9   2  68.91
    4   2018 05 31 04:46:24.622    17184.622  0.2985 30.8705 110.9405   0.00   -inf  -nan  10   3  13   2  86.65
    5   2018 05 31 05:46:13.055    20773.055  0.2721 30.8505 111.1605  10.00   -inf  -nan   9   5  14   4 225.53
    6   2018 05 31 06:00:26.582    21626.582  0.1766 31.0805 110.1705   2.00   -inf  -nan   6   7  13   6 193.55
    7   2018 05 31 06:24:14.914    23054.914  0.3957 30.9405 109.9705  12.00   -inf  -nan   8   4  12   4 299.62
    8   2018 05 31 06:32:30.791    23550.791  0.1753 30.8505 111.1305   4.00   -inf  -nan   9   5  14   5 210.75
    9   2018 05 31 06:37:37.826    23857.826  0.2292 30.7105 110.9005   6.00   -inf  -nan   4   3   7   3 249.61
   10   2018 05 31 07:06:44.699    25604.699  0.1243 30.8505 111.1305   6.00   -inf  -nan   5   5  10   4 210.75
   11   2018 05 31 08:17:49.066    29869.066  0.2341 30.9805 110.0105   8.00   -inf  -nan   9   5  14   4 281.89
   12   2018 05 31 10:58:06.407    39486.407  0.2417 30.8105 111.1705   6.00   -inf  -nan  10   6  16   6 249.55
   13   2018 05 31 13:59:38.734    50378.734  0.1783 31.0905 110.4205   6.00   -inf  -nan   3   2   5   2 247.30
   14   2018 05 31 17:41:18.678    63678.678  0.3742 31.0205 110.4605   2.00   -inf  -nan   9   9  18   9  90.43
   15   2018 05 31 19:02:39.972    68559.972  0.3055 31.2105 110.3005   0.00   -inf  -nan   5   2   7   2 280.79
   16   2018 05 31 23:04:18.821    83058.821  0.2730 30.8505 111.1305   4.00   -inf  -nan  14   9  23   9 210.25
   17   2018 05 31 23:30:52.531    84652.531  0.1953 30.8505 111.1305   6.00   -inf  -nan  10   7  17   7 210.25
    1   2018 06 01 00:14:26.014      866.014  0.3728 30.8205 110.6405   6.00   -inf  -nan   5   6  11   5 154.85
    2   2018 06 01 00:33:25.798     2005.798  0.1691 30.8505 111.1305   6.00   -inf  -nan   5   3   8   3 210.75
    3   2018 06 01 01:25:47.822     5147.822  0.1915 30.6605 110.9705   0.00   -inf  -nan   4   3   7   2 293.51
    4   2018 06 01 06:18:34.782    22714.782  0.3001 30.8605 110.9305   0.00   -inf  -nan  10   6  16   6  85.90
    5   2018 06 01 06:59:21.021    25161.021  0.2633 30.7705 111.0905   0.00   -inf  -nan  11   9  20   8 258.92
    6   2018 06 01 07:21:36.890    26496.890  0.4847 30.9005 110.8605  12.00   -inf  -nan   7   6  13   5  81.48
    7   2018 06 01 07:35:54.763    27354.763  0.2360 30.9305 111.2005   4.00   -inf  -nan   3   3   6   3 279.86
    8   2018 06 01 08:01:26.611    28886.611  0.2574 30.8505 111.1305   6.00   -inf  -nan  10   7  17   6 210.75
    9   2018 06 01 09:37:13.647    34633.647  0.3379 31.2205 110.0905   4.00   -inf  -nan   6   5  11   4 283.12
   10   2018 06 01 10:25:43.806    37543.806  0.1801 31.2205 110.0505   4.00   -inf  -nan   5   3   8   2 289.11
   11   2018 06 01 10:27:52.750    37672.750  0.2884 30.8605 111.1405   6.00   -inf  -nan  10   8  18   8 209.60
   12   2018 06 01 10:52:49.162    39169.162  0.1420 31.0205 110.3605   4.00   -inf  -nan   3   5   8   3 166.16
   13   2018 06 01 11:08:09.125    40089.125  0.2174 31.1705 110.3405  12.00   -inf  -nan   3   2   5   2 206.23
   14   2018 06 01 13:56:10.270    50170.270  0.2515 30.8305 110.8205   4.00   -inf  -nan   6   7  13   6  91.82
   15   2018 06 01 14:07:17.431    50837.431  0.2403 31.1105 110.4405   8.00   -inf  -nan   3   2   5   2 200.78
   16   2018 06 01 15:17:32.023    55052.023  0.2695 31.0905 110.3405   4.00   -inf  -nan   7   6  13   5 153.81
   17   2018 06 01 16:27:40.764    59260.764  0.3041 31.0205 110.3605   4.00   -inf  -nan   7   6  13   6  84.04
   18   2018 06 01 17:43:09.053    63789.053  0.2701 31.1805 110.5205   0.00   -inf  -nan   6   3   9   3 242.15
   19   2018 06 01 18:39:16.755    67156.755  0.2697 30.9405 110.7605  10.00   -inf  -nan  10  11  21  10  77.93
   20   2018 06 01 19:25:55.646    69955.646  0.2743 30.9405 110.2505   6.00   -inf  -nan  12  10  22   9 134.78
   21   2018 06 01 19:54:47.153    71687.153  0.2788 31.1705 110.5105   0.00   -inf  -nan   5   3   8   2 209.27
   22   2018 06 01 21:33:24.834    77604.834  0.1934 30.7005 110.9305  10.00   -inf  -nan   4   5   9   4 230.56
   23   2018 06 01 23:20:40.016    84040.016  0.3016 30.8505 111.1705   4.00   -inf  -nan  10   7  17   6 291.45
    1   2018 06 02 00:52:02.042     3122.042  0.1360 30.6705 110.9405  10.00   -inf  -nan   3   2   5   2 287.53
    2   2018 06 02 01:43:06.349     6186.349  0.2112 31.0305 110.5605   0.00   -inf  -nan   4   4   8   3 117.50
    3   2018 06 02 02:02:57.648     7377.648  0.3008 30.8105 111.1705   4.00   -inf  -nan   8   7  15   6 242.73
    4   2018 06 02 02:43:00.852     9780.852  0.3123 30.9805 110.3605   0.00   -inf  -nan   8   3  11   3 151.03
    5   2018 06 02 03:10:38.451    11438.451  0.1280 30.8505 111.1305   6.00   -inf  -nan   4   3   7   3 232.15
    6   2018 06 02 03:13:28.566    11608.566  0.2820 30.7005 110.9305   6.00   -inf  -nan   4   2   6   1 255.67
    7   2018 06 02 04:41:20.200    16880.200  0.3452 30.7905 110.9405   4.00   -inf  -nan   9   5  14   5 155.53
    8   2018 06 02 06:38:44.851    23924.851  0.1835 31.0005 109.9705   6.00   -inf  -nan   6   2   8   2 322.44
    9   2018 06 02 07:16:56.282    26216.282  0.3508 30.8205 110.4605   0.00   -inf  -nan   8   8  16   6 176.92
   10   2018 06 02 07:51:49.828    28309.828  0.3198 31.1305 110.5105   0.00   -inf  -nan   4   2   6   2 291.54
   11   2018 06 02 08:50:28.626    31828.626  0.2438 30.8505 111.1305   4.00   -inf  -nan   9   4  13   4 210.75
   12   2018 06 02 08:53:55.567    32035.567  0.3144 30.7005 110.9305  10.00   -inf  -nan   4   6  10   3 230.56
   13   2018 06 02 09:06:33.370    32793.370  0.2663 31.0005 109.9705  10.00   -inf  -nan   8   7  15   6 288.12
   14   2018 06 02 09:10:21.838    33021.838  0.1930 30.8505 111.1305   6.00   -inf  -nan   9   3  12   3 210.25
   15   2018 06 02 09:11:59.974    33119.974  0.0997 30.7005 110.9305  12.00   -inf  -nan   3   3   6   3 230.56
   16   2018 06 02 09:26:19.088    33979.088  0.2932 31.0105 109.9905  12.00   -inf  -nan   3   3   6   3 318.84
   17   2018 06 02 09:33:24.801    34404.801  0.3055 31.0005 110.0105   6.00   -inf  -nan   7   4  11   4 277.68
   18   2018 06 02 09:39:53.628    34793.628  0.1477 30.8505 111.1305   6.00   -inf  -nan   7   4  11   4 210.25
   19   2018 06 02 09:59:00.431    35940.431  0.3433 30.7005 110.9505  12.00   -inf  -nan  18  14  32  14 229.70
   20   2018 06 02 11:32:03.321    41523.321  0.2320 30.7005 110.9305  10.00   -inf  -nan   6   5  11   4 227.80
   21   2018 06 02 11:43:55.389    42235.389  0.3313 31.1205 110.0505   6.00   -inf  -nan  10   7  17   7 261.22
   22   2018 06 02 13:48:41.811    49721.811  0.1584 31.0505 110.3105   8.00   -inf  -nan   3   2   5   2 157.96
   23   2018 06 02 14:32:10.832    52330.832  0.2814 30.9605 110.2505   0.00   -inf  -nan   3   3   6   3 125.70
   24   2018 06 02 15:07:31.537    54451.537  0.2659 31.1305 110.4205  12.00   -inf  -nan   3   2   5   1 169.30
   25   2018 06 02 15:10:10.045    54610.045  0.2411 30.8305 110.6405   8.00   -inf  -nan   5   7  12   5 145.77
   26   2018 06 02 16:21:56.960    58916.960  0.3973 30.6605 110.9705  10.00   -inf  -nan   5   5  10   5 300.12
   27   2018 06 02 19:35:27.482    70527.482  0.3157 31.1705 110.3405   6.00   -inf  -nan   7   3  10   3 206.23
   28   2018 06 02 19:37:25.049    70645.049  0.2248 30.7005 110.9305   8.00   -inf  -nan   5   6  11   5 230.56
   29   2018 06 02 20:56:41.357    75401.357  0.1795 30.7005 110.9305  10.00   -inf  -nan   5   3   8   3 230.56
   30   2018 06 02 21:37:02.480    77822.480  0.4682 30.8105 110.8505  16.00   -inf  -nan   3   4   7   3 172.20
   31   2018 06 02 23:00:59.802    82859.802  0.2720 30.6605 110.9505   8.00   -inf  -nan   7   6  13   5 252.69
   32   2018 06 02 23:48:39.511    85719.511  0.1043 30.8505 111.1305   6.00   -inf  -nan   3   3   6   3 232.15
    1   2018 06 03 01:21:26.445     4886.445  0.1937 30.8505 111.1305   4.00   -inf  -nan   8   4  12   4 210.25
    2   2018 06 03 01:58:25.805     7105.805  0.4086 30.7305 111.1305   2.00   -inf  -nan   6   8  14   4 269.15
    3   2018 06 03 03:14:52.765    11692.765  0.3425 30.8505 111.1305   2.00   -inf  -nan  15  10  25   9 210.25
    4   2018 06 03 03:29:24.174    12564.174  0.2869 31.1305 110.6305   0.00   -inf  -nan   5   4   9   4 216.42
    5   2018 06 03 03:54:39.396    14079.396  0.3407 31.1705 110.3805   0.00   -inf  -nan  12   6  18   6 174.23
    6   2018 06 03 04:25:10.605    15910.605  0.2686 30.7005 110.9305   8.00   -inf  -nan   6   8  14   6 227.80
    7   2018 06 03 05:03:30.817    18210.817  0.2550 30.7005 110.9305   8.00   -inf  -nan  10  11  21  10 227.80
    8   2018 06 03 06:37:39.631    23859.631  0.2772 31.0605 110.4405   6.00   -inf  -nan   3   3   6   3 256.49
    9   2018 06 03 06:49:38.951    24578.951  0.1863 30.8505 111.1305   6.00   -inf  -nan   7   6  13   5 210.25
   10   2018 06 03 06:50:33.198    24633.198  0.4341 31.0505 110.0705   6.00   -inf  -nan  11  13  24  10 248.61
   11   2018 06 03 07:17:09.196    26229.196  0.1609 30.8505 111.1305   6.00   -inf  -nan   8   6  14   6 210.25
   12   2018 06 03 07:17:41.657    26261.657  0.2678 31.3005 110.1705   0.00   -inf  -nan   3   2   5   2 328.13
   13   2018 06 03 07:51:53.601    28313.601  0.2727 30.8705 110.9405   4.00   -inf  -nan   9   4  13   4  86.65
   14   2018 06 03 07:58:19.629    28699.629  0.3327 31.0505 110.4505   8.00   -inf  -nan  19  18  37  18 106.33
   15   2018 06 03 09:12:55.670    33175.670  0.2341 31.1705 110.3405   0.00   -inf  -nan   3   2   5   2 252.38
   16   2018 06 03 09:21:23.043    33683.043  0.3202 30.9805 110.7805   0.00   -inf  -nan  13   8  21   6  61.61
   17   2018 06 03 09:29:23.181    34163.181  0.3849 30.7505 110.9005   8.00   -inf  -nan   5   6  11   5 194.94
   18   2018 06 03 10:00:10.805    36010.805  0.2292 30.8505 111.1305   4.00   -inf  -nan  11   9  20   8 210.25
   19   2018 06 03 10:21:55.586    37315.586  0.3564 30.7805 110.9305   4.00   -inf  -nan   7   7  14   7 192.08
   20   2018 06 03 17:24:33.152    62673.152  0.1699 30.9005 110.5405   8.00   -inf  -nan   4   4   8   4 239.74
   21   2018 06 03 17:30:35.907    63035.907  0.2433 31.1705 110.3405   8.00   -inf  -nan   4   3   7   3 206.23
   22   2018 06 03 18:59:29.282    68369.282  0.1639 30.6605 110.9305   4.00   -inf  -nan   4   3   7   3 286.89
   23   2018 06 03 19:52:55.850    71575.850  0.2717 31.0505 110.2705   0.00   -inf  -nan   3   3   6   2 174.05
   24   2018 06 03 20:41:05.488    74465.488  0.3289 31.1805 110.3305   0.00   -inf  -nan   6   3   9   3 209.03
   25   2018 06 03 20:55:09.990    75309.990  0.3410 31.1705 110.3105   2.00   -inf  -nan   7   6  13   5 168.79
   26   2018 06 03 21:15:19.530    76519.530  0.2495 31.1705 110.5105   0.00   -inf  -nan   5   2   7   2 171.89
   27   2018 06 03 23:00:01.050    82801.050  0.4799 31.0605 110.4405   4.00   -inf  -nan  11  12  23  10 108.13
   28   2018 06 03 23:01:04.050    82864.050  0.1284 30.8505 111.1305   6.00   -inf  -nan  10   7  17   7 283.92
    1   2018 06 04 00:37:26.029     2246.029  0.3164 30.7505 110.8205  18.00   -inf  -nan  18  16  34  15 167.07
    2   2018 06 04 00:46:55.430     2815.430  0.1709 30.7505 110.8205  18.00   -inf  -nan   5   5  10   4 167.07
    3   2018 06 04 00:51:08.520     3068.520  0.2794 30.7505 110.8205  16.00   -inf  -nan  15  14  29  14 167.07
    4   2018 06 04 01:26:13.696     5173.696  0.2307 30.8505 111.1705   4.00   -inf  -nan  11   6  17   5 291.45
    5   2018 06 04 01:27:40.565     5260.565  0.2145 30.8505 111.1305   4.00   -inf  -nan   8   7  15   5 283.92
    6   2018 06 04 02:36:47.607     9407.607  0.1712 30.7805 110.6405   4.00   -inf  -nan   3   3   6   2 287.27
    7   2018 06 04 02:39:51.209     9591.209  0.3372 30.7505 110.8205  18.00   -inf  -nan  17   8  25   8 167.07
    8   2018 06 04 04:24:09.911    15849.911  0.2297 30.8505 111.1305   6.00   -inf  -nan   3   3   6   3 232.15
    9   2018 06 04 04:50:43.519    17443.519  0.3537 31.0605 110.4405   6.00   -inf  -nan  10  10  20   9 127.05
   10   2018 06 04 05:43:43.731    20623.731  0.1366 30.8505 111.1305   6.00   -inf  -nan   5   4   9   4 210.75
   11   2018 06 04 06:31:39.041    23499.041  0.3025 31.0205 110.4405   0.00   -inf  -nan   8   4  12   2 145.37
   12   2018 06 04 07:18:04.130    26284.130  0.2998 31.1605 110.8205   8.00   -inf  -nan  10   3  13   3 216.12
   13   2018 06 04 07:55:54.644    28554.644  0.3866 30.9005 110.7205   0.00   -inf  -nan  12   9  21   7  94.62
   14   2018 06 04 08:00:44.791    28844.791  0.3837 30.9805 110.3805   4.00   -inf  -nan   9   4  13   4  84.88
   15   2018 06 04 08:39:32.497    31172.497  0.3750 30.8605 110.4605   0.00   -inf  -nan  14   4  18   4 161.27
   16   2018 06 04 09:09:21.200    32961.200  0.1731 30.8505 111.1305   6.00   -inf  -nan  11   5  16   5 210.25
   17   2018 06 04 09:50:01.153    35401.153  0.4756 31.0205 110.4405   2.00   -inf  -nan   4   6  10   4  97.11
   18   2018 06 04 13:06:08.913    47168.913  0.2238 31.1805 110.2505  10.00   -inf  -nan   3   3   6   3 155.81
   19   2018 06 04 13:32:23.577    48743.577  0.1245 30.8905 111.0905   0.00   -inf  -nan   3   2   5   2 157.71
   20   2018 06 04 13:36:23.973    48983.973  0.3331 31.0305 110.4405   4.00   -inf  -nan  11  11  22   7 112.54
   21   2018 06 04 14:45:18.708    53118.708  0.3017 30.7005 110.9305   8.00   -inf  -nan   9  11  20   9 230.56
   22   2018 06 04 16:03:38.060    57818.060  0.3954 31.0605 110.3605   0.00   -inf  -nan   4   5   9   2 148.03
   23   2018 06 04 16:26:16.518    59176.518  0.1491 31.1405 110.3305  10.00   -inf  -nan   3   2   5   2 156.38
   24   2018 06 04 18:56:14.691    68174.691  0.3401 31.0305 110.5205   6.00   -inf  -nan   5   4   9   4 140.98
   25   2018 06 04 20:20:45.234    73245.234  0.3465 31.1705 110.3105   0.00   -inf  -nan   7   2   9   1 168.79
   26   2018 06 04 22:47:09.651    82029.651  0.4032 30.7105 110.9005   0.00   -inf  -nan   3   3   6   3 249.61
   27   2018 06 04 22:56:20.902    82580.902  0.0951 30.8505 111.1305   6.00   -inf  -nan   7   4  11   4 283.92
    1   2018 06 05 00:10:44.931      644.931  0.2404 30.8505 111.1305   6.00   -inf  -nan   9   4  13   3 210.25
    2   2018 06 05 00:11:56.437      716.437  0.1479 30.8505 111.1305   6.00   -inf  -nan   6   4  10   3 283.92
    3   2018 06 05 01:12:48.678     4368.678  0.3064 30.9605 110.0105  10.00   -inf  -nan   4   2   6   2 333.59
    4   2018 06 05 03:05:14.645    11114.645  0.3583 31.2605 110.3405   6.00   -inf  -nan   7   5  12   3 266.82
    5   2018 06 05 04:15:54.982    15354.982  0.2531 30.9105 110.6405   0.00   -inf  -nan   6   3   9   3  83.78
    6   2018 06 05 05:06:50.129    18410.129  0.3968 30.8705 110.9405   2.00   -inf  -nan   8   8  16   7  86.65
    7   2018 06 05 06:11:55.040    22315.040  0.4330 30.8505 111.1605  12.00   -inf  -nan   8   6  14   4 227.22
    8   2018 06 05 08:00:39.404    28839.404  0.3420 31.2205 110.3205   0.00   -inf  -nan   8   4  12   3 262.16
    9   2018 06 05 08:06:30.670    29190.670  0.2660 30.8505 111.1305   4.00   -inf  -nan  12   8  20   8 210.25
   10   2018 06 05 09:12:09.839    33129.839  0.2781 30.7005 110.9305   8.00   -inf  -nan   4   5   9   4 230.56
   11   2018 06 05 09:23:41.713    33821.713  0.1922 30.7005 110.9305   8.00   -inf  -nan   3   4   7   3 230.56
   12   2018 06 05 09:34:30.477    34470.477  0.1096 30.9305 110.7605  10.00   -inf  -nan   5   6  11   5 120.80
   13   2018 06 05 09:58:19.344    35899.344  0.2801 30.9005 110.7605  14.00   -inf  -nan   4   4   8   3 123.70
   14   2018 06 05 10:03:04.594    36184.594  0.2626 30.9105 110.7605  10.00   -inf  -nan  10   9  19   9 113.59
   15   2018 06 05 10:34:16.514    38056.514  0.2014 30.9005 110.7805   8.00   -inf  -nan   4   3   7   3 227.21
   16   2018 06 05 10:46:32.795    38792.795  0.1466 30.9405 110.7605  10.00   -inf  -nan   6   5  11   5  89.30
   17   2018 06 05 11:01:45.916    39705.916  0.4427 30.9405 110.7405  16.00   -inf  -nan   5   5  10   5 188.38
   18   2018 06 05 11:14:09.847    40449.847  0.1937 30.7005 110.9305  10.00   -inf  -nan   8   8  16   8 227.80
   19   2018 06 05 16:47:12.922    60432.922  0.3223 30.9305 110.7605   6.00   -inf  -nan  10  10  20  10  96.54
   20   2018 06 05 16:48:24.684    60504.684  0.2814 30.9405 110.7505  10.00   -inf  -nan  14  13  27  12  68.13
   21   2018 06 05 16:54:48.817    60888.817  0.3219 30.9305 110.7605  10.00   -inf  -nan  12  12  24  10  78.63
   22   2018 06 05 16:56:02.105    60962.105  0.1282 30.9005 110.7805   8.00   -inf  -nan   3   3   6   3 293.44
   23   2018 06 05 17:00:05.410    61205.410  0.1715 30.9005 110.7805  10.00   -inf  -nan   6   2   8   2 227.21
   24   2018 06 05 17:00:27.713    61227.713  0.2245 30.9405 110.7605  10.00   -inf  -nan   9  10  19   7  89.30
   25   2018 06 05 17:08:10.473    61690.473  0.2571 30.8905 111.1605   8.00   -inf  -nan   6   4  10   4 195.54
   26   2018 06 05 17:25:46.194    62746.194  0.3491 30.9405 110.7605   8.00   -inf  -nan  17  15  32  14  64.29
   27   2018 06 05 18:26:58.699    66418.699  0.2315 30.9305 110.7605  10.00   -inf  -nan   7  10  17   6  96.54
   28   2018 06 05 18:27:04.603    66424.603  0.2666 30.9305 110.7305   8.00   -inf  -nan   3   2   5   2 239.23
   29   2018 06 05 18:29:09.144    66549.144  0.3175 30.9405 110.7605   8.00   -inf  -nan  14  14  28  13  89.30
   30   2018 06 05 19:21:41.585    69701.585  0.2919 30.8305 110.8205   6.00   -inf  -nan  12  12  24  10  91.82
   31   2018 06 05 23:00:05.008    82805.008  0.2028 30.8505 111.1305   4.00   -inf  -nan  10   7  17   6 210.75
   32   2018 06 05 23:01:09.224    82869.224  0.1894 30.8505 111.1305   4.00   -inf  -nan  11  10  21  10 210.25
   33   2018 06 05 23:17:56.256    83876.256  0.2165 30.8505 111.1305   4.00   -inf  -nan  12   8  20   8 210.25
   34   2018 06 05 23:19:16.356    83956.356  0.2496 30.9305 111.0105   4.00   -inf  -nan   3   3   6   1 160.21
    1   2018 06 06 00:10:15.804      615.804  0.2160 31.1705 110.3005   0.00   -inf  -nan   4   2   6   2 178.20
    2   2018 06 06 01:28:33.458     5313.458  0.3341 30.7705 111.0905   0.00   -inf  -nan   7   4  11   3 243.22
    3   2018 06 06 02:23:41.788     8621.788  0.2491 30.8505 110.6805  10.00   -inf  -nan   3   3   6   2 125.52
    4   2018 06 06 02:55:54.203    10554.203  0.3010 30.9405 110.7805  12.00   -inf  -nan   3   4   7   2 118.73
    5   2018 06 06 03:06:50.747    11210.747  0.2886 30.8105 111.1705   4.00   -inf  -nan   6   4  10   3 268.90
    6   2018 06 06 03:13:56.919    11636.919  0.3268 31.1305 110.3805   0.00   -inf  -nan   9  10  19   5 143.83
    7   2018 06 06 03:29:13.305    12553.305  0.2849 30.8305 111.1405   2.00   -inf  -nan  10  10  20   9 223.39
    8   2018 06 06 04:04:21.184    14661.184  0.4022 30.9705 110.3705   8.00   -inf  -nan   9   7  16   5  88.31
    9   2018 06 06 04:58:27.347    17907.347  0.1915 30.7705 111.2105  10.00   -inf  -nan   4   5   9   2 264.66
   10   2018 06 06 05:32:24.336    19944.336  0.1975 30.8505 111.1305   6.00   -inf  -nan   4   3   7   3 210.75
   11   2018 06 06 05:36:23.202    20183.202  0.2844 31.0505 110.4605   4.00   -inf  -nan  18  11  29  10 109.45
   12   2018 06 06 07:16:37.914    26197.914  0.1960 31.2205 110.0505   4.00   -inf  -nan   6   3   9   3 289.11
   13   2018 06 06 07:40:36.174    27636.174  0.1473 30.9005 110.7805   8.00   -inf  -nan   3   3   6   3 293.44
   14   2018 06 06 07:53:13.208    28393.208  0.2893 30.7405 110.8905   2.00   -inf  -nan   9   8  17   8 199.16
   15   2018 06 06 08:42:51.494    31371.494  0.2160 31.0505 110.4705   0.00   -inf  -nan   3   2   5   1 208.71
   16   2018 06 06 10:50:11.515    39011.515  0.2357 30.8505 111.1305   4.00   -inf  -nan   9   6  15   6 210.75
   17   2018 06 06 11:06:29.571    39989.571  0.2362 30.7005 110.9305  10.00   -inf  -nan   8   7  15   6 227.80
   18   2018 06 06 13:08:12.052    47292.052  0.2332 31.0905 110.3105   8.00   -inf  -nan   3   3   6   3 176.89
   19   2018 06 06 14:46:42.210    53202.210  0.3244 31.2105 110.3805   2.00   -inf  -nan   3   2   5   2 266.63
   20   2018 06 06 18:18:36.754    65916.754  0.2633 30.8605 110.4605  10.00   -inf  -nan   3   4   7   3 258.75
   21   2018 06 06 19:53:09.195    71589.195  0.1587 30.7005 110.9305  10.00   -inf  -nan   4   4   8   4 255.67
   22   2018 06 06 20:01:58.977    72118.977  0.3697 31.0905 110.2705   6.00   -inf  -nan   3   4   7   3 206.57
   23   2018 06 06 23:07:21.304    83241.304  0.2726 30.8505 111.1305   4.00   -inf  -nan  11  10  21   9 210.25
   24   2018 06 06 23:15:58.783    83758.783  0.2079 30.8505 111.1305   6.00   -inf  -nan   3   3   6   3 232.15
   25   2018 06 06 23:17:10.423    83830.423  0.2274 30.8505 111.1305   6.00   -inf  -nan   3   3   6   3 232.15
    1   2018 06 07 02:27:53.258     8873.258  0.1685 30.9405 110.7605  10.00   -inf  -nan   8   9  17   8  89.30
    2   2018 06 07 05:23:52.837    19432.837  0.1514 30.8005 110.1705  10.00   -inf  -nan   3   2   5   2 291.44
    3   2018 06 07 06:42:34.689    24154.689  0.1972 30.7505 110.8205  20.00   -inf  -nan  13  12  25  12 167.07
    4   2018 06 07 07:03:03.987    25383.987  0.3606 30.9005 110.7205   0.00   -inf  -nan   8   6  14   6  94.62
    5   2018 06 07 07:10:59.494    25859.494  0.1858 30.8505 111.1305   6.00   -inf  -nan  11   7  18   7 210.75
    6   2018 06 07 08:13:00.814    29580.814  0.4270 31.1405 110.3705   0.00   -inf  -nan   7   7  14   3 147.03
    7   2018 06 07 08:16:13.266    29773.266  0.2086 31.1805 110.1305  16.00   -inf  -nan   3   2   5   1 247.42
    8   2018 06 07 09:06:00.187    32760.187  0.2485 30.9705 111.2805   0.00   -inf  -nan   6   6  12   6 306.32
    9   2018 06 07 09:43:06.811    34986.811  0.3051 30.8105 110.9305   8.00   -inf  -nan   9   5  14   5 164.50
   10   2018 06 07 10:51:18.980    39078.980  0.1383 31.1505 110.6005  10.00   -inf  -nan   3   3   6   3 266.37
   11   2018 06 07 10:52:49.236    39169.236  0.2651 30.9005 110.6805   4.00   -inf  -nan   8   4  12   4 104.25
   12   2018 06 07 12:59:31.397    46771.397  0.1560 31.0505 110.2305   4.00   -inf  -nan   3   4   7   3 241.12
   13   2018 06 07 18:16:25.438    65785.438  0.3871 31.0805 110.2105   2.00   -inf  -nan   5   7  12   5 167.57
   14   2018 06 07 18:35:10.228    66910.228  0.1437 31.1805 110.3305   8.00   -inf  -nan   3   3   6   3 277.06
   15   2018 06 07 19:15:18.889    69318.889  0.3930 31.1405 110.2905   0.00   -inf  -nan   5   6  11   4 138.84
   16   2018 06 07 20:56:49.477    75409.477  0.1914 30.7005 110.9305  10.00   -inf  -nan   6   6  12   4 227.80
   17   2018 06 07 23:06:50.713    83210.713  0.3006 30.8505 111.1305   4.00   -inf  -nan  14   4  18   4 210.25
   18   2018 06 07 23:07:19.909    83239.909  0.0785 30.8505 111.1305   6.00   -inf  -nan   7   2   9   2 210.75
    1   2018 06 08 01:23:13.763     4993.763  0.2635 30.9105 110.5605   0.00   -inf  -nan   3   2   5   1 195.98
    2   2018 06 08 01:57:04.597     7024.597  0.1128 30.8905 111.3605  10.00   -inf  -nan   5   2   7   2 334.19
    3   2018 06 08 02:02:26.113     7346.113  0.4143 31.0005 110.1305   6.00   -inf  -nan   6   2   8   1 261.89
    4   2018 06 08 02:14:51.286     8091.286  0.1728 30.8505 111.1305   6.00   -inf  -nan   5   4   9   4 210.75
    5   2018 06 08 02:16:16.766     8176.766  0.2395 30.8505 111.1305   4.00   -inf  -nan   4   4   8   4 210.75
    6   2018 06 08 02:51:34.578    10294.578  0.2733 31.0005 110.0505   2.00   -inf  -nan   5   2   7   1 264.01
    7   2018 06 08 03:13:39.836    11619.836  0.1961 30.7405 110.8905   8.00   -inf  -nan   4   6  10   3 248.75
    8   2018 06 08 03:31:10.955    12670.955  0.2462 30.8905 111.4005   8.00   -inf  -nan   4   4   8   3 327.85
    9   2018 06 08 04:57:04.117    17824.117  0.2475 30.8705 110.9005   2.00   -inf  -nan  12   7  19   7  67.10
   10   2018 06 08 05:52:20.896    21140.896  0.1336 30.8505 111.1305   6.00   -inf  -nan  10   6  16   6 210.25
   11   2018 06 08 06:03:27.545    21807.545  0.3077 31.0605 110.3205   0.00   -inf  -nan   5   6  11   5 119.10
   12   2018 06 08 06:47:37.665    24457.665  0.2079 31.0305 110.5605   0.00   -inf  -nan   3   4   7   3 202.51
   13   2018 06 08 07:35:23.841    27323.841  0.2200 30.8905 111.1605   8.00   -inf  -nan   5   4   9   4 195.54
   14   2018 06 08 07:53:50.336    28430.336  0.3087 30.8905 110.7205   8.00   -inf  -nan  11   9  20   8  97.68
   15   2018 06 08 08:21:53.022    30113.022  0.4257 30.8205 110.6405  10.00   -inf  -nan   3   2   5   1 214.22
   16   2018 06 08 09:20:49.339    33649.339  0.3378 30.8105 111.3205   4.00   -inf  -nan   5   3   8   3 305.78
   17   2018 06 08 10:13:57.438    36837.438  0.2386 30.8505 111.1305   4.00   -inf  -nan  12   8  20   8 210.25
   18   2018 06 08 12:32:17.240    45137.240  0.3245 31.0905 110.0305  10.00   -inf  -nan  14   6  20   6 265.19
   19   2018 06 08 16:38:42.194    59922.194  0.1940 31.1705 110.1305  10.00   -inf  -nan   4   2   6   2 241.82
   20   2018 06 08 17:20:16.893    62416.893  0.4478 30.7805 110.7705   0.00   -inf  -nan   4   6  10   4 116.19
   21   2018 06 08 18:33:35.486    66815.486  0.1606 30.6605 110.9305   6.00   -inf  -nan   3   2   5   2 286.89
   22   2018 06 08 21:15:56.671    76556.671  0.1393 30.7005 110.9305  10.00   -inf  -nan   4   4   8   3 255.67
   23   2018 06 08 21:50:04.191    78604.191  0.3126 31.0605 110.1305   8.00   -inf  -nan   8   7  15   7 216.83
   24   2018 06 08 22:56:50.366    82610.366  0.2167 30.8505 111.1305   4.00   -inf  -nan  12   7  19   7 210.25
   25   2018 06 08 23:16:37.434    83797.434  0.2954 30.8105 111.1605   4.00   -inf  -nan   4   3   7   3 283.90
    1   2018 06 09 00:16:45.828     1005.828  0.3488 31.1405 110.2805  10.00   -inf  -nan   3   2   5   2 176.88
    2   2018 06 09 02:48:48.192    10128.192  0.4068 30.9805 110.3805   0.00   -inf  -nan   8   7  15   5 131.54
    3   2018 06 09 03:43:15.628    13395.628  0.3237 31.1405 110.7905   6.00   -inf  -nan  11   3  14   3 145.26
    4   2018 06 09 04:28:04.753    16084.753  0.3722 30.7305 111.2105   0.00   -inf  -nan   7   2   9   2 301.34
    5   2018 06 09 04:32:06.253    16326.253  0.2441 30.9005 110.7805   8.00   -inf  -nan   3   4   7   3 185.28
    6   2018 06 09 05:27:57.604    19677.604  0.3677 31.0105 110.4705   0.00   -inf  -nan  15  13  28  11  99.33
    7   2018 06 09 05:54:19.242    21259.242  0.2330 31.0505 110.1105  10.00   -inf  -nan   5   3   8   3 327.75
    8   2018 06 09 07:00:15.915    25215.915  0.2402 31.1305 110.5505   0.00   -inf  -nan   3   2   5   2 329.60
    9   2018 06 09 07:50:35.308    28235.308  0.2991 30.7305 111.1305   2.00   -inf  -nan   7   6  13   6 302.22
   10   2018 06 09 08:33:53.256    30833.256  0.2192 30.8705 110.9405   2.00   -inf  -nan  10   7  17   6 128.04
   11   2018 06 09 08:49:48.342    31788.342  0.1898 30.8505 111.1305   4.00   -inf  -nan  11   8  19   6 210.25
   12   2018 06 09 11:31:07.353    41467.353  0.0687 31.0305 110.5605   6.00   -inf  -nan   3   2   5   2 243.15
   13   2018 06 09 14:35:55.393    52555.393  0.1951 30.9505 111.1805   0.00   -inf  -nan   5   2   7   2 201.83
   14   2018 06 09 17:28:35.723    62915.723  0.2847 31.1705 110.3105   0.00   -inf  -nan   7   3  10   3 168.79
   15   2018 06 09 18:01:39.980    64899.980  0.2965 31.0605 110.4005   2.00   -inf  -nan   3   4   7   3 256.43
   16   2018 06 09 18:50:28.561    67828.561  0.3050 30.9405 110.7405   8.00   -inf  -nan   4   4   8   3 123.56
   17   2018 06 09 23:06:37.767    83197.767  0.1897 30.8505 111.1305   8.00   -inf  -nan   4   4   8   4 210.75
   18   2018 06 09 23:56:10.731    86170.731  0.1934 31.2105 110.3005   2.00   -inf  -nan   3   2   5   2 275.22
    1   2018 06 10 00:42:59.288     2579.288  0.1557 30.8505 111.1305   4.00   -inf  -nan   8   6  14   5 210.25
    2   2018 06 10 01:02:10.213     3730.213  0.2393 31.0005 110.0105   0.00   -inf  -nan   5   3   8   3 277.68
    3   2018 06 10 01:12:54.352     4374.352  0.3370 31.0005 109.9705   4.00   -inf  -nan   4   4   8   4 288.12
    4   2018 06 10 01:47:40.689     6460.689  0.2162 30.9005 111.3505  14.00   -inf  -nan   3   2   5   2 322.56
    5   2018 06 10 03:34:02.959    12842.959  0.1685 30.8105 111.1705   2.00   -inf  -nan   3   2   5   2 286.32
    6   2018 06 10 03:40:04.609    13204.609  0.3306 30.7705 110.9205   4.00   -inf  -nan   6   4  10   4 187.23
    7   2018 06 10 03:44:06.152    13446.152  0.3923 31.0005 110.3705   0.00   -inf  -nan   7   5  12   5 167.53
    8   2018 06 10 04:01:02.404    14462.404  0.4356 30.9505 110.8405   0.00   -inf  -nan   6   8  14   6 111.98
    9   2018 06 10 04:02:09.734    14529.734  0.3140 30.8705 110.9405   0.00   -inf  -nan  10   5  15   4 123.28
   10   2018 06 10 04:45:41.078    17141.078  0.3114 30.9205 110.1305   0.00   -inf  -nan   6   5  11   3 299.32
   11   2018 06 10 05:04:48.796    18288.796  0.2788 30.9405 110.7605   6.00   -inf  -nan   6   4  10   4 183.47
   12   2018 06 10 05:05:24.534    18324.534  0.3278 31.0505 110.6705   8.00   -inf  -nan   3   2   5   2 200.01
   13   2018 06 10 05:06:48.187    18408.187  0.3014 30.9405 110.7405   4.00   -inf  -nan   5   3   8   3 151.07
   14   2018 06 10 05:09:02.118    18542.118  0.2900 30.9405 110.7405  12.00   -inf  -nan   4   4   8   4 117.79
   15   2018 06 10 05:09:51.896    18591.896  0.3171 30.9405 110.7505  10.00   -inf  -nan  17  15  32  15  64.69
   16   2018 06 10 05:10:04.293    18604.293  0.2848 30.9405 110.7605   8.00   -inf  -nan   4   6  10   4 110.97
   17   2018 06 10 05:15:40.377    18940.377  0.2787 30.9405 110.7805  10.00   -inf  -nan   7   7  14   6  92.21
   18   2018 06 10 05:16:03.506    18963.506  0.3935 30.9405 110.7605  14.00   -inf  -nan   3   4   7   3 194.83
   19   2018 06 10 05:22:11.309    19331.309  0.1803 30.9405 110.7605  10.00   -inf  -nan  10  10  20  10  89.30
   20   2018 06 10 06:35:55.307    23755.307  0.2174 30.8105 111.1705   6.00   -inf  -nan   4   3   7   3 286.32
   21   2018 06 10 06:47:49.549    24469.549  0.4722 31.0105 110.4705   0.00   -inf  -nan  13   5  18   5  99.33
   22   2018 06 10 08:52:27.451    31947.451  0.3513 30.7805 110.9305   4.00   -inf  -nan  12   8  20   8 157.56
   23   2018 06 10 10:26:19.517    37579.517  0.2209 30.8505 111.1305   4.00   -inf  -nan   4   5   9   4 232.15
   24   2018 06 10 11:01:20.978    39680.978  0.3799 30.8105 111.1705   6.00   -inf  -nan   9   6  15   5 242.73
   25   2018 06 10 13:40:34.596    49234.596  0.3584 31.1705 110.3105  10.00   -inf  -nan   3   2   5   2 184.34
   26   2018 06 10 15:34:59.779    56099.779  0.3869 30.8905 110.1505   0.00   -inf  -nan   3   3   6   2 295.23
   27   2018 06 10 19:58:22.361    71902.361  0.2017 31.1705 110.3105  10.00   -inf  -nan   6   2   8   2 168.79
   28   2018 06 10 20:28:02.639    73682.639  0.3330 30.8205 110.5005   0.00   -inf  -nan   5   2   7   2 279.76
   29   2018 06 10 21:23:32.401    77012.401  0.2222 31.0505 110.1105   0.00   -inf  -nan   3   2   5   2 322.10
   30   2018 06 10 21:33:41.746    77621.746  0.3336 31.1705 110.3005   0.00   -inf  -nan   7   4  11   4 165.54
   31   2018 06 10 23:07:16.095    83236.095  0.2024 30.8305 111.1405   6.00   -inf  -nan   7   4  11   4 223.39
    1   2018 06 11 00:47:29.965     2849.965  0.3362 30.8105 111.1705   4.00   -inf  -nan  10   8  18   6 242.73
    2   2018 06 11 02:16:48.346     8208.346  0.2152 30.8505 111.1305   6.00   -inf  -nan   4   4   8   4 210.75
    3   2018 06 11 02:55:40.047    10540.047  0.4458 30.8905 110.9205  10.00   -inf  -nan   6   3   9   3  96.36
    4   2018 06 11 03:40:23.861    13223.861  0.3304 31.1205 110.0505   8.00   -inf  -nan  10   6  16   5 261.22
    5   2018 06 11 03:59:47.904    14387.904  0.1956 30.7805 110.7705  10.00   -inf  -nan   4   4   8   4 116.19
    6   2018 06 11 04:18:47.588    15527.588  0.4005 31.0105 110.1105   4.00   -inf  -nan   6   4  10   4 318.80
    7   2018 06 11 05:29:09.428    19749.428  0.4046 31.1005 110.7905  12.00   -inf  -nan   9  10  19   9 115.10
    8   2018 06 11 05:31:11.928    19871.928  0.3587 31.1205 110.8205  12.00   -inf  -nan   7   8  15   7 159.94
    9   2018 06 11 05:33:03.753    19983.753  0.4630 31.1205 110.8205  10.00   -inf  -nan   3   4   7   2 159.94
   10   2018 06 11 05:33:55.744    20035.744  0.3919 31.1205 110.7805  12.00   -inf  -nan  11  10  21  10 113.18
   11   2018 06 11 05:34:12.919    20052.919  0.2365 31.1205 110.8205  12.00   -inf  -nan   3   3   6   2 247.65
   12   2018 06 11 05:35:10.240    20110.240  0.3084 31.1105 110.8005  12.00   -inf  -nan   6   7  13   6 131.07
   13   2018 06 11 05:35:45.222    20145.222  0.3520 31.1305 110.8005  10.00   -inf  -nan  19  16  35  15 149.62
   14   2018 06 11 05:36:06.376    20166.376  0.0615 31.1005 110.7805  14.00   -inf  -nan   3   2   5   2 199.27
   15   2018 06 11 05:37:13.099    20233.099  0.3827 31.1205 110.7805  12.00   -inf  -nan  13  14  27  12 113.18
   16   2018 06 11 05:37:49.841    20269.841  0.3658 31.1405 110.8005  10.00   -inf  -nan  13  15  28  13 163.67
   17   2018 06 11 05:39:10.420    20350.420  0.4010 31.1405 110.8005  10.00   -inf  -nan   8   9  17   8 163.67
   18   2018 06 11 05:40:25.642    20425.642  0.3366 31.1305 110.8005  14.00   -inf  -nan  17  12  29  11 149.62
   19   2018 06 11 05:41:02.333    20462.333  0.2462 31.1105 110.8005  12.00   -inf  -nan  10  10  20   9 131.07
   20   2018 06 11 05:43:10.390    20590.390  0.3461 31.1005 110.7905  10.00   -inf  -nan   7   7  14   7 115.10
   21   2018 06 11 05:46:11.996    20771.996  0.3254 31.1005 110.7905   8.00   -inf  -nan   9   6  15   6 115.10
   22   2018 06 11 05:47:22.305    20842.305  0.4859 31.1005 110.7805  10.00   -inf  -nan   8  10  18   8 199.27
   23   2018 06 11 05:48:59.877    20939.877  0.3930 31.1205 110.7805  12.00   -inf  -nan  13  16  29  13 113.18
   24   2018 06 11 05:50:11.036    21011.036  0.3263 31.1105 110.8005  14.00   -inf  -nan   6   7  13   5 131.07
   25   2018 06 11 05:50:48.344    21048.344  0.2066 31.1105 110.8005  10.00   -inf  -nan   3   5   8   3 131.07
   26   2018 06 11 05:54:57.319    21297.319  0.2623 31.1205 110.7805  10.00   -inf  -nan   6   7  13   6 113.18
   27   2018 06 11 05:55:36.993    21336.993  0.2791 31.1105 110.8005  12.00   -inf  -nan  10  10  20  10 131.07
   28   2018 06 11 05:59:14.412    21554.412  0.2617 31.1205 110.7805  10.00   -inf  -nan   4   6  10   4 113.18
   29   2018 06 11 06:02:03.377    21723.377  0.3061 31.1305 110.8005  12.00   -inf  -nan  16  15  31  13 149.62
   30   2018 06 11 06:02:33.723    21753.723  0.2467 31.1205 110.7805  10.00   -inf  -nan   4   4   8   4 150.66
   31   2018 06 11 06:03:21.139    21801.139  0.4082 31.1205 110.7805  12.00   -inf  -nan  18  17  35  16 113.18
   32   2018 06 11 06:06:49.238    22009.238  0.2067 31.1605 110.8205  14.00   -inf  -nan   3   2   5   1 222.90
   33   2018 06 11 06:12:10.079    22330.079  0.2661 31.1105 110.8005  10.00   -inf  -nan   9  10  19   9 131.07
   34   2018 06 11 06:17:03.020    22623.020  0.3999 31.1205 110.7805  12.00   -inf  -nan  18  17  35  17 113.18
   35   2018 06 11 06:19:02.375    22742.375  0.2673 31.1305 110.8005  12.00   -inf  -nan  10  10  20  10 149.62
   36   2018 06 11 06:20:25.611    22825.611  0.3220 30.7805 110.4805   0.00   -inf  -nan   4   4   8   2 221.49
   37   2018 06 11 06:21:40.248    22900.248  0.1141 31.0105 110.1505   0.00   -inf  -nan   3   3   6   2 326.89
   38   2018 06 11 06:28:11.058    23291.058  0.3801 31.1005 110.7905  12.00   -inf  -nan  10  11  21  10 115.10
   39   2018 06 11 06:33:01.386    23581.386  0.2113 30.8505 111.1305   6.00   -inf  -nan   9   4  13   4 210.75
   40   2018 06 11 06:36:10.059    23770.059  0.1960 31.1205 110.7805  10.00   -inf  -nan   3   4   7   2 113.18
   41   2018 06 11 06:39:56.985    23996.985  0.2153 31.1205 110.7805  10.00   -inf  -nan   3   2   5   2 146.85
   42   2018 06 11 07:16:38.255    26198.255  0.4089 31.1605 110.7005   0.00   -inf  -nan   3   4   7   2 232.01
   43   2018 06 11 07:24:40.657    26680.657  0.2783 31.1205 110.7805  10.00   -inf  -nan   4   4   8   4 117.36
   44   2018 06 11 07:29:05.764    26945.764  0.2134 31.1205 110.7805  10.00   -inf  -nan   4   5   9   4 113.18
   45   2018 06 11 07:33:06.074    27186.074  0.2692 31.1205 110.7805  12.00   -inf  -nan   4   3   7   2 113.18
   46   2018 06 11 07:43:49.237    27829.237  0.3371 31.1305 110.8005  14.00   -inf  -nan  20  20  40  20 149.62
   47   2018 06 11 07:47:06.169    28026.169  0.3633 31.1205 110.7805  10.00   -inf  -nan   7   8  15   7 113.18
   48   2018 06 11 07:48:55.740    28135.740  0.2105 31.1605 110.8205  14.00   -inf  -nan   4   2   6   2 222.90
   49   2018 06 11 07:53:37.178    28417.178  0.3879 31.1205 110.7805  12.00   -inf  -nan  14  12  26  12 113.18
   50   2018 06 11 07:58:31.428    28711.428  0.3821 31.1205 110.7805  12.00   -inf  -nan  13  15  28  12 113.18
   51   2018 06 11 07:59:10.433    28750.433  0.3827 31.1005 110.7905  10.00   -inf  -nan   7   9  16   7 115.10
   52   2018 06 11 09:02:08.411    32528.411  0.3634 30.9005 111.1905   8.00   -inf  -nan   3   2   5   1 313.85
   53   2018 06 11 09:03:43.842    32623.842  0.1931 31.1505 110.8005  12.00   -inf  -nan   4   2   6   2 186.83
   54   2018 06 11 09:29:41.998    34181.998  0.3110 30.8605 110.4805   0.00   -inf  -nan  11   8  19   7 190.19
   55   2018 06 11 09:32:09.291    34329.291  0.1064 31.2105 110.5905   2.00   -inf  -nan   3   2   5   1 287.07
   56   2018 06 11 09:43:30.471    35010.471  0.2426 31.1005 110.7905   6.00   -inf  -nan   4   4   8   3 115.10
   57   2018 06 11 10:04:06.838    36246.838  0.1541 30.8105 111.1705   4.00   -inf  -nan   3   3   6   2 249.55
   58   2018 06 11 10:20:41.860    37241.860  0.2790 30.8305 110.7605   6.00   -inf  -nan   3   2   5   2 150.07
   59   2018 06 11 10:45:14.094    38714.094  0.4550 31.1205 110.7805  14.00   -inf  -nan  12  12  24  11 113.18
   60   2018 06 11 11:33:30.377    41610.377  0.2936 31.1405 110.8005  12.00   -inf  -nan  10  10  20  10 163.67
   61   2018 06 11 11:38:59.307    41939.307  0.3240 31.1205 110.7805  10.00   -inf  -nan   5   5  10   5 113.18
   62   2018 06 11 13:16:04.182    47764.182  0.1731 30.7005 110.9305   8.00   -inf  -nan   5   7  12   5 227.80
   63   2018 06 11 14:53:25.800    53605.800  0.1667 31.1105 110.8005   8.00   -inf  -nan   4   3   7   3 131.07
   64   2018 06 11 15:51:47.292    57107.292  0.3431 30.8605 110.8305   4.00   -inf  -nan   7   6  13   5 115.07
   65   2018 06 11 18:13:25.692    65605.692  0.4089 31.1205 110.7805  12.00   -inf  -nan  10  11  21  10 113.18
   66   2018 06 11 19:57:16.575    71836.575  0.2678 30.9305 110.9605   8.00   -inf  -nan   3   2   5   1 216.06
   67   2018 06 11 21:22:10.328    76930.328  0.2689 31.1705 110.3005   0.00   -inf  -nan   8   5  13   5 261.29
   68   2018 06 11 21:51:53.157    78713.157  0.4579 31.0505 110.4705   8.00   -inf  -nan   5   6  11   3 113.45
   69   2018 06 11 22:54:51.914    82491.914  0.2391 31.1205 110.7805  10.00   -inf  -nan   5   6  11   5 113.18
   70   2018 06 11 23:20:33.504    84033.504  0.1878 30.8505 111.1305   4.00   -inf  -nan  13  10  23  10 210.25
    1   2018 06 12 01:23:37.579     5017.579  0.1344 30.8905 111.3205  10.00   -inf  -nan   5   2   7   2 320.56
    2   2018 06 12 01:58:00.136     7080.136  0.1858 30.8505 111.1305   6.00   -inf  -nan   5   4   9   4 210.75
    3   2018 06 12 01:58:59.036     7139.036  0.2272 30.8505 111.1305   6.00   -inf  -nan   4   4   8   4 210.75
    4   2018 06 12 02:04:56.820     7496.820  0.3583 30.8105 111.0905   0.00   -inf  -nan   6   4  10   2 219.20
    5   2018 06 12 02:27:41.165     8861.165  0.3690 31.1105 110.4005   0.00   -inf  -nan  10   5  15   2 123.59
    6   2018 06 12 03:09:39.186    11379.186  0.3606 30.9305 111.2805   4.00   -inf  -nan   7   6  13   5 309.08
    7   2018 06 12 03:31:48.541    12708.541  0.2581 30.8705 110.9005   2.00   -inf  -nan   8   5  13   5  67.10
    8   2018 06 12 03:41:06.914    13266.914  0.4280 30.9305 110.7105   6.00   -inf  -nan  10   5  15   5 107.12
    9   2018 06 12 04:36:23.955    16583.955  0.3339 30.9405 110.8205  12.00   -inf  -nan   4   2   6   2 108.60
   10   2018 06 12 04:51:43.347    17503.347  0.2508 30.8905 110.4105   4.00   -inf  -nan   6   5  11   4 202.66
   11   2018 06 12 05:14:55.703    18895.703  0.2526 30.7705 111.1705   2.00   -inf  -nan   3   4   7   1 263.48
   12   2018 06 12 05:22:55.286    19375.286  0.2524 30.7705 111.1705   0.00   -inf  -nan   6   6  12   5 263.48
   13   2018 06 12 05:36:31.628    20191.628  0.2485 30.7705 111.2005   0.00   -inf  -nan   7   3  10   1 281.92
   14   2018 06 12 05:41:57.695    20517.695  0.2269 30.7305 111.2105   2.00   -inf  -nan   8   6  14   4 284.08
   15   2018 06 12 06:14:16.598    22456.598  0.4617 30.9905 110.4805   0.00   -inf  -nan  10   5  15   5 121.56
   16   2018 06 12 08:34:51.601    30891.601  0.1327 30.8505 111.1305   6.00   -inf  -nan   6   4  10   3 210.25
   17   2018 06 12 08:44:34.393    31474.393  0.1229 30.8505 111.1305   6.00   -inf  -nan   6   6  12   5 210.75
   18   2018 06 12 08:57:43.709    32263.709  0.3508 30.9805 110.3605   2.00   -inf  -nan   8   4  12   3  99.05
   19   2018 06 12 09:53:34.968    35614.968  0.4338 30.9705 110.4605   0.00   -inf  -nan   8   4  12   2 135.63
   20   2018 06 12 18:09:44.872    65384.872  0.3082 31.1805 110.3305   8.00   -inf  -nan   3   3   6   2 186.07
   21   2018 06 12 18:38:25.404    67105.404  0.1864 31.0605 110.6005  12.00   -inf  -nan   4   2   6   1 199.49
   22   2018 06 12 18:39:47.942    67187.942  0.4084 31.1705 110.3405   4.00   -inf  -nan   7   5  12   3 176.84
   23   2018 06 12 19:52:39.703    71559.703  0.4026 31.0205 110.3605   4.00   -inf  -nan   3   3   6   2 166.16
   24   2018 06 12 22:04:36.759    79476.759  0.2463 31.0905 110.2705   6.00   -inf  -nan   3   2   5   2 206.57
   25   2018 06 12 22:58:10.349    82690.349  0.2688 30.8505 111.1305   6.00   -inf  -nan   8   4  12   4 232.15
   26   2018 06 12 23:24:44.305    84284.305  0.2027 30.8605 110.5005  10.00   -inf  -nan   3   3   6   3 246.65
   27   2018 06 12 23:31:25.188    84685.188  0.2248 30.8505 111.1305   4.00   -inf  -nan   9   7  16   6 210.25
    1   2018 06 13 01:33:37.658     5617.658  0.3263 30.8505 111.1305   8.00   -inf  -nan   6   4  10   3 232.15
    2   2018 06 13 02:14:49.573     8089.573  0.2073 30.8505 111.1305   6.00   -inf  -nan   3   3   6   3 232.15
    3   2018 06 13 02:33:55.122     9235.122  0.2003 31.1205 110.7805   6.00   -inf  -nan   5   2   7   2 113.18
    4   2018 06 13 04:15:30.720    15330.720  0.3400 30.8705 110.9405   0.00   -inf  -nan  10   4  14   4 123.28
    5   2018 06 13 04:20:29.847    15629.847  0.2763 30.8105 111.1705   6.00   -inf  -nan  10   7  17   7 249.55
    6   2018 06 13 05:48:37.148    20917.148  0.2595 31.2105 110.0705   0.00   -inf  -nan   6   4  10   3 281.91
    7   2018 06 13 06:06:34.705    21994.705  0.2590 31.2205 110.0505   2.00   -inf  -nan   5   2   7   2 289.11
    8   2018 06 13 07:14:28.683    26068.683  0.2230 30.8505 111.1605   6.00   -inf  -nan   9   4  13   3 225.53
    9   2018 06 13 07:53:08.507    28388.507  0.4271 30.9305 110.3305   8.00   -inf  -nan   5   6  11   4 103.29
   10   2018 06 13 08:33:04.241    30784.241  0.1396 30.8505 111.1305   6.00   -inf  -nan   8   6  14   6 210.75
   11   2018 06 13 09:36:22.990    34582.990  0.1978 30.8505 111.1305   6.00   -inf  -nan   8   4  12   4 232.15
   12   2018 06 13 13:56:46.576    50206.576  0.3944 31.0505 110.4605   0.00   -inf  -nan  13  14  27  12 109.45
   13   2018 06 13 15:41:54.052    56514.052  0.1021 30.9405 110.7005   0.00   -inf  -nan   3   2   5   2 190.95
   14   2018 06 13 18:18:12.962    65892.962  0.1250 30.7505 110.8205  18.00   -inf  -nan   4   4   8   4 167.07
   15   2018 06 13 18:59:25.621    68365.621  0.1541 30.9305 111.2005   4.00   -inf  -nan   3   2   5   2 279.86
   16   2018 06 13 20:46:22.856    74782.856  0.3422 30.7705 110.7605   8.00   -inf  -nan  19   7  26   7 109.98
   17   2018 06 13 22:57:00.155    82620.155  0.4549 31.1805 110.2905  18.00   -inf  -nan   3   4   7   3 185.94
   18   2018 06 13 23:20:58.929    84058.929  0.2934 30.8705 110.4805   0.00   -inf  -nan   8   6  14   6 186.06
    1   2018 06 14 00:28:35.676     1715.676  0.1953 30.8505 111.1305   6.00   -inf  -nan   4   3   7   3 210.75
    2   2018 06 14 00:59:13.531     3553.531  0.2585 30.8505 111.1305   6.00   -inf  -nan   5   4   9   4 210.75
    3   2018 06 14 02:01:04.498     7264.498  0.1663 30.8505 111.1305   4.00   -inf  -nan  11   7  18   7 210.75
    4   2018 06 14 02:04:29.471     7469.471  0.2289 30.8505 111.1305   6.00   -inf  -nan  10   5  15   5 210.75
    5   2018 06 14 02:46:54.126    10014.126  0.2745 30.8905 111.0405   4.00   -inf  -nan   4   3   7   3 184.88
    6   2018 06 14 03:12:29.973    11549.973  0.3231 30.9305 110.6405   8.00   -inf  -nan   4   2   6   2 209.22
    7   2018 06 14 03:46:15.048    13575.048  0.2485 30.8905 110.7205   0.00   -inf  -nan  13   3  16   3  97.68
    8   2018 06 14 04:54:02.602    17642.602  0.1878 31.1305 110.6305   0.00   -inf  -nan   4   3   7   3 216.42
    9   2018 06 14 05:10:49.359    18649.359  0.3257 30.8105 110.7205  10.00   -inf  -nan   3   3   6   3 249.60
   10   2018 06 14 06:49:07.448    24547.448  0.2547 30.8505 111.1305   6.00   -inf  -nan   3   3   6   3 232.15
   11   2018 06 14 08:04:01.386    29041.386  0.4442 30.8905 111.2005   2.00   -inf  -nan   5   4   9   3 245.22
   12   2018 06 14 08:19:49.556    29989.556  0.1115 30.8505 111.1305   4.00   -inf  -nan   3   3   6   3 232.15
   13   2018 06 14 12:28:54.567    44934.567  0.1359 30.8905 111.1605   8.00   -inf  -nan   6   2   8   2 195.54
   14   2018 06 14 23:07:48.352    83268.352  0.2029 30.8505 111.1305   6.00   -inf  -nan  12   6  18   6 210.75
    1   2018 06 15 01:59:13.529     7153.529  0.2065 30.8905 111.1205   0.00   -inf  -nan   4   3   7   3 152.93
    2   2018 06 15 02:00:03.066     7203.066  0.2202 30.8505 111.1305   6.00   -inf  -nan   6   3   9   3 232.15
    3   2018 06 15 02:29:29.040     8969.040  0.1388 30.8505 111.1305   6.00   -inf  -nan  11   7  18   7 210.25
    4   2018 06 15 04:22:19.024    15739.024  0.3861 31.0005 110.3705   0.00   -inf  -nan  11  10  21   6  84.72
    5   2018 06 15 04:26:13.204    15973.204  0.3505 31.2105 110.3005   4.00   -inf  -nan   7   8  15   6 300.92
    6   2018 06 15 05:05:20.761    18320.761  0.1959 30.8505 111.1305   6.00   -inf  -nan  10   7  17   7 210.75
    7   2018 06 15 05:47:21.186    20841.186  0.4057 30.9705 110.3905   0.00   -inf  -nan   8   4  12   3 142.67
    8   2018 06 15 07:21:14.313    26474.313  0.2303 30.8105 111.1705   4.00   -inf  -nan   6   2   8   2 277.87
    9   2018 06 15 08:41:29.392    31289.392  0.3218 30.8105 111.2805   8.00   -inf  -nan   5   5  10   4 294.33
   10   2018 06 15 09:56:33.229    35793.229  0.1357 30.8505 111.1305   6.00   -inf  -nan   5   2   7   2 210.75
   11   2018 06 15 09:56:46.093    35806.093  0.3237 30.9805 110.7805   0.00   -inf  -nan  11   7  18   6  81.67
   12   2018 06 15 10:06:32.437    36392.437  0.3426 30.8705 110.9405   2.00   -inf  -nan  10   5  15   4  86.65
   13   2018 06 15 11:15:50.412    40550.412  0.2907 31.0905 110.1905   0.00   -inf  -nan   5   5  10   5 181.48
   14   2018 06 15 12:33:10.914    45190.914  0.3012 31.1205 110.7405  10.00   -inf  -nan   5   5  10   5 144.00
   15   2018 06 15 16:20:20.119    58820.119  0.4957 30.8505 111.1605   8.00   -inf  -nan   5   2   7   2 227.22
   16   2018 06 15 22:26:09.738    80769.738  0.2696 30.9305 111.2005   4.00   -inf  -nan   4   2   6   2 279.86
   17   2018 06 15 22:53:14.411    82394.411  0.2147 31.0505 110.1905   4.00   -inf  -nan   7   7  14   7 177.95
   18   2018 06 15 23:19:59.944    83999.944  0.3420 30.8605 111.1505   0.00   -inf  -nan   5   3   8   3 215.44
   19   2018 06 15 23:20:59.073    84059.073  0.2138 30.8505 111.1305   4.00   -inf  -nan   8   5  13   5 210.75
    1   2018 06 16 00:06:11.956      371.956  0.1814 30.8505 111.1305   4.00   -inf  -nan   8   4  12   4 210.75
    2   2018 06 16 00:06:59.211      419.211  0.0886 30.8505 111.1305   6.00   -inf  -nan   3   4   7   3 210.75
    3   2018 06 16 02:17:39.844     8259.844  0.3157 30.9905 110.3605   6.00   -inf  -nan   4   6  10   4 111.22
    4   2018 06 16 02:29:50.724     8990.724  0.2900 31.1205 110.0505   8.00   -inf  -nan  11   5  16   5 261.22
    5   2018 06 16 02:40:16.219     9616.219  0.3191 30.8105 111.1705   4.00   -inf  -nan   8   6  14   5 242.73
    6   2018 06 16 03:27:02.685    12422.685  0.4012 30.7405 110.9305  10.00   -inf  -nan   4   5   9   3 207.91
    7   2018 06 16 03:28:07.708    12487.708  0.3733 30.7405 111.1305   0.00   -inf  -nan   3   2   5   2 300.52
    8   2018 06 16 03:40:48.100    13248.100  0.2930 30.8205 110.9305   0.00   -inf  -nan   4   2   6   2 188.78
    9   2018 06 16 03:54:54.134    14094.134  0.4101 30.9005 110.7205   0.00   -inf  -nan  11   7  18   6  94.62
   10   2018 06 16 05:13:11.839    18791.839  0.3726 31.0305 110.5605   4.00   -inf  -nan   4   6  10   4 117.50
   11   2018 06 16 05:55:38.468    21338.468  0.3192 30.9705 110.3505   0.00   -inf  -nan   6   7  13   6  93.33
   12   2018 06 16 08:26:52.475    30412.475  0.3117 30.9305 111.2805   0.00   -inf  -nan   4   2   6   2 309.47
   13   2018 06 16 08:27:21.646    30441.646  0.3463 30.7305 110.9205   4.00   -inf  -nan   7   6  13   5 211.66
   14   2018 06 16 08:31:33.471    30693.471  0.4045 31.0905 110.3805   6.00   -inf  -nan  16  11  27  11  79.29
   15   2018 06 16 08:56:06.899    32166.899  0.1713 30.8505 111.1305   6.00   -inf  -nan   7   4  11   4 210.75
   16   2018 06 16 09:11:21.416    33081.416  0.2013 30.8505 111.1305   4.00   -inf  -nan   7   7  14   5 210.25
   17   2018 06 16 09:28:17.752    34097.752  0.3523 31.0605 110.3705  12.00   -inf  -nan   8   9  17   7 115.25
   18   2018 06 16 09:43:54.193    35034.193  0.3364 31.1005 110.3805   2.00   -inf  -nan   3   2   5   1 204.72
   19   2018 06 16 09:44:40.074    35080.074  0.2162 30.9305 111.3605   0.00   -inf  -nan   4   2   6   1 320.89
   20   2018 06 16 10:11:05.156    36665.156  0.3845 31.1705 110.4605   2.00   -inf  -nan  10  11  21   8 169.39
   21   2018 06 16 10:36:31.864    38191.864  0.1935 31.1205 110.7805  10.00   -inf  -nan   4   3   7   3 117.36
   22   2018 06 16 11:20:10.618    40810.618  0.4567 31.1805 110.4505   2.00   -inf  -nan   4   7  11   4 206.30
   23   2018 06 16 11:31:42.968    41502.968  0.0939 31.0805 110.7805   0.00   -inf  -nan   3   2   5   2 175.23
   24   2018 06 16 11:33:58.320    41638.320  0.1997 31.1205 110.7805  10.00   -inf  -nan   4   4   8   3 113.18
   25   2018 06 16 11:56:18.228    42978.228  0.3523 31.1405 110.7905  12.00   -inf  -nan   4   5   9   3 145.26
   26   2018 06 16 12:58:15.338    46695.338  0.2938 31.1405 110.4505   4.00   -inf  -nan   7  11  18   6 155.18
   27   2018 06 16 13:43:26.885    49406.885  0.3059 31.1705 110.4605   0.00   -inf  -nan  11  13  24   9 169.39
   28   2018 06 16 14:46:36.898    53196.898  0.2626 30.7705 110.7605  12.00   -inf  -nan  14  15  29  14 109.98
   29   2018 06 16 14:49:20.155    53360.155  0.3298 31.1705 110.3405   0.00   -inf  -nan   3   3   6   2 252.38
   30   2018 06 16 17:24:39.480    62679.480  0.3257 31.1405 110.4405   6.00   -inf  -nan  11  12  23  11 154.46
   31   2018 06 16 20:13:29.694    72809.694  0.1719 31.1005 110.2505   0.00   -inf  -nan   4   2   6   1 142.75
   32   2018 06 16 20:34:19.851    74059.851  0.1633 30.8905 111.1605   8.00   -inf  -nan   4   2   6   2 195.54
   33   2018 06 16 23:11:48.121    83508.121  0.4045 30.7705 111.2105   6.00   -inf  -nan   5   2   7   2 275.43
   34   2018 06 16 23:12:26.045    83546.045  0.2230 30.8505 111.1305   4.00   -inf  -nan  12   4  16   4 210.25
   35   2018 06 16 23:14:59.957    83699.957  0.2623 30.8105 111.1705   8.00   -inf  -nan   4   2   6   2 249.55
   36   2018 06 16 23:16:00.261    83760.261  0.3555 30.8105 111.1705   6.00   -inf  -nan   6   5  11   5 249.55
    1   2018 06 17 01:29:44.333     5384.333  0.1987 30.8505 111.2805   8.00   -inf  -nan   6   4  10   2 294.25
    2   2018 06 17 01:37:08.459     5828.459  0.1873 30.8105 111.2805   8.00   -inf  -nan   4   3   7   1 287.89
    3   2018 06 17 02:50:01.758    10201.758  0.1871 30.8105 111.1605   4.00   -inf  -nan   8   2  10   2 261.22
    4   2018 06 17 02:50:09.223    10209.223  0.2071 30.7505 111.0205   2.00   -inf  -nan   3   3   6   1 301.50
    5   2018 06 17 03:00:23.399    10823.399  0.2668 30.8505 111.1605   6.00   -inf  -nan   3   2   5   2 227.22
    6   2018 06 17 03:29:05.230    12545.230  0.2489 31.1505 110.8005   8.00   -inf  -nan   7   3  10   3 184.42
    7   2018 06 17 03:56:05.331    14165.331  0.3208 31.0605 110.4405   4.00   -inf  -nan   6   6  12   5 170.49
    8   2018 06 17 06:29:12.349    23352.349  0.3299 30.8505 111.2405   0.00   -inf  -nan   5   5  10   3 278.91
    9   2018 06 17 06:33:40.501    23620.501  0.2366 30.7805 110.7705  12.00   -inf  -nan  11  12  23  11 110.23
   10   2018 06 17 07:56:48.299    28608.299  0.4283 30.7905 110.9405   4.00   -inf  -nan  12   6  18   6 155.53
   11   2018 06 17 08:06:01.303    29161.303  0.2239 30.8505 111.1305   6.00   -inf  -nan   4   3   7   3 210.75
   12   2018 06 17 08:21:48.446    30108.446  0.1369 30.8505 111.1305   6.00   -inf  -nan   3   3   6   3 210.75
   13   2018 06 17 08:50:11.242    31811.242  0.1818 30.8505 111.1305   4.00   -inf  -nan  10   6  16   5 210.25
   14   2018 06 17 08:50:54.379    31854.379  0.0427 30.8505 111.1305   6.00   -inf  -nan   4   2   6   2 210.75
   15   2018 06 17 10:23:22.139    37402.139  0.3072 30.7805 110.7705  14.00   -inf  -nan  18  11  29  10 110.23
   16   2018 06 17 10:24:42.374    37482.374  0.2924 30.9605 109.9705  10.00   -inf  -nan   7   5  12   4 295.22
   17   2018 06 17 10:33:30.074    38010.074  0.1824 30.7805 110.7605  10.00   -inf  -nan   6   5  11   5 124.85
   18   2018 06 17 10:51:50.443    39110.443  0.2495 30.7405 110.1005   6.00   -inf  -nan   3   2   5   2 315.61
   19   2018 06 17 11:39:03.813    41943.813  0.2498 30.9605 109.9705   8.00   -inf  -nan   8   4  12   4 295.22
   20   2018 06 17 13:19:40.142    47980.142  0.3396 30.7905 110.7405  10.00   -inf  -nan   3   4   7   2 141.30
   21   2018 06 17 13:33:06.732    48786.732  0.2588 30.7805 110.7705  12.00   -inf  -nan  14  15  29  14 110.23
   22   2018 06 17 20:16:14.998    72974.998  0.1512 30.9505 110.6005   6.00   -inf  -nan   3   2   5   2 146.63
   23   2018 06 17 21:16:31.567    76591.567  0.2898 30.8905 111.1605   8.00   -inf  -nan   6   2   8   2 195.54
   24   2018 06 17 23:05:20.049    83120.049  0.1196 30.8505 111.1305   6.00   -inf  -nan   4   4   8   4 210.75
   25   2018 06 17 23:06:19.864    83179.864  0.1998 30.8505 111.1305   4.00   -inf  -nan   8   5  13   5 210.75
    1   2018 06 18 00:04:59.304      299.304  0.2067 30.7905 110.7405   0.00   -inf  -nan   3   3   6   3 141.30
    2   2018 06 18 01:53:04.204     6784.204  0.1833 30.8505 111.2405   4.00   -inf  -nan   8   2  10   1 275.59
    3   2018 06 18 03:06:59.368    11219.368  0.1971 30.8505 111.1305   4.00   -inf  -nan   9   3  12   3 210.75
    4   2018 06 18 03:07:36.673    11256.673  0.1638 30.8505 111.1305   6.00   -inf  -nan   4   6  10   3 210.25
    5   2018 06 18 03:18:04.909    11884.909  0.4244 31.0205 110.3605   6.00   -inf  -nan   9   6  15   5 192.20
    6   2018 06 18 03:23:43.271    12223.271  0.2040 30.7905 110.7405   8.00   -inf  -nan   3   2   5   2 258.63
    7   2018 06 18 04:04:21.301    14661.301  0.2594 30.8105 111.1705   4.00   -inf  -nan  10   4  14   4 249.55
    8   2018 06 18 05:21:05.603    19265.603  0.3034 30.8105 111.1705   2.00   -inf  -nan   8   6  14   6 249.55
    9   2018 06 18 07:54:05.273    28445.273  0.2972 30.8505 111.1305   6.00   -inf  -nan   8   6  14   5 210.25
   10   2018 06 18 08:07:30.070    29250.070  0.2234 30.8505 111.1305   4.00   -inf  -nan   7   5  12   4 210.25
   11   2018 06 18 10:00:49.084    36049.084  0.2417 31.1005 110.0905   0.00   -inf  -nan   5   4   9   3 241.48
   12   2018 06 18 18:17:45.169    65865.169  0.3844 30.9305 110.5905   0.00   -inf  -nan   3   2   5   2 323.85
   13   2018 06 18 21:52:56.758    78776.758  0.3033 31.1305 110.0705   2.00   -inf  -nan   8   7  15   4 315.45
   14   2018 06 18 22:34:56.053    81296.053  0.2885 30.9705 110.4705   0.00   -inf  -nan  11  11  22  11  91.59
   15   2018 06 18 22:54:02.728    82442.728  0.4049 30.8105 111.1705   8.00   -inf  -nan  14  10  24  10 242.73
   16   2018 06 18 23:08:38.823    83318.823  0.3274 30.8105 111.1705   4.00   -inf  -nan   7   5  12   5 249.55
   17   2018 06 18 23:10:02.813    83402.813  0.1870 30.8505 111.1305   6.00   -inf  -nan   6   3   9   3 210.75
    1   2018 06 19 01:42:54.044     6174.044  0.2993 30.8205 111.1405   4.00   -inf  -nan   7   6  13   4 227.05
    2   2018 06 19 06:06:11.097    21971.097  0.1742 30.8505 111.1305   6.00   -inf  -nan   7   5  12   5 210.25
    3   2018 06 19 08:14:17.607    29657.607  0.1476 30.8505 111.1305   6.00   -inf  -nan   6   4  10   4 210.75
    4   2018 06 19 10:07:39.022    36459.022  0.2265 30.8505 111.1305   4.00   -inf  -nan  10  10  20   9 210.25
    5   2018 06 19 13:30:57.910    48657.910  0.2754 31.0905 110.3805   4.00   -inf  -nan   4   5   9   3 106.78
    6   2018 06 19 15:12:15.936    54735.936  0.2715 30.9805 110.3605   6.00   -inf  -nan   3   3   6   3 168.49
    7   2018 06 19 16:41:20.316    60080.316  0.1066 30.9405 110.6605   8.00   -inf  -nan   4   7  11   4 106.55
    8   2018 06 19 19:52:35.101    71555.101  0.4153 31.0205 110.4405   0.00   -inf  -nan   5   7  12   5  87.12
    1   2018 06 20 00:15:02.534      902.534  0.1726 30.8905 111.1205   0.00   -inf  -nan   3   2   5   2 152.93
    2   2018 06 20 00:24:42.164     1482.164  0.2311 30.8105 111.1705   6.00   -inf  -nan   7   4  11   4 242.73
    3   2018 06 20 01:17:55.600     4675.600  0.2437 30.8505 111.1305   4.00   -inf  -nan  12   6  18   6 210.25
    4   2018 06 20 01:18:34.483     4714.483  0.3134 30.8505 111.1305   4.00   -inf  -nan  11   7  18   7 210.25
    5   2018 06 20 02:53:30.354    10410.354  0.3811 31.0505 110.3105   0.00   -inf  -nan   4   2   6   1 130.10
    6   2018 06 20 03:07:51.886    11271.886  0.3340 30.8405 110.1705   0.00   -inf  -nan   3   2   5   2 302.70
    7   2018 06 20 03:26:55.396    12415.396  0.2444 30.8205 111.1705   4.00   -inf  -nan   7   4  11   3 240.25
    8   2018 06 20 03:51:45.517    13905.517  0.3834 31.0105 110.5505   0.00   -inf  -nan   5   5  10   4 109.02
    9   2018 06 20 04:04:22.133    14662.133  0.3833 30.8505 110.9605   0.00   -inf  -nan   7   3  10   3 131.45
   10   2018 06 20 04:13:47.182    15227.182  0.3530 30.9905 111.2605  12.00   -inf  -nan   4   6  10   1 288.58
   11   2018 06 20 05:17:48.306    19068.306  0.2435 30.8505 111.1305   6.00   -inf  -nan   3   2   5   2 210.75
   12   2018 06 20 06:47:41.281    24461.281  0.3050 30.7905 110.9405   2.00   -inf  -nan   6   4  10   3 219.06
   13   2018 06 20 09:06:35.286    32795.286  0.3983 31.0605 110.2105   8.00   -inf  -nan  12  10  22   9 165.91
   14   2018 06 20 09:07:47.197    32867.197  0.1543 30.8905 111.1605   8.00   -inf  -nan   6   2   8   2 195.54
   15   2018 06 20 09:20:36.652    33636.652  0.3476 30.8505 110.3705   0.00   -inf  -nan   7   8  15   7 214.85
   16   2018 06 20 09:24:46.468    33886.468  0.2449 30.8605 110.3805   0.00   -inf  -nan   7   5  12   4 233.81
   17   2018 06 20 09:25:54.131    33954.131  0.3533 30.7705 111.1605   0.00   -inf  -nan   6   2   8   1 260.61
   18   2018 06 20 09:40:40.472    34840.472  0.1595 30.8605 110.3805   0.00   -inf  -nan   4   2   6   2 245.52
   19   2018 06 20 10:06:58.495    36418.495  0.1829 30.8505 111.1305   6.00   -inf  -nan   8   4  12   4 210.75
   20   2018 06 20 10:20:06.231    37206.231  0.4539 30.9805 110.4005   0.00   -inf  -nan   8   5  13   2  82.74
   21   2018 06 20 14:05:37.257    50737.257  0.3491 31.1805 110.2605   8.00   -inf  -nan   3   3   6   3 163.90
   22   2018 06 20 14:58:21.736    53901.736  0.3418 31.0905 110.2305   0.00   -inf  -nan   5   6  11   4 171.64
   23   2018 06 20 19:27:17.367    70037.367  0.3171 30.8805 110.1705   0.00   -inf  -nan   3   2   5   2 289.14
   24   2018 06 20 23:12:33.395    83553.395  0.1385 30.8505 111.1305   4.00   -inf  -nan  10   3  13   3 210.25
   25   2018 06 20 23:13:48.259    83628.259  0.1252 30.8505 111.1305   6.00   -inf  -nan   5   4   9   3 210.75
   26   2018 06 20 23:15:09.499    83709.499  0.1588 30.8505 111.1305   6.00   -inf  -nan   9   5  14   4 210.25
    1   2018 06 21 02:22:31.645     8551.645  0.2208 30.8905 111.0905   4.00   -inf  -nan   3   2   5   2 195.95
    2   2018 06 21 03:04:53.931    11093.931  0.2448 30.7705 111.1305   8.00   -inf  -nan   6   3   9   2 296.83
    3   2018 06 21 04:05:12.993    14712.993  0.2694 30.8505 111.1605   6.00   -inf  -nan   3   5   8   1 225.53
    4   2018 06 21 04:09:29.474    14969.474  0.1944 30.7805 110.9305   6.00   -inf  -nan   4   6  10   4 217.36
    5   2018 06 21 04:33:09.794    16389.794  0.3012 31.0405 110.1305   0.00   -inf  -nan  10   6  16   5 263.20
    6   2018 06 21 05:01:02.643    18062.643  0.1313 30.8505 111.1305   6.00   -inf  -nan  10   5  15   5 210.75
    7   2018 06 21 07:01:14.269    25274.269  0.1703 31.1705 110.3405   2.00   -inf  -nan   3   2   5   2 252.38
    8   2018 06 21 09:56:32.703    35792.703  0.2521 30.8505 111.2805   4.00   -inf  -nan   8   3  11   3 310.92
    9   2018 06 21 10:34:59.901    38099.901  0.3402 30.9805 110.7405  10.00   -inf  -nan   6  10  16   6 148.69
   10   2018 06 21 12:03:03.465    43383.465  0.1964 31.0505 110.4705   4.00   -inf  -nan   4   5   9   4 208.71
   11   2018 06 21 17:39:22.052    63562.052  0.3732 31.1305 110.1105   0.00   -inf  -nan  12   9  21   9 237.40
   12   2018 06 21 19:11:44.314    69104.314  0.2046 31.0905 110.0705   0.00   -inf  -nan   5   3   8   2 249.51
   13   2018 06 21 20:53:20.038    75200.038  0.3504 31.1305 110.5105   0.00   -inf  -nan   4   3   7   1 191.61
   14   2018 06 21 22:49:20.621    82160.621  0.1863 30.8505 111.1305   4.00   -inf  -nan  10   6  16   6 210.25
   15   2018 06 21 23:09:20.506    83360.506  0.2054 30.8505 111.1305   6.00   -inf  -nan   9   4  13   3 210.25
    1   2018 06 22 04:09:02.484    14942.484  0.3445 30.8705 110.9405   2.00   -inf  -nan   9   7  16   6  86.65
    2   2018 06 22 04:51:50.513    17510.513  0.2876 30.7705 110.7605  10.00   -inf  -nan   5   8  13   5 109.98
    3   2018 06 22 04:59:49.413    17989.413  0.2294 30.9005 110.1805   6.00   -inf  -nan   4   2   6   1 244.92
    4   2018 06 22 07:18:21.541    26301.541  0.1504 30.8505 111.1305   6.00   -inf  -nan   3   4   7   3 210.75
    5   2018 06 22 09:17:23.891    33443.891  0.1717 30.8505 111.1305   6.00   -inf  -nan   3   3   6   2 284.42
    6   2018 06 22 09:47:46.123    35266.123  0.2451 31.0205 110.4805   0.00   -inf  -nan   4   2   6   1 135.90
    7   2018 06 22 10:04:46.561    36286.561  0.2087 30.8505 111.1305   6.00   -inf  -nan  13  11  24  10 210.25
    8   2018 06 22 12:10:41.878    43841.878  0.3655 30.8105 110.7605   6.00   -inf  -nan   9  11  20   9  98.99
    9   2018 06 22 14:40:19.169    52819.169  0.2167 31.1305 110.8005  12.00   -inf  -nan   4   3   7   3 175.36
   10   2018 06 22 19:19:41.367    69581.367  0.3138 31.1205 110.1305   0.00   -inf  -nan   8   6  14   6 224.13
   11   2018 06 22 19:21:54.575    69714.575  0.2761 31.1405 110.0905  10.00   -inf  -nan   8   6  14   6 249.53
   12   2018 06 22 21:32:58.575    77578.575  0.2475 31.1405 110.1705   0.00   -inf  -nan   7   8  15   7 203.03
   13   2018 06 22 23:10:50.750    83450.750  0.2734 30.8605 111.1305   8.00   -inf  -nan  10   3  13   3 204.21
   14   2018 06 22 23:27:47.217    84467.217  0.1851 30.8505 111.1305   4.00   -inf  -nan  12   9  21   9 210.25
    1   2018 06 23 01:55:34.143     6934.143  0.1198 30.8505 111.1305   6.00   -inf  -nan   6   5  11   4 210.25
    2   2018 06 23 02:28:03.099     8883.099  0.2964 31.1605 110.8205  14.00   -inf  -nan   5   9  14   5 222.90
    3   2018 06 23 02:41:35.812     9695.812  0.3076 31.1705 110.3805   2.00   -inf  -nan  14   5  19   5 163.23
    4   2018 06 23 02:49:28.764    10168.764  0.4063 30.9805 110.3805   4.00   -inf  -nan   8   8  16   7  81.13
    5   2018 06 23 03:11:57.416    11517.416  0.2084 30.8505 111.1305   6.00   -inf  -nan   3   3   6   3 232.15
    6   2018 06 23 03:18:26.826    11906.826  0.3886 30.9805 110.4005   0.00   -inf  -nan   5   4   9   1 105.49
    7   2018 06 23 03:31:04.613    12664.613  0.3098 30.8705 110.4005   0.00   -inf  -nan   3   4   7   3 254.25
    8   2018 06 23 05:27:21.902    19641.902  0.4222 31.1105 110.8005   0.00   -inf  -nan   9   4  13   4 131.07
    9   2018 06 23 06:23:15.939    22995.939  0.3987 30.8505 111.1705   2.00   -inf  -nan   8   7  15   6 233.42
   10   2018 06 23 06:25:14.329    23114.329  0.2373 30.8905 111.1205   0.00   -inf  -nan   3   3   6   3 152.93
   11   2018 06 23 08:04:01.981    29041.981  0.1458 31.0505 110.1105   8.00   -inf  -nan   7   5  12   5 291.74
   12   2018 06 23 08:08:12.597    29292.597  0.3197 31.0905 110.6305  10.00   -inf  -nan   5   3   8   3 204.06
   13   2018 06 23 09:14:39.774    33279.774  0.3721 30.8105 111.1605   4.00   -inf  -nan   5   6  11   4 238.50
   14   2018 06 23 10:01:12.892    36072.892  0.2949 30.8505 111.1305   6.00   -inf  -nan  13   7  20   7 210.25
   15   2018 06 23 10:45:02.167    38702.167  0.2819 31.1305 110.0705   0.00   -inf  -nan  12   5  17   5 255.43
   16   2018 06 23 23:21:41.672    84101.672  0.1868 30.8505 111.1605   6.00   -inf  -nan   4   4   8   3 225.53
   17   2018 06 23 23:23:11.220    84191.220  0.2272 30.8505 111.1605   8.00   -inf  -nan   3   3   6   3 246.31
    1   2018 06 24 01:22:13.293     4933.293  0.1532 30.8505 111.1305   4.00   -inf  -nan   7   5  12   5 210.25
    2   2018 06 24 01:22:47.123     4967.123  0.1888 30.8505 111.1305   4.00   -inf  -nan  10   8  18   7 210.25
    3   2018 06 24 02:52:01.859    10321.859  0.1954 30.8505 111.1305   6.00   -inf  -nan   6   6  12   6 210.75
    4   2018 06 24 03:03:36.106    11016.106  0.1888 30.8505 111.1305   6.00   -inf  -nan   3   3   6   2 210.75
    5   2018 06 24 03:51:19.059    13879.059  0.3117 30.9005 110.7205   4.00   -inf  -nan  13  10  23  10  94.62
    6   2018 06 24 04:37:53.563    16673.563  0.2286 30.8405 110.2105   0.00   -inf  -nan   4   3   7   3 261.67
    7   2018 06 24 06:41:22.009    24082.009  0.2864 30.8105 111.1705   4.00   -inf  -nan   7   6  13   5 249.55
    8   2018 06 24 07:49:32.136    28172.136  0.3439 31.1305 110.0305   6.00   -inf  -nan   7   5  12   4 269.61
    9   2018 06 24 08:09:50.786    29390.786  0.1774 30.8505 111.1305   6.00   -inf  -nan   8   6  14   6 210.75
   10   2018 06 24 09:26:36.228    33996.228  0.2798 30.9305 110.8005   6.00   -inf  -nan   4   6  10   4  91.38
   11   2018 06 24 09:41:06.854    34866.854  0.2365 31.1305 110.0305   0.00   -inf  -nan   7   3  10   3 269.61
   12   2018 06 24 10:21:59.394    37319.394  0.4420 30.9705 110.3705   0.00   -inf  -nan   9   8  17   5  88.31
   13   2018 06 24 10:30:40.399    37840.399  0.2443 30.8605 111.1305   4.00   -inf  -nan   8   6  14   6 204.21
   14   2018 06 24 10:45:40.887    38740.887  0.1454 30.8505 111.1305   4.00   -inf  -nan   5   3   8   2 210.25
   15   2018 06 24 12:14:40.548    44080.548  0.2220 30.9305 110.7605   6.00   -inf  -nan   9   9  18   9  96.54
   16   2018 06 24 14:23:17.498    51797.498  0.2489 30.8005 111.1805   4.00   -inf  -nan   3   2   5   1 249.10
   17   2018 06 24 15:09:59.701    54599.701  0.1662 31.1705 110.3805   8.00   -inf  -nan   3   2   5   2 251.98
   18   2018 06 24 17:48:57.030    64137.030  0.3806 31.1405 110.3305   0.00   -inf  -nan   5   5  10   4 156.38
   19   2018 06 24 21:40:37.343    78037.343  0.3239 31.1705 110.3405   8.00   -inf  -nan   6   3   9   3 206.23
   20   2018 06 24 22:32:35.676    81155.676  0.2959 31.0005 109.9705   6.00   -inf  -nan  13   6  19   6 288.12
   21   2018 06 24 23:15:58.446    83758.446  0.1337 30.8505 111.1305   6.00   -inf  -nan  11   5  16   5 210.25
    1   2018 06 25 00:05:31.589      331.589  0.2768 30.8205 111.1705   2.00   -inf  -nan   4   3   7   3 245.81
    2   2018 06 25 02:32:34.775     9154.775  0.3227 30.9305 111.2805   0.00   -inf  -nan   3   3   6   1 309.08
    3   2018 06 25 05:01:33.260    18093.260  0.3283 31.0005 110.6605   4.00   -inf  -nan   5   8  13   4 115.35
    4   2018 06 25 05:10:57.260    18657.260  0.2633 30.8605 110.9305   4.00   -inf  -nan   9   4  13   4  85.90
    5   2018 06 25 07:01:09.616    25269.616  0.2524 30.8505 111.1305   4.00   -inf  -nan   3   3   6   2 210.75
    6   2018 06 25 08:53:50.418    32030.418  0.3936 30.8605 111.2105   6.00   -inf  -nan   5   7  12   5 256.97
    7   2018 06 25 09:53:12.192    35592.192  0.1255 30.8505 111.2805   8.00   -inf  -nan   4   3   7   3 310.92
    8   2018 06 25 15:13:07.704    54787.704  0.3410 30.8005 110.3805  12.00   -inf  -nan   3   2   5   1 234.32
    9   2018 06 25 15:19:35.029    55175.029  0.1426 30.8905 111.1605   8.00   -inf  -nan   5   2   7   2 195.54
   10   2018 06 25 19:49:00.851    71340.851  0.1290 30.9705 110.4105  20.00   -inf  -nan   3   3   6   2 158.18
   11   2018 06 25 23:29:10.886    84550.886  0.1644 30.8505 111.1305   6.00   -inf  -nan   5   3   8   3 210.75
    1   2018 06 26 00:32:37.130     1957.130  0.1778 30.8505 111.1305   4.00   -inf  -nan  11   7  18   7 210.25
    2   2018 06 26 01:27:05.006     5225.006  0.1571 30.8505 111.1305   6.00   -inf  -nan   8   5  13   5 210.25
    3   2018 06 26 02:14:25.021     8065.021  0.2576 30.7705 111.1705   2.00   -inf  -nan   6   3   9   2 263.48
    4   2018 06 26 02:16:57.975     8217.975  0.2100 30.7405 111.1005   0.00   -inf  -nan   6   6  12   4 260.58
    5   2018 06 26 03:07:43.731    11263.731  0.2271 30.8505 110.9605   0.00   -inf  -nan  11   6  17   6 110.18
    6   2018 06 26 04:26:25.278    15985.278  0.3602 30.7105 110.9405   2.00   -inf  -nan  10   7  17   6 224.14
    7   2018 06 26 05:43:34.509    20614.509  0.3582 31.0105 110.9605  10.00   -inf  -nan   6   6  12   5 121.72
    8   2018 06 26 05:57:50.075    21470.075  0.4643 30.9705 110.3705   2.00   -inf  -nan   8   8  16   7  88.31
    9   2018 06 26 06:55:44.124    24944.124  0.2439 30.8605 110.3805   2.00   -inf  -nan   7   2   9   1 172.14
   10   2018 06 26 07:08:27.336    25707.336  0.1269 30.8505 111.1305   6.00   -inf  -nan   5   5  10   5 210.75
   11   2018 06 26 07:21:05.094    26465.094  0.2168 30.8905 111.2405   4.00   -inf  -nan   3   2   5   2 321.53
   12   2018 06 26 08:43:13.586    31393.586  0.1098 31.2205 110.0505   4.00   -inf  -nan   6   2   8   2 289.11
   13   2018 06 26 08:54:40.269    32080.269  0.2635 30.8505 111.2805   4.00   -inf  -nan   5   4   9   2 294.25
   14   2018 06 26 09:16:32.902    33392.902  0.2088 31.2205 110.0505   2.00   -inf  -nan   7   4  11   3 289.11
   15   2018 06 26 09:35:33.080    34533.080  0.1996 30.8505 111.1305   4.00   -inf  -nan   4   3   7   3 210.75
   16   2018 06 26 09:47:53.535    35273.535  0.2386 30.9805 110.7805   0.00   -inf  -nan   9   5  14   5 148.02
   17   2018 06 26 10:24:49.758    37489.758  0.2974 31.1305 110.0305   0.00   -inf  -nan   4   3   7   2 269.61
   18   2018 06 26 14:51:27.250    53487.250  0.1187 31.1805 110.2505  14.00   -inf  -nan   3   2   5   2 229.08
   19   2018 06 26 15:51:35.845    57095.845  0.3126 30.8205 110.4605   0.00   -inf  -nan   3   3   6   2 251.31
   20   2018 06 26 17:42:49.892    63769.892  0.3703 31.0905 110.0705   0.00   -inf  -nan  12  12  24  10 249.51
   21   2018 06 26 22:31:06.274    81066.274  0.1795 30.8505 111.1305   4.00   -inf  -nan   9   6  15   6 210.75
   22   2018 06 26 23:30:56.789    84656.789  0.4885 31.0705 110.4805   6.00   -inf  -nan   4   4   8   3 207.60
   23   2018 06 26 23:35:16.676    84916.676  0.2294 30.8505 111.1305   4.00   -inf  -nan   6   7  13   6 283.92
    1   2018 06 27 01:01:06.676     3666.676  0.2238 30.8505 111.1305   4.00   -inf  -nan   5   5  10   4 210.75
    2   2018 06 27 02:04:26.569     7466.569  0.1035 30.8505 111.1305   6.00   -inf  -nan   4   2   6   2 210.75
    3   2018 06 27 09:24:59.689    33899.689  0.2677 31.0005 109.9705   8.00   -inf  -nan   7   7  14   7 288.12
    4   2018 06 27 09:26:22.511    33982.511  0.1214 30.8505 111.1305   6.00   -inf  -nan   8   4  12   4 210.75
    5   2018 06 27 10:15:42.588    36942.588  0.1730 30.8505 111.1305   4.00   -inf  -nan   5   4   9   4 210.75
    6   2018 06 27 10:52:29.137    39149.137  0.3802 31.0605 110.8205   0.00   -inf  -nan   3   3   6   3 130.43
    7   2018 06 27 11:56:37.860    42997.860  0.4361 31.0205 110.7005   0.00   -inf  -nan   4   5   9   3 135.58
    8   2018 06 27 15:02:09.789    54129.789  0.2202 30.7005 110.9305   8.00   -inf  -nan  12  13  25  12 227.80
    9   2018 06 27 22:17:48.591    80268.591  0.1853 30.8505 111.1305   6.00   -inf  -nan   4   4   8   4 232.15
    1   2018 06 28 01:14:51.450     4491.450  0.2956 30.8505 111.1705   2.00   -inf  -nan   7   5  12   4 233.42
    2   2018 06 28 02:18:10.436     8290.436  0.3043 30.8905 111.1605   8.00   -inf  -nan   5   4   9   3 195.55
    3   2018 06 28 02:39:07.971     9547.971  0.1998 30.9705 111.0805   0.00   -inf  -nan   3   4   7   3 234.39
    4   2018 06 28 04:34:56.136    16496.136  0.2042 30.8505 111.1305   4.00   -inf  -nan   4   4   8   4 210.25
    5   2018 06 28 06:01:55.322    21715.322  0.3679 30.9405 110.7805  12.00   -inf  -nan   9   9  18   8  92.21
    6   2018 06 28 07:41:39.387    27699.387  0.1671 31.1005 110.4005   2.00   -inf  -nan   3   3   6   3 254.15
    7   2018 06 28 08:12:59.828    29579.828  0.3708 31.0605 110.4805   0.00   -inf  -nan   3   4   7   3 217.29
    8   2018 06 28 09:28:16.767    34096.767  0.1453 30.8105 111.1705   4.00   -inf  -nan   3   2   5   2 286.32
    9   2018 06 28 09:48:00.179    35280.179  0.3062 30.8505 111.3605   8.00   -inf  -nan  12  13  25  12 313.54
   10   2018 06 28 09:59:58.958    35998.958  0.3213 30.9705 110.8005   0.00   -inf  -nan   4   2   6   2 138.84
   11   2018 06 28 11:03:06.833    39786.833  0.2597 30.8905 111.1305   0.00   -inf  -nan   3   3   6   3 164.15
   12   2018 06 28 19:41:21.046    70881.046  0.3795 31.0605 110.4405   4.00   -inf  -nan   5   5  10   5 210.58
   13   2018 06 28 22:06:16.942    79576.942  0.1914 30.8505 111.1305   6.00   -inf  -nan  11   9  20   9 210.25
   14   2018 06 28 23:53:28.282    86008.282  0.2230 31.0205 110.3205   6.00   -inf  -nan   5   6  11   5 159.72
    1   2018 06 29 00:32:46.560     1966.560  0.1918 31.0205 110.3205   4.00   -inf  -nan   8   6  14   6  94.36
    2   2018 06 29 01:50:21.183     6621.183  0.2366 30.8505 111.1305   4.00   -inf  -nan   7   7  14   6 210.75
    3   2018 06 29 02:41:21.995     9681.995  0.2109 30.7305 111.2105   2.00   -inf  -nan   5   2   7   1 269.60
    4   2018 06 29 03:00:21.999    10821.999  0.1259 30.8505 111.1305   6.00   -inf  -nan   8   6  14   6 210.25
    5   2018 06 29 03:43:07.841    13387.841  0.4373 30.7805 110.9305   4.00   -inf  -nan   9   5  14   5 157.56
    6   2018 06 29 04:02:01.346    14521.346  0.3808 30.8605 110.9305   0.00   -inf  -nan  10   5  15   5  85.90
    7   2018 06 29 04:15:15.919    15315.919  0.3953 31.0605 110.4405   0.00   -inf  -nan   3   3   6   2 210.58
    8   2018 06 29 05:57:13.668    21433.668  0.3760 31.0505 110.4605   0.00   -inf  -nan   3   5   8   3 111.60
    9   2018 06 29 06:48:24.349    24504.349  0.4311 30.9705 110.3705   0.00   -inf  -nan   7   9  16   7  88.31
   10   2018 06 29 07:15:53.911    26153.911  0.1865 31.2105 110.3005   0.00   -inf  -nan   5   2   7   2 198.95
   11   2018 06 29 09:10:22.216    33022.216  0.1008 30.8505 111.1305   4.00   -inf  -nan   3   2   5   2 232.15
   12   2018 06 29 09:22:33.470    33753.470  0.2472 30.8605 111.1305   6.00   -inf  -nan   6   7  13   4 204.21
   13   2018 06 29 09:23:38.233    33818.233  0.3658 31.1305 110.4205   6.00   -inf  -nan   3   4   7   2 169.30
   14   2018 06 29 09:35:30.646    34530.646  0.1429 30.8505 111.1305   6.00   -inf  -nan   6   3   9   3 210.75
   15   2018 06 29 12:02:35.543    43355.543  0.4005 30.9005 110.7205   0.00   -inf  -nan  14  11  25  10  94.62
   16   2018 06 29 12:21:58.491    44518.491  0.3390 31.0605 110.4405   8.00   -inf  -nan   3   4   7   3 256.49
   17   2018 06 29 18:49:38.821    67778.821  0.3028 31.1305 110.0705   0.00   -inf  -nan   3   2   5   2 292.31
   18   2018 06 29 19:06:58.246    68818.246  0.3468 31.0905 110.1905   4.00   -inf  -nan   3   5   8   3 181.48
   19   2018 06 29 21:42:53.546    78173.546  0.1511 31.1705 110.3405  10.00   -inf  -nan   4   2   6   2 176.84
   20   2018 06 29 22:27:21.502    80841.502  0.3381 30.8505 111.1605   8.00   -inf  -nan   8   5  13   2 225.53
   21   2018 06 29 23:26:49.047    84409.047  0.2443 31.0905 110.0705   0.00   -inf  -nan   5   3   8   3 288.30
    1   2018 06 30 00:15:57.933      957.933  0.1905 30.8905 111.0405   6.00   -inf  -nan   8   3  11   3  98.74
    2   2018 06 30 00:53:20.314     3200.314  0.3242 30.8505 111.1305   4.00   -inf  -nan  10   8  18   6 210.25
    3   2018 06 30 02:21:31.858     8491.858  0.3183 31.0905 110.0305   8.00   -inf  -nan  11   7  18   6 265.19
    4   2018 06 30 02:39:27.533     9567.533  0.3700 30.6905 111.0905  12.00   -inf  -nan   4   2   6   1 298.35
    5   2018 06 30 03:39:30.778    13170.778  0.1921 30.8505 111.1305   4.00   -inf  -nan  12   8  20   8 210.25
    6   2018 06 30 04:21:15.006    15675.006  0.3520 30.9705 110.3705   2.00   -inf  -nan  13  12  25   9  88.31
    7   2018 06 30 05:58:02.039    21482.039  0.1552 30.8505 111.1305   4.00   -inf  -nan   7   6  13   5 210.25
    8   2018 06 30 08:37:43.419    31063.419  0.1350 30.8505 111.1305   6.00   -inf  -nan   4   3   7   3 232.15
    9   2018 06 30 16:05:36.612    57936.612  0.4024 31.0605 110.3305   0.00   -inf  -nan   3   2   5   1 146.77
   10   2018 06 30 16:44:53.645    60293.645  0.3100 31.1205 110.0505   4.00   -inf  -nan  11  11  22   9 293.73
   11   2018 06 30 22:34:02.421    81242.421  0.2554 30.8505 111.1305   8.00   -inf  -nan   7   4  11   3 210.25
   12   2018 06 30 23:03:13.881    82993.881  0.3347 31.1005 110.0505   0.00   -inf  -nan  13   7  20   7 258.64
    1   2018 07 01 04:26:27.828    15987.828  0.3599 30.9005 110.7205   0.00   -inf  -nan  10  12  22   8  94.62
    2   2018 07 01 04:54:20.177    17660.177  0.0999 30.8505 111.1305   4.00   -inf  -nan   4   2   6   2 232.15
    3   2018 07 01 04:56:57.417    17817.417  0.1674 31.1805 110.2905   6.00   -inf  -nan   3   3   6   3 183.58
    4   2018 07 01 05:42:25.301    20545.301  0.3052 31.1305 110.0305   0.00   -inf  -nan  11   9  20   7 269.61
    5   2018 07 01 05:43:27.559    20607.559  0.2006 30.8505 111.1305   0.00   -inf  -nan   8   3  11   2 210.75
    6   2018 07 01 05:44:26.685    20666.685  0.3251 31.0905 110.1105   0.00   -inf  -nan   9   6  15   6 230.20
    7   2018 07 01 07:03:13.867    25393.867  0.3447 30.8705 110.9405   2.00   -inf  -nan  10   8  18   7  86.65
    8   2018 07 01 11:21:56.427    40916.427  0.3017 31.2105 110.3505   0.00   -inf  -nan   7   2   9   2 245.07
    9   2018 07 01 12:04:14.151    43454.151  0.4840 31.0605 110.2105   8.00   -inf  -nan  13  11  24  10 165.91
   10   2018 07 01 15:56:21.278    57381.278  0.2846 31.2105 110.3405   2.00   -inf  -nan   3   2   5   2 242.32
   11   2018 07 01 16:17:04.826    58624.826  0.3686 31.1805 110.0905   4.00   -inf  -nan   3   2   5   1 263.70
   12   2018 07 01 21:19:09.022    76749.022  0.2019 30.8005 110.2105   2.00   -inf  -nan   5   3   8   3 278.44
   13   2018 07 01 22:57:58.537    82678.537  0.1342 31.2105 110.3005   4.00   -inf  -nan   3   2   5   2 299.00
    1   2018 07 02 00:56:07.902     3367.902  0.3435 30.8605 111.2305   8.00   -inf  -nan   3   3   6   3 285.75
    2   2018 07 02 00:57:31.906     3451.906  0.1535 30.8505 111.1305   6.00   -inf  -nan   4   3   7   3 232.15
    3   2018 07 02 05:33:45.456    20025.456  0.3193 31.1805 110.3205   0.00   -inf  -nan   6   5  11   3 242.29
    4   2018 07 02 05:46:02.632    20762.632  0.2191 30.8205 110.4205   6.00   -inf  -nan   3   3   6   3 281.92
    5   2018 07 02 05:50:34.449    21034.449  0.4619 30.8605 110.3805   0.00   -inf  -nan   4   4   8   2 245.52
    6   2018 07 02 06:31:50.861    23510.861  0.2894 30.8105 110.9205   0.00   -inf  -nan   5   3   8   3 124.13
    7   2018 07 02 07:15:46.501    26146.501  0.2377 30.8505 111.1305   6.00   -inf  -nan   5   4   9   4 210.75
    8   2018 07 02 07:46:23.847    27983.847  0.3882 30.8505 111.2405   8.00   -inf  -nan   6   7  13   4 278.91
    9   2018 07 02 09:09:10.467    32950.467  0.2521 30.9305 111.4005   4.00   -inf  -nan   9   3  12   3 320.35
   10   2018 07 02 09:52:02.024    35522.024  0.4585 31.1305 110.3105   0.00   -inf  -nan   3   2   5   1 196.50
   11   2018 07 02 23:19:02.859    83942.859  0.2733 31.0205 110.4605   2.00   -inf  -nan   5   6  11   4  90.43
   12   2018 07 02 23:22:01.680    84121.680  0.2191 30.8505 111.1305   6.00   -inf  -nan   9   4  13   4 210.25
    1   2018 07 03 02:40:34.741     9634.741  0.3905 30.9005 110.7205   4.00   -inf  -nan  14  12  26  11  94.62
    2   2018 07 03 03:22:15.808    12135.808  0.3388 30.9905 110.4005   0.00   -inf  -nan   7   9  16   5  82.61
    3   2018 07 03 03:24:31.426    12271.426  0.1930 30.8505 111.1305   4.00   -inf  -nan   3   3   6   3 232.15
    4   2018 07 03 03:39:01.522    13141.522  0.3481 30.9905 110.8005   0.00   -inf  -nan  11   6  17   6  84.27
    5   2018 07 03 04:52:23.149    17543.149  0.3907 31.1605 110.8205   8.00   -inf  -nan  16   4  20   4 216.12
    6   2018 07 03 06:43:37.022    24217.022  0.3070 30.8105 111.2805   4.00   -inf  -nan   7   8  15   5 287.89
    7   2018 07 03 07:20:55.264    26455.264  0.3151 31.1705 110.3805   0.00   -inf  -nan  10   5  15   5 174.23
    8   2018 07 03 08:37:57.908    31077.908  0.3351 30.9705 110.3705   6.00   -inf  -nan  11   6  17   5  88.31
    9   2018 07 03 08:47:50.867    31670.867  0.3157 30.9805 110.3805   0.00   -inf  -nan  10   4  14   3  84.89
   10   2018 07 03 14:26:32.423    51992.423  0.2236 31.0105 110.4705   8.00   -inf  -nan   6   5  11   5 135.90
   11   2018 07 03 19:35:20.402    70520.402  0.3519 31.0505 110.4505   0.00   -inf  -nan   5   5  10   3 109.19
    1   2018 07 04 01:41:25.569     6085.569  0.3032 30.8905 111.0805   6.00   -inf  -nan   5   2   7   2 159.48
    2   2018 07 04 05:02:02.474    18122.474  0.3496 31.1405 110.8705   4.00   -inf  -nan  14  11  25   9 202.61
    3   2018 07 04 08:59:19.249    32359.249  0.2452 30.7905 110.9005   0.00   -inf  -nan   9   3  12   3 127.42
    4   2018 07 04 09:08:19.312    32899.312  0.2259 30.9405 110.7705  14.00   -inf  -nan   5   3   8   3 124.28
    5   2018 07 04 10:19:37.190    37177.190  0.1135 30.9005 110.7805   8.00   -inf  -nan   3   3   6   3 293.44
    6   2018 07 04 10:20:51.005    37251.005  0.1885 30.9005 110.7805   8.00   -inf  -nan   5   5  10   5 293.44
    7   2018 07 04 10:25:42.744    37542.744  0.2883 30.9405 110.7805  10.00   -inf  -nan   5   6  11   5 118.73
    8   2018 07 04 10:31:27.294    37887.294  0.1545 30.9305 110.7605  10.00   -inf  -nan  12  11  23  10  96.54
    9   2018 07 04 10:37:40.537    38260.537  0.1790 30.9305 110.7605  10.00   -inf  -nan  10   9  19   9  96.54
   10   2018 07 04 10:55:17.882    39317.882  0.3997 30.9405 110.7505   8.00   -inf  -nan  20  17  37  17  64.69
   11   2018 07 04 10:55:57.206    39357.206  0.4316 30.9405 110.7405  10.00   -inf  -nan  12  11  23   9  64.82
   12   2018 07 04 10:56:51.375    39411.375  0.1762 30.9005 110.7805   8.00   -inf  -nan   3   3   6   3 293.44
   13   2018 07 04 10:58:07.261    39487.261  0.2530 30.9405 110.7605  10.00   -inf  -nan  17  14  31  14  77.93
   14   2018 07 04 10:58:41.800    39521.800  0.1645 30.9005 110.7805   8.00   -inf  -nan   3   3   6   3 293.44
   15   2018 07 04 10:59:38.479    39578.479  0.3853 30.9405 110.7505   8.00   -inf  -nan  20  19  39  19  64.69
   16   2018 07 04 11:09:42.685    40182.685  0.2771 31.0905 110.1905   0.00   -inf  -nan   4   5   9   4 250.52
   17   2018 07 04 11:38:09.198    41889.198  0.2897 30.9305 110.7605   8.00   -inf  -nan  16  16  32  14  71.26
   18   2018 07 04 11:38:44.473    41924.473  0.3144 30.9405 110.7505  10.00   -inf  -nan  15  14  29  14  68.13
   19   2018 07 04 11:39:01.202    41941.202  0.2541 30.9405 110.7805  10.00   -inf  -nan   5   3   8   3 165.87
   20   2018 07 04 11:50:37.463    42637.463  0.2153 30.9405 110.7605  10.00   -inf  -nan   6   7  13   6 128.27
   21   2018 07 04 11:51:10.902    42670.902  0.0896 30.9405 110.7805  10.00   -inf  -nan   3   2   5   2 329.07
   22   2018 07 04 11:51:27.563    42687.563  0.3009 30.9305 110.7605  10.00   -inf  -nan  19  17  36  17  69.03
   23   2018 07 04 11:53:07.691    42787.691  0.3343 30.9405 110.7805  10.00   -inf  -nan   8   9  17   8  92.21
   24   2018 07 04 11:55:12.332    42912.332  0.2570 30.9405 110.7605  10.00   -inf  -nan  12  10  22  10  89.29
   25   2018 07 04 11:58:35.462    43115.462  0.3636 30.9405 110.7805  12.00   -inf  -nan  17  16  33  16  92.21
   26   2018 07 04 12:03:23.189    43403.189  0.4324 30.8605 110.7405   4.00   -inf  -nan   3   4   7   3 294.68
   27   2018 07 04 14:15:18.120    51318.120  0.2589 30.9405 110.7805  12.00   -inf  -nan   9   9  18   9 118.73
   28   2018 07 04 14:45:08.873    53108.873  0.2113 30.9405 110.7605   8.00   -inf  -nan   4   3   7   3 293.20
   29   2018 07 04 15:05:02.195    54302.195  0.2418 30.9405 110.7805  12.00   -inf  -nan   6   7  13   6 210.94
   30   2018 07 04 15:20:03.024    55203.024  0.1641 30.9005 110.7805   8.00   -inf  -nan   4   5   9   4 293.44
   31   2018 07 04 16:41:46.959    60106.959  0.2591 30.9305 110.7605   8.00   -inf  -nan  11  11  22   9  96.97
   32   2018 07 04 16:43:15.337    60195.337  0.1760 30.9405 110.7805  12.00   -inf  -nan   4   4   8   4 292.94
   33   2018 07 04 16:46:33.693    60393.693  0.1723 30.9405 110.7805  10.00   -inf  -nan   3   3   6   3 292.94
   34   2018 07 04 16:57:52.410    61072.410  0.1581 30.9005 110.7805   8.00   -inf  -nan   3   3   6   3 293.44
   35   2018 07 04 19:02:05.385    68525.385  0.1699 30.9005 110.7805   6.00   -inf  -nan   3   3   6   3 293.44
   36   2018 07 04 19:54:31.690    71671.690  0.2376 30.9405 110.7805  12.00   -inf  -nan   6   6  12   6 210.94
   37   2018 07 04 20:15:14.092    72914.092  0.3209 30.9005 110.7805  12.00   -inf  -nan   4   3   7   3 293.44
   38   2018 07 04 20:16:29.231    72989.231  0.1301 30.9005 110.7805   6.00   -inf  -nan   4   3   7   3 293.44
   39   2018 07 04 20:19:05.235    73145.235  0.3129 30.9405 110.7605  12.00   -inf  -nan  18  16  34  16  87.32
   40   2018 07 04 20:27:57.847    73677.847  0.2724 30.9405 110.7805  10.00   -inf  -nan   9   8  17   8 118.73
   41   2018 07 04 20:29:42.585    73782.585  0.3119 31.1705 110.3405   8.00   -inf  -nan   6   4  10   4 206.23
   42   2018 07 04 21:28:47.870    77327.870  0.3113 30.9105 110.7605  10.00   -inf  -nan  16  17  33  15 113.59
   43   2018 07 04 21:31:30.632    77490.632  0.2368 30.9305 110.7605  10.00   -inf  -nan  15  13  28  13  71.26
   44   2018 07 04 23:07:46.715    83266.715  0.1365 31.0305 110.5605   0.00   -inf  -nan   6   5  11   4 165.54
   45   2018 07 04 23:29:24.926    84564.926  0.2564 30.7705 110.7605  10.00   -inf  -nan   3   4   7   3 145.85
    1   2018 07 05 03:40:12.540    13212.540  0.4628 31.0205 110.4405   2.00   -inf  -nan   7   9  16   6 124.44
    2   2018 07 05 06:22:34.771    22954.771  0.4190 30.9005 110.7205   0.00   -inf  -nan  10   7  17   5  94.62
    3   2018 07 05 07:15:28.086    26128.086  0.1663 30.9005 110.7805   8.00   -inf  -nan   3   3   6   3 293.44
    4   2018 07 05 07:16:03.571    26163.571  0.2858 30.9405 110.7605   8.00   -inf  -nan  20  16  36  16  64.29
    5   2018 07 05 07:17:20.926    26240.926  0.3196 30.9405 110.7805  12.00   -inf  -nan  12  12  24  12  92.21
    6   2018 07 05 07:22:56.325    26576.325  0.1729 30.9005 110.7805   8.00   -inf  -nan   3   3   6   3 293.44
    7   2018 07 05 07:34:42.530    27282.530  0.3330 30.9405 110.7705  12.00   -inf  -nan  12  15  27   9  63.66
    8   2018 07 05 08:59:37.610    32377.610  0.2106 30.9105 110.8005   8.00   -inf  -nan   3   3   6   3 302.51
    9   2018 07 05 09:11:54.683    33114.683  0.2632 30.9805 110.4405   6.00   -inf  -nan   3   2   5   2 155.95
   10   2018 07 05 16:34:21.585    59661.585  0.2962 31.1705 110.3005   0.00   -inf  -nan   3   3   6   3 273.95
   11   2018 07 05 21:58:32.203    79112.203  0.2772 31.1705 110.3405   8.00   -inf  -nan   3   3   6   3 206.23
   12   2018 07 05 22:20:21.853    80421.853  0.1730 30.9405 110.7805  10.00   -inf  -nan   4   4   8   4 210.94
   13   2018 07 05 22:23:14.451    80594.451  0.2733 30.9305 110.7605  12.00   -inf  -nan  19  14  33  14  69.03
   14   2018 07 05 22:24:10.261    80650.261  0.4081 30.9505 110.7405  12.00   -inf  -nan   9   8  17   8  86.77
   15   2018 07 05 22:25:08.595    80708.595  0.1726 30.9005 110.7805   8.00   -inf  -nan   3   3   6   3 293.44
   16   2018 07 05 22:28:38.422    80918.422  0.2896 31.0905 110.4205   6.00   -inf  -nan   3   2   5   2 235.46
   17   2018 07 05 22:52:45.998    82365.998  0.3734 30.9405 110.7805  10.00   -inf  -nan  15  17  32  15  62.87
   18   2018 07 05 23:09:22.751    83362.751  0.4732 31.1205 110.0505   8.00   -inf  -nan   8   4  12   3 261.22
   19   2018 07 05 23:30:20.857    84620.857  0.2651 30.9305 110.7505  10.00   -inf  -nan   5   6  11   5 162.42
    1   2018 07 06 03:25:42.771    12342.771  0.2719 30.9405 110.7505  10.00   -inf  -nan  15  12  27  12  68.13
    2   2018 07 06 03:29:48.429    12588.429  0.1342 30.9405 110.7805  10.00   -inf  -nan   3   3   6   3 292.94
    3   2018 07 06 04:21:10.872    15670.872  0.2527 31.0905 110.0705   0.00   -inf  -nan   6   5  11   4 249.51
    4   2018 07 06 04:53:39.150    17619.150  0.1872 30.9005 110.7805   8.00   -inf  -nan   3   3   6   3 293.44
    5   2018 07 06 06:05:31.659    21931.659  0.1769 30.7505 110.8205   6.00   -inf  -nan   3   3   6   2 167.07
    6   2018 07 06 07:38:03.549    27483.549  0.3265 30.9405 110.7505  10.00   -inf  -nan  14  12  26  11  68.13
    7   2018 07 06 07:53:41.135    28421.135  0.0747 30.9405 110.7805  10.00   -inf  -nan   3   2   5   2 292.94
    8   2018 07 06 08:06:46.746    29206.746  0.2934 30.9405 110.7505  10.00   -inf  -nan   8   8  16   7  68.13
    9   2018 07 06 08:36:41.058    31001.058  0.1670 30.9005 110.7805   6.00   -inf  -nan   3   3   6   3 293.44
   10   2018 07 06 08:39:01.290    31141.290  0.3151 31.0005 110.1705   4.00   -inf  -nan   7   3  10   3 225.70
   11   2018 07 06 11:53:20.363    42800.363  0.2378 31.1305 110.3405   0.00   -inf  -nan   5   2   7   2 142.29
   12   2018 07 06 12:32:18.387    45138.387  0.3272 30.8705 110.4805   0.00   -inf  -nan   7   6  13   6 200.26
   13   2018 07 06 19:12:29.396    69149.396  0.4716 30.9505 110.8405   0.00   -inf  -nan   3   3   6   3 346.49
    1   2018 07 07 04:47:41.453    17261.453  0.2764 31.1305 110.0305   0.00   -inf  -nan  10   6  16   6 269.61
    2   2018 07 07 05:38:25.160    20305.160  0.3751 30.8905 110.7205   0.00   -inf  -nan   8   3  11   3  97.68
    3   2018 07 07 06:50:53.977    24653.977  0.4093 31.1405 110.3705   0.00   -inf  -nan   4   5   9   1 147.03
    4   2018 07 07 08:53:01.918    31981.918  0.4370 30.7805 110.9805   6.00   -inf  -nan   4   6  10   4 307.17
    5   2018 07 07 15:19:50.789    55190.789  0.2062 30.9405 110.7805  10.00   -inf  -nan   7   9  16   7  92.21
    6   2018 07 07 15:47:07.039    56827.039  0.3950 31.0505 110.4605   4.00   -inf  -nan  16  14  30  12 109.45
    7   2018 07 07 16:07:44.466    58064.466  0.3359 31.0505 110.4605   0.00   -inf  -nan   5   6  11   4 147.48
    8   2018 07 07 16:16:42.319    58602.319  0.3399 31.0205 110.4805   2.00   -inf  -nan   5   4   9   4 144.86
    9   2018 07 07 16:52:40.982    60760.982  0.2749 31.0605 110.4405   2.00   -inf  -nan   3   4   7   2 144.26
   10   2018 07 07 17:02:19.097    61339.097  0.2562 31.0205 110.4405   6.00   -inf  -nan   4   3   7   3 166.62
   11   2018 07 07 17:47:20.551    64040.551  0.3466 30.9805 110.8305   0.00   -inf  -nan   4   6  10   4 114.54
   12   2018 07 07 18:48:15.491    67695.491  0.2783 31.0205 110.3205   0.00   -inf  -nan  10   9  19   8  58.53
   13   2018 07 07 19:44:32.448    71072.448  0.3467 31.0505 110.4605   0.00   -inf  -nan   7   7  14   7 111.60
    1   2018 07 08 00:24:06.904     1446.904  0.3259 31.1305 110.1905   2.00   -inf  -nan   9   8  17   7 185.83
    2   2018 07 08 02:03:24.474     7404.474  0.2404 30.8105 111.1305   6.00   -inf  -nan   3   2   5   2 278.54
    3   2018 07 08 03:28:36.527    12516.527  0.1903 30.8605 110.5405   2.00   -inf  -nan   3   2   5   2 278.00
    4   2018 07 08 04:15:54.407    15354.407  0.2464 30.9305 110.9605   4.00   -inf  -nan   7   3  10   3  94.19
    5   2018 07 08 08:38:11.712    31091.712  0.1431 30.7805 110.4605   2.00   -inf  -nan   3   2   5   2 307.40
    6   2018 07 08 10:30:47.657    37847.657  0.3341 31.0105 110.1505   0.00   -inf  -nan  11   4  15   4 256.21
    7   2018 07 08 14:04:08.017    50648.017  0.1975 31.1305 110.0305   0.00   -inf  -nan   3   3   6   3 304.77
    8   2018 07 08 15:08:43.193    54523.193  0.2644 31.0205 110.4405   6.00   -inf  -nan   4   4   8   2 123.87
    9   2018 07 08 16:49:13.998    60553.998  0.2402 31.0205 110.4405   4.00   -inf  -nan   6   6  12   6 123.87
   10   2018 07 08 17:02:46.251    61366.251  0.3418 31.1705 110.3005   0.00   -inf  -nan   3   2   5   2 273.95
    1   2018 07 09 04:52:52.327    17572.327  0.3888 31.0505 110.4605   0.00   -inf  -nan  12  10  22  10 109.45
    2   2018 07 09 05:17:13.246    19033.246  0.2022 31.0205 110.4405   4.00   -inf  -nan   3   4   7   3 128.00
    3   2018 07 09 06:43:29.734    24209.734  0.3221 30.8205 110.9305   0.00   -inf  -nan  11   5  16   5 115.76
    4   2018 07 09 07:32:58.345    27178.345  0.4763 31.0505 110.4605   4.00   -inf  -nan  12  11  23  10 109.45
    5   2018 07 09 07:34:17.021    27257.021  0.3472 31.0205 110.4405   4.00   -inf  -nan  14  10  24   9 106.55
    6   2018 07 09 09:21:27.410    33687.410  0.1997 31.1205 110.7805  12.00   -inf  -nan   3   3   6   3 194.54
    7   2018 07 09 09:54:22.337    35662.337  0.4050 31.0205 110.4405   2.00   -inf  -nan   4   8  12   4 124.44
    8   2018 07 09 11:46:52.556    42412.556  0.1989 31.1005 110.0805   2.00   -inf  -nan   6   4  10   3 246.12
    9   2018 07 09 12:30:44.623    45044.623  0.1672 30.7805 110.7705  10.00   -inf  -nan   7   7  14   7 110.23
   10   2018 07 09 14:59:58.601    53998.601  0.2459 31.0505 110.4605   8.00   -inf  -nan  18   6  24   6 109.45
   11   2018 07 09 18:03:32.378    65012.378  0.3276 31.0205 110.4405   2.00   -inf  -nan  12   9  21   9  87.12
   12   2018 07 09 19:36:55.113    70615.113  0.3075 31.1005 110.0505   2.00   -inf  -nan   5   5  10   3 258.64
   13   2018 07 09 20:26:06.694    73566.694  0.3492 31.0505 110.4605   8.00   -inf  -nan   9   7  16   7 111.60
    1   2018 07 10 00:09:23.913      563.913  0.4946 31.0205 110.4405   2.00   -inf  -nan   4   4   8   3 128.00
    2   2018 07 10 03:52:00.234    13920.234  0.1882 31.0905 110.1905   2.00   -inf  -nan   4   3   7   3 250.52
    3   2018 07 10 04:41:33.226    16893.226  0.2990 30.8705 110.9005   0.00   -inf  -nan   9   4  13   3 128.78
    4   2018 07 10 07:50:38.909    28238.909  0.3212 30.9305 110.8005   4.00   -inf  -nan   7   7  14   6 171.71
    5   2018 07 10 08:40:09.629    31209.629  0.3234 30.9805 110.3805   4.00   -inf  -nan   8   5  13   3  84.88
    6   2018 07 10 10:52:22.516    39142.516  0.2929 31.0505 110.4605   2.00   -inf  -nan  15  10  25  10 109.45
    7   2018 07 10 11:10:37.272    40237.272  0.2044 30.9305 110.8005   8.00   -inf  -nan   3   3   6   3 226.80
    8   2018 07 10 15:31:27.224    55887.224  0.2243 31.1305 110.3105   4.00   -inf  -nan   3   2   5   1 229.80
    1   2018 07 11 02:54:42.442    10482.442  0.3869 31.1805 110.3405   0.00   -inf  -nan   7   8  15   6 237.17
    2   2018 07 11 04:01:38.605    14498.605  0.2817 30.9005 110.7205   0.00   -inf  -nan  10   5  15   4  94.62
    3   2018 07 11 04:28:02.537    16082.537  0.2169 30.9805 110.3605   0.00   -inf  -nan   3   5   8   3  99.05
    4   2018 07 11 04:55:22.697    17722.697  0.1142 30.8805 110.0105   4.00   -inf  -nan   4   2   6   1 328.30
    5   2018 07 11 06:19:37.971    22777.971  0.4140 31.0605 110.4405   0.00   -inf  -nan  10  11  21   8 108.13
    6   2018 07 11 06:35:53.378    23753.378  0.3873 30.8705 110.9405   2.00   -inf  -nan   8   5  13   4 126.90
    7   2018 07 11 07:47:08.866    28028.866  0.2708 30.8905 110.0705  10.00   -inf  -nan   5   3   8   3 312.31
    8   2018 07 11 09:42:23.263    34943.263  0.1549 30.9505 110.6005  12.00   -inf  -nan   3   2   5   2 213.37
    9   2018 07 11 10:38:26.739    38306.739  0.1297 30.7905 110.7405  10.00   -inf  -nan   3   3   6   3 220.51
   10   2018 07 11 17:24:17.963    62657.963  0.4020 31.0605 110.3405   4.00   -inf  -nan   9   6  15   6 122.40
    1   2018 07 12 02:44:42.755     9882.755  0.1862 31.0905 110.3405   8.00   -inf  -nan   3   2   5   2 153.81
    2   2018 07 12 02:46:09.205     9969.205  0.1710 30.8105 111.2405   0.00   -inf  -nan   3   2   5   1 273.09
    3   2018 07 12 04:12:56.018    15176.018  0.1376 30.9005 110.7805   8.00   -inf  -nan   3   3   6   3 293.44
    4   2018 07 12 04:18:22.862    15502.862  0.2043 30.9405 110.7605  12.00   -inf  -nan   3   3   6   3 272.77
    5   2018 07 12 04:19:15.342    15555.342  0.4033 30.9405 110.7605   6.00   -inf  -nan  15  16  31  15  87.32
    6   2018 07 12 04:27:06.665    16026.665  0.1941 30.9505 110.7605  10.00   -inf  -nan  10   8  18   8 124.12
    7   2018 07 12 05:11:04.892    18664.892  0.3534 31.0105 110.4505  12.00   -inf  -nan   4   4   8   4 176.76
    8   2018 07 12 07:58:58.261    28738.261  0.3711 31.1805 110.3205   0.00   -inf  -nan   6   5  11   4 268.35
    9   2018 07 12 08:16:49.974    29809.974  0.1049 30.8105 111.2805   8.00   -inf  -nan   3   2   5   2 318.29
   10   2018 07 12 14:23:34.009    51814.009  0.3909 31.0505 110.4205  12.00   -inf  -nan  10   8  18   8  94.28
   11   2018 07 12 15:37:34.407    56254.407  0.2398 31.0505 110.4205  10.00   -inf  -nan   3   4   7   3 190.94
    1   2018 07 13 03:39:48.677    13188.677  0.2139 31.1305 110.3405   4.00   -inf  -nan   5   4   9   4 221.12
    2   2018 07 13 03:45:59.636    13559.636  0.4150 30.9705 110.3705   0.00   -inf  -nan  10   7  17   6  88.31
    3   2018 07 13 03:52:40.998    13960.998  0.4220 30.7405 110.7405  14.00   -inf  -nan  15  11  26  10 109.08
    4   2018 07 13 07:03:44.294    25424.294  0.3348 31.0605 110.4805  12.00   -inf  -nan   5   6  11   5 175.68
    5   2018 07 13 08:33:45.053    30825.053  0.3016 30.8105 110.9205   0.00   -inf  -nan  10   4  14   4 101.23
    6   2018 07 13 09:25:29.078    33929.078  0.4398 30.7805 111.0105   4.00   -inf  -nan   8   4  12   4 299.98
    7   2018 07 13 15:50:40.012    57040.012  0.4069 31.0205 110.4405  10.00   -inf  -nan   4   4   8   3 128.00
    8   2018 07 13 17:12:08.466    61928.466  0.3377 31.0305 110.4405  14.00   -inf  -nan   6   7  13   6  92.86
    9   2018 07 13 18:12:56.061    65576.061  0.3450 30.7705 110.7605  12.00   -inf  -nan  16  13  29  13 109.98
    1   2018 07 14 10:05:28.315    36328.315  0.4145 30.9005 110.7405   0.00   -inf  -nan   7   2   9   2 102.84
    2   2018 07 14 14:44:43.228    53083.228  0.1209 30.9405 110.7805  10.00   -inf  -nan   3   3   6   3 292.94
    3   2018 07 14 14:48:09.348    53289.348  0.0938 30.9405 110.7805  10.00   -inf  -nan   3   3   6   3 292.94
    4   2018 07 14 14:49:10.551    53350.551  0.3103 30.9405 110.7805  10.00   -inf  -nan  16  13  29  13  91.88
    5   2018 07 14 18:41:47.870    67307.870  0.2343 31.1405 110.3605   4.00   -inf  -nan   6   6  12   5 250.93
    6   2018 07 14 20:49:01.721    74941.721  0.3496 31.0405 110.1705   8.00   -inf  -nan   6   7  13   6 243.45
    7   2018 07 14 21:18:41.924    76721.924  0.3157 30.9405 110.7805  10.00   -inf  -nan   7   8  15   7 165.87
    8   2018 07 14 21:25:33.893    77133.893  0.3802 31.0105 110.1905   0.00   -inf  -nan   3   4   7   3 209.70
    9   2018 07 14 21:29:15.742    77355.742  0.1948 30.9405 110.7805  10.00   -inf  -nan   5   5  10   5 210.94
   10   2018 07 14 22:32:42.230    81162.230  0.3925 30.9405 110.7805  16.00   -inf  -nan   5   6  11   5 165.87
   11   2018 07 14 22:33:27.034    81207.034  0.1611 30.9405 110.7805  10.00   -inf  -nan   3   3   6   3 292.94
   12   2018 07 14 22:58:55.980    82735.980  0.3108 30.9405 110.7805  10.00   -inf  -nan   9  11  20   9 146.46
   13   2018 07 14 23:47:27.798    85647.798  0.3057 30.9305 110.7605  10.00   -inf  -nan  10  11  21  10 120.80
    1   2018 07 15 02:30:01.711     9001.711  0.3313 31.0205 110.4405  16.00   -inf  -nan   4   4   8   3 128.00
    2   2018 07 15 03:37:25.524    13045.524  0.4181 30.9405 110.7805  12.00   -inf  -nan  13  11  24  11 133.23
    3   2018 07 15 03:39:43.967    13183.967  0.4386 30.9405 110.7805  12.00   -inf  -nan  13  13  26  11 133.23
    4   2018 07 15 03:52:52.169    13972.169  0.1983 30.9405 110.7805  12.00   -inf  -nan   4   4   8   4 210.94
    5   2018 07 15 04:44:50.490    17090.490  0.2472 30.9405 110.7805  12.00   -inf  -nan   6   6  12   6 165.87
    6   2018 07 15 04:46:53.030    17213.030  0.1484 30.9005 110.7805   8.00   -inf  -nan   3   3   6   3 293.44
    7   2018 07 15 06:09:47.469    22187.469  0.1640 30.9405 110.7805  12.00   -inf  -nan   3   2   5   2 292.94
    8   2018 07 15 08:05:08.188    29108.188  0.1703 30.9405 110.7805  10.00   -inf  -nan   4   4   8   4 210.94
    9   2018 07 15 08:12:47.282    29567.282  0.3435 30.8805 110.2505  20.00   -inf  -nan   3   2   5   2 215.73
   10   2018 07 15 10:00:08.679    36008.679  0.2858 30.9405 110.7805  10.00   -inf  -nan  10   8  18   8 165.87
   11   2018 07 15 10:16:01.992    36961.992  0.2122 30.9005 110.7805  10.00   -inf  -nan   3   4   7   3 293.44
   12   2018 07 15 10:25:52.392    37552.392  0.4687 31.0505 110.4305  10.00   -inf  -nan   3   6   9   3 103.12
   13   2018 07 15 11:19:08.958    40748.958  0.3073 31.0005 109.9705   4.00   -inf  -nan   8   8  16   6 288.12
   14   2018 07 15 11:43:53.253    42233.253  0.2853 30.9405 110.7805  10.00   -inf  -nan  10   8  18   8 165.87
   15   2018 07 15 13:29:45.162    48585.162  0.2067 30.9405 110.7805  10.00   -inf  -nan   4   5   9   4 210.94
   16   2018 07 15 14:20:41.124    51641.124  0.3813 31.0805 110.0905   6.00   -inf  -nan  12   8  20   7 239.50
    1   2018 07 16 00:30:51.882     1851.882  0.1597 31.1705 110.3105   0.00   -inf  -nan   3   2   5   2 184.34
    2   2018 07 16 02:55:52.346    10552.346  0.2518 31.2205 110.0505   2.00   -inf  -nan   8   4  12   3 289.11
    3   2018 07 16 03:03:54.874    11034.874  0.3425 31.0105 110.1905   4.00   -inf  -nan   6   7  13   6 173.54
    4   2018 07 16 03:24:46.007    12286.007  0.4148 31.0605 110.4405  14.00   -inf  -nan   8   9  17   8 144.26
    5   2018 07 16 04:41:51.941    16911.941  0.4092 31.0305 110.5205   0.00   -inf  -nan   7   6  13   6 155.59
    6   2018 07 16 08:44:17.043    31457.043  0.1787 31.1305 110.6205  12.00   -inf  -nan   5   3   8   3 168.10
    7   2018 07 16 09:15:19.899    33319.899  0.1988 31.0705 110.4805  12.00   -inf  -nan   3   4   7   3 183.55
    8   2018 07 16 09:15:48.406    33348.406  0.3193 31.1305 110.0305   0.00   -inf  -nan   6   6  12   4 269.61
    9   2018 07 16 09:28:37.813    34117.813  0.3683 31.1305 110.6305  12.00   -inf  -nan   7   4  11   4 153.32
   10   2018 07 16 10:12:53.532    36773.532  0.4560 30.9405 110.3805   8.00   -inf  -nan   9   8  17   7 135.84
   11   2018 07 16 10:57:55.755    39475.755  0.2610 31.0905 110.1105   0.00   -inf  -nan   6   5  11   5 230.20
   12   2018 07 16 11:20:27.777    40827.777  0.4003 31.0105 110.4305  12.00   -inf  -nan  11  10  21   9 105.88
   13   2018 07 16 11:42:55.303    42175.303  0.4369 31.0605 110.4405  14.00   -inf  -nan   6   7  13   5 144.26
   14   2018 07 16 12:56:24.026    46584.026  0.3686 31.1105 110.6405   0.00   -inf  -nan   3   2   5   2 231.49
   15   2018 07 16 13:32:22.634    48742.634  0.1588 30.9405 110.7805  12.00   -inf  -nan   4   4   8   4 210.94
   16   2018 07 16 19:10:59.348    69059.348  0.3494 31.0605 110.4405  12.00   -inf  -nan   7   8  15   7 154.06
   17   2018 07 16 20:56:54.164    75414.164  0.4196 31.0505 110.1505   8.00   -inf  -nan   4   5   9   4 255.46
    1   2018 07 17 00:30:51.199     1851.199  0.2718 31.0605 110.4805   0.00   -inf  -nan   3   3   6   2 217.29
    2   2018 07 17 01:18:58.172     4738.172  0.3042 30.8905 110.7205   0.00   -inf  -nan   6   2   8   2 109.94
    3   2018 07 17 03:10:47.595    11447.595  0.3604 30.9005 110.5805   2.00   -inf  -nan   4   2   6   2 265.66
    4   2018 07 17 03:54:41.622    14081.622  0.3412 30.8605 110.4605   0.00   -inf  -nan   4   4   8   4 237.86
    5   2018 07 17 07:30:59.691    27059.691  0.3312 30.9405 110.7805  10.00   -inf  -nan  10  10  20   9  92.21
    6   2018 07 17 07:45:05.255    27905.255  0.2009 30.9405 110.7605  10.00   -inf  -nan   4   2   6   1 105.54
    7   2018 07 17 10:00:48.016    36048.016  0.3224 30.9805 110.7805   0.00   -inf  -nan   8   5  13   5  86.41
    8   2018 07 17 14:28:04.709    52084.709  0.3198 31.0905 110.1905  12.00   -inf  -nan   3   2   5   2 250.52
    9   2018 07 17 14:43:02.896    52982.896  0.3152 30.9305 110.2505  10.00   -inf  -nan   3   3   6   3 170.95
   10   2018 07 17 15:00:10.237    54010.237  0.2447 30.9605 110.2505   8.00   -inf  -nan   3   3   6   3 125.70
   11   2018 07 17 15:03:33.852    54213.852  0.2551 30.9605 110.2505   8.00   -inf  -nan   3   3   6   3 125.70
   12   2018 07 17 15:22:56.362    55376.362  0.2762 30.9605 110.2505   0.00   -inf  -nan   3   3   6   3 125.70
   13   2018 07 17 16:04:45.217    57885.217  0.2882 30.9605 110.2505   0.00   -inf  -nan   3   3   6   3 125.70
   14   2018 07 17 17:29:24.398    62964.398  0.3335 30.9305 110.2705  10.00   -inf  -nan   3   3   6   3 172.50
   15   2018 07 17 17:51:27.736    64287.736  0.2351 30.9305 110.2105   2.00   -inf  -nan   3   3   6   3 277.70
   16   2018 07 17 18:06:58.943    65218.943  0.2776 31.1705 110.3105   4.00   -inf  -nan   3   2   5   2 184.34
   17   2018 07 17 18:15:48.082    65748.082  0.3210 30.9305 110.2705  10.00   -inf  -nan   3   3   6   3 172.50
   18   2018 07 17 19:32:49.034    70369.034  0.3849 30.9305 110.2505  10.00   -inf  -nan   9   9  18   9 161.74
   19   2018 07 17 19:58:19.655    71899.655  0.2374 30.9305 110.2905   0.00   -inf  -nan   4   2   6   2 173.36
   20   2018 07 17 20:35:50.510    74150.510  0.3624 30.9705 110.2505   8.00   -inf  -nan   3   3   6   3 133.12
   21   2018 07 17 20:51:19.938    75079.938  0.3350 30.9305 110.2705  10.00   -inf  -nan   3   3   6   3 172.50
   22   2018 07 17 21:01:30.700    75690.700  0.4565 30.9305 110.2505   6.00   -inf  -nan   4   4   8   4 170.95
   23   2018 07 17 21:08:02.247    76082.247  0.2647 30.9705 110.2705   8.00   -inf  -nan   3   3   6   3 152.00
   24   2018 07 17 21:09:23.349    76163.349  0.3671 31.0205 110.3605  10.00   -inf  -nan   4   5   9   4  88.50
   25   2018 07 17 21:11:22.530    76282.530  0.2747 30.9705 110.2705  10.00   -inf  -nan   3   3   6   3 152.00
   26   2018 07 17 21:26:48.617    77208.617  0.2567 30.9705 110.2705   8.00   -inf  -nan   3   3   6   3 152.00
   27   2018 07 17 21:39:59.698    77999.698  0.3696 30.9305 110.2505   6.00   -inf  -nan   5   5  10   5 161.74
   28   2018 07 17 21:57:19.215    79039.215  0.4066 30.9605 110.2505   4.00   -inf  -nan   5   6  11   5 125.70
   29   2018 07 17 21:58:02.177    79082.177  0.2968 30.9605 110.2505   0.00   -inf  -nan   3   3   6   3 125.70
    1   2018 07 18 00:49:13.774     2953.774  0.3556 30.9705 109.9905   8.00   -inf  -nan   7   5  12   5 289.06
    2   2018 07 18 00:51:50.291     3110.291  0.3408 30.9305 110.2505  10.00   -inf  -nan   3   3   6   3 170.95
    3   2018 07 18 05:23:45.000    19425.000  0.2105 30.9405 110.7805   8.00   -inf  -nan   4   4   8   4 210.94
    4   2018 07 18 05:29:41.893    19781.893  0.3377 30.9405 110.7605   0.00   -inf  -nan   5   4   9   3 128.27
    5   2018 07 18 06:43:14.766    24194.766  0.2271 30.8605 110.7205   6.00   -inf  -nan   6   2   8   1 181.19
    6   2018 07 18 08:54:27.991    32067.991  0.2786 30.9205 110.0905   0.00   -inf  -nan   5   2   7   2 285.21
    7   2018 07 18 09:57:47.730    35867.730  0.2334 31.2105 110.3505   0.00   -inf  -nan   6   4  10   2 283.00
    8   2018 07 18 15:28:56.986    55736.986  0.3779 31.0605 110.4405  14.00   -inf  -nan   5   7  12   5 154.06
    9   2018 07 18 17:53:51.226    64431.226  0.2885 31.0905 110.1105   0.00   -inf  -nan   7   5  12   5 230.20
   10   2018 07 18 19:01:17.729    68477.729  0.1828 31.0105 110.3105   0.00   -inf  -nan   3   2   5   2 216.67
   11   2018 07 18 21:06:04.537    75964.537  0.1956 31.1705 110.1005   6.00   -inf  -nan   3   3   6   3 285.02
    1   2018 07 19 03:32:17.820    12737.820  0.3780 31.2105 110.3505   2.00   -inf  -nan   9   9  18   6 245.07
    2   2018 07 19 04:23:51.733    15831.733  0.2492 31.1705 111.0405   0.00   -inf  -nan   5   3   8   2 244.56
    3   2018 07 19 09:53:40.548    35620.548  0.3758 30.9805 110.3805   0.00   -inf  -nan   9   3  12   3  94.07
    4   2018 07 19 11:47:04.841    42424.841  0.4152 31.0505 110.4505  12.00   -inf  -nan   4   5   9   4 205.41
    5   2018 07 19 14:17:11.854    51431.854  0.3261 31.0605 110.4405  14.00   -inf  -nan   6   7  13   6 113.97
    6   2018 07 19 18:18:36.358    65916.358  0.4457 31.1705 110.1005  12.00   -inf  -nan   4   2   6   2 255.71
    7   2018 07 19 19:01:36.230    68496.230  0.2637 31.1305 110.3405  10.00   -inf  -nan   3   3   6   3 142.29
    8   2018 07 19 20:14:56.953    72896.953  0.1700 30.9405 110.7605  10.00   -inf  -nan   3   3   6   2 272.77
    9   2018 07 19 20:48:53.945    74933.945  0.2353 30.9005 110.8005  10.00   -inf  -nan   3   4   7   3 303.03
   10   2018 07 19 23:35:33.562    84933.562  0.2432 30.9405 110.7805  12.00   -inf  -nan   7   8  15   7  92.21
    1   2018 07 20 03:04:40.403    11080.403  0.2237 30.7805 110.9705   4.00   -inf  -nan   3   2   5   2 303.40
    2   2018 07 20 05:03:24.085    18204.085  0.2615 30.9005 110.7205   0.00   -inf  -nan   7   5  12   5  94.62
    3   2018 07 20 05:08:32.474    18512.474  0.2350 30.9105 110.9005   4.00   -inf  -nan   9   6  15   6  87.52
    4   2018 07 20 08:48:00.249    31680.249  0.2474 30.8105 111.2405   4.00   -inf  -nan   7   6  13   5 292.12
    5   2018 07 20 09:09:34.874    32974.874  0.4197 30.8805 110.0505   0.00   -inf  -nan   6   4  10   4 295.12
    6   2018 07 20 10:54:17.341    39257.341  0.2474 30.9405 110.9505   2.00   -inf  -nan  11   9  20   9  93.06
    7   2018 07 20 15:34:07.112    56047.112  0.2844 31.0205 110.3605   4.00   -inf  -nan   3   3   6   2 166.16
    8   2018 07 20 17:58:17.477    64697.477  0.2156 31.1305 110.4205  10.00   -inf  -nan   4   5   9   4 196.38
    9   2018 07 20 18:29:56.982    66596.982  0.3178 31.0605 110.4405   8.00   -inf  -nan   4   6  10   4 113.97
   10   2018 07 20 18:56:56.346    68216.346  0.3588 31.0305 110.4405  12.00   -inf  -nan   6   7  13   6  92.86
   11   2018 07 20 21:54:01.264    78841.264  0.3698 31.0305 110.5205   0.00   -inf  -nan   6   5  11   4 171.20
   12   2018 07 20 22:00:05.371    79205.371  0.3559 31.0305 110.5205   0.00   -inf  -nan   7   8  15   7 155.59
   13   2018 07 20 23:12:29.288    83549.288  0.2732 31.0105 110.5105   0.00   -inf  -nan   7   8  15   6 107.85
    1   2018 07 21 02:07:21.826     7641.826  0.1222 30.9905 110.5205   0.00   -inf  -nan   3   2   5   2 164.59
    2   2018 07 21 02:26:40.021     8800.021  0.2478 31.0305 110.5205   0.00   -inf  -nan   3   3   6   3 143.58
    3   2018 07 21 02:44:48.521     9888.521  0.1445 31.0305 110.5205   4.00   -inf  -nan   3   2   5   2 190.62
    4   2018 07 21 02:49:46.709    10186.709  0.2862 31.0305 110.5205   8.00   -inf  -nan   3   4   7   3 216.42
    5   2018 07 21 02:52:48.030    10368.030  0.3644 30.9905 110.5205   0.00   -inf  -nan   5   6  11   5 164.59
    6   2018 07 21 03:47:25.437    13645.437  0.2304 30.7505 110.5805   0.00   -inf  -nan   3   3   6   3 218.73
    7   2018 07 21 04:42:43.480    16963.480  0.4361 31.0605 110.4405  10.00   -inf  -nan  12  10  22   9 127.05
    8   2018 07 21 04:53:26.822    17606.822  0.2387 31.0205 110.3605  10.00   -inf  -nan   4   4   8   3 166.16
    9   2018 07 21 06:45:36.588    24336.588  0.3013 31.1305 110.2205   0.00   -inf  -nan   7   8  15   7 258.59
   10   2018 07 21 11:21:53.267    40913.267  0.2827 31.0305 110.5205   8.00   -inf  -nan   5   5  10   5 216.42
   11   2018 07 21 12:02:44.222    43364.222  0.3232 31.0905 110.0705   0.00   -inf  -nan   8   9  17   7 249.51
   12   2018 07 21 15:13:07.522    54787.522  0.2176 31.1705 110.3005   0.00   -inf  -nan   4   2   6   2 261.29
   13   2018 07 21 21:01:27.115    75687.115  0.3977 31.1805 110.5305   6.00   -inf  -nan   3   2   5   1 177.44
    1   2018 07 22 02:39:37.107     9577.107  0.3602 30.8205 110.0405   6.00   -inf  -nan   3   3   6   3 337.56
    2   2018 07 22 02:47:46.455    10066.455  0.3485 30.9005 110.8205   0.00   -inf  -nan   6   5  11   5 127.85
    3   2018 07 22 02:55:27.137    10527.137  0.2496 31.0305 110.6005   6.00   -inf  -nan   4   5   9   4 174.02
    4   2018 07 22 03:26:35.899    12395.899  0.4810 30.7805 110.5405  12.00   -inf  -nan   5   2   7   1 245.18
    5   2018 07 22 03:52:33.591    13953.591  0.3971 30.7305 111.0505  16.00   -inf  -nan   4   2   6   1 249.61
    6   2018 07 22 05:32:49.736    19969.736  0.4263 31.0205 110.7005   8.00   -inf  -nan  14  14  28  13  80.02
    7   2018 07 22 05:36:17.661    20177.661  0.2233 31.0205 110.7005   8.00   -inf  -nan   4   2   6   2 193.84
    8   2018 07 22 05:37:37.682    20257.682  0.3875 30.9905 110.7205  10.00   -inf  -nan   7  10  17   7  65.33
    9   2018 07 22 05:51:43.430    21103.430  0.2920 31.0205 110.7105  10.00   -inf  -nan  12  11  23  11  79.43
   10   2018 07 22 05:56:57.027    21417.027  0.1582 31.0205 110.7405  12.00   -inf  -nan   4   3   7   3 242.43
   11   2018 07 22 05:58:39.937    21519.937  0.2883 31.0205 110.7205   8.00   -inf  -nan  11  14  25  11  78.46
   12   2018 07 22 06:00:59.907    21659.907  0.2259 31.0205 110.7005  10.00   -inf  -nan   5   5  10   4 133.52
   13   2018 07 22 06:01:33.496    21693.496  0.3118 31.0305 110.7205  10.00   -inf  -nan  20  18  38  18  83.71
   14   2018 07 22 06:02:08.335    21728.335  0.2832 31.0205 110.7205   8.00   -inf  -nan   7   7  14   6 137.04
   15   2018 07 22 06:06:06.465    21966.465  0.4111 31.0205 110.7005   6.00   -inf  -nan  11  11  22  11  80.02
   16   2018 07 22 06:38:56.011    23936.011  0.4113 30.9005 110.7205   0.00   -inf  -nan  16   7  23   7  94.62
   17   2018 07 22 06:46:14.753    24374.753  0.2428 31.0205 110.7205   8.00   -inf  -nan   7  10  17   6 137.04
   18   2018 07 22 07:24:17.239    26657.239  0.3677 30.9705 110.3705   2.00   -inf  -nan  12   5  17   5  88.31
   19   2018 07 22 07:26:44.907    26804.907  0.4450 30.9705 110.3705   2.00   -inf  -nan   8   8  16   5  88.31
   20   2018 07 22 07:39:46.933    27586.933  0.3247 31.0205 110.7005   8.00   -inf  -nan   7   8  15   6  80.02
   21   2018 07 22 10:54:31.620    39271.620  0.2396 31.0105 110.7105  10.00   -inf  -nan  19  17  36  17  74.39
   22   2018 07 22 11:42:02.389    42122.389  0.3152 31.1705 110.3505   0.00   -inf  -nan  11   5  16   4 159.49
   23   2018 07 22 12:59:28.672    46768.672  0.2152 31.1705 110.3005   0.00   -inf  -nan   5   2   7   2 263.86
   24   2018 07 22 14:29:47.284    52187.284  0.3385 31.0905 110.0705   0.00   -inf  -nan   8   8  16   7 249.51
   25   2018 07 22 17:07:21.346    61641.346  0.3463 30.9905 110.6005  16.00   -inf  -nan   4   2   6   1 143.66
   26   2018 07 22 18:26:56.918    66416.918  0.2715 30.9905 110.5205   6.00   -inf  -nan   4   3   7   3 159.29
   27   2018 07 22 22:35:51.488    81351.488  0.2866 31.0905 110.1905   0.00   -inf  -nan   3   5   8   3 181.48
   28   2018 07 22 23:20:56.700    84056.700  0.3401 30.9805 110.8205   4.00   -inf  -nan   4   4   8   3 141.74
    1   2018 07 23 00:06:57.065      417.065  0.3776 31.0205 110.4405  12.00   -inf  -nan   4   5   9   4 142.48
    2   2018 07 23 01:12:16.725     4336.725  0.4485 31.2805 110.8605   0.00   -inf  -nan   5   5  10   3 288.47
    3   2018 07 23 01:13:48.893     4428.893  0.3548 30.9705 110.3705   2.00   -inf  -nan   7   7  14   4  88.31
    4   2018 07 23 01:25:23.343     5123.343  0.2819 30.9705 110.3705   0.00   -inf  -nan   6   5  11   4  88.31
    5   2018 07 23 03:55:45.380    14145.380  0.3382 31.1205 110.8205   0.00   -inf  -nan  13   7  20   6 159.94
    6   2018 07 23 05:33:20.492    20000.492  0.3372 30.9705 110.8405   0.00   -inf  -nan   3   4   7   3 279.91
    7   2018 07 23 05:33:47.155    20027.155  0.4452 31.1805 110.3705   6.00   -inf  -nan  10   5  15   4 167.50
    8   2018 07 23 05:48:17.902    20897.902  0.2943 31.0105 110.4705   0.00   -inf  -nan   7   2   9   1  85.46
    9   2018 07 23 07:47:29.013    28049.013  0.3439 30.7005 110.9505  10.00   -inf  -nan   5   4   9   3 260.22
   10   2018 07 23 07:55:34.848    28534.848  0.2295 31.0005 110.0105   0.00   -inf  -nan   4   4   8   2 277.68
   11   2018 07 23 10:27:14.382    37634.382  0.4781 30.7205 110.1305   2.00   -inf  -nan   3   4   7   3 311.88
   12   2018 07 23 11:19:28.151    40768.151  0.3354 30.9705 110.3705   0.00   -inf  -nan  12  11  23  10  88.31
   13   2018 07 23 11:24:06.786    41046.786  0.3103 31.0505 110.4705   2.00   -inf  -nan   3   3   6   2 185.71
   14   2018 07 23 12:01:50.282    43310.282  0.2410 30.8305 110.6605   4.00   -inf  -nan   5   6  11   4 141.50
   15   2018 07 23 12:05:13.391    43513.391  0.2672 30.8205 110.6405   0.00   -inf  -nan   3   2   5   2 219.06
   16   2018 07 23 12:41:58.993    45718.993  0.2696 30.8205 110.6405   4.00   -inf  -nan   7   7  14   6 150.01
   17   2018 07 23 12:52:51.477    46371.477  0.2085 30.8205 110.6405   4.00   -inf  -nan   4   5   9   4 154.85
   18   2018 07 23 15:13:35.348    54815.348  0.2000 30.8205 110.6405   0.00   -inf  -nan   5   4   9   4 154.85
   19   2018 07 23 18:01:41.929    64901.929  0.3133 30.8205 110.6405  12.00   -inf  -nan   4   6  10   4 154.85
   20   2018 07 23 18:47:55.633    67675.633  0.3545 31.1305 110.3105   0.00   -inf  -nan   5   2   7   1 134.51
   21   2018 07 23 19:52:10.794    71530.794  0.1057 30.8205 110.6405   6.00   -inf  -nan   3   2   5   2 270.41
   22   2018 07 23 20:27:44.111    73664.111  0.3322 31.0105 110.7205  12.00   -inf  -nan  15  17  32  15  73.67
   23   2018 07 23 20:41:50.009    74510.009  0.1128 30.9905 110.7205  12.00   -inf  -nan   3   2   5   1 147.71
   24   2018 07 23 23:30:29.787    84629.787  0.3316 31.0305 110.5205   4.00   -inf  -nan  10  10  20  10  95.76
    1   2018 07 24 01:15:23.272     4523.272  0.0964 30.8905 111.3605  10.00   -inf  -nan   3   2   5   2 324.59
    2   2018 07 24 02:11:53.181     7913.181  0.3014 30.7705 111.0905   0.00   -inf  -nan   4   3   7   3 243.22
    3   2018 07 24 03:05:44.713    11144.713  0.4961 31.1605 110.3805   0.00   -inf  -nan   8   7  15   5 158.13
    4   2018 07 24 06:25:31.537    23131.537  0.3889 30.9005 110.7205   2.00   -inf  -nan  10   4  14   3  94.62
    5   2018 07 24 08:45:24.762    31524.762  0.2921 30.8205 111.2705  10.00   -inf  -nan   3   3   6   3 315.58
    6   2018 07 24 10:32:31.900    37951.900  0.4346 30.9305 110.5305   0.00   -inf  -nan  11   4  15   4 129.65
    7   2018 07 24 10:34:36.459    38076.459  0.2921 30.9805 110.7805   0.00   -inf  -nan  14   8  22   8  63.69
    8   2018 07 24 11:40:40.576    42040.576  0.4929 31.1005 110.8305   4.00   -inf  -nan   3   2   5   1 189.06
    9   2018 07 24 14:11:34.276    51094.276  0.1430 31.1705 110.3405   8.00   -inf  -nan   3   2   5   2 206.23
   10   2018 07 24 16:13:52.121    58432.121  0.2592 30.9905 110.5205   6.00   -inf  -nan   3   3   6   2 159.29
   11   2018 07 24 16:33:07.216    59587.216  0.3630 31.0305 110.5205   0.00   -inf  -nan   7   7  14   6 155.59
   12   2018 07 24 18:35:31.512    66931.512  0.1383 31.1005 110.0905   2.00   -inf  -nan   3   2   5   2 287.88
    1   2018 07 25 01:00:42.619     3642.619  0.2749 30.9705 110.3705   8.00   -inf  -nan   7   3  10   2  88.31
    2   2018 07 25 03:43:41.826    13421.826  0.2019 31.1405 110.0505   6.00   -inf  -nan   7   4  11   4 264.93
    3   2018 07 25 03:59:41.245    14381.245  0.3508 31.1005 110.0505  12.00   -inf  -nan  13   8  21   7 258.64
    4   2018 07 25 04:25:51.433    15951.433  0.2527 31.2605 110.0505   2.00   -inf  -nan   5   4   9   2 303.28
    5   2018 07 25 06:55:52.993    24952.993  0.3294 31.0105 110.4705  18.00   -inf  -nan   5   5  10   4 131.60
    6   2018 07 25 07:10:50.365    25850.365  0.2670 31.1705 110.2905  20.00   -inf  -nan   6   4  10   4 155.63
    7   2018 07 25 07:19:40.726    26380.726  0.2959 31.1805 110.3605  12.00   -inf  -nan   3   2   5   2 254.01
    8   2018 07 25 09:06:22.719    32782.719  0.3285 30.8205 110.9305   0.00   -inf  -nan  10   6  16   5 102.66
    9   2018 07 25 09:45:20.989    35120.989  0.3678 31.0205 110.4405  14.00   -inf  -nan  12  14  26  11 106.55
   10   2018 07 25 10:11:14.976    36674.976  0.3258 31.0805 110.1705   6.00   -inf  -nan   9   9  18   7 193.55
   11   2018 07 25 10:56:11.065    39371.065  0.1803 30.9305 110.7605  10.00   -inf  -nan   4   3   7   2 105.45
   12   2018 07 25 11:21:10.245    40870.245  0.3113 31.2105 110.3105  10.00   -inf  -nan   6   6  12   5 262.15
   13   2018 07 25 12:13:31.421    44011.421  0.3141 31.0205 110.5205   6.00   -inf  -nan   4   4   8   3 131.04
   14   2018 07 25 12:43:36.880    45816.880  0.2850 31.0105 110.5305   6.00   -inf  -nan   5   5  10   5 118.01
   15   2018 07 25 12:57:58.775    46678.775  0.3292 31.0305 110.5205   8.00   -inf  -nan   4   4   8   3 140.98
   16   2018 07 25 13:15:17.685    47717.685  0.2770 31.0105 110.5305  10.00   -inf  -nan   3   4   7   2 118.01
   17   2018 07 25 13:19:42.638    47982.638  0.2965 31.0105 110.5105   0.00   -inf  -nan   8   7  15   6 121.53
   18   2018 07 25 14:43:16.316    52996.316  0.3578 30.8605 110.7405   0.00   -inf  -nan   3   2   5   2 322.32
   19   2018 07 25 15:39:15.287    56355.287  0.1989 30.9305 110.7605  10.00   -inf  -nan   4   4   8   4 199.75
   20   2018 07 25 15:52:19.395    57139.395  0.0956 30.9305 110.7605  10.00   -inf  -nan   5   5  10   4 176.71
   21   2018 07 25 16:00:30.875    57630.875  0.3897 31.0105 110.5105   8.00   -inf  -nan   8   9  17   8 121.53
   22   2018 07 25 16:37:07.733    59827.733  0.3414 31.0305 110.5605  12.00   -inf  -nan   3   5   8   3 226.13
   23   2018 07 25 19:27:59.315    70079.315  0.2399 30.8905 110.1505   0.00   -inf  -nan   4   3   7   3 307.54
   24   2018 07 25 21:24:52.432    77092.432  0.2929 31.0205 110.5205   6.00   -inf  -nan   4   5   9   4 131.04
   25   2018 07 25 22:02:25.412    79345.412  0.2774 31.0105 110.5505  12.00   -inf  -nan   5   6  11   5 105.11
   26   2018 07 25 22:29:32.892    80972.892  0.3348 31.0605 110.4405  10.00   -inf  -nan   4   3   7   2 170.49
    1   2018 07 26 00:01:55.461      115.461  0.3178 31.0105 110.5505  14.00   -inf  -nan   3   4   7   2 192.02
    2   2018 07 26 01:06:19.183     3979.183  0.3014 30.8505 111.2405   6.00   -inf  -nan   5   5  10   4 293.47
    3   2018 07 26 03:57:03.691    14223.691  0.1998 30.9405 110.7605  10.00   -inf  -nan   3   3   6   2 194.83
    4   2018 07 26 06:35:17.877    23717.877  0.4233 31.0505 110.0705   0.00   -inf  -nan   7   2   9   2 293.29
    5   2018 07 26 11:27:36.448    41256.448  0.3577 31.0905 110.7105   2.00   -inf  -nan   3   3   6   2 257.36
    6   2018 07 26 13:07:39.777    47259.777  0.3042 31.0305 110.5205   4.00   -inf  -nan   3   3   6   3 143.58
    7   2018 07 26 14:39:12.011    52752.011  0.1457 31.0305 110.5205   0.00   -inf  -nan   3   2   5   2 203.41
    1   2018 07 27 03:10:33.779    11433.779  0.2948 31.0205 110.5205   8.00   -inf  -nan   7   6  13   4 131.04
    2   2018 07 27 05:19:08.941    19148.941  0.2726 31.0305 110.5205   0.00   -inf  -nan   4   5   9   4 130.79
    3   2018 07 27 08:41:20.315    31280.315  0.1324 30.7505 110.8205  12.00   -inf  -nan   3   2   5   2 209.88
    4   2018 07 27 16:15:15.971    58515.971  0.1784 31.0305 110.5205   0.00   -inf  -nan   3   2   5   2 143.58
    5   2018 07 27 19:58:10.545    71890.545  0.2033 30.9905 110.5205   8.00   -inf  -nan   4   2   6   2 159.29
    6   2018 07 27 20:02:52.299    72172.299  0.2359 30.8005 110.2105   0.00   -inf  -nan   3   4   7   3 278.44
    7   2018 07 27 20:04:54.380    72294.380  0.3217 31.0205 110.5205  10.00   -inf  -nan   3   4   7   3 204.33
    8   2018 07 27 20:08:07.619    72487.619  0.3640 31.0505 110.5105  10.00   -inf  -nan   7   7  14   7 150.21
    9   2018 07 27 20:45:40.674    74740.674  0.2768 31.0205 110.5205  10.00   -inf  -nan   6   6  12   6 124.09
   10   2018 07 27 23:31:32.497    84692.497  0.3157 30.9805 110.7805   2.00   -inf  -nan  11  10  21   7 117.79
    1   2018 07 28 01:45:15.482     6315.482  0.1408 30.9405 110.7805   6.00   -inf  -nan   3   3   6   3 210.94
    2   2018 07 28 04:27:44.037    16064.037  0.3861 30.9005 110.7205   0.00   -inf  -nan  13   8  21   8  94.62
    3   2018 07 28 09:20:41.371    33641.371  0.4399 30.9805 110.5805  20.00   -inf  -nan   3   2   5   2 141.95
    4   2018 07 28 10:39:15.419    38355.419  0.3092 30.7705 110.5305  14.00   -inf  -nan   3   3   6   1 204.09
    5   2018 07 28 17:25:54.091    62754.091  0.3229 30.7905 110.7405   8.00   -inf  -nan   5   4   9   4 141.30
    6   2018 07 28 19:03:32.769    68612.769  0.4305 30.9805 110.8205   0.00   -inf  -nan  16  14  30  13 109.87
    7   2018 07 28 22:35:01.709    81301.709  0.2747 31.1705 110.3005   0.00   -inf  -nan   3   2   5   2 261.29
    1   2018 07 29 02:46:07.857     9967.857  0.4490 31.2605 110.7905   0.00   -inf  -nan   7   6  13   4 256.06
    2   2018 07 29 04:30:00.388    16200.388  0.1744 30.9805 110.8205   4.00   -inf  -nan   3   2   5   2 278.13
    3   2018 07 29 07:46:29.534    27989.534  0.3121 30.8105 110.3305   0.00   -inf  -nan   3   4   7   3 255.91
    4   2018 07 29 18:15:41.921    65741.921  0.2371 31.2105 110.3005   2.00   -inf  -nan   4   2   6   2 274.79
    5   2018 07 29 21:07:38.853    76058.853  0.2013 31.2105 110.3005   2.00   -inf  -nan   3   2   5   2 299.00
    1   2018 07 30 02:17:07.200     8227.200  0.3259 30.9405 110.7805  10.00   -inf  -nan  14  15  29  14  91.88
    2   2018 07 30 03:56:17.845    14177.845  0.2758 30.8105 111.0005   0.00   -inf  -nan   4   2   6   2 188.09
    3   2018 07 30 05:36:23.746    20183.746  0.3576 30.9705 110.3705   6.00   -inf  -nan  12   4  16   4  88.31
    4   2018 07 30 08:21:07.355    30067.355  0.2472 30.7705 111.2005   4.00   -inf  -nan   8   2  10   1 272.42
    5   2018 07 30 09:00:38.482    32438.482  0.3608 30.8905 110.7505   0.00   -inf  -nan   9   4  13   3  93.24
    6   2018 07 30 10:53:17.413    39197.413  0.1803 30.9805 110.7805   0.00   -inf  -nan  12   2  14   2  61.61
    7   2018 07 30 20:09:06.564    72546.564  0.1623 31.1705 110.4205   8.00   -inf  -nan   3   3   6   2 299.21
    8   2018 07 30 21:06:33.364    75993.364  0.4232 31.1705 110.5505   4.00   -inf  -nan   5   2   7   2 206.79
    9   2018 07 30 21:44:17.341    78257.341  0.1584 30.8905 111.1605  10.00   -inf  -nan   3   2   5   2 228.98
    1   2018 07 31 01:38:30.961     5910.961  0.2448 30.8105 111.2805   4.00   -inf  -nan   5   4   9   2 307.17
    2   2018 07 31 02:04:35.686     7475.686  0.2962 30.7705 111.1205  10.00   -inf  -nan   4   7  11   2 236.18
    3   2018 07 31 03:00:24.638    10824.638  0.2846 30.8505 111.0805   6.00   -inf  -nan   3   3   6   2 189.09
    4   2018 07 31 03:50:57.508    13857.508  0.3522 31.2105 110.3505   0.00   -inf  -nan  10   6  16   3 245.07
    5   2018 07 31 04:11:59.900    15119.900  0.2237 31.0205 110.5205   4.00   -inf  -nan   4   4   8   2 124.09
    6   2018 07 31 04:26:48.621    16008.621  0.2832 30.9105 110.9005   4.00   -inf  -nan   9   5  14   5  69.82
    7   2018 07 31 10:26:53.666    37613.666  0.3903 30.9905 110.4005   0.00   -inf  -nan  11   6  17   4  74.63
    8   2018 07 31 11:23:26.702    41006.702  0.3253 31.0105 110.4205   2.00   -inf  -nan   3   3   6   2 136.61
    9   2018 07 31 14:43:49.842    53029.842  0.3402 31.0205 110.5005   4.00   -inf  -nan   3   2   5   2 231.29
    1   2018 08 01 04:43:46.395    17026.395  0.3452 30.9105 110.6205   0.00   -inf  -nan  11   6  17   6 112.82
    2   2018 08 01 07:19:07.121    26347.121  0.4235 31.1705 110.3405   0.00   -inf  -nan   9   7  16   5 233.46
    3   2018 08 01 09:36:44.992    34604.992  0.4122 30.9805 110.4805   6.00   -inf  -nan   6   6  12   5 112.97
    4   2018 08 01 11:32:50.928    41570.928  0.1727 30.9805 110.3205  10.00   -inf  -nan   3   2   5   2 184.92
    5   2018 08 01 13:18:20.159    47900.159  0.3590 31.0605 110.4405   4.00   -inf  -nan   6   9  15   6 113.97
    6   2018 08 01 15:39:40.462    56380.462  0.2963 31.0505 110.4105   6.00   -inf  -nan   3   4   7   3 182.47
    7   2018 08 01 15:49:06.993    56946.993  0.2136 31.0105 110.1905   8.00   -inf  -nan   3   3   6   3 209.70
    8   2018 08 01 17:12:17.476    61937.476  0.4335 31.0205 110.4405   6.00   -inf  -nan  14  11  25  11 152.49
    9   2018 08 01 20:06:01.351    72361.351  0.2831 30.9305 110.7605   8.00   -inf  -nan   9  10  19   7 106.14
    1   2018 08 02 00:23:50.885     1430.885  0.2341 30.9905 110.5205  10.00   -inf  -nan   3   2   5   2 195.41
    2   2018 08 02 00:24:35.454     1475.454  0.2616 30.9005 110.5605   2.00   -inf  -nan   3   2   5   2 322.43
    3   2018 08 02 03:03:18.596    10998.596  0.2491 31.1305 110.0305   0.00   -inf  -nan   5   4   9   2 299.86
    4   2018 08 02 03:16:51.536    11811.536  0.2721 31.1805 110.3405   0.00   -inf  -nan   5   3   8   3 264.30
    5   2018 08 02 03:49:59.628    13799.628  0.1274 30.9405 110.7805  10.00   -inf  -nan   3   3   6   3 292.94
    6   2018 08 02 03:52:19.905    13939.905  0.4016 30.8505 110.7105   6.00   -inf  -nan  11  10  21   8 172.38
    7   2018 08 02 05:02:38.768    18158.768  0.1866 30.9405 110.7805  10.00   -inf  -nan   3   3   6   3 292.94
    8   2018 08 02 05:09:08.834    18548.834  0.1995 31.1305 110.0705   4.00   -inf  -nan  10   5  15   5 289.54
    9   2018 08 02 06:10:12.250    22212.250  0.3879 30.9405 110.7505  12.00   -inf  -nan   5   6  11   4  92.19
   10   2018 08 02 07:35:12.311    27312.311  0.2125 30.8705 110.9405   2.00   -inf  -nan   8   2  10   2 110.54
   11   2018 08 02 08:47:56.615    31676.615  0.2862 30.9805 110.3605   0.00   -inf  -nan   7   4  11   4  99.05
   12   2018 08 02 13:00:07.053    46807.053  0.1524 30.9405 110.7805  10.00   -inf  -nan   4   4   8   3 210.94
   13   2018 08 02 20:18:16.783    73096.783  0.2435 31.0505 110.1905   4.00   -inf  -nan   7   6  13   6 236.36
    1   2018 08 03 04:16:30.387    15390.387  0.2223 30.9405 110.7805  10.00   -inf  -nan   7   7  14   6  92.21
    2   2018 08 03 04:17:34.584    15454.584  0.1884 30.9405 110.7805  10.00   -inf  -nan   4   3   7   3 210.94
    3   2018 08 03 04:30:05.546    16205.546  0.2278 30.9405 110.7805   8.00   -inf  -nan   4   5   9   3 146.48
    4   2018 08 03 04:34:23.702    16463.702  0.1347 30.9405 110.7805  12.00   -inf  -nan   4   4   8   3 210.94
    5   2018 08 03 05:09:17.335    18557.335  0.2214 30.9405 110.7805  10.00   -inf  -nan   4   5   9   4 200.73
    6   2018 08 03 06:39:36.501    23976.501  0.3076 31.0505 110.0705   4.00   -inf  -nan   5   5  10   4 286.74
    7   2018 08 03 09:19:19.873    33559.873  0.4253 30.9705 110.3905   0.00   -inf  -nan  12   4  16   4  92.49
    8   2018 08 03 09:43:09.521    34989.521  0.2410 30.8705 110.9405   0.00   -inf  -nan   4   5   9   4 126.90
    9   2018 08 03 10:19:02.360    37142.360  0.2468 30.9405 110.7805  10.00   -inf  -nan   9   8  17   8  92.21
   10   2018 08 03 17:37:16.699    63436.699  0.3656 31.0505 110.7905  10.00   -inf  -nan  14  13  27  13  90.80
    1   2018 08 04 01:01:48.302     3708.302  0.1621 30.8505 111.3605   0.00   -inf  -nan   3   2   5   2 329.97
    2   2018 08 04 02:11:53.796     7913.796  0.2143 30.7705 111.0805  12.00   -inf  -nan   3   2   5   2 241.24
    3   2018 08 04 07:32:00.847    27120.847  0.2393 31.0005 109.9705   6.00   -inf  -nan  13   8  21   8 288.12
    4   2018 08 04 08:14:49.212    29689.212  0.4625 31.1705 110.3505   0.00   -inf  -nan   8   4  12   3 169.99
    5   2018 08 04 08:30:18.531    30618.531  0.3426 31.0505 110.4305  10.00   -inf  -nan  18  17  35  16  98.75
    6   2018 08 04 09:45:36.251    35136.251  0.1767 30.8705 110.9405   2.00   -inf  -nan   5   3   8   3 126.90
    7   2018 08 04 11:41:40.368    42100.368  0.3686 30.9005 110.7205   2.00   -inf  -nan  11   9  20   8  94.62
    8   2018 08 04 11:53:57.023    42837.023  0.2789 31.1705 110.3405   8.00   -inf  -nan   3   2   5   1 206.23
    9   2018 08 04 14:09:37.000    50977.000  0.2493 31.0905 110.1905   0.00   -inf  -nan   5   5  10   5 250.52
   10   2018 08 04 18:10:35.118    65435.118  0.1834 31.0505 110.1905   6.00   -inf  -nan   5   5  10   5 230.55
   11   2018 08 04 20:40:02.006    74402.006  0.3235 31.1405 110.5205   8.00   -inf  -nan   3   2   5   2 225.20
    1   2018 08 05 03:20:53.853    12053.853  0.3227 30.9005 110.7205   0.00   -inf  -nan   9   9  18   7  94.62
    2   2018 08 05 05:13:29.423    18809.423  0.2451 30.7405 111.0105   2.00   -inf  -nan   4   2   6   2 271.79
    3   2018 08 05 06:29:09.876    23349.876  0.2729 30.7505 110.7805  14.00   -inf  -nan  17   8  25   8 167.12
    4   2018 08 05 07:58:02.801    28682.801  0.1072 31.2005 110.5405   2.00   -inf  -nan   3   2   5   1 187.34
    5   2018 08 05 09:59:58.563    35998.563  0.2160 30.9805 110.6405  12.00   -inf  -nan   3   2   5   2 163.60
    6   2018 08 05 10:25:48.094    37548.094  0.2094 30.9805 110.6405   0.00   -inf  -nan   3   2   5   1 174.24
    7   2018 08 05 19:27:52.893    70072.893  0.1303 30.9405 110.7805  10.00   -inf  -nan   3   3   6   3 292.94
    8   2018 08 05 20:43:55.522    74635.522  0.1401 30.9405 110.7805  10.00   -inf  -nan   3   2   5   2 292.94
    9   2018 08 05 20:51:00.169    75060.169  0.2513 30.9405 110.7805  10.00   -inf  -nan   6   6  12   5 110.23
   10   2018 08 05 21:54:15.862    78855.862  0.3137 30.9405 110.7805  10.00   -inf  -nan  14  14  28  12  92.21
    1   2018 08 06 01:16:12.879     4572.879  0.2593 30.7305 111.1205   8.00   -inf  -nan   3   5   8   3 310.79
    2   2018 08 06 03:01:04.655    10864.655  0.0754 30.9305 111.2805   4.00   -inf  -nan   3   2   5   2 335.20
    3   2018 08 06 03:46:46.252    13606.252  0.2226 30.7805 111.0105   4.00   -inf  -nan   4   3   7   2 274.30
    4   2018 08 06 04:12:28.805    15148.805  0.2700 31.2805 110.8205   0.00   -inf  -nan   5   5  10   5 307.89
    5   2018 08 06 05:16:36.768    18996.768  0.1616 30.8705 110.9805   4.00   -inf  -nan   4   3   7   3 270.36
    6   2018 08 06 05:19:05.335    19145.335  0.2755 30.8505 110.4505   0.00   -inf  -nan   6   3   9   3 217.21
    7   2018 08 06 05:43:58.922    20638.922  0.4445 31.1805 110.3405   0.00   -inf  -nan  13   8  21   6 237.17
    8   2018 08 06 05:49:57.842    20997.842  0.3285 30.9805 110.7805   0.00   -inf  -nan  16   6  22   6  61.61
    9   2018 08 06 07:29:52.562    26992.562  0.2607 30.9005 110.7205   6.00   -inf  -nan  12   9  21   8  94.62
   10   2018 08 06 08:38:54.580    31134.580  0.2645 31.1705 110.3505   0.00   -inf  -nan   6   5  11   4 241.57
   11   2018 08 06 08:41:43.718    31303.718  0.3355 31.2105 110.3405   0.00   -inf  -nan   4   4   8   3 255.57
   12   2018 08 06 10:54:11.483    39251.483  0.3481 30.7805 111.0105   0.00   -inf  -nan   8   4  12   4 205.53
   13   2018 08 06 11:42:00.869    42120.869  0.1270 30.8905 111.1605   8.00   -inf  -nan   3   2   5   2 228.98
   14   2018 08 06 15:05:43.498    54343.498  0.2239 31.0205 110.7405   6.00   -inf  -nan   4   2   6   2 139.53
   15   2018 08 06 17:04:44.884    61484.884  0.4246 31.0205 110.4405   6.00   -inf  -nan   7   7  14   6  87.12
   16   2018 08 06 19:46:09.095    71169.095  0.1235 31.0205 110.7405   8.00   -inf  -nan   3   2   5   2 242.43
   17   2018 08 06 21:18:13.264    76693.264  0.1817 30.8905 111.1605   8.00   -inf  -nan   3   2   5   2 200.11
   18   2018 08 06 21:48:26.127    78506.127  0.4136 31.0205 110.7105  10.00   -inf  -nan   5   6  11   5 135.42
    1   2018 08 07 00:59:59.884     3599.884  0.3570 30.7705 111.2005   6.00   -inf  -nan   6   3   9   1 272.42
    2   2018 08 07 03:48:44.362    13724.362  0.3452 30.7905 110.9405   6.00   -inf  -nan  10   9  19   9 155.53
    3   2018 08 07 04:09:32.217    14972.217  0.3886 30.9005 110.7205   0.00   -inf  -nan  11  12  23   9  94.62
    4   2018 08 07 04:28:08.693    16088.693  0.2590 30.9105 110.9005   0.00   -inf  -nan   9   8  17   7  72.15
    5   2018 08 07 04:42:39.690    16959.690  0.2410 30.9105 110.9005   4.00   -inf  -nan   9   5  14   5  87.52
    6   2018 08 07 09:34:32.618    34472.618  0.2193 30.8705 110.9405   4.00   -inf  -nan   3   5   8   2  93.30
    7   2018 08 07 12:05:53.827    43553.827  0.2034 31.0905 110.2305   4.00   -inf  -nan   4   4   8   4 235.98
    8   2018 08 07 13:20:48.303    48048.303  0.2619 30.8905 111.1205   0.00   -inf  -nan   4   3   7   2 152.94
    9   2018 08 07 14:38:48.068    52728.068  0.1156 30.9005 110.5805   6.00   -inf  -nan   7   7  14   7 164.71
   10   2018 08 07 14:45:54.701    53154.701  0.2446 30.9005 110.5805   8.00   -inf  -nan  12  11  23  11 125.51
   11   2018 08 07 16:08:57.465    58137.465  0.0915 31.0205 110.7405   8.00   -inf  -nan   3   2   5   2 242.43
   12   2018 08 07 16:20:57.212    58857.212  0.1221 30.8905 111.1605   8.00   -inf  -nan   4   2   6   2 195.54
   13   2018 08 07 17:10:38.773    61838.773  0.4339 31.0505 110.4605   0.00   -inf  -nan   8   9  17   8 111.60
   14   2018 08 07 17:52:42.851    64362.851  0.3255 31.0505 110.4605   0.00   -inf  -nan   8   9  17   8 111.60
   15   2018 08 07 19:19:57.185    69597.185  0.3784 30.9405 110.7805  12.00   -inf  -nan  19  18  37  18  62.87
   16   2018 08 07 22:32:54.625    81174.625  0.3067 31.0605 110.8205   6.00   -inf  -nan  19  16  35  16 109.59
    1   2018 08 08 02:42:35.224     9755.224  0.2376 30.9405 110.9505   2.00   -inf  -nan  11  10  21   9  93.06
    2   2018 08 08 03:29:36.939    12576.939  0.2364 31.1805 110.2405   0.00   -inf  -nan  10   8  18   8 259.57
    3   2018 08 08 05:01:32.232    18092.232  0.3358 30.9005 110.7205   2.00   -inf  -nan  17   9  26   9  94.62
    4   2018 08 08 06:14:37.374    22477.374  0.2585 30.9905 110.7205   8.00   -inf  -nan   5   6  11   5 119.19
    5   2018 08 08 07:19:06.925    26346.925  0.2167 30.8705 110.9405   0.00   -inf  -nan   7   5  12   5 126.90
    6   2018 08 08 07:26:14.366    26774.366  0.1569 30.7705 110.7605  10.00   -inf  -nan   3   4   7   3 124.90
    7   2018 08 08 08:28:40.893    30520.893  0.2821 30.7405 110.8905   4.00   -inf  -nan   8   4  12   4 199.16
    8   2018 08 08 09:45:23.913    35123.913  0.3163 31.1305 110.0305   2.00   -inf  -nan   9   5  14   5 297.25
    9   2018 08 08 09:45:31.798    35131.798  0.1961 30.8105 111.1205   2.00   -inf  -nan   4   2   6   1 223.03
   10   2018 08 08 10:04:16.293    36256.293  0.1997 30.7305 110.5605  14.00   -inf  -nan   3   4   7   3 235.30
   11   2018 08 08 11:03:55.442    39835.442  0.1532 30.8905 111.1605   8.00   -inf  -nan   4   2   6   2 195.54
   12   2018 08 08 11:18:28.677    40708.677  0.3493 31.0005 110.3705   2.00   -inf  -nan  13   8  21   7 120.29
   13   2018 08 08 12:17:09.131    44229.131  0.2073 31.0205 110.7405   8.00   -inf  -nan   4   4   8   4 242.43
   14   2018 08 08 18:09:06.488    65346.488  0.2449 30.8505 110.6405  10.00   -inf  -nan   3   4   7   3 197.35
   15   2018 08 08 20:58:05.231    75485.231  0.3759 31.0605 110.4405   4.00   -inf  -nan  11  11  22  10 113.97
   16   2018 08 08 23:23:21.109    84201.109  0.1822 31.0205 110.7405   6.00   -inf  -nan   4   3   7   3 139.53
    1   2018 08 09 01:23:27.182     5007.182  0.2397 30.8505 111.3605   2.00   -inf  -nan   5   2   7   1 328.20
    2   2018 08 09 01:29:44.161     5384.161  0.1697 30.8705 111.1005   8.00   -inf  -nan   4   4   8   4 148.55
    3   2018 08 09 01:34:21.823     5661.823  0.2275 30.8105 111.2405   0.00   -inf  -nan   4   4   8   2 297.67
    4   2018 08 09 01:58:33.954     7113.954  0.1972 30.8205 110.6005  10.00   -inf  -nan   3   3   6   3 280.01
    5   2018 08 09 02:05:01.175     7501.175  0.1661 30.7305 111.1205   6.00   -inf  -nan   3   6   9   3 299.13
    6   2018 08 09 03:09:12.352    11352.352  0.1775 30.7405 110.6805  20.00   -inf  -nan   3   2   5   2 189.22
    7   2018 08 09 04:47:22.829    17242.829  0.2286 30.9905 110.7205   8.00   -inf  -nan  13  10  23   9  81.62
    8   2018 08 09 05:16:34.113    18994.113  0.3819 31.0205 110.4605   0.00   -inf  -nan  12   6  18   6  90.43
    9   2018 08 09 08:10:21.487    29421.487  0.2975 31.0305 110.8005  10.00   -inf  -nan  17  14  31  14 114.14
   10   2018 08 09 08:26:35.607    30395.607  0.2013 30.8605 110.9405   2.00   -inf  -nan   3   4   7   3 190.53
   11   2018 08 09 08:32:19.404    30739.404  0.2911 30.9005 110.7205   0.00   -inf  -nan  14   9  23   9  94.62
   12   2018 08 09 09:10:34.053    33034.053  0.3381 30.7805 110.9705   8.00   -inf  -nan   4   4   8   3 194.39
   13   2018 08 09 10:13:47.569    36827.569  0.2821 30.9805 110.7805   0.00   -inf  -nan   3   3   6   2 223.58
   14   2018 08 09 11:44:05.508    42245.508  0.3187 30.7705 110.0905   0.00   -inf  -nan   3   4   7   3 316.68
   15   2018 08 09 13:17:22.648    47842.648  0.1109 30.8905 111.1605   8.00   -inf  -nan   3   2   5   2 195.54
   16   2018 08 09 19:10:50.896    69050.896  0.2371 30.8505 110.4505   0.00   -inf  -nan   5   2   7   2 217.21
   17   2018 08 09 21:54:36.490    78876.490  0.3196 30.9205 110.7805  14.00   -inf  -nan  18  13  31  13  70.94
   18   2018 08 09 22:23:38.950    80618.950  0.3463 30.9405 110.7805  10.00   -inf  -nan  18  15  33  15  62.87
    1   2018 08 10 00:36:54.374     2214.374  0.2883 31.1705 110.2305   6.00   -inf  -nan   9   8  17   7 259.68
    2   2018 08 10 01:48:29.839     6509.839  0.0825 30.9105 110.9005   6.00   -inf  -nan   5   3   8   3 153.03
    3   2018 08 10 03:41:59.450    13319.450  0.2891 30.9105 110.9005   2.00   -inf  -nan  10   9  19   9  79.30
    4   2018 08 10 03:57:51.339    14271.339  0.2494 31.0005 109.9705   8.00   -inf  -nan  12   6  18   6 314.79
    5   2018 08 10 03:59:14.327    14354.327  0.2182 30.9105 110.9005   2.00   -inf  -nan  11   6  17   6  79.30
    6   2018 08 10 06:46:31.585    24391.585  0.2913 30.8205 110.6605  10.00   -inf  -nan  11  14  25  11 142.76
    7   2018 08 10 06:51:52.038    24712.038  0.2841 30.8205 110.6605  10.00   -inf  -nan   5   7  12   5 146.47
    8   2018 08 10 07:42:56.196    27776.196  0.3530 30.8905 110.7205   0.00   -inf  -nan  11   9  20   9  97.68
    9   2018 08 10 08:55:37.784    32137.784  0.2971 30.8905 111.2405   8.00   -inf  -nan   5   3   8   2 294.12
   10   2018 08 10 14:51:17.793    53477.793  0.4326 30.5905 110.7205   2.00   -inf  -nan   3   3   6   1 296.55
   11   2018 08 10 15:43:02.292    56582.292  0.2400 30.8105 110.6505   8.00   -inf  -nan   8   8  16   8 150.84
   12   2018 08 10 15:55:49.271    57349.271  0.2494 30.8305 110.6605   0.00   -inf  -nan   3   4   7   3 141.50
   13   2018 08 10 16:09:06.387    58146.387  0.2635 31.0505 110.1905   6.00   -inf  -nan   9   8  17   8 236.36
   14   2018 08 10 16:13:26.995    58406.995  0.2574 31.0605 110.1605   8.00   -inf  -nan   7   7  14   7 253.19
   15   2018 08 10 16:20:57.136    58857.136  0.1564 31.0505 110.1905   6.00   -inf  -nan   3   3   6   3 263.14
   16   2018 08 10 18:16:57.023    65817.023  0.3164 30.9405 110.7805  10.00   -inf  -nan  15  12  27  12  92.21
   17   2018 08 10 18:36:54.721    67014.721  0.1774 31.0505 110.1905   6.00   -inf  -nan   3   3   6   3 263.14
   18   2018 08 10 19:19:26.230    69566.230  0.4140 30.9405 110.7805  10.00   -inf  -nan  10  11  21  10  92.21
   19   2018 08 10 19:53:33.854    71613.854  0.2624 31.0505 110.1905   6.00   -inf  -nan   8   8  16   8 236.36
    1   2018 08 11 01:36:46.703     5806.703  0.2517 30.9405 111.3505   8.00   -inf  -nan   6   3   9   3 318.99
    2   2018 08 11 02:47:10.571    10030.571  0.3873 30.8705 110.9405   2.00   -inf  -nan   8   9  17   7 126.90
    3   2018 08 11 02:49:05.448    10145.448  0.2349 30.7405 110.8505   6.00   -inf  -nan   5   5  10   5 192.15
    4   2018 08 11 04:54:20.382    17660.382  0.3489 30.8905 110.7205   0.00   -inf  -nan   6   2   8   2 109.94
    5   2018 08 11 05:13:20.912    18800.912  0.1653 31.0205 110.2805   2.00   -inf  -nan   3   2   5   2 322.34
    6   2018 08 11 05:52:12.166    21132.166  0.2499 31.1305 110.0305   8.00   -inf  -nan  11   5  16   4 297.25
    7   2018 08 11 06:31:11.705    23471.705  0.4146 30.9005 110.7505   0.00   -inf  -nan   9   9  18   7  86.96
    8   2018 08 11 07:19:22.256    26362.256  0.1158 30.7705 110.8405   6.00   -inf  -nan   3   2   5   1 152.09
    9   2018 08 11 08:06:00.835    29160.835  0.4272 30.8705 110.9405   2.00   -inf  -nan   3   4   7   3 170.11
   10   2018 08 11 08:56:55.857    32215.857  0.1466 30.8505 111.2805  10.00   -inf  -nan   5   2   7   2 310.92
   11   2018 08 11 12:12:25.852    43945.852  0.1185 30.8905 111.1605   8.00   -inf  -nan   4   2   6   2 195.54
   12   2018 08 11 20:01:22.450    72082.450  0.1645 30.8605 111.1705   8.00   -inf  -nan   5   3   8   3 228.63
   13   2018 08 11 20:04:38.939    72278.939  0.3603 30.8205 110.6805  12.00   -inf  -nan   5   6  11   5 137.55
   14   2018 08 11 21:33:48.901    77628.901  0.3687 30.8605 110.4605   0.00   -inf  -nan   5   6  11   4 207.56
    1   2018 08 12 00:23:15.151     1395.151  0.2239 30.9005 110.6405   4.00   -inf  -nan   4   4   8   4 131.51
    2   2018 08 12 05:58:17.465    21497.465  0.2810 30.8605 111.1505   4.00   -inf  -nan   4   3   7   2 215.44
    3   2018 08 12 06:30:11.571    23411.571  0.2170 30.7705 111.1305   6.00   -inf  -nan   5   3   8   2 296.83
    4   2018 08 12 09:48:27.036    35307.036  0.3403 30.8705 110.9405   0.00   -inf  -nan   6   4  10   3 161.30
    5   2018 08 12 11:03:45.142    39825.142  0.2906 30.8705 110.9005   2.00   -inf  -nan   9   4  13   4 151.59
    6   2018 08 12 14:35:58.694    52558.694  0.3817 31.0605 110.4405   2.00   -inf  -nan   4   6  10   3 170.49
    1   2018 08 13 03:28:29.281    12509.281  0.3982 31.0605 110.7405   6.00   -inf  -nan   6   5  11   5 243.53
    2   2018 08 13 04:15:32.702    15332.702  0.3677 30.8105 111.0005   0.00   -inf  -nan   9   3  12   3 188.09
    3   2018 08 13 06:42:28.298    24148.298  0.3291 30.8705 110.9405   2.00   -inf  -nan  11   8  19   7  86.65
    4   2018 08 13 09:15:40.318    33340.318  0.3632 30.8705 110.9405   0.00   -inf  -nan   5   5  10   4 161.30
    5   2018 08 13 10:28:28.824    37708.824  0.2910 30.9305 111.2405   4.00   -inf  -nan   8   6  14   6 300.87
    6   2018 08 13 11:55:22.413    42922.413  0.3489 30.8105 110.1705   0.00   -inf  -nan   3   3   6   3 301.75
    1   2018 08 14 00:58:00.161     3480.161  0.2053 31.0905 110.6305   8.00   -inf  -nan   4   3   7   3 230.37
    2   2018 08 14 01:37:40.153     5860.153  0.0602 30.8905 111.3605   8.00   -inf  -nan   4   2   6   2 334.19
    3   2018 08 14 01:43:35.505     6215.505  0.2064 31.2805 110.9005   2.00   -inf  -nan   4   2   6   2 330.23
    4   2018 08 14 02:01:02.358     7262.358  0.2027 30.8705 110.9405   0.00   -inf  -nan   5   3   8   3 161.30
    5   2018 08 14 03:36:48.675    13008.675  0.4085 30.7905 110.9405   0.00   -inf  -nan   7   4  11   4 162.67
    6   2018 08 14 03:39:04.185    13144.185  0.2726 31.0105 110.5305   0.00   -inf  -nan  12   4  16   4  80.16
    7   2018 08 14 04:06:58.391    14818.391  0.3865 31.2505 110.3105   6.00   -inf  -nan   8   5  13   4 262.70
    8   2018 08 14 08:12:34.202    29554.202  0.4312 30.7805 110.9305   4.00   -inf  -nan   4   6  10   4 157.56
    9   2018 08 14 08:34:10.550    30850.550  0.2749 30.8705 110.9405   0.00   -inf  -nan   7   3  10   3 126.90
   10   2018 08 14 09:50:52.664    35452.664  0.3069 31.1705 110.1805   0.00   -inf  -nan   7   5  12   5 280.91
   11   2018 08 14 10:28:49.044    37729.044  0.4000 30.9705 110.3805   6.00   -inf  -nan   8   4  12   3  91.22
   12   2018 08 14 19:45:34.575    71134.575  0.2955 31.0505 110.4605   0.00   -inf  -nan   7   8  15   6 111.60
   13   2018 08 14 21:35:55.358    77755.358  0.2721 31.0805 110.8205  14.00   -inf  -nan   9   8  17   7 138.49
    1   2018 08 15 02:43:22.728     9802.728  0.2654 31.0905 110.0305   0.00   -inf  -nan   3   3   6   3 328.24
    2   2018 08 15 05:29:13.085    19753.085  0.3032 31.0305 110.5605   0.00   -inf  -nan   4   5   9   3 117.50
    3   2018 08 15 06:23:57.860    23037.860  0.4017 30.7805 110.9305   2.00   -inf  -nan  11   7  18   7 163.48
    4   2018 08 15 07:19:40.338    26380.338  0.2380 30.9105 110.9005   0.00   -inf  -nan   9   6  15   6 126.07
    5   2018 08 15 07:31:40.368    27100.368  0.2621 30.9105 110.9005   2.00   -inf  -nan   9   8  17   8 149.12
    6   2018 08 15 09:39:43.498    34783.498  0.1713 30.8705 110.9405   2.00   -inf  -nan   3   3   6   3 160.03
    7   2018 08 15 17:34:35.246    63275.246  0.2448 30.7805 110.6805  12.00   -inf  -nan  16  14  30  14 143.52
    1   2018 08 16 05:08:22.207    18502.207  0.1916 30.7705 110.7605   0.00   -inf  -nan   8   5  13   5 109.98
    2   2018 08 16 06:59:39.978    25179.978  0.3074 30.9405 110.4405   6.00   -inf  -nan   9  10  19   9 106.23
    3   2018 08 16 07:55:17.875    28517.875  0.3332 30.7105 110.8605   4.00   -inf  -nan  12   7  19   7 214.79
    4   2018 08 16 08:22:33.341    30153.341  0.1547 30.7505 110.8205  10.00   -inf  -nan   3   3   6   2 167.07
    5   2018 08 16 09:49:31.662    35371.662  0.1534 30.8705 110.9405   0.00   -inf  -nan   6   2   8   2  86.65
    6   2018 08 16 15:44:10.293    56650.293  0.2643 31.0505 110.4505   0.00   -inf  -nan   5   6  11   5 109.19
    1   2018 08 17 02:34:21.201     9261.201  0.3603 31.1705 110.3505   0.00   -inf  -nan   4   5   9   3 259.03
    2   2018 08 17 02:44:03.438     9843.438  0.2983 31.2505 110.3105  10.00   -inf  -nan   6   5  11   2 286.25
    3   2018 08 17 03:33:14.064    12794.064  0.3527 31.1205 110.8605   0.00   -inf  -nan   3   8  11   2 183.48
    4   2018 08 17 03:37:11.623    13031.623  0.3823 31.2105 110.3505   0.00   -inf  -nan   6   4  10   4 267.56
    5   2018 08 17 03:47:28.550    13648.550  0.4737 31.2305 110.2805   0.00   -inf  -nan   5   2   7   1 284.39
    6   2018 08 17 06:41:29.555    24089.555  0.3490 31.0105 110.5405   0.00   -inf  -nan   7   6  13   5  77.39
    7   2018 08 17 06:48:50.884    24530.884  0.2972 30.9305 110.9605   4.00   -inf  -nan  10   8  18   8 153.74
    8   2018 08 17 09:27:55.021    34075.021  0.3708 30.8805 110.0105   2.00   -inf  -nan   5   3   8   2 328.30
    9   2018 08 17 09:47:50.750    35270.750  0.2396 30.8705 110.9405   0.00   -inf  -nan   7   3  10   3 126.90
   10   2018 08 17 21:10:47.758    76247.758  0.2984 31.0505 110.4605  10.00   -inf  -nan   6   4  10   3 111.60
    1   2018 08 18 02:41:31.332     9691.332  0.2749 30.9305 110.9205   8.00   -inf  -nan   7   5  12   5 148.42
    2   2018 08 18 05:59:59.301    21599.301  0.2302 30.7705 111.0905   0.00   -inf  -nan   8   2  10   2 227.94
    3   2018 08 18 08:16:52.631    29812.631  0.3806 30.7005 110.9305   2.00   -inf  -nan   7   5  12   4 227.80
    4   2018 08 18 09:28:08.082    34088.082  0.1536 30.8705 110.9405   2.00   -inf  -nan   3   2   5   1 160.03
    5   2018 08 18 14:18:01.755    51481.755  0.1612 31.1305 110.3005   0.00   -inf  -nan   7   7  14   7 233.45
    6   2018 08 18 22:35:18.743    81318.743  0.2355 31.0405 110.8605  14.00   -inf  -nan   4   2   6   2 269.85
    1   2018 08 19 03:29:38.043    12578.043  0.3585 31.0105 111.3205   0.00   -inf  -nan   4   3   7   1 324.65
    2   2018 08 19 04:26:13.587    15973.587  0.3446 30.7805 110.9705   4.00   -inf  -nan   8   4  12   4 197.44
    3   2018 08 19 04:59:05.885    17945.885  0.3525 30.9605 110.2505   0.00   -inf  -nan   6   4  10   4 125.70
    4   2018 08 19 05:47:30.417    20850.417  0.2866 31.0905 110.2705   6.00   -inf  -nan  11  11  22  11 206.57
    5   2018 08 19 06:46:58.434    24418.434  0.4005 30.9705 110.3705   6.00   -inf  -nan  10   5  15   5  88.31
    6   2018 08 19 08:45:26.116    31526.116  0.2179 30.8705 110.9405   0.00   -inf  -nan   4   4   8   3 156.76
    7   2018 08 19 09:33:14.743    34394.743  0.3452 31.2105 110.3805   0.00   -inf  -nan   3   3   6   3 308.74
    8   2018 08 19 09:36:46.992    34606.992  0.1485 31.1705 110.3505   0.00   -inf  -nan   4   2   6   2 250.72
    9   2018 08 19 09:42:52.786    34972.786  0.3416 31.2105 110.3505   0.00   -inf  -nan   6   3   9   2 267.56
   10   2018 08 19 12:02:38.131    43358.131  0.3519 30.8205 110.6805   6.00   -inf  -nan   5   6  11   5 137.55
   11   2018 08 19 13:50:25.081    49825.081  0.3674 31.0505 110.4605   8.00   -inf  -nan   9   7  16   6 111.60
   12   2018 08 19 17:38:23.906    63503.906  0.2243 30.9805 110.7805  10.00   -inf  -nan   6   5  11   5 292.68
   13   2018 08 19 20:51:51.821    75111.821  0.4174 31.0505 110.4205  10.00   -inf  -nan  10  12  22  10  94.28
   14   2018 08 19 21:58:00.737    79080.737  0.2750 31.0205 110.5005   6.00   -inf  -nan   8   7  15   6  91.45
   15   2018 08 19 21:59:39.570    79179.570  0.2972 31.0105 110.5105   0.00   -inf  -nan   3   6   9   3 137.68
   16   2018 08 19 22:13:44.169    80024.169  0.3221 31.0505 110.4605   0.00   -inf  -nan   4   5   9   4 111.60
    1   2018 08 20 02:20:34.815     8434.815  0.2952 30.8705 110.9805   4.00   -inf  -nan   3   4   7   2 133.10
    2   2018 08 20 03:08:48.392    11328.392  0.2037 30.7405 110.3805   2.00   -inf  -nan   4   2   6   2 251.34
    3   2018 08 20 03:22:16.848    12136.848  0.4306 31.2805 110.9405   2.00   -inf  -nan   3   4   7   2 317.29
    4   2018 08 20 03:32:02.774    12722.774  0.2360 30.7805 111.0105   0.00   -inf  -nan   6   3   9   3 205.53
    5   2018 08 20 03:38:17.331    13097.331  0.4443 30.9705 110.3705   4.00   -inf  -nan  12   6  18   6  88.31
    6   2018 08 20 04:07:50.374    14870.374  0.3915 31.0105 110.4705   0.00   -inf  -nan  12   4  16   4  85.46
    7   2018 08 20 07:28:55.949    26935.949  0.3213 30.7405 111.1005   0.00   -inf  -nan   3   4   7   2 260.58
    8   2018 08 20 08:15:11.848    29711.848  0.1978 30.8705 110.9405   2.00   -inf  -nan   6   4  10   4 126.90
    9   2018 08 20 08:47:03.481    31623.481  0.3512 30.9005 110.6805   2.00   -inf  -nan   6   6  12   6 123.05
   10   2018 08 20 09:31:58.188    34318.188  0.4894 31.2505 110.3105   0.00   -inf  -nan   3   4   7   2 263.73
   11   2018 08 20 09:56:16.967    35776.967  0.1628 31.0505 110.1505   4.00   -inf  -nan   4   2   6   2 324.63
   12   2018 08 20 10:06:59.963    36419.963  0.1932 30.8905 110.9105   0.00   -inf  -nan   8   4  12   4 135.31
   13   2018 08 20 10:44:55.263    38695.263  0.2202 31.0005 110.0505   8.00   -inf  -nan   4   2   6   2 297.50
   14   2018 08 20 16:28:23.912    59303.912  0.2424 31.0105 110.4705   0.00   -inf  -nan   3   4   7   2 135.90
   15   2018 08 20 17:43:15.952    63795.952  0.1664 30.9405 110.7805  10.00   -inf  -nan   3   4   7   3 292.94
   16   2018 08 20 17:44:14.347    63854.347  0.1909 30.9405 110.7705  10.00   -inf  -nan   8   8  16   8 173.07
   17   2018 08 20 18:54:56.679    68096.679  0.3319 31.1705 110.3005   2.00   -inf  -nan   7   2   9   1 261.29
   18   2018 08 20 21:19:20.944    76760.944  0.1041 30.9005 110.7805   8.00   -inf  -nan   3   4   7   3 293.53
    1   2018 08 21 00:09:36.597      576.597  0.3199 30.9805 110.7405  12.00   -inf  -nan   4   3   7   3 199.20
    2   2018 08 21 04:28:43.368    16123.368  0.3046 30.9105 110.9005   2.00   -inf  -nan   9   4  13   4  79.30
    3   2018 08 21 06:46:41.683    24401.683  0.3043 31.0105 110.1505   6.00   -inf  -nan   5   5  10   5 204.26
    4   2018 08 21 07:05:27.157    25527.157  0.2997 31.1705 110.3805   2.00   -inf  -nan   8   4  12   3 174.23
    5   2018 08 21 08:28:20.488    30500.488  0.2278 30.8705 110.9405   0.00   -inf  -nan   3   4   7   2 161.30
    6   2018 08 21 09:04:42.078    32682.078  0.3689 30.9005 110.9105   4.00   -inf  -nan   4   5   9   4  98.76
    7   2018 08 21 09:54:04.301    35644.301  0.1948 30.7405 110.9305   8.00   -inf  -nan   5   4   9   4 256.44
    8   2018 08 21 20:37:33.749    74253.749  0.3306 31.0905 110.3105   0.00   -inf  -nan   9   8  17   8  90.31
    1   2018 08 22 02:18:03.167     8283.167  0.2151 31.0805 110.8205  10.00   -inf  -nan  19   2  21   2 138.49
    2   2018 08 22 04:40:57.114    16857.114  0.3101 31.0505 110.4505   0.00   -inf  -nan   6   6  12   6 109.19
    3   2018 08 22 06:25:30.079    23130.079  0.3477 30.8605 110.9405   4.00   -inf  -nan   8   3  11   3 115.52
    4   2018 08 22 07:07:01.846    25621.846  0.4421 30.9405 110.4605  10.00   -inf  -nan  10  10  20  10  84.04
    5   2018 08 22 08:44:34.871    31474.871  0.1163 30.8705 110.9405   2.00   -inf  -nan   3   5   8   3 156.76
    6   2018 08 22 09:23:16.559    33796.559  0.3185 31.0105 110.1505   0.00   -inf  -nan   7   4  11   4 204.26
    7   2018 08 22 09:54:10.635    35650.635  0.3123 31.0905 110.1905   0.00   -inf  -nan   7   8  15   7 181.48
    8   2018 08 22 10:05:43.321    36343.321  0.3673 30.9405 110.4805   2.00   -inf  -nan   3   2   5   2 254.53
    9   2018 08 22 16:35:46.553    59746.553  0.2343 31.1705 110.5105   2.00   -inf  -nan   5   2   7   2 171.89
   10   2018 08 22 18:34:33.744    66873.744  0.2825 31.0605 110.2805   0.00   -inf  -nan   7   8  15   7 104.59
   11   2018 08 22 18:55:49.772    68149.772  0.4050 30.9805 110.4605  12.00   -inf  -nan   4   4   8   4 138.36
    1   2018 08 23 04:41:18.340    16878.340  0.4854 31.3005 110.0505   0.00   -inf  -nan   4   3   7   3 309.64
    2   2018 08 23 04:57:43.788    17863.788  0.3394 31.3005 110.0605   0.00   -inf  -nan   4   2   6   2 316.00
    3   2018 08 23 05:08:39.910    18519.910  0.2008 31.2105 110.0905   0.00   -inf  -nan   7   2   9   2 277.98
    4   2018 08 23 05:17:27.026    19047.026  0.1708 30.8705 110.9405   0.00   -inf  -nan   4   3   7   1 191.16
    5   2018 08 23 05:25:13.216    19513.216  0.2468 31.2205 110.0505   0.00   -inf  -nan   8   3  11   3 289.11
    6   2018 08 23 06:11:06.432    22266.432  0.3401 30.9705 110.7905  14.00   -inf  -nan  10   8  18   6  99.38
    7   2018 08 23 06:20:07.951    22807.951  0.3384 31.0105 110.1505   0.00   -inf  -nan   7   4  11   4 204.26
    8   2018 08 23 10:07:10.948    36430.948  0.2826 31.1705 110.3505   8.00   -inf  -nan   3   3   6   2 250.73
    9   2018 08 23 10:56:54.393    39414.393  0.2406 31.0005 110.0105   0.00   -inf  -nan   8   3  11   3 277.68
   10   2018 08 23 19:06:39.297    68799.297  0.4434 31.0505 110.4105  10.00   -inf  -nan   7   7  14   7  93.98
   11   2018 08 23 22:38:59.653    81539.653  0.2652 31.0505 110.4605  10.00   -inf  -nan   6   7  13   6 111.60
   12   2018 08 23 23:58:54.336    86334.336  0.3490 31.0305 110.4405   0.00   -inf  -nan   3   4   7   2 134.10
    1   2018 08 24 06:34:08.711    23648.711  0.2476 30.8705 110.9405   4.00   -inf  -nan   3   4   7   2 160.03
    2   2018 08 24 07:03:31.446    25411.446  0.2430 31.0105 110.1505   0.00   -inf  -nan   4   4   8   2 204.26
    3   2018 08 24 07:13:11.402    25991.402  0.3379 30.8605 110.6605   4.00   -inf  -nan   8   5  13   4 127.32
    4   2018 08 24 07:38:51.835    27531.835  0.3819 30.9305 110.6305   2.00   -inf  -nan   8   5  13   4  93.28
    5   2018 08 24 07:50:06.095    28206.095  0.2829 31.1705 110.3905   0.00   -inf  -nan   6   3   9   3 187.53
    6   2018 08 24 10:58:41.817    39521.817  0.2560 31.0905 110.1105   0.00   -inf  -nan   4   5   9   4 286.91
    7   2018 08 24 11:04:19.899    39859.899  0.1976 31.3005 110.0905   0.00   -inf  -nan   4   2   6   2 306.42
    8   2018 08 24 11:56:38.183    42998.183  0.4159 31.0605 110.2005   6.00   -inf  -nan   9   8  17   8 172.35
    9   2018 08 24 19:41:53.033    70913.033  0.1450 30.8905 111.0905   0.00   -inf  -nan   3   2   5   2 157.71
   10   2018 08 24 20:27:59.944    73679.944  0.3628 31.1705 110.5505   0.00   -inf  -nan   3   2   5   2 257.06
    1   2018 08 25 01:28:20.392     5300.392  0.3509 31.0105 110.1505   0.00   -inf  -nan   4   5   9   4 204.26
    2   2018 08 25 03:09:35.428    11375.428  0.2889 30.9605 109.9705  12.00   -inf  -nan   5   2   7   2 295.22
    3   2018 08 25 03:43:20.452    13400.452  0.2071 30.7305 111.2105   2.00   -inf  -nan   3   2   5   1 284.08
    4   2018 08 25 04:07:35.442    14855.442  0.4031 31.1205 110.0905   2.00   -inf  -nan   5   7  12   5 286.72
    5   2018 08 25 04:21:49.514    15709.514  0.1904 30.9105 110.9005   0.00   -inf  -nan   8   5  13   5 178.50
    6   2018 08 25 07:48:20.408    28100.408  0.2256 31.1305 110.0305   0.00   -inf  -nan   9   4  13   4 269.61
    7   2018 08 25 08:00:18.458    28818.458  0.1597 31.0105 110.6305   8.00   -inf  -nan   3   3   6   3 255.72
    8   2018 08 25 08:03:52.096    29032.096  0.0855 30.8105 111.2805  10.00   -inf  -nan   3   2   5   2 313.64
    9   2018 08 25 08:42:25.188    31345.188  0.3309 31.0105 110.1505   4.00   -inf  -nan   8   4  12   4 204.26
   10   2018 08 25 09:56:53.531    35813.531  0.3805 30.8705 110.9605   0.00   -inf  -nan  11   8  19   8 115.80
   11   2018 08 25 22:11:06.513    79866.513  0.2041 31.0605 110.4405   2.00   -inf  -nan   4   4   8   2 113.97
    1   2018 08 26 00:04:19.084      259.084  0.3889 30.8505 111.0905   2.00   -inf  -nan   3   3   6   3 170.85
    2   2018 08 26 00:43:56.889     2636.889  0.2707 30.7805 110.2805   8.00   -inf  -nan   3   2   5   2 225.44
    3   2018 08 26 01:11:09.330     4269.330  0.3192 31.0205 110.3605   2.00   -inf  -nan  11  11  22  10  60.26
    4   2018 08 26 03:12:44.005    11564.005  0.3849 31.2905 110.9105   2.00   -inf  -nan   3   3   6   1 330.17
    5   2018 08 26 04:42:54.458    16974.458  0.2340 30.9305 110.9605   4.00   -inf  -nan  10   7  17   7 169.45
    6   2018 08 26 08:01:26.912    28886.912  0.2264 30.9705 110.8005   0.00   -inf  -nan  12   3  15   3 153.47
    7   2018 08 26 09:50:46.725    35446.725  0.3137 31.0105 110.5905   8.00   -inf  -nan  11   9  20   9  80.76
    8   2018 08 26 11:25:43.510    41143.510  0.3508 31.0305 110.5805   8.00   -inf  -nan  15  17  32  15  67.19
    9   2018 08 26 15:17:13.479    55033.479  0.2829 31.0205 110.5605   4.00   -inf  -nan  10  10  20   9  76.00
   10   2018 08 26 17:22:44.538    62564.538  0.2794 31.0105 110.5905   8.00   -inf  -nan   7   6  13   5 110.68
   11   2018 08 26 19:03:21.123    68601.123  0.1263 30.8905 111.0905   2.00   -inf  -nan   3   2   5   2 157.71
   12   2018 08 26 19:25:18.607    69918.607  0.2962 31.1305 110.2305   6.00   -inf  -nan   9   9  18   9 154.97
   13   2018 08 26 20:41:02.455    74462.455  0.1595 30.8905 110.7605   8.00   -inf  -nan   3   4   7   3 194.24
   14   2018 08 26 21:05:56.191    75956.191  0.2666 31.0805 110.8205   8.00   -inf  -nan  13  11  24  11 138.49
    1   2018 08 27 01:03:02.722     3782.722  0.3582 31.0105 110.5905   6.00   -inf  -nan  12  16  28  12  66.57
    2   2018 08 27 01:22:32.510     4952.510  0.4763 31.0105 110.5505   0.00   -inf  -nan   8   6  14   5 109.37
    3   2018 08 27 01:29:22.132     5362.132  0.3087 30.8705 110.9005   2.00   -inf  -nan   6   4  10   4 128.90
    4   2018 08 27 01:54:03.068     6843.068  0.3543 31.0105 110.1505   2.00   -inf  -nan  13   8  21   8 204.26
    5   2018 08 27 05:47:42.677    20862.677  0.2202 31.0105 110.1505   4.00   -inf  -nan   9   4  13   3 204.26
    6   2018 08 27 06:16:36.470    22596.470  0.4052 31.2505 110.0305   4.00   -inf  -nan   7   2   9   2 301.16
    7   2018 08 27 09:09:24.369    32964.369  0.3285 31.0105 110.1505   6.00   -inf  -nan  10   5  15   4 204.26
    8   2018 08 27 09:31:54.277    34314.277  0.3317 31.0105 110.1505   6.00   -inf  -nan  10   4  14   4 204.26
    9   2018 08 27 10:48:28.805    38908.805  0.3132 30.9905 110.6005   6.00   -inf  -nan  15  14  29  13  61.36
   10   2018 08 27 10:52:38.143    39158.143  0.1978 30.9105 110.9005   0.00   -inf  -nan   7   4  11   4 149.12
   11   2018 08 27 12:37:49.243    45469.243  0.2025 31.2005 110.5005   2.00   -inf  -nan   3   2   5   2 314.48
   12   2018 08 27 15:52:11.445    57131.445  0.3190 31.0205 110.4405   4.00   -inf  -nan   4   6  10   4 123.87
   13   2018 08 27 19:10:58.004    69058.004  0.4434 31.1405 110.2905   0.00   -inf  -nan   5   2   7   2 138.84
   14   2018 08 27 20:15:22.551    72922.551  0.3186 31.0205 110.4405   4.00   -inf  -nan   5   6  11   5 123.87
   15   2018 08 27 20:33:17.032    73997.032  0.1945 31.0205 110.5805   6.00   -inf  -nan   7   6  13   4  99.74
   16   2018 08 27 21:29:40.463    77380.463  0.3041 31.0205 110.5805   6.00   -inf  -nan   8   6  14   6  99.74
   17   2018 08 27 21:51:28.361    78688.361  0.1082 31.0205 110.5805   6.00   -inf  -nan   4   4   8   3 112.81
   18   2018 08 27 21:56:16.654    78976.654  0.1843 31.0305 110.6005   6.00   -inf  -nan   3   3   6   2 170.76
   19   2018 08 27 22:51:08.816    82268.816  0.3579 31.0305 110.5605   0.00   -inf  -nan  10  10  20   9  80.53
   20   2018 08 27 23:07:41.913    83261.913  0.3526 31.0605 110.4405   2.00   -inf  -nan   3   5   8   3 170.49
    1   2018 08 28 01:06:48.451     4008.451  0.2853 30.9905 110.6005   2.00   -inf  -nan   3   3   6   2 221.83
    2   2018 08 28 01:19:49.861     4789.861  0.4570 30.9305 111.2405   2.00   -inf  -nan   4   2   6   2 321.74
    3   2018 08 28 02:40:39.585     9639.585  0.2863 30.7305 111.0905   0.00   -inf  -nan   6   2   8   2 240.67
    4   2018 08 28 04:55:50.768    17750.768  0.2188 31.0305 110.6405   6.00   -inf  -nan   3   3   6   3 216.35
    5   2018 08 28 05:16:02.081    18962.081  0.1283 30.9105 110.9005   4.00   -inf  -nan   7   7  14   7 108.37
    6   2018 08 28 05:25:24.799    19524.799  0.1917 30.9105 110.9005   2.00   -inf  -nan   8   5  13   5 166.82
    7   2018 08 28 06:25:16.669    23116.669  0.3977 30.8905 110.1405   0.00   -inf  -nan   6   3   9   2 281.45
    8   2018 08 28 06:28:30.231    23310.231  0.2449 30.9805 110.4605   4.00   -inf  -nan   5   4   9   4 159.77
    9   2018 08 28 07:57:04.142    28624.142  0.2680 31.0105 110.1505   0.00   -inf  -nan   6   5  11   3 204.26
   10   2018 08 28 07:57:34.295    28654.295  0.1817 30.6905 111.1705   2.00   -inf  -nan   3   2   5   2 317.46
   11   2018 08 28 18:19:19.007    65959.007  0.4077 30.8505 111.2005   8.00   -inf  -nan   4   2   6   2 253.44
   12   2018 08 28 22:07:30.649    79650.649  0.3060 31.1705 110.3405   6.00   -inf  -nan   6   3   9   3 176.84
    1   2018 08 29 04:03:09.081    14589.081  0.3809 30.9805 110.4005   0.00   -inf  -nan   9   6  15   4  82.74
    2   2018 08 29 05:31:06.869    19866.869  0.1803 30.8805 110.0905   8.00   -inf  -nan   5   2   7   2 307.60
    3   2018 08 29 05:56:28.768    21388.768  0.3743 30.8905 110.1505   6.00   -inf  -nan   4   5   9   4 295.23
    4   2018 08 29 07:31:54.950    27114.950  0.3383 31.1705 110.1405   0.00   -inf  -nan  12   6  18   6 236.16
    5   2018 08 29 09:03:58.602    32638.602  0.3262 30.7505 110.9005   0.00   -inf  -nan   6   8  14   6 194.94
    6   2018 08 29 10:13:48.328    36828.328  0.1724 31.0805 110.8205   8.00   -inf  -nan   4   2   6   2 164.65
    7   2018 08 29 11:02:30.466    39750.466  0.2302 30.7305 111.2005   0.00   -inf  -nan   9   4  13   4 267.06
    8   2018 08 29 12:03:47.149    43427.149  0.1171 30.8505 110.8005   4.00   -inf  -nan   4   4   8   4 147.59
    9   2018 08 29 16:54:47.666    60887.666  0.2428 31.1205 110.0905   0.00   -inf  -nan   3   3   6   2 286.72
   10   2018 08 29 18:34:22.317    66862.317  0.2388 31.0505 110.1905   4.00   -inf  -nan   3   3   6   3 236.36
   11   2018 08 29 18:46:45.250    67605.250  0.2315 31.0505 110.1705   6.00   -inf  -nan   4   4   8   4 246.07
   12   2018 08 29 20:16:48.217    73008.217  0.3720 31.0605 110.4405   2.00   -inf  -nan   3   4   7   1 113.97
    1   2018 08 30 01:49:44.914     6584.914  0.2657 31.2105 110.3805   0.00   -inf  -nan   6   2   8   2 264.97
    2   2018 08 30 02:27:58.614     8878.614  0.2921 30.9705 110.3705   8.00   -inf  -nan   7   4  11   4 114.48
    3   2018 08 30 03:36:51.977    13011.977  0.3656 31.2805 110.8605   0.00   -inf  -nan   7   7  14   6 273.09
    4   2018 08 30 04:15:58.127    15358.127  0.1221 30.8905 111.0905   2.00   -inf  -nan   3   3   6   3 157.71
    5   2018 08 30 04:25:31.925    15931.925  0.2966 30.9805 110.7805   2.00   -inf  -nan  15   6  21   6  98.19
    6   2018 08 30 08:54:49.315    32089.315  0.3619 31.1305 110.3905   0.00   -inf  -nan   4   2   6   2 223.07
    7   2018 08 30 11:49:50.081    42590.081  0.4010 31.1805 110.2105  12.00   -inf  -nan   8   7  15   7 171.77
    8   2018 08 30 14:53:51.109    53631.109  0.2352 31.1705 110.3405  10.00   -inf  -nan   5   2   7   2 206.23
    9   2018 08 30 16:45:25.195    60325.195  0.2985 30.7905 110.7405  10.00   -inf  -nan  10  11  21   9 104.29
   10   2018 08 30 18:16:57.549    65817.549  0.3341 31.0505 110.4505  12.00   -inf  -nan   6   5  11   5 109.19
    1   2018 08 31 02:06:35.024     7595.024  0.4198 30.9705 110.3705   2.00   -inf  -nan   9   5  14   4 114.48
    2   2018 08 31 04:29:32.246    16172.246  0.3934 30.8705 110.9005   2.00   -inf  -nan   9   9  18   8  95.28
    3   2018 08 31 04:59:10.321    17950.321  0.3900 31.0105 110.5505   0.00   -inf  -nan  11   6  17   4  74.06
    4   2018 08 31 06:55:48.860    24948.860  0.3651 31.0105 110.1105   6.00   -inf  -nan  11   9  20   8 278.55
    5   2018 08 31 08:38:55.360    31135.360  0.1989 31.0905 110.0705   0.00   -inf  -nan   7   4  11   4 249.51
    6   2018 08 31 08:50:37.676    31837.676  0.1214 30.8905 110.4705   2.00   -inf  -nan   3   2   5   1 221.20
    7   2018 08 31 10:05:00.272    36300.272  0.1975 31.1305 110.0305   0.00   -inf  -nan   5   4   9   3 269.61
    8   2018 08 31 10:37:31.865    38251.865  0.3403 30.9105 110.9005   0.00   -inf  -nan   5   2   7   2 140.87
    9   2018 08 31 10:41:31.367    38491.367  0.2119 30.9105 110.9005   2.00   -inf  -nan  11   4  15   3  69.82
   10   2018 08 31 14:57:39.648    53859.648  0.2882 30.9005 110.5205   6.00   -inf  -nan   7   8  15   7 167.54
   11   2018 08 31 15:27:38.859    55658.859  0.3311 31.0905 110.0705   4.00   -inf  -nan  12  11  23   8 249.51
   12   2018 08 31 16:09:22.790    58162.790  0.4354 31.1705 110.5905  10.00   -inf  -nan   3   2   5   1 261.79
   13   2018 08 31 18:18:55.317    65935.317  0.1795 30.8905 110.8005  10.00   -inf  -nan   3   3   6   2 176.33
   14   2018 08 31 20:30:17.928    73817.928  0.2081 31.1805 110.0905  10.00   -inf  -nan   3   2   5   2 291.57
   15   2018 08 31 20:41:34.924    74494.924  0.3341 31.0505 110.4605   0.00   -inf  -nan   6   7  13   6 111.60
   16   2018 08 31 20:52:00.683    75120.683  0.2747 31.0505 110.4105  12.00   -inf  -nan   3   3   6   2 131.82
   17   2018 08 31 21:35:48.694    77748.694  0.3211 31.0205 110.4805   0.00   -inf  -nan   5   5  10   4  91.96
    1   2018 09 01 01:57:27.207     7047.207  0.3761 30.9705 110.3905   0.00   -inf  -nan  13   3  16   3  92.49
    2   2018 09 01 03:17:03.819    11823.819  0.3177 30.7505 111.1005   0.00   -inf  -nan   5   4   9   2 236.91
    3   2018 09 01 03:25:36.792    12336.792  0.1401 31.1305 110.4205   8.00   -inf  -nan   3   3   6   3 262.43
    4   2018 09 01 03:29:07.650    12547.650  0.1865 30.8005 110.2105   8.00   -inf  -nan   3   2   5   1 225.04
    5   2018 09 01 03:47:04.797    13624.797  0.2741 31.0605 110.4405   6.00   -inf  -nan   3   3   6   2 256.49
    6   2018 09 01 05:57:12.740    21432.740  0.1846 31.2205 110.0505   2.00   -inf  -nan   6   4  10   3 289.11
    7   2018 09 01 07:47:19.642    28039.642  0.3979 31.1005 109.9805   0.00   -inf  -nan   9   9  18   6 219.81
    8   2018 09 01 08:08:15.439    29295.439  0.2395 30.8905 111.1605   8.00   -inf  -nan   3   2   5   2 195.54
    9   2018 09 01 08:26:57.374    30417.374  0.4158 30.7805 110.9305   6.00   -inf  -nan  10   8  18   8 157.56
   10   2018 09 01 09:23:11.033    33791.033  0.3099 31.0505 109.8305   2.00   -inf  -nan   3   2   5   2 264.34
   11   2018 09 01 18:10:20.645    65420.645  0.1131 31.2105 110.3805   0.00   -inf  -nan   3   3   6   3 266.63
   12   2018 09 01 21:56:13.497    78973.497  0.2864 31.1805 110.2105   2.00   -inf  -nan   6   7  13   5 171.77
    1   2018 09 02 03:06:07.137    11167.137  0.2684 31.2805 110.9005   2.00   -inf  -nan   4   3   7   3 329.37
    2   2018 09 02 03:28:32.283    12512.283  0.3827 30.9705 110.3705   4.00   -inf  -nan  14   5  19   4  88.31
    3   2018 09 02 03:43:41.853    13421.853  0.1972 31.0805 109.8505  14.00   -inf  -nan   7   3  10   2 286.81
    4   2018 09 02 03:51:11.739    13871.739  0.3253 31.0205 109.7805   8.00   -inf  -nan   9   3  12   3 267.00
    5   2018 09 02 05:38:49.985    20329.985  0.3828 31.0205 110.1405   6.00   -inf  -nan  17  11  28  11 136.94
    6   2018 09 02 07:14:43.101    26083.101  0.2720 30.9805 109.8105   0.00   -inf  -nan  15   5  20   5 279.00
    7   2018 09 02 07:24:34.429    26674.429  0.3161 31.1305 110.0605   0.00   -inf  -nan  11   7  18   6 167.28
    8   2018 09 02 09:44:54.098    35094.098  0.1915 31.0105 110.1405   4.00   -inf  -nan   5   3   8   3 255.65
    9   2018 09 02 14:03:15.459    50595.459  0.1822 31.2005 110.7805   2.00   -inf  -nan   3   3   6   2 250.99
   10   2018 09 02 14:28:13.209    52093.209  0.3631 31.0605 110.0905   0.00   -inf  -nan   3   2   5   2 208.44
   11   2018 09 02 16:57:24.061    61044.061  0.3939 31.0805 110.1305  10.00   -inf  -nan  12  11  23  10 158.46
   12   2018 09 02 16:59:10.906    61150.906  0.2835 31.0605 110.1305   4.00   -inf  -nan   4   5   9   3 152.23
   13   2018 09 02 18:55:33.972    68133.972  0.2402 31.0805 110.0405  20.00   -inf  -nan   3   2   5   2 243.10
   14   2018 09 02 19:51:34.971    71494.971  0.3875 31.2005 109.7205   2.00   -inf  -nan   3   2   5   2 338.39
    1   2018 09 03 02:28:47.104     8927.104  0.4521 30.9805 109.8605  10.00   -inf  -nan   6   3   9   3 231.63
    2   2018 09 03 03:16:28.864    11788.864  0.2304 30.7705 111.2105   6.00   -inf  -nan   3   3   6   2 275.43
    3   2018 09 03 03:49:46.236    13786.236  0.2721 31.0805 109.8505  16.00   -inf  -nan   6   6  12   5 286.81
    4   2018 09 03 07:00:01.576    25201.576  0.3311 31.1205 110.0405   6.00   -inf  -nan   9   7  16   6 185.39
    5   2018 09 03 07:20:48.158    26448.158  0.3488 31.0105 110.1105   2.00   -inf  -nan   7   3  10   2 272.33
    6   2018 09 03 16:39:17.814    59957.814  0.3440 31.1405 110.2905   2.00   -inf  -nan   9   2  11   2 138.84
    7   2018 09 03 16:47:30.837    60450.837  0.3782 31.0205 110.4405   8.00   -inf  -nan   4   5   9   4 123.87
    8   2018 09 03 23:52:25.318    85945.318  0.4196 30.8005 110.2105   0.00   -inf  -nan   3   3   6   2 278.44
    1   2018 09 04 00:11:20.923      680.923  0.1973 31.0605 110.4405   6.00   -inf  -nan   5   2   7   2 210.58
    2   2018 09 04 01:11:57.798     4317.798  0.3401 31.0205 110.3205   6.00   -inf  -nan   4   4   8   3 159.72
    3   2018 09 04 02:38:15.766     9495.766  0.2348 30.9805 110.4205   0.00   -inf  -nan   5   2   7   1 126.24
    4   2018 09 04 03:27:24.265    12444.265  0.4570 30.9305 110.1105   0.00   -inf  -nan   3   2   5   1 158.83
    5   2018 09 04 03:35:03.302    12903.302  0.3672 31.0805 109.8405  14.00   -inf  -nan  10   5  15   4 244.82
    6   2018 09 04 04:02:14.988    14534.988  0.3438 30.7705 111.1705  12.00   -inf  -nan   5   3   8   2 313.73
    7   2018 09 04 04:28:34.854    16114.854  0.1954 31.3205 110.0405   2.00   -inf  -nan   3   3   6   3 288.57
    8   2018 09 04 05:26:05.188    19565.188  0.2127 31.0305 110.3605   8.00   -inf  -nan   4   3   7   3 181.35
    9   2018 09 04 06:37:51.819    23871.819  0.2977 30.7705 110.7605  10.00   -inf  -nan  11  11  22  10 109.98
   10   2018 09 04 07:59:42.710    28782.710  0.3907 30.9705 110.1505   0.00   -inf  -nan   9   6  15   6 147.14
   11   2018 09 04 09:27:41.960    34061.960  0.1830 31.1205 110.0505   0.00   -inf  -nan   4   2   6   2 178.49
   12   2018 09 04 11:32:07.729    41527.729  0.1784 31.1805 110.1305  10.00   -inf  -nan   3   2   5   2 140.16
   13   2018 09 04 13:05:03.697    47103.697  0.1111 31.0305 110.2405  12.00   -inf  -nan   3   3   6   1 122.39
   14   2018 09 04 13:39:41.584    49181.584  0.1277 31.0205 110.4405   8.00   -inf  -nan   3   3   6   3 207.51
   15   2018 09 04 14:53:38.349    53618.349  0.1687 31.1805 110.1305  10.00   -inf  -nan   3   3   6   3 140.16
   16   2018 09 04 15:27:46.591    55666.591  0.3288 31.0505 110.4605   8.00   -inf  -nan   6   7  13   6 111.60
   17   2018 09 04 16:58:40.326    61120.326  0.2994 30.9405 109.7805   2.00   -inf  -nan   4   3   7   2 284.63
   18   2018 09 04 21:27:17.025    77237.025  0.3362 30.7905 110.7805  10.00   -inf  -nan  17   8  25   5 108.79
   19   2018 09 04 21:35:57.051    77757.051  0.3553 31.1205 110.0405  12.00   -inf  -nan   5   2   7   2 127.61
   20   2018 09 04 22:26:10.526    80770.526  0.1831 30.7705 110.7605  10.00   -inf  -nan   4   4   8   4 124.90
    1   2018 09 05 04:27:47.869    16067.869  0.2763 31.1005 110.7805  10.00   -inf  -nan   7  13  20   5 133.69
    2   2018 09 05 04:39:15.486    16755.486  0.3902 31.3105 110.8405   4.00   -inf  -nan   9   5  14   5 313.67
    3   2018 09 05 05:36:34.225    20194.225  0.3264 31.1705 110.3905   0.00   -inf  -nan   8   6  14   5 187.53
    4   2018 09 05 06:24:18.606    23058.606  0.3700 31.1205 110.0405   4.00   -inf  -nan  11  10  21   8 185.39
    5   2018 09 05 07:30:16.193    27016.193  0.3513 30.9805 110.4005   4.00   -inf  -nan   9   3  12   2  82.74
    6   2018 09 05 07:44:11.526    27851.526  0.1457 30.8805 109.7605  16.00   -inf  -nan   4   3   7   3 309.18
    7   2018 09 05 09:13:53.540    33233.540  0.1832 30.9005 109.7405  16.00   -inf  -nan   4   4   8   4 306.54
    8   2018 09 05 09:32:22.282    34342.282  0.4435 31.0405 109.8805   0.00   -inf  -nan   3   2   5   2 219.65
    9   2018 09 05 10:00:55.293    36055.293  0.2529 30.9005 109.7405  16.00   -inf  -nan   3   2   5   2 306.54
   10   2018 09 05 11:49:48.997    42588.997  0.2812 31.0205 110.8205   0.00   -inf  -nan   3   2   5   2 310.45
   11   2018 09 05 13:04:09.549    47049.549  0.3211 30.7705 110.7605  14.00   -inf  -nan   6   5  11   4 109.98
   12   2018 09 05 13:12:40.614    47560.614  0.2006 30.7705 110.7605  10.00   -inf  -nan   4   4   8   4 124.90
   13   2018 09 05 13:32:42.346    48762.346  0.2964 30.7805 110.7805  14.00   -inf  -nan   6   7  13   6 116.12
   14   2018 09 05 13:40:56.953    49256.953  0.2895 30.7805 110.7705  14.00   -inf  -nan   8   8  16   8 110.23
   15   2018 09 05 13:41:49.347    49309.347  0.3170 30.7505 110.7605  12.00   -inf  -nan  10  10  20   9 124.96
    1   2018 09 06 02:46:59.830    10019.830  0.3777 31.0805 109.8805  16.00   -inf  -nan  10   6  16   6 277.89
    2   2018 09 06 02:56:28.048    10588.048  0.3869 31.0605 109.8105   0.00   -inf  -nan   7   7  14   5 270.85
    3   2018 09 06 05:18:58.321    19138.321  0.4215 30.9805 110.1705   4.00   -inf  -nan  13   6  19   5  75.31
    4   2018 09 06 08:51:19.201    31879.201  0.2798 31.0905 109.9705  10.00   -inf  -nan   5   4   9   4 220.24
    5   2018 09 06 09:40:14.555    34814.555  0.2096 31.1605 109.8005   2.00   -inf  -nan   6   4  10   4 309.90
    6   2018 09 06 09:57:36.124    35856.124  0.2027 31.0605 109.7005   2.00   -inf  -nan   5   4   9   4 288.56
    7   2018 09 06 11:45:45.832    42345.832  0.1561 31.1305 110.3405   0.00   -inf  -nan   3   2   5   2 221.12
    8   2018 09 06 17:30:29.312    63029.312  0.2874 31.1605 110.0805  12.00   -inf  -nan   3   3   6   3 169.00
    9   2018 09 06 17:31:50.061    63110.061  0.3834 31.0605 110.4405   4.00   -inf  -nan   6   6  12   6 170.49
   10   2018 09 06 20:42:24.700    74544.700  0.2569 31.1805 110.2105   2.00   -inf  -nan   3   2   5   2 173.29
    1   2018 09 07 01:15:45.166     4545.166  0.3666 31.0605 110.1305   0.00   -inf  -nan   8   7  15   6 152.23
    2   2018 09 07 02:28:24.086     8904.086  0.3369 31.0505 110.3905  12.00   -inf  -nan   3   3   6   3 161.17
    3   2018 09 07 02:56:18.996    10578.996  0.1718 31.1605 110.8605   4.00   -inf  -nan   4   2   6   2 323.11
    4   2018 09 07 04:41:20.064    16880.064  0.3920 30.7705 110.8905   8.00   -inf  -nan   4   2   6   1 223.84
    5   2018 09 07 07:38:24.342    27504.342  0.2155 31.0105 110.1505   6.00   -inf  -nan  12   7  19   7 176.06
    6   2018 09 07 07:42:18.511    27738.511  0.3302 31.1005 109.9805   2.00   -inf  -nan   7   5  12   4 219.81
    7   2018 09 07 10:31:16.266    37876.266  0.2394 31.0105 110.1905   4.00   -inf  -nan   5   6  11   5 128.05
    8   2018 09 07 11:54:16.691    42856.691  0.1803 31.0905 110.3805   6.00   -inf  -nan   3   3   6   3 167.22
    9   2018 09 07 15:22:06.547    55326.547  0.1866 30.7705 110.7605  10.00   -inf  -nan   8   8  16   8 109.98
   10   2018 09 07 15:42:22.152    56542.152  0.2518 31.1405 110.2905   0.00   -inf  -nan   6   3   9   3 138.84
   11   2018 09 07 15:57:18.231    57438.231  0.1324 30.8505 111.0905   8.00   -inf  -nan   4   2   6   2 170.85
   12   2018 09 07 18:08:43.937    65323.937  0.3357 31.1405 110.2905   0.00   -inf  -nan   8   2  10   2 138.84
   13   2018 09 07 23:34:25.063    84865.063  0.2995 30.9405 110.7805  10.00   -inf  -nan  11  11  22  11 133.23
    1   2018 09 08 02:17:56.518     8276.518  0.3220 30.7705 111.0905   0.00   -inf  -nan   5   5  10   4 227.94
    2   2018 09 08 02:24:55.940     8695.940  0.2363 31.0805 110.8205  16.00   -inf  -nan   5   3   8   3 186.26
    3   2018 09 08 02:47:09.461    10029.461  0.1227 30.8105 111.2405   8.00   -inf  -nan   3   3   6   3 279.73
    4   2018 09 08 02:48:15.340    10095.340  0.3662 30.7705 111.2905  10.00   -inf  -nan   3   3   6   3 336.24
    5   2018 09 08 02:52:03.489    10323.489  0.2163 30.7705 110.9205   2.00   -inf  -nan   3   3   6   2 207.94
    6   2018 09 08 04:25:03.576    15903.576  0.4832 31.0105 109.8705   2.00   -inf  -nan   3   3   6   3 247.39
    7   2018 09 08 04:27:09.398    16029.398  0.3450 31.3005 110.8405   0.00   -inf  -nan   7   5  12   5 313.71
    8   2018 09 08 04:28:39.944    16119.944  0.1958 30.9805 109.8605   6.00   -inf  -nan   3   2   5   2 254.48
    9   2018 09 08 05:13:31.100    18811.100  0.3411 31.0205 110.4405   4.00   -inf  -nan  14   2  16   1  90.01
   10   2018 09 08 05:33:33.564    20013.564  0.2827 31.0205 110.4605   0.00   -inf  -nan   9   4  13   4  90.43
   11   2018 09 08 07:03:38.657    25418.657  0.1698 30.8005 110.1705   4.00   -inf  -nan   4   3   7   3 313.02
   12   2018 09 08 07:32:05.282    27125.282  0.3137 30.9405 110.7705   2.00   -inf  -nan   3   3   6   2 206.95
   13   2018 09 08 07:51:33.900    28293.900  0.1576 30.9105 110.9005   4.00   -inf  -nan   6   3   9   3 196.20
   14   2018 09 08 07:52:57.259    28377.259  0.3723 31.1805 109.9805   4.00   -inf  -nan   9   4  13   4 244.88
   15   2018 09 08 08:26:55.433    30415.433  0.2568 31.2405 110.0405   8.00   -inf  -nan  10   5  15   5 237.39
   16   2018 09 08 08:33:59.053    30839.053  0.3410 30.9805 110.3605   0.00   -inf  -nan   9   6  15   4  99.05
   17   2018 09 08 09:53:43.690    35623.690  0.3704 31.0105 110.1505   6.00   -inf  -nan  17  11  28  11  82.78
   18   2018 09 08 10:09:12.500    36552.500  0.2137 31.0205 109.8605   6.00   -inf  -nan   3   2   5   2 229.57
   19   2018 09 08 10:55:03.463    39303.463  0.3674 31.0205 109.8605   6.00   -inf  -nan   4   2   6   2 229.57
   20   2018 09 08 10:56:04.635    39364.635  0.3437 31.0205 109.9805   2.00   -inf  -nan   3   2   5   2 155.44
   21   2018 09 08 10:57:06.810    39426.810  0.2613 31.0905 109.9105   2.00   -inf  -nan   3   2   5   2 296.67
   22   2018 09 08 12:30:18.036    45018.036  0.2719 31.1305 110.3005   0.00   -inf  -nan   5   2   7   2 131.46
   23   2018 09 08 17:37:00.587    63420.587  0.3550 31.0505 110.4505   0.00   -inf  -nan  15  16  31  14 106.33
   24   2018 09 08 18:46:00.879    67560.879  0.1641 30.8505 111.0905   8.00   -inf  -nan   4   3   7   3 170.85
   25   2018 09 08 22:01:07.317    79267.317  0.2875 30.9905 110.6005   6.00   -inf  -nan  16  16  32  14  61.36
   26   2018 09 08 22:59:52.886    82792.886  0.3029 30.8505 111.1605   2.00   -inf  -nan   3   2   5   1 227.22
    1   2018 09 09 01:11:55.291     4315.291  0.1749 30.8505 111.1305   6.00   -inf  -nan   3   3   6   2 284.42
    2   2018 09 09 02:23:36.171     8616.171  0.1686 30.7005 110.9305   8.00   -inf  -nan   6   2   8   2 270.57
    3   2018 09 09 03:08:12.085    11292.085  0.3940 31.0205 109.7805   8.00   -inf  -nan   8   3  11   2 267.00
    4   2018 09 09 03:34:16.994    12856.994  0.4382 31.0605 109.8105   2.00   -inf  -nan  10   6  16   4 255.13
    5   2018 09 09 03:36:56.609    13016.609  0.4069 31.1205 110.0405   8.00   -inf  -nan  10   8  18   7 185.39
    6   2018 09 09 04:00:33.124    14433.124  0.1944 30.7705 111.1705   8.00   -inf  -nan   8   3  11   3 294.00
    7   2018 09 09 04:04:17.537    14657.537  0.2174 30.8605 110.3805   2.00   -inf  -nan   6   4  10   4 233.81
    8   2018 09 09 04:24:08.225    15848.225  0.2776 30.7805 110.3805   2.00   -inf  -nan   5   3   8   3 245.50
    9   2018 09 09 04:48:54.695    17334.695  0.3413 31.2405 110.8205   6.00   -inf  -nan   4   4   8   4 291.27
   10   2018 09 09 06:36:41.421    23801.421  0.2614 30.7905 110.9405   6.00   -inf  -nan   9   5  14   5 155.52
   11   2018 09 09 06:53:11.134    24791.134  0.3396 30.7105 110.9005  10.00   -inf  -nan   4   2   6   2 220.16
   12   2018 09 09 07:01:06.642    25266.642  0.4827 31.1805 110.2805   2.00   -inf  -nan   3   2   5   1 314.61
   13   2018 09 09 07:39:28.534    27568.534  0.0883 30.8505 111.0905   6.00   -inf  -nan   3   2   5   2 250.85
   14   2018 09 09 09:24:21.366    33861.366  0.2528 30.7305 111.2905   4.00   -inf  -nan   6   2   8   2 309.18
   15   2018 09 09 09:27:26.121    34046.121  0.2769 31.0205 109.9005   4.00   -inf  -nan   3   2   5   2 233.03
   16   2018 09 09 09:29:37.684    34177.684  0.1697 30.9805 109.9705   0.00   -inf  -nan   3   2   5   2 183.74
   17   2018 09 09 09:37:22.502    34642.502  0.1930 30.8105 111.2505   0.00   -inf  -nan   6   3   9   2 309.78
   18   2018 09 09 10:06:36.569    36396.569  0.4612 31.0405 109.8005  10.00   -inf  -nan   3   2   5   1 258.52
   19   2018 09 09 10:09:05.954    36545.954  0.2080 31.0205 109.9005   2.00   -inf  -nan   4   2   6   2 205.32
   20   2018 09 09 10:33:12.042    37992.042  0.3061 30.9805 110.0205   0.00   -inf  -nan  10   8  18   6 123.21
   21   2018 09 09 13:59:54.281    50394.281  0.2300 31.0305 110.5205   8.00   -inf  -nan   5   3   8   3 171.20
   22   2018 09 09 14:44:45.032    53085.032  0.3226 31.1705 110.5905   0.00   -inf  -nan   5   2   7   2 205.06
   23   2018 09 09 15:36:52.222    56212.222  0.2575 31.1705 110.3005   2.00   -inf  -nan   5   3   8   2 204.22
   24   2018 09 09 15:54:11.315    57251.315  0.3839 31.0605 110.4405   2.00   -inf  -nan   4   5   9   4 210.58
   25   2018 09 09 17:46:43.943    64003.943  0.2013 30.9305 110.2505   8.00   -inf  -nan   8   6  14   6 161.74
   26   2018 09 09 19:05:28.275    68728.275  0.1650 30.8905 111.1305   8.00   -inf  -nan   4   3   7   3 263.35
   27   2018 09 09 19:09:13.259    68953.259  0.3706 31.0605 110.4605  10.00   -inf  -nan  14  16  30  13 120.13
   28   2018 09 09 19:24:04.769    69844.769  0.1651 31.1805 110.1305  10.00   -inf  -nan   3   2   5   2 140.16
   29   2018 09 09 20:24:57.503    73497.503  0.1749 30.8505 111.0905   8.00   -inf  -nan   3   3   6   3 283.97
   30   2018 09 09 21:03:32.067    75812.067  0.2977 30.8505 111.0105   0.00   -inf  -nan   4   2   6   2 134.13
   31   2018 09 09 21:57:28.678    79048.678  0.1980 30.8505 111.0905   6.00   -inf  -nan   3   2   5   2 283.97
   32   2018 09 09 22:26:50.292    80810.292  0.3515 31.1705 110.3105   0.00   -inf  -nan   4   3   7   1 184.34
    1   2018 09 10 00:30:16.729     1816.729  0.3015 31.0605 110.4405   6.00   -inf  -nan   3   4   7   3 216.40
    2   2018 09 10 03:30:46.720    12646.720  0.3805 30.9905 110.4005   2.00   -inf  -nan  11   4  15   2  74.63
    3   2018 09 10 03:39:44.593    13184.593  0.3188 31.1605 110.0405  12.00   -inf  -nan  13   5  18   4 163.44
    4   2018 09 10 04:19:04.649    15544.649  0.4395 30.7405 111.0105   2.00   -inf  -nan   6   4  10   4 264.32
    5   2018 09 10 04:22:39.738    15759.738  0.3121 30.9805 110.7805   0.00   -inf  -nan  14   7  21   7  61.61
    6   2018 09 10 05:09:03.541    18543.541  0.3889 30.9005 110.7205   0.00   -inf  -nan  13   8  21   8  94.62
    7   2018 09 10 05:16:47.098    19007.098  0.3802 31.2205 109.8205   0.00   -inf  -nan   5   5  10   2 282.22
    8   2018 09 10 05:37:42.628    20262.628  0.4720 31.1305 110.4305  20.00   -inf  -nan   3   2   5   2 263.16
    9   2018 09 10 05:47:48.991    20868.991  0.3542 31.0605 109.8605   2.00   -inf  -nan   4   2   6   2 232.70
   10   2018 09 10 06:34:29.001    23669.001  0.1451 30.8905 111.0905   6.00   -inf  -nan   4   2   6   2 216.17
   11   2018 09 10 06:59:32.401    25172.401  0.3948 30.8605 110.4605   0.00   -inf  -nan   3   3   6   2 209.53
   12   2018 09 10 07:21:02.794    26462.794  0.2392 30.7305 110.8405   8.00   -inf  -nan   7   5  12   5 195.65
   13   2018 09 10 07:23:44.596    26624.596  0.1939 30.8105 111.2105  10.00   -inf  -nan   5   4   9   4 304.80
   14   2018 09 10 07:46:30.902    27990.902  0.0490 30.8905 111.1305   8.00   -inf  -nan   3   2   5   2 311.06
   15   2018 09 10 08:23:34.676    30214.676  0.3304 30.7305 110.2505   2.00   -inf  -nan   7   7  14   5 263.93
   16   2018 09 10 08:26:01.746    30361.746  0.4220 30.8105 111.2505   8.00   -inf  -nan   3   2   5   1 309.78
   17   2018 09 10 08:42:40.236    31360.236  0.2686 31.1605 110.0105   2.00   -inf  -nan   5   3   8   3 307.89
   18   2018 09 10 09:46:01.059    35161.059  0.3574 30.7805 111.0105   0.00   -inf  -nan   7   4  11   4 224.92
   19   2018 09 10 09:48:08.871    35288.871  0.2447 30.6905 111.1205   0.00   -inf  -nan   3   3   6   2 324.24
   20   2018 09 10 10:25:50.353    37550.353  0.3520 30.9405 110.1005   0.00   -inf  -nan   7   2   9   2 148.80
   21   2018 09 10 11:40:26.824    42026.824  0.3706 31.0205 110.1405   0.00   -inf  -nan  17   9  26   9  86.24
   22   2018 09 10 14:11:01.943    51061.943  0.2273 30.8905 111.1705  10.00   -inf  -nan   5   2   7   2 288.05
   23   2018 09 10 14:54:54.675    53694.675  0.2843 31.0605 110.4405   2.00   -inf  -nan   7   5  12   1 113.97
   24   2018 09 10 15:51:20.528    57080.528  0.4278 31.0805 110.1705   6.00   -inf  -nan  10  10  20   9  76.96
   25   2018 09 10 16:03:10.437    57790.437  0.1507 30.8505 111.0905   8.00   -inf  -nan   3   2   5   2 283.97
   26   2018 09 10 16:25:30.901    59130.901  0.1255 31.0505 110.1905   4.00   -inf  -nan   4   3   7   3 263.14
   27   2018 09 10 16:56:48.082    61008.082  0.1574 30.8905 111.1305  10.00   -inf  -nan   5   2   7   2 263.35
   28   2018 09 10 17:17:02.169    62222.169  0.1460 31.1405 110.3005   0.00   -inf  -nan   6   3   9   2 143.15
   29   2018 09 10 18:30:56.061    66656.061  0.3274 30.9305 110.8005  10.00   -inf  -nan   4   6  10   4 171.71
   30   2018 09 10 18:54:02.597    68042.597  0.1430 30.8505 111.0905   8.00   -inf  -nan   3   2   5   2 283.97
   31   2018 09 10 19:41:56.786    70916.786  0.1079 31.2105 110.5505   2.00   -inf  -nan   3   3   6   3 295.34
   32   2018 09 10 21:58:21.694    79101.694  0.2668 31.2505 110.5905   4.00   -inf  -nan   4   2   6   2 273.63
    1   2018 09 11 01:05:14.551     3914.551  0.2140 30.7905 110.7405  10.00   -inf  -nan   3   3   6   3 220.51
    2   2018 09 11 01:11:28.058     4288.058  0.1925 30.8105 111.2405  10.00   -inf  -nan   3   3   6   3 332.53
    3   2018 09 11 02:07:17.267     7637.267  0.0535 30.8505 111.2505   0.00   -inf  -nan   4   2   6   2 320.86
    4   2018 09 11 03:32:50.717    12770.717  0.1042 30.8805 110.1705   8.00   -inf  -nan   3   2   5   1 257.86
    5   2018 09 11 03:37:23.408    13043.408  0.2933 30.8805 110.1305   4.00   -inf  -nan   3   2   5   1 201.55
    6   2018 09 11 05:50:24.397    21024.397  0.4260 31.0505 110.1505   6.00   -inf  -nan   4   6  10   4 141.77
    7   2018 09 11 05:55:25.719    21325.719  0.2657 31.0605 110.1305   0.00   -inf  -nan   4   7  11   4 152.23
    8   2018 09 11 07:31:22.547    27082.547  0.3066 31.0105 110.5505   0.00   -inf  -nan  18   8  26   8  74.06
    9   2018 09 11 08:05:49.831    29149.831  0.3034 31.0905 110.1505   6.00   -inf  -nan  10   9  19   8 210.25
   10   2018 09 11 08:08:23.353    29303.353  0.2695 30.8505 110.9505   2.00   -inf  -nan   8   5  13   5 103.81
   11   2018 09 11 08:59:23.741    32363.741  0.2994 31.1705 110.3705   0.00   -inf  -nan  13   5  18   5 187.45
   12   2018 09 11 09:01:01.351    32461.351  0.1925 30.8905 111.0405   4.00   -inf  -nan   7   5  12   5 158.22
   13   2018 09 11 09:27:48.248    34068.248  0.1228 30.9305 111.2505  12.00   -inf  -nan   3   3   6   3 303.28
   14   2018 09 11 10:10:45.301    36645.301  0.4685 31.0205 109.8605   4.00   -inf  -nan   3   2   5   2 252.29
   15   2018 09 11 10:28:33.595    37713.595  0.0817 30.8505 111.1305   6.00   -inf  -nan   5   4   9   4 284.42
   16   2018 09 11 10:29:12.570    37752.570  0.3643 31.0105 110.1505   4.00   -inf  -nan  14   4  18   4  82.78
   17   2018 09 11 12:48:35.279    46115.279  0.3193 31.2105 110.2605   2.00   -inf  -nan   3   3   6   3 298.83
   18   2018 09 11 13:06:28.156    47188.156  0.1164 31.1805 110.1705  12.00   -inf  -nan   3   3   6   3 123.15
   19   2018 09 11 14:56:36.120    53796.120  0.2073 31.1805 110.1005  18.00   -inf  -nan   3   2   5   2 294.99
   20   2018 09 11 16:32:43.941    59563.941  0.4112 31.0805 110.8205   4.00   -inf  -nan   8   8  16   6 124.12
   21   2018 09 11 17:06:08.715    61568.715  0.1943 30.8505 111.0905   8.00   -inf  -nan   5   3   8   3 250.85
   22   2018 09 11 18:45:41.328    67541.328  0.2797 30.8505 110.6805  12.00   -inf  -nan   4   5   9   4 124.60
   23   2018 09 11 19:43:03.864    70983.864  0.1212 30.8905 111.1305   8.00   -inf  -nan   4   2   6   2 263.35
   24   2018 09 11 20:23:05.294    73385.294  0.2882 31.0905 110.4205   0.00   -inf  -nan   3   6   9   3 131.66
   25   2018 09 11 20:29:14.232    73754.232  0.2817 31.1305 110.3105   4.00   -inf  -nan   3   2   5   2 134.51
   26   2018 09 11 21:47:17.114    78437.114  0.1957 30.8505 111.0405   0.00   -inf  -nan   3   2   5   1 142.83
   27   2018 09 11 23:01:11.395    82871.395  0.2594 31.1305 110.3005   0.00   -inf  -nan   7   2   9   2 131.46
    1   2018 09 12 02:22:47.206     8567.206  0.1506 30.8505 111.1305   6.00   -inf  -nan   3   3   6   3 318.48
    2   2018 09 12 02:40:32.268     9632.268  0.2363 31.1005 109.8505  18.00   -inf  -nan   4   4   8   4 288.96
    3   2018 09 12 03:46:45.933    13605.933  0.3393 31.1205 109.8505  14.00   -inf  -nan   7   3  10   3 292.15
    4   2018 09 12 04:10:13.443    15013.443  0.3212 31.2805 110.8205   0.00   -inf  -nan  15   7  22   7 263.54
    5   2018 09 12 04:47:43.860    17263.860  0.1886 31.2005 110.0505   4.00   -inf  -nan   4   3   7   3 172.61
    6   2018 09 12 05:17:22.104    19042.104  0.2657 31.2105 110.8305   0.00   -inf  -nan   6   2   8   1 253.11
    7   2018 09 12 05:24:33.772    19473.772  0.3063 30.8505 110.8905   6.00   -inf  -nan  11   5  16   4  68.53
    8   2018 09 12 05:35:08.655    20108.655  0.2451 31.0505 110.1105   8.00   -inf  -nan   8   5  13   5 286.09
    9   2018 09 12 05:45:02.780    20702.780  0.2134 30.8705 110.9005   6.00   -inf  -nan   8   5  13   5  67.10
   10   2018 09 12 06:51:52.594    24712.594  0.1673 31.2205 110.0505   6.00   -inf  -nan   8   2  10   2 205.54
   11   2018 09 12 07:32:27.255    27147.255  0.1205 30.9705 111.2505   0.00   -inf  -nan   4   2   6   2 299.91
   12   2018 09 12 07:45:44.995    27944.995  0.2876 31.1605 109.8405   8.00   -inf  -nan   3   3   6   2 325.62
   13   2018 09 12 08:42:18.486    31338.486  0.2468 31.0205 109.9005   4.00   -inf  -nan   3   3   6   3 205.32
   14   2018 09 12 08:45:54.442    31554.442  0.2239 31.0205 109.9005   2.00   -inf  -nan   3   2   5   2 205.32
   15   2018 09 12 09:22:32.826    33752.826  0.4296 30.9905 110.5605   0.00   -inf  -nan   3   2   5   1 231.44
   16   2018 09 12 09:28:33.720    34113.720  0.4397 30.8905 110.9205  12.00   -inf  -nan   5   2   7   2 167.22
   17   2018 09 12 09:47:19.649    35239.649  0.1511 30.8505 111.1305   6.00   -inf  -nan  11   5  16   5 283.92
   18   2018 09 12 17:42:21.734    63741.734  0.2588 31.1305 110.2305   4.00   -inf  -nan   6   9  15   6 101.40
   19   2018 09 12 17:53:50.619    64430.619  0.2908 31.1405 110.2905   0.00   -inf  -nan   6   2   8   2 138.84
   20   2018 09 12 20:39:04.804    74344.804  0.1767 31.1805 110.1305   6.00   -inf  -nan   4   3   7   3 140.16
   21   2018 09 12 23:04:58.471    83098.471  0.1810 31.1705 110.3005   0.00   -inf  -nan   4   2   6   2 261.29
    1   2018 09 13 00:00:28.334       28.334  0.2951 31.1205 110.0405   8.00   -inf  -nan  11   7  18   6 185.39
    2   2018 09 13 02:12:39.468     7959.468  0.2500 30.7305 111.1305   2.00   -inf  -nan   3   4   7   2 302.22
    3   2018 09 13 02:56:22.016    10582.016  0.1734 31.2605 110.0205  16.00   -inf  -nan   3   2   5   2 303.26
    4   2018 09 13 03:44:23.115    13463.115  0.3795 31.1805 110.3305  16.00   -inf  -nan  10  10  20   7 162.30
    5   2018 09 13 03:59:42.870    14382.870  0.3956 31.1705 110.3505   0.00   -inf  -nan   7   4  11   3 179.15
    6   2018 09 13 04:09:11.095    14951.095  0.4183 31.1005 110.8605   0.00   -inf  -nan  13   8  21   6 198.44
    7   2018 09 13 04:13:53.854    15233.854  0.3004 31.2805 110.0805   4.00   -inf  -nan   5   2   7   2 252.99
    8   2018 09 13 04:15:28.420    15328.420  0.3015 30.9305 110.9605   4.00   -inf  -nan  12   5  17   5 124.35
    9   2018 09 13 04:53:18.566    17598.566  0.2836 31.0205 109.7805   6.00   -inf  -nan  11   6  17   4 267.00
   10   2018 09 13 05:06:40.748    18400.748  0.3541 31.0105 110.1505   4.00   -inf  -nan  15   5  20   5 156.13
   11   2018 09 13 05:23:06.423    19386.423  0.2954 30.8205 110.4605   0.00   -inf  -nan   4   5   9   4 234.72
   12   2018 09 13 05:57:53.494    21473.494  0.3077 31.0205 109.7805   6.00   -inf  -nan   8   6  14   4 267.00
   13   2018 09 13 06:05:12.210    21912.210  0.3568 31.0805 109.8505   8.00   -inf  -nan  12   7  19   7 286.81
   14   2018 09 13 06:35:12.518    23712.518  0.4154 31.0205 109.7405  12.00   -inf  -nan   4   2   6   1 279.99
   15   2018 09 13 06:47:53.689    24473.689  0.2858 30.7705 111.2805   2.00   -inf  -nan   4   3   7   3 295.26
   16   2018 09 13 06:53:56.312    24836.312  0.2817 30.7405 110.4405   0.00   -inf  -nan   6   3   9   3 236.83
   17   2018 09 13 07:22:10.857    26530.857  0.1897 30.6705 110.7405   6.00   -inf  -nan   3   2   5   2 323.27
   18   2018 09 13 08:37:11.281    31031.281  0.2407 30.9405 109.9405   8.00   -inf  -nan   5   2   7   2 150.42
   19   2018 09 13 08:39:24.970    31164.970  0.2203 30.8505 111.1305   6.00   -inf  -nan  11   8  19   8 210.25
   20   2018 09 13 08:44:33.934    31473.934  0.2514 30.9805 109.9005   6.00   -inf  -nan   7   3  10   3 201.03
   21   2018 09 13 08:59:06.255    32346.255  0.4385 31.0205 109.8505   4.00   -inf  -nan   3   2   5   2 235.15
   22   2018 09 13 09:53:36.405    35616.405  0.3483 30.7305 110.8105  10.00   -inf  -nan   6   5  11   4 186.98
   23   2018 09 13 10:53:19.348    39199.348  0.4464 30.7105 110.8205   8.00   -inf  -nan   8   4  12   4 215.86
   24   2018 09 13 15:47:03.957    56823.957  0.3430 31.0905 110.0305   6.00   -inf  -nan  14   8  22   6 199.54
   25   2018 09 13 15:50:37.251    57037.251  0.4089 31.0505 110.4305   8.00   -inf  -nan  17  18  35  14  98.75
   26   2018 09 13 17:02:17.380    61337.380  0.3163 31.1705 110.3805   0.00   -inf  -nan   5   3   8   3 250.76
   27   2018 09 13 17:23:03.773    62583.773  0.1552 30.8905 111.0105   4.00   -inf  -nan   6   2   8   2  93.56
   28   2018 09 13 17:40:39.898    63639.898  0.1140 30.8605 111.0905   8.00   -inf  -nan   4   4   8   4 128.67
   29   2018 09 13 19:33:21.759    70401.759  0.3819 31.1705 110.1105  20.00   -inf  -nan   3   2   5   2 147.67
   30   2018 09 13 21:02:43.490    75763.490  0.3064 31.1705 110.5505   0.00   -inf  -nan   9   2  11   2 173.59
   31   2018 09 13 21:11:18.593    76278.593  0.1332 30.8505 111.0905   8.00   -inf  -nan   3   2   5   1 170.85
   32   2018 09 13 22:04:18.337    79458.337  0.2384 30.8905 111.1605   8.00   -inf  -nan   6   2   8   2 195.54
   33   2018 09 13 22:10:00.164    79800.164  0.4874 31.1705 110.3805   4.00   -inf  -nan   3   2   5   2 313.58
   34   2018 09 13 23:01:30.105    82890.105  0.2532 30.8505 111.1305   4.00   -inf  -nan  14   6  20   6 210.25
    1   2018 09 14 00:11:47.486      707.486  0.1646 30.8505 111.1305   6.00   -inf  -nan   3   2   5   2 232.15
    2   2018 09 14 00:58:55.957     3535.957  0.4601 31.0805 109.9605  10.00   -inf  -nan  12  10  22   7 179.79
    3   2018 09 14 02:25:57.118     8757.118  0.2032 30.9705 111.3205  12.00   -inf  -nan   5   3   8   3 335.74
    4   2018 09 14 02:30:12.097     9012.097  0.2331 30.9405 110.7805  10.00   -inf  -nan   6   7  13   6 146.46
    5   2018 09 14 02:47:03.309    10023.309  0.2202 31.1805 109.9305   0.00   -inf  -nan   4   2   6   2 246.60
    6   2018 09 14 03:00:12.352    10812.352  0.4042 31.1605 109.9205   0.00   -inf  -nan   4   2   6   2 236.12
    7   2018 09 14 03:18:27.100    11907.100  0.1179 30.9205 110.2105   8.00   -inf  -nan   3   3   6   3 184.42
    8   2018 09 14 03:24:02.948    12242.948  0.1436 30.8205 110.3805  10.00   -inf  -nan   3   3   6   2 228.62
    9   2018 09 14 05:05:27.356    18327.356  0.2881 31.0605 110.2905   4.00   -inf  -nan  10   9  19   9  77.92
   10   2018 09 14 06:25:23.846    23123.846  0.4282 30.9805 109.6605   2.00   -inf  -nan   6   3   9   3 301.81
   11   2018 09 14 06:43:53.593    24233.593  0.1482 31.1305 110.5905   2.00   -inf  -nan   5   3   8   3 259.19
   12   2018 09 14 07:10:12.467    25812.467  0.3160 30.8205 110.9305   0.00   -inf  -nan   6   6  12   5 102.66
   13   2018 09 14 07:23:31.764    26611.764  0.2867 31.0005 110.1305  12.00   -inf  -nan  14   5  19   5  87.49
   14   2018 09 14 07:30:47.532    27047.532  0.1975 30.9405 110.7805   8.00   -inf  -nan   6   5  11   5 182.72
   15   2018 09 14 08:10:26.784    29426.784  0.3134 30.9805 110.0605  12.00   -inf  -nan   8   2  10   2 184.82
   16   2018 09 14 08:22:06.803    30126.803  0.3151 30.8105 111.2805   6.00   -inf  -nan   8   4  12   4 287.89
   17   2018 09 14 08:37:39.775    31059.775  0.3965 30.8205 110.8905   4.00   -inf  -nan   9   4  13   3 142.07
   18   2018 09 14 10:13:11.933    36791.933  0.4612 30.9805 109.8205  10.00   -inf  -nan   3   3   6   2 255.57
   19   2018 09 14 10:24:26.255    37466.255  0.3128 31.1205 110.0405   6.00   -inf  -nan   8   2  10   2 185.39
   20   2018 09 14 10:47:52.065    38872.065  0.3738 30.9305 110.1105   0.00   -inf  -nan   3   2   5   1 158.83
   21   2018 09 14 12:20:51.874    44451.874  0.2926 31.0205 110.3205   4.00   -inf  -nan   3   3   6   2 218.25
   22   2018 09 14 13:09:19.515    47359.515  0.4091 31.0505 110.4505   0.00   -inf  -nan  17  17  34  14 106.33
   23   2018 09 14 14:05:05.587    50705.587  0.4057 31.2405 110.2405  20.00   -inf  -nan   4   2   6   1 230.32
   24   2018 09 14 14:05:15.743    50715.743  0.3632 30.7905 110.7805   6.00   -inf  -nan   6   6  12   5 108.79
   25   2018 09 14 15:16:41.962    55001.962  0.1877 30.8505 111.1305   6.00   -inf  -nan   4   4   8   4 210.75
   26   2018 09 14 15:43:31.378    56611.378  0.3683 31.0305 110.5605   4.00   -inf  -nan  10  11  21   9 109.29
   27   2018 09 14 16:15:08.046    58508.046  0.3111 31.2605 110.1705   0.00   -inf  -nan   3   3   6   3 252.52
   28   2018 09 14 22:14:16.596    80056.596  0.2208 30.8505 111.1305   8.00   -inf  -nan   4   2   6   2 210.75
   29   2018 09 14 22:15:48.701    80148.701  0.1790 30.8505 111.0405   0.00   -inf  -nan   3   2   5   1 142.83
   30   2018 09 14 23:16:16.559    83776.559  0.1619 30.8505 111.1305   6.00   -inf  -nan   9   7  16   7 210.25
    1   2018 09 15 00:23:30.858     1410.858  0.3852 30.9705 110.6805   0.00   -inf  -nan   3   2   5   1 204.10
    2   2018 09 15 02:27:23.040     8843.040  0.2701 30.8605 111.0905   6.00   -inf  -nan   4   2   6   2 128.67
    3   2018 09 15 02:44:17.924     9857.924  0.1886 31.2205 110.0505   6.00   -inf  -nan  10   4  14   4 205.54
    4   2018 09 15 02:45:29.909     9929.909  0.1401 30.9805 109.7405  14.00   -inf  -nan   3   2   5   2 285.17
    5   2018 09 15 03:08:50.778    11330.778  0.2107 30.7905 110.7405  10.00   -inf  -nan   3   3   6   3 220.51
    6   2018 09 15 03:21:35.945    12095.945  0.4008 30.7905 110.9005   0.00   -inf  -nan   7   7  14   7 127.42
    7   2018 09 15 03:56:57.366    14217.366  0.4005 30.7305 111.2505  12.00   -inf  -nan   7   4  11   4 292.39
    8   2018 09 15 05:46:43.351    20803.351  0.2153 31.1805 110.1705  10.00   -inf  -nan   3   2   5   2 123.15
    9   2018 09 15 06:12:59.191    22379.191  0.4196 31.1005 109.9405   8.00   -inf  -nan  11  10  21   7 232.93
   10   2018 09 15 06:41:56.137    24116.137  0.1494 30.9805 109.9405   6.00   -inf  -nan   3   2   5   2 169.71
   11   2018 09 15 07:08:04.101    25684.101  0.1721 30.8505 111.1305   8.00   -inf  -nan   3   2   5   2 232.15
   12   2018 09 15 07:31:07.570    27067.570  0.3346 30.7805 110.9205   4.00   -inf  -nan   6   5  11   5 152.19
   13   2018 09 15 07:44:48.199    27888.199  0.2191 31.0205 109.9005   2.00   -inf  -nan   3   2   5   2 205.32
   14   2018 09 15 07:46:27.937    27987.937  0.3616 31.0405 109.8405   6.00   -inf  -nan   4   2   6   2 240.78
   15   2018 09 15 07:53:14.673    28394.673  0.4905 31.0205 109.8905   2.00   -inf  -nan   3   2   5   2 238.00
   16   2018 09 15 08:02:39.552    28959.552  0.2126 31.0505 110.4605   0.00   -inf  -nan   5   4   9   4 157.85
   17   2018 09 15 08:35:06.194    30906.194  0.3545 30.8105 111.1705   6.00   -inf  -nan  10   5  15   5 242.73
   18   2018 09 15 09:03:34.835    32614.835  0.2704 30.9105 110.9005   2.00   -inf  -nan   7   5  12   5 177.45
   19   2018 09 15 09:23:47.522    33827.522  0.2098 30.7905 110.7405  10.00   -inf  -nan   4   3   7   3 220.51
   20   2018 09 15 11:13:18.923    40398.923  0.3464 31.0105 110.1505   4.00   -inf  -nan  17   7  24   7  82.78
   21   2018 09 15 23:10:33.292    83433.292  0.1759 30.8505 111.1305   6.00   -inf  -nan  13   5  18   5 210.25
    1   2018 09 16 00:41:48.788     2508.788  0.2776 30.9805 110.4805   6.00   -inf  -nan   7   6  13   5 145.10
    2   2018 09 16 02:15:48.729     8148.729  0.1800 30.7805 111.0105   0.00   -inf  -nan   3   3   6   3 224.92
    3   2018 09 16 02:47:25.510    10045.510  0.4189 30.9205 110.3705  10.00   -inf  -nan   6   5  11   3 164.89
    4   2018 09 16 03:10:36.615    11436.615  0.4384 30.9805 110.4005   2.00   -inf  -nan   5   4   9   4 148.13
    5   2018 09 16 03:29:09.126    12549.126  0.3650 31.0905 109.9505   8.00   -inf  -nan  10   9  19   6 188.41
    6   2018 09 16 04:08:53.796    14933.796  0.3374 30.9805 110.4405  10.00   -inf  -nan  11   3  14   1 126.51
    7   2018 09 16 04:10:21.774    15021.774  0.3268 31.3005 110.0105  16.00   -inf  -nan   5   2   7   2 281.88
    8   2018 09 16 04:17:06.202    15426.202  0.1373 30.8505 111.0905   6.00   -inf  -nan   5   3   8   3 170.85
    9   2018 09 16 04:26:30.064    15990.064  0.2663 31.0605 110.4405   0.00   -inf  -nan   3   3   6   2 254.24
   10   2018 09 16 04:29:04.012    16144.012  0.4017 30.9705 110.3805   6.00   -inf  -nan   9   4  13   4  91.22
   11   2018 09 16 04:33:04.162    16384.162  0.3568 31.0205 109.7805   8.00   -inf  -nan   9   6  15   5 267.00
   12   2018 09 16 04:55:35.275    17735.275  0.3808 31.0805 109.8905  18.00   -inf  -nan   3   4   7   3 274.51
   13   2018 09 16 05:23:35.447    19415.447  0.3237 30.9005 110.7205   0.00   -inf  -nan  13   7  20   7  94.62
   14   2018 09 16 05:47:37.045    20857.045  0.2686 31.3205 110.0405   6.00   -inf  -nan  11   4  15   4 268.27
   15   2018 09 16 06:27:39.474    23259.474  0.2329 30.8105 111.2805  10.00   -inf  -nan   3   3   6   3 313.64
   16   2018 09 16 09:05:30.011    32730.011  0.4714 30.9805 110.5805   4.00   -inf  -nan   4   2   6   1 163.74
   17   2018 09 16 09:13:37.924    33217.924  0.1687 30.8105 111.2505   0.00   -inf  -nan   3   2   5   1 283.67
   18   2018 09 16 09:26:29.620    33989.620  0.1852 30.8605 111.1305   6.00   -inf  -nan   7   7  14   6 204.21
   19   2018 09 16 09:29:57.839    34197.839  0.1733 30.8505 111.0905   4.00   -inf  -nan   5   4   9   4 170.85
   20   2018 09 16 09:38:01.695    34681.695  0.2180 30.9405 109.9705  12.00   -inf  -nan   4   2   6   2 160.16
   21   2018 09 16 09:43:00.951    34980.951  0.4710 30.6505 111.2105   0.00   -inf  -nan   3   2   5   2 324.61
   22   2018 09 16 10:25:56.279    37556.279  0.1351 31.0405 109.7205   6.00   -inf  -nan   3   3   6   2 284.22
   23   2018 09 16 10:26:02.717    37562.717  0.3312 31.0605 110.3405   2.00   -inf  -nan   4   4   8   2 203.90
   24   2018 09 16 18:51:48.165    67908.165  0.2208 30.8905 111.1305   4.00   -inf  -nan   3   2   5   2 164.15
   25   2018 09 16 21:23:48.255    77028.255  0.1785 30.8905 111.0805   6.00   -inf  -nan   4   3   7   3 159.48
   26   2018 09 16 22:47:12.202    82032.202  0.1130 30.8505 111.0905   4.00   -inf  -nan   3   3   6   2 170.85
   27   2018 09 16 23:16:50.687    83810.687  0.3679 31.1205 110.0405   8.00   -inf  -nan   9   5  14   5 185.39
    1   2018 09 17 00:12:57.010      777.010  0.2638 30.8505 111.1305   8.00   -inf  -nan   4   3   7   3 210.75
    2   2018 09 17 02:45:25.474     9925.474  0.1817 31.3805 110.0905   0.00   -inf  -nan   3   2   5   2 304.17
    3   2018 09 17 03:28:38.560    12518.560  0.3572 31.0205 110.1405   0.00   -inf  -nan  14   7  21   7  86.24
    4   2018 09 17 03:51:06.407    13866.407  0.2597 31.0805 109.8505  16.00   -inf  -nan   9   4  13   4 286.81
    5   2018 09 17 03:56:54.316    14214.316  0.4281 30.9805 110.4005   0.00   -inf  -nan  15   7  22   6  82.74
    6   2018 09 17 04:00:14.354    14414.354  0.3103 31.0205 109.7405  10.00   -inf  -nan   9   4  13   3 279.99
    7   2018 09 17 04:24:29.838    15869.838  0.2144 30.7005 110.4805   2.00   -inf  -nan   5   2   7   1 221.60
    8   2018 09 17 05:19:29.854    19169.854  0.3455 30.8205 110.7305   0.00   -inf  -nan   8   5  13   3 112.99
    9   2018 09 17 05:24:21.923    19461.923  0.2956 31.0505 110.1905   6.00   -inf  -nan   3   5   8   2 124.62
   10   2018 09 17 05:36:22.082    20182.082  0.1710 30.8505 111.0905   4.00   -inf  -nan   4   2   6   2 170.85
   11   2018 09 17 06:56:53.095    25013.095  0.3371 30.8105 111.1705   4.00   -inf  -nan   9   7  16   7 249.55
   12   2018 09 17 07:06:19.379    25579.379  0.3356 31.1705 110.3805   0.00   -inf  -nan  10  10  20   7 185.50
   13   2018 09 17 07:15:06.717    26106.717  0.3116 30.8105 111.2805   4.00   -inf  -nan   3   2   5   2 313.64
   14   2018 09 17 07:40:46.498    27646.498  0.3080 30.9405 110.5205   4.00   -inf  -nan   4   3   7   2 153.90
   15   2018 09 17 08:25:44.520    30344.520  0.2780 31.1205 110.0405   6.00   -inf  -nan  14   6  20   5 185.39
   16   2018 09 17 08:50:22.819    31822.819  0.1907 30.8505 111.0905   4.00   -inf  -nan   3   3   6   2 170.85
   17   2018 09 17 08:57:21.287    32241.287  0.3819 30.9705 110.6005  12.00   -inf  -nan  12   7  19   7 114.70
   18   2018 09 17 09:05:08.984    32708.984  0.2247 30.8305 111.3005  16.00   -inf  -nan   3   2   5   1 296.96
   19   2018 09 17 10:44:49.974    38689.974  0.1946 31.1705 110.3805   0.00   -inf  -nan   3   2   5   1 185.50
   20   2018 09 17 13:30:24.799    48624.799  0.1132 30.8905 111.1605  10.00   -inf  -nan   5   2   7   2 195.54
   21   2018 09 17 14:42:24.642    52944.642  0.3577 31.1705 110.5505   0.00   -inf  -nan   4   2   6   2 257.06
   22   2018 09 17 14:43:48.343    53028.343  0.1060 31.0205 110.8205   4.00   -inf  -nan   4   2   6   2 275.84
   23   2018 09 17 15:43:49.273    56629.273  0.2396 31.0905 110.0705   0.00   -inf  -nan   9   5  14   5 177.67
   24   2018 09 17 19:38:26.344    70706.344  0.1728 31.1605 110.0405  14.00   -inf  -nan   3   2   5   2 194.43
   25   2018 09 17 21:04:25.685    75865.685  0.2162 31.1305 110.3405  10.00   -inf  -nan   5   2   7   2 142.29
   26   2018 09 17 21:28:42.738    77322.738  0.2347 30.8905 111.1605   8.00   -inf  -nan   8   5  13   5 195.54
   27   2018 09 17 21:47:11.802    78431.802  0.1821 31.1405 110.0505  10.00   -inf  -nan   3   2   5   2 203.46
    1   2018 09 18 00:10:58.415      658.415  0.1914 31.0205 110.4605   0.00   -inf  -nan   3   5   8   2 139.70
    2   2018 09 18 02:31:29.487     9089.487  0.3821 31.0505 110.1505   8.00   -inf  -nan  11  11  22  11 107.08
    3   2018 09 18 02:34:02.538     9242.538  0.1770 31.1605 109.8005   0.00   -inf  -nan   3   3   6   3 330.33
    4   2018 09 18 03:06:31.426    11191.426  0.1797 30.8105 111.2805  10.00   -inf  -nan   6   5  11   5 294.33
    5   2018 09 18 03:18:20.012    11900.012  0.3336 30.8505 111.1305   6.00   -inf  -nan   6   2   8   1 210.25
    6   2018 09 18 03:28:10.625    12490.625  0.1295 30.8605 111.0905   8.00   -inf  -nan   4   2   6   2 128.67
    7   2018 09 18 03:37:48.092    13068.092  0.3218 31.0605 110.5205   0.00   -inf  -nan   4   3   7   2 257.21
    8   2018 09 18 03:45:08.130    13508.130  0.1590 31.0205 110.4405   4.00   -inf  -nan   7   2   9   2 110.40
    9   2018 09 18 03:57:06.186    14226.186  0.2328 30.8905 110.7605   6.00   -inf  -nan   5   2   7   2 120.09
   10   2018 09 18 04:03:57.378    14637.378  0.2500 31.1805 110.2505  10.00   -inf  -nan   3   3   6   3 229.08
   11   2018 09 18 07:02:56.512    25376.512  0.1925 30.8205 111.2905  12.00   -inf  -nan   4   3   7   3 298.00
   12   2018 09 18 07:27:45.275    26865.275  0.0976 30.8105 111.2805   8.00   -inf  -nan   4   2   6   2 294.33
   13   2018 09 18 08:33:04.173    30784.173  0.0985 30.8705 110.9005   2.00   -inf  -nan   5   4   9   4 128.90
   14   2018 09 18 08:52:11.230    31931.230  0.4296 30.8205 111.1305   4.00   -inf  -nan  10   6  16   6 228.06
   15   2018 09 18 09:24:43.116    33883.116  0.1774 30.8505 111.1305   4.00   -inf  -nan   9   7  16   6 210.25
   16   2018 09 18 09:43:37.499    35017.499  0.4078 30.9505 110.6005   0.00   -inf  -nan  18   6  24   6  93.89
   17   2018 09 18 10:38:04.264    38284.264  0.2010 30.8905 111.0905   2.00   -inf  -nan   3   2   5   2 134.06
   18   2018 09 18 12:48:07.322    46087.322  0.2985 30.9805 110.4805   0.00   -inf  -nan   3   3   6   3 247.03
   19   2018 09 18 14:53:12.312    53592.312  0.4100 30.8505 111.1305  12.00   -inf  -nan   6   3   9   2 210.75
   20   2018 09 18 15:10:08.649    54608.649  0.0737 31.1305 110.4605  12.00   -inf  -nan   3   2   5   2 200.43
   21   2018 09 18 15:23:31.246    55411.246  0.2352 31.1705 110.3005   2.00   -inf  -nan   6   3   9   3 191.55
   22   2018 09 18 17:32:25.311    63145.311  0.2078 30.8905 111.1305   6.00   -inf  -nan   7   4  11   4 164.15
   23   2018 09 18 18:00:44.675    64844.675  0.2800 31.2205 110.5705   0.00   -inf  -nan   8   2  10   2 198.80
   24   2018 09 18 18:47:29.589    67649.589  0.2818 31.0805 110.2805   0.00   -inf  -nan  11   9  20   9 123.71
   25   2018 09 18 21:31:06.286    77466.286  0.1647 31.1805 110.1305  12.00   -inf  -nan   3   2   5   2 140.16
   26   2018 09 18 23:51:34.627    85894.627  0.3260 30.8405 110.2505   0.00   -inf  -nan   3   3   6   2 247.02
    1   2018 09 19 00:15:33.397      933.397  0.2554 30.8505 111.0905   4.00   -inf  -nan   6   3   9   3 170.85
    2   2018 09 19 01:20:24.185     4824.185  0.1060 31.1305 110.3405  10.00   -inf  -nan   3   2   5   2 167.58
    3   2018 09 19 02:55:15.887    10515.887  0.2995 30.8905 111.0505   6.00   -inf  -nan   5   4   9   4 163.66
    4   2018 09 19 03:07:35.586    11255.586  0.4593 30.9705 111.4005  18.00   -inf  -nan   3   4   7   3 348.92
    5   2018 09 19 03:07:45.851    11265.851  0.3728 30.9805 110.5805   0.00   -inf  -nan   7   5  12   4 136.30
    6   2018 09 19 03:36:58.053    13018.053  0.2779 31.0205 110.1405   6.00   -inf  -nan  15   5  20   5  86.24
    7   2018 09 19 03:45:15.858    13515.858  0.2066 30.8105 111.1205   2.00   -inf  -nan   5   3   8   3 229.58
    8   2018 09 19 04:29:57.586    16197.586  0.4328 31.0205 110.4405   0.00   -inf  -nan  12  13  25   8  87.12
    9   2018 09 19 04:34:52.219    16492.219  0.2454 31.0805 109.8105  16.00   -inf  -nan  10   5  15   5 296.31
   10   2018 09 19 04:36:44.436    16604.436  0.3724 31.0205 109.8205   0.00   -inf  -nan   9   5  14   5 250.36
   11   2018 09 19 04:41:16.154    16876.154  0.2677 31.0805 109.8505  10.00   -inf  -nan   9   7  16   7 286.81
   12   2018 09 19 04:42:15.859    16935.859  0.2864 30.8705 110.9205   0.00   -inf  -nan  17   7  24   7 126.60
   13   2018 09 19 04:51:35.005    17495.005  0.2476 31.2405 110.0405   8.00   -inf  -nan  12   3  15   3 237.39
   14   2018 09 19 05:22:13.957    19333.957  0.3371 31.2005 109.8805   2.00   -inf  -nan   3   3   6   2 269.34
   15   2018 09 19 05:55:48.467    21348.467  0.2157 30.8505 111.0905   4.00   -inf  -nan   5   2   7   1 170.85
   16   2018 09 19 07:25:12.091    26712.091  0.1921 30.9305 110.8805   0.00   -inf  -nan   4   2   6   2 250.73
   17   2018 09 19 07:35:29.794    27329.794  0.3909 30.7805 110.6205   0.00   -inf  -nan   3   3   6   2 230.37
   18   2018 09 19 07:50:01.324    28201.324  0.3078 30.9005 110.7205   0.00   -inf  -nan   6   4  10   4 141.84
   19   2018 09 19 07:58:46.003    28726.003  0.4162 31.2805 110.8205   2.00   -inf  -nan  17   7  24   7 233.85
   20   2018 09 19 08:05:02.699    29102.699  0.2408 30.8505 110.1505   4.00   -inf  -nan   3   4   7   2 199.40
   21   2018 09 19 08:07:29.157    29249.157  0.4004 30.8805 110.0505   6.00   -inf  -nan   6   5  11   4 309.54
   22   2018 09 19 08:17:40.624    29860.624  0.2091 30.8105 111.2405   0.00   -inf  -nan   4   6  10   3 279.73
   23   2018 09 19 08:28:25.238    30505.238  0.4479 30.9705 110.3705   0.00   -inf  -nan   8   6  14   6  88.31
   24   2018 09 19 08:48:54.345    31734.345  0.2271 30.8105 111.2105   0.00   -inf  -nan   5   3   8   3 329.16
   25   2018 09 19 08:55:15.615    32115.615  0.3978 30.9705 110.8005   0.00   -inf  -nan  10   6  16   3 102.13
   26   2018 09 19 09:08:42.956    32922.956  0.1532 30.8505 111.1305   6.00   -inf  -nan  10   8  18   8 210.25
   27   2018 09 19 09:28:06.815    34086.815  0.1740 30.8505 111.0905   4.00   -inf  -nan   5   3   8   3 170.85
   28   2018 09 19 10:13:53.352    36833.352  0.3267 30.9705 110.5905   0.00   -inf  -nan   8   5  13   5  89.07
   29   2018 09 19 10:21:12.694    37272.694  0.4671 31.0105 110.1505   4.00   -inf  -nan  12   7  19   7 156.13
   30   2018 09 19 13:55:28.299    50128.299  0.2297 31.0805 110.2005   2.00   -inf  -nan   5   4   9   3 115.38
   31   2018 09 19 15:06:05.549    54365.549  0.1772 31.2105 110.5505   0.00   -inf  -nan   5   2   7   2 224.70
   32   2018 09 19 17:27:53.739    62873.739  0.1815 30.8905 111.1605   8.00   -inf  -nan   7   2   9   2 195.54
   33   2018 09 19 18:57:41.591    68261.591  0.2859 31.1405 110.2905   0.00   -inf  -nan   7   5  12   4 138.84
   34   2018 09 19 21:53:38.069    78818.069  0.2490 31.1405 110.2105  10.00   -inf  -nan   3   2   5   1 126.81
   35   2018 09 19 23:42:38.494    85358.494  0.3820 30.9505 110.7805  14.00   -inf  -nan  21  19  40  19  93.47
    1   2018 09 20 01:24:47.551     5087.551  0.3945 30.8105 111.3205   4.00   -inf  -nan   6   4  10   4 299.56
    2   2018 09 20 01:35:52.215     5752.215  0.2821 30.7705 111.0905   0.00   -inf  -nan   6   6  12   5 227.94
    3   2018 09 20 02:02:48.995     7368.995  0.3562 30.8105 111.1305  10.00   -inf  -nan   4   2   6   2 259.94
    4   2018 09 20 02:08:30.599     7710.599  0.3277 31.1405 110.3005  14.00   -inf  -nan   8   5  13   4 131.82
    5   2018 09 20 02:35:07.167     9307.167  0.2545 30.7805 110.7705  12.00   -inf  -nan  15  14  29  13 110.23
    6   2018 09 20 02:39:21.704     9561.704  0.2025 30.8505 111.0905   4.00   -inf  -nan   5   5  10   5 170.85
    7   2018 09 20 03:31:00.787    12660.787  0.3946 31.2805 110.8605   0.00   -inf  -nan  11   9  20   6 259.29
    8   2018 09 20 04:47:43.478    17263.478  0.3074 31.1205 110.8205  12.00   -inf  -nan   6   2   8   1 180.84
    9   2018 09 20 05:33:42.581    20022.581  0.1862 30.8505 111.0905   4.00   -inf  -nan   5   4   9   4 170.85
   10   2018 09 20 06:04:37.185    21877.185  0.1467 30.8505 110.8005   6.00   -inf  -nan   8   7  15   7  99.08
   11   2018 09 20 06:35:05.588    23705.588  0.4069 30.9505 110.6005   0.00   -inf  -nan  19   9  28   9  93.89
   12   2018 09 20 06:43:31.269    24211.269  0.1693 31.0505 110.1505   8.00   -inf  -nan   5   4   9   4 277.77
   13   2018 09 20 06:58:42.891    25122.891  0.2546 30.8505 111.0905   6.00   -inf  -nan   8   2  10   2 170.85
   14   2018 09 20 07:06:08.590    25568.590  0.2698 30.8105 111.1305   4.00   -inf  -nan   3   2   5   2 278.54
   15   2018 09 20 07:28:11.342    26891.342  0.1379 30.8105 111.2405   8.00   -inf  -nan   9   5  14   5 279.73
   16   2018 09 20 08:56:30.699    32190.699  0.3338 30.8905 110.7305   6.00   -inf  -nan  11   8  19   8  94.87
   17   2018 09 20 09:42:06.429    34926.429  0.1915 30.8505 111.1305   4.00   -inf  -nan  10   8  18   8 210.25
   18   2018 09 20 09:51:10.836    35470.836  0.3596 30.9805 110.6005   6.00   -inf  -nan  13   4  17   4  92.84
   19   2018 09 20 10:41:07.943    38467.943  0.2700 30.8505 110.4305   6.00   -inf  -nan   3   2   5   1 231.69
   20   2018 09 20 11:58:28.621    43108.621  0.4053 31.0805 110.0005   2.00   -inf  -nan   3   2   5   2 154.20
   21   2018 09 20 12:50:28.285    46228.285  0.3143 31.0505 110.4605   0.00   -inf  -nan   9   9  18   8 147.48
   22   2018 09 20 15:27:50.447    55670.447  0.4634 31.2205 110.5405  12.00   -inf  -nan   5   2   7   2 234.72
   23   2018 09 20 15:37:24.356    56244.356  0.1854 30.8505 111.0905  10.00   -inf  -nan   3   3   6   3 170.85
   24   2018 09 20 17:24:28.837    62668.837  0.3331 30.8905 111.0005   4.00   -inf  -nan   5   3   8   3 180.44
   25   2018 09 20 18:29:05.055    66545.055  0.3173 31.0905 110.3705   4.00   -inf  -nan   4   5   9   4 146.29
   26   2018 09 20 19:02:53.663    68573.663  0.3584 30.9705 111.2405   0.00   -inf  -nan   5   2   7   2 318.66
   27   2018 09 20 22:13:09.916    79989.916  0.1290 31.1305 110.3005   2.00   -inf  -nan   4   2   6   2 131.46
   28   2018 09 20 22:37:38.637    81458.637  0.1766 30.8905 111.1605   8.00   -inf  -nan   4   2   6   2 195.54
    1   2018 09 21 02:24:51.191     8691.191  0.3174 31.0505 110.4605   0.00   -inf  -nan   7   8  15   7 147.48
    2   2018 09 21 03:01:26.060    10886.060  0.2052 30.8505 111.0905   4.00   -inf  -nan   5   3   8   3 170.85
    3   2018 09 21 05:07:02.081    18422.081  0.1190 31.0505 110.4605   0.00   -inf  -nan   3   5   8   2 147.48
    4   2018 09 21 06:27:20.870    23240.870  0.2276 30.8505 111.0905   4.00   -inf  -nan   4   4   8   4 170.85
    5   2018 09 21 07:00:18.878    25218.878  0.4046 30.9505 110.6005   0.00   -inf  -nan  15   7  22   7 126.29
    6   2018 09 21 07:14:51.546    26091.546  0.3594 31.1705 110.3405   0.00   -inf  -nan   3   2   5   1 270.76
    7   2018 09 21 08:41:36.538    31296.538  0.2058 30.8505 111.1305   4.00   -inf  -nan  10   8  18   7 210.25
    8   2018 09 21 09:16:04.674    33364.674  0.2512 30.8505 111.0905   6.00   -inf  -nan   4   4   8   3 170.85
    9   2018 09 21 09:41:22.694    34882.694  0.3081 31.1205 110.0405   8.00   -inf  -nan  13   8  21   7 185.39
   10   2018 09 21 10:17:16.840    37036.840  0.3925 30.9705 110.5905   0.00   -inf  -nan  12   7  19   7  89.07
   11   2018 09 21 10:24:34.210    37474.210  0.2817 31.1705 110.5505   6.00   -inf  -nan   5   2   7   1 232.43
   12   2018 09 21 16:06:06.465    57966.465  0.2386 30.8505 111.1305   8.00   -inf  -nan   3   3   6   3 232.15
   13   2018 09 21 17:08:30.790    61710.790  0.3067 31.0505 110.1905   4.00   -inf  -nan   4   5   9   4 236.36
   14   2018 09 21 17:15:01.747    62101.747  0.1747 30.8505 111.0905   8.00   -inf  -nan   4   4   8   4 170.85
   15   2018 09 21 17:36:04.596    63364.596  0.3333 31.0405 110.8205  14.00   -inf  -nan  14  16  30  14 125.03
   16   2018 09 21 18:14:54.340    65694.340  0.2675 31.1705 110.3405   0.00   -inf  -nan   3   2   5   2 281.77
   17   2018 09 21 20:11:57.520    72717.520  0.3002 31.0905 110.1105   0.00   -inf  -nan  10   8  18   7 155.73
   18   2018 09 21 21:31:46.013    77506.013  0.0722 30.8505 111.0905   8.00   -inf  -nan   3   2   5   2 170.85
   19   2018 09 21 23:21:06.161    84066.161  0.1246 30.7705 110.7605   4.00   -inf  -nan   3   2   5   2 273.24
   20   2018 09 21 23:51:06.734    85866.734  0.3657 30.9305 110.3305  10.00   -inf  -nan   5   6  11   5 115.45
    1   2018 09 22 00:52:39.905     3159.905  0.1693 30.8505 111.1205   6.00   -inf  -nan   4   4   8   4 205.95
    2   2018 09 22 02:23:37.652     8617.652  0.3296 31.0105 110.1505   4.00   -inf  -nan   8   8  16   7  93.27
    3   2018 09 22 03:01:39.246    10899.246  0.4464 30.8105 111.1705   6.00   -inf  -nan   8   6  14   6 249.55
    4   2018 09 22 04:03:15.150    14595.150  0.3455 30.8605 110.4205   0.00   -inf  -nan   9   3  12   3 207.07
    5   2018 09 22 04:31:14.044    16274.044  0.2124 31.2405 109.8005  12.00   -inf  -nan   3   2   5   2 336.05
    6   2018 09 22 04:43:33.925    17013.925  0.2559 31.0105 110.8405   0.00   -inf  -nan   3   2   5   1 262.09
    7   2018 09 22 04:54:51.203    17691.203  0.3128 31.0605 110.8005  10.00   -inf  -nan   9   7  16   6 144.87
    8   2018 09 22 05:06:03.005    18363.005  0.3383 30.9105 110.9005   0.00   -inf  -nan   7   3  10   3 149.12
    9   2018 09 22 05:18:35.022    19115.022  0.2369 30.8105 111.1305   2.00   -inf  -nan   3   4   7   3 233.30
   10   2018 09 22 06:49:22.094    24562.094  0.4183 30.9505 110.6005   0.00   -inf  -nan  12   8  20   8 101.32
   11   2018 09 22 08:30:01.518    30601.518  0.2191 30.9305 111.4005   8.00   -inf  -nan   5   3   8   2 334.74
   12   2018 09 22 08:31:32.383    30692.383  0.3742 31.1005 109.9405  12.00   -inf  -nan   8   5  13   3 232.93
   13   2018 09 22 08:34:22.084    30862.084  0.3960 30.7405 111.0505  12.00   -inf  -nan   6   5  11   5 303.49
   14   2018 09 22 09:45:05.207    35105.207  0.1653 30.7305 111.2005   2.00   -inf  -nan   6   4  10   3 282.02
   15   2018 09 22 10:03:45.694    36225.694  0.2445 30.7705 111.1605   0.00   -inf  -nan   4   6  10   3 260.60
   16   2018 09 22 10:19:32.206    37172.206  0.1898 30.9205 110.0505   0.00   -inf  -nan   4   3   7   3 316.68
   17   2018 09 22 10:28:39.727    37719.727  0.4312 30.9505 110.6005   0.00   -inf  -nan  16   8  24   8 101.32
   18   2018 09 22 11:03:59.228    39839.228  0.2058 30.9405 110.7205  12.00   -inf  -nan  14  12  26  12  96.85
   19   2018 09 22 13:53:12.987    49992.987  0.4840 31.0205 110.4405   2.00   -inf  -nan   4   6  10   4 128.00
   20   2018 09 22 14:19:01.160    51541.160  0.4769 31.1605 110.5805   6.00   -inf  -nan   3   3   6   1 169.73
   21   2018 09 22 16:17:33.168    58653.168  0.1156 30.8505 111.1305   8.00   -inf  -nan   4   3   7   3 210.75
   22   2018 09 22 21:37:16.772    77836.772  0.3182 31.0605 110.4405   4.00   -inf  -nan   9   9  18   7 113.97
   23   2018 09 22 22:30:47.054    81047.054  0.4538 31.0305 110.4405   4.00   -inf  -nan   3   5   8   3 134.10
   24   2018 09 22 23:14:05.929    83645.929  0.1932 30.8505 111.0905   4.00   -inf  -nan   5   5  10   4 170.85
   25   2018 09 22 23:18:02.727    83882.727  0.1748 30.8505 111.1305   4.00   -inf  -nan  10   6  16   6 210.25
    1   2018 09 23 00:42:24.495     2544.495  0.4118 31.0105 110.1505   0.00   -inf  -nan  10  11  21   8  82.78
    2   2018 09 23 01:16:40.249     4600.249  0.2814 31.0205 110.1405   6.00   -inf  -nan   6   4  10   4 136.94
    3   2018 09 23 02:20:11.386     8411.386  0.1399 30.7405 110.8505  10.00   -inf  -nan   3   2   5   2 192.15
    4   2018 09 23 02:41:32.724     9692.724  0.3949 30.9405 110.4605  10.00   -inf  -nan  16  16  32  14  84.04
    5   2018 09 23 03:07:04.022    11224.022  0.4593 30.8105 111.1305   6.00   -inf  -nan   4   3   7   3 233.30
    6   2018 09 23 03:48:55.318    13735.318  0.3164 31.0905 109.9305  16.00   -inf  -nan   6   4  10   3 259.02
    7   2018 09 23 03:54:17.649    14057.649  0.2487 31.1005 109.8905  14.00   -inf  -nan   8   4  12   4 276.52
    8   2018 09 23 04:10:10.711    15010.711  0.1772 31.0505 111.3205   0.00   -inf  -nan   7   2   9   2 318.89
    9   2018 09 23 04:29:25.838    16165.838  0.1870 30.8505 111.1305   6.00   -inf  -nan  15   9  24   9 210.25
   10   2018 09 23 04:47:58.880    17278.880  0.4418 31.0605 110.4405   8.00   -inf  -nan   3   7  10   2 113.97
   11   2018 09 23 04:54:00.106    17640.106  0.2200 30.7305 111.1305  10.00   -inf  -nan   8   2  10   2 269.15
   12   2018 09 23 05:05:20.823    18320.823  0.3257 31.0505 110.4605   0.00   -inf  -nan   8   9  17   7 111.60
   13   2018 09 23 08:30:29.525    30629.525  0.3787 30.8105 111.2805   6.00   -inf  -nan   5   2   7   2 305.50
   14   2018 09 23 08:48:53.742    31733.742  0.3725 31.1205 110.0405   4.00   -inf  -nan  12   9  21   8 185.39
   15   2018 09 23 08:51:10.569    31870.569  0.3961 30.9405 110.6005   8.00   -inf  -nan  17   6  23   5  99.02
   16   2018 09 23 09:06:00.963    32760.963  0.2496 31.0505 110.4605   0.00   -inf  -nan   4   6  10   4 111.60
   17   2018 09 23 09:13:56.634    33236.634  0.3038 30.8605 110.9305   2.00   -inf  -nan   8   8  16   8 117.82
   18   2018 09 23 16:35:54.075    59754.075  0.1941 30.8505 111.1305   8.00   -inf  -nan   6   2   8   2 232.15
   19   2018 09 23 17:23:14.017    62594.017  0.2895 31.0905 110.2705   8.00   -inf  -nan   5   5  10   4 206.57
   20   2018 09 23 17:56:59.259    64619.259  0.3656 31.1305 110.5105   6.00   -inf  -nan   4   2   6   2 210.93
   21   2018 09 23 19:19:24.899    69564.899  0.2983 31.1605 110.0805  10.00   -inf  -nan   4   4   8   4 169.00
   22   2018 09 23 20:09:35.686    72575.686  0.1748 31.2005 109.7605   6.00   -inf  -nan   3   3   6   3 336.67
   23   2018 09 23 20:22:51.730    73371.730  0.4014 31.1305 110.3105   4.00   -inf  -nan   5   3   8   3 134.51
   24   2018 09 23 23:11:01.838    83461.838  0.2119 30.8505 111.1305   6.00   -inf  -nan  16   8  24   8 210.25
   25   2018 09 23 23:29:13.516    84553.516  0.1506 30.8105 111.1305   4.00   -inf  -nan   4   2   6   2 233.30
    1   2018 09 24 00:27:55.686     1675.686  0.0956 31.0805 110.0505   0.00   -inf  -nan   3   2   5   2 329.85
    2   2018 09 24 02:46:18.958     9978.958  0.2551 30.8105 111.2405   6.00   -inf  -nan   8   8  16   7 279.73
    3   2018 09 24 03:30:48.313    12648.313  0.4744 31.0105 110.1305   0.00   -inf  -nan  10  10  20   5 137.25
    4   2018 09 24 03:54:42.102    14082.102  0.2999 31.1205 109.8805  12.00   -inf  -nan   3   3   6   2 283.43
    5   2018 09 24 03:56:45.980    14205.980  0.3923 31.0405 109.8405   8.00   -inf  -nan   4   3   7   3 240.78
    6   2018 09 24 04:48:41.003    17321.003  0.3150 30.7305 111.2005   6.00   -inf  -nan   5   3   8   2 282.02
    7   2018 09 24 05:31:49.451    19909.451  0.1843 30.8605 111.1105   4.00   -inf  -nan   4   3   7   2 191.29
    8   2018 09 24 05:38:15.628    20295.628  0.1205 31.2005 110.0805   0.00   -inf  -nan   3   2   5   2 170.52
    9   2018 09 24 07:06:59.142    25619.142  0.2779 31.1205 109.8005   2.00   -inf  -nan   3   3   6   3 324.28
   10   2018 09 24 07:07:22.404    25642.404  0.4007 30.7805 110.9305   6.00   -inf  -nan   9   7  16   7 157.56
   11   2018 09 24 07:09:54.804    25794.804  0.1960 31.1405 109.8105   6.00   -inf  -nan   3   2   5   2 325.81
   12   2018 09 24 07:49:31.445    28171.445  0.3462 31.1005 109.9805   0.00   -inf  -nan   7   5  12   5 219.81
   13   2018 09 24 08:14:04.172    29644.172  0.3277 30.9805 110.5905  12.00   -inf  -nan  16  11  27  10  79.84
   14   2018 09 24 08:14:55.386    29695.386  0.2855 30.8505 111.1305   6.00   -inf  -nan  15   9  24   9 210.25
   15   2018 09 24 09:15:13.579    33313.579  0.0787 30.8505 111.0905   8.00   -inf  -nan   3   2   5   2 170.85
   16   2018 09 24 09:49:02.499    35342.499  0.2345 30.8505 111.0905   4.00   -inf  -nan   3   3   6   3 170.85
   17   2018 09 24 14:55:51.062    53751.062  0.1770 30.9405 110.7405  12.00   -inf  -nan   3   2   5   2 127.75
   18   2018 09 24 20:30:27.466    73827.466  0.1724 30.7705 110.7605  10.00   -inf  -nan   5   4   9   4 124.90
   19   2018 09 24 22:01:59.208    79319.208  0.1850 30.8705 111.0205   8.00   -inf  -nan   5   3   8   3 111.88
   20   2018 09 24 23:11:39.444    83499.444  0.2537 30.8505 111.0905   2.00   -inf  -nan   4   3   7   3 170.85
    1   2018 09 25 00:25:44.030     1544.030  0.4006 30.8905 111.1205   4.00   -inf  -nan   4   2   6   2 152.94
    2   2018 09 25 01:00:33.158     3633.158  0.3866 30.8505 110.8005   4.00   -inf  -nan   4   5   9   4 143.56
    3   2018 09 25 01:09:20.393     4160.393  0.2637 31.1305 110.3105   2.00   -inf  -nan   5   2   7   2 165.98
    4   2018 09 25 01:29:23.836     5363.836  0.1959 30.8505 111.1305   6.00   -inf  -nan  15   8  23   8 210.75
    5   2018 09 25 01:40:45.614     6045.614  0.0984 30.9005 110.5605   6.00   -inf  -nan   3   2   5   2 179.22
    6   2018 09 25 03:14:32.513    11672.513  0.1835 30.8505 111.0905   8.00   -inf  -nan   4   3   7   3 170.85
    7   2018 09 25 04:21:10.159    15670.159  0.2188 30.9405 110.7605  10.00   -inf  -nan   8  10  18   7  77.93
    8   2018 09 25 09:04:25.920    32665.920  0.2491 30.8105 111.1305   4.00   -inf  -nan   3   3   6   3 278.54
    9   2018 09 25 10:55:02.493    39302.493  0.1786 30.8505 111.1305   6.00   -inf  -nan  15   9  24   9 210.25
   10   2018 09 25 11:15:16.971    40516.971  0.3721 30.9905 110.9005   0.00   -inf  -nan   3   2   5   1 174.70
   11   2018 09 25 12:05:51.918    43551.918  0.2750 30.9405 110.7805  12.00   -inf  -nan   4   3   7   3 165.87
   12   2018 09 25 12:44:18.007    45858.007  0.2195 31.0905 110.2705   8.00   -inf  -nan   3   3   6   2 155.05
   13   2018 09 25 15:29:01.514    55741.514  0.2698 31.1305 110.3005   0.00   -inf  -nan   7   2   9   2 131.46
   14   2018 09 25 17:22:55.700    62575.700  0.3970 30.9105 110.7805   0.00   -inf  -nan   5   5  10   4 100.55
   15   2018 09 25 17:25:21.049    62721.049  0.3997 31.0505 110.3105   4.00   -inf  -nan   7   9  16   7  97.51
   16   2018 09 25 18:49:40.557    67780.557  0.2625 31.1805 110.5305   0.00   -inf  -nan   7   3  10   3 177.44
   17   2018 09 25 20:10:44.127    72644.127  0.2253 31.1805 110.2505   8.00   -inf  -nan   3   3   6   3 229.08
   18   2018 09 25 21:12:03.935    76323.935  0.2481 31.2505 110.5105   4.00   -inf  -nan   4   2   6   1 208.10
   19   2018 09 25 22:15:49.371    80149.371  0.4593 31.0505 110.4705   0.00   -inf  -nan   6   8  14   6 113.45
   20   2018 09 25 23:05:01.977    83101.977  0.1798 30.8505 111.0905   6.00   -inf  -nan   4   4   8   4 170.85
   21   2018 09 25 23:09:50.788    83390.788  0.1909 31.2805 110.6205   0.00   -inf  -nan   3   2   5   1 303.53
    1   2018 09 26 00:52:19.589     3139.589  0.0883 30.8905 111.0805   4.00   -inf  -nan   3   2   5   2 159.48
    2   2018 09 26 01:41:32.544     6092.544  0.2182 30.8505 111.0005  10.00   -inf  -nan   4   2   6   2 257.86
    3   2018 09 26 01:51:44.750     6704.750  0.3564 30.9405 110.3605  14.00   -inf  -nan   3   2   5   1 165.30
    4   2018 09 26 03:25:15.541    12315.541  0.4047 31.0005 109.7205   8.00   -inf  -nan   3   3   6   2 287.34
    5   2018 09 26 05:47:04.514    20824.514  0.1814 30.8505 110.1705   6.00   -inf  -nan   4   2   6   2 341.15
    6   2018 09 26 07:15:46.056    26146.056  0.1954 30.9305 110.9205   2.00   -inf  -nan   7   5  12   5 109.48
    7   2018 09 26 07:34:31.449    27271.449  0.3539 30.8705 110.7205   0.00   -inf  -nan  14   8  22   8 160.77
    8   2018 09 26 07:53:14.354    28394.354  0.3064 31.0905 110.0305   2.00   -inf  -nan   8  10  18   8 199.54
    9   2018 09 26 07:56:32.758    28592.758  0.1986 30.8905 110.7605  10.00   -inf  -nan   4   4   8   4 135.27
   10   2018 09 26 08:18:05.048    29885.048  0.2830 30.8505 111.1305   4.00   -inf  -nan  16  10  26  10 210.25
   11   2018 09 26 08:55:20.418    32120.418  0.3191 30.9105 110.7805   8.00   -inf  -nan   8  12  20   8  75.13
   12   2018 09 26 09:44:34.824    35074.824  0.3222 30.8905 110.8005  12.00   -inf  -nan   8   9  17   7  75.65
   13   2018 09 26 09:49:06.613    35346.613  0.2372 30.8505 111.1305  10.00   -inf  -nan   3   3   6   2 232.15
   14   2018 09 26 10:24:19.487    37459.487  0.1884 30.8905 110.7605   6.00   -inf  -nan   3   3   6   3 208.90
   15   2018 09 26 10:26:59.208    37619.208  0.3020 30.8905 110.8005  10.00   -inf  -nan   9  10  19   7  77.15
   16   2018 09 26 10:47:52.059    38872.059  0.2641 30.8905 110.8005  10.00   -inf  -nan   3   4   7   3 133.70
   17   2018 09 26 11:20:16.035    40816.035  0.3750 30.9305 111.2405   4.00   -inf  -nan  14  15  29  13 298.21
   18   2018 09 26 11:54:58.615    42898.615  0.1821 31.0905 110.2705   4.00   -inf  -nan   3   3   6   2 248.88
   19   2018 09 26 12:25:23.771    44723.771  0.3502 30.8905 110.8005  10.00   -inf  -nan  12  13  25  12  75.65
   20   2018 09 26 12:37:23.305    45443.305  0.2367 31.0705 110.2005   8.00   -inf  -nan   8   6  14   5 116.96
   21   2018 09 26 13:30:06.017    48606.017  0.2987 30.9105 110.7805   8.00   -inf  -nan   6   6  12   6 122.91
   22   2018 09 26 13:35:42.438    48942.438  0.3434 30.8905 110.8005  10.00   -inf  -nan  12  13  25  12  75.65
   23   2018 09 26 13:40:07.206    49207.206  0.1351 30.8505 111.1305   8.00   -inf  -nan   6   2   8   2 210.75
   24   2018 09 26 13:59:17.492    50357.492  0.1234 30.8705 111.0205   4.00   -inf  -nan   4   2   6   2 151.75
   25   2018 09 26 14:31:44.754    52304.754  0.3162 30.9105 110.7805   8.00   -inf  -nan   9  11  20   9  75.13
   26   2018 09 26 14:57:20.558    53840.558  0.1579 31.1405 110.3005   0.00   -inf  -nan   4   2   6   2 175.85
   27   2018 09 26 15:20:56.195    55256.195  0.0975 30.8605 111.0905   6.00   -inf  -nan   5   3   8   3 128.67
   28   2018 09 26 16:14:35.449    58475.449  0.1652 30.8905 111.1605  10.00   -inf  -nan   3   2   5   2 195.54
   29   2018 09 26 17:09:00.027    61740.027  0.1384 30.8905 110.1505   0.00   -inf  -nan   3   2   5   2 307.54
   30   2018 09 26 17:19:34.979    62374.979  0.2075 31.0905 110.1905   2.00   -inf  -nan   3   3   6   3 196.28
   31   2018 09 26 18:16:29.155    65789.155  0.4870 31.1405 110.3405   0.00   -inf  -nan   3   4   7   2 220.77
   32   2018 09 26 21:39:45.649    77985.649  0.3035 30.8305 111.1005  10.00   -inf  -nan   4   2   6   2 242.01
   33   2018 09 26 22:23:55.828    80635.828  0.0929 30.8505 111.0905   8.00   -inf  -nan   3   3   6   3 170.85
   34   2018 09 26 23:15:00.579    83700.579  0.3121 30.8605 111.1305   2.00   -inf  -nan  18  11  29  10 204.21
    1   2018 09 27 01:45:29.163     6329.163  0.2907 30.8905 111.0905   4.00   -inf  -nan   4   4   8   4 157.71
    2   2018 09 27 01:51:32.481     6692.481  0.3973 30.8505 111.1305   6.00   -inf  -nan   4   3   7   3 210.75
    3   2018 09 27 02:04:47.084     7487.084  0.2702 30.8905 111.4005   6.00   -inf  -nan   9   5  14   5 318.79
    4   2018 09 27 02:10:10.537     7810.537  0.2456 30.8105 111.2805   0.00   -inf  -nan   6   4  10   3 287.89
    5   2018 09 27 02:12:57.105     7977.105  0.3705 31.1205 110.0405   6.00   -inf  -nan  13   6  19   5 185.39
    6   2018 09 27 03:03:33.284    11013.284  0.3376 30.8205 110.5805   0.00   -inf  -nan   5   7  12   5 209.65
    7   2018 09 27 03:07:34.543    11254.543  0.2839 31.3405 110.8305   0.00   -inf  -nan  10   2  12   2 279.44
    8   2018 09 27 03:30:18.020    12618.020  0.2135 30.8905 111.1605   8.00   -inf  -nan   5   4   9   4 195.54
    9   2018 09 27 04:31:26.369    16286.369  0.1427 31.0605 109.7005   2.00   -inf  -nan   4   2   6   2 288.56
   10   2018 09 27 04:35:29.101    16529.101  0.3753 31.2605 110.0105  14.00   -inf  -nan   9   3  12   3 274.87
   11   2018 09 27 04:35:39.060    16539.060  0.4349 30.9605 110.7405  12.00   -inf  -nan   9   9  18   7 102.87
   12   2018 09 27 04:43:42.655    17022.655  0.2123 30.8505 111.1305   4.00   -inf  -nan  12   8  20   8 210.25
   13   2018 09 27 04:44:38.727    17078.727  0.4202 30.7805 110.4405   0.00   -inf  -nan   7  10  17   4 195.48
   14   2018 09 27 04:54:49.805    17689.805  0.4020 31.1705 110.3405   0.00   -inf  -nan  12   7  19   6 176.04
   15   2018 09 27 06:32:34.204    23554.204  0.3717 31.1405 110.3605   8.00   -inf  -nan  12   8  20   6 145.48
   16   2018 09 27 06:34:07.915    23647.915  0.1990 30.8505 111.0905   4.00   -inf  -nan   4   4   8   4 170.85
   17   2018 09 27 06:55:13.783    24913.783  0.2209 31.0005 109.9705   8.00   -inf  -nan   3   2   5   2 322.44
   18   2018 09 27 08:11:34.660    29494.660  0.4953 30.9805 110.4005   0.00   -inf  -nan   7   5  12   2  82.74
   19   2018 09 27 08:13:13.713    29593.713  0.1450 31.1605 110.0005   4.00   -inf  -nan   5   2   7   2 161.03
   20   2018 09 27 08:17:57.405    29877.405  0.3796 30.8105 111.2405   0.00   -inf  -nan   6   7  13   6 279.73
   21   2018 09 27 08:42:05.296    31325.296  0.2458 30.9705 110.6005   8.00   -inf  -nan  12   9  21   7  84.53
   22   2018 09 27 09:19:50.449    33590.449  0.2735 31.1005 110.4405   0.00   -inf  -nan   3   2   5   2 280.84
   23   2018 09 27 09:32:53.217    34373.217  0.3427 30.9705 111.2805   6.00   -inf  -nan   5   2   7   1 310.32
   24   2018 09 27 10:18:14.618    37094.618  0.3156 30.7905 111.0205   4.00   -inf  -nan  10   2  12   1 203.52
   25   2018 09 27 10:21:29.758    37289.758  0.3200 30.8905 111.0005   6.00   -inf  -nan   5   3   8   2  91.53
   26   2018 09 27 12:02:50.329    43370.329  0.1238 30.8905 111.1605   8.00   -inf  -nan   3   2   5   2 195.54
   27   2018 09 27 13:24:07.417    48247.417  0.2278 31.1305 110.3005   0.00   -inf  -nan   5   3   8   3 165.46
   28   2018 09 27 14:05:25.519    50725.519  0.1070 30.8205 110.6405   4.00   -inf  -nan   4   4   8   4 219.06
   29   2018 09 27 15:47:32.290    56852.290  0.1825 31.1705 110.3405   0.00   -inf  -nan   3   2   5   2 281.77
   30   2018 09 27 16:28:03.019    59283.019  0.1812 30.8905 111.1305   6.00   -inf  -nan   6   4  10   4 164.15
   31   2018 09 27 18:34:21.188    66861.188  0.1791 31.1705 110.5105   0.00   -inf  -nan   7   2   9   2 243.89
   32   2018 09 27 22:20:18.279    80418.279  0.2858 30.8905 111.0005   8.00   -inf  -nan   4   2   6   1 180.44
    1   2018 09 28 00:10:59.133      659.133  0.1575 30.8505 111.1305   6.00   -inf  -nan  14   4  18   4 210.25
    2   2018 09 28 00:36:08.361     2168.361  0.3434 31.0005 110.8205   0.00   -inf  -nan  11  12  23  10  74.69
    3   2018 09 28 01:36:40.067     5800.067  0.1272 30.8505 111.0905   4.00   -inf  -nan   3   2   5   2 170.85
    4   2018 09 28 01:37:10.875     5830.875  0.2122 30.8505 111.0905   6.00   -inf  -nan   4   4   8   4 170.85
    5   2018 09 28 02:19:58.059     8398.059  0.1986 30.7705 111.0905   0.00   -inf  -nan   6   3   9   3 243.22
    6   2018 09 28 02:44:08.416     9848.416  0.2470 30.6905 111.2505   0.00   -inf  -nan   4   2   6   1 298.16
    7   2018 09 28 03:16:30.085    11790.085  0.3307 31.1205 110.0405   8.00   -inf  -nan  14   7  21   6 185.39
    8   2018 09 28 03:29:53.958    12593.958  0.2691 30.8805 110.1305   4.00   -inf  -nan   3   2   5   1 201.55
    9   2018 09 28 03:40:17.373    13217.373  0.2974 30.8705 110.9005   2.00   -inf  -nan  16   9  25   9  67.10
   10   2018 09 28 04:00:09.187    14409.187  0.1838 30.8905 111.1305   4.00   -inf  -nan   6   2   8   2 164.15
   11   2018 09 28 04:04:43.382    14683.382  0.2873 31.0205 109.7805   8.00   -inf  -nan   6   4  10   2 267.00
   12   2018 09 28 04:11:05.482    15065.482  0.2046 31.0805 109.8105  14.00   -inf  -nan   7   3  10   3 296.31
   13   2018 09 28 04:32:39.479    16359.479  0.3013 30.7705 111.0505   0.00   -inf  -nan   4   3   7   3 251.97
   14   2018 09 28 04:37:42.427    16662.427  0.4158 30.9705 110.3705   4.00   -inf  -nan  12   6  18   6  88.31
   15   2018 09 28 04:42:54.053    16974.053  0.3000 31.0205 109.8205   2.00   -inf  -nan  13   4  17   4 250.36
   16   2018 09 28 07:02:25.870    25345.870  0.3661 30.9505 110.6005   0.00   -inf  -nan  15   8  23   7 101.32
   17   2018 09 28 07:17:49.014    26269.014  0.3568 30.8905 110.8405   4.00   -inf  -nan   3   2   5   1 192.17
   18   2018 09 28 07:50:59.129    28259.129  0.1486 31.1605 109.7605   0.00   -inf  -nan   3   2   5   2 283.92
   19   2018 09 28 08:38:08.568    31088.568  0.2407 30.8505 111.1305   4.00   -inf  -nan   9   6  15   4 210.25
   20   2018 09 28 08:39:17.441    31157.441  0.3264 30.9805 110.4805   0.00   -inf  -nan   8   6  14   6 101.11
   21   2018 09 28 08:49:29.946    31769.946  0.1846 30.7405 110.8505   8.00   -inf  -nan   6   5  11   5 190.10
   22   2018 09 28 09:03:10.882    32590.882  0.1670 31.2805 110.0805   4.00   -inf  -nan   3   3   6   3 257.92
   23   2018 09 28 09:26:35.262    33995.262  0.2551 30.8505 111.2405   6.00   -inf  -nan   8   4  12   4 278.91
   24   2018 09 28 09:49:19.812    35359.812  0.4178 31.1205 109.7705   0.00   -inf  -nan   4   4   8   4 307.79
   25   2018 09 28 09:49:39.733    35379.733  0.0953 30.7805 110.9705  14.00   -inf  -nan   3   2   5   2 213.13
   26   2018 09 28 09:59:16.768    35956.768  0.3988 30.9605 110.0105   6.00   -inf  -nan   7   5  12   5 131.10
   27   2018 09 28 10:08:08.130    36488.130  0.2920 30.9605 110.0005  10.00   -inf  -nan   7   5  12   5 129.51
   28   2018 09 28 10:25:30.880    37530.880  0.2949 31.1005 109.8505  16.00   -inf  -nan   7   4  11   4 288.96
   29   2018 09 28 10:29:08.599    37748.599  0.2498 31.1005 109.8905  16.00   -inf  -nan   9   4  13   4 276.52
   30   2018 09 28 19:36:51.571    70611.571  0.1221 30.8905 111.0805   6.00   -inf  -nan   4   2   6   2 159.48
   31   2018 09 28 20:38:37.269    74317.269  0.1014 31.2005 109.7605   2.00   -inf  -nan   3   2   5   2 336.67
   32   2018 09 28 20:51:18.330    75078.330  0.1543 30.8605 111.1505   0.00   -inf  -nan   4   3   7   2 215.44
   33   2018 09 28 22:35:05.495    81305.495  0.4337 31.0305 110.4405  10.00   -inf  -nan   6   7  13   6 149.14
   34   2018 09 28 22:59:30.184    82770.184  0.1517 30.8105 111.1305   2.00   -inf  -nan   3   3   6   3 233.30
   35   2018 09 28 23:00:00.493    82800.493  0.3037 30.7705 111.0005  16.00   -inf  -nan   4   3   7   1 238.15
   36   2018 09 28 23:14:15.532    83655.532  0.1471 30.8505 111.1305   4.00   -inf  -nan  10   6  16   5 210.25
    1   2018 09 29 00:46:24.050     2784.050  0.2588 30.9805 110.8205   8.00   -inf  -nan   5   5  10   5 144.98
    2   2018 09 29 01:12:52.541     4372.541  0.3882 31.1205 110.0005  14.00   -inf  -nan  10   6  16   6 215.71
    3   2018 09 29 02:50:17.818    10217.818  0.1673 30.7305 111.1305   2.00   -inf  -nan   3   3   6   3 302.22
    4   2018 09 29 04:06:47.836    14807.836  0.2841 30.9305 110.9605   4.00   -inf  -nan  13  10  23  10 165.65
    5   2018 09 29 04:09:13.514    14953.514  0.3463 31.2505 110.3905   6.00   -inf  -nan   8   3  11   3 262.97
    6   2018 09 29 05:27:28.054    19648.054  0.3004 30.9105 110.7405   0.00   -inf  -nan  15   8  23   8  82.95
    7   2018 09 29 06:01:29.994    21689.994  0.3593 30.7805 110.3005   0.00   -inf  -nan   7   6  13   4 188.34
    8   2018 09 29 06:49:34.699    24574.699  0.2212 30.7805 110.9305   2.00   -inf  -nan   8   3  11   3 157.56
    9   2018 09 29 07:54:01.999    28441.999  0.3733 31.1805 110.0505   8.00   -inf  -nan  12  10  22   9 229.21
   10   2018 09 29 09:36:31.048    34591.048  0.0973 30.8505 111.1305   6.00   -inf  -nan   5   5  10   5 210.75
   11   2018 09 29 11:34:57.149    41697.149  0.3560 31.0205 110.8205   0.00   -inf  -nan   7   5  12   5 141.28
   12   2018 09 29 12:48:51.666    46131.666  0.2192 31.1805 110.1305  12.00   -inf  -nan   3   2   5   2 140.16
   13   2018 09 29 13:13:00.505    47580.505  0.2903 31.0505 110.4305   6.00   -inf  -nan   6   6  12   5 110.61
   14   2018 09 29 13:49:16.789    49756.789  0.1203 30.8905 110.9605   2.00   -inf  -nan   3   2   5   1 108.40
   15   2018 09 29 17:23:25.525    62605.525  0.2098 30.8605 111.1305   8.00   -inf  -nan   5   5  10   5 204.21
   16   2018 09 29 19:25:23.371    69923.371  0.1285 30.8505 111.0905   8.00   -inf  -nan   4   4   8   3 170.85
   17   2018 09 29 22:33:59.121    81239.121  0.3862 30.8505 111.1605  10.00   -inf  -nan   5   2   7   2 227.22
    1   2018 09 30 01:10:02.613     4202.613  0.2360 30.8505 111.1305   6.00   -inf  -nan  10   6  16   6 210.25
    2   2018 09 30 01:52:02.918     6722.918  0.4602 30.8505 111.2805  10.00   -inf  -nan   5   3   8   3 297.94
    3   2018 09 30 02:19:54.844     8394.844  0.2139 30.9005 111.3505  16.00   -inf  -nan   3   3   6   3 322.56
    4   2018 09 30 02:47:12.618    10032.618  0.2627 30.8505 111.1305   8.00   -inf  -nan   8   3  11   3 210.75
    5   2018 09 30 03:03:55.188    11035.188  0.3035 31.1205 110.0405  10.00   -inf  -nan  13   7  20   6 185.39
    6   2018 09 30 03:38:04.693    13084.693  0.2951 31.0205 109.7005  14.00   -inf  -nan   4   4   8   3 290.14
    7   2018 09 30 03:59:06.409    14346.409  0.3877 30.9005 110.7205   6.00   -inf  -nan  12   9  21   8  94.62
    8   2018 09 30 04:17:24.453    15444.453  0.4372 31.0305 110.4805   0.00   -inf  -nan   9   5  14   5 153.71
    9   2018 09 30 04:56:52.455    17812.455  0.3219 30.9705 110.8005   0.00   -inf  -nan  13   9  22   8  62.76
   10   2018 09 30 06:10:57.929    22257.929  0.2487 31.2105 110.3405   0.00   -inf  -nan   8   2  10   1 235.59
   11   2018 09 30 08:05:05.395    29105.395  0.2159 31.0605 109.9005   0.00   -inf  -nan   3   2   5   2 211.41
   12   2018 09 30 08:13:26.280    29606.280  0.3173 30.8905 110.9205  12.00   -inf  -nan   4   4   8   4 158.25
   13   2018 09 30 08:24:52.043    30292.043  0.2905 30.8005 110.2105   0.00   -inf  -nan   3   4   7   3 278.44
   14   2018 09 30 08:31:31.781    30691.781  0.4509 31.0605 109.8605   2.00   -inf  -nan   3   2   5   2 232.70
   15   2018 09 30 08:57:30.456    32250.456  0.3413 30.9805 110.4005   0.00   -inf  -nan  10   6  16   4  82.74
   16   2018 09 30 09:05:07.541    32707.541  0.2102 30.8505 111.0905   4.00   -inf  -nan   4   3   7   3 170.85
   17   2018 09 30 09:16:50.549    33410.549  0.3426 30.9705 111.2105   0.00   -inf  -nan   4   2   6   2 260.90
   18   2018 09 30 10:11:13.639    36673.639  0.2597 31.2405 109.8805   8.00   -inf  -nan   9   5  14   3 312.01
   19   2018 09 30 10:59:48.462    39588.462  0.2556 30.7405 111.2105   6.00   -inf  -nan   8   3  11   3 268.33
   20   2018 09 30 14:14:50.413    51290.413  0.3208 30.8105 111.0005   4.00   -inf  -nan   3   3   6   1 241.50
   21   2018 09 30 14:43:02.274    52982.274  0.1862 30.8505 111.1305   8.00   -inf  -nan   4   2   6   2 210.75
   22   2018 09 30 15:46:08.852    56768.852  0.2457 30.9805 110.5005   0.00   -inf  -nan   5   6  11   4 149.19
   23   2018 09 30 19:28:12.926    70092.926  0.3109 31.1705 110.3005   2.00   -inf  -nan   4   2   6   2 204.22
   24   2018 09 30 20:01:07.082    72067.082  0.4604 31.0905 110.3805  14.00   -inf  -nan   6   5  11   4  90.83
   25   2018 09 30 20:14:24.602    72864.602  0.0928 30.8605 111.0905   8.00   -inf  -nan   5   4   9   4 128.67
   26   2018 09 30 23:22:07.751    84127.751  0.1253 30.8505 111.1305   6.00   -inf  -nan   9   6  15   6 210.25
    1   2018 10 01 02:59:54.185    10794.185  0.3359 30.9805 110.4805   0.00   -inf  -nan   3   4   7   3 145.10
    2   2018 10 01 03:18:28.455    11908.455  0.4739 30.8905 111.0005   0.00   -inf  -nan   3   2   5   2 216.34
    3   2018 10 01 03:49:45.899    13785.899  0.4990 31.0205 109.7805   8.00   -inf  -nan   9   5  14   4 267.00
    4   2018 10 01 03:51:59.422    13919.422  0.2430 31.0205 109.7405  10.00   -inf  -nan   8   4  12   3 279.99
    5   2018 10 01 04:15:47.035    15347.035  0.4299 31.0205 109.8205   2.00   -inf  -nan   6   4  10   2 250.36
    6   2018 10 01 04:42:04.340    16924.340  0.4283 31.0205 110.4405   0.00   -inf  -nan   3   5   8   3 126.44
    7   2018 10 01 04:54:55.791    17695.791  0.2318 30.9305 111.2805   4.00   -inf  -nan   3   3   6   3 309.47
    8   2018 10 01 06:54:18.319    24858.319  0.2066 30.8905 111.1305   4.00   -inf  -nan   4   2   6   2 164.15
    9   2018 10 01 10:05:14.320    36314.320  0.2142 30.8505 111.1305   4.00   -inf  -nan  11   6  17   6 210.25
   10   2018 10 01 10:41:45.752    38505.752  0.3191 31.1305 109.9805   8.00   -inf  -nan  13   9  22   8 283.40
   11   2018 10 01 14:03:43.896    50623.896  0.3448 31.1805 110.5405   0.00   -inf  -nan   4   2   6   2 211.86
   12   2018 10 01 15:07:31.844    54451.844  0.1899 31.1405 110.2905   0.00   -inf  -nan   6   2   8   2 138.84
   13   2018 10 01 15:46:57.289    56817.289  0.2201 31.1205 110.0405  14.00   -inf  -nan   3   2   5   2 222.91
   14   2018 10 01 16:01:27.352    57687.352  0.1920 30.7805 110.7705  10.00   -inf  -nan   7   6  13   6 110.23
   15   2018 10 01 16:19:26.897    58766.897  0.3370 30.8905 111.2805   4.00   -inf  -nan   9   8  17   8 309.16
   16   2018 10 01 17:14:10.760    62050.760  0.4366 30.9405 110.7805  12.00   -inf  -nan   4   5   9   3 150.27
   17   2018 10 01 18:44:27.828    67467.828  0.2294 31.0805 110.2005   2.00   -inf  -nan   3   3   6   2 195.54
    1   2018 10 02 01:05:15.695     3915.695  0.1830 30.8505 111.1305   6.00   -inf  -nan  12   9  21   9 210.25
    2   2018 10 02 03:41:32.315    13292.315  0.3875 31.0205 109.8205   0.00   -inf  -nan   8   5  13   4 250.36
    3   2018 10 02 03:51:56.947    13916.947  0.4315 31.0805 109.8905  10.00   -inf  -nan   8   7  15   6 274.51
    4   2018 10 02 03:55:35.047    14135.047  0.4922 31.0805 109.9605  14.00   -inf  -nan   9   4  13   4 244.18
    5   2018 10 02 05:08:30.167    18510.167  0.3807 31.2005 109.8805   2.00   -inf  -nan   3   3   6   2 269.34
    6   2018 10 02 06:26:29.150    23189.150  0.3402 31.0105 110.1505  10.00   -inf  -nan  15  13  28  11  82.78
    7   2018 10 02 08:21:31.704    30091.704  0.2665 31.1205 110.0405  10.00   -inf  -nan  14   7  21   7 185.39
    8   2018 10 02 08:29:33.833    30573.833  0.2970 31.0305 110.6005   2.00   -inf  -nan   3   3   6   2 121.46
    9   2018 10 02 09:03:14.206    32594.206  0.1816 30.8505 111.1305   6.00   -inf  -nan  11   8  19   8 210.25
   10   2018 10 02 10:25:29.903    37529.903  0.3880 30.9405 110.1005   0.00   -inf  -nan   5   2   7   2 148.80
   11   2018 10 02 15:05:02.938    54302.938  0.0987 30.9805 110.7405  12.00   -inf  -nan   4   4   8   4 174.76
   12   2018 10 02 15:07:29.315    54449.315  0.1245 30.9305 111.2405   2.00   -inf  -nan   5   2   7   2 303.31
   13   2018 10 02 15:09:38.962    54578.962  0.3600 30.9305 110.7605  10.00   -inf  -nan   8   9  17   7  78.63
   14   2018 10 02 15:41:37.360    56497.360  0.2570 30.8905 111.1605   0.00   -inf  -nan   5   3   8   2 195.54
   15   2018 10 02 16:31:38.040    59498.040  0.4882 30.9405 110.4605  12.00   -inf  -nan  12  13  25  11  84.04
   16   2018 10 02 17:50:08.969    64208.969  0.2158 31.0205 110.7405  10.00   -inf  -nan   8  10  18   8 139.53
   17   2018 10 02 18:20:24.119    66024.119  0.2366 31.1305 110.2705   8.00   -inf  -nan   5   2   7   1 146.61
   18   2018 10 02 21:19:53.243    76793.243  0.3303 30.9405 110.7405  10.00   -inf  -nan  17  17  34  17  64.82
   19   2018 10 02 22:20:44.384    80444.384  0.1951 30.9405 110.8205   0.00   -inf  -nan   3   3   6   3 147.98
   20   2018 10 02 22:59:07.479    82747.479  0.1521 30.8105 111.1305   2.00   -inf  -nan   3   3   6   3 233.30
   21   2018 10 02 23:27:24.457    84444.457  0.2159 30.8505 111.1305   4.00   -inf  -nan  10   8  18   7 210.25
    1   2018 10 03 01:14:53.756     4493.756  0.4073 30.8905 111.1605   0.00   -inf  -nan   3   3   6   2 195.54
    2   2018 10 03 02:37:27.628     9447.628  0.1548 30.9305 111.2805   4.00   -inf  -nan   3   3   6   3 309.47
    3   2018 10 03 06:45:25.040    24325.040  0.2033 30.8505 111.1305   6.00   -inf  -nan   9   7  16   7 210.75
    4   2018 10 03 07:01:18.553    25278.553  0.3624 31.1205 109.7705   0.00   -inf  -nan   8   6  14   5 307.79
    5   2018 10 03 07:07:11.754    25631.754  0.3349 31.0605 110.4405   6.00   -inf  -nan   3   6   9   3 154.06
    6   2018 10 03 08:20:09.980    30009.980  0.3331 31.0605 109.8205   2.00   -inf  -nan   3   2   5   1 251.04
    7   2018 10 03 08:24:06.080    30246.080  0.1667 30.9405 110.0205   2.00   -inf  -nan   3   2   5   2 152.46
    8   2018 10 03 08:25:36.061    30336.061  0.1859 31.0205 109.8605   4.00   -inf  -nan   3   2   5   2 229.57
    9   2018 10 03 09:23:21.284    33801.284  0.2259 31.1005 109.8505   0.00   -inf  -nan   3   2   5   2 313.42
   10   2018 10 03 09:54:56.075    35696.075  0.3110 31.0605 109.9805   2.00   -inf  -nan   6   4  10   3 163.51
   11   2018 10 03 10:04:29.950    36269.950  0.4661 31.0805 109.9605  10.00   -inf  -nan  13  10  23   8 179.79
   12   2018 10 03 10:28:28.256    37708.256  0.3296 31.1205 109.7705  14.00   -inf  -nan   4   4   8   4 307.79
   13   2018 10 03 10:30:58.267    37858.267  0.4455 31.0805 109.8005   4.00   -inf  -nan   5   3   8   3 260.58
   14   2018 10 03 11:48:01.453    42481.453  0.1542 30.8905 111.1305   4.00   -inf  -nan   7   2   9   2 164.15
   15   2018 10 03 14:08:37.942    50917.942  0.2522 30.9705 110.2705   8.00   -inf  -nan   3   3   6   3 152.00
   16   2018 10 03 14:51:08.265    53468.265  0.2807 30.9605 110.2505  12.00   -inf  -nan   6   6  12   6 125.70
   17   2018 10 03 14:56:12.146    53772.146  0.3424 31.1805 110.4505   0.00   -inf  -nan   7   8  15   6 206.30
   18   2018 10 03 16:40:51.508    60051.508  0.1621 31.1605 109.8405   0.00   -inf  -nan   3   2   5   2 325.62
   19   2018 10 03 16:48:47.383    60527.383  0.3763 31.1705 110.4305   8.00   -inf  -nan  20  14  34  14 167.51
   20   2018 10 03 17:24:32.920    62672.920  0.2649 31.1705 110.3405   6.00   -inf  -nan   9   5  14   4 176.84
   21   2018 10 03 18:30:17.446    66617.446  0.1468 31.1705 110.3405   0.00   -inf  -nan   4   2   6   2 281.77
   22   2018 10 03 18:34:54.438    66894.438  0.4182 31.1805 110.5405   0.00   -inf  -nan   3   2   5   2 255.59
   23   2018 10 03 19:36:15.452    70575.452  0.3006 31.1405 110.3405   0.00   -inf  -nan   7   2   9   2 161.88
   24   2018 10 03 20:34:38.452    74078.452  0.2475 31.0605 110.4405   0.00   -inf  -nan   4   5   9   4 170.49
   25   2018 10 03 23:28:47.943    84527.943  0.2867 31.0605 110.2005   4.00   -inf  -nan   5   4   9   4 172.35
    1   2018 10 04 00:53:39.815     3219.815  0.2518 30.9305 111.2505   4.00   -inf  -nan   3   3   6   3 303.28
    2   2018 10 04 01:10:49.827     4249.827  0.1629 30.8505 111.1305   4.00   -inf  -nan   9   5  14   5 210.25
    3   2018 10 04 03:54:00.224    14040.224  0.4063 30.9805 110.4005   0.00   -inf  -nan  15   7  22   6  82.74
    4   2018 10 04 07:57:12.818    28632.818  0.1481 30.8505 111.1305   6.00   -inf  -nan  10   8  18   7 210.25
    5   2018 10 04 11:49:49.792    42589.792  0.2594 30.9805 110.8205   2.00   -inf  -nan  10  10  20  10 115.72
    6   2018 10 04 14:37:04.517    52624.517  0.2599 31.1805 110.1305   8.00   -inf  -nan   3   2   5   2 140.16
    7   2018 10 04 15:30:28.040    55828.040  0.2069 31.1705 110.3405   0.00   -inf  -nan   3   2   5   2 281.77
    8   2018 10 04 16:00:27.948    57627.948  0.1529 30.9305 111.2805   2.00   -inf  -nan   3   2   5   2 309.47
    9   2018 10 04 18:25:14.251    66314.251  0.4365 31.1705 110.5505   4.00   -inf  -nan   9   2  11   2 173.59
   10   2018 10 04 18:29:12.473    66552.473  0.2685 31.1705 110.3305   6.00   -inf  -nan   8   2  10   2 174.38
   11   2018 10 04 21:56:02.283    78962.283  0.4481 30.8505 111.2105  12.00   -inf  -nan   4   2   6   2 260.19
   12   2018 10 04 23:21:03.546    84063.546  0.1403 30.8505 111.1305   6.00   -inf  -nan  12   7  19   6 210.25
    1   2018 10 05 04:40:21.778    16821.778  0.3001 31.2905 110.0305  10.00   -inf  -nan   3   2   5   2 278.47
    2   2018 10 05 05:41:46.338    20506.338  0.3501 30.8105 111.1705   6.00   -inf  -nan  13   8  21   8 242.73
    3   2018 10 05 06:49:54.523    24594.523  0.2653 31.3605 110.0005  12.00   -inf  -nan   4   2   6   2 297.43
    4   2018 10 05 08:59:21.556    32361.556  0.1768 30.8605 109.7405  18.00   -inf  -nan   3   2   5   2 319.40
    5   2018 10 05 09:13:45.475    33225.475  0.3305 31.1205 110.0405   8.00   -inf  -nan  15   8  23   7 185.39
    6   2018 10 05 09:59:25.195    35965.195  0.2925 31.0305 110.5605   6.00   -inf  -nan   5   6  11   5 116.85
    7   2018 10 05 11:50:58.258    42658.258  0.3173 30.8605 110.4805   0.00   -inf  -nan  12  11  23   8 158.49
    8   2018 10 05 11:51:53.476    42713.476  0.3525 31.0305 110.5605   6.00   -inf  -nan   6   6  12   6 109.29
    9   2018 10 05 12:12:41.616    43961.616  0.2215 31.0105 110.5505   0.00   -inf  -nan   6   5  11   4 105.11
   10   2018 10 05 14:46:50.602    53210.602  0.2571 31.1705 110.1505  10.00   -inf  -nan   3   3   6   3 132.37
   11   2018 10 05 18:49:47.568    67787.568  0.1621 31.1705 110.3905   2.00   -inf  -nan   4   2   6   2 289.45
   12   2018 10 05 19:00:32.190    68432.190  0.4037 31.0605 110.4605   0.00   -inf  -nan  14  16  30  12 115.11
   13   2018 10 05 23:20:32.789    84032.789  0.2417 30.8505 111.1305   4.00   -inf  -nan  11   7  18   7 210.75
   14   2018 10 05 23:33:36.845    84816.845  0.1610 30.9405 110.9005   6.00   -inf  -nan   3   2   5   2 204.08
    1   2018 10 06 03:43:24.742    13404.742  0.2440 30.8405 110.2505   0.00   -inf  -nan   3   2   5   1 285.87
    2   2018 10 06 04:15:22.159    15322.159  0.1382 31.2005 109.8405  12.00   -inf  -nan   5   3   8   3 311.82
    3   2018 10 06 07:55:57.403    28557.403  0.3823 31.0805 109.9205  18.00   -inf  -nan   7   7  14   5 204.22
    4   2018 10 06 07:57:42.325    28662.325  0.2504 30.7805 110.7705  12.00   -inf  -nan  14  15  29  13 110.23
    5   2018 10 06 10:40:49.362    38449.362  0.4251 31.1805 110.3405   0.00   -inf  -nan   4   3   7   3 256.88
    6   2018 10 06 12:19:42.159    44382.159  0.4022 31.1705 110.3405   0.00   -inf  -nan   4   3   7   2 270.76
    7   2018 10 06 13:51:17.343    49877.343  0.3131 30.9405 110.7805  10.00   -inf  -nan   3   4   7   3 165.87
    8   2018 10 06 14:31:07.353    52267.353  0.3622 30.9305 110.8005   8.00   -inf  -nan  10  10  20  10  91.38
    9   2018 10 06 16:04:55.372    57895.372  0.3394 30.7705 110.7605   8.00   -inf  -nan  19  19  38  18 109.98
   10   2018 10 06 18:44:47.820    67487.820  0.1436 31.2205 110.2505  12.00   -inf  -nan   4   3   7   2 219.96
   11   2018 10 06 19:48:24.252    71304.252  0.3767 31.1805 110.3305   0.00   -inf  -nan   7   4  11   4 181.29
   12   2018 10 06 23:30:58.985    84658.985  0.1092 31.1705 110.3905   0.00   -inf  -nan   3   2   5   2 246.33
    1   2018 10 07 00:59:46.284     3586.284  0.1559 30.7705 110.7605  10.00   -inf  -nan   3   3   6   3 186.92
    2   2018 10 07 01:30:11.717     5411.717  0.2803 30.7905 110.7805  10.00   -inf  -nan   8  11  19   8 108.79
    3   2018 10 07 01:34:53.779     5693.779  0.2670 30.7705 110.7605  12.00   -inf  -nan   4   6  10   3 109.98
    4   2018 10 07 01:37:55.468     5875.468  0.2083 30.7805 110.7705  10.00   -inf  -nan   4   6  10   4 116.19
    5   2018 10 07 03:09:25.406    11365.406  0.3223 31.1605 109.8005   4.00   -inf  -nan   3   3   6   3 330.33
    6   2018 10 07 03:49:49.629    13789.629  0.3467 31.0305 110.4405   8.00   -inf  -nan   6   9  15   6  92.86
    7   2018 10 07 05:09:25.774    18565.774  0.3309 31.0605 110.4405   8.00   -inf  -nan   4   7  11   3 170.49
    8   2018 10 07 07:20:04.107    26404.107  0.2068 31.1705 110.0605  10.00   -inf  -nan   6   2   8   2 158.91
    9   2018 10 07 07:22:12.252    26532.252  0.3411 31.0505 110.4605   6.00   -inf  -nan  20  16  36  14 109.45
   10   2018 10 07 07:49:31.888    28171.888  0.2356 31.0105 110.7505   4.00   -inf  -nan   3   2   5   1 161.98
   11   2018 10 07 08:37:40.138    31060.138  0.1199 31.1605 110.0805   6.00   -inf  -nan   3   2   5   2 169.00
   12   2018 10 07 08:52:46.089    31966.089  0.2893 31.0605 110.4005  10.00   -inf  -nan   3   3   6   2 259.19
   13   2018 10 07 09:55:08.969    35708.969  0.3993 31.0205 109.7805   0.00   -inf  -nan   5   2   7   2 267.00
   14   2018 10 07 11:43:50.310    42230.310  0.2119 31.1605 110.3605   2.00   -inf  -nan   7   2   9   2 192.54
   15   2018 10 07 14:30:17.872    52217.872  0.3799 31.0205 110.4805   0.00   -inf  -nan   5   4   9   3 135.90
   16   2018 10 07 15:02:52.447    54172.447  0.3191 31.1705 110.3405   6.00   -inf  -nan   9   6  15   5 185.31
   17   2018 10 07 19:45:37.089    71137.089  0.1469 31.1805 110.2505  12.00   -inf  -nan   3   3   6   3 229.08
   18   2018 10 07 20:16:04.976    72964.976  0.1487 31.1805 110.1305  12.00   -inf  -nan   3   2   5   2 140.16
   19   2018 10 07 21:08:45.686    76125.686  0.1556 31.1605 110.1205   2.00   -inf  -nan   3   2   5   2 151.27
   20   2018 10 07 23:11:44.979    83504.979  0.2182 30.8505 111.1305   4.00   -inf  -nan  10   8  18   7 210.25
    1   2018 10 08 00:55:02.226     3302.226  0.2715 30.8105 111.1705   4.00   -inf  -nan  11   7  18   7 242.73
    2   2018 10 08 01:06:16.144     3976.144  0.0985 31.1605 110.0805  12.00   -inf  -nan   3   2   5   2 169.00
    3   2018 10 08 01:14:43.408     4483.408  0.3226 31.0505 110.4505   6.00   -inf  -nan  16  16  32  12 106.33
    4   2018 10 08 02:03:50.610     7430.610  0.2878 30.7705 111.0905   0.00   -inf  -nan   7   9  16   7 227.94
    5   2018 10 08 02:33:57.037     9237.037  0.1121 30.8505 111.2405   8.00   -inf  -nan   3   2   5   2 293.47
    6   2018 10 08 03:02:23.215    10943.215  0.4170 30.7705 111.2805   2.00   -inf  -nan   7   5  12   4 295.26
    7   2018 10 08 03:06:43.061    11203.061  0.4164 31.2405 110.8205   0.00   -inf  -nan  13  10  23   9 226.04
    8   2018 10 08 03:20:47.297    12047.297  0.4730 31.1905 110.3605   4.00   -inf  -nan  12   6  18   3 172.13
    9   2018 10 08 04:35:25.105    16525.105  0.2108 30.8205 110.9705   0.00   -inf  -nan  11   3  14   3 146.73
   10   2018 10 08 05:20:21.867    19221.867  0.4327 30.9805 110.4005   0.00   -inf  -nan  10   7  17   7  82.74
   11   2018 10 08 05:25:06.680    19506.680  0.3078 31.1405 110.2905   0.00   -inf  -nan   5   3   8   3 160.60
   12   2018 10 08 06:02:27.998    21747.998  0.2205 30.7705 111.1705   0.00   -inf  -nan   3   3   6   1 301.82
   13   2018 10 08 06:08:50.595    22130.595  0.3642 30.7705 111.1705   0.00   -inf  -nan   7   6  13   2 251.57
   14   2018 10 08 07:01:08.749    25268.749  0.4219 31.2605 110.4905  10.00   -inf  -nan   3   5   8   3 251.67
   15   2018 10 08 07:17:34.602    26254.602  0.3464 31.1105 110.7005   2.00   -inf  -nan   3   2   5   1 232.79
   16   2018 10 08 07:35:11.473    27311.473  0.3327 30.9105 110.9005   0.00   -inf  -nan   7   4  11   4  87.52
   17   2018 10 08 07:51:51.104    28311.104  0.1238 30.8505 111.1305   6.00   -inf  -nan   9   5  14   5 210.25
   18   2018 10 08 08:01:28.629    28888.629  0.3559 31.0805 110.8205   8.00   -inf  -nan  17  17  34  15 124.12
   19   2018 10 08 08:12:24.988    29544.988  0.2322 30.9305 111.3605  14.00   -inf  -nan   6   3   9   3 320.89
   20   2018 10 08 08:20:32.092    30032.092  0.1943 31.1005 110.4005   2.00   -inf  -nan   3   2   5   2 274.71
   21   2018 10 08 08:29:27.453    30567.453  0.3655 30.9005 110.7205   0.00   -inf  -nan   7   8  15   6  94.62
   22   2018 10 08 09:03:06.321    32586.321  0.2082 30.8505 111.1305   6.00   -inf  -nan   9   6  15   6 210.25
   23   2018 10 08 09:55:41.172    35741.172  0.3357 30.8405 110.0505   0.00   -inf  -nan   3   3   6   2 310.24
   24   2018 10 08 10:36:09.404    38169.404  0.4023 31.1005 110.2605   0.00   -inf  -nan   7   7  14   6 140.14
   25   2018 10 08 12:08:52.881    43732.881  0.2582 30.9805 110.8205   0.00   -inf  -nan   4   3   7   2 141.74
   26   2018 10 08 12:09:37.258    43777.258  0.3867 31.0505 110.4205   8.00   -inf  -nan   9   8  17   8  98.57
   27   2018 10 08 12:45:51.191    45951.191  0.3169 31.0905 110.3805   4.00   -inf  -nan  10   9  19   8  79.29
   28   2018 10 08 13:47:41.466    49661.466  0.2418 31.0305 110.4005   4.00   -inf  -nan   8   7  15   7 182.36
   29   2018 10 08 18:22:29.264    66149.264  0.2144 31.1705 110.3405   0.00   -inf  -nan   3   2   5   1 281.77
   30   2018 10 08 20:01:31.255    72091.255  0.3141 31.1305 110.5505   2.00   -inf  -nan   4   2   6   2 218.17
   31   2018 10 08 21:05:12.428    75912.428  0.2101 31.0605 110.3605   6.00   -inf  -nan   3   3   6   3 235.35
   32   2018 10 08 21:25:21.760    77121.760  0.4468 31.0205 110.4405   6.00   -inf  -nan  17  17  34  15  87.12
   33   2018 10 08 22:16:21.857    80181.857  0.1164 31.1805 110.2505  12.00   -inf  -nan   3   2   5   2 229.08
   34   2018 10 08 23:13:47.544    83627.544  0.2079 30.8505 111.1305   4.00   -inf  -nan  13   8  21   8 210.25
    1   2018 10 09 01:40:46.065     6046.065  0.1454 31.1605 110.1205   6.00   -inf  -nan   3   2   5   2 151.27
    2   2018 10 09 03:04:25.675    11065.675  0.1776 30.8505 111.1305   6.00   -inf  -nan  10   2  12   2 210.25
    3   2018 10 09 03:43:53.331    13433.331  0.3187 31.1705 110.3805   0.00   -inf  -nan  14   7  21   6 174.23
    4   2018 10 09 04:36:04.143    16564.143  0.2619 31.2405 110.0405   8.00   -inf  -nan  13   5  18   5 236.74
    5   2018 10 09 06:22:58.139    22978.139  0.3094 30.7405 110.8505   8.00   -inf  -nan  10   8  18   7 190.10
    6   2018 10 09 07:01:29.067    25289.067  0.4412 30.9805 110.4005   2.00   -inf  -nan  12  11  23   8  82.74
    7   2018 10 09 07:02:48.426    25368.426  0.4637 31.1005 109.9405   8.00   -inf  -nan  12   7  19   6 232.93
    8   2018 10 09 07:09:59.798    25799.798  0.3473 31.1205 110.0505   4.00   -inf  -nan   5   3   8   1 178.49
    9   2018 10 09 07:18:13.585    26293.585  0.2512 30.7305 111.0905   8.00   -inf  -nan   3   2   5   2 289.82
   10   2018 10 09 07:49:24.545    28164.545  0.4438 30.8105 110.9205   6.00   -inf  -nan   7   4  11   4 162.22
   11   2018 10 09 08:47:50.284    31670.284  0.2992 31.1705 110.0505   8.00   -inf  -nan  11   6  17   5 300.66
   12   2018 10 09 09:07:59.433    32879.433  0.1878 30.8505 111.1305   6.00   -inf  -nan   6   7  13   6 210.25
   13   2018 10 09 09:21:19.518    33679.518  0.3627 31.2005 110.0005  10.00   -inf  -nan   8   3  11   2 223.19
   14   2018 10 09 09:27:34.526    34054.526  0.3294 31.1805 110.3405   2.00   -inf  -nan   9   4  13   3 189.37
   15   2018 10 09 09:28:17.122    34097.122  0.4493 30.9305 111.4405  10.00   -inf  -nan   5   3   8   3 324.09
   16   2018 10 09 12:43:21.864    45801.864  0.3125 31.0205 110.8205  10.00   -inf  -nan   7   9  16   5 141.28
   17   2018 10 09 13:10:12.021    47412.021  0.4088 30.9405 110.4605  10.00   -inf  -nan  10  10  20   9  87.76
   18   2018 10 09 16:23:14.487    58994.487  0.3376 30.9405 110.4105  20.00   -inf  -nan   3   2   5   1 179.22
   19   2018 10 09 17:22:17.203    62537.203  0.1995 30.8605 111.1405   2.00   -inf  -nan   4   2   6   1 209.60
   20   2018 10 09 19:06:15.153    68775.153  0.2361 30.8905 111.1205   0.00   -inf  -nan   5   2   7   1 152.93
   21   2018 10 09 20:27:17.185    73637.185  0.2929 31.1405 110.2905   0.00   -inf  -nan   5   3   8   2 138.84
   22   2018 10 09 23:09:31.588    83371.588  0.3742 30.8505 111.1605   8.00   -inf  -nan   8   7  15   7 227.22
   23   2018 10 09 23:14:54.179    83694.179  0.1824 30.8505 111.1305   6.00   -inf  -nan  12   5  17   5 210.25
    1   2018 10 10 02:08:40.998     7720.998  0.3098 30.9005 111.3305   6.00   -inf  -nan   7   5  12   3 314.83
    2   2018 10 10 04:15:28.465    15328.465  0.3817 31.0205 109.8205   0.00   -inf  -nan   9   5  14   4 250.36
    3   2018 10 10 06:18:38.424    22718.424  0.2102 31.1405 109.8605   6.00   -inf  -nan   4   2   6   1 251.69
    4   2018 10 10 06:23:34.124    23014.124  0.3042 31.1705 110.3105   2.00   -inf  -nan   5   5  10   4 161.73
    5   2018 10 10 06:32:54.836    23574.836  0.3218 30.8605 110.7205   0.00   -inf  -nan   7   5  12   5 165.86
    6   2018 10 10 07:57:17.153    28637.153  0.2860 30.8505 111.1305   4.00   -inf  -nan   9   6  15   6 210.75
    7   2018 10 10 09:24:10.755    33850.755  0.4240 31.1005 109.9405   6.00   -inf  -nan  10   9  19   6 232.93
    8   2018 10 10 09:45:52.158    35152.158  0.3927 30.9305 111.0905   4.00   -inf  -nan   6   5  11   3 133.43
    9   2018 10 10 10:01:14.299    36074.299  0.4191 30.9805 110.8105   4.00   -inf  -nan  11   6  17   4 143.59
   10   2018 10 10 12:58:13.994    46693.994  0.4101 30.7805 110.7905  12.00   -inf  -nan  14  16  30  13 121.46
   11   2018 10 10 14:39:48.615    52788.615  0.2567 31.1305 110.3005   0.00   -inf  -nan   7   4  11   4 131.46
   12   2018 10 10 15:08:58.178    54538.178  0.2202 31.1705 110.3405   0.00   -inf  -nan   3   3   6   3 281.77
   13   2018 10 10 20:01:17.826    72077.826  0.1416 31.1805 110.1305  12.00   -inf  -nan   3   2   5   2 140.16
   14   2018 10 10 21:13:16.014    76396.014  0.1449 30.8905 111.1305   4.00   -inf  -nan   5   3   8   3 164.15
   15   2018 10 10 22:27:22.806    80842.806  0.1739 30.8505 111.0905   8.00   -inf  -nan   4   2   6   2 170.85
   16   2018 10 10 23:19:51.161    83991.161  0.1350 30.8505 111.1305   6.00   -inf  -nan   4   4   8   4 210.75
    1   2018 10 11 00:05:19.325      319.325  0.4251 31.0605 110.4405   0.00   -inf  -nan  13  18  31  11 128.37
    2   2018 10 11 03:31:31.154    12691.154  0.1484 30.8905 111.0405   4.00   -inf  -nan   6   4  10   4  98.74
    3   2018 10 11 04:01:38.258    14498.258  0.1986 30.8505 111.1305   4.00   -inf  -nan   9   7  16   7 210.75
    4   2018 10 11 04:49:30.263    17370.263  0.2662 31.1005 109.8905  12.00   -inf  -nan  10   3  13   3 276.52
    5   2018 10 11 05:13:56.095    18836.095  0.1932 31.0105 111.2805   2.00   -inf  -nan   8   3  11   3 300.95
    6   2018 10 11 07:04:29.460    25469.460  0.0991 30.8505 111.1305   4.00   -inf  -nan   3   2   5   2 284.42
    7   2018 10 11 07:06:35.317    25595.317  0.2478 31.0305 110.7005   6.00   -inf  -nan   7   2   9   2 246.12
    8   2018 10 11 07:11:51.155    25911.155  0.3925 31.0505 110.4305  10.00   -inf  -nan  18  16  34  14  98.75
    9   2018 10 11 07:12:49.646    25969.646  0.3501 31.0505 110.4605   0.00   -inf  -nan   4   6  10   4 111.60
   10   2018 10 11 07:14:58.293    26098.293  0.4196 31.0305 110.4805  14.00   -inf  -nan   3   5   8   3 120.68
   11   2018 10 11 07:16:16.637    26176.637  0.4426 31.0605 110.4405   4.00   -inf  -nan   3   4   7   2 113.97
   12   2018 10 11 07:16:56.432    26216.432  0.3877 31.0505 110.4605   0.00   -inf  -nan  14  15  29  13 109.45
   13   2018 10 11 07:17:41.791    26261.791  0.3758 31.0505 110.4605   4.00   -inf  -nan  12  12  24  11 109.45
   14   2018 10 11 07:18:57.615    26337.615  0.3103 31.0205 110.4405   6.00   -inf  -nan  12   2  14   2  87.12
   15   2018 10 11 07:19:28.961    26368.961  0.4401 31.0205 110.4405   4.00   -inf  -nan   9  11  20   5  87.12
   16   2018 10 11 07:21:00.854    26460.854  0.3944 31.0505 110.4505   8.00   -inf  -nan  18  15  33  14 106.33
   17   2018 10 11 07:23:12.341    26592.341  0.2289 31.0605 110.4805   8.00   -inf  -nan   3   5   8   3 183.04
   18   2018 10 11 07:24:20.383    26660.383  0.4448 31.0305 110.4805   8.00   -inf  -nan   3   4   7   2  98.79
   19   2018 10 11 07:24:30.332    26670.332  0.0585 31.0205 110.4805  14.00   -inf  -nan   3   2   5   2 163.04
   20   2018 10 11 07:26:11.066    26771.066  0.3897 31.0205 110.4405   6.00   -inf  -nan  15  12  27  12  87.12
   21   2018 10 11 07:30:20.741    27020.741  0.3630 31.0505 110.4605   0.00   -inf  -nan   5   3   8   2 111.60
   22   2018 10 11 07:36:02.809    27362.809  0.3263 31.0605 110.4405   6.00   -inf  -nan  12  10  22   9 108.13
   23   2018 10 11 07:37:55.207    27475.207  0.2384 31.0205 110.4605  10.00   -inf  -nan   3   4   7   2  90.43
   24   2018 10 11 07:42:47.510    27767.510  0.4034 31.0205 110.4405   6.00   -inf  -nan  15   9  24   7  87.12
   25   2018 10 11 07:43:27.701    27807.701  0.4043 31.0605 110.4405  12.00   -inf  -nan   4   5   9   4 113.97
   26   2018 10 11 07:47:42.850    28062.850  0.2358 31.0605 110.4005  12.00   -inf  -nan   3   2   5   2 259.19
   27   2018 10 11 07:53:56.190    28436.190  0.3559 31.0305 110.4405   0.00   -inf  -nan   7   6  13   4 131.24
   28   2018 10 11 08:03:29.675    29009.675  0.3954 31.0505 110.4505   6.00   -inf  -nan   7   9  16   6 109.19
   29   2018 10 11 08:04:28.011    29068.011  0.3758 31.0305 110.4405  10.00   -inf  -nan   4   4   8   3 149.14
   30   2018 10 11 08:05:26.402    29126.402  0.3817 31.0305 110.4405  12.00   -inf  -nan   3   3   6   2 171.98
   31   2018 10 11 08:06:59.962    29219.962  0.3500 31.0505 110.4505   8.00   -inf  -nan  19  20  39  18 106.33
   32   2018 10 11 08:14:04.468    29644.468  0.3256 31.0505 110.4605   6.00   -inf  -nan   9   8  17   6 111.60
   33   2018 10 11 08:17:30.663    29850.663  0.3657 31.0305 110.4005  16.00   -inf  -nan   3   3   6   2 247.70
   34   2018 10 11 08:19:29.989    29969.989  0.3503 31.0605 110.4605   8.00   -inf  -nan  18  17  35  14 115.11
   35   2018 10 11 08:21:27.343    30087.343  0.2736 31.0505 110.4505   8.00   -inf  -nan  15  15  30  11 109.19
   36   2018 10 11 08:28:51.073    30531.073  0.3509 31.0605 110.4605   8.00   -inf  -nan  20  15  35  14 115.11
   37   2018 10 11 08:31:43.998    30703.998  0.4738 31.0605 110.4205  10.00   -inf  -nan   3   5   8   3 129.82
   38   2018 10 11 08:35:17.310    30917.310  0.2858 31.0605 110.4405  12.00   -inf  -nan   3   4   7   3 216.40
   39   2018 10 11 08:38:14.876    31094.876  0.4168 31.0205 110.4405   6.00   -inf  -nan  13  12  25  10  87.12
   40   2018 10 11 08:39:44.653    31184.653  0.2168 31.0205 110.4205   6.00   -inf  -nan   3   4   7   2 104.16
   41   2018 10 11 08:42:39.119    31359.119  0.4239 30.9705 110.3705   4.00   -inf  -nan  11   6  17   6 114.48
   42   2018 10 11 08:42:56.273    31376.273  0.3139 31.0505 110.4605   8.00   -inf  -nan   6   8  14   6 111.60
   43   2018 10 11 08:45:20.541    31520.541  0.3097 31.0505 110.4505  10.00   -inf  -nan   8   7  15   7 109.19
   44   2018 10 11 08:49:39.803    31779.803  0.4005 31.0205 110.4405   6.00   -inf  -nan  16  13  29  12  87.12
   45   2018 10 11 08:53:09.459    31989.459  0.3217 30.7305 110.8405   0.00   -inf  -nan   7   5  12   4 195.65
   46   2018 10 11 08:54:29.825    32069.825  0.3399 31.0505 110.4505   6.00   -inf  -nan  12  13  25  12 109.19
   47   2018 10 11 08:59:00.308    32340.308  0.3038 31.0505 110.4605   0.00   -inf  -nan   7   8  15   6 111.60
   48   2018 10 11 09:03:30.072    32610.072  0.4659 31.0605 110.4605   4.00   -inf  -nan  11  10  21   9 115.11
   49   2018 10 11 09:24:45.120    33885.120  0.3372 31.0205 110.4405  14.00   -inf  -nan   4   3   7   3 166.62
   50   2018 10 11 09:26:03.237    33963.237  0.3597 31.0505 110.4505   8.00   -inf  -nan  15  14  29  11 106.33
   51   2018 10 11 09:29:15.131    34155.131  0.2095 31.0905 109.9905   4.00   -inf  -nan   7   2   9   2 300.26
   52   2018 10 11 09:32:38.484    34358.484  0.1507 31.0205 110.4405   6.00   -inf  -nan   3   3   6   2 207.51
   53   2018 10 11 09:35:22.440    34522.440  0.3426 31.0605 110.4605   8.00   -inf  -nan   4   5   9   4 120.13
   54   2018 10 11 09:36:11.900    34571.900  0.3457 31.0505 110.4605   4.00   -inf  -nan  12  12  24  11 111.60
   55   2018 10 11 09:37:29.379    34649.379  0.2817 31.0505 110.4705  10.00   -inf  -nan   6   7  13   6 113.45
   56   2018 10 11 09:39:25.803    34765.803  0.3898 31.0205 110.4405   8.00   -inf  -nan  17  15  32  14  87.12
   57   2018 10 11 09:44:02.961    35042.961  0.3469 31.0505 110.4505   8.00   -inf  -nan  14  13  27  12 109.19
   58   2018 10 11 09:44:58.194    35098.194  0.4285 31.0505 110.4605   8.00   -inf  -nan   5   8  13   5 111.60
   59   2018 10 11 09:49:50.094    35390.094  0.1178 31.2005 109.7605   6.00   -inf  -nan   3   2   5   1 336.67
   60   2018 10 11 09:51:55.419    35515.419  0.4296 31.0205 110.4405   4.00   -inf  -nan   4   3   7   3 166.62
   61   2018 10 11 09:54:59.237    35699.237  0.4302 31.0205 110.4405   6.00   -inf  -nan  12  11  23  10  87.12
   62   2018 10 11 09:59:28.205    35968.205  0.3907 31.0605 110.4405  10.00   -inf  -nan   3   2   5   2 216.40
   63   2018 10 11 10:06:12.764    36372.764  0.3137 31.0905 110.4705   2.00   -inf  -nan   5   4   9   1 150.34
   64   2018 10 11 10:08:36.511    36516.511  0.3643 31.0505 110.4605   6.00   -inf  -nan  10  11  21   8 111.60
   65   2018 10 11 10:09:21.398    36561.398  0.3227 31.0205 110.4405   8.00   -inf  -nan   6  10  16   6 101.35
   66   2018 10 11 10:11:53.835    36713.835  0.2970 31.0505 110.4505   8.00   -inf  -nan  20  16  36  14 106.33
   67   2018 10 11 10:18:38.991    37118.991  0.3515 30.9405 110.4605   6.00   -inf  -nan   3   2   5   2 146.14
   68   2018 10 11 10:22:14.166    37334.166  0.4555 31.0505 110.4405  12.00   -inf  -nan   7   8  15   6 106.21
   69   2018 10 11 10:26:12.036    37572.036  0.3547 31.0505 110.4605   8.00   -inf  -nan  10   9  19   9 111.60
   70   2018 10 11 10:30:08.989    37808.989  0.1398 31.0105 110.4705   0.00   -inf  -nan   4   2   6   2 135.90
   71   2018 10 11 10:31:00.980    37860.980  0.3803 31.0505 110.4605   4.00   -inf  -nan   3   5   8   3 111.60
   72   2018 10 11 10:32:09.129    37929.129  0.3929 31.0205 110.4405   8.00   -inf  -nan  13   7  20   7  87.12
   73   2018 10 11 10:34:36.512    38076.512  0.3195 31.0205 110.4405   6.00   -inf  -nan   3   4   7   3 144.10
   74   2018 10 11 10:37:45.223    38265.223  0.4365 31.0205 110.4405   8.00   -inf  -nan  10   9  19   7  87.12
   75   2018 10 11 10:38:01.465    38281.465  0.3139 31.0505 110.4605   4.00   -inf  -nan  10  10  20   9 111.60
   76   2018 10 11 10:43:09.812    38589.812  0.3556 31.0205 110.4605   6.00   -inf  -nan   7   8  15   6  90.43
   77   2018 10 11 10:44:19.899    38659.899  0.4804 31.0305 110.4805   0.00   -inf  -nan   3   4   7   2 156.39
   78   2018 10 11 10:47:56.926    38876.926  0.2769 31.0605 110.4405  10.00   -inf  -nan   3   5   8   2 216.40
   79   2018 10 11 10:48:55.013    38935.013  0.4203 31.0505 110.4605   0.00   -inf  -nan  13  14  27  13 111.60
   80   2018 10 11 10:51:03.692    39063.692  0.3070 31.0505 110.4305  12.00   -inf  -nan   3   3   6   2 213.27
   81   2018 10 11 10:52:07.684    39127.684  0.3813 31.0205 110.4405   6.00   -inf  -nan  17  15  32  14  87.12
   82   2018 10 11 10:54:02.894    39242.894  0.3970 31.0505 110.4505   8.00   -inf  -nan  16  18  34  15 106.33
   83   2018 10 11 10:56:22.372    39382.372  0.3626 31.0505 110.4605  10.00   -inf  -nan   6   4  10   4 111.60
   84   2018 10 11 10:56:54.397    39414.397  0.4707 31.0605 110.4405   8.00   -inf  -nan   4   9  13   4 113.97
   85   2018 10 11 11:03:31.760    39811.760  0.3313 31.0505 110.4605   0.00   -inf  -nan  11  11  22   9 109.45
   86   2018 10 11 11:27:30.743    41250.743  0.2426 30.8405 110.0105   0.00   -inf  -nan   4   4   8   2 277.17
   87   2018 10 11 11:35:59.280    41759.280  0.3218 31.0505 110.4605   6.00   -inf  -nan  14  12  26  10 109.45
   88   2018 10 11 11:46:12.299    42372.299  0.3577 31.0505 110.4605   0.00   -inf  -nan   4   5   9   3 111.60
   89   2018 10 11 12:01:53.084    43313.084  0.4655 31.0505 110.4705   8.00   -inf  -nan   6   8  14   5 113.45
   90   2018 10 11 12:02:35.127    43355.127  0.3731 31.0605 110.4405  10.00   -inf  -nan   5   8  13   5 216.40
   91   2018 10 11 12:10:29.631    43829.631  0.3438 31.0505 110.4605   0.00   -inf  -nan   8   9  17   7 111.60
   92   2018 10 11 12:12:18.654    43938.654  0.4653 31.0205 110.4405   6.00   -inf  -nan   6   8  14   5  87.12
   93   2018 10 11 12:27:13.308    44833.308  0.1573 30.9805 110.4805   2.00   -inf  -nan   3   2   5   2 151.62
   94   2018 10 11 12:37:13.202    45433.202  0.2791 31.0605 110.4605   8.00   -inf  -nan  20  11  31   9 115.11
   95   2018 10 11 12:51:42.772    46302.772  0.3288 31.0305 110.4405   8.00   -inf  -nan   4   6  10   3  92.86
   96   2018 10 11 12:55:33.786    46533.786  0.3464 31.0505 110.4505  10.00   -inf  -nan  13  11  24  11 109.19
   97   2018 10 11 13:07:38.448    47258.448  0.2880 31.0505 110.4605   6.00   -inf  -nan   7   7  14   6 111.60
   98   2018 10 11 13:18:40.549    47920.549  0.2915 31.0505 110.4605   0.00   -inf  -nan   5   6  11   5 111.60
   99   2018 10 11 13:27:24.775    48444.775  0.3504 31.0505 110.4605   4.00   -inf  -nan   6   9  15   6 111.60
  100   2018 10 11 13:39:31.123    49171.123  0.3567 31.0505 110.4505   8.00   -inf  -nan  16  14  30  14 106.33
  101   2018 10 11 13:45:33.069    49533.069  0.3485 31.0505 110.4605   6.00   -inf  -nan  13  10  23  10 111.60
  102   2018 10 11 13:46:40.723    49600.723  0.3962 31.0205 110.4405   6.00   -inf  -nan  13  12  25  11  87.12
  103   2018 10 11 13:54:36.099    50076.099  0.3788 31.0505 110.4605   6.00   -inf  -nan   4   7  11   3 111.60
  104   2018 10 11 13:54:58.963    50098.963  0.4156 31.0605 110.4405   0.00   -inf  -nan   7  10  17   7 147.03
  105   2018 10 11 14:04:39.222    50679.222  0.3159 31.0505 110.4605   0.00   -inf  -nan   8   7  15   7 111.60
  106   2018 10 11 14:05:12.052    50712.052  0.3372 31.0505 110.4505  10.00   -inf  -nan  15  14  29  11 106.33
  107   2018 10 11 14:11:54.252    51114.252  0.1497 31.0205 110.4405   8.00   -inf  -nan   3   4   7   3 166.62
  108   2018 10 11 14:26:00.878    51960.878  0.2559 31.0505 110.4605  10.00   -inf  -nan  20   9  29   8 109.45
  109   2018 10 11 14:26:56.756    52016.756  0.3591 31.0505 110.4505   6.00   -inf  -nan   5   4   9   4 109.19
  110   2018 10 11 14:33:45.455    52425.455  0.4293 31.0705 110.4805   6.00   -inf  -nan   3   5   8   2 183.55
  111   2018 10 11 14:38:27.356    52707.356  0.3276 31.0605 110.4405   6.00   -inf  -nan   5   5  10   4 170.49
  112   2018 10 11 14:39:53.336    52793.336  0.2756 31.1405 110.4405   0.00   -inf  -nan   4   2   6   2 264.32
  113   2018 10 11 14:49:11.412    53351.412  0.4335 31.0505 110.4505   0.00   -inf  -nan  12  11  23   9 109.19
  114   2018 10 11 14:51:05.443    53465.443  0.0833 31.0205 110.4405   8.00   -inf  -nan   3   3   6   2 166.62
  115   2018 10 11 14:51:16.662    53476.662  0.3587 31.0505 110.4605  10.00   -inf  -nan   3   5   8   3 111.60
  116   2018 10 11 15:04:13.162    54253.162  0.1999 31.0705 110.4405   6.00   -inf  -nan   4   4   8   4 265.80
  117   2018 10 11 15:08:11.132    54491.132  0.3138 31.0505 110.4605   6.00   -inf  -nan  11  11  22  10 111.60
  118   2018 10 11 15:11:31.046    54691.046  0.2577 31.0405 110.4505   4.00   -inf  -nan   4   6  10   4 101.78
  119   2018 10 11 15:30:16.053    55816.053  0.3703 31.0505 110.4505   8.00   -inf  -nan  17  18  35  16 106.33
  120   2018 10 11 15:33:19.239    55999.239  0.4438 31.0505 110.4705  14.00   -inf  -nan   5   7  12   5 113.45
  121   2018 10 11 15:41:54.076    56514.076  0.2620 31.0505 110.4505   6.00   -inf  -nan   3   4   7   2 109.19
  122   2018 10 11 15:44:52.500    56692.500  0.3159 31.0605 110.4405   2.00   -inf  -nan   4   5   9   3 113.97
  123   2018 10 11 15:51:57.558    57117.558  0.2942 31.0505 110.4605   0.00   -inf  -nan  11  11  22  10 111.60
  124   2018 10 11 15:53:29.832    57209.832  0.3432 31.0505 110.4605   0.00   -inf  -nan   7   6  13   6 111.60
  125   2018 10 11 15:55:20.943    57320.943  0.3665 31.0505 110.4605   0.00   -inf  -nan  11  12  23  10 109.45
  126   2018 10 11 15:58:07.931    57487.931  0.2949 31.0505 110.4505   2.00   -inf  -nan   4   6  10   4 162.03
  127   2018 10 11 16:25:36.036    59136.036  0.3572 31.0205 110.4405   6.00   -inf  -nan  18  17  35  14  87.12
  128   2018 10 11 16:29:29.338    59369.338  0.3682 31.0205 110.4405   6.00   -inf  -nan  14  11  25  11  87.12
  129   2018 10 11 16:33:52.575    59632.575  0.3213 31.0505 110.4505   0.00   -inf  -nan   5   6  11   4 109.19
  130   2018 10 11 16:35:49.616    59749.616  0.3072 31.0505 110.4605   2.00   -inf  -nan   5   7  12   5 111.60
  131   2018 10 11 16:59:50.799    61190.799  0.3535 31.0205 110.4405   8.00   -inf  -nan  20  11  31  11 101.35
  132   2018 10 11 17:00:30.697    61230.697  0.4094 31.0205 110.4405   6.00   -inf  -nan  10  10  20   8 109.45
  133   2018 10 11 17:04:31.710    61471.710  0.3632 31.0205 110.4405   4.00   -inf  -nan  13  11  24  10  87.12
  134   2018 10 11 17:07:02.744    61622.744  0.3290 31.0505 110.4505  10.00   -inf  -nan  20  19  39  17 106.33
  135   2018 10 11 17:10:01.855    61801.855  0.3558 31.0505 110.4605   2.00   -inf  -nan   7   7  14   6 111.60
  136   2018 10 11 17:22:10.587    62530.587  0.4847 31.0305 110.4805  14.00   -inf  -nan   3   5   8   3 152.53
  137   2018 10 11 17:32:20.714    63140.714  0.2888 31.1805 110.1305   8.00   -inf  -nan   5   3   8   3 140.16
  138   2018 10 11 17:39:22.559    63562.559  0.3532 31.0505 110.4605  10.00   -inf  -nan  19  16  35  15 109.45
  139   2018 10 11 17:46:16.569    63976.569  0.3580 31.0605 110.4805   0.00   -inf  -nan   4   6  10   4 175.68
  140   2018 10 11 17:47:06.384    64026.384  0.2974 31.0505 110.4605   0.00   -inf  -nan   3   5   8   2 157.85
  141   2018 10 11 17:53:22.718    64402.718  0.3179 31.0605 110.4805   8.00   -inf  -nan   8   8  16   7 175.68
  142   2018 10 11 17:56:26.766    64586.766  0.3185 31.0605 110.4805   0.00   -inf  -nan   3   4   7   3 175.68
  143   2018 10 11 17:57:06.464    64626.464  0.4040 31.0605 110.4805   0.00   -inf  -nan   4   6  10   4 175.68
  144   2018 10 11 18:19:26.681    65966.681  0.3600 31.0505 110.4605   4.00   -inf  -nan  13  12  25  11 109.45
  145   2018 10 11 18:21:04.698    66064.698  0.4004 31.0205 110.4405   6.00   -inf  -nan  13  12  25  11  90.01
  146   2018 10 11 18:26:17.944    66377.944  0.2958 31.0505 110.4605   8.00   -inf  -nan   5   5  10   4 157.85
  147   2018 10 11 18:26:44.912    66404.912  0.2039 31.0605 110.4805   8.00   -inf  -nan   3   3   6   2 237.51
  148   2018 10 11 18:31:44.465    66704.465  0.3094 31.0505 110.4605   0.00   -inf  -nan   5   6  11   5 157.85
  149   2018 10 11 18:35:51.410    66951.410  0.3544 31.0505 110.4505  10.00   -inf  -nan  21  17  38  17 106.33
  150   2018 10 11 18:40:10.024    67210.024  0.3539 31.0505 110.4605   4.00   -inf  -nan  11   5  16   4 129.92
  151   2018 10 11 18:40:34.052    67234.052  0.2862 31.0505 110.4505  10.00   -inf  -nan  15   9  24   7 109.19
  152   2018 10 11 18:41:41.459    67301.459  0.3612 31.0505 110.4505   0.00   -inf  -nan  14  12  26  11 106.33
  153   2018 10 11 18:42:45.371    67365.371  0.2199 31.0505 110.4605  10.00   -inf  -nan   5   6  11   5 111.60
  154   2018 10 11 18:44:07.930    67447.930  0.2574 31.0505 110.4605  10.00   -inf  -nan   6   3   9   3 147.48
  155   2018 10 11 18:44:20.832    67460.832  0.3097 31.0505 110.4605   0.00   -inf  -nan  10   9  19   7 111.60
  156   2018 10 11 18:44:46.836    67486.836  0.3936 31.0505 110.4605   4.00   -inf  -nan  11  12  23   9 109.45
  157   2018 10 11 18:48:07.798    67687.798  0.3486 31.0205 110.4405   8.00   -inf  -nan  10   7  17   6  87.12
  158   2018 10 11 18:48:24.265    67704.265  0.2864 31.0505 110.4605  10.00   -inf  -nan   6   4  10   4 111.60
  159   2018 10 11 18:50:32.840    67832.840  0.3343 31.0205 110.4505  12.00   -inf  -nan  20   5  25   5  88.98
  160   2018 10 11 18:51:57.609    67917.609  0.2469 31.0505 110.4605  12.00   -inf  -nan   3   4   7   2 111.60
  161   2018 10 11 18:52:24.767    67944.767  0.2544 31.0105 110.4305  16.00   -inf  -nan  16   9  25   9 105.88
  162   2018 10 11 18:53:11.899    67991.899  0.2459 31.0505 110.4605  10.00   -inf  -nan   7   5  12   5 111.60
  163   2018 10 11 18:53:51.031    68031.031  0.3794 31.0505 110.4505  10.00   -inf  -nan  14  12  26  12 109.19
  164   2018 10 11 18:54:40.020    68080.020  0.3263 31.0505 110.4605   0.00   -inf  -nan  11   6  17   6 111.60
  165   2018 10 11 18:55:19.887    68119.887  0.3929 31.0205 110.4405   6.00   -inf  -nan   9   7  16   6 121.53
  166   2018 10 11 18:55:52.210    68152.210  0.3673 31.0605 110.4605  12.00   -inf  -nan   7   5  12   5 120.13
  167   2018 10 11 18:56:19.649    68179.649  0.2935 31.0205 110.4505  18.00   -inf  -nan   5   4   9   3 130.98
  168   2018 10 11 18:56:54.331    68214.331  0.2834 31.0505 110.4605   0.00   -inf  -nan   6   5  11   5 111.60
  169   2018 10 11 18:58:14.797    68294.797  0.3557 31.0205 110.4405   8.00   -inf  -nan  17  10  27   9  87.12
  170   2018 10 11 18:58:50.020    68330.020  0.3682 31.0505 110.4505   8.00   -inf  -nan  14  12  26  12 109.19
  171   2018 10 11 18:59:19.541    68359.541  0.2841 31.0505 110.4605  10.00   -inf  -nan   7   6  13   6 111.60
  172   2018 10 11 19:02:09.669    68529.669  0.4227 31.0605 110.4605   8.00   -inf  -nan  11   8  19   8 120.13
  173   2018 10 11 19:05:16.466    68716.466  0.3186 31.0505 110.4705   8.00   -inf  -nan   6   5  11   5 113.45
  174   2018 10 11 19:07:56.481    68876.481  0.4618 31.1005 110.4205   8.00   -inf  -nan   3   4   7   2 143.91
  175   2018 10 11 19:08:30.230    68910.230  0.4789 31.0605 110.4605   8.00   -inf  -nan   8   3  11   3 120.13
  176   2018 10 11 19:08:56.723    68936.723  0.3860 31.0205 110.4405   6.00   -inf  -nan  13   8  21   7  87.12
  177   2018 10 11 19:09:49.868    68989.868  0.3807 31.0605 110.4605   6.00   -inf  -nan  10   9  19   9 120.13
  178   2018 10 11 19:11:19.209    69079.209  0.4354 31.0605 110.4605   4.00   -inf  -nan  18  16  34  14 115.11
  179   2018 10 11 19:11:44.425    69104.425  0.2399 31.0505 110.4205  10.00   -inf  -nan   4   3   7   3 190.94
  180   2018 10 11 19:12:23.296    69143.296  0.3167 31.0505 110.4605   6.00   -inf  -nan   7   6  13   6 111.60
  181   2018 10 11 19:14:00.695    69240.695  0.3349 31.0505 110.4705  14.00   -inf  -nan   6   5  11   5 113.45
  182   2018 10 11 19:15:19.886    69319.886  0.4684 31.0305 110.4805   6.00   -inf  -nan  14  11  25  10  98.79
  183   2018 10 11 19:18:19.893    69499.893  0.4398 31.0205 110.4405   8.00   -inf  -nan  22  19  41  19  87.12
  184   2018 10 11 19:23:32.904    69812.904  0.2865 31.0505 110.4605   6.00   -inf  -nan  10   9  19   9 111.60
  185   2018 10 11 19:25:35.492    69935.492  0.3014 31.0505 110.4605  12.00   -inf  -nan   7   6  13   6 111.60
  186   2018 10 11 19:28:06.976    70086.976  0.2884 31.0505 110.4605   4.00   -inf  -nan   7   8  15   7 111.60
  187   2018 10 11 19:29:15.019    70155.019  0.3484 31.0505 110.4605  10.00   -inf  -nan  20  11  31  10 109.45
  188   2018 10 11 19:32:22.266    70342.266  0.3104 31.0505 110.4505   6.00   -inf  -nan   4   6  10   4 109.19
  189   2018 10 11 19:33:23.334    70403.334  0.4374 31.0205 110.4405   6.00   -inf  -nan  16  13  29  11  87.12
  190   2018 10 11 19:34:16.912    70456.912  0.1730 31.0505 110.4605   2.00   -inf  -nan   4   4   8   3 157.85
  191   2018 10 11 19:35:31.754    70531.754  0.4051 31.0605 110.4605  10.00   -inf  -nan  13  13  26  11 120.13
  192   2018 10 11 19:36:51.512    70611.512  0.4403 31.0205 110.4405   6.00   -inf  -nan  14  12  26  12  87.12
  193   2018 10 11 19:40:53.678    70853.678  0.2958 31.0505 110.4505   8.00   -inf  -nan  12  10  22  10 109.19
  194   2018 10 11 19:43:01.961    70981.961  0.3223 31.0505 110.4605   6.00   -inf  -nan   7   6  13   6 111.60
  195   2018 10 11 19:43:37.762    71017.762  0.3772 31.0505 110.4605   4.00   -inf  -nan  15  16  31  14 109.45
  196   2018 10 11 19:44:48.700    71088.700  0.3968 31.0605 110.4605   8.00   -inf  -nan   7   7  14   7 120.13
  197   2018 10 11 19:45:47.550    71147.550  0.3221 31.0505 110.4605   0.00   -inf  -nan   6   7  13   6 111.60
  198   2018 10 11 19:47:44.620    71264.620  0.3129 31.0505 110.4605   2.00   -inf  -nan   6   7  13   6 111.60
  199   2018 10 11 19:48:40.608    71320.608  0.2265 30.9805 110.4205  10.00   -inf  -nan   3   3   6   1 135.83
  200   2018 10 11 19:49:25.019    71365.019  0.3822 31.0205 110.4405   6.00   -inf  -nan  12  11  23  10  87.12
  201   2018 10 11 19:55:05.114    71705.114  0.4029 31.0505 110.4605   6.00   -inf  -nan  15  12  27  11 109.45
  202   2018 10 11 20:00:24.346    72024.346  0.4230 31.0205 110.4405   8.00   -inf  -nan  14  10  24  10  87.12
  203   2018 10 11 20:01:08.871    72068.871  0.2776 31.0505 110.4605  10.00   -inf  -nan   6   6  12   6 111.60
  204   2018 10 11 20:05:21.735    72321.735  0.3059 31.0505 110.4605   0.00   -inf  -nan   7   6  13   6 111.60
  205   2018 10 11 20:07:16.277    72436.277  0.3810 31.0605 110.4605   6.00   -inf  -nan  18  15  33  14 115.11
  206   2018 10 11 20:08:32.064    72512.064  0.3928 31.0505 110.4605   6.00   -inf  -nan   6   7  13   6 111.60
  207   2018 10 11 20:10:04.308    72604.308  0.3242 31.0505 110.4605   0.00   -inf  -nan   3   5   8   2 111.60
  208   2018 10 11 20:13:56.668    72836.668  0.3904 31.0505 110.4605   8.00   -inf  -nan  19  19  38  18 109.45
  209   2018 10 11 20:18:57.079    73137.079  0.2550 31.0605 110.4405   6.00   -inf  -nan   5   3   8   3 170.49
  210   2018 10 11 20:22:13.958    73333.958  0.4370 31.0205 110.4405   6.00   -inf  -nan  15  10  25  10  87.12
  211   2018 10 11 20:24:04.281    73444.281  0.2444 31.0605 110.4405   6.00   -inf  -nan   5   4   9   4 216.40
  212   2018 10 11 20:25:39.073    73539.073  0.2826 31.0505 110.4605   8.00   -inf  -nan   7   6  13   6 111.60
  213   2018 10 11 20:26:46.749    73606.749  0.3332 31.0205 110.4805  16.00   -inf  -nan   5   4   9   3 135.90
  214   2018 10 11 20:27:43.518    73663.518  0.3078 31.0605 110.4405   6.00   -inf  -nan   5   5  10   4 170.49
  215   2018 10 11 20:31:27.129    73887.129  0.2689 31.0705 110.4805   2.00   -inf  -nan   3   2   5   1 223.56
  216   2018 10 11 20:32:47.015    73967.015  0.4028 31.0505 110.4505   0.00   -inf  -nan  17  16  33  15 106.33
  217   2018 10 11 20:34:35.724    74075.724  0.3790 31.0305 110.4405   6.00   -inf  -nan   5   7  12   4  92.86
  218   2018 10 11 20:35:58.068    74158.068  0.2852 31.0405 110.4505   6.00   -inf  -nan  15  13  28  12 101.38
  219   2018 10 11 20:41:40.514    74500.514  0.4358 31.0605 110.4605   6.00   -inf  -nan   6   5  11   4 120.13
  220   2018 10 11 20:42:58.400    74578.400  0.4111 31.0605 110.4405   4.00   -inf  -nan   3   6   9   3 170.49
  221   2018 10 11 20:46:57.016    74817.016  0.2934 31.0505 110.4605   6.00   -inf  -nan   7   7  14   7 111.60
  222   2018 10 11 20:56:09.882    75369.882  0.3687 31.0905 110.5405  12.00   -inf  -nan   4   4   8   4 169.13
  223   2018 10 11 20:56:35.517    75395.517  0.0455 31.0205 110.4405   8.00   -inf  -nan   3   4   7   3 166.62
  224   2018 10 11 21:01:07.316    75667.316  0.2486 31.0505 110.4505   8.00   -inf  -nan   7   5  12   5 109.19
  225   2018 10 11 21:02:27.670    75747.670  0.3263 31.0505 110.4605   0.00   -inf  -nan   7   6  13   6 111.60
  226   2018 10 11 21:09:40.325    76180.325  0.3949 31.0505 110.4705   6.00   -inf  -nan   6   6  12   6 159.22
  227   2018 10 11 21:10:07.552    76207.552  0.2740 31.0605 110.4405   6.00   -inf  -nan   5   5  10   4 170.49
  228   2018 10 11 21:16:17.626    76577.626  0.4185 31.0605 110.4605   6.00   -inf  -nan   6   6  12   5 120.13
  229   2018 10 11 21:20:21.603    76821.603  0.4215 31.1705 110.3005   0.00   -inf  -nan   4   2   6   2 204.22
  230   2018 10 11 21:21:31.485    76891.485  0.2267 31.0505 110.4605   0.00   -inf  -nan   6   5  11   5 111.60
  231   2018 10 11 21:22:03.730    76923.730  0.3968 31.0605 110.4605   6.00   -inf  -nan   7   8  15   7 120.13
  232   2018 10 11 21:23:54.862    77034.862  0.3768 31.0205 110.4405   6.00   -inf  -nan   7   7  14   5  87.12
  233   2018 10 11 21:24:58.873    77098.873  0.4070 31.0105 110.4705  16.00   -inf  -nan   3   4   7   3 132.34
  234   2018 10 11 21:40:52.824    78052.824  0.3584 31.0205 110.4405   6.00   -inf  -nan  12   7  19   7  87.12
  235   2018 10 11 21:45:15.150    78315.150  0.2972 31.0505 110.4505   0.00   -inf  -nan   9   9  18   9 109.19
  236   2018 10 11 21:48:33.412    78513.412  0.3111 31.0205 110.4805   0.00   -inf  -nan   5   5  10   4 135.90
  237   2018 10 11 21:49:31.918    78571.918  0.3449 31.0505 110.4505   4.00   -inf  -nan   4   5   9   4 205.41
  238   2018 10 11 21:50:30.631    78630.631  0.2175 31.0205 110.4805   2.00   -inf  -nan   4   3   7   3 188.81
  239   2018 10 11 21:57:34.133    79054.133  0.2636 31.0605 110.4805   0.00   -inf  -nan   4   2   6   2 175.68
  240   2018 10 11 22:04:48.799    79488.799  0.3687 31.0205 110.4805   0.00   -inf  -nan   3   5   8   2 128.52
  241   2018 10 11 22:23:32.918    80612.918  0.3825 31.0505 110.4605   6.00   -inf  -nan   5   7  12   5 111.60
  242   2018 10 11 22:28:13.796    80893.796  0.2035 31.0105 110.4705   0.00   -inf  -nan   3   4   7   3 135.90
  243   2018 10 11 22:30:00.647    81000.647  0.3358 31.0505 110.4605   8.00   -inf  -nan  12  10  22   9 111.60
  244   2018 10 11 22:40:14.865    81614.865  0.2556 31.0205 110.4805  14.00   -inf  -nan   4   4   8   3 135.90
  245   2018 10 11 22:47:12.873    82032.873  0.4310 31.0205 110.4405   8.00   -inf  -nan  17  15  32  14  87.12
  246   2018 10 11 22:54:31.551    82471.551  0.3924 31.0605 110.4605  10.00   -inf  -nan   8   8  16   7 120.13
  247   2018 10 11 22:58:32.148    82712.148  0.3787 30.9905 110.4405   4.00   -inf  -nan   3   4   7   3 197.87
  248   2018 10 11 23:01:55.570    82915.570  0.3139 31.0505 110.4505   8.00   -inf  -nan  11  10  21   9 109.19
  249   2018 10 11 23:03:51.940    83031.940  0.2195 30.8505 111.1305   4.00   -inf  -nan   4   5   9   4 210.75
  250   2018 10 11 23:06:23.260    83183.260  0.2960 31.0505 110.4605   6.00   -inf  -nan   5   6  11   5 111.60
  251   2018 10 11 23:13:56.932    83636.932  0.4485 31.0205 110.4405   8.00   -inf  -nan   4   6  10   4 123.87
  252   2018 10 11 23:31:07.861    84667.861  0.2599 31.0605 110.4405   6.00   -inf  -nan   8   6  14   5 170.49
    1   2018 10 12 00:09:31.321      571.321  0.3213 31.0505 110.4605   4.00   -inf  -nan   5   5  10   5 157.85
    2   2018 10 12 00:11:47.589      707.589  0.3857 31.0505 110.4705  10.00   -inf  -nan   5   5  10   5 162.94
    3   2018 10 12 00:13:53.798      833.798  0.4282 31.0205 110.4405   8.00   -inf  -nan  20  18  38  16  87.12
    4   2018 10 12 00:15:53.779      953.779  0.2639 31.1005 110.4405   6.00   -inf  -nan   3   3   6   3 285.45
    5   2018 10 12 00:21:05.954     1265.954  0.3385 31.0505 110.4705   0.00   -inf  -nan   7   9  16   6 133.24
    6   2018 10 12 00:22:22.633     1342.633  0.2980 31.0505 110.4605   6.00   -inf  -nan  10   9  19   8 111.60
    7   2018 10 12 00:31:01.108     1861.108  0.2938 31.0505 110.4705   6.00   -inf  -nan   9   4  13   3 158.65
    8   2018 10 12 00:31:18.567     1878.567  0.4677 31.0205 110.4405   6.00   -inf  -nan   7  12  19   4  87.12
    9   2018 10 12 00:34:03.275     2043.275  0.1875 31.0505 110.4705   0.00   -inf  -nan   3   3   6   2 208.71
   10   2018 10 12 00:40:54.009     2454.009  0.2287 31.0505 110.4705   0.00   -inf  -nan   3   4   7   2 162.94
   11   2018 10 12 00:50:45.983     3045.983  0.1558 31.0605 110.4805   0.00   -inf  -nan   3   2   5   2 217.29
   12   2018 10 12 00:56:06.116     3366.116  0.1843 30.8105 111.2805   8.00   -inf  -nan   6   5  11   5 294.33
   13   2018 10 12 01:20:08.633     4808.633  0.2315 31.0605 110.4805   0.00   -inf  -nan   3   4   7   2 175.68
   14   2018 10 12 01:29:43.278     5383.278  0.3877 31.1705 110.4205  16.00   -inf  -nan   3   2   5   1 177.48
   15   2018 10 12 01:42:33.824     6153.824  0.3587 30.9805 110.4005  12.00   -inf  -nan   3   4   7   3 143.37
   16   2018 10 12 02:09:02.351     7742.351  0.3405 31.0505 110.4505  10.00   -inf  -nan  21  19  40  18 106.33
   17   2018 10 12 02:27:45.934     8865.934  0.1447 30.8505 111.1305   6.00   -inf  -nan   6   4  10   4 210.75
   18   2018 10 12 02:34:28.650     9268.650  0.1943 31.0205 110.4405   8.00   -inf  -nan   4   3   7   3 144.10
   19   2018 10 12 02:52:45.989    10365.989  0.2547 31.0505 110.4605   0.00   -inf  -nan   4   5   9   3 157.85
   20   2018 10 12 03:09:01.109    11341.109  0.2949 31.0605 110.4805   0.00   -inf  -nan   3   3   6   2 217.29
   21   2018 10 12 03:20:10.488    12010.488  0.3108 31.0505 110.4605   0.00   -inf  -nan   8   9  17   6 111.60
   22   2018 10 12 03:36:26.130    12986.130  0.1752 30.9305 111.4005  10.00   -inf  -nan   6   4  10   4 324.85
   23   2018 10 12 03:38:01.237    13081.237  0.2418 30.8905 111.4105  14.00   -inf  -nan   6   2   8   2 328.57
   24   2018 10 12 03:43:29.817    13409.817  0.0747 30.9305 111.3205   6.00   -inf  -nan   3   2   5   2 315.91
   25   2018 10 12 04:10:02.809    15002.809  0.4826 31.0205 110.4405   2.00   -inf  -nan   4   5   9   4 128.00
   26   2018 10 12 04:14:07.430    15247.430  0.3090 31.0505 110.4305  10.00   -inf  -nan  21  13  34  13  98.75
   27   2018 10 12 04:28:28.156    16108.156  0.2113 31.2205 110.0505   6.00   -inf  -nan  10   3  13   3 205.54
   28   2018 10 12 04:30:43.617    16243.617  0.3622 31.0505 110.4605  10.00   -inf  -nan  17  14  31  12 111.60
   29   2018 10 12 04:37:27.621    16647.621  0.2172 30.9005 110.7205   6.00   -inf  -nan  14   9  23   9  94.62
   30   2018 10 12 05:02:30.083    18150.083  0.4304 31.0605 110.4405   0.00   -inf  -nan   4   5   9   3 113.97
   31   2018 10 12 05:14:49.734    18889.734  0.1023 30.9005 110.4605  10.00   -inf  -nan   3   2   5   2 167.40
   32   2018 10 12 05:22:23.649    19343.649  0.3104 31.2505 110.6305   2.00   -inf  -nan   6   5  11   5 292.58
   33   2018 10 12 05:25:10.623    19510.623  0.4193 31.0605 110.4405   0.00   -inf  -nan   5   5  10   4 170.49
   34   2018 10 12 05:37:03.296    20223.296  0.3462 31.0605 110.4405   6.00   -inf  -nan   5   5  10   4 170.49
   35   2018 10 12 05:49:53.418    20993.418  0.3520 31.0205 110.4405   8.00   -inf  -nan  15  14  29  12  87.12
   36   2018 10 12 05:56:51.624    21411.624  0.4390 31.0205 110.4405   8.00   -inf  -nan   5   6  11   4 101.35
   37   2018 10 12 05:57:15.835    21435.835  0.3214 31.0505 110.4605   4.00   -inf  -nan   7   7  14   6 111.60
   38   2018 10 12 06:01:24.923    21684.923  0.1392 31.0205 110.4405   8.00   -inf  -nan   5   5  10   5 166.62
   39   2018 10 12 06:04:53.209    21893.209  0.4504 31.0605 110.4605  10.00   -inf  -nan   6   6  12   6 120.13
   40   2018 10 12 06:05:38.200    21938.200  0.3045 31.0605 110.4405   6.00   -inf  -nan   3   3   6   2 216.40
   41   2018 10 12 06:06:43.809    22003.809  0.4717 31.0105 110.3405   0.00   -inf  -nan   3   2   5   2 238.85
   42   2018 10 12 06:07:14.666    22034.666  0.3069 31.0605 110.4405   8.00   -inf  -nan   7   5  12   4 113.97
   43   2018 10 12 06:15:46.468    22546.468  0.1457 31.0205 110.4405   8.00   -inf  -nan   5   2   7   2 166.62
   44   2018 10 12 06:21:54.851    22914.851  0.3574 31.0505 110.4305   8.00   -inf  -nan  11  12  23  10 102.66
   45   2018 10 12 06:25:53.704    23153.704  0.4170 31.0605 110.4405   6.00   -inf  -nan   6   7  13   6 113.97
   46   2018 10 12 06:32:18.412    23538.412  0.2775 31.0505 110.4605   0.00   -inf  -nan   6   3   9   3 111.60
   47   2018 10 12 06:35:16.170    23716.170  0.4187 31.0605 110.4405   6.00   -inf  -nan   6   6  12   5 170.49
   48   2018 10 12 06:45:02.803    24302.803  0.3663 31.0505 110.4605   2.00   -inf  -nan  15  10  25  10 109.45
   49   2018 10 12 07:12:13.865    25933.865  0.1287 30.9805 110.4405  10.00   -inf  -nan   3   2   5   2 232.46
   50   2018 10 12 07:15:29.189    26129.189  0.1918 30.7505 110.9005   6.00   -inf  -nan   8   2  10   2 198.39
   51   2018 10 12 07:47:01.259    28021.259  0.3867 31.0605 110.4405   6.00   -inf  -nan   3   4   7   3 216.40
   52   2018 10 12 08:04:03.393    29043.393  0.1371 30.8905 111.1305   4.00   -inf  -nan   3   2   5   2 164.15
   53   2018 10 12 08:07:51.690    29271.690  0.1436 30.8505 111.1305   6.00   -inf  -nan   5   5  10   5 210.75
   54   2018 10 12 08:15:26.954    29726.954  0.4668 31.0205 110.3605   8.00   -inf  -nan   7   4  11   4 212.37
   55   2018 10 12 08:19:09.719    29949.719  0.3166 31.0005 110.1705   4.00   -inf  -nan  12  11  23   9  77.02
   56   2018 10 12 08:28:11.441    30491.441  0.2974 30.9805 109.7805   4.00   -inf  -nan  10   6  16   4 289.13
   57   2018 10 12 08:42:56.621    31376.621  0.3599 31.0205 110.4405   6.00   -inf  -nan  10   7  17   6 101.35
   58   2018 10 12 09:02:07.596    32527.596  0.1910 30.8505 111.1305   6.00   -inf  -nan   6   5  11   5 210.75
   59   2018 10 12 09:55:52.891    35752.891  0.3487 31.2605 110.1305   6.00   -inf  -nan  10   5  15   5 224.47
   60   2018 10 12 10:10:43.129    36643.129  0.2994 31.3405 110.1305   2.00   -inf  -nan  10   4  14   4 263.96
   61   2018 10 12 10:11:42.147    36702.147  0.1782 31.0605 110.4005   8.00   -inf  -nan   3   3   6   3 259.19
   62   2018 10 12 10:33:12.028    37992.028  0.2349 30.8205 109.7405  20.00   -inf  -nan   4   2   6   2 328.98
   63   2018 10 12 10:42:51.948    38571.948  0.4153 31.0505 110.4505   0.00   -inf  -nan  18  16  34  14 106.33
   64   2018 10 12 10:47:21.114    38841.114  0.4798 31.0305 110.4805   0.00   -inf  -nan   5   7  12   5 142.66
   65   2018 10 12 11:09:00.097    40140.097  0.3505 31.0505 110.4605   6.00   -inf  -nan  13  10  23  10 111.60
   66   2018 10 12 12:06:03.929    43563.929  0.3302 31.0905 110.4305  10.00   -inf  -nan   5   3   8   3 241.94
   67   2018 10 12 12:11:34.476    43894.476  0.2973 31.0505 110.4605   8.00   -inf  -nan   5   6  11   5 111.60
   68   2018 10 12 12:12:24.855    43944.855  0.3239 31.0505 110.4605   0.00   -inf  -nan   7   9  16   7 111.60
   69   2018 10 12 12:15:04.470    44104.470  0.3423 31.0405 110.4505   6.00   -inf  -nan  14  14  28  14 101.38
   70   2018 10 12 12:40:48.840    45648.840  0.3671 31.0505 110.4505   0.00   -inf  -nan   4   6  10   3 143.23
   71   2018 10 12 12:47:04.624    46024.624  0.3752 31.0605 110.4805   0.00   -inf  -nan   3   4   7   3 175.68
   72   2018 10 12 13:30:10.723    48610.723  0.3577 31.0505 110.4505  10.00   -inf  -nan   5   7  12   5 109.19
   73   2018 10 12 13:58:15.434    50295.434  0.2403 31.2605 110.2905  10.00   -inf  -nan   3   6   9   3 253.20
   74   2018 10 12 14:19:53.168    51593.168  0.2702 31.0505 110.4605   0.00   -inf  -nan   7   7  14   5 111.60
   75   2018 10 12 14:27:53.827    52073.827  0.2498 31.0505 110.4605  10.00   -inf  -nan  21   9  30   9 109.45
   76   2018 10 12 14:31:43.129    52303.129  0.3169 31.0405 110.4505   8.00   -inf  -nan  11  11  22  10 101.78
   77   2018 10 12 14:33:54.410    52434.410  0.2552 31.0505 110.4605   4.00   -inf  -nan   6   7  13   6 111.60
   78   2018 10 12 14:49:25.842    53365.842  0.3364 31.0505 110.4605   0.00   -inf  -nan   7   8  15   6 111.60
   79   2018 10 12 15:19:31.578    55171.578  0.3896 31.0205 110.4405   8.00   -inf  -nan  17  13  30  13  87.12
   80   2018 10 12 15:39:30.909    56370.909  0.2555 31.1805 110.1305   8.00   -inf  -nan   5   3   8   3 140.16
   81   2018 10 12 15:47:32.814    56852.814  0.4336 31.0505 110.4605   0.00   -inf  -nan  12  12  24  12 111.60
   82   2018 10 12 16:00:16.345    57616.345  0.2395 31.0605 110.4405   8.00   -inf  -nan   5   5  10   5 216.40
   83   2018 10 12 16:07:27.949    58047.949  0.3631 31.0205 110.4405   8.00   -inf  -nan   7   5  12   5  87.12
   84   2018 10 12 16:11:13.797    58273.797  0.3829 31.0205 110.4405   6.00   -inf  -nan   3   4   7   2 128.00
   85   2018 10 12 16:14:04.869    58444.869  0.3491 31.0505 110.4505   6.00   -inf  -nan   5   6  11   5 109.19
   86   2018 10 12 16:14:44.111    58484.111  0.3386 31.0505 110.4605   2.00   -inf  -nan   3   5   8   3 111.60
   87   2018 10 12 16:43:11.421    60191.421  0.3492 31.0505 110.4605   8.00   -inf  -nan  17  15  32  14 109.45
   88   2018 10 12 16:50:36.401    60636.401  0.3655 31.0505 110.4605   0.00   -inf  -nan  10  11  21   8 111.60
   89   2018 10 12 16:56:37.652    60997.652  0.2627 31.0805 110.8205   8.00   -inf  -nan  13  12  25  11 124.12
   90   2018 10 12 17:02:31.471    61351.471  0.3159 31.0505 110.4605   8.00   -inf  -nan   5   5  10   4 111.60
   91   2018 10 12 17:30:19.217    63019.217  0.4134 31.0605 110.4805   0.00   -inf  -nan   3   6   9   3 175.68
   92   2018 10 12 18:11:40.084    65500.084  0.3383 31.0505 110.4505   8.00   -inf  -nan  19  17  36  16 106.33
   93   2018 10 12 18:20:17.951    66017.951  0.3042 31.0505 110.4505   0.00   -inf  -nan  13  12  25  12 109.19
   94   2018 10 12 18:49:14.960    67754.960  0.4001 31.0605 110.4605   8.00   -inf  -nan   8   7  15   7 120.13
   95   2018 10 12 19:00:25.393    68425.393  0.3746 31.0605 110.4405   0.00   -inf  -nan   9   8  17   8 113.97
   96   2018 10 12 19:17:47.221    69467.221  0.3870 31.0605 110.4405   2.00   -inf  -nan  16  14  30  11 108.13
   97   2018 10 12 19:45:47.937    71147.937  0.2364 31.0605 110.4805   0.00   -inf  -nan   3   4   7   3 217.29
   98   2018 10 12 19:49:52.086    71392.086  0.3698 31.0205 110.4405   6.00   -inf  -nan  13  11  24  11  87.12
   99   2018 10 12 20:03:37.945    72217.945  0.3558 31.0505 110.4505   0.00   -inf  -nan  14  10  24  10 106.33
  100   2018 10 12 20:24:50.612    73490.612  0.3883 31.1705 110.5505   4.00   -inf  -nan   6   2   8   1 173.59
  101   2018 10 12 20:50:23.232    75023.232  0.3978 31.0505 110.4605   0.00   -inf  -nan   5   7  12   5 111.60
  102   2018 10 12 21:23:37.090    77017.090  0.4094 31.0205 110.4505   8.00   -inf  -nan  15  13  28  12  88.98
  103   2018 10 12 21:54:43.101    78883.101  0.3328 31.0505 110.4505  10.00   -inf  -nan  21  16  37  15 106.33
  104   2018 10 12 21:55:02.500    78902.500  0.2590 31.0605 110.4805   0.00   -inf  -nan   4   4   8   4 175.68
  105   2018 10 12 21:57:11.631    79031.631  0.3559 31.0505 110.4605   6.00   -inf  -nan   8  11  19   8 129.92
  106   2018 10 12 22:32:30.685    81150.685  0.4006 31.0605 110.4405   2.00   -inf  -nan   5   6  11   4 170.49
  107   2018 10 12 22:36:44.673    81404.673  0.3126 31.0405 110.4505   0.00   -inf  -nan  10  11  21   9 101.78
  108   2018 10 12 23:13:12.892    83592.892  0.1935 30.8505 111.1305   6.00   -inf  -nan  13   7  20   7 210.25
  109   2018 10 12 23:37:47.217    85067.217  0.3564 31.0505 110.4505   8.00   -inf  -nan  13  12  25  11 109.19
  110   2018 10 12 23:51:03.625    85863.625  0.3782 31.0605 110.4405   2.00   -inf  -nan  12  12  24  10 113.97
    1   2018 10 13 00:39:36.536     2376.536  0.3188 31.0505 110.4605   0.00   -inf  -nan  10   8  18   8 111.60
    2   2018 10 13 00:41:59.745     2519.745  0.3092 31.0505 110.4505   0.00   -inf  -nan  13  12  25  11 109.19
    3   2018 10 13 00:50:56.855     3056.855  0.3677 31.0505 110.4505  10.00   -inf  -nan  17  11  28   9 106.33
    4   2018 10 13 00:52:31.082     3151.082  0.2093 31.0705 110.4805   0.00   -inf  -nan   4   4   8   4 223.56
    5   2018 10 13 01:09:53.291     4193.291  0.4076 30.8105 111.1705   8.00   -inf  -nan   8   5  13   5 249.55
    6   2018 10 13 01:37:31.318     5851.318  0.2822 31.0505 110.4605   6.00   -inf  -nan   7   7  14   6 111.60
    7   2018 10 13 01:39:31.456     5971.456  0.1984 30.8105 111.2805  12.00   -inf  -nan   5   5  10   4 294.33
    8   2018 10 13 02:57:53.596    10673.596  0.4582 31.0605 110.5205   0.00   -inf  -nan   3   3   6   3 290.45
    9   2018 10 13 03:45:48.670    13548.670  0.1138 31.0605 110.4405   2.00   -inf  -nan   3   2   5   2 267.40
   10   2018 10 13 03:49:09.025    13749.025  0.1506 31.0505 110.4605   0.00   -inf  -nan   4   2   6   2 221.25
   11   2018 10 13 04:25:02.145    15902.145  0.1496 30.9705 110.4305   8.00   -inf  -nan   4   2   6   2 162.48
   12   2018 10 13 04:32:13.172    16333.172  0.3701 31.2605 110.8305   0.00   -inf  -nan  11   7  18   6 261.63
   13   2018 10 13 04:47:00.483    17220.483  0.4098 31.0205 110.4605   0.00   -inf  -nan  12   4  16   4  90.43
   14   2018 10 13 04:49:35.978    17375.978  0.3500 30.8905 110.2605  12.00   -inf  -nan   3   3   6   3 234.07
   15   2018 10 13 04:55:58.815    17758.815  0.3021 31.0505 110.4605   2.00   -inf  -nan   7   8  15   7 111.60
   16   2018 10 13 05:05:59.716    18359.716  0.2293 31.0005 110.4505   2.00   -inf  -nan   4   5   9   3 119.20
   17   2018 10 13 05:11:24.810    18684.810  0.3837 31.0605 110.4405   8.00   -inf  -nan   8   8  16   6 113.97
   18   2018 10 13 06:10:18.093    22218.093  0.2072 30.8505 111.1305   4.00   -inf  -nan   9   8  17   8 210.75
   19   2018 10 13 06:23:27.230    23007.230  0.2926 31.0105 110.4705   0.00   -inf  -nan   3   3   6   2 178.44
   20   2018 10 13 06:29:05.424    23345.424  0.4175 31.0605 110.4405   6.00   -inf  -nan   3   7  10   3 170.49
   21   2018 10 13 06:49:20.515    24560.515  0.2492 30.9005 111.1705   2.00   -inf  -nan   4   4   8   4 199.02
   22   2018 10 13 06:50:20.431    24620.431  0.2664 30.8705 110.9405   0.00   -inf  -nan  10   6  16   5  86.65
   23   2018 10 13 07:15:59.762    26159.762  0.3135 31.0505 110.4605   0.00   -inf  -nan  14  12  26  10 109.45
   24   2018 10 13 07:17:12.156    26232.156  0.2446 30.8505 111.1305   4.00   -inf  -nan   6   5  11   5 210.75
   25   2018 10 13 07:36:59.825    27419.825  0.3004 31.0405 110.4505   6.00   -inf  -nan  10  10  20   9 101.78
   26   2018 10 13 08:26:14.206    30374.206  0.3113 31.0505 110.4505   0.00   -inf  -nan  12  10  22   9 109.19
   27   2018 10 13 08:43:47.186    31427.186  0.4229 30.9805 110.4405   6.00   -inf  -nan   3   4   7   2 155.95
   28   2018 10 13 08:52:23.505    31943.505  0.4668 31.0205 110.4805   0.00   -inf  -nan   4   5   9   4 144.86
   29   2018 10 13 08:53:18.172    31998.172  0.3176 31.1205 110.0405   8.00   -inf  -nan  11   6  17   6 185.39
   30   2018 10 13 08:54:05.938    32045.938  0.3980 31.0205 110.4405   6.00   -inf  -nan  12  11  23   9  87.12
   31   2018 10 13 09:27:43.335    34063.335  0.1862 30.8905 111.1605   8.00   -inf  -nan   5   2   7   2 195.54
   32   2018 10 13 09:48:12.151    35292.151  0.3943 31.0205 110.4405   6.00   -inf  -nan  16  16  32  14  87.12
   33   2018 10 13 10:00:07.290    36007.290  0.3345 30.9405 110.0105  14.00   -inf  -nan   8   4  12   4 148.42
   34   2018 10 13 10:43:11.620    38591.620  0.3988 31.0205 110.4405   6.00   -inf  -nan   6   6  12   6 123.87
   35   2018 10 13 11:40:07.190    42007.190  0.3476 31.0505 110.4505  10.00   -inf  -nan  21  18  39  17 106.33
   36   2018 10 13 11:40:55.629    42055.629  0.3859 31.0405 110.4505   6.00   -inf  -nan   9  10  19   7 101.38
   37   2018 10 13 11:42:05.448    42125.448  0.3977 31.0605 110.4605   8.00   -inf  -nan  18  16  34  14 115.11
   38   2018 10 13 11:42:44.117    42164.117  0.2952 31.0505 110.4605   4.00   -inf  -nan   8   8  16   8 111.60
   39   2018 10 13 12:10:46.652    43846.652  0.3069 31.0505 110.4605   2.00   -inf  -nan   7   7  14   7 157.85
   40   2018 10 13 12:33:46.224    45226.224  0.3098 31.0205 110.4605   4.00   -inf  -nan   3   4   7   1 136.62
   41   2018 10 13 13:10:09.160    47409.160  0.4372 31.0605 110.4805   0.00   -inf  -nan   5   6  11   5 175.68
   42   2018 10 13 13:23:16.887    48196.887  0.2854 31.0505 110.4605  10.00   -inf  -nan  19  14  33  12 109.45
   43   2018 10 13 13:24:59.805    48299.805  0.2894 31.0505 110.4605   4.00   -inf  -nan   8   9  17   8 111.60
   44   2018 10 13 13:50:21.535    49821.535  0.3484 31.0505 110.4505   6.00   -inf  -nan   7   8  15   6 109.19
   45   2018 10 13 14:13:24.851    51204.851  0.4537 31.0205 110.4405   8.00   -inf  -nan  15  15  30  14  87.12
   46   2018 10 13 14:29:57.860    52197.860  0.3617 31.0505 110.4505   4.00   -inf  -nan   4   5   9   4 205.41
   47   2018 10 13 14:32:56.096    52376.096  0.3138 31.0505 110.4605   6.00   -inf  -nan  12  14  26  11 111.60
   48   2018 10 13 14:46:58.695    53218.695  0.3001 31.0505 110.4605   8.00   -inf  -nan   8   8  16   8 111.60
   49   2018 10 13 15:05:45.151    54345.151  0.3541 31.0505 110.4605   4.00   -inf  -nan  15  15  30  14 109.45
   50   2018 10 13 15:28:52.692    55732.692  0.2540 30.9405 110.4405   0.00   -inf  -nan   4   3   7   3 230.84
   51   2018 10 13 15:33:37.325    56017.325  0.3302 31.0505 110.4605   2.00   -inf  -nan   8   9  17   7 111.60
   52   2018 10 13 15:58:40.454    57520.454  0.3098 31.0205 110.4405   6.00   -inf  -nan  10   6  16   4 101.35
   53   2018 10 13 16:03:40.770    57820.770  0.1510 31.0905 110.1905   4.00   -inf  -nan   3   2   5   2 296.44
   54   2018 10 13 16:33:13.597    59593.597  0.3256 31.0505 110.4505   6.00   -inf  -nan   3   5   8   2 109.19
   55   2018 10 13 17:05:58.494    61558.494  0.2944 31.0505 110.4605   6.00   -inf  -nan   9   9  18   9 111.60
   56   2018 10 13 17:07:32.783    61652.783  0.4610 31.0305 110.4805   8.00   -inf  -nan   4   4   8   1 152.53
   57   2018 10 13 17:07:47.323    61667.323  0.4801 31.0305 110.4805   0.00   -inf  -nan   3   5   8   3 152.53
   58   2018 10 13 17:37:18.397    63438.397  0.3538 31.0605 110.4405   0.00   -inf  -nan   9   8  17   7 113.97
   59   2018 10 13 17:59:55.605    64795.605  0.3235 31.0505 110.4605   0.00   -inf  -nan   9  10  19   9 111.60
   60   2018 10 13 19:21:05.430    69665.430  0.4122 31.0105 110.4605   2.00   -inf  -nan   3   4   7   3 180.61
   61   2018 10 13 19:25:59.793    69959.793  0.3443 31.0505 110.4605   0.00   -inf  -nan   3   5   8   3 221.25
   62   2018 10 13 19:48:34.092    71314.092  0.2515 31.1405 110.2905   0.00   -inf  -nan   6   3   9   3 138.84
   63   2018 10 13 19:58:17.172    71897.172  0.3004 31.1805 110.1305   8.00   -inf  -nan   5   2   7   2 140.16
   64   2018 10 13 20:22:56.931    73376.931  0.1803 31.0505 110.4605   2.00   -inf  -nan   4   6  10   4 157.85
   65   2018 10 13 20:36:19.068    74179.068  0.3847 31.0605 110.4505   6.00   -inf  -nan  15  14  29  12 111.88
   66   2018 10 13 20:43:24.373    74604.373  0.1144 30.8505 111.1305   6.00   -inf  -nan   3   2   5   2 232.15
   67   2018 10 13 21:03:59.726    75839.726  0.1694 31.1305 110.3405   0.00   -inf  -nan   3   2   5   1 167.58
   68   2018 10 13 21:30:27.163    77427.163  0.2850 31.0505 110.4605  10.00   -inf  -nan   5   6  11   4 111.60
   69   2018 10 13 22:40:17.669    81617.669  0.3020 31.0505 110.4605   0.00   -inf  -nan   5   6  11   5 157.85
   70   2018 10 13 22:48:36.991    82116.991  0.3563 31.2605 110.4205   4.00   -inf  -nan   3   2   5   1 216.04
   71   2018 10 13 23:09:28.173    83368.173  0.2794 31.0505 110.4605   0.00   -inf  -nan   7   7  14   5 111.60
   72   2018 10 13 23:10:55.491    83455.491  0.2412 30.8505 111.1305   6.00   -inf  -nan  13   8  21   8 210.75
   73   2018 10 13 23:25:32.163    84332.163  0.3236 31.0505 110.4505   0.00   -inf  -nan   6   7  13   6 109.19
    1   2018 10 14 00:09:24.664      564.664  0.1967 30.9305 110.7605  10.00   -inf  -nan   7   7  14   6  96.54
    2   2018 10 14 00:23:22.024     1402.024  0.3153 30.9405 110.7605  10.00   -inf  -nan   8   9  17   7  89.30
    3   2018 10 14 00:23:43.904     1423.904  0.2433 30.9405 110.7605  10.00   -inf  -nan   7   8  15   7  98.37
    4   2018 10 14 00:41:00.779     2460.779  0.3016 31.0205 110.4405   6.00   -inf  -nan  11   8  19   7  87.12
    5   2018 10 14 01:09:01.409     4141.409  0.2019 30.9305 110.7605  10.00   -inf  -nan   6   7  13   5  96.54
    6   2018 10 14 02:50:24.943    10224.943  0.1779 30.8505 111.1305   6.00   -inf  -nan   7   5  12   4 210.75
    7   2018 10 14 04:18:08.278    15488.278  0.3461 30.9805 110.0205   6.00   -inf  -nan  14   6  20   4 123.21
    8   2018 10 14 04:20:29.713    15629.713  0.3384 31.0605 110.4805   0.00   -inf  -nan   5   6  11   5 175.68
    9   2018 10 14 04:30:46.687    16246.687  0.2405 30.8505 110.8005  10.00   -inf  -nan   3   3   6   2 147.59
   10   2018 10 14 04:43:55.540    17035.540  0.2958 30.8705 110.8205   4.00   -inf  -nan   4   5   9   4 109.84
   11   2018 10 14 04:53:30.861    17610.861  0.2448 31.0805 109.8505  12.00   -inf  -nan   6   3   9   2 286.81
   12   2018 10 14 05:10:39.948    18639.948  0.3899 31.0505 109.8305   0.00   -inf  -nan   6   8  14   5 246.01
   13   2018 10 14 05:17:33.443    19053.443  0.4954 31.0205 109.8205   0.00   -inf  -nan   7   2   9   1 250.36
   14   2018 10 14 05:19:09.998    19149.998  0.4535 31.0205 109.8205   0.00   -inf  -nan   7   5  12   4 250.36
   15   2018 10 14 05:21:23.801    19283.801  0.2461 31.2205 110.0505   4.00   -inf  -nan   8   3  11   3 205.54
   16   2018 10 14 05:26:07.509    19567.509  0.3628 31.0205 109.7805   8.00   -inf  -nan   6   3   9   1 267.00
   17   2018 10 14 05:32:41.199    19961.199  0.3032 31.3205 110.0405   4.00   -inf  -nan  11   7  18   7 272.57
   18   2018 10 14 05:55:36.796    21336.796  0.3288 31.0505 110.4505   6.00   -inf  -nan   7   6  13   5 109.19
   19   2018 10 14 05:58:43.008    21523.008  0.2842 30.8905 110.7305   0.00   -inf  -nan  13   4  17   4  99.02
   20   2018 10 14 06:05:35.086    21935.086  0.1740 31.2905 110.0605   2.00   -inf  -nan   9   3  12   3 264.05
   21   2018 10 14 06:57:39.631    25059.631  0.2932 31.0605 110.4605   8.00   -inf  -nan  18   4  22   4 128.76
   22   2018 10 14 07:11:23.413    25883.413  0.3283 31.0505 110.4605   0.00   -inf  -nan  12  14  26  11 109.45
   23   2018 10 14 07:11:52.994    25912.994  0.3016 30.7805 110.9305   6.00   -inf  -nan  10   3  13   3 157.56
   24   2018 10 14 07:46:28.059    27988.059  0.3103 30.7905 110.9405   4.00   -inf  -nan   3   3   6   2 193.50
   25   2018 10 14 07:51:34.924    28294.924  0.2599 31.2805 110.0405   6.00   -inf  -nan   4   3   7   3 268.74
   26   2018 10 14 08:02:39.283    28959.283  0.3138 31.0505 110.4605   6.00   -inf  -nan  19  17  36  14 109.45
   27   2018 10 14 08:36:25.065    30985.065  0.3261 31.0505 110.4605   0.00   -inf  -nan   8   9  17   7 111.60
   28   2018 10 14 08:48:59.911    31739.911  0.3747 31.0905 110.5505   0.00   -inf  -nan  14   6  20   5 136.89
   29   2018 10 14 09:18:30.514    33510.514  0.3674 31.0605 110.4605   6.00   -inf  -nan  19  18  37  15 115.11
   30   2018 10 14 09:51:31.316    35491.316  0.3178 31.0505 110.4505  12.00   -inf  -nan   6   6  12   5 109.19
   31   2018 10 14 10:02:34.523    36154.523  0.3472 31.1205 110.0405   4.00   -inf  -nan  10   6  16   5 185.39
   32   2018 10 14 10:10:25.032    36625.032  0.2310 30.9805 109.9405   0.00   -inf  -nan   3   2   5   2 169.71
   33   2018 10 14 10:12:39.192    36759.192  0.2903 30.8505 111.1305   4.00   -inf  -nan   9   6  15   6 210.75
   34   2018 10 14 11:04:47.838    39887.838  0.3482 31.0605 110.4405   0.00   -inf  -nan   4   5   9   4 113.97
   35   2018 10 14 11:26:41.735    41201.735  0.3549 31.0605 110.4405   8.00   -inf  -nan   4   4   8   4 216.40
   36   2018 10 14 11:27:35.035    41255.035  0.3587 31.0505 110.4305  10.00   -inf  -nan   4   4   8   4 213.27
   37   2018 10 14 11:59:47.212    43187.212  0.3368 31.0505 110.4605   0.00   -inf  -nan   8   8  16   7 111.60
   38   2018 10 14 12:49:11.850    46151.850  0.2781 31.0605 110.8205   4.00   -inf  -nan  13  14  27  10 109.59
   39   2018 10 14 13:03:33.524    47013.524  0.3329 31.0605 110.4405   0.00   -inf  -nan   6   4  10   4 170.49
   40   2018 10 14 13:33:47.131    48827.131  0.4413 31.0605 110.4405   8.00   -inf  -nan   7   8  15   6 113.97
   41   2018 10 14 13:48:52.376    49732.376  0.2337 31.0505 110.2105   6.00   -inf  -nan   3   4   7   2 142.20
   42   2018 10 14 15:34:13.390    56053.390  0.1826 31.0505 110.5105  10.00   -inf  -nan   3   2   5   1 167.82
   43   2018 10 14 16:19:47.146    58787.146  0.3183 31.0205 110.4405   6.00   -inf  -nan   6   4  10   3  87.12
   44   2018 10 14 16:26:46.750    59206.750  0.2524 31.1105 110.6405   0.00   -inf  -nan   5   2   7   1 152.71
   45   2018 10 14 16:28:34.146    59314.146  0.3451 31.1705 110.3805   2.00   -inf  -nan  13   9  22   8 163.23
   46   2018 10 14 16:32:31.839    59551.839  0.4050 31.0505 110.4305   6.00   -inf  -nan   8  10  18   8 102.66
   47   2018 10 14 17:19:07.166    62347.166  0.1539 31.1805 110.1305  12.00   -inf  -nan   3   2   5   2 140.16
   48   2018 10 14 19:11:47.553    69107.553  0.2622 31.1505 110.3205   2.00   -inf  -nan   4   2   6   2 191.73
   49   2018 10 14 19:29:02.329    70142.329  0.1443 30.8905 111.1305   6.00   -inf  -nan   7   2   9   2 164.15
   50   2018 10 14 20:22:03.258    73323.258  0.3450 31.0605 110.4805   0.00   -inf  -nan   4   6  10   4 175.68
   51   2018 10 14 20:33:41.454    74021.454  0.3859 30.9305 111.2005   0.00   -inf  -nan   3   3   6   2 279.86
   52   2018 10 14 21:11:26.585    76286.585  0.1824 31.1305 110.3405  12.00   -inf  -nan   3   3   6   3 167.58
   53   2018 10 14 21:16:23.315    76583.315  0.3410 31.1705 110.3105   2.00   -inf  -nan   9   3  12   3 168.79
   54   2018 10 14 21:23:04.857    76984.857  0.3525 31.1505 110.2805   0.00   -inf  -nan   5   3   8   3 181.96
   55   2018 10 14 21:36:59.669    77819.669  0.3969 31.0605 110.4605   8.00   -inf  -nan  14  12  26  12 120.13
   56   2018 10 14 21:42:49.590    78169.590  0.1689 31.0605 110.3605   8.00   -inf  -nan   3   2   5   2 179.08
   57   2018 10 14 21:43:29.997    78209.997  0.3743 31.0205 110.4405   6.00   -inf  -nan  14   9  23   9  87.12
   58   2018 10 14 21:45:56.524    78356.524  0.3620 31.0205 110.4405   6.00   -inf  -nan   8   7  15   7 101.35
   59   2018 10 14 22:53:18.809    82398.809  0.2455 31.1205 110.0405   8.00   -inf  -nan   3   2   5   2 222.91
   60   2018 10 14 23:27:43.898    84463.898  0.3189 31.0205 110.4405   8.00   -inf  -nan  20  15  35  14  87.12
   61   2018 10 14 23:28:14.332    84494.332  0.4228 31.0505 110.4505   4.00   -inf  -nan  16  18  34  14 106.33
   62   2018 10 14 23:32:11.642    84731.642  0.2443 31.0705 110.4805   2.00   -inf  -nan   3   3   6   2 223.56
   63   2018 10 14 23:33:21.287    84801.287  0.2280 30.8505 111.1305   2.00   -inf  -nan  11   8  19   8 210.25
   64   2018 10 14 23:34:00.653    84840.653  0.2704 30.8305 111.1405   4.00   -inf  -nan   9   5  14   2 223.39
   65   2018 10 14 23:40:29.248    85229.248  0.4001 31.0605 110.4605   6.00   -inf  -nan  13  12  25  12 120.13
    1   2018 10 15 01:28:18.548     5298.548  0.3715 30.8505 111.2405   6.00   -inf  -nan   8   5  13   4 275.59
    2   2018 10 15 02:07:30.310     7650.310  0.1783 30.8905 111.3605   8.00   -inf  -nan   7   4  11   4 317.83
    3   2018 10 15 02:29:40.787     8980.787  0.3301 30.7305 111.1305   0.00   -inf  -nan   5   4   9   3 249.67
    4   2018 10 15 03:10:52.524    11452.524  0.3179 31.0205 110.4405   6.00   -inf  -nan   4   5   9   3 128.00
    5   2018 10 15 03:14:22.954    11662.954  0.3968 31.0205 110.4405   6.00   -inf  -nan  15  15  30  13  87.12
    6   2018 10 15 03:15:51.263    11751.263  0.4602 31.0205 110.4605  12.00   -inf  -nan   8   9  17   7  90.43
    7   2018 10 15 03:23:30.919    12210.919  0.3966 31.0505 110.4605   2.00   -inf  -nan  15  13  28  13 109.45
    8   2018 10 15 03:48:12.860    13692.860  0.4119 30.9705 110.3705   4.00   -inf  -nan   8   5  13   3  88.31
    9   2018 10 15 03:48:49.929    13729.929  0.3924 31.0505 110.4605   2.00   -inf  -nan  10  12  22   9 109.45
   10   2018 10 15 04:10:08.240    15008.240  0.2136 31.2105 110.7905   0.00   -inf  -nan   3   2   5   2 262.68
   11   2018 10 15 04:24:44.786    15884.786  0.1560 30.8505 111.1305   6.00   -inf  -nan  10   6  16   6 210.25
   12   2018 10 15 05:20:21.602    19221.602  0.4248 30.8505 111.2105  12.00   -inf  -nan   5   2   7   2 260.19
   13   2018 10 15 05:54:47.023    21287.023  0.3220 31.0605 110.4405   6.00   -inf  -nan   3   2   5   2 210.58
   14   2018 10 15 06:07:34.431    22054.431  0.4047 31.0205 110.4605  12.00   -inf  -nan  19  19  38  17  90.43
   15   2018 10 15 06:19:11.850    22751.850  0.4388 31.0505 110.4505   2.00   -inf  -nan  15  16  31  12 106.33
   16   2018 10 15 06:21:32.152    22892.152  0.3062 31.0205 110.4405   6.00   -inf  -nan  12   6  18   6  97.11
   17   2018 10 15 06:28:09.756    23289.756  0.4055 31.0205 110.4405  12.00   -inf  -nan   7   7  14   6  87.11
   18   2018 10 15 06:41:39.883    24099.883  0.3915 31.0505 110.4505   8.00   -inf  -nan  20  16  36  15 106.33
   19   2018 10 15 06:49:34.251    24574.251  0.2803 30.8505 111.2405   8.00   -inf  -nan   7   6  13   4 278.91
   20   2018 10 15 06:57:07.620    25027.620  0.2669 30.8105 111.2405   6.00   -inf  -nan   7   4  11   4 279.73
   21   2018 10 15 07:03:48.913    25428.913  0.3096 30.8505 111.1305   6.00   -inf  -nan   8   7  15   5 210.25
   22   2018 10 15 07:22:04.428    26524.428  0.3824 31.0505 110.4505  10.00   -inf  -nan  21  17  38  17 106.33
   23   2018 10 15 07:23:58.923    26638.923  0.1769 31.0605 110.4805   0.00   -inf  -nan   3   2   5   1 217.29
   24   2018 10 15 07:25:32.267    26732.267  0.2905 31.0505 110.4505  10.00   -inf  -nan  18  15  33  13 106.33
   25   2018 10 15 07:27:18.983    26838.983  0.0879 31.0105 110.4705   0.00   -inf  -nan   3   2   5   2 178.44
   26   2018 10 15 07:41:25.575    27685.575  0.3203 31.0505 110.4705   0.00   -inf  -nan   5   5  10   5 159.22
   27   2018 10 15 07:43:07.404    27787.404  0.3511 31.0505 110.4505  10.00   -inf  -nan  19  14  33  14 106.33
   28   2018 10 15 07:54:25.570    28465.570  0.3703 31.0205 110.4505   8.00   -inf  -nan  16  16  32  16  88.98
   29   2018 10 15 08:13:07.234    29587.234  0.2231 31.0605 110.4805   0.00   -inf  -nan   3   3   6   2 217.29
   30   2018 10 15 08:34:01.495    30841.495  0.4216 31.0705 110.4805  12.00   -inf  -nan   4   5   9   3 133.83
   31   2018 10 15 09:16:55.941    33415.941  0.2808 31.0205 110.7005   6.00   -inf  -nan   8   5  13   5 133.52
   32   2018 10 15 09:20:40.409    33640.409  0.2660 31.0605 110.4805   0.00   -inf  -nan   5   5  10   5 175.68
   33   2018 10 15 09:23:09.864    33789.864  0.2627 31.0505 110.4605   6.00   -inf  -nan  14  13  27  11 111.60
   34   2018 10 15 09:24:24.384    33864.384  0.3147 31.0505 110.4605   6.00   -inf  -nan   6   7  13   6 111.60
   35   2018 10 15 09:24:50.154    33890.154  0.2431 30.6505 110.8905   8.00   -inf  -nan   3   2   5   1 330.99
   36   2018 10 15 09:30:08.464    34208.464  0.1007 31.3005 110.1305   8.00   -inf  -nan   3   2   5   2 271.61
   37   2018 10 15 09:47:40.316    35260.316  0.4735 31.0505 109.9505   2.00   -inf  -nan  10   8  18   6 259.14
   38   2018 10 15 11:03:56.490    39836.490  0.4043 31.0505 110.4705   2.00   -inf  -nan   4   4   8   3 208.71
   39   2018 10 15 11:38:00.098    41880.098  0.2671 31.0205 110.4805   4.00   -inf  -nan   5   4   9   4 144.86
   40   2018 10 15 12:08:11.052    43691.052  0.3664 31.0605 110.4405   8.00   -inf  -nan   5   4   9   4 170.49
   41   2018 10 15 12:15:16.149    44116.149  0.4023 31.0305 110.4805   8.00   -inf  -nan   8  12  20   7  98.79
   42   2018 10 15 12:20:11.401    44411.401  0.3658 31.0505 110.4705   8.00   -inf  -nan   7  11  18   7 113.45
   43   2018 10 15 12:43:28.215    45808.215  0.3731 31.0205 110.4405  10.00   -inf  -nan  16  13  29  13  87.11
   44   2018 10 15 12:55:38.592    46538.592  0.2824 31.0505 110.4605   0.00   -inf  -nan   6   7  13   6 111.60
   45   2018 10 15 13:08:28.131    47308.131  0.2113 31.0305 110.4805  14.00   -inf  -nan   4   4   8   4 142.66
   46   2018 10 15 13:35:20.015    48920.015  0.3204 31.0505 110.4705  12.00   -inf  -nan   6   6  12   5 113.45
   47   2018 10 15 14:09:30.559    50970.559  0.2669 31.0505 110.4605   6.00   -inf  -nan  11   9  20   9 111.60
   48   2018 10 15 14:15:00.739    51300.739  0.4493 31.0605 110.4405   2.00   -inf  -nan   4   7  11   4 170.49
   49   2018 10 15 14:21:07.058    51667.058  0.2528 30.8905 111.1305   6.00   -inf  -nan   6   3   9   3 164.15
   50   2018 10 15 14:59:28.626    53968.626  0.4051 31.0205 110.4405   8.00   -inf  -nan  13  10  23  10  87.12
   51   2018 10 15 15:10:25.012    54625.012  0.3182 31.0505 110.4605   0.00   -inf  -nan   7   9  16   7 111.60
   52   2018 10 15 15:59:36.440    57576.440  0.1940 31.0505 110.4605   0.00   -inf  -nan   4   4   8   2 111.60
   53   2018 10 15 16:03:58.610    57838.610  0.3363 31.0505 110.4605   0.00   -inf  -nan  11   8  19   8 111.60
   54   2018 10 15 17:40:50.520    63650.520  0.3254 31.0505 110.4605   2.00   -inf  -nan   6   6  12   6 157.85
   55   2018 10 15 19:00:08.347    68408.347  0.4687 31.0705 110.4805   6.00   -inf  -nan   3   6   9   3 183.55
   56   2018 10 15 19:04:24.996    68664.996  0.4669 31.0305 110.4405  12.00   -inf  -nan   5   7  12   5  92.86
   57   2018 10 15 20:39:09.891    74349.891  0.2619 30.9405 110.7605  10.00   -inf  -nan   5   5  10   3  89.30
   58   2018 10 15 20:57:31.855    75451.855  0.2670 31.1705 110.3405   6.00   -inf  -nan   9   3  12   3 176.84
   59   2018 10 15 21:18:16.480    76696.480  0.2271 31.0105 110.8005   6.00   -inf  -nan   9   6  15   5 135.37
   60   2018 10 15 21:52:35.645    78755.645  0.2659 31.0505 110.4705   0.00   -inf  -nan   5   6  11   5 162.94
   61   2018 10 15 22:06:28.210    79588.210  0.3149 31.0305 110.4405   0.00   -inf  -nan   4   7  11   4  92.86
   62   2018 10 15 22:13:58.919    80038.919  0.2925 31.0505 110.4605   0.00   -inf  -nan  16  15  31  15 111.60
   63   2018 10 15 22:24:41.470    80681.470  0.4010 31.0605 110.4405   4.00   -inf  -nan   4   4   8   3 170.49
   64   2018 10 15 23:28:45.246    84525.246  0.1845 30.8505 111.1305   4.00   -inf  -nan   7   6  13   6 210.25
    1   2018 10 16 00:20:16.238     1216.238  0.1927 31.0605 110.4805   0.00   -inf  -nan   3   4   7   3 217.29
    2   2018 10 16 01:29:09.142     5349.142  0.2808 30.8105 111.2805   2.00   -inf  -nan   7   6  13   4 294.33
    3   2018 10 16 01:44:39.393     6279.393  0.2297 30.8505 111.1305   4.00   -inf  -nan   5   4   9   4 210.75
    4   2018 10 16 01:45:05.895     6305.895  0.2093 30.8505 111.1305   4.00   -inf  -nan   9   4  13   4 210.75
    5   2018 10 16 02:02:33.803     7353.803  0.2865 30.8905 111.0105   4.00   -inf  -nan   5   2   7   2 137.69
    6   2018 10 16 03:35:39.961    12939.961  0.2869 31.0705 110.4805  10.00   -inf  -nan   4   5   9   4 183.55
    7   2018 10 16 03:36:25.697    12985.697  0.3622 30.8805 110.1305   2.00   -inf  -nan   4   2   6   2 189.39
    8   2018 10 16 04:11:27.663    15087.663  0.4741 31.0605 110.4605   8.00   -inf  -nan   5   4   9   3 165.36
    9   2018 10 16 04:43:00.397    16980.397  0.0921 30.8205 110.9705   0.00   -inf  -nan   3   2   5   1 271.67
   10   2018 10 16 04:45:19.528    17119.528  0.2092 31.0105 110.4305  12.00   -inf  -nan   4   3   7   3 184.80
   11   2018 10 16 05:17:16.908    19036.908  0.3180 31.2005 110.0405  10.00   -inf  -nan   4   3   7   3 173.24
   12   2018 10 16 05:26:18.631    19578.631  0.2460 31.2405 110.0505   6.00   -inf  -nan   9   4  13   4 231.58
   13   2018 10 16 05:28:41.619    19721.619  0.1252 31.2005 110.0005  12.00   -inf  -nan   3   2   5   1 223.19
   14   2018 10 16 05:39:19.861    20359.861  0.3706 31.0505 110.4605   0.00   -inf  -nan  14  11  25  11 109.45
   15   2018 10 16 05:46:32.396    20792.396  0.3404 30.8205 110.3805   0.00   -inf  -nan   7   3  10   2 188.99
   16   2018 10 16 07:31:37.275    27097.275  0.3446 31.0605 110.4605   8.00   -inf  -nan  18  17  35  15 115.11
   17   2018 10 16 07:33:04.448    27184.448  0.3105 31.0505 110.4505   6.00   -inf  -nan  12  12  24  11 109.19
   18   2018 10 16 07:33:20.246    27200.246  0.3328 30.9105 110.7205  14.00   -inf  -nan   7   7  14   6 105.56
   19   2018 10 16 07:49:39.288    28179.288  0.3854 31.0505 110.4505   0.00   -inf  -nan  16  19  35  15 106.33
   20   2018 10 16 08:04:55.478    29095.478  0.3658 30.8505 110.4005   0.00   -inf  -nan   5   3   8   3 233.40
   21   2018 10 16 08:58:48.067    32328.067  0.3906 31.2405 110.0005  12.00   -inf  -nan   7   3  10   3 262.32
   22   2018 10 16 10:06:32.553    36392.553  0.1694 30.8205 111.1705   6.00   -inf  -nan   7   6  13   5 240.25
   23   2018 10 16 10:26:24.679    37584.679  0.3428 31.0605 110.4605   0.00   -inf  -nan   3   4   7   2 203.08
   24   2018 10 16 10:39:33.234    38373.234  0.3537 31.0505 110.4505   8.00   -inf  -nan  13  12  25  11 106.33
   25   2018 10 16 11:06:49.857    40009.857  0.1262 31.1005 110.8305  12.00   -inf  -nan   4   3   7   3 204.48
   26   2018 10 16 11:10:03.570    40203.570  0.3146 31.0905 110.1905   2.00   -inf  -nan  11   9  20   9 117.80
   27   2018 10 16 11:41:17.054    42077.054  0.4017 30.8905 111.1605  10.00   -inf  -nan   5   2   7   2 195.54
   28   2018 10 16 12:02:54.551    43374.551  0.4182 31.0205 110.4405   6.00   -inf  -nan  17  18  35  15  87.12
   29   2018 10 16 14:51:35.020    53495.020  0.0956 31.0205 110.4405   8.00   -inf  -nan   3   3   6   3 166.62
   30   2018 10 16 14:51:44.287    53504.287  0.3979 30.9405 111.2705   0.00   -inf  -nan   4   2   6   2 306.46
   31   2018 10 16 15:46:09.424    56769.424  0.2326 31.1805 110.3405   0.00   -inf  -nan   4   3   7   3 256.88
   32   2018 10 16 15:59:04.676    57544.676  0.2105 31.2105 110.3005   0.00   -inf  -nan   4   3   7   3 289.52
   33   2018 10 16 17:27:22.645    62842.645  0.2620 31.0505 110.4605   0.00   -inf  -nan   9   9  18   9 111.60
   34   2018 10 16 17:39:32.693    63572.693  0.3164 31.0505 110.4605   6.00   -inf  -nan  12  11  23  11 111.60
   35   2018 10 16 17:51:54.904    64314.904  0.3333 31.1405 110.5405  16.00   -inf  -nan   4   2   6   1 270.01
   36   2018 10 16 17:54:41.886    64481.886  0.4219 31.0505 110.4605   8.00   -inf  -nan   5   6  11   4 111.60
   37   2018 10 16 18:09:56.614    65396.614  0.2333 30.8505 111.0905  10.00   -inf  -nan   3   2   5   2 170.85
   38   2018 10 16 18:37:51.280    67071.280  0.1885 31.1605 110.0805  16.00   -inf  -nan   3   2   5   2 169.00
   39   2018 10 16 19:33:43.655    70423.655  0.2857 31.0505 110.4605   0.00   -inf  -nan   6   7  13   6 111.60
   40   2018 10 16 19:35:15.711    70515.711  0.2462 30.9005 110.4605  10.00   -inf  -nan   5   5  10   4 167.40
   41   2018 10 16 19:38:14.228    70694.228  0.1731 31.1605 110.0805   6.00   -inf  -nan   4   3   7   2 137.44
   42   2018 10 16 19:59:59.496    71999.496  0.0930 30.9005 110.5605   8.00   -inf  -nan   3   3   6   3 179.22
   43   2018 10 16 21:11:03.431    76263.431  0.3343 31.0505 110.4505   2.00   -inf  -nan   6   7  13   6 109.19
   44   2018 10 16 23:24:09.132    84249.132  0.2665 30.9405 110.7505  10.00   -inf  -nan   8   7  15   7  92.19
   45   2018 10 16 23:25:43.848    84343.848  0.2048 30.8505 111.1305   6.00   -inf  -nan   8   6  14   6 210.25
    1   2018 10 17 01:32:52.146     5572.146  0.1127 30.8505 111.2405   8.00   -inf  -nan   3   2   5   2 293.47
    2   2018 10 17 02:23:59.900     8639.900  0.1947 31.1805 111.0205  12.00   -inf  -nan   5   3   8   2 266.24
    3   2018 10 17 02:34:42.185     9282.185  0.2009 30.8505 111.1605   8.00   -inf  -nan   6   4  10   4 225.53
    4   2018 10 17 04:03:03.671    14583.671  0.3218 31.0205 109.8205   0.00   -inf  -nan   3   2   5   2 250.36
    5   2018 10 17 04:06:26.261    14786.261  0.3557 31.0205 109.8605   4.00   -inf  -nan   4   2   6   2 229.57
    6   2018 10 17 04:18:56.305    15536.305  0.3186 31.0105 110.4705   8.00   -inf  -nan   7   3  10   2  85.46
    7   2018 10 17 04:26:54.174    16014.174  0.4628 31.0205 109.8205   2.00   -inf  -nan  10   7  17   5 250.36
    8   2018 10 17 04:32:45.246    16365.246  0.2279 31.1205 109.8905   6.00   -inf  -nan   4   2   6   1 279.99
    9   2018 10 17 05:38:03.496    20283.496  0.1381 31.0105 110.4705   0.00   -inf  -nan   3   3   6   3 178.44
   10   2018 10 17 05:39:54.449    20394.449  0.1845 30.9705 110.8005   6.00   -inf  -nan   3   5   8   3 134.92
   11   2018 10 17 06:18:26.679    22706.679  0.3331 31.0505 110.4605   6.00   -inf  -nan  13  10  23  10 109.45
   12   2018 10 17 06:28:26.065    23306.065  0.3690 31.0505 110.4605   6.00   -inf  -nan  10   9  19   7 109.45
   13   2018 10 17 07:08:28.214    25708.214  0.1875 31.1005 110.4005  12.00   -inf  -nan   3   2   5   2 211.17
   14   2018 10 17 07:15:20.934    26120.934  0.3017 30.8105 111.2805   0.00   -inf  -nan   7   7  14   6 287.89
   15   2018 10 17 07:26:58.287    26818.287  0.2619 30.8505 111.2405   6.00   -inf  -nan   5   2   7   2 293.47
   16   2018 10 17 07:59:24.191    28764.191  0.3486 31.0505 110.4505   4.00   -inf  -nan  15  18  33  13 106.33
   17   2018 10 17 08:00:58.047    28858.047  0.4264 31.1005 109.9405   8.00   -inf  -nan   9   7  16   3 197.37
   18   2018 10 17 09:07:18.968    32838.968  0.0914 30.8505 111.1305   6.00   -inf  -nan   5   5  10   5 210.75
   19   2018 10 17 09:10:46.083    33046.083  0.1636 30.8505 111.1305   6.00   -inf  -nan   9   7  16   6 210.25
   20   2018 10 17 09:43:22.628    35002.628  0.2394 31.0105 110.5405  20.00   -inf  -nan   4   3   7   3 100.30
   21   2018 10 17 10:15:47.117    36947.117  0.2472 31.0805 109.8505  10.00   -inf  -nan   7   4  11   4 286.81
   22   2018 10 17 10:55:44.031    39344.031  0.2998 31.0505 110.4605   0.00   -inf  -nan  14  12  26  12 111.60
   23   2018 10 17 11:11:41.448    40301.448  0.3261 31.0505 110.4605   0.00   -inf  -nan  16  15  31  13 109.45
   24   2018 10 17 13:08:34.680    47314.680  0.1637 31.1805 110.5305   0.00   -inf  -nan   3   2   5   1 177.44
   25   2018 10 17 13:38:07.477    49087.477  0.2935 31.0605 110.4805   0.00   -inf  -nan   3   4   7   2 175.68
   26   2018 10 17 16:23:03.739    58983.739  0.2480 31.0105 110.5105  18.00   -inf  -nan   3   3   6   2 125.07
   27   2018 10 17 19:00:28.162    68428.162  0.2855 31.1405 110.2905   0.00   -inf  -nan   6   4  10   4 138.84
   28   2018 10 17 19:09:52.045    68992.045  0.3797 31.0505 110.4505   2.00   -inf  -nan  13  13  26  12 106.33
   29   2018 10 17 21:01:37.440    75697.440  0.3021 30.9905 110.8405   0.00   -inf  -nan  11  10  21  10 118.93
   30   2018 10 17 22:14:08.692    80048.692  0.3653 31.0505 110.4505   6.00   -inf  -nan  21  20  41  19 106.33
   31   2018 10 17 23:06:14.197    83174.197  0.1307 30.8505 111.1305   6.00   -inf  -nan   7   5  12   4 210.25
   32   2018 10 17 23:30:50.115    84650.115  0.4694 31.0505 110.4705  10.00   -inf  -nan   6   5  11   4 113.45
    1   2018 10 18 01:20:01.228     4801.228  0.3634 31.1005 110.4405   8.00   -inf  -nan   4   4   8   3 187.83
    2   2018 10 18 02:08:08.155     7688.155  0.2576 30.9205 110.0105   6.00   -inf  -nan   4   2   6   2 267.90
    3   2018 10 18 03:04:01.032    11041.032  0.2791 30.8505 111.1305   6.00   -inf  -nan  10  11  21  10 210.25
    4   2018 10 18 03:08:36.301    11316.301  0.1875 31.0105 111.3205  10.00   -inf  -nan   4   2   6   1 313.46
    5   2018 10 18 04:06:44.553    14804.553  0.3931 31.0205 109.7805   4.00   -inf  -nan  10   5  15   4 267.00
    6   2018 10 18 04:22:13.965    15733.965  0.4184 31.0205 109.8205   0.00   -inf  -nan  12   7  19   6 250.36
    7   2018 10 18 04:26:34.796    15994.796  0.3410 31.2505 110.3005   8.00   -inf  -nan   3   2   5   2 350.80
    8   2018 10 18 05:28:43.603    19723.603  0.3239 31.2605 110.9105  10.00   -inf  -nan   3   5   8   3 278.51
    9   2018 10 18 05:32:49.166    19969.166  0.2421 31.2005 109.8005   0.00   -inf  -nan   3   3   6   3 334.66
   10   2018 10 18 05:39:09.561    20349.561  0.2213 30.8305 111.1405   4.00   -inf  -nan   9   7  16   7 223.39
   11   2018 10 18 05:52:22.198    21142.198  0.2723 31.2805 110.1205   4.00   -inf  -nan   4   2   6   2 251.97
   12   2018 10 18 07:36:53.314    27413.314  0.0948 30.9305 111.4005   4.00   -inf  -nan   4   2   6   2 332.67
   13   2018 10 18 07:51:55.650    28315.650  0.2430 30.9505 110.8005   4.00   -inf  -nan   7   5  12   5 110.17
   14   2018 10 18 07:52:46.178    28366.178  0.4619 30.9805 110.7005   0.00   -inf  -nan   7   4  11   4 104.65
   15   2018 10 18 07:59:23.195    28763.195  0.2928 31.1205 110.0405   8.00   -inf  -nan  13   7  20   5 185.39
   16   2018 10 18 09:25:55.928    33955.928  0.2562 30.8705 110.7405   4.00   -inf  -nan   8   5  13   4  96.73
   17   2018 10 18 09:40:33.855    34833.855  0.2115 30.7705 111.1705   0.00   -inf  -nan   7   2   9   2 251.57
   18   2018 10 18 09:47:26.583    35246.583  0.4788 30.8405 110.1305   2.00   -inf  -nan   3   2   5   1 288.00
   19   2018 10 18 09:48:45.753    35325.753  0.3085 30.9705 110.8005   0.00   -inf  -nan  16   5  21   5  61.01
   20   2018 10 18 11:09:06.671    40146.671  0.2999 31.0505 110.4605   0.00   -inf  -nan   6   7  13   6 157.85
   21   2018 10 18 12:18:42.580    44322.580  0.2150 30.9405 110.4405   0.00   -inf  -nan   3   3   6   3 230.84
   22   2018 10 18 13:34:31.476    48871.476  0.3567 31.0505 110.4505   4.00   -inf  -nan  12  14  26  12 106.33
   23   2018 10 18 14:13:00.307    51180.307  0.2963 31.0305 110.4805   8.00   -inf  -nan   3   3   6   3 196.40
   24   2018 10 18 15:18:07.060    55087.060  0.2246 31.0205 110.4405   6.00   -inf  -nan   4   3   7   1 128.00
   25   2018 10 18 16:27:51.755    59271.755  0.2723 31.0505 110.4605  12.00   -inf  -nan  21   9  30   9 109.45
   26   2018 10 18 17:50:15.369    64215.369  0.3689 31.0505 110.4205   6.00   -inf  -nan  13  13  26  12  94.28
   27   2018 10 18 17:54:11.944    64451.944  0.4216 31.0605 110.4405   8.00   -inf  -nan   3   4   7   3 154.06
   28   2018 10 18 19:51:35.021    71495.021  0.3916 31.0605 110.4405   2.00   -inf  -nan   6   6  12   5 154.06
   29   2018 10 18 19:53:53.787    71633.787  0.2145 31.0505 110.4205   6.00   -inf  -nan   4   4   8   4 190.94
   30   2018 10 18 20:00:25.166    72025.166  0.4410 31.1705 110.1505   8.00   -inf  -nan   3   2   5   2 132.37
   31   2018 10 18 20:19:32.598    73172.598  0.3361 31.0505 110.4605   4.00   -inf  -nan  11  10  21   9 129.92
   32   2018 10 18 21:51:51.594    78711.594  0.3376 31.0505 110.4605   8.00   -inf  -nan   9   8  17   8 111.60
   33   2018 10 18 21:59:31.876    79171.876  0.4211 31.0605 110.4405  10.00   -inf  -nan   5   6  11   5 113.97
    1   2018 10 19 00:25:37.243     1537.243  0.3832 31.0205 110.4605   0.00   -inf  -nan  12  12  24  11  90.43
    2   2018 10 19 00:52:39.866     3159.866  0.4190 31.0205 110.4405   6.00   -inf  -nan  12  12  24   9  87.12
    3   2018 10 19 01:11:37.928     4297.928  0.3213 31.0505 110.4705  12.00   -inf  -nan   4   5   9   4 159.22
    4   2018 10 19 01:31:43.537     5503.537  0.2383 30.8505 111.1305   4.00   -inf  -nan  11   9  20   9 210.25
    5   2018 10 19 01:43:48.186     6228.186  0.3248 30.8505 111.2405   4.00   -inf  -nan   8   3  11   3 278.91
    6   2018 10 19 02:08:45.810     7725.810  0.2435 30.7305 111.1305   2.00   -inf  -nan   4   3   7   3 302.22
    7   2018 10 19 03:08:30.924    11310.924  0.2686 30.8105 111.1705   6.00   -inf  -nan  11   7  18   7 242.73
    8   2018 10 19 03:23:17.399    12197.399  0.3253 31.2905 110.8405   0.00   -inf  -nan  11   6  17   6 266.26
    9   2018 10 19 03:24:10.329    12250.329  0.3799 31.2205 110.7905   0.00   -inf  -nan   5   4   9   3 260.44
   10   2018 10 19 03:49:32.564    13772.564  0.2068 30.8505 111.1305   4.00   -inf  -nan   9   4  13   3 210.25
   11   2018 10 19 04:03:39.082    14619.082  0.2476 31.0505 110.4605   0.00   -inf  -nan   7   8  15   7 111.60
   12   2018 10 19 04:10:39.705    15039.705  0.1455 31.0205 109.9005   4.00   -inf  -nan   3   2   5   2 205.32
   13   2018 10 19 04:13:56.852    15236.852  0.3146 31.1705 110.3505   6.00   -inf  -nan  13   4  17   3 159.49
   14   2018 10 19 04:28:32.413    16112.413  0.3107 30.9905 110.8005   0.00   -inf  -nan  14   6  20   6 122.96
   15   2018 10 19 04:46:52.677    17212.677  0.3664 31.0505 110.4505   8.00   -inf  -nan  11  13  24  10 109.19
   16   2018 10 19 05:27:58.497    19678.497  0.3214 30.8805 110.5705  20.00   -inf  -nan   3   2   5   1 204.43
   17   2018 10 19 07:09:21.541    25761.541  0.2006 30.8105 111.2805   2.00   -inf  -nan   3   3   6   2 294.33
   18   2018 10 19 07:10:43.794    25843.794  0.4086 31.0205 109.8205  14.00   -inf  -nan   3   2   5   1 250.36
   19   2018 10 19 07:12:14.888    25934.888  0.3361 30.8105 111.2505   8.00   -inf  -nan   6   6  12   4 283.67
   20   2018 10 19 07:13:15.306    25995.306  0.3898 31.0205 109.8605   4.00   -inf  -nan   5   3   8   3 229.57
   21   2018 10 19 07:17:05.698    26225.698  0.3809 31.0205 109.8205   4.00   -inf  -nan   4   3   7   3 250.36
   22   2018 10 19 07:25:56.758    26756.758  0.3313 30.8205 111.1705   2.00   -inf  -nan   9   7  16   6 240.25
   23   2018 10 19 07:43:12.563    27792.563  0.2481 31.0505 110.4605   0.00   -inf  -nan   5   4   9   4 111.60
   24   2018 10 19 07:52:19.311    28339.311  0.4741 31.0205 110.4405   4.00   -inf  -nan   5   7  12   5 124.44
   25   2018 10 19 08:07:20.800    29240.800  0.3143 31.0505 110.4605   2.00   -inf  -nan  15  15  30  13 109.45
   26   2018 10 19 09:08:50.660    32930.660  0.2706 31.1405 110.2905   0.00   -inf  -nan   3   2   5   2 138.84
   27   2018 10 19 09:55:53.804    35753.804  0.4311 31.0205 110.4405   6.00   -inf  -nan   5   6  11   4  97.11
   28   2018 10 19 11:03:10.458    39790.458  0.3741 30.8605 110.8105   6.00   -inf  -nan   8   8  16   6 105.38
   29   2018 10 19 11:51:15.925    42675.925  0.3342 31.0505 110.4505   0.00   -inf  -nan  14  16  30  13 106.33
   30   2018 10 19 14:28:08.173    52088.173  0.1626 31.0105 110.4705   0.00   -inf  -nan   3   2   5   2 263.94
   31   2018 10 19 15:02:37.104    54157.104  0.3751 31.0505 110.4605   6.00   -inf  -nan  13  10  23  10 109.45
   32   2018 10 19 15:13:58.768    54838.768  0.4524 31.1305 110.4505   8.00   -inf  -nan   3   3   6   3 297.82
   33   2018 10 19 15:27:47.044    55667.044  0.3044 31.2905 110.6205   2.00   -inf  -nan   5   3   8   3 261.52
   34   2018 10 19 15:37:13.354    56233.354  0.3767 31.0505 110.4605   6.00   -inf  -nan   9   9  18   8 111.60
   35   2018 10 19 16:57:31.434    61051.434  0.2471 30.9805 110.8205   2.00   -inf  -nan   5   3   8   3 159.21
   36   2018 10 19 17:17:32.855    62252.855  0.4416 31.0105 110.4705  16.00   -inf  -nan   4   4   8   4 175.99
   37   2018 10 19 17:37:58.483    63478.483  0.2881 31.0505 110.4605   2.00   -inf  -nan   8   8  16   8 111.60
   38   2018 10 19 17:42:04.432    63724.432  0.3874 31.0305 110.4005   4.00   -inf  -nan   4   5   9   3 113.37
   39   2018 10 19 18:15:11.207    65711.207  0.2681 31.1605 110.0805   8.00   -inf  -nan   3   2   5   2 169.00
   40   2018 10 19 18:15:35.433    65735.433  0.3506 31.0205 110.4805   0.00   -inf  -nan   3   5   8   2  91.96
   41   2018 10 19 18:44:26.224    67466.224  0.3071 31.0505 110.4605   6.00   -inf  -nan  11  10  21  10 111.60
   42   2018 10 19 19:05:44.849    68744.849  0.4002 31.0205 110.4405   2.00   -inf  -nan  13  11  24  10  87.12
   43   2018 10 19 20:18:54.128    73134.128  0.3886 31.1705 110.3005   0.00   -inf  -nan   6   5  11   4 178.20
   44   2018 10 19 21:05:22.242    75922.242  0.3233 30.9405 110.7805   6.00   -inf  -nan  14  15  29  12 133.23
   45   2018 10 19 21:55:51.438    78951.438  0.3772 31.0505 110.4605   4.00   -inf  -nan   6   7  13   6 111.60
   46   2018 10 19 22:23:28.565    80608.565  0.3172 30.9405 110.4905  14.00   -inf  -nan   3   3   6   1 206.06
   47   2018 10 19 23:03:33.238    83013.238  0.2218 31.0905 110.4505   6.00   -inf  -nan   4   4   8   4 275.16
   48   2018 10 19 23:51:10.455    85870.455  0.3188 30.8105 111.1605   6.00   -inf  -nan  14   7  21   7 238.50
    1   2018 10 20 00:53:03.094     3183.094  0.2794 30.8505 111.1305   4.00   -inf  -nan  13   8  21   8 210.25
    2   2018 10 20 01:15:45.450     4545.450  0.2929 31.0505 110.4705   0.00   -inf  -nan   5   5  10   5 159.22
    3   2018 10 20 02:34:38.213     9278.213  0.2619 31.0205 110.4405   2.00   -inf  -nan   5   5  10   3  87.12
    4   2018 10 20 03:17:40.497    11860.497  0.2045 31.1405 110.2905   0.00   -inf  -nan   3   2   5   2 138.84
    5   2018 10 20 03:42:37.224    13357.224  0.1627 31.0005 110.0905   0.00   -inf  -nan   6   2   8   1 283.00
    6   2018 10 20 03:56:17.743    14177.743  0.1707 31.2005 110.0405   6.00   -inf  -nan   8   3  11   2 173.24
    7   2018 10 20 04:30:39.292    16239.292  0.2569 31.1205 110.8605   0.00   -inf  -nan  15   7  22   5 183.48
    8   2018 10 20 05:46:53.724    20813.724  0.1743 31.1705 110.3505  10.00   -inf  -nan   3   4   7   3 179.15
    9   2018 10 20 06:42:48.646    24168.646  0.2163 30.7505 110.8205  10.00   -inf  -nan   3   3   6   3 167.07
   10   2018 10 20 06:53:36.356    24816.356  0.2241 30.8505 111.1305   4.00   -inf  -nan  12   7  19   7 210.25
   11   2018 10 20 07:58:15.816    28695.816  0.2139 30.7505 110.8205  10.00   -inf  -nan   6   4  10   4 167.07
   12   2018 10 20 07:58:47.679    28727.679  0.3812 31.0605 110.4405   6.00   -inf  -nan   5   5  10   5 170.49
   13   2018 10 20 08:25:12.102    30312.102  0.3368 30.8905 110.7605   8.00   -inf  -nan  17  16  33  16  86.43
   14   2018 10 20 08:44:26.184    31466.184  0.2050 30.8505 111.1305   4.00   -inf  -nan  11   7  18   7 210.25
   15   2018 10 20 11:51:29.909    42689.909  0.4497 30.8905 110.2305  12.00   -inf  -nan   3   3   6   2 271.28
   16   2018 10 20 13:12:19.860    47539.860  0.1850 31.1805 110.1305  16.00   -inf  -nan   3   2   5   2 140.16
   17   2018 10 20 13:25:14.523    48314.523  0.3245 31.0505 110.4505   4.00   -inf  -nan  14  12  26  12 106.33
   18   2018 10 20 16:19:10.212    58750.212  0.3520 31.0605 110.4805   4.00   -inf  -nan   4   4   8   4 244.76
   19   2018 10 20 17:03:26.528    61406.528  0.3286 31.0505 110.4605   4.00   -inf  -nan   7   4  11   4 111.60
   20   2018 10 20 17:33:11.334    63191.334  0.2439 31.0905 110.2705   6.00   -inf  -nan   6   5  11   5 206.57
   21   2018 10 20 18:40:53.990    67253.990  0.2310 31.1705 110.3405   0.00   -inf  -nan   4   2   6   2 281.77
   22   2018 10 20 21:48:46.975    78526.975  0.3248 31.0505 110.4605   0.00   -inf  -nan   5   5  10   4 111.60
   23   2018 10 20 22:54:12.707    82452.707  0.1882 31.1305 110.3005   0.00   -inf  -nan   4   2   6   2 165.46
   24   2018 10 20 23:19:32.850    83972.850  0.2669 30.8105 111.1705   6.00   -inf  -nan  15  11  26  11 242.73
   25   2018 10 20 23:25:45.805    84345.805  0.3366 31.0605 110.4405   6.00   -inf  -nan   3   5   8   3 216.40
   26   2018 10 20 23:33:22.242    84802.242  0.2839 30.8305 111.1405   6.00   -inf  -nan  14   9  23   9 223.39
    1   2018 10 21 00:29:16.612     1756.612  0.3325 31.0505 110.4605   0.00   -inf  -nan   5   6  11   5 111.60
    2   2018 10 21 01:37:42.748     5862.748  0.3840 31.0505 110.4205  10.00   -inf  -nan  16  17  33  14  94.28
    3   2018 10 21 02:21:52.842     8512.842  0.2937 30.8905 111.3605   4.00   -inf  -nan   9   7  16   7 315.72
    4   2018 10 21 02:25:21.726     8721.726  0.3618 31.0605 110.4405   8.00   -inf  -nan   6   5  11   5 170.49
    5   2018 10 21 03:24:37.338    12277.338  0.2923 31.0505 110.4505   8.00   -inf  -nan  19  19  38  16 106.33
    6   2018 10 21 03:41:09.034    13269.034  0.2489 31.0005 110.1205   0.00   -inf  -nan   7   2   9   1 180.42
    7   2018 10 21 03:49:19.150    13759.150  0.3418 31.0605 110.4405   6.00   -inf  -nan   5   4   9   4 170.49
    8   2018 10 21 04:24:28.159    15868.159  0.2376 31.0605 110.4405   2.00   -inf  -nan   4   5   9   4 170.49
    9   2018 10 21 04:56:01.836    17761.836  0.4869 31.2005 109.8805  10.00   -inf  -nan   3   2   5   2 329.47
   10   2018 10 21 05:36:39.373    20199.373  0.3683 31.0205 110.7005   6.00   -inf  -nan  14  12  26  10 133.52
   11   2018 10 21 06:51:27.411    24687.411  0.3912 31.1705 110.3005   2.00   -inf  -nan   3   3   6   2 273.95
   12   2018 10 21 07:01:07.459    25267.459  0.3558 31.0505 110.4505   8.00   -inf  -nan  18  18  36  15 106.33
   13   2018 10 21 07:37:57.137    27477.137  0.3194 30.8105 111.2805   4.00   -inf  -nan   4   4   8   2 294.33
   14   2018 10 21 08:18:45.094    29925.094  0.1969 30.8505 111.1305   4.00   -inf  -nan   9   8  17   8 210.25
   15   2018 10 21 08:34:01.362    30841.362  0.2981 30.8505 111.1305   4.00   -inf  -nan   9   6  15   5 210.25
   16   2018 10 21 09:53:36.937    35616.937  0.1741 31.1605 109.8405   0.00   -inf  -nan   3   2   5   2 325.62
   17   2018 10 21 12:02:51.767    43371.767  0.1002 31.0105 110.6705   6.00   -inf  -nan   3   2   5   2 243.58
   18   2018 10 21 12:39:08.092    45548.092  0.2937 31.0605 110.4605   8.00   -inf  -nan   3   5   8   3 203.08
   19   2018 10 21 13:47:18.170    49638.170  0.3885 31.0605 110.4805   0.00   -inf  -nan   5   6  11   5 165.50
   20   2018 10 21 14:15:09.746    51309.746  0.4737 31.0605 110.4405   4.00   -inf  -nan   8   9  17   8 113.97
   21   2018 10 21 14:19:24.071    51564.071  0.1650 31.1705 110.3105   0.00   -inf  -nan   5   2   7   2 258.71
   22   2018 10 21 14:46:33.732    53193.732  0.3233 31.0505 110.4305  10.00   -inf  -nan   7   6  13   6 102.66
   23   2018 10 21 15:53:30.684    57210.684  0.3145 31.1405 110.2905   0.00   -inf  -nan   7   3  10   3 138.84
   24   2018 10 21 16:10:15.379    58215.379  0.2104 31.1805 110.3605   0.00   -inf  -nan   4   2   6   2 300.96
   25   2018 10 21 18:00:02.055    64802.055  0.2993 31.0905 110.1105   0.00   -inf  -nan   4   3   7   1 155.73
   26   2018 10 21 18:24:22.886    66262.886  0.4532 31.0605 110.4405   0.00   -inf  -nan   3   5   8   3 154.06
   27   2018 10 21 19:09:25.963    68965.963  0.3232 31.0205 110.4805   2.00   -inf  -nan   5   5  10   4 128.52
   28   2018 10 21 19:33:19.638    70399.638  0.1492 31.1805 110.2505  10.00   -inf  -nan   3   2   5   2 229.08
   29   2018 10 21 20:00:01.758    72001.758  0.2944 31.1805 110.1305   6.00   -inf  -nan   5   2   7   2 140.16
   30   2018 10 21 20:05:10.244    72310.244  0.3087 31.0505 110.4605   4.00   -inf  -nan  15  12  27  11 109.45
   31   2018 10 21 20:09:51.627    72591.627  0.3198 31.0505 110.4505   8.00   -inf  -nan   8   6  14   6 109.19
   32   2018 10 21 20:55:50.265    75350.265  0.4050 30.8705 110.5205  10.00   -inf  -nan   3   3   6   2 260.01
   33   2018 10 21 21:24:20.121    77060.121  0.3834 31.0605 110.4605   8.00   -inf  -nan  21  16  37  16 120.13
   34   2018 10 21 21:38:10.852    77890.852  0.0977 31.0605 110.4405   6.00   -inf  -nan   4   2   6   2 267.40
   35   2018 10 21 23:24:04.490    84244.490  0.3626 31.0505 110.4605   0.00   -inf  -nan  12  11  23   9 109.45
    1   2018 10 22 01:17:55.726     4675.726  0.2809 30.8205 111.2705   2.00   -inf  -nan  11  12  23  11 285.36
    2   2018 10 22 01:24:44.670     5084.670  0.2694 30.8505 111.1705   4.00   -inf  -nan  12   9  21   9 291.45
    3   2018 10 22 03:22:57.736    12177.736  0.4271 31.1005 109.9405  10.00   -inf  -nan  12   7  19   4 232.93
    4   2018 10 22 04:28:09.305    16089.305  0.3292 30.8105 110.9205   4.00   -inf  -nan   8   2  10   2 117.64
    5   2018 10 22 07:23:17.879    26597.879  0.2618 30.8205 110.9305   0.00   -inf  -nan   9   5  14   5 102.66
    6   2018 10 22 08:15:29.051    29729.051  0.1652 30.8505 111.1305   4.00   -inf  -nan  10   5  15   4 210.25
    7   2018 10 22 08:33:23.981    30803.981  0.3717 31.0505 110.4205  10.00   -inf  -nan  11  10  21   9  94.28
    8   2018 10 22 08:47:55.592    31675.592  0.2132 30.8205 111.2505   6.00   -inf  -nan   7   3  10   3 277.50
    9   2018 10 22 08:49:43.899    31783.899  0.1901 30.8505 111.1305   6.00   -inf  -nan   6   5  11   5 210.75
   10   2018 10 22 10:28:29.048    37709.048  0.2495 31.1305 110.3005   2.00   -inf  -nan   3   3   6   1 165.46
   11   2018 10 22 11:13:09.399    40389.399  0.3136 31.0605 110.4405   0.00   -inf  -nan   8   8  16   6 147.03
   12   2018 10 22 11:36:59.194    41819.194  0.1386 31.1605 110.0805  12.00   -inf  -nan   3   2   5   2 191.00
   13   2018 10 22 14:32:36.700    52356.700  0.2412 31.1605 110.3205   4.00   -inf  -nan   5   2   7   2 188.91
   14   2018 10 22 14:57:27.358    53847.358  0.1637 31.1805 110.3405   0.00   -inf  -nan   4   2   6   2 256.88
   15   2018 10 22 15:05:36.398    54336.398  0.2754 31.0405 110.0805  12.00   -inf  -nan   4   2   6   2 142.05
   16   2018 10 22 16:08:11.981    58091.981  0.3487 31.0505 110.4605   6.00   -inf  -nan  12  10  22   9 111.60
   17   2018 10 22 17:03:49.270    61429.270  0.2196 30.8905 111.1305   0.00   -inf  -nan   3   2   5   2 164.15
   18   2018 10 22 18:23:03.746    66183.746  0.3874 31.0605 110.4405   4.00   -inf  -nan   4   6  10   4 170.49
   19   2018 10 22 19:10:33.869    69033.869  0.3391 31.1405 110.2905   0.00   -inf  -nan   7   4  11   3 138.84
   20   2018 10 22 19:34:02.478    70442.478  0.2085 31.0805 110.2005   6.00   -inf  -nan   3   3   6   2 195.54
   21   2018 10 22 20:04:30.629    72270.629  0.2641 31.1705 110.1505  10.00   -inf  -nan   4   3   7   3 123.14
   22   2018 10 22 20:20:49.213    73249.213  0.3949 31.0505 110.4705  10.00   -inf  -nan   6   5  11   4 113.45
   23   2018 10 22 20:29:39.466    73779.466  0.2377 31.1305 110.3405   0.00   -inf  -nan   3   2   5   2 221.12
    1   2018 10 23 01:54:18.433     6858.433  0.4430 30.8905 111.3605   0.00   -inf  -nan   8   6  14   5 317.83
    2   2018 10 23 02:29:16.637     8956.637  0.2651 30.8505 111.1305   4.00   -inf  -nan  12  11  23  11 210.25
    3   2018 10 23 03:45:23.233    13523.233  0.2462 30.8505 111.1305   6.00   -inf  -nan  10   8  18   8 210.25
    4   2018 10 23 03:45:42.863    13542.863  0.3474 30.8105 111.1705   6.00   -inf  -nan   6   6  12   6 249.55
    5   2018 10 23 04:33:33.395    16413.395  0.2051 30.7405 110.8405   6.00   -inf  -nan   8   4  12   4 187.51
    6   2018 10 23 04:58:13.720    17893.720  0.2202 31.2405 110.0405   8.00   -inf  -nan   9   5  14   5 237.39
    7   2018 10 23 07:30:51.227    27051.227  0.3061 30.8905 110.7205   0.00   -inf  -nan  11   8  19   8  97.68
    8   2018 10 23 07:50:22.822    28222.822  0.2715 30.8605 110.4805   0.00   -inf  -nan   6   6  12   6 205.87
    9   2018 10 23 07:57:13.040    28633.040  0.2329 30.9305 110.7205   4.00   -inf  -nan   3   4   7   3 132.50
   10   2018 10 23 08:02:52.350    28972.350  0.2021 30.8505 111.1305   8.00   -inf  -nan   9   7  16   7 210.25
   11   2018 10 23 08:21:17.702    30077.702  0.2271 31.0605 110.4605   8.00   -inf  -nan   6   4  10   4 165.36
   12   2018 10 23 09:48:11.570    35291.570  0.3246 30.9005 110.5005   6.00   -inf  -nan   7   7  14   7 168.04
   13   2018 10 23 10:26:49.450    37609.450  0.2494 30.9305 111.2805   0.00   -inf  -nan   3   2   5   2 326.05
   14   2018 10 23 10:27:36.407    37656.407  0.1513 30.8505 110.1105   4.00   -inf  -nan   4   4   8   3 306.57
   15   2018 10 23 12:14:22.073    44062.073  0.2732 31.1605 110.0005  20.00   -inf  -nan   3   2   5   2 240.10
   16   2018 10 23 14:27:06.810    52026.810  0.1575 31.0505 110.2305   6.00   -inf  -nan   3   2   5   2 266.60
   17   2018 10 23 14:45:31.515    53131.515  0.1766 31.0205 110.4805  14.00   -inf  -nan   4   3   7   2 144.86
   18   2018 10 23 14:50:33.568    53433.568  0.2715 31.1805 110.3305   0.00   -inf  -nan   7   4  11   4 198.62
   19   2018 10 23 15:13:27.326    54807.326  0.2998 31.0505 110.4605   0.00   -inf  -nan   4   4   8   3 157.85
   20   2018 10 23 15:18:59.231    55139.231  0.4590 31.0305 110.4405  10.00   -inf  -nan   4   6  10   4 134.10
   21   2018 10 23 15:20:55.762    55255.762  0.1513 31.0105 110.4305  20.00   -inf  -nan   3   2   5   2 221.18
   22   2018 10 23 19:21:57.503    69717.503  0.1183 30.9005 111.0305   2.00   -inf  -nan   3   2   5   1 113.69
   23   2018 10 23 19:27:02.278    70022.278  0.2595 31.1305 110.3005   0.00   -inf  -nan   3   3   6   3 131.46
   24   2018 10 23 20:52:17.628    75137.628  0.1792 30.8905 111.1305   4.00   -inf  -nan   6   3   9   3 164.15
   25   2018 10 23 21:06:13.820    75973.820  0.2197 31.0505 110.4605   2.00   -inf  -nan   6   7  13   6 157.85
   26   2018 10 23 21:40:05.452    78005.452  0.2490 31.2405 110.1205  20.00   -inf  -nan   3   2   5   2 230.49
   27   2018 10 23 22:08:08.086    79688.086  0.2553 31.0605 110.2805   0.00   -inf  -nan   9   6  15   5  71.79
   28   2018 10 23 23:07:14.593    83234.593  0.3505 31.0205 110.4405   4.00   -inf  -nan   9   7  16   6  87.12
   29   2018 10 23 23:14:44.397    83684.397  0.1475 30.8505 111.1305   6.00   -inf  -nan   8   8  16   8 210.25
    1   2018 10 24 00:53:30.599     3210.599  0.1525 30.8505 111.1305   6.00   -inf  -nan   7   5  12   4 210.25
    2   2018 10 24 01:58:19.531     7099.531  0.3155 31.0305 110.4405   6.00   -inf  -nan   5   4   9   4 190.37
    3   2018 10 24 02:02:36.088     7356.088  0.3581 31.0305 110.4405   6.00   -inf  -nan   3   2   5   1 190.37
    4   2018 10 24 02:45:18.036     9918.036  0.2473 30.9805 110.0205   0.00   -inf  -nan   6   3   9   3 123.21
    5   2018 10 24 03:04:40.319    11080.319  0.2477 31.1305 110.0705   0.00   -inf  -nan  10  10  20   6 161.01
    6   2018 10 24 03:25:29.642    12329.642  0.3899 31.3005 110.8305   0.00   -inf  -nan  11   7  18   7 272.93
    7   2018 10 24 03:47:05.621    13625.621  0.2178 31.2805 110.0805  10.00   -inf  -nan   3   3   6   3 257.92
    8   2018 10 24 03:50:24.759    13824.759  0.4458 31.0205 109.7805   4.00   -inf  -nan   6   2   8   2 267.00
    9   2018 10 24 03:59:39.430    14379.430  0.4240 31.2105 110.3505   8.00   -inf  -nan   9   8  17   5 226.69
   10   2018 10 24 04:07:41.889    14861.889  0.4724 30.9705 110.1905   4.00   -inf  -nan   3   2   5   1 286.39
   11   2018 10 24 04:17:37.424    15457.424  0.4479 31.0805 109.8505   8.00   -inf  -nan   9   6  15   6 286.81
   12   2018 10 24 04:34:39.844    16479.844  0.3312 31.0505 110.4505   6.00   -inf  -nan   8   8  16   6 140.85
   13   2018 10 24 05:07:01.414    18421.414  0.3848 31.0505 110.0305  10.00   -inf  -nan   7   3  10   2 308.06
   14   2018 10 24 05:21:32.710    19292.710  0.3864 31.0505 110.4705   0.00   -inf  -nan   6  10  16   6 159.22
   15   2018 10 24 05:24:55.842    19495.842  0.2607 30.9405 109.6605   8.00   -inf  -nan   3   2   5   2 318.40
   16   2018 10 24 07:03:29.838    25409.838  0.3147 31.0205 110.7005   6.00   -inf  -nan   7   7  14   5 133.52
   17   2018 10 24 07:11:11.175    25871.175  0.2622 30.8505 111.1305   4.00   -inf  -nan   6   6  12   6 210.75
   18   2018 10 24 07:49:38.374    28178.374  0.2135 30.9405 110.7805   6.00   -inf  -nan   7   7  14   7  92.21
   19   2018 10 24 08:38:16.390    31096.390  0.4799 31.0605 109.9805   2.00   -inf  -nan   5   2   7   1 163.51
   20   2018 10 24 09:24:01.885    33841.885  0.1274 30.8505 111.1305   4.00   -inf  -nan   7   4  11   4 210.75
   21   2018 10 24 14:18:38.217    51518.217  0.3922 31.0205 110.4605  14.00   -inf  -nan  17  15  32  14 105.36
   22   2018 10 24 14:43:30.819    53010.819  0.1628 31.0605 110.4405   6.00   -inf  -nan   3   4   7   3 216.40
   23   2018 10 24 15:56:10.662    57370.662  0.2346 31.1805 110.1705  16.00   -inf  -nan   3   2   5   2 123.15
   24   2018 10 24 16:02:06.497    57726.497  0.2953 31.0605 110.4405   4.00   -inf  -nan   6   8  14   6 170.49
   25   2018 10 24 16:20:28.247    58828.247  0.3417 31.0605 110.4405   2.00   -inf  -nan   6   6  12   6 170.49
   26   2018 10 24 16:31:12.022    59472.022  0.1677 31.1605 110.0805   0.00   -inf  -nan   3   3   6   3 169.00
   27   2018 10 24 17:25:33.537    62733.537  0.1690 30.8905 111.1305   2.00   -inf  -nan   5   2   7   2 164.15
   28   2018 10 24 17:28:35.737    62915.737  0.1288 31.1605 110.0805   6.00   -inf  -nan   4   2   6   2 137.44
   29   2018 10 24 19:13:06.359    69186.359  0.3079 31.0605 110.4405   2.00   -inf  -nan   3   5   8   3 170.49
   30   2018 10 24 19:17:39.455    69459.455  0.2629 31.0605 110.4405   0.00   -inf  -nan   4   5   9   4 170.49
   31   2018 10 24 22:14:52.562    80092.562  0.2802 31.0605 110.4405   4.00   -inf  -nan   4   5   9   4 170.49
   32   2018 10 24 23:09:04.254    83344.254  0.2529 30.8505 111.1305   6.00   -inf  -nan  14  11  25  10 210.25
   33   2018 10 24 23:09:38.289    83378.289  0.2765 30.8505 111.1305   6.00   -inf  -nan  10   8  18   8 210.75
   34   2018 10 24 23:51:10.751    85870.751  0.1323 30.8505 111.1305   6.00   -inf  -nan  10   9  19   8 210.25
    1   2018 10 27 01:26:35.377     5195.377  0.3500 31.0505 110.4505  10.00   -inf  -nan  19  14  33  12 106.33
    2   2018 10 27 03:19:38.247    11978.247  0.2848 31.2905 110.8405   2.00   -inf  -nan  12   6  18   6 251.65
    3   2018 10 27 06:36:05.691    23765.691  0.2083 30.8905 111.1205   0.00   -inf  -nan   3   3   6   2 152.94
    4   2018 10 27 06:57:27.086    25047.086  0.3814 31.0605 109.9805   2.00   -inf  -nan   3   4   7   2 207.77
    5   2018 10 27 07:52:02.110    28322.110  0.2763 31.0905 110.1705   4.00   -inf  -nan   3   4   7   2 162.99
    6   2018 10 27 07:59:35.049    28775.049  0.2137 30.7305 110.4505   0.00   -inf  -nan   5   5  10   4 237.68
    7   2018 10 27 08:38:13.477    31093.477  0.2653 30.8905 111.2005   4.00   -inf  -nan   3   3   6   3 270.40
    8   2018 10 27 09:47:27.473    35247.473  0.1431 30.8505 111.1305   6.00   -inf  -nan   8   7  15   6 210.25
    9   2018 10 27 09:56:39.127    35799.127  0.1353 30.8905 111.1605   8.00   -inf  -nan   3   2   5   2 195.54
   10   2018 10 27 12:48:02.892    46082.892  0.1034 30.8005 110.2105   2.00   -inf  -nan   3   3   6   3 305.14
   11   2018 10 27 15:38:20.633    56300.633  0.1481 31.1205 109.9605  10.00   -inf  -nan   6   6  12   6 245.08
   12   2018 10 27 15:40:04.951    56404.951  0.1454 31.1305 109.9505  12.00   -inf  -nan  10   6  16   6 253.37
   13   2018 10 27 15:52:14.953    57134.953  0.4610 30.9405 110.7805   4.00   -inf  -nan  11  10  21   9  92.21
   14   2018 10 27 16:15:33.925    58533.925  0.3460 31.0505 110.1905   6.00   -inf  -nan   9  11  20   9  73.42
   15   2018 10 27 16:50:03.651    60603.651  0.3140 31.0505 110.4505   0.00   -inf  -nan   6   6  12   5 109.19
   16   2018 10 27 17:28:35.551    62915.551  0.3447 31.0505 110.4605   6.00   -inf  -nan  11  10  21   8 111.60
   17   2018 10 27 19:01:54.642    68514.642  0.2096 30.9505 110.8005   2.00   -inf  -nan   6   5  11   5 110.17
   18   2018 10 27 20:07:02.162    72422.162  0.4342 31.2005 110.3705   0.00   -inf  -nan   4   3   7   2 263.57
   19   2018 10 27 20:18:33.227    73113.227  0.1928 31.1705 110.3405  10.00   -inf  -nan   5   3   8   3 206.23
   20   2018 10 27 20:36:15.478    74175.478  0.2192 31.1405 110.2905   0.00   -inf  -nan   6   2   8   2 138.84
   21   2018 10 27 21:12:18.176    76338.176  0.3143 31.1705 110.2605   0.00   -inf  -nan   4   5   9   4 194.10
   22   2018 10 27 22:51:17.961    82277.961  0.4634 31.0305 110.4405  14.00   -inf  -nan   5   5  10   4 149.14
    1   2018 10 28 00:00:16.985       16.985  0.4045 31.0305 110.4805   6.00   -inf  -nan   4   3   7   3 196.40
    2   2018 10 28 00:05:37.324      337.324  0.2374 30.8505 111.1305   8.00   -inf  -nan  15   6  21   6 210.25
    3   2018 10 28 00:06:20.833      380.833  0.1973 30.8505 111.1305   4.00   -inf  -nan   4   3   7   3 210.75
    4   2018 10 28 02:41:46.240     9706.240  0.1081 30.8505 111.1305   4.00   -inf  -nan   6   3   9   3 210.75
    5   2018 10 28 02:59:03.549    10743.549  0.1736 30.8105 111.2805  10.00   -inf  -nan   3   6   9   3 294.33
    6   2018 10 28 03:19:15.418    11955.418  0.2814 31.2205 111.0305  10.00   -inf  -nan   4   5   9   3 290.29
    7   2018 10 28 03:43:21.899    13401.899  0.1830 30.8605 109.8205  20.00   -inf  -nan   3   2   5   2 322.66
    8   2018 10 28 04:37:09.320    16629.320  0.2195 31.1205 109.9205   8.00   -inf  -nan   3   2   5   1 267.63
    9   2018 10 28 05:02:36.238    18156.238  0.1799 31.1605 110.1205   8.00   -inf  -nan   3   2   5   2 151.27
   10   2018 10 28 06:23:36.177    23016.177  0.2451 30.7405 111.0705  12.00   -inf  -nan   6   3   9   3 277.94
   11   2018 10 28 06:26:31.528    23191.528  0.3136 31.0505 110.4605   0.00   -inf  -nan  11   9  20   6 109.45
   12   2018 10 28 06:37:24.375    23844.375  0.2523 30.8605 111.1305   4.00   -inf  -nan   7   3  10   3 204.21
   13   2018 10 28 06:46:09.418    24369.418  0.1183 30.8505 111.1305   6.00   -inf  -nan   4   4   8   4 210.75
   14   2018 10 28 09:18:45.968    33525.968  0.1403 31.0605 110.4805   0.00   -inf  -nan   3   4   7   3 217.29
   15   2018 10 28 12:51:34.091    46294.091  0.1238 31.0505 110.4705   0.00   -inf  -nan   3   3   6   2 208.71
   16   2018 10 28 16:04:47.912    57887.912  0.1458 30.9305 111.2005   4.00   -inf  -nan   3   2   5   2 279.86
   17   2018 10 28 17:04:15.677    61455.677  0.0537 31.0305 110.6005  10.00   -inf  -nan   3   2   5   2 189.24
   18   2018 10 28 17:50:15.048    64215.048  0.3382 31.0905 110.2205   6.00   -inf  -nan   3   4   7   2 134.03
   19   2018 10 28 20:50:27.341    75027.341  0.1494 30.8905 111.1305   4.00   -inf  -nan   5   2   7   2 164.15
   20   2018 10 28 22:51:42.175    82302.175  0.3820 31.0605 110.4405   0.00   -inf  -nan   3   4   7   3 170.49
   21   2018 10 28 22:52:59.051    82379.051  0.3131 31.1305 110.0705   0.00   -inf  -nan  12   7  19   6 161.01
   22   2018 10 28 23:23:59.417    84239.417  0.1796 30.8505 111.1305   6.00   -inf  -nan  13   7  20   7 210.25
    1   2018 10 29 01:55:18.410     6918.410  0.3255 30.9805 110.0205   0.00   -inf  -nan   8   7  15   6 123.21
    2   2018 10 29 02:58:02.894    10682.894  0.3418 30.8105 111.1705   6.00   -inf  -nan   8   9  17   8 242.73
    3   2018 10 29 02:58:45.168    10725.168  0.2653 30.8505 111.1305   4.00   -inf  -nan  10   8  18   8 210.25
    4   2018 10 29 03:47:14.608    13634.608  0.3390 31.1205 109.8905  18.00   -inf  -nan   4   3   7   3 279.99
    5   2018 10 29 03:50:51.257    13851.257  0.2859 31.0205 109.7805   8.00   -inf  -nan   9   4  13   3 267.00
    6   2018 10 29 04:58:20.289    17900.289  0.4496 31.0505 110.4305   0.00   -inf  -nan  12  12  24  10  98.76
    7   2018 10 29 05:22:57.467    19377.467  0.4158 31.0305 110.7005   0.00   -inf  -nan   9   8  17   7 140.24
    8   2018 10 29 06:08:40.268    22120.268  0.3012 31.0305 110.4405   0.00   -inf  -nan   4   5   9   3  92.86
    9   2018 10 29 06:16:07.515    22567.515  0.3805 31.2405 110.0405   8.00   -inf  -nan   9   7  16   6 237.39
   10   2018 10 29 06:35:06.421    23706.421  0.3199 31.0905 110.0305   2.00   -inf  -nan   6   6  12   5 199.54
   11   2018 10 29 06:37:43.984    23863.984  0.3448 30.9705 110.8005  10.00   -inf  -nan   5   6  11   4 134.91
   12   2018 10 29 06:47:26.366    24446.366  0.3043 31.0205 110.4805   0.00   -inf  -nan   9   8  17   7  91.96
   13   2018 10 29 07:40:14.669    27614.669  0.2609 30.9205 110.3305  20.00   -inf  -nan   3   3   6   2 180.26
   14   2018 10 29 07:54:29.179    28469.179  0.3836 31.0205 110.4605   6.00   -inf  -nan  10   9  19   9  90.43
   15   2018 10 29 07:55:35.567    28535.567  0.2924 30.8505 111.1205   8.00   -inf  -nan   5   5  10   5 205.95
   16   2018 10 29 08:55:46.632    32146.632  0.4194 31.1205 110.1205   8.00   -inf  -nan   5   3   8   1 146.97
   17   2018 10 29 09:30:35.978    34235.978  0.1796 30.8505 111.1305   6.00   -inf  -nan  11   9  20   7 210.25
   18   2018 10 29 09:53:45.778    35625.778  0.3574 30.7405 110.9305   6.00   -inf  -nan   6   4  10   4 207.91
   19   2018 10 29 10:22:06.379    37326.379  0.3457 30.7405 110.9705   0.00   -inf  -nan   7   3  10   3 214.91
   20   2018 10 29 14:23:54.991    51834.991  0.1570 31.1305 110.4205   6.00   -inf  -nan   4   2   6   2 307.54
   21   2018 10 29 15:37:38.191    56258.191  0.0872 30.8605 110.5605  10.00   -inf  -nan   3   2   5   2 234.40
   22   2018 10 29 16:44:10.074    60250.074  0.3518 31.0505 110.4605   6.00   -inf  -nan   6   7  13   6 111.60
   23   2018 10 29 17:20:34.576    62434.576  0.3754 31.0505 110.4605   0.00   -inf  -nan   5   7  12   5 111.60
   24   2018 10 29 18:11:35.984    65495.984  0.2387 30.8605 110.5605   8.00   -inf  -nan  11  12  23  11 145.72
   25   2018 10 29 18:29:40.816    66580.816  0.3719 31.0605 110.4405   6.00   -inf  -nan  10  12  22   8 108.13
   26   2018 10 29 18:47:49.359    67669.359  0.2475 30.8905 111.1305   6.00   -inf  -nan   7   4  11   4 164.15
   27   2018 10 29 20:21:07.246    73267.246  0.2129 30.8605 110.5605   8.00   -inf  -nan  13  11  24  11 145.72
   28   2018 10 29 21:25:10.465    77110.465  0.2291 30.8905 111.0005   6.00   -inf  -nan   4   2   6   2 131.70
   29   2018 10 29 21:48:09.827    78489.827  0.2291 31.0205 110.4805   2.00   -inf  -nan   5   5  10   5 144.86
   30   2018 10 29 21:55:13.443    78913.443  0.2382 31.2205 110.2905   2.00   -inf  -nan   5   2   7   2 221.38
   31   2018 10 29 23:15:21.751    83721.751  0.4330 30.7705 111.1705   0.00   -inf  -nan   4   2   6   2 272.67
   32   2018 10 29 23:15:58.775    83758.775  0.1368 30.8505 111.1305   6.00   -inf  -nan   9   6  15   6 210.25
   33   2018 10 29 23:18:23.688    83903.688  0.3988 31.0305 110.4805   8.00   -inf  -nan  12   9  21   9  98.79
    1   2018 10 30 02:18:14.783     8294.783  0.1191 30.8505 111.1305   6.00   -inf  -nan   4   4   8   4 232.15
    2   2018 10 30 02:39:30.571     9570.571  0.4523 31.1805 110.3805   2.00   -inf  -nan   5   2   7   2 241.26
    3   2018 10 30 03:23:18.696    12198.696  0.2174 30.8605 110.5605   8.00   -inf  -nan   8  10  18   7 145.72
    4   2018 10 30 04:56:49.640    17809.640  0.3771 30.8705 110.7405  10.00   -inf  -nan  12   4  16   3  96.73
    5   2018 10 30 05:58:35.990    21515.990  0.2279 30.8905 111.1305   4.00   -inf  -nan   3   2   5   2 164.15
    6   2018 10 30 06:10:37.487    22237.487  0.3756 31.0505 110.4505  10.00   -inf  -nan  22  17  39  17 106.33
    7   2018 10 30 06:30:26.713    23426.713  0.2492 31.0605 110.4405   8.00   -inf  -nan   5   3   8   3 170.49
    8   2018 10 30 06:31:30.971    23490.971  0.3473 31.0605 110.4605   8.00   -inf  -nan  11  11  22   9 115.11
    9   2018 10 30 07:16:34.259    26194.259  0.4240 30.9805 110.3805   0.00   -inf  -nan   8   3  11   2  84.88
   10   2018 10 30 08:45:43.866    31543.866  0.1917 30.8105 111.2805   8.00   -inf  -nan   3   3   6   3 313.64
   11   2018 10 30 09:46:11.283    35171.283  0.3955 30.8205 111.1905  12.00   -inf  -nan  11   8  19   8 249.74
   12   2018 10 30 10:37:19.577    38239.577  0.2611 30.9905 110.8005   0.00   -inf  -nan  14   4  18   4 106.01
   13   2018 10 30 11:58:32.945    43112.945  0.3200 31.0205 110.2805  10.00   -inf  -nan   3   4   7   2 149.37
   14   2018 10 30 14:25:22.437    51922.437  0.2602 30.9705 110.8005   4.00   -inf  -nan  11   8  19   8 111.89
   15   2018 10 30 14:37:26.615    52646.615  0.3662 30.9705 110.7605  10.00   -inf  -nan   3   5   8   3 134.06
   16   2018 10 30 15:40:16.654    56416.654  0.1726 31.2105 110.5505   2.00   -inf  -nan   3   2   5   2 283.08
   17   2018 10 30 17:18:52.480    62332.480  0.3258 31.0605 110.4405   6.00   -inf  -nan   6   5  11   5 170.49
   18   2018 10 30 17:25:33.756    62733.756  0.2825 31.0805 110.8205   8.00   -inf  -nan  21  18  39  18 124.12
   19   2018 10 30 18:37:18.455    67038.455  0.3901 31.0605 110.4405   6.00   -inf  -nan   4   5   9   2 113.97
   20   2018 10 30 20:18:20.203    73100.203  0.3220 30.9805 110.8205   2.00   -inf  -nan   9   9  18   8 160.05
   21   2018 10 30 20:35:36.584    74136.584  0.3830 31.0205 110.4405   4.00   -inf  -nan   3   5   8   3 197.51
   22   2018 10 30 21:00:51.278    75651.278  0.2816 31.1305 110.3005   0.00   -inf  -nan   3   3   6   3 131.46
   23   2018 10 30 22:45:18.038    81918.038  0.2688 31.0105 110.4705   0.00   -inf  -nan   4   4   8   4 178.44
   24   2018 10 30 23:15:36.221    83736.221  0.1779 30.8505 111.1305   4.00   -inf  -nan  11   7  18   6 210.25
    1   2018 10 31 01:38:28.034     5908.034  0.2181 30.9305 111.3605  10.00   -inf  -nan   6   5  11   4 337.71
    2   2018 10 31 03:40:49.347    13249.347  0.1713 30.8505 111.1305   4.00   -inf  -nan  11   7  18   7 210.25
    3   2018 10 31 03:45:48.554    13548.554  0.4298 30.9005 110.5405   0.00   -inf  -nan  10   3  13   3 131.64
    4   2018 10 31 03:56:52.719    14212.719  0.1480 31.0605 110.7805   8.00   -inf  -nan   3   2   5   2 317.86
    5   2018 10 31 04:45:59.943    17159.943  0.2763 30.8905 111.1305   6.00   -inf  -nan   5   4   9   4 164.15
    6   2018 10 31 04:48:49.224    17329.224  0.2661 30.7305 111.0505   6.00   -inf  -nan   7   5  12   5 262.48
    7   2018 10 31 07:06:42.743    25602.743  0.3310 31.0905 109.9705   8.00   -inf  -nan   9   5  14   5 220.24
    8   2018 10 31 07:31:11.102    27071.102  0.4182 30.9805 110.4005   0.00   -inf  -nan  10   3  13   3  82.74
    9   2018 10 31 07:35:37.154    27337.154  0.2191 30.8105 111.2805  10.00   -inf  -nan   6   4  10   4 294.33
   10   2018 10 31 08:13:20.237    29600.237  0.2626 30.9805 110.1705   0.00   -inf  -nan  11   2  13   2 117.20
   11   2018 10 31 08:38:10.907    31090.907  0.3466 31.0005 110.1705   0.00   -inf  -nan  11   6  17   6  77.02
   12   2018 10 31 09:42:00.565    34920.565  0.2357 30.8505 111.1305   6.00   -inf  -nan  10   7  17   7 210.25
   13   2018 10 31 10:07:28.483    36448.483  0.1059 30.8605 110.5605   8.00   -inf  -nan   3   2   5   2 234.40
   14   2018 10 31 12:29:15.981    44955.981  0.3543 31.0605 110.4405   0.00   -inf  -nan   3   7  10   3 113.97
   15   2018 10 31 16:00:33.178    57633.178  0.3228 30.8505 111.2105  12.00   -inf  -nan   4   2   6   2 260.19
   16   2018 10 31 16:35:06.027    59706.027  0.4191 31.0905 110.3405   6.00   -inf  -nan  13  15  28  12  81.66
   17   2018 10 31 17:06:44.827    61604.827  0.0773 31.1705 110.3405   0.00   -inf  -nan   3   2   5   2 281.77
   18   2018 10 31 18:10:29.177    65429.177  0.4250 30.9005 110.8405   6.00   -inf  -nan   5   5  10   4 120.85
   19   2018 10 31 20:35:04.763    74104.763  0.3444 30.8505 111.0405  20.00   -inf  -nan   3   2   5   1 188.43
   20   2018 10 31 21:00:21.124    75621.124  0.4982 31.0205 110.4405   6.00   -inf  -nan   6   8  14   5  87.12
   21   2018 10 31 22:50:44.990    82244.990  0.3534 31.0905 110.3405   4.00   -inf  -nan   6   7  13   6 110.30
   22   2018 10 31 23:14:10.428    83650.428  0.1838 30.8505 111.1305   4.00   -inf  -nan   5   4   9   4 210.75
    1   2018 11 01 02:32:50.342     9170.342  0.1295 30.9305 111.2005   6.00   -inf  -nan   4   2   6   2 279.86
    2   2018 11 01 03:59:00.843    14340.843  0.3878 31.3005 110.8205   2.00   -inf  -nan   9   4  13   3 281.12
    3   2018 11 01 04:03:09.740    14589.740  0.2424 31.1805 109.9805  10.00   -inf  -nan   7   3  10   3 206.83
    4   2018 11 01 04:46:49.688    17209.688  0.3596 30.9705 110.3705   0.00   -inf  -nan  12   8  20   6  88.31
    5   2018 11 01 05:44:55.021    20695.021  0.2173 30.8505 111.1305   4.00   -inf  -nan   7   5  12   5 210.25
    6   2018 11 01 05:51:52.688    21112.688  0.1959 30.8605 110.5605   6.00   -inf  -nan   5   4   9   4 201.51
    7   2018 11 01 06:58:03.337    25083.337  0.2941 31.1205 110.0405   6.00   -inf  -nan  11   7  18   5 185.39
    8   2018 11 01 07:32:03.245    27123.245  0.3007 31.1305 109.8705   2.00   -inf  -nan   4   2   6   2 313.39
    9   2018 11 01 07:32:45.598    27165.598  0.3770 31.1005 109.7805  12.00   -inf  -nan   4   2   6   2 269.41
   10   2018 11 01 07:38:45.020    27525.020  0.3608 30.8505 111.1305   4.00   -inf  -nan  10   7  17   6 210.25
   11   2018 11 01 08:38:30.737    31110.737  0.1594 30.8505 111.1205   8.00   -inf  -nan   5   2   7   2 205.95
   12   2018 11 01 09:41:35.977    34895.977  0.3773 31.0905 110.0305   8.00   -inf  -nan   5   6  11   4 199.54
   13   2018 11 01 10:37:12.463    38232.463  0.3836 31.0505 110.1505   6.00   -inf  -nan   8   8  16   7  84.02
   14   2018 11 01 11:12:43.791    40363.791  0.1048 30.9005 110.5405   0.00   -inf  -nan   3   2   5   2 179.22
   15   2018 11 01 12:38:26.894    45506.894  0.4178 30.9005 110.7605  10.00   -inf  -nan  16  11  27   9  84.40
   16   2018 11 01 15:31:53.143    55913.143  0.2825 30.9105 110.7805   8.00   -inf  -nan  17  17  34  13  75.14
   17   2018 11 01 16:20:09.051    58809.051  0.2940 30.9405 110.4805  10.00   -inf  -nan   3   3   6   3 220.79
   18   2018 11 01 20:25:43.815    73543.815  0.2400 31.2805 110.7005  20.00   -inf  -nan   3   2   5   2 269.19
   19   2018 11 01 23:07:05.329    83225.329  0.3885 31.1405 110.4105  18.00   -inf  -nan   3   2   5   2 305.02
   20   2018 11 01 23:12:07.266    83527.266  0.3040 30.8505 111.1305   6.00   -inf  -nan  13   7  20   7 210.25
    1   2018 11 02 00:48:03.636     2883.636  0.1889 30.8505 111.1305   6.00   -inf  -nan   8   6  14   5 210.25
    2   2018 11 02 00:55:59.584     3359.584  0.1391 31.0605 110.4805   0.00   -inf  -nan   4   4   8   4 217.29
    3   2018 11 02 04:09:56.407    14996.407  0.3377 30.9805 110.3805   0.00   -inf  -nan  12   6  18   5  81.13
    4   2018 11 02 05:38:21.196    20301.196  0.1255 30.8505 111.1305   6.00   -inf  -nan  11   4  15   4 210.25
    5   2018 11 02 06:52:55.002    24775.002  0.3893 30.7905 110.9405   6.00   -inf  -nan   9   6  15   6 155.52
    6   2018 11 02 08:06:59.647    29219.647  0.3479 30.8205 110.9305   0.00   -inf  -nan   4   3   7   2 104.05
    7   2018 11 02 08:15:09.372    29709.372  0.4249 31.3205 110.9005   4.00   -inf  -nan   8   8  16   5 277.55
    8   2018 11 02 08:51:15.406    31875.406  0.2472 31.2905 110.3105   0.00   -inf  -nan   5   5  10   3 286.16
    9   2018 11 02 08:55:52.695    32152.695  0.3672 30.9005 110.7205   0.00   -inf  -nan  15   9  24   8  94.62
   10   2018 11 02 08:58:37.044    32317.044  0.0628 30.9305 111.4005   8.00   -inf  -nan   3   2   5   2 343.40
   11   2018 11 02 08:59:02.019    32342.019  0.1474 30.9305 111.3605   8.00   -inf  -nan   5   4   9   3 317.45
   12   2018 11 02 09:54:13.010    35653.010  0.3543 31.0905 109.9505   2.00   -inf  -nan  10   6  16   4 227.09
   13   2018 11 02 10:54:28.189    39268.189  0.3711 31.0505 110.4605   0.00   -inf  -nan   8   9  17   5 109.45
   14   2018 11 02 11:07:02.596    40022.596  0.3537 31.0505 110.5105  16.00   -inf  -nan   5   3   8   1 114.76
   15   2018 11 02 11:53:19.088    42799.088  0.4175 30.9405 110.4605  10.00   -inf  -nan   3   4   7   3 112.95
   16   2018 11 02 12:09:59.752    43799.752  0.2403 30.8605 110.5605   2.00   -inf  -nan   3   3   6   3 234.40
   17   2018 11 02 12:42:13.155    45733.155  0.3558 31.0905 110.3105   0.00   -inf  -nan  11   9  20   9  90.31
   18   2018 11 02 13:24:27.538    48267.538  0.3385 30.9405 110.7805   8.00   -inf  -nan   3   3   6   3 210.94
   19   2018 11 02 13:50:07.659    49807.659  0.2956 30.8605 110.5605   8.00   -inf  -nan   6   5  11   4 190.22
   20   2018 11 02 16:43:25.506    60205.506  0.3474 31.0505 110.4605   0.00   -inf  -nan   3   5   8   2 157.85
   21   2018 11 02 17:53:43.322    64423.322  0.3658 31.0505 110.4605   8.00   -inf  -nan  21  14  35  14 109.45
   22   2018 11 02 18:18:19.495    65899.495  0.2733 31.0505 110.4605   0.00   -inf  -nan   4   5   9   3 221.25
   23   2018 11 02 18:31:33.185    66693.185  0.2309 30.7805 110.7705  10.00   -inf  -nan  12  13  25  12 110.23
   24   2018 11 02 20:07:54.675    72474.675  0.1614 30.8605 110.5605   6.00   -inf  -nan   3   2   5   2 234.40
   25   2018 11 02 20:50:42.157    75042.157  0.1476 30.8505 111.1305   6.00   -inf  -nan   3   2   5   2 232.15
   26   2018 11 02 20:57:59.769    75479.769  0.3463 30.9305 110.7605   6.00   -inf  -nan  11  12  23  10  96.54
   27   2018 11 02 21:00:39.342    75639.342  0.2979 31.1705 110.3405   6.00   -inf  -nan   6   2   8   2 206.23
   28   2018 11 02 21:29:49.736    77389.736  0.3393 31.0505 110.4205   6.00   -inf  -nan   4   4   8   4 190.94
   29   2018 11 02 21:32:09.794    77529.794  0.2935 31.1405 110.3405   0.00   -inf  -nan   4   2   6   2 161.88
   30   2018 11 02 21:46:16.198    78376.198  0.1296 31.1305 110.3905   6.00   -inf  -nan   3   2   5   2 299.80
   31   2018 11 02 23:25:49.953    84349.953  0.1344 30.8505 111.1305   6.00   -inf  -nan   9   7  16   6 210.25
    1   2018 11 03 00:32:47.864     1967.864  0.2511 30.8505 111.1305   4.00   -inf  -nan  10   9  19   9 210.25
    2   2018 11 03 00:33:31.025     2011.025  0.1949 30.8505 111.1305   6.00   -inf  -nan   8   6  14   6 210.25
    3   2018 11 03 01:42:10.332     6130.332  0.1815 30.8905 111.3605   6.00   -inf  -nan   8   5  13   5 317.83
    4   2018 11 03 02:52:26.546    10346.546  0.2191 30.9005 111.2105   6.00   -inf  -nan   5   2   7   2 260.52
    5   2018 11 03 03:21:31.016    12091.016  0.3661 30.8505 110.7805  20.00   -inf  -nan   5   2   7   2 205.55
    6   2018 11 03 03:42:39.739    13359.739  0.1949 30.7805 110.7705  10.00   -inf  -nan   9   7  16   6 115.50
    7   2018 11 03 04:00:15.079    14415.079  0.3136 31.0205 110.7005   0.00   -inf  -nan   5   4   9   3 133.52
    8   2018 11 03 04:24:21.171    15861.171  0.4202 30.9705 110.3705   6.00   -inf  -nan  13   8  21   8  88.31
    9   2018 11 03 06:14:23.321    22463.321  0.3781 31.2105 110.3105   6.00   -inf  -nan   7   4  11   1 253.93
   10   2018 11 03 06:26:17.145    23177.145  0.2813 31.2105 110.3405   2.00   -inf  -nan   6   5  11   4 235.59
   11   2018 11 03 06:31:54.658    23514.658  0.2569 30.8505 111.2405  12.00   -inf  -nan   5   3   8   3 278.91
   12   2018 11 03 06:36:46.624    23806.624  0.3668 31.0805 109.9605  12.00   -inf  -nan   3   2   5   2 179.79
   13   2018 11 03 07:41:10.717    27670.717  0.3868 30.7005 110.9705  20.00   -inf  -nan   3   2   5   1 238.03
   14   2018 11 03 08:55:14.418    32114.418  0.3161 30.8105 111.1705   6.00   -inf  -nan  11   7  18   7 242.73
   15   2018 11 03 09:35:02.923    34502.923  0.3545 31.2005 110.0405   6.00   -inf  -nan   3   2   5   2 173.24
   16   2018 11 03 09:37:51.206    34671.206  0.1903 30.8505 111.1305   4.00   -inf  -nan   9   8  17   7 210.75
   17   2018 11 03 09:41:12.776    34872.776  0.3320 31.2505 110.0505   4.00   -inf  -nan  11   6  17   5 241.92
   18   2018 11 03 11:53:44.013    42824.013  0.1719 31.0505 110.5505  16.00   -inf  -nan   3   2   5   1 155.14
   19   2018 11 03 12:56:07.996    46567.996  0.2651 31.0505 110.4605   6.00   -inf  -nan  10  11  21  10 111.60
   20   2018 11 03 13:11:48.826    47508.826  0.3283 30.9405 110.7405  10.00   -inf  -nan   3   3   6   3 151.07
   21   2018 11 03 14:25:12.938    51912.938  0.2354 31.0505 110.4605   0.00   -inf  -nan   3   5   8   3 111.60
   22   2018 11 03 18:03:10.914    64990.914  0.1739 30.8905 111.1605  10.00   -inf  -nan   5   2   7   2 195.54
   23   2018 11 03 20:40:11.813    74411.813  0.3161 31.1205 110.2105   0.00   -inf  -nan  10  11  21   9 103.80
   24   2018 11 03 20:46:32.405    74792.405  0.3971 31.1405 110.2905   0.00   -inf  -nan   7   3  10   3 138.84
   25   2018 11 03 20:48:20.339    74900.339  0.0905 30.8505 111.1305  10.00   -inf  -nan   3   2   5   2 232.15
   26   2018 11 03 20:54:54.375    75294.375  0.1855 31.1305 110.2305   0.00   -inf  -nan   6   5  11   4 101.40
   27   2018 11 03 21:44:47.591    78287.591  0.1517 30.8505 111.1305   8.00   -inf  -nan   3   2   5   2 232.15
   28   2018 11 03 23:17:29.514    83849.514  0.2904 30.9005 110.9905  20.00   -inf  -nan   6   2   8   2 122.63
    1   2018 11 04 02:46:19.951     9979.951  0.2167 30.8505 111.1305   6.00   -inf  -nan   9   7  16   6 210.25
    2   2018 11 04 03:22:04.702    12124.702  0.2475 30.8505 110.7605   8.00   -inf  -nan   3   3   6   2 189.90
    3   2018 11 04 05:49:23.424    20963.424  0.3039 30.9005 110.7205   6.00   -inf  -nan  13   9  22   9  94.62
    4   2018 11 04 05:56:21.664    21381.664  0.3552 30.9805 110.0205   2.00   -inf  -nan   7   6  13   6 192.12
    5   2018 11 04 07:00:18.007    25218.007  0.2448 31.1005 109.9805   0.00   -inf  -nan   3   2   5   2 219.81
    6   2018 11 04 08:35:39.033    30939.033  0.2474 30.9305 110.0305  14.00   -inf  -nan   4   2   6   1 159.78
    7   2018 11 04 08:45:08.409    31508.409  0.2524 30.9605 109.9705   8.00   -inf  -nan   6   5  11   3 173.41
    8   2018 11 04 09:20:37.267    33637.267  0.3172 30.8505 111.1305   6.00   -inf  -nan  10  10  20   9 210.25
    9   2018 11 04 10:26:22.849    37582.849  0.1019 31.0105 110.3705   8.00   -inf  -nan   3   2   5   2 199.51
   10   2018 11 04 13:13:42.600    47622.600  0.3277 31.0405 110.4505   6.00   -inf  -nan  10   9  19   8 101.78
   11   2018 11 04 16:50:57.544    60657.544  0.2484 30.8905 111.1205   0.00   -inf  -nan   4   3   7   2 152.93
   12   2018 11 04 18:03:47.931    65027.931  0.1501 30.9005 110.5405   0.00   -inf  -nan   3   2   5   2 239.74
   13   2018 11 04 19:40:11.211    70811.211  0.4562 31.0305 110.4805   6.00   -inf  -nan   8   7  15   7  98.79
   14   2018 11 04 19:56:44.232    71804.232  0.1702 30.8905 111.1605   8.00   -inf  -nan   5   3   8   3 195.54
   15   2018 11 04 20:34:12.432    74052.432  0.1115 31.0505 110.8305   6.00   -inf  -nan   4   3   7   3 306.69
   16   2018 11 04 23:16:14.257    83774.257  0.2409 30.8505 111.1605   8.00   -inf  -nan  12   5  17   5 225.53
   17   2018 11 04 23:31:06.282    84666.282  0.1651 30.8505 111.1305   6.00   -inf  -nan  10   6  16   4 210.25
    1   2018 11 05 01:06:49.494     4009.494  0.3420 31.0305 110.5605   4.00   -inf  -nan   5  10  15   5  80.53
    2   2018 11 05 01:12:05.672     4325.672  0.2113 31.1805 110.0905   6.00   -inf  -nan   3   2   5   2 291.57
    3   2018 11 05 03:24:18.502    12258.502  0.4022 31.0305 110.5605   2.00   -inf  -nan  14  17  31  13  80.53
    4   2018 11 05 03:53:42.473    14022.473  0.2300 31.0205 109.7805   6.00   -inf  -nan   5   3   8   2 282.24
    5   2018 11 05 04:59:37.378    17977.378  0.3623 30.8105 111.1705   6.00   -inf  -nan  11  10  21   9 242.73
    6   2018 11 05 06:05:35.220    21935.220  0.3561 31.1705 110.3005   0.00   -inf  -nan   3   2   5   1 204.22
    7   2018 11 05 06:24:26.137    23066.137  0.1663 30.8905 111.1305   2.00   -inf  -nan   5   2   7   2 164.15
    8   2018 11 05 06:38:38.566    23918.566  0.2253 31.0905 110.3405   0.00   -inf  -nan   5   4   9   4 153.81
    9   2018 11 05 07:55:45.359    28545.359  0.2720 30.8005 110.2105   2.00   -inf  -nan   5   9  14   5 242.37
   10   2018 11 05 08:19:18.966    29958.966  0.3839 31.2905 110.0905   6.00   -inf  -nan   3   3   6   1 254.51
   11   2018 11 05 08:35:12.551    30912.551  0.3227 31.2605 110.1305   0.00   -inf  -nan   8   2  10   2 224.47
   12   2018 11 05 08:38:42.563    31122.563  0.1254 30.8505 111.1305   4.00   -inf  -nan   8   6  14   5 210.75
   13   2018 11 05 10:56:05.497    39365.497  0.4743 31.0205 110.4605   0.00   -inf  -nan   3   3   6   3 233.14
   14   2018 11 05 12:24:51.980    44691.980  0.2538 30.8305 110.6405   8.00   -inf  -nan   3   5   8   3 149.48
   15   2018 11 05 15:43:37.260    56617.260  0.2993 31.1805 110.3405   0.00   -inf  -nan   3   2   5   2 290.03
   16   2018 11 05 15:47:37.754    56857.754  0.3532 31.0505 110.4605   6.00   -inf  -nan   7   9  16   7 111.60
   17   2018 11 05 16:54:34.058    60874.058  0.1352 30.8605 110.5605   8.00   -inf  -nan   6   5  11   5 196.25
   18   2018 11 05 18:47:03.509    67623.509  0.2994 30.9905 110.5605   4.00   -inf  -nan   3   4   7   1 168.83
   19   2018 11 05 20:36:52.232    74212.232  0.4368 31.0205 110.4405   6.00   -inf  -nan  14  14  28  13  87.12
   20   2018 11 05 21:08:52.839    76132.839  0.1498 31.0905 110.1505   0.00   -inf  -nan   5   7  12   5 207.20
   21   2018 11 05 21:11:19.548    76279.548  0.1672 31.1405 110.2905  14.00   -inf  -nan   3   2   5   2 138.84
   22   2018 11 05 22:00:56.346    79256.346  0.2298 31.1805 110.1305  12.00   -inf  -nan   3   2   5   2 140.16
   23   2018 11 05 22:19:35.770    80375.770  0.2981 31.0105 110.2605  14.00   -inf  -nan   4   3   7   3 216.05
   24   2018 11 05 23:44:47.563    85487.563  0.2068 30.8505 111.1305   4.00   -inf  -nan   8   7  15   5 210.25
    1   2018 11 06 01:30:19.722     5419.722  0.3608 31.0505 110.4705   8.00   -inf  -nan   6   6  12   5 113.45
    2   2018 11 06 01:32:41.178     5561.178  0.3647 31.2205 110.3705   0.00   -inf  -nan   6   4  10   4 256.75
    3   2018 11 06 03:31:06.390    12666.390  0.3023 31.0405 110.2505   4.00   -inf  -nan   3   2   5   1 134.03
    4   2018 11 06 04:09:43.310    14983.310  0.3118 30.9605 110.0905  14.00   -inf  -nan   7   2   9   2 129.13
    5   2018 11 06 05:19:47.231    19187.231  0.3847 30.8905 110.7305   0.00   -inf  -nan  12   8  20   7  94.87
    6   2018 11 06 05:29:16.464    19756.464  0.2683 30.8605 110.5605   8.00   -inf  -nan  16  14  30  14 145.72
    7   2018 11 06 05:31:55.730    19915.730  0.2612 30.8505 111.1305   4.00   -inf  -nan  13  10  23   9 210.75
    8   2018 11 06 05:37:26.671    20246.671  0.3146 30.8605 111.1505   6.00   -inf  -nan   9   6  15   5 215.32
    9   2018 11 06 05:49:54.759    20994.759  0.1959 30.8905 111.1305   6.00   -inf  -nan   5   3   8   3 164.15
   10   2018 11 06 06:03:14.541    21794.541  0.3674 31.0505 110.4605   0.00   -inf  -nan   7   9  16   7 111.60
   11   2018 11 06 07:35:43.152    27343.152  0.2346 30.9405 110.7805   6.00   -inf  -nan   9   8  17   8  92.21
   12   2018 11 06 07:40:52.369    27652.369  0.4166 31.1305 110.3005   0.00   -inf  -nan   6   5  11   5 131.46
   13   2018 11 06 08:27:10.914    30430.914  0.4509 30.9005 110.7205   0.00   -inf  -nan  11   8  19   5  94.62
   14   2018 11 06 09:25:33.553    33933.553  0.1660 30.8505 111.1305   4.00   -inf  -nan   9   7  16   7 210.75
   15   2018 11 06 14:59:35.626    53975.626  0.3763 31.0505 110.4605   6.00   -inf  -nan   9   9  18   7 111.60
   16   2018 11 06 16:59:43.672    61183.672  0.2024 30.9505 110.8005   0.00   -inf  -nan   3   4   7   1 207.30
   17   2018 11 06 17:20:25.589    62425.589  0.3112 31.0505 110.4305  10.00   -inf  -nan   5   5  10   5 115.66
   18   2018 11 06 17:37:39.890    63459.890  0.2327 31.1805 110.1305  12.00   -inf  -nan   3   2   5   2 140.16
   19   2018 11 06 17:57:34.575    64654.575  0.3275 31.0505 110.4205   6.00   -inf  -nan   3   4   7   3 135.16
   20   2018 11 06 20:38:16.389    74296.389  0.1552 30.8205 110.6005   8.00   -inf  -nan   3   3   6   3 280.01
   21   2018 11 06 21:21:46.733    76906.733  0.1455 30.9405 110.7805   6.00   -inf  -nan   5   4   9   4 210.94
   22   2018 11 06 21:24:22.544    77062.544  0.2429 31.1705 110.3405  10.00   -inf  -nan   5   2   7   2 206.23
   23   2018 11 06 22:02:41.909    79361.909  0.2533 31.1405 110.2905   0.00   -inf  -nan   5   2   7   2 138.84
   24   2018 11 06 22:15:11.018    80111.018  0.1310 31.0905 110.1505   2.00   -inf  -nan   5   5  10   4 174.08
   25   2018 11 06 23:29:05.360    84545.360  0.2535 30.8505 111.1305   6.00   -inf  -nan  13   6  19   5 210.25
    1   2018 11 07 01:21:27.516     4887.516  0.2119 30.8505 111.1305   4.00   -inf  -nan   8   4  12   4 210.75
    2   2018 11 07 04:07:41.463    14861.463  0.3797 31.2805 110.8605   2.00   -inf  -nan  12   9  21   7 236.71
    3   2018 11 07 05:06:16.840    18376.840  0.2084 30.8905 111.1305   4.00   -inf  -nan   5   3   8   3 164.15
    4   2018 11 07 06:25:17.920    23117.920  0.3017 30.8205 111.1705   6.00   -inf  -nan  14  10  24  10 240.25
    5   2018 11 07 09:05:09.064    32709.064  0.1977 30.8505 111.1305   4.00   -inf  -nan  12   8  20   8 210.75
    6   2018 11 07 09:35:25.524    34525.524  0.4508 31.0505 110.4705  10.00   -inf  -nan  10  12  22  10 113.45
    7   2018 11 07 10:51:39.294    39099.294  0.1614 30.8905 111.1605  10.00   -inf  -nan   3   2   5   2 195.54
    8   2018 11 07 10:51:54.725    39114.725  0.3805 30.9805 110.7805  14.00   -inf  -nan   4   5   9   3 117.79
    9   2018 11 07 11:47:21.448    42441.448  0.2754 31.1005 110.7505   0.00   -inf  -nan   3   2   5   2 197.71
   10   2018 11 07 12:18:00.062    44280.062  0.2335 30.8005 110.2105   2.00   -inf  -nan   4   4   8   4 278.44
   11   2018 11 07 12:37:28.784    45448.784  0.3691 31.0605 110.4405   6.00   -inf  -nan  11   9  20   8 113.97
   12   2018 11 07 13:02:31.839    46951.839  0.2130 31.2005 110.5805   0.00   -inf  -nan   5   2   7   2 219.95
   13   2018 11 07 13:29:02.477    48542.477  0.3311 31.1105 110.4405   8.00   -inf  -nan   4   6  10   4 168.56
   14   2018 11 07 14:23:53.111    51833.111  0.2400 31.1405 110.2905   0.00   -inf  -nan   7   3  10   2 138.84
   15   2018 11 07 15:04:12.359    54252.359  0.3801 31.1705 110.3405   0.00   -inf  -nan   3   3   6   2 270.76
   16   2018 11 07 15:07:23.303    54443.303  0.3494 31.0205 110.4805   0.00   -inf  -nan  14  15  29  14  91.96
   17   2018 11 07 15:25:20.593    55520.593  0.3972 31.1905 110.3205   6.00   -inf  -nan   9   4  13   4 186.28
   18   2018 11 07 16:21:29.964    58889.964  0.3191 31.0605 110.4405   6.00   -inf  -nan   4   5   9   3 170.49
   19   2018 11 07 16:55:03.764    60903.764  0.2795 31.0505 110.4605   8.00   -inf  -nan   6   6  12   6 111.60
   20   2018 11 07 18:00:51.786    64851.786  0.3719 31.0305 110.4405   4.00   -inf  -nan   5   7  12   5  92.86
   21   2018 11 07 19:55:40.007    71740.007  0.3121 31.0505 110.4605   6.00   -inf  -nan   4   5   9   4 157.85
   22   2018 11 07 20:02:15.627    72135.627  0.2133 30.9005 111.1305   6.00   -inf  -nan   3   2   5   2 159.16
   23   2018 11 07 22:17:38.097    80258.097  0.2259 31.0005 110.2005  18.00   -inf  -nan   3   2   5   1 121.02
   24   2018 11 07 23:31:33.124    84693.124  0.2351 30.8505 111.1305   4.00   -inf  -nan  15   8  23   8 210.25
    1   2018 11 08 00:32:56.224     1976.224  0.2283 30.8505 111.1305   4.00   -inf  -nan  11   6  17   6 210.25
    2   2018 11 08 00:33:35.234     2015.234  0.3444 30.8205 111.1705   4.00   -inf  -nan  10   8  18   7 240.25
    3   2018 11 08 01:57:47.167     7067.167  0.2244 30.8905 111.3605   6.00   -inf  -nan   7   6  13   6 313.04
    4   2018 11 08 04:01:29.700    14489.700  0.2434 31.0805 109.8405  14.00   -inf  -nan   5   3   8   2 289.41
    5   2018 11 08 04:47:33.765    17253.765  0.3759 30.9705 110.3705   4.00   -inf  -nan  11   6  17   4  88.31
    6   2018 11 08 05:02:55.955    18175.955  0.2911 31.2405 110.0405   8.00   -inf  -nan   8   5  13   5 237.39
    7   2018 11 08 05:49:12.008    20952.008  0.1454 30.8505 111.1305   4.00   -inf  -nan   6   4  10   4 210.75
    8   2018 11 08 06:23:40.966    23020.966  0.3980 30.9305 110.9605   6.00   -inf  -nan  11   8  19   7  94.19
    9   2018 11 08 07:17:05.631    26225.631  0.1814 30.7705 111.2105   6.00   -inf  -nan   4   2   6   2 337.23
   10   2018 11 08 08:01:03.585    28863.585  0.4204 31.1005 109.9405   6.00   -inf  -nan  13  12  25   9 232.93
   11   2018 11 08 09:08:21.368    32901.368  0.2155 30.8105 111.1705   4.00   -inf  -nan   9   5  14   5 242.73
   12   2018 11 08 11:46:55.664    42415.664  0.1524 30.8505 111.0005  10.00   -inf  -nan   4   2   6   1 147.55
   13   2018 11 08 12:12:51.568    43971.568  0.3958 31.0605 110.4605   0.00   -inf  -nan   4   5   9   4 168.29
   14   2018 11 08 12:29:49.543    44989.543  0.2289 30.9405 111.1905   2.00   -inf  -nan   3   2   5   2 202.10
   15   2018 11 08 12:57:59.468    46679.468  0.2273 31.1705 110.3505   0.00   -inf  -nan   4   2   6   2 232.44
   16   2018 11 08 14:01:32.230    50492.230  0.2914 31.1705 110.3005   0.00   -inf  -nan   8   2  10   2 165.54
   17   2018 11 08 14:51:40.372    53500.372  0.2968 31.0805 110.1605   0.00   -inf  -nan   4   4   8   3 133.76
   18   2018 11 08 15:08:46.500    54526.500  0.1613 30.8605 111.1505   0.00   -inf  -nan   4   2   6   1 215.44
   19   2018 11 08 15:22:18.663    55338.663  0.1127 30.6905 110.7605   6.00   -inf  -nan   3   2   5   2 305.67
   20   2018 11 08 21:16:45.118    76605.118  0.3498 30.9705 110.7105  12.00   -inf  -nan  11   9  20   8 107.60
   21   2018 11 08 21:58:35.499    79115.499  0.2964 31.1305 110.2705  10.00   -inf  -nan   3   2   5   2 126.42
   22   2018 11 08 22:01:27.351    79287.351  0.3373 31.0505 110.4605   4.00   -inf  -nan   8  10  18   8 111.60
   23   2018 11 08 22:11:45.290    79905.290  0.1137 30.8605 110.5605  10.00   -inf  -nan   4   4   8   4 229.14
   24   2018 11 08 23:18:26.757    83906.757  0.4971 31.0205 110.4405   6.00   -inf  -nan   3   4   7   3 166.62
   25   2018 11 08 23:19:28.671    83968.671  0.1646 30.8505 111.1305   4.00   -inf  -nan  12   6  18   6 210.25
    1   2018 11 09 04:02:21.388    14541.388  0.2959 31.1005 110.4405   8.00   -inf  -nan   3   3   6   2 279.72
    2   2018 11 09 04:19:50.462    15590.462  0.1902 30.8505 111.1305   4.00   -inf  -nan   5   3   8   3 210.75
    3   2018 11 09 04:21:18.880    15678.880  0.2126 30.8505 111.1305   4.00   -inf  -nan  10   6  16   6 210.25
    4   2018 11 09 04:27:28.441    16048.441  0.1880 31.1705 110.3405  10.00   -inf  -nan   4   3   7   3 206.23
    5   2018 11 09 06:14:10.977    22450.977  0.2774 30.8605 110.5605   8.00   -inf  -nan  12  11  23  11 145.72
    6   2018 11 09 06:41:51.491    24111.491  0.2594 30.8905 111.0005   4.00   -inf  -nan   5   2   7   2 124.82
    7   2018 11 09 07:14:31.371    26071.371  0.2292 30.9005 111.3305   0.00   -inf  -nan   7   4  11   4 314.83
    8   2018 11 09 07:39:02.562    27542.562  0.3352 30.7805 110.9305   4.00   -inf  -nan   4   4   8   3 192.08
    9   2018 11 09 07:40:06.332    27606.332  0.3572 30.9805 110.3805   0.00   -inf  -nan  10   2  12   1  84.88
   10   2018 11 09 09:51:08.282    35468.282  0.3163 30.8105 111.1705   4.00   -inf  -nan   9   7  16   6 249.55
   11   2018 11 09 10:22:00.969    37320.969  0.1686 30.8905 111.1305   6.00   -inf  -nan   3   2   5   2 164.15
   12   2018 11 09 11:06:37.925    39997.925  0.1390 30.9005 110.5405   6.00   -inf  -nan   3   3   6   3 179.22
   13   2018 11 09 14:47:27.416    53247.416  0.2472 30.8905 111.1305   4.00   -inf  -nan   5   3   8   3 164.15
   14   2018 11 09 16:45:55.471    60355.471  0.2599 31.1405 110.2605   0.00   -inf  -nan   3   4   7   3 173.16
   15   2018 11 09 17:28:59.521    62939.521  0.1584 30.9405 110.7805   6.00   -inf  -nan   4   3   7   1 210.94
   16   2018 11 09 18:47:21.845    67641.845  0.1706 31.2105 110.5505   2.00   -inf  -nan   7   2   9   2 223.23
   17   2018 11 09 19:00:43.380    68443.380  0.3829 31.0605 110.4805  16.00   -inf  -nan   6   6  12   6 123.88
   18   2018 11 09 19:23:29.702    69809.702  0.3387 31.0105 110.4605   0.00   -inf  -nan  17  15  32  14  93.04
   19   2018 11 09 19:50:58.321    71458.321  0.2191 31.1605 110.0805   0.00   -inf  -nan   3   3   6   3 169.00
   20   2018 11 09 20:25:39.683    73539.683  0.3621 31.0305 110.4805   8.00   -inf  -nan   4   4   8   4 152.53
   21   2018 11 09 20:40:29.541    74429.541  0.2062 30.8905 111.1305   4.00   -inf  -nan   5   3   8   3 164.15
   22   2018 11 09 23:11:19.772    83479.772  0.2913 30.8105 111.1705   4.00   -inf  -nan  12   9  21   8 242.73
   23   2018 11 09 23:15:09.636    83709.636  0.2528 30.8505 111.1305   6.00   -inf  -nan  13   6  19   6 210.25
   24   2018 11 09 23:32:01.290    84721.290  0.3283 31.0205 110.4405   6.00   -inf  -nan   7   6  13   6 101.35
   25   2018 11 09 23:52:09.214    85929.214  0.1631 30.8905 111.1605  10.00   -inf  -nan   5   2   7   2 195.54
    1   2018 11 10 00:46:50.636     2810.636  0.3181 31.2105 110.5505   2.00   -inf  -nan   3   2   5   2 295.34
    2   2018 11 10 01:58:02.776     7082.776  0.1523 30.8505 111.2405   8.00   -inf  -nan   5   3   8   3 278.91
    3   2018 11 10 02:34:07.899     9247.899  0.3310 31.0505 110.4605   6.00   -inf  -nan   8   8  16   7 111.60
    4   2018 11 10 02:45:07.520     9907.520  0.4191 31.0505 110.4705  10.00   -inf  -nan   3   5   8   3 113.45
    5   2018 11 10 03:27:52.021    12472.021  0.4818 31.3005 110.7905   0.00   -inf  -nan   5   5  10   1 275.98
    6   2018 11 10 04:57:11.644    17831.644  0.4499 31.0205 109.7805   4.00   -inf  -nan   9   4  13   3 267.00
    7   2018 11 10 05:04:29.580    18269.580  0.3778 31.1705 110.3805  12.00   -inf  -nan   4   4   8   3 185.50
    8   2018 11 10 05:38:18.767    20298.767  0.2407 30.8205 111.1705   6.00   -inf  -nan  10   5  15   5 245.81
    9   2018 11 10 07:03:13.804    25393.804  0.4742 30.8105 111.1705   8.00   -inf  -nan  10   8  18   7 249.55
   10   2018 11 10 09:13:51.693    33231.693  0.4536 31.0305 110.4405  10.00   -inf  -nan   3   4   7   3 171.98
   11   2018 11 10 09:26:18.198    33978.198  0.2474 31.1405 110.7905  12.00   -inf  -nan   7   8  15   7 145.26
   12   2018 11 10 10:47:28.474    38848.474  0.1075 30.8905 110.9605   0.00   -inf  -nan   3   2   5   2 163.56
   13   2018 11 10 10:52:02.901    39122.901  0.2889 31.0505 110.4605   0.00   -inf  -nan   8   9  17   8 111.60
   14   2018 11 10 11:41:56.035    42116.035  0.3260 31.1705 110.3105   0.00   -inf  -nan   8   3  11   3 168.79
   15   2018 11 10 12:18:26.196    44306.196  0.3490 30.9405 110.5205  10.00   -inf  -nan   3   4   7   3 147.87
   16   2018 11 10 12:32:48.037    45168.037  0.1727 30.8905 111.1605   8.00   -inf  -nan   5   2   7   2 195.54
   17   2018 11 10 12:35:12.163    45312.163  0.2575 31.1605 110.3705   8.00   -inf  -nan   4   3   7   3 197.57
   18   2018 11 10 13:44:08.974    49448.974  0.3357 31.1505 110.5205   4.00   -inf  -nan   6   2   8   2 187.29
   19   2018 11 10 15:20:57.981    55257.981  0.3561 31.0505 110.4605   0.00   -inf  -nan   6   7  13   6 111.60
   20   2018 11 10 15:37:50.367    56270.367  0.3620 30.9905 110.4405   4.00   -inf  -nan   4   3   7   3 197.87
   21   2018 11 10 16:01:57.938    57717.938  0.2322 30.8605 110.5005   8.00   -inf  -nan   4   5   9   4 223.40
   22   2018 11 10 16:06:57.005    58017.005  0.3520 30.9105 110.5205   8.00   -inf  -nan   3   5   8   3 162.76
   23   2018 11 10 16:14:50.470    58490.470  0.2416 30.8605 110.5005  10.00   -inf  -nan   3   3   6   3 284.97
   24   2018 11 10 17:28:08.365    62888.365  0.3019 30.8605 110.5005   8.00   -inf  -nan   6   8  14   6 169.15
   25   2018 11 10 18:06:12.106    65172.106  0.1817 30.9505 110.5205   6.00   -inf  -nan   3   4   7   3 165.86
   26   2018 11 10 18:10:32.916    65432.916  0.3467 30.8605 110.5005   6.00   -inf  -nan   5   5  10   4 169.15
   27   2018 11 10 19:35:44.768    70544.768  0.1851 31.1605 110.0805   0.00   -inf  -nan   4   3   7   3 157.13
   28   2018 11 10 19:48:45.982    71325.982  0.3768 31.1805 110.1305   8.00   -inf  -nan   5   2   7   2 140.16
   29   2018 11 10 20:42:32.635    74552.635  0.3311 31.0505 110.4605   0.00   -inf  -nan   6   5  11   5 111.60
   30   2018 11 10 21:50:59.939    78659.939  0.3548 31.0105 110.4405   6.00   -inf  -nan  10   6  16   3 106.98
   31   2018 11 10 21:53:17.565    78797.565  0.3640 31.0505 110.4605   8.00   -inf  -nan  11  10  21  10 111.60
   32   2018 11 10 21:55:13.399    78913.399  0.3952 31.0905 110.5905  10.00   -inf  -nan   3   3   6   2 192.60
   33   2018 11 10 22:16:24.129    80184.129  0.3305 31.0505 110.4505   0.00   -inf  -nan  13   9  22   9 106.33
   34   2018 11 10 23:16:04.127    83764.127  0.2538 30.8505 111.1305   4.00   -inf  -nan  10   8  18   8 210.25
   35   2018 11 10 23:24:05.768    84245.768  0.3001 31.1305 110.3005   0.00   -inf  -nan   5   2   7   1 131.46
    1   2018 11 11 00:37:48.722     2268.722  0.1223 31.1705 110.4705  10.00   -inf  -nan   3   2   5   2 324.25
    2   2018 11 11 01:54:55.089     6895.089  0.2951 31.0605 110.2505  20.00   -inf  -nan   3   2   5   1 144.02
    3   2018 11 11 01:58:22.642     7102.642  0.2775 30.8105 111.2805   8.00   -inf  -nan   6   3   9   3 294.33
    4   2018 11 11 01:59:08.130     7148.130  0.2617 30.8105 111.2805  10.00   -inf  -nan   6   4  10   4 294.33
    5   2018 11 11 02:16:44.619     8204.619  0.2268 30.9705 111.2405   0.00   -inf  -nan   4   2   6   2 291.14
    6   2018 11 11 02:50:55.821    10255.821  0.3020 30.8505 111.1705   4.00   -inf  -nan  13  10  23   9 291.45
    7   2018 11 11 03:14:59.070    11699.070  0.2354 31.1005 109.8905  12.00   -inf  -nan   9   3  12   3 276.52
    8   2018 11 11 05:27:09.705    19629.705  0.4480 31.2005 110.0005  10.00   -inf  -nan   8   5  13   4 223.19
    9   2018 11 11 05:43:00.497    20580.497  0.2886 30.9005 111.3105   2.00   -inf  -nan   4   2   6   2 326.24
   10   2018 11 11 07:00:46.417    25246.417  0.1662 30.9405 110.5405   0.00   -inf  -nan   3   2   5   1 158.37
   11   2018 11 11 07:14:43.082    26083.082  0.2874 30.8105 111.2405   0.00   -inf  -nan   6   5  11   3 279.73
   12   2018 11 11 07:51:20.987    28280.987  0.1448 30.9005 110.5005  10.00   -inf  -nan   3   4   7   3 178.91
   13   2018 11 11 08:28:30.697    30510.697  0.4202 30.8605 110.5005  16.00   -inf  -nan   5   6  11   5 223.40
   14   2018 11 11 08:58:12.565    32292.565  0.3780 31.0905 110.3805   4.00   -inf  -nan   5   5  10   5 106.78
   15   2018 11 11 09:36:49.714    34609.714  0.2443 30.8505 111.1305   4.00   -inf  -nan   9   8  17   7 210.75
   16   2018 11 11 09:41:07.508    34867.508  0.3253 31.0205 110.4805   0.00   -inf  -nan   5   5  10   4 135.90
   17   2018 11 11 11:56:58.723    43018.723  0.3768 31.0505 110.4605   0.00   -inf  -nan   6   7  13   6 111.60
   18   2018 11 11 12:30:57.358    45057.358  0.2175 30.8905 111.1205   2.00   -inf  -nan   4   3   7   3 152.93
   19   2018 11 11 12:49:21.874    46161.874  0.2433 31.1705 110.3405  10.00   -inf  -nan   5   2   7   2 206.23
   20   2018 11 11 13:00:17.445    46817.445  0.2881 31.0505 110.4605   0.00   -inf  -nan  12  10  22  10 111.60
   21   2018 11 11 13:13:31.598    47611.598  0.3681 31.0205 110.4405   6.00   -inf  -nan  14  10  24  10  87.12
   22   2018 11 11 13:15:55.885    47755.885  0.4002 31.0505 110.4105  12.00   -inf  -nan   3   6   9   3 131.82
   23   2018 11 11 13:45:21.169    49521.169  0.3043 31.0505 110.4505   8.00   -inf  -nan  11  10  21   7 109.19
   24   2018 11 11 16:06:36.945    57996.945  0.3347 31.1605 110.3205   0.00   -inf  -nan   6   2   8   2 202.73
   25   2018 11 11 16:16:08.075    58568.075  0.1951 31.0905 110.1905   0.00   -inf  -nan   3   3   6   2 132.72
   26   2018 11 11 16:25:34.291    59134.291  0.2861 31.0905 110.4205   6.00   -inf  -nan   4   5   9   4 131.66
   27   2018 11 11 17:19:28.772    62368.772  0.2394 31.1805 110.1305  10.00   -inf  -nan   3   2   5   2 140.16
   28   2018 11 11 17:45:00.119    63900.119  0.3417 31.0505 110.4605  10.00   -inf  -nan  10  10  20  10 111.60
   29   2018 11 11 18:24:39.008    66279.008  0.2753 31.1605 110.0405  12.00   -inf  -nan   3   2   5   1 163.44
   30   2018 11 11 18:37:12.417    67032.417  0.1507 30.8905 111.1605   8.00   -inf  -nan   5   3   8   3 195.54
   31   2018 11 11 18:52:17.613    67937.613  0.4033 31.1405 110.2505   0.00   -inf  -nan   7   2   9   2 145.32
   32   2018 11 11 19:44:09.686    71049.686  0.2056 31.1405 110.2905  10.00   -inf  -nan   3   2   5   2 138.84
   33   2018 11 11 19:53:23.286    71603.286  0.4325 31.0605 110.4605   6.00   -inf  -nan   4   6  10   3 120.13
   34   2018 11 11 20:06:30.434    72390.434  0.1264 30.7805 110.7605  10.00   -inf  -nan   7   6  13   6 103.86
   35   2018 11 11 20:09:00.924    72540.924  0.2028 30.7905 110.7405  10.00   -inf  -nan   3   3   6   3 220.51
   36   2018 11 11 20:11:56.013    72716.013  0.2360 31.0505 110.5405  16.00   -inf  -nan   3   3   6   1 107.29
   37   2018 11 11 20:48:08.417    74888.417  0.3226 31.0505 110.4605   6.00   -inf  -nan  17  15  32  13 109.45
   38   2018 11 11 21:10:03.784    76203.784  0.3662 30.9305 111.0005   4.00   -inf  -nan   4   2   6   1 139.44
   39   2018 11 11 22:37:01.308    81421.308  0.1769 30.8905 111.1605  10.00   -inf  -nan   3   2   5   2 195.54
   40   2018 11 11 23:17:28.135    83848.135  0.2686 30.8505 111.1305   4.00   -inf  -nan   9   9  18   9 210.25
    1   2018 11 12 02:15:04.867     8104.867  0.1977 30.8205 111.2705   8.00   -inf  -nan   4   4   8   3 303.10
    2   2018 11 12 03:43:33.137    13413.137  0.2692 31.1205 110.0105   8.00   -inf  -nan  15   5  20   5 207.90
    3   2018 11 12 04:02:56.782    14576.782  0.4318 30.9705 110.3905   0.00   -inf  -nan  15   7  22   7  92.49
    4   2018 11 12 05:10:14.151    18614.151  0.2726 30.8505 111.1305   6.00   -inf  -nan   7   7  14   7 210.75
    5   2018 11 12 05:31:25.665    19885.665  0.2651 31.1305 110.3905  12.00   -inf  -nan   4   4   8   4 196.46
    6   2018 11 12 07:30:24.081    27024.081  0.3844 30.8905 111.3605   0.00   -inf  -nan   7   6  13   4 317.83
    7   2018 11 12 08:33:54.164    30834.164  0.2003 30.7805 110.7705  10.00   -inf  -nan   3   5   8   3 116.19
    8   2018 11 12 08:43:15.075    31395.075  0.3999 31.0905 109.9505   2.00   -inf  -nan  10  10  20   5 227.09
    9   2018 11 12 09:36:31.718    34591.718  0.3010 31.1005 110.9105  20.00   -inf  -nan  20   4  24   4 186.54
   10   2018 11 12 09:55:05.298    35705.298  0.4586 30.8905 111.2105   8.00   -inf  -nan   4   3   7   1 298.40
   11   2018 11 12 09:55:19.501    35719.501  0.2534 31.1205 109.7705   0.00   -inf  -nan   6   2   8   2 307.79
   12   2018 11 12 10:34:20.654    38060.654  0.2314 30.7805 110.7705  10.00   -inf  -nan  12  12  24  12 110.23
   13   2018 11 12 10:39:01.533    38341.533  0.3411 30.7805 110.7705  12.00   -inf  -nan  11  14  25  11 110.23
   14   2018 11 12 12:52:50.086    46370.086  0.2008 31.1805 110.1305  12.00   -inf  -nan   3   2   5   2 140.16
   15   2018 11 12 16:45:08.794    60308.794  0.1862 30.8905 111.1605  10.00   -inf  -nan   4   2   6   2 195.54
   16   2018 11 12 17:49:25.890    64165.890  0.3142 31.0505 110.4605  10.00   -inf  -nan  20  14  34  13 109.45
   17   2018 11 12 18:02:09.897    64929.897  0.2269 30.9405 111.2305   6.00   -inf  -nan   4   2   6   2 296.96
   18   2018 11 12 18:09:39.565    65379.565  0.2949 30.8905 111.0905   4.00   -inf  -nan   3   3   6   3 157.71
   19   2018 11 12 18:14:33.101    65673.101  0.1490 31.0905 110.4205   6.00   -inf  -nan   3   3   6   3 131.66
   20   2018 11 12 18:49:39.942    67779.942  0.3602 31.1705 110.4605   4.00   -inf  -nan   4   2   6   1 169.39
   21   2018 11 12 20:02:05.570    72125.570  0.2830 31.0305 110.4405   6.00   -inf  -nan  11   9  20   9 131.24
   22   2018 11 12 21:15:28.989    76528.989  0.1054 31.1705 110.3805   4.00   -inf  -nan   3   2   5   2 265.54
   23   2018 11 12 22:06:35.376    79595.376  0.3061 31.0505 110.4505   6.00   -inf  -nan   7   6  13   6 109.19
    1   2018 11 15 00:40:25.316     2425.316  0.2439 30.8905 111.1205   0.00   -inf  -nan   3   3   6   2 152.94
    2   2018 11 15 01:35:34.996     5734.996  0.1939 30.8505 111.1605   6.00   -inf  -nan   8   3  11   3 246.31
    3   2018 11 15 01:36:01.932     5761.932  0.3038 30.8505 111.1605   8.00   -inf  -nan   8   7  15   5 225.53
    4   2018 11 15 01:59:11.900     7151.900  0.1395 30.8505 111.1305   8.00   -inf  -nan   4   2   6   2 210.75
    5   2018 11 15 02:26:29.110     8789.110  0.1208 30.8105 111.2805   6.00   -inf  -nan   6   4  10   4 305.50
    6   2018 11 15 02:46:13.342     9973.342  0.3454 30.8705 110.4005   4.00   -inf  -nan   3   2   5   2 218.53
    7   2018 11 15 03:40:25.105    13225.105  0.3067 31.2005 109.8405  16.00   -inf  -nan   7   5  12   5 311.82
    8   2018 11 15 03:43:17.122    13397.122  0.3689 31.1005 109.7805   0.00   -inf  -nan   5   2   7   2 269.41
    9   2018 11 15 03:45:54.478    13554.478  0.2272 31.0205 109.9805   8.00   -inf  -nan   6   2   8   2 232.34
   10   2018 11 15 04:59:47.274    17987.274  0.2949 31.2805 110.0405   8.00   -inf  -nan  13   9  22   6 257.56
   11   2018 11 15 05:46:26.290    20786.290  0.3203 30.9005 110.7205   0.00   -inf  -nan  13   8  21   8  94.62
   12   2018 11 15 07:48:59.100    28139.100  0.3998 30.8605 110.7205   6.00   -inf  -nan   8   6  14   4 106.29
   13   2018 11 15 09:11:33.363    33093.363  0.1628 30.8505 111.1305   6.00   -inf  -nan   9   6  15   6 210.75
   14   2018 11 15 09:47:45.302    35265.302  0.2839 30.9005 110.7205   0.00   -inf  -nan  14   4  18   4  94.62
   15   2018 11 15 13:00:18.517    46818.517  0.3878 31.0205 110.4405   0.00   -inf  -nan   3   6   9   3 142.48
   16   2018 11 15 14:05:37.046    50737.046  0.2489 30.8505 111.1605   0.00   -inf  -nan   4   2   6   1 227.22
   17   2018 11 15 17:06:21.720    61581.720  0.3445 30.9805 110.8205   4.00   -inf  -nan   7   7  14   6  76.19
   18   2018 11 15 17:44:38.275    63878.275  0.2231 31.0505 110.0705   0.00   -inf  -nan   4   3   7   2 219.51
   19   2018 11 15 17:59:05.084    64745.084  0.2783 31.1805 110.1305  10.00   -inf  -nan   3   2   5   2 140.16
   20   2018 11 15 19:25:54.290    69954.290  0.2275 30.8905 111.1205   0.00   -inf  -nan   5   3   8   2 152.94
   21   2018 11 15 21:20:38.945    76838.945  0.2136 30.8505 111.1305   8.00   -inf  -nan   3   2   5   2 232.15
   22   2018 11 15 21:29:56.371    77396.371  0.2089 31.0005 110.1705   6.00   -inf  -nan   3   3   6   3 225.70
   23   2018 11 15 21:54:59.133    78899.133  0.2354 31.0505 110.4505  10.00   -inf  -nan   4   4   8   3 152.57
   24   2018 11 15 23:16:46.180    83806.180  0.2470 30.8505 111.1305   4.00   -inf  -nan  11   7  18   6 210.75
    1   2018 11 16 00:34:11.014     2051.014  0.4955 30.9405 110.6905   2.00   -inf  -nan   3   2   5   1 140.07
    2   2018 11 16 01:49:39.327     6579.327  0.2487 31.1005 109.9405   6.00   -inf  -nan   9   4  13   3 232.93
    3   2018 11 16 02:04:19.412     7459.412  0.2368 30.8905 111.4005   8.00   -inf  -nan   7   4  11   4 327.85
    4   2018 11 16 02:11:06.501     7866.501  0.2818 30.9005 110.7205   0.00   -inf  -nan  11   4  15   4  94.62
    5   2018 11 16 04:11:08.806    15068.806  0.2916 30.8605 110.7205   6.00   -inf  -nan   9   3  12   3 178.29
    6   2018 11 16 04:51:11.863    17471.863  0.2383 30.9305 111.2105   8.00   -inf  -nan   8   4  12   3 292.28
    7   2018 11 16 05:02:11.614    18131.614  0.4948 30.8805 109.8005  20.00   -inf  -nan   3   2   5   1 300.11
    8   2018 11 16 05:26:24.257    19584.257  0.2470 31.1005 110.5605   4.00   -inf  -nan   3   2   5   1 192.83
    9   2018 11 16 06:35:38.606    23738.606  0.4558 30.8605 110.7205   6.00   -inf  -nan   9   8  17   6 106.29
   10   2018 11 16 07:00:17.585    25217.585  0.3929 31.1005 109.9405  10.00   -inf  -nan  15   9  24   8 232.93
   11   2018 11 16 07:15:17.313    26117.313  0.1807 30.8505 111.1305   6.00   -inf  -nan   9   7  16   7 210.25
   12   2018 11 16 07:55:08.334    28508.334  0.2739 30.8105 111.2805   8.00   -inf  -nan   5   5  10   4 294.33
   13   2018 11 16 08:25:04.115    30304.115  0.0998 31.0605 110.4405   4.00   -inf  -nan   3   3   6   2 113.97
   14   2018 11 16 08:45:03.111    31503.111  0.1991 30.8505 111.1305   8.00   -inf  -nan   3   2   5   2 232.15
   15   2018 11 16 09:08:28.935    32908.935  0.2312 30.8605 110.7205   4.00   -inf  -nan   6   3   9   1 195.30
   16   2018 11 16 09:44:45.796    35085.796  0.1686 30.8505 111.1305   6.00   -inf  -nan  10   6  16   4 210.25
   17   2018 11 16 11:47:56.489    42476.489  0.1687 31.2105 110.3805   0.00   -inf  -nan   6   3   9   2 210.16
   18   2018 11 16 13:57:05.589    50225.589  0.4610 31.1305 111.2805   0.00   -inf  -nan   4   7  11   4 294.41
   19   2018 11 16 14:31:53.674    52313.674  0.4210 31.1005 110.9505  20.00   -inf  -nan   6   7  13   6 220.52
   20   2018 11 16 14:44:54.068    53094.068  0.1958 30.8905 111.1305   4.00   -inf  -nan   4   2   6   2 164.15
   21   2018 11 16 18:13:42.417    65622.417  0.2423 31.2805 110.6205   2.00   -inf  -nan   4   3   7   3 257.47
   22   2018 11 16 19:01:54.500    68514.500  0.1322 30.8905 111.1305   4.00   -inf  -nan   4   2   6   2 164.15
   23   2018 11 16 20:42:52.881    74572.881  0.2267 30.8505 111.1305   8.00   -inf  -nan   3   3   6   3 232.15
   24   2018 11 16 22:12:16.097    79936.097  0.3510 31.0905 110.2305   0.00   -inf  -nan   8   7  15   7 101.88
   25   2018 11 16 22:17:08.010    80228.010  0.2196 30.8905 111.0105   4.00   -inf  -nan   5   3   8   3  93.56
   26   2018 11 16 23:01:25.993    82885.993  0.2029 31.1305 110.4205   8.00   -inf  -nan   3   2   5   2 323.03
   27   2018 11 16 23:19:23.818    83963.818  0.2194 30.8505 111.1305   4.00   -inf  -nan  14   4  18   4 210.25
    1   2018 11 17 02:04:26.048     7466.048  0.2966 30.9005 110.7205   2.00   -inf  -nan  15   9  24   9  94.62
    2   2018 11 17 02:18:44.803     8324.803  0.2050 30.8505 111.1305   6.00   -inf  -nan  13  10  23  10 210.25
    3   2018 11 17 02:19:27.944     8367.944  0.2123 30.8505 111.1305   4.00   -inf  -nan  12   7  19   7 210.25
    4   2018 11 17 03:41:34.214    13294.214  0.3568 31.2505 109.9805  12.00   -inf  -nan   7   2   9   2 267.69
    5   2018 11 17 05:19:57.924    19197.924  0.4075 30.9005 110.7205   0.00   -inf  -nan  16  10  26   8  94.62
    6   2018 11 17 05:45:19.176    20719.176  0.3892 30.9805 110.8205   8.00   -inf  -nan   5   2   7   2 141.74
    7   2018 11 17 08:21:07.698    30067.698  0.1952 30.8505 111.1305   4.00   -inf  -nan  11   8  19   7 210.25
    8   2018 11 17 08:33:21.700    30801.700  0.2786 30.8905 111.1605   8.00   -inf  -nan   5   2   7   2 195.54
    9   2018 11 17 09:29:27.866    34167.866  0.2316 30.9005 110.7205   6.00   -inf  -nan  16   9  25   9 100.44
   10   2018 11 17 10:58:44.736    39524.736  0.2818 31.0305 110.4805   4.00   -inf  -nan   4   3   7   3 156.39
   11   2018 11 17 11:58:24.469    43104.469  0.4089 30.8805 110.2505   8.00   -inf  -nan   3   5   8   3 215.73
   12   2018 11 17 12:46:26.029    45986.029  0.3263 31.0505 110.4505   8.00   -inf  -nan  19  16  35  15 106.33
   13   2018 11 17 13:28:38.635    48518.635  0.1469 30.9305 111.2805   4.00   -inf  -nan   3   2   5   1 326.05
   14   2018 11 17 16:34:50.539    59690.539  0.2143 31.1705 110.3005   0.00   -inf  -nan  10   2  12   2 165.54
   15   2018 11 17 16:57:06.170    61026.170  0.3928 31.1405 110.2505  10.00   -inf  -nan   3   2   5   2 145.32
   16   2018 11 17 20:12:58.638    72778.638  0.3672 30.8705 111.0205   0.00   -inf  -nan   4   2   6   1 111.88
   17   2018 11 17 22:54:10.246    82450.246  0.2070 31.1605 110.4005   6.00   -inf  -nan   4   2   6   1 280.11
    1   2018 11 18 00:20:39.295     1239.295  0.4473 31.1305 110.3405  10.00   -inf  -nan   4   3   7   3 142.29
    2   2018 11 18 01:21:51.065     4911.065  0.1365 31.0905 110.2505  16.00   -inf  -nan   3   2   5   1 188.02
    3   2018 11 18 01:45:36.877     6336.877  0.0790 31.2205 110.4105   4.00   -inf  -nan   4   3   7   3 286.37
    4   2018 11 18 03:10:10.338    11410.338  0.3920 30.8905 111.3605   4.00   -inf  -nan   6   6  12   4 315.72
    5   2018 11 18 04:00:09.792    14409.792  0.2428 30.8105 111.2805   4.00   -inf  -nan   8   7  15   6 294.33
    6   2018 11 18 04:01:15.933    14475.933  0.3059 30.8105 111.2805   4.00   -inf  -nan   9   8  17   6 287.89
    7   2018 11 18 04:07:32.866    14852.866  0.3621 30.9305 110.8405  12.00   -inf  -nan   3   3   6   3 263.72
    8   2018 11 18 04:29:52.646    16192.646  0.2104 30.8505 111.1305   4.00   -inf  -nan  10   6  16   6 210.75
    9   2018 11 18 06:39:15.415    23955.415  0.1518 30.8905 111.1305   4.00   -inf  -nan   5   2   7   2 164.15
   10   2018 11 18 07:11:47.824    25907.824  0.4228 31.0605 110.9205   8.00   -inf  -nan   3   2   5   1 235.95
   11   2018 11 18 08:10:59.783    29459.783  0.2691 30.8105 111.2405   0.00   -inf  -nan   9   9  18   8 279.73
   12   2018 11 18 08:28:33.170    30513.170  0.2505 30.8505 111.1305   6.00   -inf  -nan  11   8  19   7 210.75
   13   2018 11 18 09:52:13.218    35533.218  0.2127 30.9005 110.7205   6.00   -inf  -nan  18   8  26   8  94.62
   14   2018 11 18 10:13:54.006    36834.006  0.3754 31.0505 110.4505   4.00   -inf  -nan  19  20  39  17 106.33
   15   2018 11 18 10:19:58.920    37198.920  0.1095 31.2105 110.3805   0.00   -inf  -nan   5   3   8   3 253.92
   16   2018 11 18 11:17:49.418    40669.418  0.2666 31.2405 110.3705   0.00   -inf  -nan   5   3   8   2 264.62
   17   2018 11 18 11:45:18.809    42318.809  0.2949 30.9805 110.8205   0.00   -inf  -nan   4   5   9   3 115.72
   18   2018 11 18 13:46:39.333    49599.333  0.4064 31.0605 110.3205   0.00   -inf  -nan   3   6   9   3  84.23
   19   2018 11 18 14:04:33.123    50673.123  0.1229 30.8905 111.1305   4.00   -inf  -nan   4   2   6   2 164.15
   20   2018 11 18 14:22:09.253    51729.253  0.2579 31.1805 110.1305  12.00   -inf  -nan   3   2   5   2 140.16
   21   2018 11 18 15:34:54.654    56094.654  0.2707 31.1305 110.3005   4.00   -inf  -nan   5   3   8   3 165.46
   22   2018 11 18 19:43:01.057    70981.057  0.1180 30.8905 111.0405   6.00   -inf  -nan   4   2   6   2 164.83
   23   2018 11 18 20:44:44.402    74684.402  0.3504 31.1705 110.3005   0.00   -inf  -nan   7   4  11   4 178.20
   24   2018 11 18 21:44:16.940    78256.940  0.4417 31.1405 110.2905   0.00   -inf  -nan  10   6  16   6 138.84
   25   2018 11 18 21:52:46.881    78766.881  0.3121 31.1705 110.3405   4.00   -inf  -nan   9   4  13   4 195.23
   26   2018 11 18 22:37:19.003    81439.003  0.3474 31.0205 110.4805   0.00   -inf  -nan   9   9  18   8  91.96
   27   2018 11 18 23:14:50.304    83690.304  0.2634 30.8505 111.1305   4.00   -inf  -nan  13  11  24   9 210.25
    1   2018 11 19 02:37:09.324     9429.324  0.1762 30.9705 111.3205   6.00   -inf  -nan   6   2   8   2 313.14
    2   2018 11 19 02:42:53.399     9773.399  0.2736 30.9405 110.8005   8.00   -inf  -nan   9   7  16   7  97.72
    3   2018 11 19 03:37:59.544    13079.544  0.1905 31.0105 111.3205   2.00   -inf  -nan   6   3   9   3 313.46
    4   2018 11 19 04:05:49.972    14749.972  0.4515 31.0905 109.9505   0.00   -inf  -nan  11  12  23   9 227.09
    5   2018 11 19 04:15:26.408    15326.408  0.2145 30.9705 110.8005   4.00   -inf  -nan   5   7  12   5 134.92
    6   2018 11 19 05:20:50.733    19250.733  0.3121 31.0505 110.3005   0.00   -inf  -nan   7   7  14   5  83.08
    7   2018 11 19 06:04:52.720    21892.720  0.3765 30.9805 110.7805  12.00   -inf  -nan   5   5  10   5 152.29
    8   2018 11 19 06:08:50.454    22130.454  0.4860 31.2605 109.9705   8.00   -inf  -nan   6   5  11   3 307.90
    9   2018 11 19 06:28:22.002    23302.002  0.1309 31.2105 110.4205   6.00   -inf  -nan   4   2   6   2 216.66
   10   2018 11 19 07:50:38.365    28238.365  0.3239 31.1005 109.9805   4.00   -inf  -nan  11   3  14   3 219.81
   11   2018 11 19 08:01:47.844    28907.844  0.3381 30.8505 111.0905   2.00   -inf  -nan  10   6  16   5 170.85
   12   2018 11 19 08:20:58.396    30058.396  0.2303 30.9005 110.7205   0.00   -inf  -nan  14   5  19   5  94.62
   13   2018 11 19 09:44:16.277    35056.277  0.2294 30.8505 111.1305   4.00   -inf  -nan   6   5  11   5 210.75
   14   2018 11 19 11:40:36.591    42036.591  0.3166 31.1005 110.2805   4.00   -inf  -nan  12   9  21   7 192.56
   15   2018 11 19 12:30:46.009    45046.009  0.1561 31.0905 110.1905   2.00   -inf  -nan   3   3   6   3 296.44
   16   2018 11 19 16:33:55.478    59635.478  0.2779 31.1305 110.3005   0.00   -inf  -nan   3   3   6   3 131.46
   17   2018 11 19 18:27:32.654    66452.654  0.1122 30.9305 111.2005   4.00   -inf  -nan   3   2   5   2 279.86
   18   2018 11 19 18:41:46.898    67306.898  0.2441 30.9705 111.2105   0.00   -inf  -nan   4   2   6   2 260.90
   19   2018 11 19 19:13:32.756    69212.756  0.2914 31.0505 110.3105   0.00   -inf  -nan   8   7  15   7 127.40
   20   2018 11 19 19:54:25.699    71665.699  0.2323 31.0505 110.3105   0.00   -inf  -nan   3   3   6   3 157.96
   21   2018 11 19 20:17:04.549    73024.549  0.2074 30.8905 111.1305   4.00   -inf  -nan   5   3   8   3 164.15
   22   2018 11 19 20:39:38.660    74378.660  0.2040 30.8505 111.1205   8.00   -inf  -nan   5   2   7   2 205.95
   23   2018 11 19 20:52:23.008    75143.008  0.2997 31.0505 110.4505   8.00   -inf  -nan  18  17  35  15 106.33
   24   2018 11 19 21:32:11.820    77531.820  0.3102 31.0905 110.3005   8.00   -inf  -nan  10   8  18   8 127.13
   25   2018 11 19 21:33:42.578    77622.578  0.3196 30.9405 110.7605   6.00   -inf  -nan  15  14  29  12  77.93
   26   2018 11 19 22:02:09.420    79329.420  0.4034 31.0605 110.2505   8.00   -inf  -nan  10  10  20   9  96.61
   27   2018 11 19 22:09:27.576    79767.576  0.3396 31.1405 110.2905   0.00   -inf  -nan   7   2   9   2 138.84
   28   2018 11 19 22:22:49.957    80569.957  0.3088 31.0505 110.4605   6.00   -inf  -nan  17  17  34  14 109.45
   29   2018 11 19 23:19:09.239    83949.239  0.1753 30.8505 111.1305   6.00   -inf  -nan   8   6  14   6 210.25
    1   2018 11 20 00:42:00.601     2520.601  0.0981 30.8505 111.1305   6.00   -inf  -nan   8   5  13   5 210.25
    2   2018 11 20 01:05:45.673     3945.673  0.3041 30.8105 111.2405   2.00   -inf  -nan  10   7  17   6 273.09
    3   2018 11 20 01:13:44.406     4424.406  0.4308 31.0805 110.2905   8.00   -inf  -nan  17  15  32  13  83.70
    4   2018 11 20 03:49:17.421    13757.421  0.2921 30.9805 110.4005   0.00   -inf  -nan  11   3  14   2  82.74
    5   2018 11 20 04:55:50.407    17750.407  0.3761 31.1205 109.9305   0.00   -inf  -nan   4   3   7   3 262.71
    6   2018 11 20 04:58:56.170    17936.170  0.3241 31.0205 109.8605   4.00   -inf  -nan   3   2   5   2 229.57
    7   2018 11 20 05:00:46.662    18046.662  0.3969 30.8905 110.0505   2.00   -inf  -nan   3   2   5   2 193.39
    8   2018 11 20 05:05:38.491    18338.491  0.2061 31.0905 109.8705   0.00   -inf  -nan   4   2   6   2 281.98
    9   2018 11 20 07:05:28.182    25528.182  0.2740 30.9705 111.2805   6.00   -inf  -nan  16   8  24   8 300.07
   10   2018 11 20 07:27:36.013    26856.013  0.2525 30.8905 111.3605  12.00   -inf  -nan   6   5  11   4 317.83
   11   2018 11 20 07:38:54.018    27534.018  0.3055 30.9405 110.7605   6.00   -inf  -nan  14  14  28  13  77.93
   12   2018 11 20 07:52:20.374    28340.374  0.3488 31.1205 110.0405   6.00   -inf  -nan  12   5  17   5 185.39
   13   2018 11 20 08:05:58.573    29158.573  0.3417 30.8105 111.1305   2.00   -inf  -nan   4   4   8   3 233.30
   14   2018 11 20 08:42:25.023    31345.023  0.3242 30.9005 110.7205   6.00   -inf  -nan  11   7  18   7  94.62
   15   2018 11 20 09:13:33.814    33213.814  0.1575 30.8905 111.1605  10.00   -inf  -nan   4   3   7   3 195.54
   16   2018 11 20 09:25:49.726    33949.726  0.2102 30.8505 111.1305   4.00   -inf  -nan  10   8  18   8 210.25
   17   2018 11 20 11:43:07.372    42187.372  0.3464 31.1705 110.5105  18.00   -inf  -nan   4   2   6   2 209.27
   18   2018 11 20 12:08:42.718    43722.718  0.3763 31.0505 110.0305   4.00   -inf  -nan  13  11  24  10 133.31
   19   2018 11 20 12:11:44.420    43904.420  0.3582 31.0605 110.0205  10.00   -inf  -nan   9   8  17   7 139.93
   20   2018 11 20 13:57:08.752    50228.752  0.4072 31.0605 110.4405   0.00   -inf  -nan   4   6  10   4 113.97
   21   2018 11 20 15:12:01.059    54721.059  0.3274 31.0505 110.4205   2.00   -inf  -nan   4   6  10   4  98.57
   22   2018 11 20 16:57:48.166    61068.166  0.3491 31.0505 110.4705   4.00   -inf  -nan   4   6  10   4 113.45
   23   2018 11 20 17:25:38.517    62738.517  0.1614 30.8905 111.1305   2.00   -inf  -nan   5   2   7   2 164.15
   24   2018 11 20 17:41:46.517    63706.517  0.2262 31.0505 110.4205  16.00   -inf  -nan   3   2   5   1 194.89
   25   2018 11 20 19:50:29.503    71429.503  0.3270 31.0605 110.4405   6.00   -inf  -nan   8   7  15   6 113.97
   26   2018 11 20 20:29:43.202    73783.202  0.2774 31.0505 110.4305   8.00   -inf  -nan  10   9  19   8 102.66
   27   2018 11 20 20:37:08.027    74228.027  0.2547 30.8905 111.1605  10.00   -inf  -nan   6   3   9   3 195.54
   28   2018 11 20 20:57:55.047    75475.047  0.3494 31.1305 110.3105   0.00   -inf  -nan   8   3  11   3 134.51
   29   2018 11 20 22:24:01.627    80641.627  0.4350 31.1705 110.3105   0.00   -inf  -nan   6   4  10   4 168.79
   30   2018 11 20 22:28:53.451    80933.451  0.3044 31.0505 110.4605   2.00   -inf  -nan   5   7  12   5 111.60
   31   2018 11 20 23:14:46.062    83686.062  0.1509 30.8505 111.1305   6.00   -inf  -nan  11   8  19   8 210.25
   32   2018 11 20 23:26:39.705    84399.705  0.3339 31.0105 110.4705   0.00   -inf  -nan   8   8  16   7  85.46
    1   2018 11 21 01:39:15.549     5955.549  0.2883 31.0705 110.4805   0.00   -inf  -nan   3   5   8   3 223.56
    2   2018 11 21 02:34:07.822     9247.822  0.4019 30.9005 110.7005   8.00   -inf  -nan  12   9  21   9  99.58
    3   2018 11 21 03:53:02.475    13982.475  0.3088 31.2805 110.0805   0.00   -inf  -nan   6   4  10   4 257.92
    4   2018 11 21 04:53:31.642    17611.642  0.4281 30.9705 110.3705   8.00   -inf  -nan   5   6  11   4  88.31
    5   2018 11 21 05:33:51.317    20031.317  0.3664 31.3005 110.1305   0.00   -inf  -nan   3   3   6   2 260.46
    6   2018 11 21 06:41:33.772    24093.772  0.1749 30.8505 111.1305   6.00   -inf  -nan   6   5  11   4 210.75
    7   2018 11 21 06:42:31.766    24151.766  0.2072 30.8505 111.1305   4.00   -inf  -nan   8   6  14   6 210.25
    8   2018 11 21 07:31:27.894    27087.894  0.2859 31.2405 110.0405   8.00   -inf  -nan   6   2   8   1 237.39
    9   2018 11 21 07:38:38.995    27518.995  0.2708 31.2805 110.0805  18.00   -inf  -nan   6   2   8   2 252.99
   10   2018 11 21 08:07:02.022    29222.022  0.2119 31.1205 110.1205  18.00   -inf  -nan   3   2   5   2 165.27
   11   2018 11 21 08:17:32.527    29852.527  0.1735 30.8505 111.1305   4.00   -inf  -nan  10   6  16   5 210.25
   12   2018 11 21 09:03:53.183    32633.183  0.2666 30.9305 111.3605  10.00   -inf  -nan   8   5  13   5 316.38
   13   2018 11 21 10:39:56.059    38396.059  0.3846 30.8405 110.2105   8.00   -inf  -nan  10   6  16   6 230.21
   14   2018 11 21 11:18:04.387    40684.387  0.3501 30.8905 110.7205   0.00   -inf  -nan  11   5  16   5 103.10
   15   2018 11 21 13:31:10.808    48670.808  0.2919 31.0205 110.4605   4.00   -inf  -nan   5   5  10   4 139.70
   16   2018 11 21 15:22:11.916    55331.916  0.2235 30.8905 111.1305   4.00   -inf  -nan   5   3   8   3 164.15
   17   2018 11 21 16:03:20.602    57800.602  0.2726 31.0505 110.4605   6.00   -inf  -nan  11   9  20   8 109.45
   18   2018 11 21 16:24:34.268    59074.268  0.3182 31.0505 110.4505  10.00   -inf  -nan  17  17  34  15 106.33
   19   2018 11 21 16:41:11.573    60071.573  0.4898 31.1605 110.3205   0.00   -inf  -nan   3   2   5   1 202.73
   20   2018 11 21 17:23:30.334    62610.334  0.3759 31.0505 110.3005   0.00   -inf  -nan  10   9  19   9  65.42
   21   2018 11 21 20:32:56.471    73976.471  0.2427 30.8505 111.1305   8.00   -inf  -nan   4   2   6   2 210.75
   22   2018 11 21 20:41:01.546    74461.546  0.3224 31.0505 110.4605   4.00   -inf  -nan   5   7  12   5 157.85
   23   2018 11 21 20:41:27.741    74487.741  0.3241 31.1705 110.3105   0.00   -inf  -nan   7   4  11   3 168.79
   24   2018 11 21 23:29:12.695    84552.695  0.3061 30.8105 111.1705   4.00   -inf  -nan  10   6  16   6 242.73
   25   2018 11 21 23:47:59.081    85679.081  0.1847 30.8505 111.1305   2.00   -inf  -nan  12   9  21   9 210.25
    1   2018 11 22 02:37:40.929     9460.929  0.1375 30.8905 111.1705   6.00   -inf  -nan   3   2   5   2 288.05
    2   2018 11 22 02:41:34.070     9694.070  0.0900 31.1605 110.0805   0.00   -inf  -nan   3   3   6   3 169.00
    3   2018 11 22 02:49:23.171    10163.171  0.3133 30.9005 110.7205   2.00   -inf  -nan  13   8  21   8  94.62
    4   2018 11 22 03:33:53.782    12833.782  0.2164 31.2205 110.0505   2.00   -inf  -nan   5   5  10   4 289.11
    5   2018 11 22 03:44:27.456    13467.456  0.3901 31.2705 110.8605   0.00   -inf  -nan  11  10  21   7 263.80
    6   2018 11 22 03:55:55.114    14155.114  0.1824 31.2105 110.3805   0.00   -inf  -nan   4   2   6   2 215.76
    7   2018 11 22 04:05:29.226    14729.226  0.4075 31.2605 110.3005   2.00   -inf  -nan   8   2  10   2 213.18
    8   2018 11 22 04:48:49.860    17329.860  0.1597 30.9405 110.7805   6.00   -inf  -nan   4   3   7   3 210.94
    9   2018 11 22 06:32:33.108    23553.108  0.2730 30.8105 111.2805   4.00   -inf  -nan   5   6  11   4 294.33
   10   2018 11 22 07:10:51.972    25851.972  0.2801 30.9305 110.7205   2.00   -inf  -nan   5   6  11   4  92.63
   11   2018 11 22 07:38:29.531    27509.531  0.4078 31.0605 110.4605   6.00   -inf  -nan  11  10  21   9 115.11
   12   2018 11 22 07:40:32.003    27632.003  0.1409 30.8505 111.1305   6.00   -inf  -nan   9   6  15   5 283.92
   13   2018 11 22 07:45:50.002    27950.002  0.2436 31.1805 110.2905  10.00   -inf  -nan   3   2   5   2 183.58
   14   2018 11 22 09:53:11.694    35591.694  0.2671 30.8505 111.1605   8.00   -inf  -nan   9   8  17   8 225.53
   15   2018 11 22 10:39:20.208    38360.208  0.4195 31.0905 110.3405   2.00   -inf  -nan   4   4   8   3 110.30
   16   2018 11 22 12:19:19.358    44359.358  0.1885 31.1705 110.4305   6.00   -inf  -nan   3   2   5   2 302.41
   17   2018 11 22 12:57:38.714    46658.714  0.3409 31.0905 110.4605   6.00   -inf  -nan   3   3   6   2 150.61
   18   2018 11 22 13:11:28.219    47488.219  0.1679 30.8905 111.1305   4.00   -inf  -nan   5   3   8   3 164.15
   19   2018 11 22 13:55:12.281    50112.281  0.3307 31.0505 110.4505   0.00   -inf  -nan  14  13  27  13 109.19
   20   2018 11 22 14:29:57.698    52197.698  0.1988 31.1705 110.3105   0.00   -inf  -nan   8   3  11   3 207.91
   21   2018 11 22 14:35:18.250    52518.250  0.3278 31.0205 110.4605   0.00   -inf  -nan  12   8  20   7 123.84
   22   2018 11 22 15:27:03.746    55623.746  0.3086 31.0505 110.4605   8.00   -inf  -nan  10  11  21   9 111.60
   23   2018 11 22 16:33:28.444    59608.444  0.2862 31.1305 110.3005   0.00   -inf  -nan   6   2   8   2 131.46
   24   2018 11 22 16:59:55.481    61195.481  0.2906 30.7805 110.7705  12.00   -inf  -nan   8  10  18   8 110.23
   25   2018 11 22 17:01:40.671    61300.671  0.1782 30.7805 110.7705   8.00   -inf  -nan   6   7  13   5 110.23
   26   2018 11 22 17:03:25.446    61405.446  0.0789 30.7805 110.7605   8.00   -inf  -nan   4   2   6   2 124.85
   27   2018 11 22 18:51:39.669    67899.669  0.2117 30.8905 111.1605  10.00   -inf  -nan   4   2   6   2 200.11
   28   2018 11 22 19:25:43.948    69943.948  0.2941 31.1805 110.2905   0.00   -inf  -nan   4   2   6   2 183.58
   29   2018 11 22 21:56:19.178    78979.178  0.3289 31.1305 110.3105   0.00   -inf  -nan   8   3  11   3 134.51
   30   2018 11 22 22:32:28.649    81148.649  0.2662 30.7805 110.7605  10.00   -inf  -nan   3   3   6   3 167.95
   31   2018 11 22 23:12:54.865    83574.865  0.2273 30.8505 111.1305   4.00   -inf  -nan   9   9  18   8 210.25
   32   2018 11 22 23:17:50.112    83870.112  0.1803 30.8505 111.1305   4.00   -inf  -nan   8   6  14   6 210.25
    1   2018 11 23 01:03:38.577     3818.577  0.3905 31.0905 110.2305   6.00   -inf  -nan   9   7  16   7 196.84
    2   2018 11 23 02:14:32.498     8072.498  0.1934 30.8905 111.3605   6.00   -inf  -nan   6   5  11   3 315.72
    3   2018 11 23 02:59:22.680    10762.680  0.3044 30.8505 111.0905   6.00   -inf  -nan   3   4   7   1 170.85
    4   2018 11 23 03:22:29.040    12149.040  0.2801 31.0905 110.2305   8.00   -inf  -nan   4   4   8   3 196.84
    5   2018 11 23 03:36:54.257    13014.257  0.3828 31.1005 110.4805  18.00   -inf  -nan   4   2   6   2 283.58
    6   2018 11 23 03:40:15.316    13215.316  0.3404 31.1005 109.8105   2.00   -inf  -nan   7   2   9   2 271.94
    7   2018 11 23 06:33:01.777    23581.777  0.2276 31.0305 110.3205   0.00   -inf  -nan   4   5   9   4 174.70
    8   2018 11 23 07:19:16.243    26356.243  0.2668 30.8105 111.2405   4.00   -inf  -nan   6   5  11   5 279.73
    9   2018 11 23 07:25:17.366    26717.366  0.1566 30.8505 111.1305   4.00   -inf  -nan   8   5  13   5 210.25
   10   2018 11 23 08:02:45.344    28965.344  0.2567 31.1205 110.0105   8.00   -inf  -nan  12   5  17   5 274.31
   11   2018 11 23 08:57:03.416    32223.416  0.1175 30.8505 111.1305   6.00   -inf  -nan   8   6  14   6 210.25
   12   2018 11 23 09:34:00.611    34440.611  0.2682 30.9005 110.7205   2.00   -inf  -nan   6   6  12   4  94.62
   13   2018 11 23 10:20:15.350    37215.350  0.4478 30.8905 111.2405   2.00   -inf  -nan   3   2   5   1 294.12
   14   2018 11 23 12:50:01.603    46201.603  0.3350 31.0705 110.4805   0.00   -inf  -nan   3   4   7   3 223.56
   15   2018 11 23 12:56:28.337    46588.337  0.2890 31.1405 110.0105  16.00   -inf  -nan   3   3   6   3 235.72
   16   2018 11 23 13:29:03.096    48543.096  0.2589 30.8905 111.0105   4.00   -inf  -nan   4   2   6   2 137.69
   17   2018 11 23 14:44:36.477    53076.477  0.4894 31.0605 110.4405   0.00   -inf  -nan   5   5  10   4 154.06
   18   2018 11 23 16:29:30.784    59370.784  0.1854 31.1705 110.3705   2.00   -inf  -nan   3   2   5   2 303.54
   19   2018 11 23 18:29:29.813    66569.813  0.3002 31.1705 110.3005   0.00   -inf  -nan   6   2   8   2 204.22
   20   2018 11 23 19:41:25.095    70885.095  0.4648 30.9705 109.9505  12.00   -inf  -nan   4   6  10   3 158.85
   21   2018 11 23 22:25:30.630    80730.630  0.3777 31.0305 110.5605   6.00   -inf  -nan  20  18  38  18  80.53
   22   2018 11 23 23:15:18.593    83718.593  0.3370 30.8105 111.1605   0.00   -inf  -nan  10   8  18   6 238.50
    1   2018 11 24 01:17:32.948     4652.948  0.3809 31.0405 110.4505   6.00   -inf  -nan  11  13  24   8 101.38
    2   2018 11 24 01:48:34.129     6514.129  0.3529 30.8905 110.7205   0.00   -inf  -nan  13   7  20   7  97.68
    3   2018 11 24 02:56:57.098    10617.098  0.3045 31.3005 110.0505   0.00   -inf  -nan   5   5  10   4 277.14
    4   2018 11 24 03:56:09.281    14169.281  0.3756 31.0805 109.8905  18.00   -inf  -nan   5   4   9   4 274.51
    5   2018 11 24 03:57:04.351    14224.351  0.2393 31.0805 109.8505  12.00   -inf  -nan   8   4  12   4 286.81
    6   2018 11 24 04:03:44.200    14624.200  0.3531 31.0605 110.4405   6.00   -inf  -nan   6   6  12   4 170.49
    7   2018 11 24 04:05:53.616    14753.616  0.2502 31.1005 109.8905   6.00   -inf  -nan   4   2   6   2 276.52
    8   2018 11 24 04:06:45.209    14805.209  0.3351 31.0105 111.2405   0.00   -inf  -nan  10   4  14   4 282.31
    9   2018 11 24 04:18:20.173    15500.173  0.2274 30.8505 111.1305   6.00   -inf  -nan   9   8  17   8 210.75
   10   2018 11 24 04:19:05.428    15545.428  0.2721 30.8505 111.1305   4.00   -inf  -nan  10   9  19   8 210.75
   11   2018 11 24 07:01:13.396    25273.396  0.2957 31.1605 109.8805   0.00   -inf  -nan   3   2   5   2 318.74
   12   2018 11 24 07:49:27.194    28167.194  0.2792 30.8505 111.1305   2.00   -inf  -nan   6   5  11   5 210.75
   13   2018 11 24 07:57:52.393    28672.393  0.3899 31.1205 110.0505   0.00   -inf  -nan  18  11  29  11 293.73
   14   2018 11 24 08:20:06.455    30006.455  0.2446 31.3605 110.0005   2.00   -inf  -nan  13   5  18   4 290.31
   15   2018 11 24 08:26:07.519    30367.519  0.3313 31.1205 110.0405   8.00   -inf  -nan  12   3  15   3 185.39
   16   2018 11 24 08:46:00.341    31560.341  0.3324 31.1005 110.2905  10.00   -inf  -nan   9   5  14   3  99.16
   17   2018 11 24 09:12:13.020    33133.020  0.3710 30.9805 110.0605   4.00   -inf  -nan   5   2   7   2 117.08
   18   2018 11 24 09:20:07.848    33607.848  0.0610 31.1605 109.8805   4.00   -inf  -nan   3   2   5   2 334.81
   19   2018 11 24 10:25:58.215    37558.215  0.3195 30.9805 110.7805   0.00   -inf  -nan  16   4  20   4  61.61
   20   2018 11 24 10:56:26.685    39386.685  0.0805 31.0605 110.4605   2.00   -inf  -nan   3   3   6   3 248.32
   21   2018 11 24 12:25:14.643    44714.643  0.2651 30.8905 111.0105   8.00   -inf  -nan   5   2   7   2  93.56
   22   2018 11 24 12:27:16.842    44836.842  0.1548 31.1605 109.8005   4.00   -inf  -nan   4   2   6   2 275.26
   23   2018 11 24 14:07:34.059    50854.059  0.1525 30.7705 110.7605  10.00   -inf  -nan   6   6  12   6 109.98
   24   2018 11 24 14:33:46.858    52426.858  0.2115 30.9305 111.2005   4.00   -inf  -nan   4   2   6   2 279.86
   25   2018 11 24 14:35:47.932    52547.932  0.3822 31.2505 110.5005   0.00   -inf  -nan   5   5  10   3 207.54
   26   2018 11 24 15:33:11.533    55991.533  0.4132 31.0505 110.1505   2.00   -inf  -nan   7   8  15   6 141.77
   27   2018 11 24 16:37:07.383    59827.383  0.3497 31.1305 110.3405   8.00   -inf  -nan   4   4   8   3 167.58
   28   2018 11 24 18:13:28.808    65608.808  0.2152 30.8905 111.1305   6.00   -inf  -nan   7   4  11   4 164.15
   29   2018 11 24 18:37:30.106    67050.106  0.0570 30.8905 111.0405   6.00   -inf  -nan   3   2   5   2 311.58
   30   2018 11 24 19:05:07.296    68707.296  0.2710 30.7005 110.9305   8.00   -inf  -nan   8  10  18   6 227.80
   31   2018 11 24 21:08:56.926    76136.926  0.3185 31.1705 110.3005   0.00   -inf  -nan   5   6  11   5 178.20
   32   2018 11 24 22:33:49.750    81229.750  0.1753 31.1705 110.3505   0.00   -inf  -nan   3   2   5   2 250.72
   33   2018 11 24 23:18:20.351    83900.351  0.2956 30.8505 111.1305   6.00   -inf  -nan  15   8  23   8 210.25
   34   2018 11 24 23:38:19.970    85099.970  0.1546 31.0605 110.4605   0.00   -inf  -nan   3   3   6   3 248.32
    1   2018 11 25 00:54:28.536     3268.536  0.2559 30.8505 111.1305   4.00   -inf  -nan   9  10  19   9 210.25
    2   2018 11 25 00:55:06.131     3306.131  0.3104 30.8505 111.1605  10.00   -inf  -nan   7   8  15   5 225.53
    3   2018 11 25 01:47:44.686     6464.686  0.1842 30.8105 111.2405  14.00   -inf  -nan   4   5   9   3 279.73
    4   2018 11 25 02:06:11.222     7571.222  0.4280 30.8105 111.2805   2.00   -inf  -nan   4   2   6   1 294.33
    5   2018 11 25 02:34:01.030     9241.030  0.4330 31.1205 110.1305   8.00   -inf  -nan   4   5   9   3 225.59
    6   2018 11 25 03:27:22.450    12442.450  0.1853 31.3005 110.0905   0.00   -inf  -nan   3   2   5   2 270.43
    7   2018 11 25 04:03:06.910    14586.910  0.2920 31.2405 110.0405   6.00   -inf  -nan   6   2   8   2 237.39
    8   2018 11 25 04:09:36.175    14976.175  0.3038 31.2405 110.0805   0.00   -inf  -nan   5   3   8   3 220.83
    9   2018 11 25 04:19:41.106    15581.106  0.2335 30.9705 111.2805   6.00   -inf  -nan  13   8  21   8 300.07
   10   2018 11 25 04:24:18.524    15858.524  0.3948 30.9705 110.3705   8.00   -inf  -nan  10   2  12   2  88.31
   11   2018 11 25 04:47:12.125    17232.125  0.0856 30.5505 110.7405   6.00   -inf  -nan   3   2   5   1 289.63
   12   2018 11 25 04:56:19.533    17779.533  0.3409 31.0305 110.4405   6.00   -inf  -nan   6   5  11   4 170.19
   13   2018 11 25 05:24:30.152    19470.152  0.3817 30.6505 110.8005   8.00   -inf  -nan   9   8  17   7 267.19
   14   2018 11 25 06:34:29.971    23669.971  0.3259 30.9005 110.7205   0.00   -inf  -nan  12   9  21   9  94.62
   15   2018 11 25 07:29:41.665    26981.665  0.1847 30.8105 111.2505   8.00   -inf  -nan   4   4   8   4 309.78
   16   2018 11 25 09:07:41.360    32861.360  0.2255 30.9905 110.7205   6.00   -inf  -nan   5   8  13   5 160.99
   17   2018 11 25 09:15:30.922    33330.922  0.3093 30.7805 110.9305   6.00   -inf  -nan   8   6  14   6 157.56
   18   2018 11 25 10:04:13.217    36253.217  0.3346 30.7905 110.9405   4.00   -inf  -nan   9   5  14   5 155.53
   19   2018 11 25 10:40:18.211    38418.211  0.2438 31.1305 110.3405  14.00   -inf  -nan   3   3   6   3 142.29
   20   2018 11 25 11:08:09.856    40089.856  0.2077 31.0705 110.4805   0.00   -inf  -nan   3   4   7   3 223.56
   21   2018 11 25 11:19:23.149    40763.149  0.1140 31.1805 110.1705  12.00   -inf  -nan   3   2   5   2 123.15
   22   2018 11 25 14:16:33.115    51393.115  0.1883 30.9805 110.1805   0.00   -inf  -nan   6   5  11   3  77.07
   23   2018 11 25 15:23:12.126    55392.126  0.2523 31.1305 110.3105   2.00   -inf  -nan   8   3  11   3 165.98
   24   2018 11 25 16:13:56.676    58436.676  0.2008 31.2005 110.5805   0.00   -inf  -nan   6   2   8   2 215.62
   25   2018 11 25 17:49:57.993    64197.993  0.3049 31.0505 110.4605   0.00   -inf  -nan  12  11  23   9 109.45
   26   2018 11 25 18:26:29.782    66389.782  0.3349 31.1705 110.6305   0.00   -inf  -nan   4   2   6   2 246.26
   27   2018 11 25 21:57:07.853    79027.853  0.1919 31.1705 110.3405   0.00   -inf  -nan   4   2   6   2 224.34
    1   2018 11 26 00:43:26.287     2606.287  0.3785 31.0605 110.4405   0.00   -inf  -nan   7   8  15   5 127.05
    2   2018 11 26 02:03:06.124     7386.124  0.1434 30.8505 111.1305   4.00   -inf  -nan   7   4  11   3 210.25
    3   2018 11 26 02:03:31.687     7411.687  0.1521 30.8505 111.1305   4.00   -inf  -nan   4   3   7   1 210.25
    4   2018 11 26 02:33:24.042     9204.042  0.1917 31.1705 109.8305  14.00   -inf  -nan   8   3  11   3 307.92
    5   2018 11 26 02:37:12.801     9432.801  0.3526 31.0605 109.8605   2.00   -inf  -nan   4   3   7   2 232.70
    6   2018 11 26 03:05:53.029    11153.029  0.1610 30.8505 111.1305   6.00   -inf  -nan   8   8  16   8 210.25
    7   2018 11 26 03:06:43.233    11203.233  0.1964 30.8505 111.1305   2.00   -inf  -nan   8   6  14   6 210.25
    8   2018 11 26 03:32:14.643    12734.643  0.2065 30.9305 111.3605  10.00   -inf  -nan   4   5   9   4 320.89
    9   2018 11 26 03:34:18.749    12858.749  0.2340 31.2805 110.8205   2.00   -inf  -nan   5   2   7   2 267.81
   10   2018 11 26 04:15:30.398    15330.398  0.2349 31.0605 110.4805   0.00   -inf  -nan   3   2   5   2 244.76
   11   2018 11 26 04:45:23.156    17123.156  0.3865 30.9705 110.3705   4.00   -inf  -nan  10   6  16   5  88.31
   12   2018 11 26 05:44:04.059    20644.059  0.0938 31.2005 109.8405  10.00   -inf  -nan   3   3   6   2 311.82
   13   2018 11 26 06:39:20.629    23960.629  0.3527 31.1005 109.9805   0.00   -inf  -nan  11   9  20   6 219.81
   14   2018 11 26 06:54:43.280    24883.280  0.4155 30.8205 110.7605   0.00   -inf  -nan  11   8  19   8  97.88
   15   2018 11 26 07:20:40.479    26440.479  0.2784 30.8305 110.7805   0.00   -inf  -nan  13   7  20   6  84.77
   16   2018 11 26 07:31:06.707    27066.707  0.3534 30.8105 111.2405   0.00   -inf  -nan   6   5  11   5 279.73
   17   2018 11 26 08:16:36.292    29796.292  0.2863 30.8205 110.9305   4.00   -inf  -nan   6   5  11   5 102.66
   18   2018 11 26 10:12:28.485    36748.485  0.2911 30.8905 111.1605   8.00   -inf  -nan   6   5  11   5 195.54
   19   2018 11 26 11:16:38.727    40598.727  0.4514 30.9705 111.2805   0.00   -inf  -nan   5   2   7   2 306.32
   20   2018 11 26 11:33:14.984    41594.984  0.2704 30.8105 111.1305  10.00   -inf  -nan   4   2   6   2 278.54
   21   2018 11 26 11:51:21.794    42681.794  0.2143 31.2105 110.3805  14.00   -inf  -nan   3   2   5   1 266.63
   22   2018 11 26 12:14:32.169    44072.169  0.2348 30.9205 110.2505   6.00   -inf  -nan   4   4   8   4 173.05
   23   2018 11 26 12:41:24.233    45684.233  0.2083 30.9205 110.2505   8.00   -inf  -nan   5   5  10   5 173.05
   24   2018 11 26 14:46:22.944    53182.944  0.2502 31.0505 110.4605   8.00   -inf  -nan   7   7  14   6 111.60
   25   2018 11 26 15:02:38.804    54158.804  0.2007 30.9205 110.2505   6.00   -inf  -nan   7   6  13   5 173.05
   26   2018 11 26 15:33:19.252    55999.252  0.2565 31.0705 110.4805   0.00   -inf  -nan   3   3   6   2 223.56
   27   2018 11 26 15:52:22.403    57142.403  0.3077 31.1705 110.3005   0.00   -inf  -nan   5   2   7   2 261.29
   28   2018 11 26 19:47:28.730    71248.730  0.0803 31.1205 109.8405   0.00   -inf  -nan   3   2   5   2 317.97
   29   2018 11 26 20:01:59.336    72119.336  0.1940 30.8905 111.1305   4.00   -inf  -nan   6   2   8   2 164.15
   30   2018 11 26 20:34:57.565    74097.565  0.1489 31.2105 110.5505   0.00   -inf  -nan   4   3   7   3 252.49
   31   2018 11 26 21:51:39.659    78699.659  0.2701 30.7405 110.7905  10.00   -inf  -nan  20  15  35  15 163.15
   32   2018 11 26 21:53:33.483    78813.483  0.3439 30.7505 110.7805   8.00   -inf  -nan  12  13  25  12 143.65
   33   2018 11 26 22:48:19.495    82099.495  0.3538 31.0505 110.4605   8.00   -inf  -nan   9  11  20   9 111.60
   34   2018 11 26 22:51:23.497    82283.497  0.4194 31.2505 110.4205  10.00   -inf  -nan   4   2   6   2 294.17
   35   2018 11 26 23:06:02.418    83162.418  0.2631 30.7305 110.8005  10.00   -inf  -nan   4   4   8   4 182.42
   36   2018 11 26 23:17:41.633    83861.633  0.2124 30.8505 111.1305   2.00   -inf  -nan   9   6  15   6 210.75
   37   2018 11 26 23:46:39.268    85599.268  0.2682 31.1305 110.3105   6.00   -inf  -nan   5   2   7   1 134.51
   38   2018 11 26 23:49:28.208    85768.208  0.1736 30.7505 110.7805   8.00   -inf  -nan   3   3   6   3 180.02
    1   2018 11 27 00:32:20.632     1940.632  0.1805 30.9005 110.7205   8.00   -inf  -nan  11   5  16   5  94.62
    2   2018 11 27 00:37:39.792     2259.792  0.3435 30.9105 110.8205   6.00   -inf  -nan  15  14  29  14  67.00
    3   2018 11 27 00:38:59.857     2339.857  0.2951 30.9105 110.8205   0.00   -inf  -nan  11  11  22  11  81.74
    4   2018 11 27 01:32:38.499     5558.499  0.1820 30.7505 110.7805  10.00   -inf  -nan   5   5  10   5 148.80
    5   2018 11 27 02:07:30.071     7650.071  0.2014 30.8505 111.1305   6.00   -inf  -nan   9   3  12   3 210.25
    6   2018 11 27 02:07:53.979     7673.979  0.2636 30.8105 111.1605   4.00   -inf  -nan   5   5  10   4 245.30
    7   2018 11 27 03:16:28.937    11788.937  0.2938 30.9005 110.7205   6.00   -inf  -nan  13   9  22   8  94.62
    8   2018 11 27 03:30:59.968    12659.968  0.3385 30.8905 111.4005   6.00   -inf  -nan   4   5   9   2 321.18
    9   2018 11 27 04:18:35.282    15515.282  0.4778 31.0805 110.1605   0.00   -inf  -nan   3   2   5   1 196.27
   10   2018 11 27 04:19:12.197    15552.197  0.2395 30.8705 110.9005   2.00   -inf  -nan  12   6  18   5  67.10
   11   2018 11 27 04:25:06.492    15906.492  0.2692 30.7305 110.8005  12.00   -inf  -nan   9   9  18   9 182.42
   12   2018 11 27 04:28:22.034    16102.034  0.4412 31.1205 109.8805   2.00   -inf  -nan   4   4   8   2 283.43
   13   2018 11 27 04:34:25.156    16465.156  0.3674 30.7105 110.7805  14.00   -inf  -nan   4   3   7   3 207.44
   14   2018 11 27 04:35:27.637    16527.637  0.4419 31.1005 109.7805   6.00   -inf  -nan   5   4   9   3 269.41
   15   2018 11 27 04:44:44.125    17084.125  0.3009 31.2005 109.8105  12.00   -inf  -nan   5   3   8   3 314.57
   16   2018 11 27 04:47:47.200    17267.200  0.2456 30.9705 110.8005   8.00   -inf  -nan   6   6  12   6 134.92
   17   2018 11 27 06:02:09.516    21729.516  0.2379 31.2405 110.0405   6.00   -inf  -nan   8   4  12   4 237.39
   18   2018 11 27 07:55:41.065    28541.065  0.3224 31.2805 109.8005  12.00   -inf  -nan   4   2   6   2 337.78
   19   2018 11 27 08:50:59.883    31859.883  0.1863 30.8505 111.1305   6.00   -inf  -nan   6   4  10   3 210.75
   20   2018 11 27 10:03:21.586    36201.586  0.1536 30.8505 111.1305   6.00   -inf  -nan  10   7  17   6 210.25
   21   2018 11 27 14:47:57.914    53277.914  0.2814 31.0605 110.4805   0.00   -inf  -nan   3   3   6   3 244.76
   22   2018 11 27 15:24:00.165    55440.165  0.2852 31.0305 110.4805   0.00   -inf  -nan   4   5   9   4 152.53
   23   2018 11 27 16:27:13.998    59233.998  0.0734 30.9305 111.2005   4.00   -inf  -nan   4   2   6   2 279.86
   24   2018 11 27 16:52:52.470    60772.470  0.2644 31.1005 110.3805   6.00   -inf  -nan   5   6  11   5 161.99
   25   2018 11 27 18:04:44.034    65084.034  0.2077 30.8905 111.1305   4.00   -inf  -nan   6   3   9   3 164.15
   26   2018 11 27 18:39:46.300    67186.300  0.2883 31.1705 110.3405   2.00   -inf  -nan   4   2   6   2 194.95
   27   2018 11 27 18:44:21.931    67461.931  0.4547 31.1805 110.2905  10.00   -inf  -nan   4   5   9   2 183.58
   28   2018 11 27 20:34:41.417    74081.417  0.4316 31.0305 110.4805  10.00   -inf  -nan  11  13  24  11  98.79
   29   2018 11 27 20:50:44.345    75044.345  0.2855 30.9405 110.5405   6.00   -inf  -nan   3   3   6   3 166.31
   30   2018 11 27 20:52:52.081    75172.081  0.3311 31.0505 110.4605   6.00   -inf  -nan   5   6  11   5 111.60
   31   2018 11 27 20:56:12.880    75372.880  0.4508 31.1805 110.3405   0.00   -inf  -nan   4   3   7   3 232.35
   32   2018 11 27 21:05:34.479    75934.479  0.4171 31.0505 110.4605   0.00   -inf  -nan  14  14  28  14 111.60
   33   2018 11 27 21:23:20.965    77000.965  0.2531 31.1705 110.3805   2.00   -inf  -nan   6   2   8   1 199.06
   34   2018 11 27 22:16:50.075    80210.075  0.4481 31.0905 110.6305  10.00   -inf  -nan   4   2   6   1 152.47
   35   2018 11 27 23:17:14.217    83834.217  0.2820 30.8205 111.1705   6.00   -inf  -nan  14   9  23   9 240.25
   36   2018 11 27 23:37:18.201    85038.201  0.1702 30.8505 111.1305   6.00   -inf  -nan  15   6  21   6 210.25
    1   2018 11 28 02:31:48.887     9108.887  0.1438 31.0505 110.5505  18.00   -inf  -nan   3   2   5   1 181.05
    2   2018 11 28 02:43:04.116     9784.116  0.1983 30.9305 111.3205  10.00   -inf  -nan   5   3   8   2 313.84
    3   2018 11 28 03:09:39.547    11379.547  0.2527 30.8205 110.9305   0.00   -inf  -nan   5   2   7   1 102.66
    4   2018 11 28 03:23:20.793    12200.793  0.1763 30.8505 111.1305   8.00   -inf  -nan   4   3   7   3 284.42
    5   2018 11 28 04:08:00.632    14880.632  0.3470 31.0805 109.8505  18.00   -inf  -nan   6   3   9   2 286.81
    6   2018 11 28 04:18:45.793    15525.793  0.2759 31.0805 109.8505  16.00   -inf  -nan   6   3   9   3 286.81
    7   2018 11 28 04:22:14.309    15734.309  0.2673 31.0805 109.8805  16.00   -inf  -nan   4   4   8   3 277.89
    8   2018 11 28 04:41:49.141    16909.141  0.1713 31.1405 110.3305   8.00   -inf  -nan   4   3   7   3 156.38
    9   2018 11 28 04:53:57.717    17637.717  0.3893 31.3805 110.0905   2.00   -inf  -nan   5   3   8   3 292.01
   10   2018 11 28 05:18:24.810    19104.810  0.1164 31.1305 109.8305   2.00   -inf  -nan   3   3   6   2 309.43
   11   2018 11 28 05:28:27.360    19707.360  0.3067 31.2305 111.0205   4.00   -inf  -nan   8   4  12   4 293.85
   12   2018 11 28 05:37:48.182    20268.182  0.1637 31.2205 111.0305  14.00   -inf  -nan   4   4   8   3 293.65
   13   2018 11 28 07:06:13.773    25573.773  0.1509 30.8105 111.2505  10.00   -inf  -nan   4   4   8   3 309.78
   14   2018 11 28 07:12:33.415    25953.415  0.4097 30.9605 110.1705   8.00   -inf  -nan  13   3  16   3  76.90
   15   2018 11 28 07:21:35.380    26495.380  0.1546 30.8605 111.1105   6.00   -inf  -nan   5   3   8   3 274.08
   16   2018 11 28 07:35:34.916    27334.916  0.2810 30.8205 111.2505   4.00   -inf  -nan   9   6  15   6 283.29
   17   2018 11 28 07:47:42.836    28062.836  0.3527 30.9005 110.7005   8.00   -inf  -nan  14   8  22   8  99.58
   18   2018 11 28 08:28:10.377    30490.377  0.2345 30.8505 111.1705   8.00   -inf  -nan   6   2   8   2 233.42
   19   2018 11 28 09:17:34.458    33454.458  0.2470 30.8505 111.1305   4.00   -inf  -nan  13   9  22   9 210.25
   20   2018 11 28 10:01:08.146    36068.146  0.3963 30.8905 111.0405   4.00   -inf  -nan   5   4   9   3  98.74
   21   2018 11 28 10:19:56.862    37196.862  0.3566 31.0105 110.5505   8.00   -inf  -nan  16  11  27  11  74.06
   22   2018 11 28 11:13:55.409    40435.409  0.3919 30.7805 110.9305   2.00   -inf  -nan   4   5   9   4 217.36
   23   2018 11 28 11:59:34.301    43174.301  0.2704 30.8905 111.1605  14.00   -inf  -nan   5   2   7   2 195.54
   24   2018 11 28 13:59:54.475    50394.475  0.2148 30.8905 111.1305   6.00   -inf  -nan   6   2   8   2 164.15
   25   2018 11 28 15:40:44.644    56444.644  0.1503 31.1205 110.0005  12.00   -inf  -nan   3   2   5   2 249.99
   26   2018 11 28 15:59:50.461    57590.461  0.2556 30.8505 111.1305   8.00   -inf  -nan   6   3   9   3 210.75
   27   2018 11 28 16:38:34.862    59914.862  0.2210 31.2905 110.1505   0.00   -inf  -nan   3   2   5   2 269.09
   28   2018 11 28 19:02:15.053    68535.053  0.3463 31.0205 110.4405   4.00   -inf  -nan  12  11  23  10  87.12
   29   2018 11 28 19:51:33.776    71493.776  0.3479 31.0505 110.4605   4.00   -inf  -nan  14  12  26  11 111.60
   30   2018 11 28 19:54:17.762    71657.762  0.1548 31.1305 110.3405  12.00   -inf  -nan   3   2   5   2 167.58
   31   2018 11 28 20:53:33.841    75213.841  0.4538 31.0205 110.4405   8.00   -inf  -nan  14  14  28  13  87.12
   32   2018 11 28 21:43:29.881    78209.881  0.2983 31.0305 110.4405   8.00   -inf  -nan   9  11  20   9  92.86
   33   2018 11 28 22:11:18.059    79878.059  0.1754 30.8905 111.1305   4.00   -inf  -nan   5   3   8   3 164.15
   34   2018 11 28 23:08:08.059    83288.059  0.2583 31.1205 110.4005   6.00   -inf  -nan   3   3   6   2 198.65
   35   2018 11 28 23:16:25.962    83785.962  0.1793 30.8505 111.1305   4.00   -inf  -nan  11   6  17   6 210.25
    1   2018 11 29 01:43:03.690     6183.690  0.2521 30.8505 111.2505   4.00   -inf  -nan   5   6  11   3 284.34
    2   2018 11 29 01:54:05.194     6845.194  0.3901 30.8105 111.2805   4.00   -inf  -nan   6   6  12   5 294.33
    3   2018 11 29 02:17:09.774     8229.774  0.1883 30.8505 111.1305   2.00   -inf  -nan  10   6  16   5 210.25
    4   2018 11 29 03:19:52.408    11992.408  0.3909 31.3005 110.8305   0.00   -inf  -nan  16   9  25   9 238.21
    5   2018 11 29 03:28:45.865    12525.865  0.4275 31.0505 110.3105   4.00   -inf  -nan  10  11  21   7  97.81
    6   2018 11 29 04:10:07.527    15007.527  0.1830 30.9705 110.3805   0.00   -inf  -nan   4   2   6   1 111.36
    7   2018 11 29 04:12:17.930    15137.930  0.1741 31.0505 110.1905  20.00   -inf  -nan   4   2   6   1 137.04
    8   2018 11 29 04:20:14.621    15614.621  0.4249 30.7805 110.9305   4.00   -inf  -nan   9   7  16   7 157.56
    9   2018 11 29 04:26:48.130    16008.130  0.4509 30.9705 110.3905   2.00   -inf  -nan   9   5  14   5  92.49
   10   2018 11 29 05:30:34.892    19834.892  0.1745 31.0505 110.4205   6.00   -inf  -nan   3   2   5   2 169.41
   11   2018 11 29 06:03:21.680    21801.680  0.2007 30.8505 111.1305   6.00   -inf  -nan  10   6  16   6 283.92
   12   2018 11 29 06:49:55.029    24595.029  0.3751 31.2605 110.8705   0.00   -inf  -nan  12   6  18   6 262.66
   13   2018 11 29 07:06:25.425    25585.425  0.2679 30.8905 111.4005   8.00   -inf  -nan   5   3   8   2 318.79
   14   2018 11 29 07:29:52.825    26992.825  0.1793 30.8205 110.9705   0.00   -inf  -nan   7   4  11   4 146.73
   15   2018 11 29 08:04:42.853    29082.853  0.2612 31.1205 109.8005   0.00   -inf  -nan   3   2   5   2 324.28
   16   2018 11 29 09:04:25.103    32665.103  0.1585 30.8505 111.1305   4.00   -inf  -nan   7   4  11   4 210.25
   17   2018 11 29 09:59:11.234    35951.234  0.3132 31.0805 110.8205   8.00   -inf  -nan  18  15  33  14 124.12
   18   2018 11 29 10:46:59.251    38819.251  0.2124 30.9305 111.2005   4.00   -inf  -nan   3   2   5   2 279.86
   19   2018 11 29 11:26:04.656    41164.656  0.2963 30.7405 110.5005   4.00   -inf  -nan   6   7  13   4 249.19
   20   2018 11 29 12:13:40.964    44020.964  0.2386 30.9205 110.2505   8.00   -inf  -nan  10  11  21  10 149.42
   21   2018 11 29 13:25:57.752    48357.752  0.1944 31.1805 110.5005   2.00   -inf  -nan   3   2   5   2 315.31
   22   2018 11 29 15:02:35.771    54155.771  0.2657 31.1305 110.3005   4.00   -inf  -nan   3   3   6   3 233.45
   23   2018 11 29 15:46:57.421    56817.421  0.3170 30.7505 110.7805  14.00   -inf  -nan  12  18  30  12 143.65
   24   2018 11 29 16:29:46.894    59386.894  0.3445 31.0605 110.4805   0.00   -inf  -nan   4   4   8   4 175.68
   25   2018 11 29 17:20:16.915    62416.915  0.3407 31.1705 110.3005   2.00   -inf  -nan   6   2   8   2 260.78
   26   2018 11 29 17:28:53.597    62933.597  0.2477 31.0905 110.2705   6.00   -inf  -nan   5   5  10   4 206.57
   27   2018 11 29 18:42:52.950    67372.950  0.2749 30.8905 111.1205   6.00   -inf  -nan   7   6  13   6 152.94
   28   2018 11 29 19:27:25.375    70045.375  0.2129 30.8905 111.1305   4.00   -inf  -nan   6   3   9   3 164.15
   29   2018 11 29 19:44:33.093    71073.093  0.3319 31.2105 110.3405   0.00   -inf  -nan   3   3   6   2 226.84
   30   2018 11 29 20:19:56.290    73196.290  0.3261 30.8905 111.2005   2.00   -inf  -nan   3   2   5   1 247.57
   31   2018 11 29 22:04:03.207    79443.207  0.3347 31.0505 110.4505   2.00   -inf  -nan  15  15  30  13 106.33
   32   2018 11 29 22:05:11.967    79511.967  0.3886 31.0305 110.4805  16.00   -inf  -nan   4   4   8   3  98.79
   33   2018 11 29 22:20:18.582    80418.582  0.0570 31.2105 110.5005   6.00   -inf  -nan   4   2   6   2 275.32
   34   2018 11 29 23:11:48.930    83508.930  0.2249 30.8505 111.1305   4.00   -inf  -nan  12   7  19   7 210.25
   35   2018 11 29 23:17:36.740    83856.740  0.3933 31.0205 110.4405   6.00   -inf  -nan   4   6  10   4 123.87
   36   2018 11 29 23:25:21.127    84321.127  0.2742 31.2205 110.1705   0.00   -inf  -nan   3   2   5   2 188.85
   37   2018 11 29 23:27:03.948    84423.948  0.1959 30.8505 111.1205   0.00   -inf  -nan   7   4  11   4 205.95
    1   2018 11 30 02:01:30.317     7290.317  0.3091 30.9005 110.7205   0.00   -inf  -nan  13   7  20   7  94.62
    2   2018 11 30 03:09:23.054    11363.054  0.3467 31.1405 110.8705   6.00   -inf  -nan  14   8  22   8 202.61
    3   2018 11 30 03:17:14.887    11834.887  0.4145 30.8905 111.4005   0.00   -inf  -nan   3   2   5   2 336.34
    4   2018 11 30 03:33:06.930    12786.930  0.3078 30.8905 111.4005   0.00   -inf  -nan   8   4  12   4 318.79
    5   2018 11 30 03:35:13.922    12913.922  0.1184 30.9305 111.4005   8.00   -inf  -nan   4   2   6   2 324.85
    6   2018 11 30 03:39:25.447    13165.447  0.2009 31.0805 109.8505  14.00   -inf  -nan   5   3   8   3 286.81
    7   2018 11 30 03:45:53.526    13553.526  0.3327 30.8505 110.2905   6.00   -inf  -nan   5   6  11   5 193.73
    8   2018 11 30 03:51:01.169    13861.169  0.2338 31.0405 109.7605   6.00   -inf  -nan   7   3  10   2 272.83
    9   2018 11 30 03:55:44.949    14144.949  0.3808 30.9705 110.3705   6.00   -inf  -nan  15   8  23   7  88.31
   10   2018 11 30 04:29:27.016    16167.016  0.2196 31.2205 110.0505   6.00   -inf  -nan  12   4  16   4 205.54
   11   2018 11 30 06:17:05.008    22625.008  0.4047 31.1605 110.3705   2.00   -inf  -nan  12   7  19   5 156.90
   12   2018 11 30 07:40:04.683    27604.683  0.3495 30.9005 110.7205   0.00   -inf  -nan   9   7  16   6  94.62
   13   2018 11 30 07:41:17.036    27677.036  0.1156 30.8505 111.1305   8.00   -inf  -nan   4   2   6   2 284.42
   14   2018 11 30 07:51:28.231    28288.231  0.1118 30.8205 111.2505  10.00   -inf  -nan   4   4   8   4 308.91
   15   2018 11 30 07:51:59.127    28319.127  0.2749 30.8105 111.2405   2.00   -inf  -nan   3   6   9   1 279.73
   16   2018 11 30 08:02:21.740    28941.740  0.1962 30.8505 111.1305   4.00   -inf  -nan  13   8  21   8 210.25
   17   2018 11 30 08:08:32.285    29312.285  0.2074 30.8505 111.1205   6.00   -inf  -nan   5   5  10   5 205.95
   18   2018 11 30 09:34:24.006    34464.006  0.1922 30.8505 111.1305   6.00   -inf  -nan  13   8  21   8 210.25
   19   2018 11 30 10:08:43.258    36523.258  0.4548 31.1405 110.2905   4.00   -inf  -nan   5   4   9   3 138.84
   20   2018 11 30 10:32:39.774    37959.774  0.3685 31.0305 110.7205  10.00   -inf  -nan   5   6  11   5 143.69
   21   2018 11 30 10:55:30.994    39330.994  0.2398 31.1705 110.4205  16.00   -inf  -nan   3   2   5   1 193.70
   22   2018 11 30 11:27:22.753    41242.753  0.2249 30.8905 111.1305   4.00   -inf  -nan   5   2   7   2 164.15
   23   2018 11 30 15:10:36.677    54636.677  0.1313 30.8905 111.1305   2.00   -inf  -nan   4   2   6   2 164.15
   24   2018 11 30 15:45:39.683    56739.683  0.4100 31.1405 110.2505   0.00   -inf  -nan   4   3   7   3 145.32
   25   2018 11 30 16:40:14.263    60014.263  0.1115 30.9805 110.4405   6.00   -inf  -nan   3   2   5   2 204.84
   26   2018 11 30 16:43:37.686    60217.686  0.1019 31.1605 110.0405  14.00   -inf  -nan   3   2   5   2 194.43
   27   2018 11 30 17:30:43.400    63043.400  0.1757 31.1705 110.3405   0.00   -inf  -nan   3   2   5   2 281.77
   28   2018 11 30 18:23:33.627    66213.627  0.1874 31.1705 110.3005   0.00   -inf  -nan   8   2  10   2 165.54
   29   2018 11 30 18:29:23.674    66563.674  0.3148 31.1305 110.5105   6.00   -inf  -nan   5   2   7   2 191.33
   30   2018 11 30 20:17:11.507    73031.507  0.1189 31.1605 109.8005   6.00   -inf  -nan   3   3   6   3 330.33
   31   2018 11 30 23:17:30.799    83850.799  0.3034 30.8205 111.1705   6.00   -inf  -nan  14  10  24  10 240.25
    1   2018 12 01 01:37:56.780     5876.780  0.2874 30.8505 111.1605   4.00   -inf  -nan  10   5  15   5 225.53
    2   2018 12 01 02:57:20.827    10640.827  0.2434 30.9805 110.0005  20.00   -inf  -nan   4   2   6   1 132.81
    3   2018 12 01 03:15:21.535    11721.535  0.3864 31.0405 109.6805   8.00   -inf  -nan   8   5  13   5 293.30
    4   2018 12 01 03:32:12.575    12732.575  0.3722 30.8605 110.9305   0.00   -inf  -nan  10   5  15   5  85.90
    5   2018 12 01 03:55:53.205    14153.205  0.3307 31.0005 109.8405   4.00   -inf  -nan   6   4  10   2 241.59
    6   2018 12 01 04:04:53.831    14693.831  0.2293 30.9305 111.2505   4.00   -inf  -nan   5   3   8   3 330.44
    7   2018 12 01 04:06:00.119    14760.119  0.2887 31.2405 110.1205   0.00   -inf  -nan   8   3  11   3 216.33
    8   2018 12 01 04:06:47.972    14807.972  0.4542 31.0805 109.8505  12.00   -inf  -nan   9   5  14   5 286.81
    9   2018 12 01 04:09:16.928    14956.928  0.3957 31.0205 109.8205   0.00   -inf  -nan  11   7  18   5 250.36
   10   2018 12 01 04:17:55.547    15475.547  0.3248 30.9705 110.0505  12.00   -inf  -nan   3   2   5   1 249.65
   11   2018 12 01 04:30:34.113    16234.113  0.4298 31.0205 111.3505   0.00   -inf  -nan   8   3  11   1 318.62
   12   2018 12 01 05:36:11.456    20171.456  0.2275 31.2605 110.2105   2.00   -inf  -nan   6   2   8   2 226.23
   13   2018 12 01 08:29:35.003    30575.003  0.3295 30.8905 111.3605   8.00   -inf  -nan   9   8  17   7 315.72
   14   2018 12 01 08:41:41.470    31301.470  0.3268 30.8905 111.3305   8.00   -inf  -nan   3   5   8   2 314.93
   15   2018 12 01 09:14:23.816    33263.816  0.1045 31.1205 109.8405   4.00   -inf  -nan   3   2   5   2 317.97
   16   2018 12 01 09:16:09.048    33369.048  0.2140 31.1705 109.8705  10.00   -inf  -nan   4   2   6   2 300.94
   17   2018 12 01 09:25:28.219    33928.219  0.1706 30.8505 111.1305   6.00   -inf  -nan   6   7  13   6 210.75
   18   2018 12 01 09:40:48.540    34848.540  0.1800 30.8505 111.1305   4.00   -inf  -nan   9   5  14   5 210.25
   19   2018 12 01 10:30:06.175    37806.175  0.1036 31.2105 110.5505   2.00   -inf  -nan   3   2   5   2 295.34
   20   2018 12 01 13:08:23.130    47303.130  0.3155 30.8905 110.7605   0.00   -inf  -nan  14  15  29  12  86.43
   21   2018 12 01 13:15:49.518    47749.518  0.4511 31.0505 110.4105  14.00   -inf  -nan   4   3   7   2 131.82
   22   2018 12 01 14:09:51.996    50991.996  0.4199 31.2505 110.3805   0.00   -inf  -nan   3   3   6   3 267.85
   23   2018 12 01 14:27:44.297    52064.297  0.4332 31.2505 110.3005   2.00   -inf  -nan   5   2   7   2 311.72
   24   2018 12 01 14:58:23.992    53903.992  0.2461 30.8905 111.0405   6.00   -inf  -nan   7   5  12   5  98.74
   25   2018 12 01 16:20:04.462    58804.462  0.3097 31.0505 110.4605   4.00   -inf  -nan   8   7  15   6 111.60
   26   2018 12 01 16:43:13.376    60193.376  0.3223 31.0505 110.4505   0.00   -inf  -nan   5   7  12   5 109.19
   27   2018 12 01 16:47:38.520    60458.520  0.3224 31.0505 110.4505  10.00   -inf  -nan  19  20  39  17 106.33
   28   2018 12 01 16:54:52.098    60892.098  0.2562 31.0105 110.4705   4.00   -inf  -nan   5   6  11   5 135.90
   29   2018 12 01 17:36:05.059    63365.059  0.3674 31.0905 110.6305   8.00   -inf  -nan   3   3   6   1 152.47
   30   2018 12 01 18:48:40.722    67720.722  0.2311 30.8605 111.1105   8.00   -inf  -nan   7   5  12   5 191.29
   31   2018 12 01 19:05:47.630    68747.630  0.1704 31.1605 110.0805   0.00   -inf  -nan   3   3   6   3 169.00
   32   2018 12 01 19:33:25.059    70405.059  0.1427 31.0705 110.4405   4.00   -inf  -nan   3   3   6   3 265.80
   33   2018 12 01 19:57:58.997    71878.997  0.1453 30.8905 111.1305   4.00   -inf  -nan   7   3  10   3 164.15
   34   2018 12 01 20:21:59.208    73319.208  0.1447 31.1605 110.0805   4.00   -inf  -nan   4   3   7   3 137.44
   35   2018 12 01 20:25:22.881    73522.881  0.2527 31.1305 110.3005   0.00   -inf  -nan   6   2   8   2 131.46
   36   2018 12 01 21:13:54.927    76434.927  0.4834 31.0505 110.4305   6.00   -inf  -nan   6   9  15   6 102.66
   37   2018 12 01 21:30:42.011    77442.011  0.2258 31.1405 110.2505  12.00   -inf  -nan   3   2   5   2 145.32
   38   2018 12 01 22:15:29.180    80129.180  0.1630 30.8905 111.0405   6.00   -inf  -nan   6   3   9   3  98.74
   39   2018 12 01 22:36:55.943    81415.943  0.2785 30.8905 111.0405   4.00   -inf  -nan   7   2   9   2  98.74
   40   2018 12 01 23:15:53.987    83753.987  0.3456 31.1605 110.0505  10.00   -inf  -nan   5   4   9   4 155.43
    1   2018 12 02 00:59:37.683     3577.683  0.0680 31.2105 110.4305   8.00   -inf  -nan   3   2   5   2 300.07
    2   2018 12 02 01:00:30.651     3630.651  0.1948 30.8505 111.1305   6.00   -inf  -nan   8   6  14   5 210.25
    3   2018 12 02 01:29:29.940     5369.940  0.4212 31.0205 110.4405   6.00   -inf  -nan   9   7  16   6 121.53
    4   2018 12 02 02:19:55.346     8395.346  0.0568 31.1805 110.1705  14.00   -inf  -nan   3   2   5   2 123.15
    5   2018 12 02 02:22:25.315     8545.315  0.2013 30.8305 111.1405   4.00   -inf  -nan   9   5  14   5 223.39
    6   2018 12 02 02:44:57.124     9897.124  0.1147 30.8905 111.1305   6.00   -inf  -nan   3   2   5   2 311.06
    7   2018 12 02 02:50:37.199    10237.199  0.4272 31.0205 109.8105   0.00   -inf  -nan   3   2   5   1 254.90
    8   2018 12 02 03:29:57.661    12597.661  0.1814 31.3205 110.8605   2.00   -inf  -nan   7   3  10   2 280.25
    9   2018 12 02 04:08:38.320    14918.320  0.3395 30.9805 110.4005   0.00   -inf  -nan  15   8  23   8  82.74
   10   2018 12 02 04:14:33.247    15273.247  0.2751 30.8505 111.1305   4.00   -inf  -nan  10   9  19   8 210.25
   11   2018 12 02 04:17:07.074    15427.074  0.1672 31.0605 110.4805   0.00   -inf  -nan   3   3   6   3 244.76
   12   2018 12 02 04:26:30.794    15990.794  0.1272 31.1205 109.9205   0.00   -inf  -nan   4   2   6   2 295.81
   13   2018 12 02 05:14:05.549    18845.549  0.3379 31.1805 110.1705  14.00   -inf  -nan   3   2   5   2 123.15
   14   2018 12 02 08:05:29.361    29129.361  0.0990 31.2105 110.3805   0.00   -inf  -nan   3   2   5   2 266.63
   15   2018 12 02 08:29:08.364    30548.364  0.3736 30.9705 111.2105   0.00   -inf  -nan   4   2   6   2 260.90
   16   2018 12 02 09:30:21.987    34221.987  0.2136 30.8505 111.1305   4.00   -inf  -nan   7   5  12   5 210.25
   17   2018 12 02 09:41:41.301    34901.301  0.4843 30.9605 110.0105   6.00   -inf  -nan   4   2   6   2 131.10
   18   2018 12 02 09:51:02.245    35462.245  0.3172 30.8905 111.1305   4.00   -inf  -nan   4   3   7   2 164.15
   19   2018 12 02 10:17:55.535    37075.535  0.3659 30.9805 110.7805   0.00   -inf  -nan  14   7  21   7  63.69
   20   2018 12 02 12:25:23.875    44723.875  0.3310 31.0205 110.4805   8.00   -inf  -nan   6   4  10   4  91.96
   21   2018 12 02 12:45:38.007    45938.007  0.1548 30.8905 111.1305   4.00   -inf  -nan   6   3   9   3 164.15
   22   2018 12 02 13:32:20.437    48740.437  0.2523 30.8905 111.0405   6.00   -inf  -nan   5   4   9   4 158.22
   23   2018 12 02 14:09:09.803    50949.803  0.1600 30.8905 111.1305   2.00   -inf  -nan   4   2   6   2 164.15
   24   2018 12 02 15:52:24.825    57144.825  0.2853 31.1705 110.3105   6.00   -inf  -nan   6   2   8   2 168.79
   25   2018 12 02 16:19:30.507    58770.507  0.1264 31.1605 109.8405   0.00   -inf  -nan   3   2   5   2 315.17
   26   2018 12 02 16:41:20.747    60080.747  0.4090 31.0105 110.5505   8.00   -inf  -nan  21  19  40  19  74.06
   27   2018 12 02 18:29:41.887    66581.887  0.4211 30.9305 111.2805   0.00   -inf  -nan   5   2   7   1 309.08
   28   2018 12 02 19:23:44.262    69824.262  0.1873 30.8605 110.5605   8.00   -inf  -nan   4   5   9   4 160.27
   29   2018 12 02 19:44:08.058    71048.058  0.1882 30.8605 110.5605  10.00   -inf  -nan   5   5  10   5 196.25
   30   2018 12 02 20:17:53.944    73073.944  0.3987 30.8905 111.2005   0.00   -inf  -nan   3   3   6   2 247.57
   31   2018 12 02 21:35:45.393    77745.393  0.1596 30.8905 111.0405   4.00   -inf  -nan   5   2   7   2  98.74
   32   2018 12 02 23:25:58.516    84358.516  0.1713 30.8505 111.1305   4.00   -inf  -nan   9   8  17   8 210.25
   33   2018 12 02 23:51:33.633    85893.633  0.1704 31.2105 110.4205   6.00   -inf  -nan   3   3   6   3 290.43
    1   2018 12 03 00:13:55.532      835.532  0.3102 31.0505 110.4505   6.00   -inf  -nan   9   9  18   8 109.19
    2   2018 12 03 00:36:50.711     2210.711  0.3046 30.9005 110.7205   0.00   -inf  -nan  13   4  17   4  94.62
    3   2018 12 03 03:20:46.363    12046.363  0.3067 31.3805 110.0105   8.00   -inf  -nan   3   2   5   1 323.97
    4   2018 12 03 03:45:10.015    13510.015  0.1795 30.8505 111.1305   6.00   -inf  -nan  10   8  18   7 210.25
    5   2018 12 03 04:13:27.556    15207.556  0.3197 31.0205 110.5805   4.00   -inf  -nan   6   5  11   4 119.53
    6   2018 12 03 04:56:55.784    17815.784  0.2420 30.5505 110.5805  12.00   -inf  -nan   3   4   7   2 275.18
    7   2018 12 03 06:30:36.347    23436.347  0.2126 30.8605 111.1105  12.00   -inf  -nan   4   3   7   3 274.08
    8   2018 12 03 06:40:51.806    24051.806  0.3898 31.0805 110.0805   8.00   -inf  -nan  15  13  28  11 175.53
    9   2018 12 03 06:49:38.416    24578.416  0.3410 30.8905 110.8905   2.00   -inf  -nan   7   5  12   5 104.39
   10   2018 12 03 06:56:08.722    24968.722  0.3546 30.8605 110.8905   4.00   -inf  -nan   5   6  11   5 112.11
   11   2018 12 03 07:05:26.786    25526.786  0.2199 30.9205 110.1305  10.00   -inf  -nan   3   2   5   1 299.32
   12   2018 12 03 07:51:09.567    28269.567  0.2712 30.8505 110.9205   4.00   -inf  -nan   3   2   5   2 150.38
   13   2018 12 03 08:17:12.038    29832.038  0.3798 31.1705 110.3505   0.00   -inf  -nan   7   3  10   2 186.74
   14   2018 12 03 09:31:59.638    34319.638  0.2259 30.8505 111.1305   6.00   -inf  -nan   8   6  14   4 210.25
   15   2018 12 03 10:40:53.666    38453.666  0.4341 31.0605 110.4605   6.00   -inf  -nan  17  14  31  11 115.11
   16   2018 12 03 10:43:27.806    38607.806  0.2896 31.0505 110.4605   8.00   -inf  -nan  10   8  18   8 111.60
   17   2018 12 03 14:30:07.937    52207.937  0.1712 30.8905 111.1305   2.00   -inf  -nan   5   3   8   3 164.15
   18   2018 12 03 14:30:36.550    52236.550  0.2322 31.1805 110.1305  14.00   -inf  -nan   3   3   6   3 140.16
   19   2018 12 03 14:40:48.233    52848.233  0.3205 30.8605 110.4805   0.00   -inf  -nan  10  10  20   8 158.49
   20   2018 12 03 17:04:37.001    61477.001  0.3599 30.9005 110.7705   8.00   -inf  -nan   4   6  10   4 116.56
   21   2018 12 03 17:13:58.413    62038.413  0.3248 31.1305 110.3105   4.00   -inf  -nan   5   3   8   3 134.51
   22   2018 12 03 17:18:31.179    62311.179  0.1193 30.8505 111.1305   8.00   -inf  -nan   5   3   8   3 210.75
   23   2018 12 03 17:26:33.047    62793.047  0.1734 30.8905 111.0105   6.00   -inf  -nan   5   3   8   3  93.56
   24   2018 12 03 22:18:30.862    80310.862  0.3290 31.0505 110.4605  10.00   -inf  -nan  17  20  37  17 109.45
   25   2018 12 03 22:33:26.631    81206.631  0.1329 30.8905 111.0405   4.00   -inf  -nan   5   2   7   2  98.74
   26   2018 12 03 23:56:26.227    86186.227  0.2867 30.8905 111.0005   6.00   -inf  -nan   5   2   7   2 124.82
    1   2018 12 04 00:10:14.292      614.292  0.2618 31.0205 110.0805   2.00   -inf  -nan   3   2   5   1 307.67
    2   2018 12 04 00:23:10.053     1390.053  0.1978 31.0105 110.3805   2.00   -inf  -nan   3   2   5   2 208.58
    3   2018 12 04 01:34:38.289     5678.289  0.1077 30.8905 111.1305   4.00   -inf  -nan   4   2   6   2 164.15
    4   2018 12 04 02:36:36.945     9396.945  0.3152 30.9005 110.7205   0.00   -inf  -nan  11   8  19   8  94.62
    5   2018 12 04 02:37:37.675     9457.675  0.2359 30.9305 111.2405   6.00   -inf  -nan   4   2   6   2 300.87
    6   2018 12 04 02:46:28.694     9988.694  0.3698 30.9605 110.3705   0.00   -inf  -nan   9   7  16   5 100.72
    7   2018 12 04 03:03:21.531    11001.531  0.2021 30.8505 111.1305   6.00   -inf  -nan  10   7  17   5 210.25
    8   2018 12 04 03:03:58.801    11038.801  0.1832 30.8505 111.1305   6.00   -inf  -nan   6   4  10   4 210.75
    9   2018 12 04 03:50:39.957    13839.957  0.2230 30.9905 110.7205  10.00   -inf  -nan   4   6  10   4 160.99
   10   2018 12 04 04:35:11.641    16511.641  0.2764 30.8605 111.1505  10.00   -inf  -nan   5   3   8   3 215.44
   11   2018 12 04 05:33:33.834    20013.834  0.3980 31.2005 110.0005  10.00   -inf  -nan  10   5  15   5 223.19
   12   2018 12 04 05:43:52.655    20632.655  0.2496 31.3005 110.0505   0.00   -inf  -nan   6   2   8   2 277.14
   13   2018 12 04 05:54:46.015    21286.015  0.2817 31.3205 110.0405   0.00   -inf  -nan   7   5  12   5 287.14
   14   2018 12 04 07:05:20.297    25520.297  0.2580 30.8205 111.3305   6.00   -inf  -nan   8   4  12   4 317.18
   15   2018 12 04 07:05:51.910    25551.910  0.3890 30.8505 111.2505  12.00   -inf  -nan   5   5  10   3 306.73
   16   2018 12 04 07:49:10.366    28150.366  0.2976 30.8205 111.2505   6.00   -inf  -nan   7   8  15   5 308.91
   17   2018 12 04 07:50:15.658    28215.658  0.3148 30.8205 111.2505   2.00   -inf  -nan   8   8  16   7 303.12
   18   2018 12 04 08:46:16.642    31576.642  0.3012 30.9805 110.0205  10.00   -inf  -nan   8   5  13   4 123.21
   19   2018 12 04 10:04:21.152    36261.152  0.3620 31.0505 110.4605   0.00   -inf  -nan   5   6  11   5 111.60
   20   2018 12 04 10:05:29.251    36329.251  0.2684 30.9405 110.9505   2.00   -inf  -nan  13   9  22   9  93.06
   21   2018 12 04 14:54:48.137    53688.137  0.2271 31.1605 110.3205   4.00   -inf  -nan   5   2   7   1 178.77
   22   2018 12 04 14:55:46.245    53746.245  0.4598 30.8505 110.8005   6.00   -inf  -nan  11  10  21   9  78.11
   23   2018 12 04 15:05:06.123    54306.123  0.2136 30.9705 111.2405   0.00   -inf  -nan   4   2   6   2 291.14
   24   2018 12 04 15:56:43.928    57403.928  0.1171 30.8905 111.1305   4.00   -inf  -nan   5   2   7   2 164.15
   25   2018 12 04 16:30:40.596    59440.596  0.1982 31.3305 110.3005   8.00   -inf  -nan   3   2   5   2 278.10
   26   2018 12 04 16:46:35.002    60395.002  0.3307 31.0505 110.4505   8.00   -inf  -nan  14  12  26  11 106.33
   27   2018 12 04 16:59:15.727    61155.727  0.3679 30.9505 110.7805   8.00   -inf  -nan   6   7  13   6 102.97
   28   2018 12 04 18:19:13.462    65953.462  0.2503 31.1705 110.1505   0.00   -inf  -nan   5   4   9   4 123.14
   29   2018 12 04 22:32:51.483    81171.483  0.3486 31.0505 110.4605   6.00   -inf  -nan   7   8  15   7 111.60
   30   2018 12 04 22:54:32.208    82472.208  0.2258 30.9905 110.7205  10.00   -inf  -nan   7   8  15   7 160.99
   31   2018 12 04 23:11:11.925    83471.925  0.1760 30.8505 111.1305   4.00   -inf  -nan  12   8  20   8 210.25
   32   2018 12 04 23:13:19.740    83599.740  0.2864 30.8505 111.1305   4.00   -inf  -nan  10   7  17   7 210.25
   33   2018 12 04 23:32:50.591    84770.591  0.3393 30.8105 111.1705   6.00   -inf  -nan  11   5  16   5 242.73
    1   2018 12 07 00:50:15.774     3015.774  0.1742 31.0605 110.4405   6.00   -inf  -nan   3   3   6   3 256.49
    2   2018 12 07 01:11:58.778     4318.778  0.2718 30.8505 110.9205   6.00   -inf  -nan   3   2   5   2 150.38
    3   2018 12 07 01:28:13.628     5293.628  0.1715 30.8705 110.9005   2.00   -inf  -nan   3   3   6   3 267.62
    4   2018 12 07 02:25:44.214     8744.214  0.2425 31.0705 110.2005   6.00   -inf  -nan   3   4   7   3 239.08
    5   2018 12 07 02:38:25.284     9505.284  0.2706 31.0905 110.1905   0.00   -inf  -nan   3   2   5   2 264.28
    6   2018 12 07 02:42:36.116     9756.116  0.2637 31.0405 110.2005   4.00   -inf  -nan   4   3   7   3 231.01
    7   2018 12 07 05:26:38.861    19598.861  0.1850 30.9305 111.3605   4.00   -inf  -nan   5   6  11   3 320.89
    8   2018 12 07 05:28:20.970    19700.970  0.1831 30.9305 111.4005   6.00   -inf  -nan   6   5  11   5 324.85
    9   2018 12 07 05:29:45.489    19785.489  0.2526 30.9305 111.4005   2.00   -inf  -nan   8   2  10   2 321.20
   10   2018 12 07 05:58:47.514    21527.514  0.2878 30.8105 111.2405   0.00   -inf  -nan  10   9  19   9 279.73
   11   2018 12 07 07:21:12.701    26472.701  0.2274 31.0305 110.2005   6.00   -inf  -nan   5   4   9   3 217.63
   12   2018 12 07 07:51:33.041    28293.041  0.1813 30.8705 110.6205   0.00   -inf  -nan   3   2   5   1 191.80
   13   2018 12 07 08:51:40.118    31900.118  0.3370 30.8105 111.1705   6.00   -inf  -nan  10   8  18   6 242.73
   14   2018 12 07 08:56:51.373    32211.373  0.2074 30.8505 111.1305   6.00   -inf  -nan  11   8  19   7 210.75
   15   2018 12 07 09:26:48.808    34008.808  0.2879 31.0505 110.2305   4.00   -inf  -nan   6   5  11   5 197.60
   16   2018 12 07 11:11:27.684    40287.684  0.2605 30.8905 111.1305   8.00   -inf  -nan   5   3   8   3 164.15
   17   2018 12 07 11:54:55.445    42895.445  0.4088 31.0505 110.4605   2.00   -inf  -nan  11  12  23  10 111.60
   18   2018 12 07 12:48:05.377    46085.377  0.3116 31.0605 110.4605  16.00   -inf  -nan   3   4   7   2 120.13
   19   2018 12 07 13:25:33.717    48333.717  0.3092 31.0205 110.4405   6.00   -inf  -nan   7   6  13   5 144.10
   20   2018 12 07 13:52:27.122    49947.122  0.4473 31.0505 110.4305   6.00   -inf  -nan  16  14  30  14  98.75
   21   2018 12 07 13:57:35.654    50255.654  0.3595 31.0605 110.4405   8.00   -inf  -nan  16  14  30  13 141.18
   22   2018 12 07 14:37:03.263    52623.263  0.3481 31.0505 110.4605   8.00   -inf  -nan  13  12  25  12 111.60
   23   2018 12 07 17:12:52.491    61972.491  0.2038 30.8905 111.1305   6.00   -inf  -nan   7   4  11   4 164.15
   24   2018 12 07 17:54:05.136    64445.136  0.3620 31.0505 110.4505   0.00   -inf  -nan  11  11  22   9 106.33
   25   2018 12 07 17:55:18.061    64518.061  0.3365 31.0305 110.4405   6.00   -inf  -nan  15  17  32  13  92.86
   26   2018 12 07 18:31:33.370    66693.370  0.3810 31.0305 110.4805  16.00   -inf  -nan   5   5  10   5 142.66
   27   2018 12 07 18:31:47.036    66707.036  0.3573 30.9705 110.4205  20.00   -inf  -nan   5   5  10   3 132.05
   28   2018 12 07 19:32:07.767    70327.767  0.2812 31.1305 110.3005   0.00   -inf  -nan   7   7  14   6 233.45
   29   2018 12 07 20:04:59.794    72299.794  0.3540 31.0505 110.1505   8.00   -inf  -nan  10   9  19   8 300.16
   30   2018 12 07 20:08:01.635    72481.635  0.2170 31.0905 110.1905   6.00   -inf  -nan   6   6  12   4 250.52
   31   2018 12 07 21:17:45.214    76665.214  0.1506 30.8905 111.1305   2.00   -inf  -nan   5   3   8   3 164.15
   32   2018 12 07 21:30:47.089    77447.089  0.3735 31.0505 110.4305  10.00   -inf  -nan  20  18  38  18  98.75
   33   2018 12 07 22:09:47.063    79787.063  0.2679 30.8905 110.7605   8.00   -inf  -nan   9   6  15   6 132.10
   34   2018 12 07 22:20:32.167    80432.167  0.3880 31.0505 110.4205   8.00   -inf  -nan   3   5   8   3 123.44
   35   2018 12 07 23:33:25.768    84805.768  0.3244 31.0905 110.1905   4.00   -inf  -nan   5   6  11   4 250.52
   36   2018 12 07 23:43:26.217    85406.217  0.2666 30.8505 111.1305   4.00   -inf  -nan  14   8  22   8 210.25
    1   2018 12 08 01:53:59.502     6839.502  0.2874 30.8505 111.1305   4.00   -inf  -nan  11   9  20   8 210.25
    2   2018 12 08 02:22:47.058     8567.058  0.4546 30.8505 111.2405   6.00   -inf  -nan   5   2   7   2 275.59
    3   2018 12 08 03:16:19.373    11779.373  0.2127 30.9305 111.2805   6.00   -inf  -nan  11   5  16   5 309.08
    4   2018 12 08 03:44:47.571    13487.571  0.3180 30.9405 110.0205  12.00   -inf  -nan  10   6  16   5 169.95
    5   2018 12 08 04:17:15.791    15435.791  0.3286 31.2105 110.0705   4.00   -inf  -nan   9   8  17   5 249.66
    6   2018 12 08 04:41:39.781    16899.781  0.4513 30.7805 110.1005   0.00   -inf  -nan   5   3   8   3 235.56
    7   2018 12 08 04:50:36.422    17436.422  0.2992 31.0605 110.4405   4.00   -inf  -nan   6   7  13   6 198.28
    8   2018 12 08 05:35:14.357    20114.357  0.1553 31.0305 110.6005  14.00   -inf  -nan   3   2   5   2 263.89
    9   2018 12 08 06:08:10.437    22090.437  0.4431 31.0205 110.4805  20.00   -inf  -nan   3   3   6   3 163.04
   10   2018 12 08 06:39:30.418    23970.418  0.2273 30.8505 111.2505   2.00   -inf  -nan   6   6  12   5 320.86
   11   2018 12 08 06:46:22.129    24382.129  0.1498 30.8505 111.2505  10.00   -inf  -nan   4   3   7   3 335.32
   12   2018 12 08 07:30:01.781    27001.781  0.2808 30.8505 111.1305   8.00   -inf  -nan   4   3   7   3 284.42
   13   2018 12 08 07:48:03.550    28083.550  0.1565 30.8505 111.1305   4.00   -inf  -nan  11   4  15   4 210.25
   14   2018 12 08 08:43:03.987    31383.987  0.2417 31.2105 110.3505   0.00   -inf  -nan   6   2   8   2 253.60
   15   2018 12 08 08:50:54.975    31854.975  0.4003 31.2005 110.3705   0.00   -inf  -nan  12   6  18   6 237.94
   16   2018 12 08 09:02:12.539    32532.539  0.2634 30.8905 111.0405   8.00   -inf  -nan   4   2   6   2 158.22
   17   2018 12 08 09:06:19.220    32779.220  0.2192 30.8905 111.0905   2.00   -inf  -nan   4   2   6   2 216.17
   18   2018 12 08 09:13:49.182    33229.182  0.1724 30.8505 111.1305   6.00   -inf  -nan   5   3   8   3 284.42
   19   2018 12 08 15:33:52.559    56032.559  0.1842 31.2105 110.5505   0.00   -inf  -nan   3   2   5   2 295.34
   20   2018 12 08 15:43:32.347    56612.347  0.2127 30.8905 111.1305   4.00   -inf  -nan   6   4  10   4 164.15
   21   2018 12 08 16:24:26.610    59066.610  0.2266 31.1705 110.3905  12.00   -inf  -nan   3   2   5   1 246.33
   22   2018 12 08 19:42:40.229    70960.229  0.2779 30.8905 111.1305   6.00   -inf  -nan   6   5  11   5 164.15
   23   2018 12 08 20:04:00.383    72240.383  0.1933 30.9205 110.2505   8.00   -inf  -nan   3   3   6   3 187.45
   24   2018 12 08 20:26:02.549    73562.549  0.2491 30.9005 111.0105   6.00   -inf  -nan   5   2   7   2 121.12
   25   2018 12 08 22:30:32.698    81032.698  0.1854 30.8905 110.7605  10.00   -inf  -nan   4   3   7   3 184.51
   26   2018 12 08 22:36:43.735    81403.735  0.3295 30.9005 110.7605  10.00   -inf  -nan   9   8  17   7  84.40
   27   2018 12 08 22:48:13.243    82093.243  0.3006 30.9105 110.7805   6.00   -inf  -nan  14  15  29  14  75.14
   28   2018 12 08 22:53:06.351    82386.351  0.1412 30.8905 111.0405   4.00   -inf  -nan   6   3   9   3 146.75
   29   2018 12 08 22:59:26.901    82766.901  0.3054 31.0805 110.2405   2.00   -inf  -nan   8   6  14   6 148.33
   30   2018 12 08 23:33:10.821    84790.821  0.2617 30.8505 111.1305   4.00   -inf  -nan  14   6  20   6 210.25
    1   2018 12 09 00:25:10.086     1510.086  0.2914 30.9405 111.2305   0.00   -inf  -nan   3   3   6   1 296.96
    2   2018 12 09 00:28:40.017     1720.017  0.2284 30.8505 111.1305   4.00   -inf  -nan  11   7  18   7 210.25
    3   2018 12 09 01:36:58.413     5818.413  0.4963 31.0305 110.4805   0.00   -inf  -nan   4   6  10   4 156.39
    4   2018 12 09 01:55:13.765     6913.765  0.2991 30.8105 111.2505   8.00   -inf  -nan   4   3   7   2 309.78
    5   2018 12 09 03:08:52.998    11332.998  0.2815 31.1205 110.0105  10.00   -inf  -nan  14   8  22   7 207.90
    6   2018 12 09 03:51:31.521    13891.521  0.2984 31.1205 109.8905   0.00   -inf  -nan   7   2   9   2 279.99
    7   2018 12 09 03:54:52.779    14092.779  0.2405 31.1605 109.8405  10.00   -inf  -nan   7   3  10   2 303.60
    8   2018 12 09 03:57:37.087    14257.087  0.3313 31.2005 109.8105  12.00   -inf  -nan   8   5  13   5 314.57
    9   2018 12 09 06:47:56.654    24476.654  0.3141 31.0605 110.4005   4.00   -inf  -nan   3   2   5   2 259.19
   10   2018 12 09 06:53:36.808    24816.808  0.2343 30.8505 111.1305   4.00   -inf  -nan   9   8  17   8 210.75
   11   2018 12 09 07:22:43.761    26563.761  0.3781 31.1005 109.9405   8.00   -inf  -nan   8   6  14   5 232.93
   12   2018 12 09 07:46:40.128    28000.128  0.3769 30.8105 111.2905   4.00   -inf  -nan   8   7  15   6 314.03
   13   2018 12 09 08:52:30.425    31950.425  0.1844 30.8505 111.1705   6.00   -inf  -nan   7   4  11   4 291.45
   14   2018 12 09 09:18:04.965    33484.965  0.2479 31.1005 110.3405   8.00   -inf  -nan   9   5  14   5 167.04
   15   2018 12 09 09:28:19.082    34099.082  0.2977 30.9005 110.7005   6.00   -inf  -nan  13   6  19   6  99.58
   16   2018 12 09 14:02:41.737    50561.737  0.1214 30.8905 111.0405   4.00   -inf  -nan   6   2   8   2  98.74
   17   2018 12 09 14:45:14.050    53114.050  0.4513 31.1805 110.3405   0.00   -inf  -nan   3   3   6   3 290.03
   18   2018 12 09 15:29:58.323    55798.323  0.1881 30.8905 111.1305   4.00   -inf  -nan   5   2   7   2 164.15
   19   2018 12 09 15:33:44.107    56024.107  0.2245 31.0705 110.4405   8.00   -inf  -nan   4   4   8   4 265.80
   20   2018 12 09 15:36:11.377    56171.377  0.2502 30.9505 110.8605  12.00   -inf  -nan  10  11  21  10 109.34
   21   2018 12 09 15:57:34.415    57454.415  0.3836 31.1405 110.2505   6.00   -inf  -nan   6   2   8   2 145.32
   22   2018 12 09 17:13:46.888    62026.888  0.3525 31.0505 110.2305   4.00   -inf  -nan   7   9  16   7 133.33
   23   2018 12 09 17:14:44.714    62084.714  0.1965 31.0005 110.1305   8.00   -inf  -nan   5   5  10   4 262.93
   24   2018 12 09 18:59:53.019    68393.019  0.1900 30.9705 110.2305   6.00   -inf  -nan   4   2   6   2 244.39
   25   2018 12 09 20:30:42.439    73842.439  0.3944 31.1405 110.2905   0.00   -inf  -nan   4   2   6   1 160.60
   26   2018 12 09 22:04:32.415    79472.415  0.3008 31.0505 110.4505  10.00   -inf  -nan  20  16  36  15 106.33
   27   2018 12 09 22:12:59.985    79979.985  0.1934 30.8905 111.0405   4.00   -inf  -nan   5   3   8   3 146.75
   28   2018 12 09 22:19:58.148    80398.148  0.2966 30.8905 111.0105   4.00   -inf  -nan   6   2   8   2 169.59
   29   2018 12 09 23:23:43.160    84223.160  0.2305 30.8505 111.1305   4.00   -inf  -nan  14  11  25  11 210.25
   30   2018 12 09 23:26:01.068    84361.068  0.2371 30.8505 111.1305   4.00   -inf  -nan  14   5  19   5 210.25
    1   2018 12 10 01:54:00.575     6840.575  0.2856 31.0405 110.2005   8.00   -inf  -nan   7   8  15   6 119.23
    2   2018 12 10 03:00:50.157    10850.157  0.2434 30.8505 111.2105   0.00   -inf  -nan   3   2   5   2 316.74
    3   2018 12 10 03:48:48.277    13728.277  0.3270 31.0605 110.4405   4.00   -inf  -nan   5   4   9   4 216.40
    4   2018 12 10 05:45:29.424    20729.424  0.3477 30.8105 111.1705   8.00   -inf  -nan  10   8  18   8 249.55
    5   2018 12 10 07:01:21.847    25281.847  0.2960 31.0605 110.4405   4.00   -inf  -nan   3   3   6   2 216.40
    6   2018 12 10 07:09:41.878    25781.878  0.3046 31.0205 109.7805  10.00   -inf  -nan   4   2   6   1 267.00
    7   2018 12 10 07:13:26.745    26006.745  0.2923 31.0205 109.8905   2.00   -inf  -nan   3   2   5   2 211.61
    8   2018 12 10 07:14:41.916    26081.916  0.3937 30.8705 110.9405   2.00   -inf  -nan   8   3  11   2 128.04
    9   2018 12 10 07:15:24.624    26124.624  0.2221 31.1205 109.8405  14.00   -inf  -nan   3   3   6   2 294.62
   10   2018 12 10 07:16:54.193    26214.193  0.4006 31.0605 109.7805   4.00   -inf  -nan   6   4  10   3 266.25
   11   2018 12 10 07:39:31.750    27571.750  0.2364 31.1605 109.7605   6.00   -inf  -nan   3   2   5   1 314.80
   12   2018 12 10 07:52:39.141    28359.141  0.1252 31.2005 109.8405   4.00   -inf  -nan   4   3   7   3 311.82
   13   2018 12 10 08:10:38.755    29438.755  0.1548 30.8505 111.1305   4.00   -inf  -nan   8   6  14   4 283.92
   14   2018 12 10 09:09:06.560    32946.560  0.3811 31.0605 110.4005   4.00   -inf  -nan   3   2   5   2 256.43
   15   2018 12 10 11:34:36.777    41676.777  0.4208 30.8105 111.0905  14.00   -inf  -nan   3   2   5   2 277.15
   16   2018 12 10 13:42:35.755    49355.755  0.1315 31.1805 110.1705  10.00   -inf  -nan   3   3   6   3 123.15
   17   2018 12 10 13:49:41.739    49781.739  0.3843 30.8905 111.1705   6.00   -inf  -nan   5   2   7   2 206.94
   18   2018 12 10 14:41:27.852    52887.852  0.3233 31.1805 110.1305   8.00   -inf  -nan   3   2   5   2 140.16
   19   2018 12 10 16:13:38.006    58418.006  0.2051 30.9305 110.8005  10.00   -inf  -nan   9  12  21   9  91.38
   20   2018 12 10 16:41:21.547    60081.547  0.2057 30.9305 110.7905  10.00   -inf  -nan  14  11  25  11  88.07
   21   2018 12 10 16:56:02.607    60962.607  0.1683 30.9305 110.3305   8.00   -inf  -nan   3   4   7   3 128.18
   22   2018 12 10 17:51:04.478    64264.478  0.1220 31.0805 110.1705   4.00   -inf  -nan   4   5   9   3 254.55
   23   2018 12 10 17:57:56.079    64676.079  0.2656 30.8005 110.2105   0.00   -inf  -nan   3   4   7   3 278.44
   24   2018 12 10 18:00:47.942    64847.942  0.2990 31.0905 110.2305   2.00   -inf  -nan   6   5  11   5 176.97
   25   2018 12 10 19:10:41.940    69041.940  0.2119 31.1405 110.2905   0.00   -inf  -nan   6   3   9   3 138.84
   26   2018 12 10 19:48:42.148    71322.148  0.3376 31.0505 110.4605   6.00   -inf  -nan  15  13  28  13 111.60
   27   2018 12 10 20:14:05.529    72845.529  0.2130 30.8905 111.1305   6.00   -inf  -nan   6   5  11   5 164.15
   28   2018 12 10 20:16:40.013    73000.013  0.2174 30.8905 111.1305   6.00   -inf  -nan   7   3  10   3 164.15
   29   2018 12 10 21:53:52.552    78832.552  0.2091 31.1305 110.3805   4.00   -inf  -nan   4   2   6   2 161.35
   30   2018 12 10 22:37:38.886    81458.886  0.1228 31.1705 110.3405   0.00   -inf  -nan   3   2   5   2 252.38
   31   2018 12 10 23:42:26.763    85346.763  0.3362 30.8505 111.1305   4.00   -inf  -nan   9   8  17   7 210.25
   32   2018 12 10 23:47:17.482    85637.482  0.4394 30.9805 110.9305   4.00   -inf  -nan   3   2   5   1 203.68
    1   2018 12 11 02:16:32.181     8192.181  0.4508 30.8505 111.2905   2.00   -inf  -nan   5   2   7   1 301.63
    2   2018 12 11 03:45:58.466    13558.466  0.2865 31.1605 109.7205   2.00   -inf  -nan   4   2   6   2 291.38
    3   2018 12 11 03:51:06.409    13866.409  0.2488 30.9005 110.7205   0.00   -inf  -nan   6   6  12   4 141.84
    4   2018 12 11 03:58:39.984    14319.984  0.1319 30.9305 111.2505  12.00   -inf  -nan   5   5  10   5 303.28
    5   2018 12 11 04:00:52.178    14452.178  0.2702 31.1205 109.8405   2.00   -inf  -nan   4   3   7   3 253.01
    6   2018 12 11 04:15:08.588    15308.588  0.3841 31.0805 109.8405   0.00   -inf  -nan   6   3   9   3 244.82
    7   2018 12 11 04:26:00.019    15960.019  0.3638 31.1005 109.8105   0.00   -inf  -nan  12   5  17   5 259.66
    8   2018 12 11 04:40:06.327    16806.327  0.4706 31.1005 109.7805   2.00   -inf  -nan   8   4  12   3 269.41
    9   2018 12 11 04:47:19.706    17239.706  0.3270 30.9705 111.2805   6.00   -inf  -nan   7   5  12   4 306.32
   10   2018 12 11 04:49:56.101    17396.101  0.3748 31.0505 110.4505   2.00   -inf  -nan  12  11  23   9 106.33
   11   2018 12 11 05:23:59.959    19439.959  0.2529 30.7705 111.2105   6.00   -inf  -nan   7   2   9   2 310.05
   12   2018 12 11 05:34:09.581    20049.581  0.2836 30.7705 111.1705   0.00   -inf  -nan  11   4  15   4 251.57
   13   2018 12 11 05:59:03.669    21543.669  0.2435 31.2105 110.3405   0.00   -inf  -nan   7   5  12   5 235.59
   14   2018 12 11 07:16:37.245    26197.245  0.3367 30.8105 111.2905   0.00   -inf  -nan   5   5  10   5 314.03
   15   2018 12 11 08:41:07.980    31267.980  0.2877 31.1605 110.3205   6.00   -inf  -nan   6   3   9   2 164.95
   16   2018 12 11 09:07:38.982    32858.982  0.3303 31.0905 110.4705   2.00   -inf  -nan   5   4   9   4 233.19
   17   2018 12 11 09:12:11.775    33131.775  0.3599 31.0505 110.4505  10.00   -inf  -nan  20  15  35  14 106.33
   18   2018 12 11 09:12:57.095    33177.095  0.4271 31.0205 109.8205   2.00   -inf  -nan   8   3  11   3 250.36
   19   2018 12 11 09:15:21.372    33321.372  0.2081 31.0905 110.2305  16.00   -inf  -nan   4   2   6   2 269.58
   20   2018 12 11 09:26:10.232    33970.232  0.3336 31.0205 109.8205   2.00   -inf  -nan   9   5  14   5 250.36
   21   2018 12 11 09:44:55.975    35095.975  0.3559 31.0205 109.7405   2.00   -inf  -nan   9   3  12   3 279.99
   22   2018 12 11 09:45:53.214    35153.214  0.1413 31.1205 109.8405   8.00   -inf  -nan   3   2   5   2 317.97
   23   2018 12 11 09:49:06.708    35346.708  0.3484 31.0505 109.8705   2.00   -inf  -nan   3   3   6   3 306.54
   24   2018 12 11 09:56:04.853    35764.853  0.3147 31.1205 109.8405   0.00   -inf  -nan   3   3   6   2 307.33
   25   2018 12 11 11:03:55.486    39835.486  0.2911 31.1405 110.2905   0.00   -inf  -nan   5   3   8   2 138.84
   26   2018 12 11 12:12:27.888    43947.888  0.3773 31.0605 110.4405   8.00   -inf  -nan   8   8  16   7 113.97
   27   2018 12 11 12:24:22.402    44662.402  0.1729 30.9805 110.4805  16.00   -inf  -nan   4   2   6   2 163.93
   28   2018 12 11 13:44:25.995    49465.995  0.2380 31.0005 109.9605   0.00   -inf  -nan   6   6  12   5 162.28
   29   2018 12 11 14:16:02.353    51362.353  0.1659 31.1805 110.1705  10.00   -inf  -nan   3   2   5   2 123.15
   30   2018 12 11 15:17:30.703    55050.703  0.4042 31.0505 110.4605   0.00   -inf  -nan  10   8  18   7 111.60
   31   2018 12 11 15:31:29.473    55889.473  0.2132 30.7105 110.5805   0.00   -inf  -nan   7   9  16   6 225.13
   32   2018 12 11 15:40:23.966    56423.966  0.1803 31.1805 110.1305  12.00   -inf  -nan   3   2   5   2 140.16
   33   2018 12 11 16:25:57.886    59157.886  0.2128 30.9805 110.7805  10.00   -inf  -nan  12  12  24  11 117.79
   34   2018 12 11 19:23:09.446    69789.446  0.2585 30.8905 111.0405   4.00   -inf  -nan   5   2   7   2 146.75
   35   2018 12 11 19:42:42.715    70962.715  0.2106 30.8905 111.1305   4.00   -inf  -nan   5   4   9   4 164.15
   36   2018 12 11 23:07:41.373    83261.373  0.4217 31.1005 110.2805   0.00   -inf  -nan   7   9  16   7  97.92
   37   2018 12 11 23:20:00.988    84000.988  0.1778 30.8505 111.1305   6.00   -inf  -nan  14   9  23   8 210.25
   38   2018 12 11 23:23:09.904    84189.904  0.3580 30.8105 111.1605   6.00   -inf  -nan  14   7  21   7 238.50
   39   2018 12 11 23:39:10.082    85150.082  0.1029 31.1705 110.3805   6.00   -inf  -nan   3   2   5   2 265.54
    1   2018 12 12 01:55:58.443     6958.443  0.1389 31.0205 111.1505   6.00   -inf  -nan   3   2   5   2 231.94
    2   2018 12 12 02:03:07.236     7387.236  0.3099 30.9805 110.0205  12.00   -inf  -nan   7   5  12   4 130.08
    3   2018 12 12 02:25:27.496     8727.496  0.0642 30.8105 111.2505  12.00   -inf  -nan   6   2   8   2 309.78
    4   2018 12 12 02:31:12.650     9072.650  0.3322 30.8505 111.2505   2.00   -inf  -nan   5   2   7   1 284.34
    5   2018 12 12 03:46:08.477    13568.477  0.2671 31.2005 110.0405  14.00   -inf  -nan   4   2   6   1 194.12
    6   2018 12 12 03:46:15.516    13575.516  0.1956 30.9305 111.3605  10.00   -inf  -nan   4   5   9   3 317.82
    7   2018 12 12 03:47:46.948    13666.948  0.1057 30.9305 111.4005  10.00   -inf  -nan   5   3   8   3 321.20
    8   2018 12 12 03:55:38.963    14138.963  0.4155 30.8905 110.3705   4.00   -inf  -nan   3   2   5   2 215.49
    9   2018 12 12 05:28:19.126    19699.126  0.1512 31.0105 110.4305   8.00   -inf  -nan   3   4   7   3 130.08
   10   2018 12 12 05:57:33.636    21453.636  0.2898 30.8505 111.1305   4.00   -inf  -nan  10   7  17   7 210.25
   11   2018 12 12 06:08:43.636    22123.636  0.2749 31.1805 110.1705  10.00   -inf  -nan   3   3   6   3 123.15
   12   2018 12 12 06:48:42.960    24522.960  0.1009 30.6905 111.1705   4.00   -inf  -nan   4   3   7   1 316.81
   13   2018 12 12 07:27:49.913    26869.913  0.3898 31.1005 109.9705   0.00   -inf  -nan  13  10  23   8 223.11
   14   2018 12 12 08:49:29.199    31769.199  0.1389 30.8505 111.1305   6.00   -inf  -nan  11   8  19   8 210.25
   15   2018 12 12 09:56:33.105    35793.105  0.3162 30.9105 110.6405   6.00   -inf  -nan  14   8  22   6  83.78
   16   2018 12 12 10:06:04.982    36364.982  0.3417 30.9705 111.2105   0.00   -inf  -nan   4   2   6   2 260.90
   17   2018 12 12 14:53:23.657    53603.657  0.2041 31.1505 110.2805   0.00   -inf  -nan   7   2   9   2 161.45
   18   2018 12 12 16:27:49.489    59269.489  0.3354 30.8505 111.0005   6.00   -inf  -nan   4   2   6   1 192.27
   19   2018 12 12 17:23:21.959    62601.959  0.3813 31.0605 110.3205   4.00   -inf  -nan  14  13  27  11  69.59
   20   2018 12 12 17:25:49.833    62749.833  0.3493 31.1705 110.4205   0.00   -inf  -nan  11  10  21   9 166.79
   21   2018 12 12 18:39:50.436    67190.436  0.4484 31.0305 110.4405  10.00   -inf  -nan   4   6  10   3  92.86
   22   2018 12 12 19:47:23.526    71243.526  0.2501 31.0305 110.4805  16.00   -inf  -nan   3   5   8   3 142.66
   23   2018 12 12 21:48:40.390    78520.390  0.2523 31.1705 110.3405   0.00   -inf  -nan   4   2   6   2 224.34
   24   2018 12 12 22:03:58.442    79438.442  0.2238 30.9305 111.2005   2.00   -inf  -nan   4   2   6   2 279.86
   25   2018 12 12 22:09:45.827    79785.827  0.4824 31.1305 110.3105   0.00   -inf  -nan   3   2   5   1 165.98
   26   2018 12 12 23:41:42.577    85302.577  0.1294 30.8505 111.1305   6.00   -inf  -nan  12   5  17   5 210.25
   27   2018 12 12 23:54:52.149    86092.149  0.1665 30.8505 111.1305   6.00   -inf  -nan  11   7  18   7 210.25
    1   2018 12 13 00:20:31.014     1231.014  0.2222 30.7805 110.7705  10.00   -inf  -nan   6   9  15   6 110.23
    2   2018 12 13 02:45:23.262     9923.262  0.1441 30.7705 110.7605   8.00   -inf  -nan   3   4   7   3 124.90
    3   2018 12 13 02:54:52.616    10492.616  0.2944 30.7805 110.7605  12.00   -inf  -nan   8   9  17   8 124.85
    4   2018 12 13 04:00:13.409    14413.409  0.3950 31.2705 110.8405   4.00   -inf  -nan  11   6  17   4 248.80
    5   2018 12 13 04:15:14.941    15314.941  0.4444 31.2205 111.0305   6.00   -inf  -nan   5   2   7   1 274.79
    6   2018 12 13 04:30:08.085    16208.085  0.2476 31.0205 111.2705   0.00   -inf  -nan   7   3  10   3 285.69
    7   2018 12 13 04:34:02.152    16442.152  0.2323 31.2005 110.0405   6.00   -inf  -nan   9   5  14   4 173.24
    8   2018 12 13 05:32:37.282    19957.282  0.1567 31.3005 110.2105   0.00   -inf  -nan   5   2   7   1 242.04
    9   2018 12 13 07:46:25.913    27985.913  0.2952 30.8505 111.1705   4.00   -inf  -nan   7   6  13   5 293.45
   10   2018 12 13 08:28:14.959    30494.959  0.1829 30.8505 111.1705   6.00   -inf  -nan   5   2   7   2 293.45
   11   2018 12 13 09:13:41.793    33221.793  0.2260 30.7805 110.9305   4.00   -inf  -nan   5   3   8   3 157.56
   12   2018 12 13 11:08:07.928    40087.928  0.3492 31.0505 110.2305   4.00   -inf  -nan   8   5  13   5  86.23
   13   2018 12 13 13:31:11.931    48671.931  0.1328 30.8905 111.1305   4.00   -inf  -nan   5   2   7   2 164.15
   14   2018 12 13 13:45:46.635    49546.635  0.3021 31.2105 110.3405   0.00   -inf  -nan   7   2   9   2 191.36
   15   2018 12 13 15:49:19.127    56959.127  0.4062 31.2105 110.3405   0.00   -inf  -nan   4   3   7   2 219.89
   16   2018 12 13 16:13:00.076    58380.076  0.1617 30.8505 111.1305   8.00   -inf  -nan   3   3   6   3 232.15
   17   2018 12 13 16:45:22.345    60322.345  0.1679 31.1705 110.5505   6.00   -inf  -nan   5   2   7   2 206.79
   18   2018 12 13 20:27:22.413    73642.413  0.2053 31.1205 110.1205   2.00   -inf  -nan   5   4   9   3 180.36
   19   2018 12 13 22:58:55.038    82735.038  0.2507 30.8905 111.0405   2.00   -inf  -nan   6   2   8   1  98.74
   20   2018 12 13 23:38:53.586    85133.586  0.1433 30.8505 111.1305   6.00   -inf  -nan  10   5  15   5 210.25
   21   2018 12 13 23:58:06.418    86286.418  0.1747 30.8905 111.1305   6.00   -inf  -nan   5   3   8   3 164.15
    1   2018 12 14 00:47:11.314     2831.314  0.3317 31.0505 110.4605   6.00   -inf  -nan  13  12  25  11 111.60
    2   2018 12 14 00:48:52.121     2932.121  0.2307 31.0505 110.4705  14.00   -inf  -nan   4   4   8   4 159.22
    3   2018 12 14 00:51:18.585     3078.585  0.3429 30.8505 111.1605   6.00   -inf  -nan  10   9  19   7 225.53
    4   2018 12 14 00:58:26.674     3506.674  0.4302 31.0505 110.4305  12.00   -inf  -nan   4   6  10   4 110.61
    5   2018 12 14 01:05:32.423     3932.423  0.3567 31.0205 110.4405   8.00   -inf  -nan  14   8  22   7  87.12
    6   2018 12 14 02:18:13.851     8293.851  0.2394 30.8105 111.2805   2.00   -inf  -nan   4   4   8   3 307.17
    7   2018 12 14 03:48:56.163    13736.163  0.1936 30.8905 111.1305   6.00   -inf  -nan   3   2   5   2 164.15
    8   2018 12 14 03:55:22.016    14122.016  0.3334 31.1005 109.9805   0.00   -inf  -nan  13   7  20   6 219.81
    9   2018 12 14 04:28:22.154    16102.154  0.4264 31.1205 109.8805   0.00   -inf  -nan  10   5  15   5 293.10
   10   2018 12 14 04:48:30.597    17310.597  0.4529 31.0805 109.8405   2.00   -inf  -nan   8   6  14   6 244.82
   11   2018 12 14 05:07:36.595    18456.595  0.3313 31.1005 109.7805   6.00   -inf  -nan   4   3   7   2 269.41
   12   2018 12 14 05:11:07.852    18667.852  0.2818 31.2905 110.3505   0.00   -inf  -nan   4   2   6   2 241.12
   13   2018 12 14 06:41:33.157    24093.157  0.2532 31.0205 109.9005   6.00   -inf  -nan   3   3   6   2 205.32
   14   2018 12 14 06:45:55.876    24355.876  0.2432 30.8505 111.1305   4.00   -inf  -nan   9   7  16   7 210.25
   15   2018 12 14 07:46:57.784    28017.784  0.1860 30.8105 111.2805   8.00   -inf  -nan   5   5  10   3 294.33
   16   2018 12 14 08:26:22.392    30382.392  0.3388 30.8305 110.4805   6.00   -inf  -nan   3   2   5   2 244.20
   17   2018 12 14 08:36:31.066    30991.066  0.2323 31.0505 110.1105  12.00   -inf  -nan   3   2   5   2 139.96
   18   2018 12 14 11:22:42.545    40962.545  0.2015 31.0205 110.4405  10.00   -inf  -nan   3   4   7   3 166.62
   19   2018 12 14 12:26:00.137    44760.137  0.1474 31.1305 110.3005   0.00   -inf  -nan   5   4   9   3 131.46
   20   2018 12 14 12:30:43.105    45043.105  0.2560 30.9405 109.8605   8.00   -inf  -nan   4   2   6   2 244.93
   21   2018 12 14 14:24:06.318    51846.318  0.3443 31.0205 110.4405   6.00   -inf  -nan  14  11  25  10  87.12
   22   2018 12 14 14:37:33.726    52653.726  0.3270 31.2105 110.3405   0.00   -inf  -nan   6   4  10   4 204.57
   23   2018 12 14 15:28:21.158    55701.158  0.1830 30.8905 111.0105   6.00   -inf  -nan   6   3   9   3  93.56
   24   2018 12 14 18:52:36.426    67956.426  0.4845 30.9005 111.2305   4.00   -inf  -nan   3   2   5   1 289.05
   25   2018 12 14 20:00:30.680    72030.680  0.2477 31.1405 110.2905   0.00   -inf  -nan   7   4  11   4 138.84
   26   2018 12 14 21:59:07.952    79147.952  0.2308 31.1805 110.1305  14.00   -inf  -nan   3   2   5   2 140.16
   27   2018 12 14 22:11:54.134    79914.134  0.2145 30.8905 111.1305   6.00   -inf  -nan   5   3   8   3 164.15
   28   2018 12 14 22:44:11.818    81851.818  0.1524 31.1805 110.1705  12.00   -inf  -nan   3   3   6   3 123.15
   29   2018 12 14 23:32:51.706    84771.706  0.3288 30.8605 111.1305   2.00   -inf  -nan  14   6  20   6 204.21
    1   2018 12 15 01:13:27.484     4407.484  0.1502 30.8505 111.1305   6.00   -inf  -nan   9   5  14   4 210.25
    2   2018 12 15 02:03:21.658     7401.658  0.3097 30.8105 111.2405   4.00   -inf  -nan   5   5  10   5 279.73
    3   2018 12 15 02:19:11.977     8351.977  0.2555 30.8105 111.2805   0.00   -inf  -nan   9   7  16   6 287.89
    4   2018 12 15 02:25:56.820     8756.820  0.4313 31.0205 110.4405   6.00   -inf  -nan  12  10  22   8  87.12
    5   2018 12 15 03:07:12.968    11232.968  0.1023 31.1605 109.8805  10.00   -inf  -nan   3   2   5   2 318.74
    6   2018 12 15 03:41:25.030    13285.030  0.3047 31.3005 110.8205   0.00   -inf  -nan  16   6  22   6 237.03
    7   2018 12 15 04:08:59.449    14939.449  0.2058 30.8905 111.4005   6.00   -inf  -nan   6   4  10   4 327.85
    8   2018 12 15 04:09:36.221    14976.221  0.3720 30.8505 111.4405  10.00   -inf  -nan   8   5  13   3 322.40
    9   2018 12 15 04:10:16.188    15016.188  0.1985 30.9305 111.4005   8.00   -inf  -nan   7   4  11   4 321.20
   10   2018 12 15 04:24:22.282    15862.282  0.4017 31.1405 110.2505   0.00   -inf  -nan   4   6  10   4 119.07
   11   2018 12 15 04:34:34.777    16474.777  0.2969 31.0005 110.4505   0.00   -inf  -nan  18   7  25   5  78.47
   12   2018 12 15 05:01:46.815    18106.815  0.2701 30.7305 111.2105   2.00   -inf  -nan   6   3   9   3 284.08
   13   2018 12 15 05:04:44.366    18284.366  0.1956 31.0605 109.8605   2.00   -inf  -nan   4   2   6   2 232.70
   14   2018 12 15 05:08:32.575    18512.575  0.2352 30.9405 110.7805   6.00   -inf  -nan   7   8  15   6  92.21
   15   2018 12 15 06:05:27.294    21927.294  0.0612 30.8105 111.2805  10.00   -inf  -nan   3   2   5   2 313.64
   16   2018 12 15 06:23:36.771    23016.771  0.2127 31.2105 110.3505   0.00   -inf  -nan   5   2   7   2 267.56
   17   2018 12 15 06:29:37.373    23377.373  0.2770 31.1705 110.3805   0.00   -inf  -nan   6   2   8   1 174.23
   18   2018 12 15 06:32:53.915    23573.915  0.3655 31.0905 110.2205   0.00   -inf  -nan   5   6  11   4 134.03
   19   2018 12 15 06:40:53.386    24053.386  0.4542 31.2105 110.3805   0.00   -inf  -nan   7   3  10   2 210.16
   20   2018 12 15 07:04:25.798    25465.798  0.3605 31.1205 110.0005  14.00   -inf  -nan  15   4  19   4 215.71
   21   2018 12 15 07:18:48.323    26328.323  0.2081 30.8505 111.1305   4.00   -inf  -nan   9   6  15   6 210.25
   22   2018 12 15 07:21:47.788    26507.788  0.4310 31.1305 110.2305   2.00   -inf  -nan   7   6  13   5 101.40
   23   2018 12 15 08:30:53.400    30653.400  0.3324 30.7805 110.9305   2.00   -inf  -nan   6   6  12   4 157.56
   24   2018 12 15 09:08:00.241    32880.241  0.2041 30.9305 111.2805   6.00   -inf  -nan  11   5  16   5 309.08
   25   2018 12 15 09:25:59.428    33959.428  0.3193 30.8105 110.9205   6.00   -inf  -nan   8   6  14   5  90.01
   26   2018 12 15 09:51:28.211    35488.211  0.1326 30.8905 111.1305   6.00   -inf  -nan   3   2   5   2 164.15
   27   2018 12 15 10:05:16.619    36316.619  0.4290 31.0605 110.4405   0.00   -inf  -nan   3   4   7   3 210.88
   28   2018 12 15 10:56:20.051    39380.051  0.3853 31.0305 110.4805  12.00   -inf  -nan   5   6  11   5  98.79
   29   2018 12 15 11:03:29.325    39809.325  0.3259 31.0905 110.7505  14.00   -inf  -nan   3   3   6   3 190.37
   30   2018 12 15 13:15:31.531    47731.531  0.2444 30.8605 110.5605   0.00   -inf  -nan   3   2   5   2 240.54
   31   2018 12 15 14:08:27.176    50907.176  0.3231 31.0805 110.2405   0.00   -inf  -nan   5   7  12   5 127.67
   32   2018 12 15 14:13:32.176    51212.176  0.4453 31.1705 110.3005   0.00   -inf  -nan   5   2   7   2 204.22
   33   2018 12 15 14:27:39.229    52059.229  0.0846 31.1805 110.1705  10.00   -inf  -nan   3   3   6   3 123.15
   34   2018 12 15 14:41:58.527    52918.527  0.2823 31.0205 110.4405   2.00   -inf  -nan   4   5   9   4 166.62
   35   2018 12 15 15:24:55.154    55495.154  0.3489 31.1405 110.2905   0.00   -inf  -nan   9   2  11   2 138.84
   36   2018 12 15 16:25:06.408    59106.408  0.3860 31.0105 110.4705   0.00   -inf  -nan   9   8  17   8  85.46
   37   2018 12 15 17:29:49.286    62989.286  0.1767 31.1705 110.3505   0.00   -inf  -nan   5   2   7   2 232.44
   38   2018 12 15 22:16:46.508    80206.508  0.1329 31.1605 110.0805   6.00   -inf  -nan   3   2   5   2 191.00
   39   2018 12 15 23:01:29.410    82889.410  0.4767 31.2305 110.2005   0.00   -inf  -nan   3   2   5   1 225.17
   40   2018 12 15 23:42:05.706    85325.706  0.1539 30.8505 111.1305   6.00   -inf  -nan  11   7  18   5 210.25
    1   2018 12 16 00:42:46.258     2566.258  0.2238 30.8905 111.1305   0.00   -inf  -nan   3   2   5   2 164.15
    2   2018 12 16 02:18:05.158     8285.158  0.2983 30.9005 111.2305  12.00   -inf  -nan   4   2   6   1 303.86
    3   2018 12 16 02:50:20.896    10220.896  0.3372 30.8905 110.7205   0.00   -inf  -nan  13   9  22   9  97.68
    4   2018 12 16 03:05:14.060    11114.060  0.3920 31.2605 110.2105   0.00   -inf  -nan   5   3   8   3 240.44
    5   2018 12 16 03:40:09.359    13209.359  0.3854 31.1005 109.7805   6.00   -inf  -nan   6   4  10   4 269.41
    6   2018 12 16 03:47:32.316    13652.316  0.3945 31.1205 109.8405   0.00   -inf  -nan   7   4  11   2 294.62
    7   2018 12 16 04:13:10.776    15190.776  0.3698 30.9205 110.3205  18.00   -inf  -nan   3   2   5   1 172.32
    8   2018 12 16 04:17:10.277    15430.277  0.1149 31.1805 111.0305  10.00   -inf  -nan   5   2   7   2 267.14
    9   2018 12 16 05:02:37.107    18157.107  0.2915 31.2405 110.0405   6.00   -inf  -nan   7   4  11   4 237.39
   10   2018 12 16 05:57:17.238    21437.238  0.4127 30.9705 110.3905   0.00   -inf  -nan  14   9  23   8  92.49
   11   2018 12 16 06:15:34.521    22534.521  0.4480 31.2805 110.9005   0.00   -inf  -nan   7   6  13   3 255.71
   12   2018 12 16 06:24:10.796    23050.796  0.3633 31.1405 110.0105  10.00   -inf  -nan  13   7  20   5 203.26
   13   2018 12 16 06:28:37.194    23317.194  0.3384 30.9405 111.2705   2.00   -inf  -nan   5   3   8   3 306.46
   14   2018 12 16 06:38:03.147    23883.147  0.2322 30.8105 111.2805   8.00   -inf  -nan   7   6  13   5 287.89
   15   2018 12 16 06:49:30.335    24570.335  0.1621 30.8705 111.0605   4.00   -inf  -nan   4   2   6   2 257.89
   16   2018 12 16 06:59:13.297    25153.297  0.3067 30.8105 111.2805   6.00   -inf  -nan   7   3  10   3 294.33
   17   2018 12 16 07:35:02.961    27302.961  0.3837 31.0205 110.4405   6.00   -inf  -nan  15  15  30  11  87.12
   18   2018 12 16 09:17:47.599    33467.599  0.1873 30.8505 111.1305   6.00   -inf  -nan  11   6  17   6 210.25
   19   2018 12 16 10:02:30.388    36150.388  0.3240 31.0505 110.4605   0.00   -inf  -nan   6   6  12   5 111.60
   20   2018 12 16 10:02:44.023    36164.023  0.1543 30.8505 111.1305   4.00   -inf  -nan   5   4   9   4 318.48
   21   2018 12 16 10:26:36.406    37596.406  0.3159 31.1705 110.5505   0.00   -inf  -nan   4   2   6   2 206.79
   22   2018 12 16 11:42:08.898    42128.898  0.3175 31.0505 110.4705   8.00   -inf  -nan   6   8  14   6 113.45
   23   2018 12 16 13:29:34.058    48574.058  0.4518 31.2605 110.6205   0.00   -inf  -nan   3   2   5   2 282.08
   24   2018 12 16 14:53:54.043    53634.043  0.2845 31.0505 110.4505   6.00   -inf  -nan  11   7  18   7 109.19
   25   2018 12 16 14:55:49.646    53749.646  0.1607 30.8505 111.1605   2.00   -inf  -nan   3   2   5   2 227.22
   26   2018 12 16 16:27:02.650    59222.650  0.2958 30.7505 110.7805  14.00   -inf  -nan   8   7  15   6 143.65
   27   2018 12 16 16:33:57.555    59637.555  0.1829 31.1605 110.3205   6.00   -inf  -nan   8   2  10   2 164.95
   28   2018 12 16 16:49:00.366    60540.366  0.2190 30.8505 111.1605   6.00   -inf  -nan   4   3   7   3 227.22
   29   2018 12 16 16:50:01.571    60601.571  0.2877 30.7905 110.7605  10.00   -inf  -nan   7   7  14   6 100.42
   30   2018 12 16 17:57:39.174    64659.174  0.3110 31.2505 110.3105   2.00   -inf  -nan   5   3   8   3 284.78
   31   2018 12 16 19:08:12.069    68892.069  0.3868 31.1805 110.1705  12.00   -inf  -nan   3   3   6   2 123.15
   32   2018 12 16 19:21:20.672    69680.672  0.3588 31.1305 110.5105   8.00   -inf  -nan   3   2   5   1 191.61
   33   2018 12 16 22:27:30.558    80850.558  0.1611 31.1205 110.0405   0.00   -inf  -nan   3   2   5   2 222.91
   34   2018 12 16 23:27:53.774    84473.774  0.2162 30.8505 111.1305   6.00   -inf  -nan  10   8  18   8 210.25
    1   2018 12 17 01:34:46.948     5686.948  0.3362 31.0605 110.8105   2.00   -inf  -nan  13  13  26  13 105.05
    2   2018 12 17 01:37:57.282     5877.282  0.2609 31.0905 110.3405   6.00   -inf  -nan   3   4   7   2 153.81
    3   2018 12 17 02:22:24.074     8544.074  0.3458 30.8505 111.1705   2.00   -inf  -nan   7   6  13   5 231.43
    4   2018 12 17 03:37:18.864    13038.864  0.2238 31.1605 109.7605   6.00   -inf  -nan   5   2   7   2 329.81
    5   2018 12 17 04:02:14.459    14534.459  0.1696 30.9305 111.2905   6.00   -inf  -nan   3   4   7   1 335.35
    6   2018 12 17 06:18:11.155    22691.155  0.3438 30.8105 111.2805   4.00   -inf  -nan  11  10  21   8 287.89
    7   2018 12 17 06:33:48.022    23628.022  0.2803 31.1205 110.0405   6.00   -inf  -nan  13   5  18   5 185.39
    8   2018 12 17 06:41:37.230    24097.230  0.3685 30.9005 110.7205   4.00   -inf  -nan  15   8  23   7  94.62
    9   2018 12 17 07:16:11.975    26171.975  0.2647 30.8505 111.1305   8.00   -inf  -nan   7   7  14   7 210.25
   10   2018 12 17 07:42:05.223    27725.223  0.3668 30.9705 110.3705   4.00   -inf  -nan  12   3  15   2  88.31
   11   2018 12 17 07:58:05.115    28685.115  0.4422 31.1005 109.8105   2.00   -inf  -nan   4   3   7   3 259.66
   12   2018 12 17 08:04:03.814    29043.814  0.1841 31.1605 109.8405  10.00   -inf  -nan   4   5   9   4 303.60
   13   2018 12 17 08:07:49.232    29269.232  0.3748 31.0605 109.8205   6.00   -inf  -nan   4   3   7   3 251.04
   14   2018 12 17 09:03:44.618    32624.618  0.2289 31.4005 110.0805   0.00   -inf  -nan   3   3   6   3 286.48
   15   2018 12 17 09:47:13.569    35233.569  0.1781 31.0605 109.7405   0.00   -inf  -nan   5   2   7   2 278.60
   16   2018 12 17 10:30:57.638    37857.638  0.4979 31.2505 110.5605  12.00   -inf  -nan   3   5   8   1 250.30
   17   2018 12 17 14:04:02.413    50642.413  0.0867 30.8905 111.0405   4.00   -inf  -nan   5   2   7   2 184.88
   18   2018 12 17 14:58:00.903    53880.903  0.2307 30.8605 110.7405  10.00   -inf  -nan   9   9  18   8  99.04
   19   2018 12 17 16:05:57.574    57957.574  0.1189 30.9205 109.8505  10.00   -inf  -nan   4   3   7   3 269.11
   20   2018 12 17 16:23:27.039    59007.039  0.3866 31.0505 110.4505  10.00   -inf  -nan  18  14  32  13 106.33
   21   2018 12 17 16:28:15.597    59295.597  0.1929 30.8505 111.1605   4.00   -inf  -nan   4   3   7   3 227.22
   22   2018 12 17 18:04:34.679    65074.679  0.3688 31.1405 110.2905   0.00   -inf  -nan   9   5  14   5 138.84
   23   2018 12 17 19:26:40.632    70000.632  0.2269 31.1805 110.3705   2.00   -inf  -nan   3   2   5   2 244.87
   24   2018 12 17 19:56:21.861    71781.861  0.1552 31.1305 110.4205   8.00   -inf  -nan   3   3   6   3 323.03
   25   2018 12 17 20:25:04.715    73504.715  0.3504 31.0505 110.4605   0.00   -inf  -nan   8   9  17   8 111.60
   26   2018 12 17 23:06:51.293    83211.293  0.1244 31.0205 110.8705  18.00   -inf  -nan   5   5  10   5 134.05
    1   2018 12 18 01:10:57.042     4257.042  0.1698 30.8505 111.1305   4.00   -inf  -nan   7   5  12   5 210.25
    2   2018 12 18 01:11:42.067     4302.067  0.2189 30.8505 111.1305   6.00   -inf  -nan   6   7  13   6 210.25
    3   2018 12 18 02:56:31.537    10591.537  0.4660 31.0905 110.4905  10.00   -inf  -nan   3   2   5   1 161.99
    4   2018 12 18 03:45:16.339    13516.339  0.2678 30.8105 111.1705   8.00   -inf  -nan   3   3   6   1 268.90
    5   2018 12 18 03:55:06.013    14106.013  0.3599 31.2905 110.2205   0.00   -inf  -nan   3   2   5   2 255.13
    6   2018 12 18 04:10:56.403    15056.403  0.3131 30.7705 111.1305   0.00   -inf  -nan   6   3   9   3 239.11
    7   2018 12 18 04:16:18.315    15378.315  0.4971 31.0605 110.3205   0.00   -inf  -nan   7  10  17   7  70.00
    8   2018 12 18 04:41:10.323    16870.323  0.3019 30.9705 110.3905   0.00   -inf  -nan  12   3  15   3  92.49
    9   2018 12 18 05:49:32.322    20972.322  0.2301 31.2805 109.8405  10.00   -inf  -nan   5   3   8   3 318.99
   10   2018 12 18 06:02:56.987    21776.987  0.3407 31.1205 110.0405   6.00   -inf  -nan  12   4  16   4 185.39
   11   2018 12 18 06:14:05.725    22445.725  0.2641 30.8505 111.1305   4.00   -inf  -nan  11  10  21   9 210.75
   12   2018 12 18 06:15:27.308    22527.308  0.2813 30.7405 109.9005   0.00   -inf  -nan   3   3   6   2 278.13
   13   2018 12 18 06:15:40.160    22540.160  0.2993 30.8105 111.1605   2.00   -inf  -nan  11   4  15   4 245.30
   14   2018 12 18 06:18:01.973    22681.973  0.1787 30.8505 111.1305   4.00   -inf  -nan   9   6  15   6 210.75
   15   2018 12 18 06:18:55.636    22735.636  0.2756 30.5905 110.7805   0.00   -inf  -nan   6   2   8   1 272.17
   16   2018 12 18 11:11:23.330    40283.330  0.2688 31.1805 110.1705   8.00   -inf  -nan   3   2   5   2 123.15
   17   2018 12 18 12:32:30.536    45150.536  0.1720 30.8905 111.1305   4.00   -inf  -nan   6   2   8   2 164.15
   18   2018 12 18 15:32:15.193    55935.193  0.2994 31.0505 110.4705  12.00   -inf  -nan   6   4  10   3 113.45
   19   2018 12 18 18:22:31.117    66151.117  0.2479 30.8905 111.1305   2.00   -inf  -nan   8   3  11   3 164.15
   20   2018 12 18 18:54:05.400    68045.400  0.2580 31.0505 110.4605   2.00   -inf  -nan   4   5   9   4 157.85
   21   2018 12 18 19:34:54.201    70494.201  0.1844 30.9305 111.2005   4.00   -inf  -nan   3   2   5   2 279.86
   22   2018 12 18 20:06:00.991    72360.991  0.3559 31.1705 110.3105   0.00   -inf  -nan   8   3  11   3 192.35
   23   2018 12 18 20:07:28.660    72448.660  0.1399 31.1705 110.3505   0.00   -inf  -nan   4   2   6   2 232.44
   24   2018 12 18 21:03:19.999    75799.999  0.2841 31.0505 110.4605   6.00   -inf  -nan   9   9  18   8 111.60
   25   2018 12 18 23:18:01.145    83881.145  0.2261 30.8305 111.1405   4.00   -inf  -nan   9   9  18   8 223.39
   26   2018 12 18 23:19:00.671    83940.671  0.2986 30.8505 111.1305   6.00   -inf  -nan  11   8  19   8 210.75
   27   2018 12 18 23:20:46.034    84046.034  0.1711 30.8505 111.1305   6.00   -inf  -nan  14   7  21   7 210.75
   28   2018 12 18 23:27:12.727    84432.727  0.4593 30.8605 111.1505  14.00   -inf  -nan   4   2   6   2 215.44
    1   2018 12 19 02:20:10.328     8410.328  0.2842 31.2105 110.3805   0.00   -inf  -nan   6   2   8   2 210.16
    2   2018 12 19 02:21:56.822     8516.822  0.3386 31.0505 110.2305   8.00   -inf  -nan  16   9  25   9  64.90
    3   2018 12 19 02:24:52.132     8692.132  0.4284 30.8505 111.2405   2.00   -inf  -nan   5   2   7   2 278.91
    4   2018 12 19 02:55:24.236    10524.236  0.3688 30.9405 110.7805  14.00   -inf  -nan   4   3   7   3 118.73
    5   2018 12 19 03:13:39.139    11619.139  0.0464 30.8105 111.2805   8.00   -inf  -nan   4   2   6   2 294.33
    6   2018 12 19 03:41:10.382    13270.382  0.4005 30.9005 110.8905   0.00   -inf  -nan   9   7  16   5  78.54
    7   2018 12 19 03:54:20.651    14060.651  0.3385 30.9005 110.7205   4.00   -inf  -nan  10   7  17   6  94.62
    8   2018 12 19 04:14:42.814    15282.814  0.2582 30.9405 110.7805   8.00   -inf  -nan   7   7  14   6  92.21
    9   2018 12 19 04:16:45.355    15405.355  0.2889 30.9705 111.3605   4.00   -inf  -nan   5   3   8   3 318.51
   10   2018 12 19 04:17:27.500    15447.500  0.2033 30.9305 111.3605   8.00   -inf  -nan   8   5  13   5 317.82
   11   2018 12 19 04:19:38.612    15578.612  0.3679 31.1005 109.7805   2.00   -inf  -nan  10   4  14   3 269.41
   12   2018 12 19 04:21:50.790    15710.790  0.2986 31.1605 109.8105  10.00   -inf  -nan  10   5  15   5 308.48
   13   2018 12 19 04:25:34.145    15934.145  0.2690 30.7905 110.9405   6.00   -inf  -nan  11   3  14   3 155.53
   14   2018 12 19 04:27:16.891    16036.891  0.4620 31.1005 109.7805   6.00   -inf  -nan   5   3   8   3 269.41
   15   2018 12 19 04:39:43.244    16783.244  0.2489 30.7905 110.9405   4.00   -inf  -nan   8   3  11   3 155.53
   16   2018 12 19 04:55:06.482    17706.482  0.4017 31.1305 110.3005   6.00   -inf  -nan   4   2   6   2 131.46
   17   2018 12 19 06:12:11.271    22331.271  0.2593 31.1205 109.8405   6.00   -inf  -nan   3   3   6   2 253.01
   18   2018 12 19 06:59:35.962    25175.962  0.1042 30.8105 111.2805   4.00   -inf  -nan   5   2   7   2 294.33
   19   2018 12 19 07:25:56.919    26756.919  0.2795 30.8105 111.2805  12.00   -inf  -nan   3   5   8   3 294.33
   20   2018 12 19 08:57:34.069    32254.069  0.1497 30.8505 111.1305   4.00   -inf  -nan   7   7  14   6 210.25
   21   2018 12 19 09:35:34.936    34534.936  0.2942 30.8505 111.1305   4.00   -inf  -nan  12  11  23  11 210.25
   22   2018 12 19 12:26:00.362    44760.362  0.3508 30.9405 110.5005   0.00   -inf  -nan   3   3   6   2 112.11
   23   2018 12 19 13:16:04.216    47764.216  0.1913 30.8905 111.1305   4.00   -inf  -nan   7   4  11   4 164.15
   24   2018 12 19 13:16:25.966    47785.966  0.1216 30.9005 110.5005   8.00   -inf  -nan   3   4   7   3 178.91
   25   2018 12 19 16:19:02.900    58742.900  0.3388 31.0505 110.4605   0.00   -inf  -nan   5   7  12   5 111.60
   26   2018 12 19 17:42:35.961    63755.961  0.2034 30.8505 111.1305   8.00   -inf  -nan   3   3   6   3 232.15
   27   2018 12 19 18:29:31.580    66571.580  0.3298 31.0505 110.4605   0.00   -inf  -nan  12  11  23  11 111.60
   28   2018 12 19 20:55:00.441    75300.441  0.1755 31.1705 110.3805   4.00   -inf  -nan   4   2   6   2 251.98
   29   2018 12 19 21:38:11.672    77891.672  0.3026 31.0605 110.4805   8.00   -inf  -nan   3   3   6   3 244.76
   30   2018 12 19 23:13:02.827    83582.827  0.2451 30.8505 111.1305   4.00   -inf  -nan  11   8  19   7 210.25
   31   2018 12 19 23:32:17.472    84737.472  0.2519 30.8505 111.1305   4.00   -inf  -nan  11   8  19   7 210.75
    1   2018 12 20 02:29:33.407     8973.407  0.4749 30.8205 111.2105   2.00   -inf  -nan   8   5  13   5 265.16
    2   2018 12 20 02:43:12.261     9792.261  0.4086 31.2605 110.2105   2.00   -inf  -nan   4   4   8   3 237.56
    3   2018 12 20 03:00:02.009    10802.009  0.1973 31.1805 110.1705  12.00   -inf  -nan   3   3   6   3 123.15
    4   2018 12 20 04:30:20.337    16220.337  0.2925 30.9705 111.2405   4.00   -inf  -nan   8   4  12   4 291.14
    5   2018 12 20 04:32:17.537    16337.537  0.1783 30.9705 111.2405   0.00   -inf  -nan   4   2   6   2 291.14
    6   2018 12 20 05:33:23.457    20003.457  0.2735 30.8705 110.9405   4.00   -inf  -nan   7   3  10   2  93.30
    7   2018 12 20 05:34:02.538    20042.538  0.2280 31.1605 109.8005   2.00   -inf  -nan   3   2   5   2 330.33
    8   2018 12 20 06:28:48.815    23328.815  0.4013 31.1005 109.9705   0.00   -inf  -nan  12  11  23   9 223.11
    9   2018 12 20 06:38:05.820    23885.820  0.2885 30.8105 111.2805  14.00   -inf  -nan   5   3   8   2 294.33
   10   2018 12 20 07:35:22.654    27322.654  0.2645 30.8105 111.1605   2.00   -inf  -nan  13   7  20   7 245.30
   11   2018 12 20 08:01:40.583    28900.583  0.2523 30.8505 111.1305   2.00   -inf  -nan   8   5  13   5 210.75
   12   2018 12 20 08:18:52.969    29932.969  0.2128 30.7705 111.1705  10.00   -inf  -nan   6   2   8   2 263.48
   13   2018 12 20 08:53:12.255    31992.255  0.4762 31.1605 109.7605   2.00   -inf  -nan   8   3  11   3 283.92
   14   2018 12 20 09:19:16.289    33556.289  0.2616 30.9805 110.7905   0.00   -inf  -nan  12   2  14   2  62.86
   15   2018 12 20 10:42:15.798    38535.798  0.2093 30.8105 110.6305  20.00   -inf  -nan   3   2   5   2 179.69
   16   2018 12 20 12:31:49.318    45109.318  0.3150 31.0505 110.4605   6.00   -inf  -nan  11  10  21   9 111.60
   17   2018 12 20 12:32:58.416    45178.416  0.3022 31.0605 110.4605   0.00   -inf  -nan   3   3   6   1 168.29
   18   2018 12 20 13:00:25.440    46825.440  0.3105 31.0205 110.4405   4.00   -inf  -nan   3   3   6   2 128.00
   19   2018 12 20 14:29:46.090    52186.090  0.4336 31.0505 110.2305   6.00   -inf  -nan  13  13  26  11  86.23
   20   2018 12 20 14:45:16.769    53116.769  0.1948 31.1405 110.2905   0.00   -inf  -nan   5   2   7   2 138.84
   21   2018 12 20 15:47:24.551    56844.551  0.4808 31.2205 110.6205   0.00   -inf  -nan   6   3   9   3 236.62
   22   2018 12 20 17:06:43.194    61603.194  0.3122 30.9405 110.7805   8.00   -inf  -nan   5   6  11   3  92.21
   23   2018 12 20 18:09:49.799    65389.799  0.3933 31.1405 110.2505   4.00   -inf  -nan   5   2   7   2 140.32
   24   2018 12 20 19:18:20.869    69500.869  0.4364 30.8105 110.4905   0.00   -inf  -nan   3   2   5   2 255.48
   25   2018 12 20 20:57:19.447    75439.447  0.3352 30.9405 111.2305   4.00   -inf  -nan   5   4   9   4 296.96
   26   2018 12 20 22:13:40.444    80020.444  0.1869 31.1305 110.3005   0.00   -inf  -nan   6   2   8   2 165.46
   27   2018 12 20 23:17:38.144    83858.144  0.2373 30.8505 111.1305   4.00   -inf  -nan  10  11  21   9 210.25
   28   2018 12 20 23:35:32.693    84932.693  0.2444 30.8505 111.1305   4.00   -inf  -nan  14   8  22   8 210.75
   29   2018 12 20 23:46:38.625    85598.625  0.4428 31.0505 110.2305   6.00   -inf  -nan  14  14  28  12  64.90
   30   2018 12 20 23:47:50.463    85670.463  0.2993 31.0505 110.4605   6.00   -inf  -nan   9  13  22   9 111.60
    1   2018 12 21 00:06:41.211      401.211  0.1588 31.0105 110.8405  16.00   -inf  -nan   7   5  12   5 132.16
    2   2018 12 21 02:44:24.344     9864.344  0.1301 30.9305 111.3205   6.00   -inf  -nan   3   2   5   2 315.91
    3   2018 12 21 03:02:33.622    10953.622  0.3879 30.9805 110.4005   0.00   -inf  -nan  14   9  23   7 105.49
    4   2018 12 21 03:44:49.073    13489.073  0.3585 31.2405 110.0405   8.00   -inf  -nan   8   5  13   4 237.39
    5   2018 12 21 04:17:25.342    15445.342  0.3966 30.8505 110.3505   0.00   -inf  -nan   6   8  14   4 181.24
    6   2018 12 21 04:18:52.118    15532.118  0.3215 30.8605 111.0305  12.00   -inf  -nan   5   2   7   2 125.54
    7   2018 12 21 05:29:58.777    19798.777  0.2849 30.9805 110.8005   0.00   -inf  -nan  14   6  20   5 117.26
    8   2018 12 21 06:02:15.493    21735.493  0.2300 30.8505 111.1305   6.00   -inf  -nan   8   7  15   5 210.25
    9   2018 12 21 07:44:50.462    27890.462  0.2618 30.9205 110.0105   8.00   -inf  -nan   6   3   9   2 322.51
   10   2018 12 21 07:57:49.390    28669.390  0.2572 31.0205 110.4405   6.00   -inf  -nan   7   4  11   4 144.10
   11   2018 12 21 08:11:50.946    29510.946  0.2336 31.3405 110.0905   6.00   -inf  -nan   3   2   5   2 290.68
   12   2018 12 21 08:35:14.694    30914.694  0.2440 30.8505 111.1305   4.00   -inf  -nan  10   6  16   5 210.75
   13   2018 12 21 09:03:39.492    32619.492  0.2597 30.9705 111.2905  10.00   -inf  -nan   6   4  10   4 308.19
   14   2018 12 21 09:56:58.480    35818.480  0.0469 31.1305 110.4305  12.00   -inf  -nan   3   2   5   2 197.14
   15   2018 12 21 11:45:23.788    42323.788  0.1493 30.7305 110.3305   6.00   -inf  -nan   3   2   5   1 280.01
   16   2018 12 21 11:53:27.835    42807.835  0.3185 31.0505 110.4605   0.00   -inf  -nan  11  10  21  10 111.60
   17   2018 12 21 12:34:18.274    45258.274  0.2019 30.9405 110.8205   4.00   -inf  -nan   3   3   6   3 209.90
   18   2018 12 21 14:12:40.049    51160.049  0.2488 30.8905 111.0005   6.00   -inf  -nan   5   2   7   2 124.82
   19   2018 12 21 14:51:54.244    53514.244  0.1598 30.8605 110.7605   8.00   -inf  -nan   3   2   5   2 233.64
   20   2018 12 21 15:10:27.201    54627.201  0.1942 30.9305 111.2405   2.00   -inf  -nan   3   2   5   1 321.60
   21   2018 12 21 15:50:39.043    57039.043  0.1981 30.8605 111.1705   8.00   -inf  -nan   6   2   8   2 228.63
   22   2018 12 21 18:18:14.776    65894.776  0.2030 31.1305 110.3005   0.00   -inf  -nan   4   2   6   2 165.46
   23   2018 12 21 21:18:26.903    76706.903  0.1754 30.8905 111.1305   4.00   -inf  -nan   5   3   8   3 164.15
   24   2018 12 21 22:03:00.396    79380.396  0.1498 31.1605 110.0805   2.00   -inf  -nan   4   2   6   2 169.00
   25   2018 12 21 22:24:40.342    80680.342  0.4725 30.9805 110.8205   0.00   -inf  -nan   3   4   7   3 144.98
   26   2018 12 21 23:37:48.177    85068.177  0.2659 30.8505 111.1305   4.00   -inf  -nan  10   8  18   8 210.25
    1   2018 12 22 00:14:10.050      850.050  0.2818 31.1705 110.3005   0.00   -inf  -nan   7   2   9   2 191.55
    2   2018 12 22 00:41:32.997     2492.997  0.3334 31.0205 110.4405   6.00   -inf  -nan  17  14  31  12  87.12
    3   2018 12 22 02:54:52.070    10492.070  0.2360 30.9805 110.4005   2.00   -inf  -nan  13   2  15   1 105.49
    4   2018 12 22 03:11:21.164    11481.164  0.3518 31.1005 109.9805   0.00   -inf  -nan  14   9  23   7 219.81
    5   2018 12 22 03:17:59.164    11879.164  0.3150 31.2905 110.8305   2.00   -inf  -nan  11   2  13   1 268.63
    6   2018 12 22 03:30:24.353    12624.353  0.1853 30.8405 110.0505  18.00   -inf  -nan   3   2   5   1 221.96
    7   2018 12 22 03:42:59.296    13379.296  0.1594 30.7805 111.3105   4.00   -inf  -nan   5   2   7   2 302.37
    8   2018 12 22 04:04:41.730    14681.730  0.4714 30.9405 110.0605  18.00   -inf  -nan   9   2  11   2 151.37
    9   2018 12 22 05:18:42.720    19122.720  0.2393 31.1805 110.1305  12.00   -inf  -nan   3   2   5   2 140.16
   10   2018 12 22 06:26:31.466    23191.466  0.1564 30.8105 111.2805  12.00   -inf  -nan   6   3   9   2 305.50
   11   2018 12 22 06:42:34.285    24154.285  0.2704 30.8105 111.2805   6.00   -inf  -nan  11   7  18   7 294.33
   12   2018 12 22 07:02:39.111    25359.111  0.1820 30.8505 111.1305   6.00   -inf  -nan  13   7  20   7 210.75
   13   2018 12 22 07:40:47.099    27647.099  0.1022 31.1805 110.1705  10.00   -inf  -nan   3   3   6   3 123.15
   14   2018 12 22 08:35:03.932    30903.932  0.1333 30.9705 111.2405   2.00   -inf  -nan   3   3   6   1 291.14
   15   2018 12 22 08:57:07.622    32227.622  0.2851 30.8205 111.1705   2.00   -inf  -nan   6   5  11   5 245.81
   16   2018 12 22 12:13:33.274    44013.274  0.3332 31.1405 110.4805   4.00   -inf  -nan  13  14  27  12 156.94
   17   2018 12 22 17:49:44.096    64184.096  0.4141 31.1705 110.4205   2.00   -inf  -nan  14  14  28  13 166.79
   18   2018 12 22 19:43:33.592    71013.592  0.3008 30.9405 110.7805   6.00   -inf  -nan   9   8  17   8  92.21
   19   2018 12 22 20:10:17.716    72617.716  0.3276 31.1705 110.4705   6.00   -inf  -nan   6   8  14   3 182.72
   20   2018 12 22 20:21:28.138    73288.138  0.2387 31.0505 110.4605   0.00   -inf  -nan   4   6  10   4 111.60
   21   2018 12 22 20:25:10.530    73510.530  0.2302 30.8205 110.7205  10.00   -inf  -nan   3   2   5   2 202.87
   22   2018 12 22 20:39:26.094    74366.094  0.2656 31.2805 110.6605   0.00   -inf  -nan   3   3   6   2 261.63
   23   2018 12 22 21:09:59.849    76199.849  0.3152 31.1705 110.2905   6.00   -inf  -nan  10  10  20  10 161.87
   24   2018 12 22 22:02:16.760    79336.760  0.2688 31.0805 110.0805   6.00   -inf  -nan   9   9  18   8 175.53
   25   2018 12 22 23:26:13.221    84373.221  0.2715 30.8205 111.1705   2.00   -inf  -nan   8   5  13   4 240.25
   26   2018 12 22 23:49:06.082    85746.082  0.4185 31.1405 110.2905   0.00   -inf  -nan   6   3   9   3 138.84
    1   2018 12 23 00:51:48.885     3108.885  0.2763 30.9105 110.7805  10.00   -inf  -nan  13  12  25  12  75.14
    2   2018 12 23 01:02:54.560     3774.560  0.2442 30.8505 111.1305   4.00   -inf  -nan  10   7  17   7 210.75
    3   2018 12 23 03:32:29.000    12749.000  0.2608 30.8105 111.2805   6.00   -inf  -nan   8   3  11   2 294.33
    4   2018 12 23 03:34:45.049    12885.049  0.2743 30.8105 111.2405   4.00   -inf  -nan   8   7  15   6 279.73
    5   2018 12 23 03:58:26.351    14306.351  0.3215 30.8905 110.7205   2.00   -inf  -nan  15   7  22   7  97.68
    6   2018 12 23 04:07:17.830    14837.830  0.2002 30.7305 111.1705   6.00   -inf  -nan   6   5  11   4 276.06
    7   2018 12 23 06:33:31.007    23611.007  0.1276 30.9005 109.6605  14.00   -inf  -nan   4   2   6   2 314.19
    8   2018 12 23 06:51:13.556    24673.556  0.1866 31.0505 110.0205   4.00   -inf  -nan   5   2   7   2 221.11
    9   2018 12 23 07:14:58.257    26098.257  0.2455 31.0005 110.0905   0.00   -inf  -nan   5   2   7   1 199.04
   10   2018 12 23 07:24:18.197    26658.197  0.4241 31.1305 110.3505   0.00   -inf  -nan  12   4  16   3 139.04
   11   2018 12 23 07:39:39.479    27579.479  0.2220 30.7305 111.1305   0.00   -inf  -nan  10   5  15   5 269.15
   12   2018 12 23 07:46:31.837    27991.837  0.3666 31.1005 109.9805   0.00   -inf  -nan  13   7  20   6 219.81
   13   2018 12 23 08:22:47.779    30167.779  0.1845 30.8505 111.1305   4.00   -inf  -nan  10   8  18   8 210.75
   14   2018 12 23 10:20:25.474    37225.474  0.3584 30.9905 110.8005   0.00   -inf  -nan  15   9  24   9  67.62
   15   2018 12 23 18:12:10.898    65530.898  0.1986 31.0805 110.2505   4.00   -inf  -nan   6   6  12   4 127.13
   16   2018 12 23 18:15:45.967    65745.967  0.1368 31.1705 110.3405   8.00   -inf  -nan   4   2   6   2 206.23
   17   2018 12 23 18:59:28.201    68368.201  0.0888 31.1805 110.1705  14.00   -inf  -nan   3   2   5   2 123.15
   18   2018 12 23 19:36:28.545    70588.545  0.1929 31.1605 110.2405   8.00   -inf  -nan   8   4  12   4 127.07
   19   2018 12 23 22:33:37.930    81217.930  0.1916 30.8905 111.0405   6.00   -inf  -nan   6   3   9   3  98.74
   20   2018 12 23 23:21:06.052    84066.052  0.1472 30.8105 111.1705   6.00   -inf  -nan   4   2   6   2 266.10
   21   2018 12 23 23:39:39.188    85179.188  0.1555 30.8505 111.1305   4.00   -inf  -nan  14   6  20   6 210.75
   22   2018 12 23 23:40:36.843    85236.843  0.2396 30.9405 110.5205   0.00   -inf  -nan   5   6  11   4 120.67
    1   2018 12 24 00:32:57.079     1977.079  0.2457 31.1405 110.2905   0.00   -inf  -nan   7   3  10   3 138.84
    2   2018 12 24 01:50:29.698     6629.698  0.1686 30.7005 110.9305   8.00   -inf  -nan   5   4   9   3 230.56
    3   2018 12 24 02:06:46.814     7606.814  0.3940 30.9005 110.7205   2.00   -inf  -nan   4   5   9   2 143.19
    4   2018 12 24 02:27:41.357     8861.357  0.2359 30.8505 111.2405   8.00   -inf  -nan  11   6  17   6 278.91
    5   2018 12 24 03:16:23.474    11783.474  0.4610 30.7705 110.8005   4.00   -inf  -nan   4   5   9   3 179.99
    6   2018 12 24 03:19:34.416    11974.416  0.1489 31.1605 109.8405  12.00   -inf  -nan   5   3   8   2 303.60
    7   2018 12 24 03:21:30.369    12090.369  0.4594 31.1005 109.7805   2.00   -inf  -nan   7   4  11   3 269.41
    8   2018 12 24 04:06:07.049    14767.049  0.3289 31.1705 110.3805   2.00   -inf  -nan   8   2  10   2 185.50
    9   2018 12 24 04:21:40.107    15700.107  0.2105 30.8905 111.0405   4.00   -inf  -nan   3   4   7   3 245.49
   10   2018 12 24 04:24:00.277    15840.277  0.2370 30.8605 110.5005  14.00   -inf  -nan   3   2   5   2 246.65
   11   2018 12 24 04:33:15.684    16395.684  0.3006 30.8605 110.5205   0.00   -inf  -nan   9   4  13   4 178.11
   12   2018 12 24 05:26:22.620    19582.620  0.3419 30.8505 111.1305   8.00   -inf  -nan   7   4  11   3 210.75
   13   2018 12 24 05:56:43.440    21403.440  0.2465 31.1805 110.1305  12.00   -inf  -nan   3   2   5   2 140.16
   14   2018 12 24 06:35:48.275    23748.275  0.2661 30.8105 111.2805   6.00   -inf  -nan   6   5  11   4 294.33
   15   2018 12 24 06:38:57.364    23937.364  0.1394 30.8105 111.2805  10.00   -inf  -nan   4   3   7   3 294.33
   16   2018 12 24 06:40:51.257    24051.257  0.2173 30.8105 111.2805   8.00   -inf  -nan   6   6  12   6 294.33
   17   2018 12 24 06:43:03.986    24183.986  0.2318 30.9705 111.2105   0.00   -inf  -nan   4   2   6   2 260.90
   18   2018 12 24 07:05:54.259    25554.259  0.3233 31.1205 110.0405   6.00   -inf  -nan  11   8  19   5 185.39
   19   2018 12 24 07:51:21.673    28281.673  0.2080 31.0805 109.8405   8.00   -inf  -nan   4   2   6   2 244.82
   20   2018 12 24 08:10:04.495    29404.495  0.2715 30.9605 110.0005  12.00   -inf  -nan   5   3   8   3 129.51
   21   2018 12 24 08:15:18.878    29718.878  0.2723 30.9605 110.0005  14.00   -inf  -nan   6   3   9   3 129.51
   22   2018 12 24 08:50:04.971    31804.971  0.1718 30.8505 111.1305   6.00   -inf  -nan  11   6  17   6 210.75
   23   2018 12 24 09:37:05.611    34625.611  0.2498 30.8105 111.1305   4.00   -inf  -nan   6   2   8   1 233.30
   24   2018 12 24 19:00:49.208    68449.208  0.3502 30.9305 110.4605   0.00   -inf  -nan   3   2   5   2 288.26
   25   2018 12 24 19:09:45.637    68985.637  0.2597 31.1405 110.2505   8.00   -inf  -nan   4   3   7   3 119.07
   26   2018 12 24 19:49:11.893    71351.893  0.3979 31.1705 110.3805   0.00   -inf  -nan   3   2   5   2 265.54
   27   2018 12 24 22:39:47.952    81587.952  0.1572 30.8905 111.0405   6.00   -inf  -nan   5   3   8   3 158.22
   28   2018 12 24 22:58:37.759    82717.759  0.1620 31.1705 110.3405  10.00   -inf  -nan   3   2   5   2 206.23
   29   2018 12 24 23:12:00.922    83520.922  0.2932 31.0605 110.8205   0.00   -inf  -nan  13  13  26  10 109.59
   30   2018 12 24 23:15:57.296    83757.296  0.2860 30.8505 111.1305   2.00   -inf  -nan  10   7  17   7 210.25
    1   2018 12 25 00:04:02.188      242.188  0.2773 30.8505 111.1305   4.00   -inf  -nan  11  11  22   9 210.75
    2   2018 12 25 01:00:58.075     3658.075  0.1537 31.1605 110.0805   6.00   -inf  -nan   3   3   6   3 169.00
    3   2018 12 25 01:55:15.942     6915.942  0.2326 30.8105 111.2805   4.00   -inf  -nan   8   6  14   5 294.33
    4   2018 12 25 02:25:09.893     8709.893  0.3364 30.8105 111.2805   0.00   -inf  -nan   5   3   8   1 294.33
    5   2018 12 25 03:02:56.462    10976.462  0.2473 30.9805 110.0605   8.00   -inf  -nan   8   2  10   2 117.08
    6   2018 12 25 03:03:54.598    11034.598  0.3845 30.9705 110.3905   0.00   -inf  -nan  14   6  20   6 115.41
    7   2018 12 25 03:45:40.074    13540.074  0.3792 31.0205 110.4405   4.00   -inf  -nan  13   4  17   3  87.12
    8   2018 12 25 04:34:57.153    16497.153  0.1955 30.8505 111.1305   2.00   -inf  -nan   9   5  14   5 210.75
    9   2018 12 25 05:05:49.008    18349.008  0.3592 31.1705 110.3405   6.00   -inf  -nan   5   2   7   2 195.23
   10   2018 12 25 05:58:03.192    21483.192  0.2303 30.8605 110.9305   2.00   -inf  -nan   9   4  13   4  85.90
   11   2018 12 25 06:12:22.542    22342.542  0.2205 30.9405 110.9505   0.00   -inf  -nan  12   9  21   9  93.06
   12   2018 12 25 07:01:26.450    25286.450  0.2645 31.1805 110.1305  12.00   -inf  -nan   3   2   5   2 140.16
   13   2018 12 25 07:27:05.663    26825.663  0.3348 30.8105 111.2805   6.00   -inf  -nan  10   7  17   7 294.33
   14   2018 12 25 08:22:23.517    30143.517  0.1814 30.8505 111.1305   6.00   -inf  -nan   7   6  13   5 283.92
   15   2018 12 25 11:24:13.101    41053.101  0.3592 30.8805 110.1305   0.00   -inf  -nan   3   5   8   3 299.27
   16   2018 12 25 11:37:50.843    41870.843  0.1095 30.8105 111.1705   2.00   -inf  -nan   3   2   5   2 286.32
   17   2018 12 25 11:44:57.915    42297.915  0.1633 31.0105 110.3105   6.00   -inf  -nan   3   2   5   2 255.64
   18   2018 12 25 14:50:47.808    53447.808  0.4737 30.8105 111.2505  12.00   -inf  -nan   5   3   8   3 283.67
   19   2018 12 25 15:28:55.340    55735.340  0.2252 31.2105 110.5905   2.00   -inf  -nan   7   3  10   2 224.72
   20   2018 12 25 16:14:26.752    58466.752  0.4950 30.8705 110.5405   0.00   -inf  -nan   3   2   5   2 250.22
   21   2018 12 25 17:05:28.738    61528.738  0.1904 30.8705 110.7805   4.00   -inf  -nan   3   2   5   2 193.34
   22   2018 12 25 17:58:46.749    64726.749  0.4639 30.9005 110.6405   8.00   -inf  -nan   3   2   5   2 161.58
   23   2018 12 25 18:00:03.757    64803.757  0.1951 30.9705 111.2405   0.00   -inf  -nan   4   2   6   2 291.14
   24   2018 12 25 20:55:59.107    75359.107  0.1852 31.1805 110.1705  12.00   -inf  -nan   3   3   6   3 123.15
   25   2018 12 25 22:23:16.331    80596.331  0.1712 30.8205 110.5605   2.00   -inf  -nan   3   2   5   2 289.44
   26   2018 12 25 23:42:21.939    85341.939  0.1843 30.8505 111.1305   4.00   -inf  -nan  12   9  21   9 210.75
   27   2018 12 25 23:50:01.026    85801.026  0.0910 31.1605 110.0805   4.00   -inf  -nan   3   2   5   2 169.00
    1   2018 12 26 01:26:09.902     5169.902  0.1866 30.8905 111.1305   6.00   -inf  -nan   5   3   8   3 164.15
    2   2018 12 26 03:41:00.596    13260.596  0.2248 31.2205 110.0505   6.00   -inf  -nan   6   5  11   5 205.54
    3   2018 12 26 03:50:39.974    13839.974  0.2973 31.2205 110.0505   4.00   -inf  -nan   9   8  17   6 205.54
    4   2018 12 26 04:19:07.219    15547.219  0.3201 31.3205 110.2405   0.00   -inf  -nan   9   5  14   5 233.62
    5   2018 12 26 06:40:25.810    24025.810  0.3217 31.1205 110.8205   0.00   -inf  -nan  15   5  20   5 159.94
    6   2018 12 26 08:04:54.318    29094.318  0.1567 30.8505 111.1305   6.00   -inf  -nan  10   6  16   5 210.25
    7   2018 12 26 09:36:37.498    34597.498  0.2021 31.1805 110.1705  14.00   -inf  -nan   3   2   5   2 123.15
    8   2018 12 26 11:52:21.688    42741.688  0.2104 30.8305 110.2405   0.00   -inf  -nan   6   8  14   4 220.06
    9   2018 12 26 12:45:56.008    45956.008  0.1367 30.8905 111.1305   4.00   -inf  -nan   5   2   7   2 164.15
   10   2018 12 26 13:10:11.777    47411.777  0.3535 31.1405 110.2905   0.00   -inf  -nan   8   2  10   2 138.84
   11   2018 12 26 15:37:30.880    56250.880  0.4786 30.7905 110.7205   8.00   -inf  -nan   3   2   5   2 195.73
   12   2018 12 26 18:00:09.153    64809.153  0.2932 30.9305 111.2005   4.00   -inf  -nan   4   2   6   2 279.86
   13   2018 12 26 18:03:00.879    64980.879  0.1730 30.9005 110.7205   8.00   -inf  -nan   3   2   5   2 224.23
   14   2018 12 26 18:20:35.702    66035.702  0.1775 31.0205 110.4405   6.00   -inf  -nan   3   4   7   3 166.62
   15   2018 12 26 18:47:50.409    67670.409  0.0520 30.8205 110.5605   4.00   -inf  -nan   3   2   5   2 324.59
   16   2018 12 26 19:15:54.579    69354.579  0.0681 31.0305 110.4405   2.00   -inf  -nan   3   2   5   2 146.78
   17   2018 12 26 22:01:13.089    79273.089  0.1918 30.9705 111.2405   0.00   -inf  -nan   5   2   7   2 291.14
   18   2018 12 26 23:37:07.340    85027.340  0.2793 30.8505 111.1305   6.00   -inf  -nan  17  11  28  11 210.25
   19   2018 12 26 23:46:49.911    85609.911  0.1552 30.8505 111.1305   6.00   -inf  -nan  12   6  18   6 210.75
    1   2018 12 27 01:11:53.778     4313.778  0.3709 31.0205 110.4405   6.00   -inf  -nan  21  16  37  16  87.12
    2   2018 12 27 01:45:59.022     6359.022  0.1885 30.8105 111.2805   8.00   -inf  -nan   5   2   7   1 294.33
    3   2018 12 27 01:56:08.719     6968.719  0.3845 30.8505 111.2905   2.00   -inf  -nan   3   3   6   2 314.28
    4   2018 12 27 02:40:05.468     9605.468  0.3837 31.0605 109.9805  10.00   -inf  -nan  11   7  18   5 163.51
    5   2018 12 27 03:00:20.766    10820.766  0.2680 30.9005 110.5405   6.00   -inf  -nan   3   3   6   3 179.22
    6   2018 12 27 03:07:47.547    11267.547  0.3843 30.9805 110.4005   0.00   -inf  -nan  11   7  18   5  82.74
    7   2018 12 27 03:32:12.714    12732.714  0.1185 30.9305 111.4005   8.00   -inf  -nan   3   2   5   2 324.85
    8   2018 12 27 03:44:26.360    13466.360  0.4860 30.9705 111.0805  10.00   -inf  -nan   4   2   6   1 162.99
    9   2018 12 27 06:38:33.961    23913.961  0.1460 30.8505 111.1305   6.00   -inf  -nan   6   2   8   2 210.75
   10   2018 12 27 06:54:32.457    24872.457  0.1323 30.8105 111.2405   6.00   -inf  -nan   6   3   9   2 279.73
   11   2018 12 27 06:55:11.510    24911.510  0.2804 30.8105 111.2405   0.00   -inf  -nan  10   6  16   6 279.73
   12   2018 12 27 06:56:53.624    25013.624  0.2272 30.8105 111.2405   0.00   -inf  -nan   6   8  14   5 273.09
   13   2018 12 27 07:52:02.274    28322.274  0.3592 30.9805 110.0905   8.00   -inf  -nan   7   4  11   4 208.98
   14   2018 12 27 09:35:54.483    34554.483  0.3143 30.8105 111.1705   6.00   -inf  -nan  11   9  20   7 242.73
   15   2018 12 27 09:45:45.421    35145.421  0.4066 30.6705 110.7205   2.00   -inf  -nan   4   4   8   2 248.61
   16   2018 12 27 17:01:49.345    61309.345  0.2761 31.0505 110.4205  14.00   -inf  -nan   5   5  10   5 123.44
   17   2018 12 27 19:00:49.762    68449.762  0.3968 31.0905 110.5005  20.00   -inf  -nan   3   2   5   2 159.56
   18   2018 12 27 22:05:50.758    79550.758  0.1646 30.8905 111.0805   6.00   -inf  -nan   4   3   7   2 202.15
   19   2018 12 27 23:35:42.121    84942.121  0.1568 30.8505 111.1305   6.00   -inf  -nan  12   9  21   9 210.25
   20   2018 12 27 23:36:52.333    85012.333  0.1830 30.8505 111.1305   6.00   -inf  -nan   8   4  12   4 210.75
   21   2018 12 27 23:37:13.413    85033.413  0.2689 30.8505 111.1305   4.00   -inf  -nan   9   6  15   6 210.75
    1   2018 12 28 00:32:24.930     1944.930  0.4759 31.0705 110.5605   0.00   -inf  -nan   3   2   5   2 205.58
    2   2018 12 28 02:29:11.345     8951.345  0.2839 30.8105 111.2805   0.00   -inf  -nan   5   3   8   3 294.33
    3   2018 12 28 02:36:11.462     9371.462  0.2775 30.8505 111.2405   0.00   -inf  -nan   3   2   5   1 278.91
    4   2018 12 28 02:43:58.053     9838.053  0.2031 30.8605 111.0905   6.00   -inf  -nan   7   6  13   6 128.67
    5   2018 12 28 03:10:49.555    11449.555  0.2895 31.0105 111.0805  16.00   -inf  -nan   5   2   7   2 207.51
    6   2018 12 28 03:52:41.089    13961.089  0.2851 31.1605 109.8105   0.00   -inf  -nan   8   8  16   4 308.48
    7   2018 12 28 03:55:33.944    14133.944  0.3354 31.1205 109.8805   0.00   -inf  -nan  10   7  17   7 283.43
    8   2018 12 28 04:30:11.152    16211.152  0.3631 30.8905 110.2905   0.00   -inf  -nan   6   6  12   4 170.76
    9   2018 12 28 05:38:26.063    20306.063  0.2523 30.8105 111.1705   2.00   -inf  -nan   7   5  12   4 242.73
   10   2018 12 28 05:54:56.437    21296.437  0.1977 30.8505 111.1305   4.00   -inf  -nan  12   8  20   7 210.25
   11   2018 12 28 05:55:48.221    21348.221  0.2612 30.8105 111.2805   6.00   -inf  -nan   8   4  12   4 294.33
   12   2018 12 28 06:01:30.508    21690.508  0.2595 31.2005 109.8805  12.00   -inf  -nan   4   2   6   2 307.69
   13   2018 12 28 06:53:58.958    24838.958  0.2094 30.8505 111.1305   6.00   -inf  -nan   3   2   5   2 232.15
   14   2018 12 28 07:15:05.715    26105.715  0.2912 30.8105 111.2405   4.00   -inf  -nan   6   6  12   5 279.73
   15   2018 12 28 07:35:55.074    27355.074  0.3175 30.7905 110.7005  12.00   -inf  -nan   6   5  11   5 140.72
   16   2018 12 28 07:44:36.592    27876.592  0.3400 30.7305 111.2105   0.00   -inf  -nan   7   4  11   3 315.83
   17   2018 12 28 08:01:42.826    28902.826  0.1429 30.9305 111.2805   2.00   -inf  -nan   7   3  10   3 309.47
   18   2018 12 28 12:35:32.074    45332.074  0.4269 31.0605 110.4405   8.00   -inf  -nan   4   6  10   4 198.28
   19   2018 12 28 17:20:55.279    62455.279  0.0769 30.8505 111.1305   8.00   -inf  -nan   3   3   6   3 232.15
   20   2018 12 28 17:28:43.143    62923.143  0.1350 30.8905 111.1305   4.00   -inf  -nan   8   2  10   2 164.15
   21   2018 12 28 17:37:32.123    63452.123  0.2676 31.1805 110.1705  18.00   -inf  -nan   3   2   5   2 139.09
   22   2018 12 28 18:10:51.670    65451.670  0.1493 30.8605 111.1105   6.00   -inf  -nan   5   2   7   2 191.29
   23   2018 12 28 21:22:58.361    76978.361  0.1882 30.9005 110.6405   8.00   -inf  -nan   3   2   5   2 242.09
   24   2018 12 28 21:42:35.004    78155.004  0.3051 31.0205 110.4805  18.00   -inf  -nan   4   2   6   2 196.96
   25   2018 12 28 21:52:50.603    78770.603  0.1829 30.8705 111.0205   8.00   -inf  -nan   6   4  10   4 111.88
   26   2018 12 28 21:56:03.184    78963.184  0.2625 31.0605 110.4405   6.00   -inf  -nan   7   6  13   6 170.49
   27   2018 12 28 23:25:38.134    84338.134  0.2833 30.8205 111.1705   4.00   -inf  -nan  13   7  20   7 240.25
    1   2018 12 29 02:01:02.035     7262.035  0.2866 30.7905 110.7005  10.00   -inf  -nan   6   8  14   6 140.72
    2   2018 12 29 02:13:32.810     8012.810  0.0315 30.8605 110.5405  10.00   -inf  -nan   3   3   6   3 234.31
    3   2018 12 29 02:28:54.159     8934.159  0.1100 30.8505 111.1305   4.00   -inf  -nan  10   4  14   4 210.25
    4   2018 12 29 02:30:00.197     9000.197  0.3906 30.8105 111.1705   6.00   -inf  -nan  11   8  19   7 242.73
    5   2018 12 29 02:44:30.667     9870.667  0.3854 31.2105 110.3905  12.00   -inf  -nan   3   2   5   1 227.32
    6   2018 12 29 02:55:22.353    10522.353  0.4395 31.1305 110.5505   8.00   -inf  -nan   5   2   7   2 187.91
    7   2018 12 29 03:26:20.646    12380.646  0.4972 31.0505 110.4705   6.00   -inf  -nan   4   5   9   3 113.45
    8   2018 12 29 03:42:28.487    13348.487  0.2238 31.2605 110.8305   4.00   -inf  -nan  15   2  17   2 230.70
    9   2018 12 29 04:03:28.269    14608.269  0.3349 31.0105 111.2805   4.00   -inf  -nan   8   5  13   5 300.95
   10   2018 12 29 04:24:13.592    15853.592  0.2136 31.1605 109.8005   2.00   -inf  -nan   3   2   5   2 340.95
   11   2018 12 29 04:33:54.212    16434.212  0.2796 30.9405 110.9505   0.00   -inf  -nan  12  10  22  10  93.06
   12   2018 12 29 04:36:28.461    16588.461  0.2449 31.1605 109.8105   8.00   -inf  -nan   9   4  13   3 308.48
   13   2018 12 29 04:50:24.209    17424.209  0.4778 31.1205 109.9205   0.00   -inf  -nan   8   4  12   3 267.63
   14   2018 12 29 04:56:05.334    17765.334  0.4893 31.1405 109.8105   0.00   -inf  -nan   3   2   5   1 316.56
   15   2018 12 29 05:06:54.458    18414.458  0.1884 31.1805 109.8105   8.00   -inf  -nan   7   3  10   1 313.04
   16   2018 12 29 05:49:47.216    20987.216  0.2503 30.8105 111.2805   4.00   -inf  -nan   9   5  14   5 287.89
   17   2018 12 29 06:08:00.835    22080.835  0.1801 30.7705 111.2805   4.00   -inf  -nan   5   4   9   3 295.26
   18   2018 12 29 07:24:54.763    26694.763  0.1979 30.9005 111.1305   6.00   -inf  -nan   5   2   7   2 150.86
   19   2018 12 29 07:27:02.362    26822.362  0.0713 31.2405 109.7605   8.00   -inf  -nan   3   2   5   2 337.78
   20   2018 12 29 07:44:38.666    27878.666  0.2027 31.2405 109.7605   2.00   -inf  -nan   3   2   5   2 337.78
   21   2018 12 29 07:57:52.696    28672.696  0.2250 30.9605 110.0505  14.00   -inf  -nan   4   2   6   1 133.47
   22   2018 12 29 07:58:32.104    28712.104  0.2211 30.8505 111.1305   8.00   -inf  -nan  11   6  17   6 210.25
   23   2018 12 29 09:27:00.446    34020.446  0.1378 30.8505 111.1305   6.00   -inf  -nan   7   6  13   6 210.75
   24   2018 12 29 16:13:41.477    58421.477  0.4058 31.1405 110.3205   0.00   -inf  -nan   3   2   5   1 151.71
   25   2018 12 29 17:43:38.453    63818.453  0.1369 31.1705 110.3505   0.00   -inf  -nan   3   2   5   2 250.72
   26   2018 12 29 20:18:09.655    73089.655  0.2091 31.0605 110.2405   4.00   -inf  -nan   5   8  13   4  83.22
   27   2018 12 29 21:02:13.461    75733.461  0.1722 30.7605 110.1705   8.00   -inf  -nan   3   5   8   3 298.95
   28   2018 12 29 21:56:08.518    78968.518  0.1133 30.8405 110.1705  18.00   -inf  -nan   3   3   6   3 283.02
   29   2018 12 29 22:04:14.101    79454.101  0.2206 30.9405 111.2705   0.00   -inf  -nan   5   2   7   2 306.46
   30   2018 12 29 23:34:52.124    84892.124  0.2114 30.8505 111.1305   6.00   -inf  -nan  12   5  17   5 210.25
   31   2018 12 29 23:44:41.568    85481.568  0.3233 30.8105 111.1705   4.00   -inf  -nan  14   8  22   8 249.55
    1   2018 12 30 02:29:08.208     8948.208  0.3911 30.8105 111.2405   4.00   -inf  -nan   6   5  11   3 279.73
    2   2018 12 30 02:35:09.944     9309.944  0.3469 31.0905 110.2305   6.00   -inf  -nan   5   6  11   4 235.98
    3   2018 12 30 02:49:19.166    10159.166  0.1961 30.8905 111.0405   4.00   -inf  -nan   6   3   9   3  98.74
    4   2018 12 30 03:15:07.552    11707.552  0.4008 31.1005 109.7805   0.00   -inf  -nan   4   2   6   2 269.41
    5   2018 12 30 03:51:31.089    13891.089  0.2342 31.1605 109.8105  10.00   -inf  -nan  10   4  14   4 308.48
    6   2018 12 30 03:55:56.568    14156.568  0.2508 31.1205 109.8405   4.00   -inf  -nan  11   5  16   5 294.62
    7   2018 12 30 04:04:54.266    14694.266  0.2893 31.2005 110.7805  14.00   -inf  -nan   7  12  19   6 221.85
    8   2018 12 30 04:15:19.163    15319.163  0.3172 31.1005 109.7805   6.00   -inf  -nan   4   3   7   2 269.41
    9   2018 12 30 05:18:37.028    19117.028  0.2606 30.8705 110.9005   2.00   -inf  -nan  15   4  19   4  67.10
   10   2018 12 30 06:23:02.955    22982.955  0.2966 31.0905 110.1505   0.00   -inf  -nan   5   5  10   5 207.20
   11   2018 12 30 06:27:01.511    23221.511  0.1416 30.8105 111.2805  10.00   -inf  -nan   4   3   7   3 313.64
   12   2018 12 30 06:31:33.850    23493.850  0.2198 30.8205 111.2705   8.00   -inf  -nan   9   4  13   4 291.13
   13   2018 12 30 07:01:04.333    25264.333  0.2666 31.0205 110.4405  10.00   -inf  -nan   3   4   7   3 152.49
   14   2018 12 30 07:01:26.449    25286.449  0.4335 31.0205 109.6605   2.00   -inf  -nan   4   6  10   4 298.18
   15   2018 12 30 07:05:40.053    25540.053  0.1686 30.8505 111.1305   6.00   -inf  -nan  11   7  18   7 210.25
   16   2018 12 30 07:21:40.271    26500.271  0.3184 31.0905 110.3805   6.00   -inf  -nan   5   5  10   4 106.78
   17   2018 12 30 07:46:48.434    28008.434  0.3226 31.0905 110.4005   8.00   -inf  -nan  11   8  19   8 102.14
   18   2018 12 30 08:08:30.104    29310.104  0.2871 31.0505 110.4605   6.00   -inf  -nan  10  10  20   8 109.45
   19   2018 12 30 08:16:05.145    29765.145  0.3261 31.1705 110.3005   0.00   -inf  -nan   7   3  10   3 204.22
   20   2018 12 30 09:01:31.123    32491.123  0.2485 30.8505 111.1605   6.00   -inf  -nan  10   5  15   5 227.22
   21   2018 12 30 09:13:05.049    33185.049  0.4220 31.1805 109.7405   2.00   -inf  -nan   6   3   9   3 290.58
   22   2018 12 30 09:23:24.276    33804.276  0.4305 30.9005 110.7205   0.00   -inf  -nan  17  11  28  11  94.62
   23   2018 12 30 09:41:23.164    34883.164  0.4651 31.0005 109.7205   4.00   -inf  -nan   3   2   5   1 287.34
   24   2018 12 30 10:56:46.926    39406.926  0.2748 31.0505 110.4605   6.00   -inf  -nan   7   7  14   7 111.60
   25   2018 12 30 11:13:21.556    40401.556  0.3835 31.1605 110.3305   2.00   -inf  -nan   3   2   5   1 207.79
   26   2018 12 30 12:43:43.561    45823.561  0.2165 30.8605 111.1505   8.00   -inf  -nan   6   3   9   3 215.44
   27   2018 12 30 15:02:31.824    54151.824  0.2450 31.0105 110.5505   0.00   -inf  -nan   5   5  10   5 109.02
   28   2018 12 30 18:53:50.857    68030.857  0.4379 31.0305 110.4405  10.00   -inf  -nan   6   9  15   6  92.86
   29   2018 12 30 19:12:29.620    69149.620  0.1675 30.9105 111.2605   4.00   -inf  -nan   4   2   6   2 323.37
   30   2018 12 30 19:33:21.322    70401.322  0.2428 30.8605 111.1305   8.00   -inf  -nan   6   3   9   3 204.21
   31   2018 12 30 19:44:12.356    71052.356  0.2614 30.8905 111.0405   6.00   -inf  -nan   6   2   8   2  98.74
   32   2018 12 30 21:48:04.381    78484.381  0.4027 31.0505 110.4605   0.00   -inf  -nan  12  11  23   9 109.45
   33   2018 12 30 22:57:34.344    82654.344  0.1347 31.1405 110.2905   0.00   -inf  -nan   3   2   5   2 138.84
    1   2018 12 31 00:33:30.888     2010.888  0.3087 31.1705 110.1505   6.00   -inf  -nan   4   2   6   2 132.37
    2   2018 12 31 01:26:07.536     5167.536  0.2596 30.8505 111.1305   4.00   -inf  -nan  14   5  19   5 210.25
    3   2018 12 31 02:21:20.646     8480.646  0.2312 30.8105 111.2805   4.00   -inf  -nan   9   4  13   4 294.33
    4   2018 12 31 02:23:24.066     8604.066  0.3447 30.8205 111.2505   6.00   -inf  -nan   9   8  17   7 283.29
    5   2018 12 31 02:27:02.157     8822.157  0.2368 31.0905 110.1905   0.00   -inf  -nan   8   7  15   6 117.80
    6   2018 12 31 03:59:57.189    14397.189  0.2490 30.8505 111.1305   4.00   -inf  -nan  12   8  20   8 210.25
    7   2018 12 31 06:36:54.934    23814.934  0.2623 30.8105 111.2405   0.00   -inf  -nan   9   8  17   7 273.09
    8   2018 12 31 06:43:28.951    24208.951  0.2592 30.8505 111.1305   4.00   -inf  -nan  12   8  20   7 210.25
    9   2018 12 31 07:21:39.857    26499.857  0.2463 30.9605 110.0505  10.00   -inf  -nan   4   2   6   1 133.47
   10   2018 12 31 07:26:29.104    26789.104  0.3955 31.1805 110.3705   6.00   -inf  -nan   3   2   5   1 189.73
   11   2018 12 31 08:09:59.763    29399.763  0.4216 31.1605 109.8405  14.00   -inf  -nan   3   4   7   3 303.60
   12   2018 12 31 08:12:09.053    29529.053  0.4346 31.1005 109.7805   0.00   -inf  -nan   4   3   7   2 269.41
   13   2018 12 31 09:25:48.483    33948.483  0.4798 31.0605 110.9905   4.00   -inf  -nan   8   7  15   6 219.13
   14   2018 12 31 10:18:47.149    37127.149  0.1748 31.1705 110.3805   4.00   -inf  -nan   3   2   5   2 306.62
   15   2018 12 31 11:50:41.795    42641.795  0.2220 31.0905 110.1905   2.00   -inf  -nan   8   8  16   6 117.80
   16   2018 12 31 14:04:24.191    50664.191  0.1707 31.2505 110.5405   6.00   -inf  -nan   4   2   6   2 300.07
   17   2018 12 31 16:02:55.522    57775.522  0.1262 31.1405 110.2905   0.00   -inf  -nan   3   3   6   3 138.84
   18   2018 12 31 16:05:11.408    57911.408  0.1265 30.8905 111.1305   4.00   -inf  -nan   7   2   9   2 164.15
   19   2018 12 31 16:15:32.170    58532.170  0.1978 31.2005 109.8405   8.00   -inf  -nan   3   3   6   3 332.29
   20   2018 12 31 17:26:27.808    62787.808  0.2610 30.9405 111.2305   2.00   -inf  -nan   5   2   7   2 296.96
   21   2018 12 31 18:13:02.592    65582.592  0.1358 30.8905 111.0405   4.00   -inf  -nan   7   4  11   4  98.74
   22   2018 12 31 18:20:52.688    66052.688  0.0774 31.0505 110.1905   6.00   -inf  -nan   3   3   6   3 263.14
   23   2018 12 31 19:18:22.923    69502.923  0.1174 31.0905 110.4205  12.00   -inf  -nan   3   3   6   2 131.66
   24   2018 12 31 19:30:44.029    70244.029  0.1856 30.8905 111.1305   6.00   -inf  -nan   6   2   8   2 164.15
   25   2018 12 31 20:39:19.153    74359.153  0.1833 30.8905 111.0405   4.00   -inf  -nan   6   2   8   2  98.74
   26   2018 12 31 23:20:52.559    84052.559  0.2301 30.8505 111.1305   6.00   -inf  -nan  14   8  22   8 210.25
   27   2018 12 31 23:35:35.377    84935.377  0.2466 30.8505 111.1305   4.00   -inf  -nan  13   8  21   8 210.25
