0.01 0 0.23160954256420513 0.3970700210303557 23.151614167016422 39.69603132927325 -0.007241032966956998 -0.010276644664329548 P S
0.02 0 0.4629383195728237 0.79381039791016 23.110002564916805 39.64664806580594 -0.014426988502005836 -0.020555618924166488 P S
0.03 0 0.6937096375578742 1.1898893972286508 23.039732694351628 39.56367040421264 -0.021689702658293643 -0.030889576402437544 P S
0.04 0 0.9236519915942872 1.5849701084224177 22.944149435469892 39.44781394794912 -0.028739461150765186 -0.0411653664585767 P S
0.05 0 1.1525027147813662 1.9787080220009503 22.82167470132155 39.29780906201418 -0.03576772758655645 -0.05147835159330165 P S
0.06 0 1.3800105173185087 2.3707473802848007 22.67537051495924 39.11330529371961 -0.04263489878038855 -0.06180774445146259 P S
0.07 0 1.6059381897803382 2.76071951895724 22.506390724355988 38.892484137126296 -0.04934852117300734 -0.07220436098332794 P S
0.08 0 1.8300611372521631 3.1482365508732157 22.31464357531348 38.63583260335994 -0.05595022632470684 -0.08260086084983881 P S
0.09 0 2.0521779747719533 3.532889434766204 22.105745271208423 38.34131281367189 -0.062297580265823736 -0.09304123839767556 P S
0.1 0 2.2720941847189855 3.91487161485595 21.876322392901862 38.07915405574769 -0.06853582297272741 -0.10137626950345853 P S
0.11 0 2.4896436666645405 4.294110233262761 21.632329550997316 37.76882686873265 -0.07453736694366561 -0.110367551976424 P S
0.12 0 2.7046771069341085 4.6699241647546375 21.373946921685995 37.41458302873862 -0.08034065208906827 -0.1197298228388127 P S
0.13 0 2.9154340145192084 5.03581325788656 20.208253269720267 34.72811367443584 -0.10185917582152171 -0.1732382836383324 P S
0.14 0 3.117506631310915 5.383068081297369 20.20629641683422 34.72277901149236 -0.10189057131995737 -0.17332475476432085 P S
0.15 0 3.3195570929755873 5.730262874204972 20.203795257652818 34.71615649162713 -0.10193068109643778 -0.17343202269569982 P S
0.16 0 3.521579850489286 6.077385111063439 20.200745124151418 34.70828287222791 -0.10197956642145785 -0.1735594423862228 P S
0.17 0 3.7235693528293514 6.424422268319216 20.197141462751464 34.69914890246127 -0.1020372836043045 -0.17370710519826024 P S
0.18 0 3.9255200246709494 6.7713617404216295 20.19297986850823 34.68874599443824 -0.10210388339100868 -0.17387508207360974 P S
0.19 0 4.127426068705143 7.118190669222681 20.18837950176708 34.67654507200762 -0.10217743857218667 -0.17407182106613245 P S
0.2 0 4.32928223373926 7.464896657065557 20.183095660776196 34.66440857180753 -0.1022618358748829 -0.17426723235525624 P S
0.21 0 4.5310826414510865 7.8114666572829226 20.17723876638091 34.65010342630922 -0.1023552792963034 -0.17449719262517513 P S
0.22 0 4.732821578593887 8.15788775049561 20.170805391754552 34.634498986429435 -0.10245779070497417 -0.1747475864017922 P S
0.23 0 4.9344932987483165 8.504146946344745 20.163792447563672 34.617592276553026 -0.10256938326169143 -0.1750183454797965 P S
0.24 0 5.136092023982657 8.85023118781725 20.156197163090592 34.59938061069499 -0.10269006174555333 -0.1753093879017719 P S
0.25 0 5.33761194677682 9.196127355878053 20.14801706783614 34.579861554016894 -0.10281982288294668 -0.1756206187670773 P S
0.26 0 5.5390470029184335 9.541822274339813 20.13877052769827 34.55903289177692 -0.10296624088534331 -0.17595193093718112 P S
0.27 0 5.740391815410252 9.887302714894906 20.12937260311017 34.53689260379211 -0.10311477428244412 -0.17630320566720625 P S
0.28 0 5.941640246624273 10.232555402257635 20.120256569335428 34.51343884334947 -0.10325858217469114 -0.17667431317966714 P S
0.29 0 6.142786392758442 10.577570749089782 20.10967656966929 34.489343444912514 -0.10342515233520005 -0.1770545015388359 P S
0.3 0 6.3438243316731695 10.922338459370657 20.098504829347235 34.463565746927756 -0.10360065322359684 -0.17746003921852196 P S
0.31 0 6.544748125364909 11.266843064450827 20.086740986351547 34.437257048281744 -0.10378502974510588 -0.17787266573370475 P S
0.32 0 6.745551822399412 11.611070865450948 20.074384746990006 34.40845973812184 -0.10397822301536097 -0.17832286928683808 P S
0.33 0 6.946229460289128 11.955008091231687 20.061435878245383 34.378746856639154 -0.10418017056485916 -0.17878580489183796 P S
0.34 0 7.146775067793931 12.298641395814652 20.047894201025713 34.34768773064892 -0.10439080653138261 -0.17926801163220699 P S
0.35000000000000003 0 7.347182667135719 12.641962197110658 20.033759584541574 34.3162067650258 -0.10461006183662065 -0.17975500463990182 P S
0.36 0 7.5474462761235985 12.984960766364718 20.01903194120046 34.282992289512855 -0.10483786435627061 -0.1802669057265344 P S
0.37 0 7.747559910169911 13.327620954371746 20.00371122231111 34.24860974033774 -0.10507413907882257 -0.18079476251621904 P S
0.38 0 7.947517584210809 13.669928691753219 19.987797414175475 34.212695269397976 -0.10531880825935186 -0.18134393434600155 P S
0.39 0 8.147313314510777 14.011870383237694 19.971290534734823 34.17511074019797 -0.10557179156551046 -0.1819162538171874 P S
0.4 0 8.346941120365297 14.353441333162017 19.95419063054828 34.138186751821834 -0.10583300621892475 -0.1824761571734714 P S
0.41000000000000003 0 8.546395025694256 14.69462945751221 19.93649777413281 34.098950189773674 -0.10610236713132466 -0.18306859084575292 P S
0.42 0 8.745671093063804 15.035418545947884 19.919030466192353 34.058474913456365 -0.10636739159305997 -0.18367701523873237 P S
0.43 0 8.944773694602087 15.375794478259039 19.90106857974365 34.016550161883714 -0.10663899186676393 -0.18430435240549387 P S
0.44 0 9.143692769981035 15.715751218521548 19.88224420678606 33.97464937335744 -0.10692263141781295 -0.1849284365917297 P S
0.45 0 9.34242087486132 16.055281396099286 19.862762710246518 33.930926455856664 -0.10721510068255008 -0.18557660668001866 P S
0.46 0 9.540951600549674 16.394367131308858 19.842962785216105 33.88585968388947 -0.10751124260605652 -0.18624146896358226 P S
0.47000000000000003 0 9.739278548637586 16.73299411588059 19.822301279769846 33.839151233047055 -0.10781909011239903 -0.18692712767382663 P S
0.48 0 9.937395762864373 17.071161726642156 19.80103520159027 33.793431861962254 -0.10813469677592967 -0.18759492913065456 P S
0.49 0 10.135298931496251 17.40885737519058 19.779496996624978 33.74533784190592 -0.10845306210596338 -0.18829389079402448 P S
0.5 0 10.332988355090313 17.746063895995295 19.758149649685567 33.69571876718124 -0.10876734637058044 -0.18901127006146531 P S
0.51 0 10.530459071602385 18.082773384249013 19.73578647615323 33.646622159503714 -0.10909525263416336 -0.1897173925774536 P S
0.52 0 10.727702824662583 18.418989467583625 19.712793268761164 33.59596242104215 -0.10943098705990484 -0.19044217883706707 P S
0.53 0 10.924712981364914 18.754690499850696 19.68912876112094 33.54378366141311 -0.10977504447337179 -0.19118469009165465 P S
0.54 0 11.121483402683827 19.089861016360146 19.665072598576817 33.490050349996295 -0.11012327279246642 -0.19194512187113663 P S
0.55 0 11.318014440394036 19.42448717477122 19.641254663927782 33.43504359563353 -0.11046655368093211 -0.19271921217743607 P S
0.56 0 11.51429984310963 19.758571772144347 19.615902866098853 33.38163000792809 -0.11083031865286047 -0.19346670788740913 P S
0.5700000000000001 0 11.710346377357514 20.092111714857328 19.592551942390728 33.32590014274648 -0.1111639068329006 -0.19424228595191165 P S
0.58 0 11.906150218421132 20.425084945357234 19.5674289630665 33.268470780649594 -0.11152125443586056 -0.19503694132296803 P S
0.59 0 12.101699994435371 20.75748172087175 19.542356848789527 33.21162023404773 -0.11187628565928735 -0.1958190696118821 P S
0.6 0 12.296988385939803 21.089310468914853 19.51573947731079 33.15352536768343 -0.11225147382196855 -0.19661372905855584 P S
0.61 0 12.49200893609679 21.420548345840434 19.488516771318537 33.093673599099915 -0.11263337556060056 -0.19742762941807174 P S
0.62 0 12.686755712568381 21.751180825893595 19.460771353345756 33.03364055936811 -0.11302073673004343 -0.1982391698234374 P S
0.63 0 12.881222572287374 22.081220779381173 19.432432554334692 32.9735688508251 -0.11341444975900684 -0.1990464551245471 P S
0.64 0 13.07540400817273 22.41064732419379 19.403628617599843 32.911344718188516 -0.1138126444355759 -0.19987768864830943 P S
0.65 0 13.269294397106103 22.739443442049488 19.37426667576641 32.84850821652059 -0.11421651960391535 -0.2007120257895351 P S
0.66 0 13.462888223871285 23.067623367452104 19.344352867036992 32.78650374860834 -0.1146258967479561 -0.20153037608581983 P S
0.67 0 13.656180035642794 23.39516789147943 19.313892150057413 32.721991741317645 -0.11504061497301675 -0.20237667791983582 P S
0.68 0 13.849164431300014 23.722059317742563 19.282888666505418 32.65719161866524 -0.11546052576656551 -0.20322154388786437 P S
0.6900000000000001 0 14.04184029438504 24.048317088656443 19.25325314803981 32.593284762882725 -0.11585985894480959 -0.20404970707651338 P S
0.7000000000000001 0 14.23422693138261 24.373919857952178 19.223613044807102 32.52678694265896 -0.11625727074010088 -0.20490618141102737 P S
0.71 0 14.425993731442336 24.69884804720327 18.972683175375586 32.45858228290696 -0.11954498598712653 -0.20577913068118317 P S
0.72 0 14.615276083065392 25.023101120253944 18.890514802082517 32.392463571193964 -0.12059291006650677 -0.20662012301355567 P S
0.73 0 14.803818716152236 25.34668655133988 18.818142937291736 32.32413863307239 -0.12150468762011274 -0.2074838055603648 P S
0.74 0 14.991645694708696 25.66958262335577 18.747626256234792 32.25535643292925 -0.12238322936941373 -0.20834782145235356 P S
0.75 0 15.178775714687559 25.991801326506014 18.678605824879124 32.1873437307102 -0.1232339043426256 -0.20919686377407076 P S
0.76 0 15.365223532454293 26.31332202964543 18.613382133356374 32.116038846873494 -0.12402956793542544 -0.21008140744449652 P S
0.77 0 15.551060083151764 26.634140010656957 18.552625458957113 32.0473405259904 -0.12476369262997487 -0.21092826393157757 P S
0.78 0 15.736282422288628 26.954258252979326 18.500490071139893 31.976182793209738 -0.12538832124363894 -0.2117999677716902 P S
0.79 0 15.921270546984873 27.273660297842444 18.4965176630743 31.904581776601788 -0.1254357148593702 -0.21267155182854636 P S
0.8 0 16.106196058392754 27.59235472128102 18.48764818751511 31.83354724044072 -0.1255414326625256 -0.21353080580703496 P S
0.81 0 16.291016387713736 27.910323163257456 18.475253542065865 31.76001488059555 -0.12568893420872784 -0.21441464200539814 P S
0.8200000000000001 0 16.475697121925624 28.22756766479365 18.459832395790972 31.688698450198938 -0.12587207327036434 -0.21526643630056633 P S
0.8300000000000001 0 16.660209924558828 28.544087049145872 18.442005559127484 31.614724136953974 -0.12608326031176023 -0.21614441828558403 P S
0.84 0 16.844530305480912 28.859863237307437 18.42180499585144 31.541602410906215 -0.12632189524709297 -0.21700678564416095 P S
0.85 0 17.028637850322394 29.174912477617877 18.399128377232515 31.467576334075588 -0.12658893394601725 -0.21787431974175542 P S
0.86 0 17.190731865252673 29.489207431433865 13.65730398910466 31.39117887144248 -0.1682848087892459 -0.21876391301461942 P S
0.87 0 17.32729617849746 29.80276020917454 13.65730398910466 31.318383459261568 -0.1682848087892459 -0.21960621024211174 P S
0.88 0 17.46386049174225 30.115563632013565 13.65730398910466 31.2418620133324 -0.1682848087892459 -0.2204860557375646 P S
0.89 0 17.60042480498704 30.427601688794446 13.65730398910466 31.167063447175142 -0.1682848087892459 -0.2213406432869324 P S
0.9 0 17.736989118231822 30.73889441748037 13.65730398910466 31.0908389862886 -0.1682848087892459 -0.22220604558463034 P S
0.91 0 17.873553431476605 31.049411562487254 13.65730398910466 31.012706216516715 -0.1682848087892459 -0.22308744307122935 P S
0.92 0 18.010117744721395 31.359172555963625 13.65730398910466 30.938052408029556 -0.1682848087892459 -0.22392429420747414 P S
0.93 0 18.14668205796618 31.617630815155955 13.65730398910466 24.66500694889536 -0.1682848087892459 -0.2799193727254807 P S
0.9400000000000001 0 18.283246371210968 31.86427215799864 13.65730398910466 24.66500694889536 -0.1682848087892459 -0.2799193727254807 P S
0.9500000000000001 0 18.41981068445575 32.110913500841335 13.65730398910466 24.66500694889536 -0.1682848087892459 -0.2799193727254807 P S
0.96 0 18.556374997700537 32.35755484368403 13.65730398910466 24.66500694889536 -0.1682848087892459 -0.2799193727254807 P S
0.97 0 18.692939310945327 32.60419618652673 13.65730398910466 24.66500694889536 -0.1682848087892459 -0.2799193727254807 P S
0.98 0 18.82950362419011 32.850837529369414 13.65730398910466 24.66500694889536 -0.1682848087892459 -0.2799193727254807 P S
0.99 0 18.9660679374349 33.097478872212115 13.65730398910466 24.66500694889536 -0.1682848087892459 -0.2799193727254807 P S
1.0 0 19.102632250679683 33.34412021505481 13.65730398910466 24.66500694889536 -0.1682848087892459 -0.2799193727254807 P S
1.01 0 19.239196563924473 33.5907615578975 13.65730398910466 24.66500694889536 -0.1682848087892459 -0.2799193727254807 P S
1.02 0 19.37576087716926 33.83740290074019 13.65730398910466 24.66500694889536 -0.1682848087892459 -0.2799193727254807 P S
1.03 0 19.512325190414046 34.08404424358288 13.65730398910466 24.66500694889536 -0.1682848087892459 -0.2799193727254807 P S
1.04 0 19.648889503658832 34.33068558642558 13.65730398910466 24.66500694889536 -0.1682848087892459 -0.2799193727254807 P S
1.05 0 19.785453816903615 34.577326929268274 13.65730398910466 24.66500694889536 -0.1682848087892459 -0.2799193727254807 P S
1.06 0 19.922018130148405 34.82396827211097 13.65730398910466 24.66500694889536 -0.1682848087892459 -0.2799193727254807 P S
1.07 0 20.058582443393195 35.07060961495366 13.65730398910466 24.66500694889536 -0.1682848087892459 -0.2799193727254807 P S
1.08 0 20.19514675663798 35.317250957796354 13.65730398910466 24.66500694889536 -0.1682848087892459 -0.2799193727254807 P S
1.09 0 20.33171106988276 35.56389230063905 13.65730398910466 24.66500694889536 -0.1682848087892459 -0.2799193727254807 P S
1.1 0 20.46827538312755 35.81053364348174 13.65730398910466 24.66500694889536 -0.1682848087892459 -0.2799193727254807 P S
1.11 0 20.60483969637234 36.05717498632443 13.65730398910466 24.66500694889536 -0.1682848087892459 -0.2799193727254807 P S
1.12 0 20.741404009617128 36.30381632916713 13.65730398910466 24.66500694889536 -0.1682848087892459 -0.2799193727254807 P S
1.1300000000000001 0 20.87796832286191 36.55045767200982 13.65730398910466 24.66500694889536 -0.1682848087892459 -0.2799193727254807 P S
1.1400000000000001 0 21.014532636106697 36.79709901485251 13.65730398910466 24.66500694889536 -0.1682848087892459 -0.2799193727254807 P S
1.1500000000000001 0 21.151096949351484 37.043740357695214 13.65730398910466 24.66500694889536 -0.1682848087892459 -0.2799193727254807 P S
1.16 0 21.287661262596274 37.2903817005379 13.65730398910466 24.66500694889536 -0.1682848087892459 -0.2799193727254807 P S
1.17 0 21.424225575841056 37.53702304338059 13.65730398910466 24.66500694889536 -0.1682848087892459 -0.2799193727254807 P S
1.18 0 21.560789889085843 37.783664386223286 13.65730398910466 24.66500694889536 -0.1682848087892459 -0.2799193727254807 P S
1.19 0 21.69735420233063 38.03030572906598 13.65730398910466 24.66500694889536 -0.1682848087892459 -0.2799193727254807 P S
1.2 0 21.833918515575416 38.27694707190867 13.65730398910466 24.66500694889536 -0.1682848087892459 -0.2799193727254807 P S
1.21 0 21.970482828820202 38.523588414751366 13.65730398910466 24.66500694889536 -0.1682848087892459 -0.2799193727254807 P S
1.22 0 22.107047142064992 38.770229757594066 13.65730398910466 24.66500694889536 -0.1682848087892459 -0.2799193727254807 P S
1.23 0 22.24361145530978 39.01687110043675 13.65730398910466 24.66500694889536 -0.1682848087892459 -0.2799193727254807 P S
1.24 0 22.38017576855456 39.263512443279446 13.65730398910466 24.66500694889536 -0.1682848087892459 -0.2799193727254807 P S
1.25 0 22.516740081799348 39.51015378612214 13.65730398910466 24.66500694889536 -0.1682848087892459 -0.2799193727254807 P S
1.26 0 22.653304395044135 39.75679512896483 13.65730398910466 24.66500694889536 -0.1682848087892459 -0.2799193727254807 P S
1.27 0 22.789868708288925 40.00343647180753 13.65730398910466 24.66500694889536 -0.1682848087892459 -0.2799193727254807 P S
1.28 0 22.92643302153371 40.250077814650226 13.65730398910466 24.66500694889536 -0.1682848087892459 -0.2799193727254807 P S
1.29 0 23.062997334778498 40.49671915749292 13.65730398910466 24.66500694889536 -0.1682848087892459 -0.2799193727254807 P S
1.3 0 23.199561648023284 40.74336050033561 13.65730398910466 24.66500694889536 -0.1682848087892459 -0.2799193727254807 P S
1.31 0 23.33612596126807 40.990001843178305 13.65730398910466 24.66500694889536 -0.1682848087892459 -0.2799193727254807 P S
1.32 0 23.472690274512857 41.236643186021 13.65730398910466 24.66500694889536 -0.1682848087892459 -0.2799193727254807 P S
1.33 0 23.609254587757643 41.48328452886369 13.65730398910466 24.66500694889536 -0.1682848087892459 -0.2799193727254807 P S
1.34 0 23.74581890100243 41.729925871706385 13.65730398910466 24.66500694889536 -0.1682848087892459 -0.2799193727254807 P S
1.35 0 23.882383214247213 41.97656721454908 13.65730398910466 24.66500694889536 -0.1682848087892459 -0.2799193727254807 P S
1.36 0 24.018947527492006 42.22320855739178 13.65730398910466 24.66500694889536 -0.1682848087892459 -0.2799193727254807 P S
1.37 0 24.155511840736793 42.46984990023447 13.65730398910466 24.66500694889536 -0.1682848087892459 -0.2799193727254807 P S
1.3800000000000001 0 24.292076153981576 42.71649124307716 13.65730398910466 24.66500694889536 -0.1682848087892459 -0.2799193727254807 P S
1.3900000000000001 0 24.428640467226362 42.96313258591985 13.65730398910466 24.66500694889536 -0.1682848087892459 -0.2799193727254807 P S
1.4000000000000001 0 24.56520478047115 43.209773928762544 13.65730398910466 24.66500694889536 -0.1682848087892459 -0.2799193727254807 P S
0.01 1 0.302137476635106 0.5202583283297986 16.691250758862274 28.746031742916884 0.12610976629130533 0.21919279430772678 p s
0.02 1 0.4923482506583499 0.8479135758280526 20.439181409133138 35.216815405667674 0.06817270349709288 0.12069783166456069 p s
0.03 1 0.7025038378098343 1.2101397739562691 21.406545848365756 36.9102172903705 0.03705783342978379 0.06847376043665532 p s
0.04 1 0.9184082960339013 1.5826073050140894 21.717536867677644 37.4862126212896 0.01698577452000749 0.034965236494858956 p s
0.05 1 1.136108413902459 1.958623417878745 21.798388941954023 37.67668467159335 0.0019834828677234473 0.008036277964070084 p s
0.06 1 1.3540202385386364 2.335571753942435 21.770904611796993 37.69160004760907 -0.010039517829790312 -2.07567665046527e-17 P S
0.07 1 1.5713203635353343 2.7121213225163854 21.680848096335165 37.60482897085923 -0.02042803219703933 -0.022408081461302017 P S
0.08 1 1.7874958625337536 3.087428679911852 21.548592385871615 37.448172715999895 -0.02966061631393455 -0.038119948825328126 P S
0.09 1 2.002179876721751 3.4608597709757825 21.384671969843396 37.23610277845157 -0.038065631153717874 -0.05228969475435932 P S
0.1 1 2.215095601322074 3.8318711307213063 21.195997756144628 36.97577443176957 -0.04581280417976634 -0.06555050188398043 P S
0.11 1 2.4232363027007016 4.188403930306946 20.208462042679155 34.72881486059068 -0.07352600935426153 -0.13163912287510018 P S
0.12 1 2.625311340186823 4.535666818444273 20.206575429203447 34.72361297511152 -0.0735679369209172 -0.13175007070338424 P S
0.13 1 2.827364957076307 4.882871498245376 20.204146800010616 34.71723896850757 -0.07362186918218344 -0.13188586811000305 P S
0.14 1 3.029391621603681 5.230005744767646 20.201171973044207 34.70957382045236 -0.073687868178558 -0.13204895521416277 P S
0.15 1 3.2313858095557393 5.57705705747089 20.197646881568748 34.70065910752444 -0.07376598624212458 -0.13223833042674676 P S
0.16 1 3.433341978845321 5.924012937395518 20.19356760637633 34.69048753014429 -0.0738562652194825 -0.13245401522087455 P S
0.17 1 3.635254391467911 6.270860666204261 20.18903660360587 34.679332781051095 -0.07395639092022271 -0.1326900722668162 P S
0.18 1 3.8371177972757042 6.617587938867546 20.18384302578118 34.66658815893329 -0.07407096409071927 -0.13295916863935142 P S
0.19 1 4.038926388122445 6.964181874256971 20.17808191498559 34.65256372589059 -0.07419781597514967 -0.1332545456347713 P S
0.2 1 4.240674503813811 7.310629711120575 20.171750308114436 34.63725676968375 -0.07433693807786869 -0.1335760531911597 P S
0.21 1 4.442356455537164 7.656918629750488 20.1648455598298 34.62066487353431 -0.07448830780413696 -0.13392351807903197 P S
0.22 1 4.64396652744073 8.00303575596218 20.15736532378477 34.602785873569616 -0.07465188903316561 -0.1342967453962594 P S
0.23 1 4.845498978472688 8.348968165334092 20.14930753434679 34.583617825761436 -0.0748276327085969 -0.1346955199041309 P S
0.24 1 5.046947836679885 8.694702887638995 20.14011176438276 34.56315898263346 -0.07502760771127831 -0.13511960719543228 P S
0.25 1 5.248307758519691 9.04022689208036 20.13173083481079 34.5414077906792 -0.07520932051783068 -0.13556875446690306 P S
0.26 1 5.449572704385553 9.385527157630506 20.121895246304117 34.518363142768706 -0.0754219183591294 -0.1360426860935224 P S
0.27 1 5.650736853407804 9.730592821197247 20.11147731072674 34.49464624699694 -0.07564633932410328 -0.13652839668165026 P S
0.28 1 5.851794370216892 10.07541564346174 20.100476751376757 34.469371649623014 -0.07588246504090108 -0.13704374808872305 P S
0.29 1 6.052739407235068 10.419980217439619 20.0888933580179 34.44267345349395 -0.07613017065779981 -0.1375856224661207 P S
0.3 1 6.253566106920143 10.764272981731821 20.076726978827548 34.41520963020448 -0.07638932530732856 -0.1381403828929044 P S
0.31 1 6.454268603946541 11.108280402147905 20.063977513534493 34.38603028344609 -0.07665979254788398 -0.13872688389193744 P S
0.32 1 6.654841027304717 11.451989383278145 20.050644907493115 34.355531550021674 -0.0769414307869609 -0.1393367374532927 P S
0.33 1 6.855277502318377 11.79538930591301 20.036729146628833 34.32446498672835 -0.077234093686167 -0.13995466059001063 P S
0.34 1 7.0555721525626796 12.138473543505613 20.022230252951925 34.29192197034224 -0.07753763055325828 -0.14059844301025703 P S
0.35000000000000003 1 7.255719101680974 12.481225941148342 20.0071482807586 34.258156490390654 -0.0778518867175791 -0.14126266655472722 P S
0.36 1 7.455712475101301 12.823632529538544 19.99148331320939 34.22291485061883 -0.07817670389438892 -0.14195192099781706 P S
0.37 1 7.655546401642791 13.165679999809884 19.97523545937585 34.186347390004556 -0.07851192053518512 -0.1426628411524835 P S
0.38 1 7.855215015022847 13.507359833628405 19.958404851616528 34.149572936497826 -0.0788573721660395 -0.14337346969451453 P S
0.39 1 8.05471245525612 13.848665693185106 19.940991643217362 34.11114956141203 -0.07921289171445489 -0.1441114077816216 P S
0.4 1 8.254032960177382 14.189580533200354 19.923748633384772 34.07144638760966 -0.0795630672567504 -0.14486911030120234 P S
0.41000000000000003 1 8.453182100735175 14.530090376136789 19.90594301609245 34.03028557863449 -0.07992274243767018 -0.14564954500505894 P S
0.42 1 8.652151437243182 14.870184681464158 19.8874602107704 33.98885465115419 -0.08029405484841622 -0.14642995577752427 P S
0.43 1 8.850933152240955 15.209861855152957 19.8683041068181 33.94612737408739 -0.08067672868803491 -0.14722946464316944 P S
0.44 1 9.049520826713673 15.549104041946686 19.848823149505474 33.90196176221715 -0.0810636638257235 -0.14805030126421706 P S
0.45 1 9.247908135562547 15.887896766719697 19.828507874886927 33.856347019702866 -0.08146481145191309 -0.14889220793541955 P S
0.46 1 9.446089210608895 16.22623259919792 19.80759840112732 33.810934114078634 -0.08187521396145696 -0.14972457013864876 P S
0.47000000000000003 1 9.644058478203066 16.5641086459702 19.786199838639185 33.76383377023347 -0.08229265212527806 -0.15058183020095095 P S
0.48 1 9.84181610124812 16.901506115346653 19.76555395759392 33.71532332701197 -0.08269298528742426 -0.15145844454867644 P S
0.49 1 10.039359388930107 17.23841099880353 19.74326514915378 33.66621485691129 -0.0831225456837514 -0.1523394550761733 P S
0.5 1 10.236679902808019 17.574830659289976 19.7206191129117 33.617054321144465 -0.08355623652184546 -0.1532150506138469 P S
0.51 1 10.433771023682935 17.910748161256187 19.697429931542175 33.5658474441415 -0.08399749694089109 -0.15412045553506906 P S
0.52 1 10.630626471408208 18.246146636431213 19.673983896498488 33.513400657812355 -0.0844407769821522 -0.15504088481569925 P S
0.53 1 10.827243835668076 18.5810121189944 19.650200956887154 33.45945420621725 -0.08488752665593774 -0.15598047833958742 P S
0.54 1 11.02362107952732 18.91533554880842 19.625063472240573 33.40607281733242 -0.08535659632018856 -0.1569032149484952 P S
0.55 1 11.21975607706796 19.249128144379583 19.601853272475402 33.35180392028291 -0.08578689617671544 -0.15783426619349683 P S
0.56 1 11.415655741703183 19.582367860794918 19.577368733072433 33.29574705481964 -0.08623794662241666 -0.15878868535869434 P S
0.5700000000000001 1 11.611306936129145 19.915038562269192 19.552820533058036 33.23792876317203 -0.08668725224920436 -0.15976545478853058 P S
0.58 1 11.806701804429405 20.247145679981877 19.526700184097447 33.18239951863406 -0.08716217554981893 -0.16069638046028153 P S
0.59 1 12.001833782940258 20.578679461044192 19.499965174555673 33.1239512002256 -0.08764495766915727 -0.1616687863459264 P S
0.6 1 12.196696807221517 20.90961991795584 19.472663217605017 33.063924189434985 -0.08813457154407954 -0.16265963810521908 P S
0.61 1 12.391285187098267 21.239965554789013 19.444813734226756 33.00536063187219 -0.08863051694203009 -0.16361883370254365 P S
0.62 1 12.585593073992634 21.569718124170283 19.416520627689533 32.94469978575534 -0.08913081588491076 -0.16460471010301145 P S
0.63 1 12.779615057260619 21.898854515603094 19.38767807437388 32.8823070478644 -0.08963721287088597 -0.16561073633923784 P S
0.64 1 12.973345705089356 22.227369810306694 19.35829263304444 32.82130229774581 -0.09014944856147444 -0.1665866809452354 P S
0.65 1 13.166779651517803 22.555271324602494 19.32836950655797 32.75850317279413 -0.0906672915892352 -0.16758351883605666 P S
0.66 1 13.359911584196599 22.882534558146634 19.29791297437991 32.69386138929057 -0.09119053036257962 -0.16860147455608404 P S
0.67 1 13.552736128205977 23.209155725710602 19.26722370224759 32.63105426688474 -0.09171392073322271 -0.16958277707470087 P S
0.68 1 13.745266293997886 23.53514591992143 19.23865069207755 32.566296893446065 -0.09219780567123764 -0.17058668156711232 P S
0.6900000000000001 1 13.937503486572767 23.86047843913075 19.20883623272368 32.49978196232784 -0.09269926234016272 -0.1716096611284393 P S
0.7000000000000001 1 14.128068523092757 24.185137016123665 18.932985109144052 32.43154193872511 -0.09718118621053076 -0.17265071911852514 P S
0.71 1 14.317039009329601 24.509137862339937 18.86134984704097 32.36681382964773 -0.0983014336263435 -0.17363042699418477 P S
0.72 1 14.505302046803148 24.83246569495745 18.791221309975946 32.29796417487148 -0.09938184221402338 -0.1746643569707407 P S
0.73 1 14.692869354654198 25.155114028196063 18.722526429429156 32.23159461940345 -0.10042505497342234 -0.17565321563057584 P S
0.74 1 14.879756060120975 25.47708796403708 18.6549095323381 32.16272811525476 -0.10143774606065192 -0.17667129421161146 P S
0.75 1 15.065990083684905 25.798363362135767 18.593945230698843 32.09247485871246 -0.10233911419576935 -0.17770163942050643 P S
0.76 1 15.251625998139485 26.118948960839248 18.532572744328 32.023905746012275 -0.10323562746926401 -0.17869940175052462 P S
0.77 1 15.436713387480046 26.43883234618675 18.49928540533427 31.95277655208547 -0.10371741029775972 -0.1797263273117129 P S
0.78 1 15.62168822927623 26.75800939764069 18.49430386863405 31.883002235206238 -0.10378924368020427 -0.18072582242214358 P S
0.79 1 15.806585410609514 27.07648310431622 18.484201824169684 31.811330251239756 -0.10393470268362195 -0.18174452235059632 P S
0.8 1 15.991366456763037 27.39423295289642 18.470865900217436 31.739030353503527 -0.10412629362817445 -0.1827640909383597 P S
0.81 1 16.17599932525939 27.711269024399787 18.45488831781565 31.66781136673594 -0.10435519135957479 -0.18376063653002908 P S
0.8200000000000001 1 16.360457116062214 28.02757924771979 18.436217958554842 31.59350693990999 -0.10462178173048174 -0.18479226100243032 P S
0.8300000000000001 1 16.544716948210663 28.343157535624744 18.415650618263783 31.52214623088132 -0.10491436348291491 -0.1857753601226871 P S
0.84 1 16.728759377337948 28.658010358093453 18.39251967975683 31.447936656055784 -0.10524205361806896 -0.18678987965995766 P S
0.85 1 16.893718393987584 28.972112540425222 13.65730398910466 31.37308768006982 -0.1528111308889392 -0.1878051866195577 P S
0.86 1 17.030282707232374 29.28548463681297 13.65730398910466 31.300084872746673 -0.1528111308889392 -0.18878787871277455 P S
0.87 1 17.166847020477157 29.59810560771388 13.65730398910466 31.22406376687014 -0.1528111308889392 -0.18980337871463865 P S
0.88 1 17.30341133372194 29.909973498740666 13.65730398910466 31.150255925652743 -0.1528111308889392 -0.19078179797958386 P S
0.89 1 17.43997564696673 30.22109731595312 13.65730398910466 31.073999470618244 -0.1528111308889392 -0.19178502116384338 P S
0.9 1 17.57653996021152 30.531450430828393 13.65730398910466 30.99813613430774 -0.1528111308889392 -0.19277547103617046 P S
0.91 1 17.71310427345631 30.841058103306807 13.65730398910466 30.922534683333673 -0.1528111308889392 -0.19375507493000818 P S
0.92 1 17.849668586701092 31.10301038013965 13.65730398910466 24.66500694889536 -0.1528111308889392 -0.25627358479912493 P S
0.93 1 17.98623289994588 31.34965172298235 13.65730398910466 24.66500694889536 -0.1528111308889392 -0.25627358479912493 P S
0.9400000000000001 1 18.122797213190665 31.596293065825037 13.65730398910466 24.66500694889536 -0.1528111308889392 -0.25627358479912493 P S
0.9500000000000001 1 18.259361526435452 31.84293440866773 13.65730398910466 24.66500694889536 -0.1528111308889392 -0.25627358479912493 P S
0.96 1 18.395925839680235 32.089575751510424 13.65730398910466 24.66500694889536 -0.1528111308889392 -0.25627358479912493 P S
0.97 1 18.532490152925025 32.336217094353124 13.65730398910466 24.66500694889536 -0.1528111308889392 -0.25627358479912493 P S
0.98 1 18.669054466169808 32.58285843719581 13.65730398910466 24.66500694889536 -0.1528111308889392 -0.25627358479912493 P S
0.99 1 18.805618779414598 32.82949978003851 13.65730398910466 24.66500694889536 -0.1528111308889392 -0.25627358479912493 P S
1.0 1 18.942183092659388 33.076141122881204 13.65730398910466 24.66500694889536 -0.1528111308889392 -0.25627358479912493 P S
1.01 1 19.07874740590417 33.32278246572389 13.65730398910466 24.66500694889536 -0.1528111308889392 -0.25627358479912493 P S
1.02 1 19.215311719148954 33.56942380856658 13.65730398910466 24.66500694889536 -0.1528111308889392 -0.25627358479912493 P S
1.03 1 19.351876032393744 33.816065151409276 13.65730398910466 24.66500694889536 -0.1528111308889392 -0.25627358479912493 P S
1.04 1 19.48844034563853 34.06270649425198 13.65730398910466 24.66500694889536 -0.1528111308889392 -0.25627358479912493 P S
1.05 1 19.62500465888332 34.30934783709467 13.65730398910466 24.66500694889536 -0.1528111308889392 -0.25627358479912493 P S
1.06 1 19.761568972128103 34.55598917993736 13.65730398910466 24.66500694889536 -0.1528111308889392 -0.25627358479912493 P S
1.07 1 19.898133285372886 34.802630522780056 13.65730398910466 24.66500694889536 -0.1528111308889392 -0.25627358479912493 P S
1.08 1 20.034697598617676 35.04927186562275 13.65730398910466 24.66500694889536 -0.1528111308889392 -0.25627358479912493 P S
1.09 1 20.171261911862466 35.29591320846544 13.65730398910466 24.66500694889536 -0.1528111308889392 -0.25627358479912493 P S
1.1 1 20.307826225107256 35.542554551308136 13.65730398910466 24.66500694889536 -0.1528111308889392 -0.25627358479912493 P S
1.11 1 20.44439053835204 35.78919589415083 13.65730398910466 24.66500694889536 -0.1528111308889392 -0.25627358479912493 P S
1.12 1 20.58095485159682 36.03583723699352 13.65730398910466 24.66500694889536 -0.1528111308889392 -0.25627358479912493 P S
1.1300000000000001 1 20.71751916484161 36.282478579836216 13.65730398910466 24.66500694889536 -0.1528111308889392 -0.25627358479912493 P S
1.1400000000000001 1 20.854083478086398 36.52911992267891 13.65730398910466 24.66500694889536 -0.1528111308889392 -0.25627358479912493 P S
1.1500000000000001 1 20.990647791331188 36.77576126552161 13.65730398910466 24.66500694889536 -0.1528111308889392 -0.25627358479912493 P S
1.16 1 21.127212104575968 37.022402608364295 13.65730398910466 24.66500694889536 -0.1528111308889392 -0.25627358479912493 P S
1.17 1 21.263776417820754 37.26904395120699 13.65730398910466 24.66500694889536 -0.1528111308889392 -0.25627358479912493 P S
1.18 1 21.40034073106554 37.51568529404968 13.65730398910466 24.66500694889536 -0.1528111308889392 -0.25627358479912493 P S
1.19 1 21.536905044310327 37.762326636892375 13.65730398910466 24.66500694889536 -0.1528111308889392 -0.25627358479912493 P S
1.2 1 21.673469357555113 38.00896797973507 13.65730398910466 24.66500694889536 -0.1528111308889392 -0.25627358479912493 P S
1.21 1 21.8100336707999 38.25560932257776 13.65730398910466 24.66500694889536 -0.1528111308889392 -0.25627358479912493 P S
1.22 1 21.94659798404469 38.50225066542046 13.65730398910466 24.66500694889536 -0.1528111308889392 -0.25627358479912493 P S
1.23 1 22.083162297289476 38.74889200826315 13.65730398910466 24.66500694889536 -0.1528111308889392 -0.25627358479912493 P S
1.24 1 22.219726610534263 38.99553335110584 13.65730398910466 24.66500694889536 -0.1528111308889392 -0.25627358479912493 P S
1.25 1 22.356290923779046 39.242174693948535 13.65730398910466 24.66500694889536 -0.1528111308889392 -0.25627358479912493 P S
1.26 1 22.492855237023832 39.48881603679123 13.65730398910466 24.66500694889536 -0.1528111308889392 -0.25627358479912493 P S
1.27 1 22.629419550268622 39.73545737963393 13.65730398910466 24.66500694889536 -0.1528111308889392 -0.25627358479912493 P S
1.28 1 22.76598386351341 39.98209872247662 13.65730398910466 24.66500694889536 -0.1528111308889392 -0.25627358479912493 P S
1.29 1 22.902548176758195 40.228740065319315 13.65730398910466 24.66500694889536 -0.1528111308889392 -0.25627358479912493 P S
1.3 1 23.03911249000298 40.47538140816201 13.65730398910466 24.66500694889536 -0.1528111308889392 -0.25627358479912493 P S
1.31 1 23.175676803247768 40.7220227510047 13.65730398910466 24.66500694889536 -0.1528111308889392 -0.25627358479912493 P S
1.32 1 23.312241116492554 40.968664093847394 13.65730398910466 24.66500694889536 -0.1528111308889392 -0.25627358479912493 P S
1.33 1 23.44880542973734 41.21530543669009 13.65730398910466 24.66500694889536 -0.1528111308889392 -0.25627358479912493 P S
1.34 1 23.585369742982127 41.46194677953278 13.65730398910466 24.66500694889536 -0.1528111308889392 -0.25627358479912493 P S
1.35 1 23.72193405622691 41.708588122375474 13.65730398910466 24.66500694889536 -0.1528111308889392 -0.25627358479912493 P S
1.36 1 23.858498369471704 41.955229465218174 13.65730398910466 24.66500694889536 -0.1528111308889392 -0.25627358479912493 P S
1.37 1 23.99506268271649 42.20187080806087 13.65730398910466 24.66500694889536 -0.1528111308889392 -0.25627358479912493 P S
1.3800000000000001 1 24.131626995961273 42.448512150903554 13.65730398910466 24.66500694889536 -0.1528111308889392 -0.25627358479912493 P S
1.3900000000000001 1 24.26819130920606 42.69515349374625 13.65730398910466 24.66500694889536 -0.1528111308889392 -0.25627358479912493 P S
1.4000000000000001 1 24.404755622450846 42.94179483658894 13.65730398910466 24.66500694889536 -0.1528111308889392 -0.25627358479912493 P S
0.01 2 0.44911353682328886 0.7763107487549606 10.58582391714638 18.305020011921386 0.15878005095047013 0.2773079352496008 p s
0.02 2 0.5866667270956558 1.0142130195829806 16.17277538499177 27.977649063841035 0.11453760522652211 0.20171624997705656 p s
0.03 2 0.7622069371407243 1.3179749077771898 18.60567781081182 32.20795264666188 0.07921468020866772 0.14175974793639895 p s
0.04 2 0.9544867066226772 1.6509656331544187 19.712570846857552 34.15468688473237 0.05333187078540251 0.09821530218933813 p s
0.05 2 1.154576155917003 1.996908327644957 20.210912738094336 34.73750626859964 -1.1130150909503416e-17 -1.9129946875708994e-17 P S
0.06 2 1.3566861776736998 2.344274097509501 20.210912738094336 34.736206309642995 -1.1130150909503416e-17 -0.0027027715816310715 P S
0.07 2 1.5587769529434685 2.6916265614954127 20.209482048300686 34.733843390900134 -0.002162754800854552 -0.004536786552375529 P S
0.08 2 1.7608700589117228 3.038947794959507 20.20840084922574 34.730277602424806 -0.0028656882792430214 -0.00637316374011 P S
0.09 2 1.9629444648935124 3.3862274639606245 20.206501659181193 34.725504170271435 -0.0037974402300005694 -0.008211824525445157 P S
0.1 2 2.164997370652692 3.7334533538912997 20.204067385423816 34.71954914773538 -0.004730459933714293 -0.010044094879420784 P S
0.11 2 2.3670233282196556 4.080613370967389 20.201095800173853 34.71235044030472 -0.005664707765634663 -0.011887465174588604 P S
0.12 2 2.569016913384557 4.4276952749700635 20.197584754666423 34.703928964343106 -0.006600135368497043 -0.013733035001706457 P S
0.13 2 2.7709727010687883 4.774686831356773 20.193532193279534 34.69428066191102 -0.007536687968518966 -0.015580593245654138 P S
0.14 2 2.972885162883526 5.121575769682594 20.18899147565605 34.68340181388861 -0.008463640697057073 -0.01742994140439541 P S
0.15 2 3.1747490428175635 5.468349695910353 20.18385265466793 34.67143730343893 -0.009402890539381871 -0.019259310688111042 P S
0.16 2 3.376558779586054 5.814996462848344 20.17816541598739 34.658065855609486 -0.01034318127026009 -0.021116449430897664 P S
0.17 2 3.5783088951130173 6.161503588898149 20.171928248645063 34.64345321646071 -0.01128440409043707 -0.022974224853285652 P S
0.18 2 3.7799938971392772 6.507858669114935 20.165139809526504 34.62759807728103 -0.012226454839449806 -0.02483246444104662 P S
0.19 2 3.9816082799514945 6.854049269618411 20.157798912736364 34.61049927471119 -0.01316923371125008 -0.026691014168637534 P S
0.2 2 4.18314652529125 7.2000629299327565 20.14990451956717 34.59215577052093 -0.014112645007607153 -0.028549734477288247 P S
0.21 2 4.384603103379317 7.545887165436194 20.141455728963262 34.57256663535944 -0.015056596925388478 -0.03040849735379002 P S
0.22 2 4.585972362042538 7.891509469887414 20.132591628494232 34.55173103574747 -0.01598676148168369 -0.03226718413225871 P S
0.23 2 4.787248993843249 8.23691731799484 20.12301369500469 34.52964822306107 -0.01693407949824469 -0.03412568384730055 P S
0.24 2 4.988427309190998 8.582098053984625 20.11287999567159 34.50616886512267 -0.0178813594183862 -0.03599542065372878 P S
0.25 2 5.189501743507616 8.927045528908534 20.102190417357324 34.48250571106549 -0.018828544179689464 -0.03778510816811758 P S
0.26 2 5.390466726384563 9.271746236584217 20.090944881840375 34.45694885765882 -0.019775580971058557 -0.03962605055078937 P S
0.27 2 5.5913166827331695 9.616186576974036 20.079143341689736 34.43098637016788 -0.020722420587005255 -0.041411194890998856 P S
0.28 2 5.792046033905785 9.960353796428784 20.066785776722465 34.40261665382107 -0.021669016906682163 -0.043276306041852446 P S
0.29 2 5.992649198783796 10.30423499959454 20.0538721909472 34.37340259966856 -0.022615326468270008 -0.04511491043683136 P S
0.3 2 6.193120594832372 10.647817621784446 20.04040260998524 34.34249338901799 -0.023561308112602222 -0.04698032980822287 P S
0.31 2 6.393454639107144 10.991095522149735 20.026377078745245 34.31217402850708 -0.024506922692219556 -0.04873929663570118 P S
0.32 2 6.593645749223356 11.334057295634821 20.011795659473368 34.279675102550975 -0.025452132821121708 -0.050555167754797375 P S
0.33 2 6.79368834427675 11.676688351045954 19.99665842998804 34.24611422793282 -0.026396902666759165 -0.05236261420302884 P S
0.34 2 6.993576845720847 12.018975599350314 19.980965482139688 34.21110976814003 -0.027341197771672363 -0.054181814253588194 P S
0.35000000000000003 2 7.193305678195115 12.360906369632234 19.964716920478324 34.17458023866303 -0.02828498489884118 -0.05601542496307696 P S
0.36 2 7.392869270311321 12.702476663509929 19.947912860993036 34.138644569618705 -0.02922823190290673 -0.05776063685801532 P S
0.37 2 7.592262055389987 13.043674945752395 19.930553430098797 34.10055020686289 -0.03017090761220477 -0.05955295383462695 P S
0.38 2 7.7914837571306 13.384486063651877 19.913761549848985 34.06130148407598 -0.03105480205797462 -0.06134283531213753 P S
0.39 2 7.990534787230284 13.724896889684265 19.896037274654223 34.020646143446555 -0.03196049507335697 -0.06314130895146232 P S
0.4 2 8.189405534567367 14.064900144725284 19.877599503974633 33.980021682185686 -0.0328753600642122 -0.06488658738661965 P S
0.41000000000000003 2 8.38808953751257 14.404491351121687 19.858819706018163 33.93778379233709 -0.03378089924494802 -0.06665061667402601 P S
0.42 2 8.586580640852468 14.743653267694748 19.839261259353272 33.89425788125988 -0.03469799706405229 -0.06841866732061036 P S
0.43 2 8.784873172479523 15.082372278771834 19.81913108825065 33.84950066888021 -0.035616344873207605 -0.07018802911278539 P S
0.44 2 8.982961322710427 15.420644036836999 19.798480993232033 33.8048219697774 -0.036533501437634175 -0.07190863234648803 P S
0.45 2 9.180842237380137 15.758462501830726 19.777573120749118 33.75844139277904 -0.03743828513232022 -0.07364994795879767 P S
0.46 2 9.378515392350959 16.09581011466556 19.75681759624266 33.71075403980179 -0.03831443633731904 -0.07539599972109812 P S
0.47000000000000003 2 9.575975918205323 16.432674336372386 19.735091436371967 33.66263015446766 -0.03920964241984795 -0.07711554989242146 P S
0.48 2 9.773216123511983 16.769062636690453 19.712786555176145 33.61430782075784 -0.04010692286055508 -0.07880205438930857 P S
0.49 2 9.970229823483153 17.104957246217825 19.689850742302415 33.564018270698845 -0.04100809282960285 -0.08051722424909767 P S
0.5 2 10.167011262505385 17.4403423292629 19.66627329132893 33.512558553211264 -0.04191322399833709 -0.08223270566532725 P S
0.51 2 10.363560304690946 17.77520449947835 19.64346726118122 33.45964687678615 -0.04276951916608723 -0.0839573896283934 P S
0.52 2 10.559871905863465 18.10953476252677 19.618843125465133 33.407228090393446 -0.04367415166715244 -0.08562915428230758 P S
0.53 2 10.75594957459466 18.443344362414887 19.59617385184343 33.35404625489415 -0.04448973403572952 -0.08728993972098024 P S
0.54 2 10.951793739349968 18.776612111576434 19.571932424400337 33.299116326517016 -0.04534463690066549 -0.08897007607263199 P S
0.55 2 11.147392605696965 19.109322284258667 19.54775030070169 33.243066592899225 -0.04618065786010999 -0.09064959629123336 P S
0.56 2 11.34273905937049 19.441477769561473 19.522045323347605 33.18789515959134 -0.047051940610552886 -0.09227025847442603 P S
0.5700000000000001 2 11.537826917936417 19.773072727944193 19.495758646161843 33.1306872405216 -0.047925408631228975 -0.09391844589327797 P S
0.58 2 11.732650538357994 20.104086903991995 19.468941260537882 33.07189627717245 -0.048799223091914694 -0.09557974937700825 P S
0.59 2 11.927204047401887 20.43451472799111 19.44159349787444 33.01421641268553 -0.04967328569377361 -0.0971792642482668 P S
0.6 2 12.121482222903138 20.764362935340916 19.413811347244653 32.95486988308874 -0.05054453189700305 -0.098795129001372 P S
0.61 2 12.315479711186827 21.0936085890532 19.38549849047012 32.893908344616605 -0.0514159853637712 -0.10042494688304027 P S
0.62 2 12.509191262280256 21.422241537474843 19.356660515280918 32.83359406633211 -0.05228739868384348 -0.10200893746931601 P S
0.63 2 12.702611682420926 21.750274210139924 19.327301842885618 32.77229996002543 -0.053158574687223195 -0.10359094032346285 P S
0.64 2 12.895735823393895 22.07768343243905 19.297426095304136 32.70917675419211 -0.05402935155933067 -0.10519226900566123 P S
0.65 2 13.088558463798496 22.40445758964678 19.26731773069278 32.64679363627455 -0.05489160455542635 -0.1067482592561725 P S
0.66 2 13.281092057650497 22.73061467788612 19.239265159942544 32.583819640000065 -0.05568178371047277 -0.10829336682480528 P S
0.67 2 13.473338236824143 23.05613014999169 19.209978834888695 32.518830619808 -0.05649372230501999 -0.10986207136654476 P S
0.68 2 13.664209883142039 23.380986824313347 18.949552901407202 32.45225687587272 -0.0632088214075261 -0.1114429567191724 P S
0.6900000000000001 2 13.853325291028296 23.70518759846148 18.877152892985563 32.38796595081677 -0.06493744219006663 -0.11294562101362951 P S
0.7000000000000001 2 14.04175247206607 24.02873582540428 18.80850342894129 32.32123824443463 -0.06652916093973694 -0.11448129466900658 P S
0.71 2 14.229500823241755 24.351611756014258 18.741448673400157 32.25421366429024 -0.06804256084145996 -0.11600021156236193 P S
0.72 2 14.416584927315618 24.673827149429165 18.675540590813203 32.18784637362052 -0.06949287288934931 -0.11748183741554398 P S
0.73 2 14.603016775685196 24.99536169997305 18.613138164270108 32.11913469174341 -0.0708341108059502 -0.11899321131089989 P S
0.74 2 14.788861739394859 25.31620987604703 18.554643773108698 32.05122180749174 -0.07206472162418652 -0.12046526938667229 P S
0.75 2 14.97411419862162 25.636376268608306 18.500490071139893 31.981824019214244 -0.0731821974765845 -0.12194799893489598 P S
0.76 2 15.159100741077365 25.95584323857401 18.496940837784894 31.91191465505257 -0.07325472854218112 -0.123420458778625 P S
0.77 2 15.344032115242893 26.274618933578683 18.488407505223215 31.842695895903812 -0.07342876317637269 -0.12485814678195502 P S
0.78 2 15.528861709864872 26.592688438137756 18.47635295513824 31.770733019616564 -0.07367377513089128 -0.12633223289970932 P S
0.79 2 15.713555298407014 26.91004745539595 18.46130256141274 31.70106116930934 -0.07397831637985448 -0.1277400600997932 P S
0.8 2 15.898084882368911 27.226701676438477 18.443889502383154 31.62926387342345 -0.07432880109888777 -0.12917160351236 P S
0.81 2 16.08242635157294 27.54262900953779 18.424080468961684 31.556596611469125 -0.074725113500734 -0.13060126575982242 P S
0.8200000000000001 2 16.266559698961853 27.85784509032637 18.401908448947307 31.485453748893597 -0.07516572227197327 -0.1319828005806757 P S
0.8300000000000001 2 16.45046672540287 28.17233000605928 18.37875210329971 31.411464921889507 -0.07562258992200452 -0.13340117001587948 P S
0.84 2 16.61154020252026 28.486080321659262 13.65730398910466 31.339429921563827 -0.13398947642422085 -0.13476458701594118 P S
0.85 2 16.748104515765046 28.79910627361098 13.65730398910466 31.26525544986638 -0.13398947642422085 -0.13615101025526719 P S
0.86 2 16.88466882900983 29.11138090400278 13.65730398910466 31.190190124737896 -0.13398947642422085 -0.1375365632502219 P S
0.87 2 17.02123314225462 29.422925501450713 13.65730398910466 31.11738966804054 -0.13398947642422085 -0.13886397190843247 P S
0.88 2 17.15779745549941 29.733719941028056 13.65730398910466 31.04126240399788 -0.13398947642422085 -0.14023533228091273 P S
0.89 2 17.2943617687442 30.043760652071455 13.65730398910466 30.967636986989586 -0.13398947642422085 -0.14154583632139073 P S
0.9 2 17.430926081988982 30.353059216237284 13.65730398910466 30.891548214072433 -0.13398947642422085 -0.14288433409634885 P S
0.91 2 17.567490395233765 30.61116619823919 13.65730398910466 24.66500694889536 -0.13398947642422085 -0.21999119708568043 P S
0.92 2 17.704054708478555 30.85780754108189 13.65730398910466 24.66500694889536 -0.13398947642422085 -0.21999119708568043 P S
0.93 2 17.84061902172334 31.10444888392459 13.65730398910466 24.66500694889536 -0.13398947642422085 -0.21999119708568043 P S
0.9400000000000001 2 17.977183334968124 31.351090226767276 13.65730398910466 24.66500694889536 -0.13398947642422085 -0.21999119708568043 P S
0.9500000000000001 2 18.11374764821291 31.59773156960997 13.65730398910466 24.66500694889536 -0.13398947642422085 -0.21999119708568043 P S
0.96 2 18.250311961457697 31.844372912452663 13.65730398910466 24.66500694889536 -0.13398947642422085 -0.21999119708568043 P S
0.97 2 18.386876274702487 32.091014255295356 13.65730398910466 24.66500694889536 -0.13398947642422085 -0.21999119708568043 P S
0.98 2 18.52344058794727 32.33765559813805 13.65730398910466 24.66500694889536 -0.13398947642422085 -0.21999119708568043 P S
0.99 2 18.66000490119206 32.58429694098074 13.65730398910466 24.66500694889536 -0.13398947642422085 -0.21999119708568043 P S
1.0 2 18.796569214436843 32.830938283823436 13.65730398910466 24.66500694889536 -0.13398947642422085 -0.21999119708568043 P S
1.01 2 18.933133527681633 33.07757962666613 13.65730398910466 24.66500694889536 -0.13398947642422085 -0.21999119708568043 P S
1.02 2 19.06969784092642 33.32422096950882 13.65730398910466 24.66500694889536 -0.13398947642422085 -0.21999119708568043 P S
1.03 2 19.206262154171206 33.570862312351515 13.65730398910466 24.66500694889536 -0.13398947642422085 -0.21999119708568043 P S
1.04 2 19.342826467415993 33.817503655194216 13.65730398910466 24.66500694889536 -0.13398947642422085 -0.21999119708568043 P S
1.05 2 19.479390780660776 34.06414499803691 13.65730398910466 24.66500694889536 -0.13398947642422085 -0.21999119708568043 P S
1.06 2 19.615955093905566 34.3107863408796 13.65730398910466 24.66500694889536 -0.13398947642422085 -0.21999119708568043 P S
1.07 2 19.752519407150356 34.557427683722295 13.65730398910466 24.66500694889536 -0.13398947642422085 -0.21999119708568043 P S
1.08 2 19.88908372039514 34.80406902656499 13.65730398910466 24.66500694889536 -0.13398947642422085 -0.21999119708568043 P S
1.09 2 20.02564803363992 35.05071036940768 13.65730398910466 24.66500694889536 -0.13398947642422085 -0.21999119708568043 P S
1.1 2 20.16221234688471 35.297351712250375 13.65730398910466 24.66500694889536 -0.13398947642422085 -0.21999119708568043 P S
1.11 2 20.2987766601295 35.54399305509307 13.65730398910466 24.66500694889536 -0.13398947642422085 -0.21999119708568043 P S
1.12 2 20.435340973374288 35.79063439793576 13.65730398910466 24.66500694889536 -0.13398947642422085 -0.21999119708568043 P S
1.1300000000000001 2 20.57190528661907 36.037275740778455 13.65730398910466 24.66500694889536 -0.13398947642422085 -0.21999119708568043 P S
1.1400000000000001 2 20.708469599863857 36.28391708362115 13.65730398910466 24.66500694889536 -0.13398947642422085 -0.21999119708568043 P S
1.1500000000000001 2 20.845033913108644 36.53055842646385 13.65730398910466 24.66500694889536 -0.13398947642422085 -0.21999119708568043 P S
1.16 2 20.98159822635343 36.777199769306534 13.65730398910466 24.66500694889536 -0.13398947642422085 -0.21999119708568043 P S
1.17 2 21.118162539598217 37.02384111214923 13.65730398910466 24.66500694889536 -0.13398947642422085 -0.21999119708568043 P S
1.18 2 21.254726852843003 37.27048245499192 13.65730398910466 24.66500694889536 -0.13398947642422085 -0.21999119708568043 P S
1.19 2 21.39129116608779 37.517123797834614 13.65730398910466 24.66500694889536 -0.13398947642422085 -0.21999119708568043 P S
1.2 2 21.527855479332576 37.76376514067731 13.65730398910466 24.66500694889536 -0.13398947642422085 -0.21999119708568043 P S
1.21 2 21.664419792577363 38.01040648352 13.65730398910466 24.66500694889536 -0.13398947642422085 -0.21999119708568043 P S
1.22 2 21.800984105822153 38.257047826362694 13.65730398910466 24.66500694889536 -0.13398947642422085 -0.21999119708568043 P S
1.23 2 21.937548419066935 38.50368916920539 13.65730398910466 24.66500694889536 -0.13398947642422085 -0.21999119708568043 P S
1.24 2 22.074112732311722 38.75033051204808 13.65730398910466 24.66500694889536 -0.13398947642422085 -0.21999119708568043 P S
1.25 2 22.21067704555651 38.996971854890774 13.65730398910466 24.66500694889536 -0.13398947642422085 -0.21999119708568043 P S
1.26 2 22.347241358801295 39.24361319773347 13.65730398910466 24.66500694889536 -0.13398947642422085 -0.21999119708568043 P S
1.27 2 22.483805672046085 39.49025454057617 13.65730398910466 24.66500694889536 -0.13398947642422085 -0.21999119708568043 P S
1.28 2 22.62036998529087 39.73689588341886 13.65730398910466 24.66500694889536 -0.13398947642422085 -0.21999119708568043 P S
1.29 2 22.756934298535658 39.983537226261554 13.65730398910466 24.66500694889536 -0.13398947642422085 -0.21999119708568043 P S
1.3 2 22.893498611780444 40.23017856910425 13.65730398910466 24.66500694889536 -0.13398947642422085 -0.21999119708568043 P S
1.31 2 23.03006292502523 40.47681991194694 13.65730398910466 24.66500694889536 -0.13398947642422085 -0.21999119708568043 P S
1.32 2 23.166627238270017 40.72346125478963 13.65730398910466 24.66500694889536 -0.13398947642422085 -0.21999119708568043 P S
1.33 2 23.303191551514804 40.97010259763233 13.65730398910466 24.66500694889536 -0.13398947642422085 -0.21999119708568043 P S
1.34 2 23.43975586475959 41.21674394047502 13.65730398910466 24.66500694889536 -0.13398947642422085 -0.21999119708568043 P S
1.35 2 23.576320178004373 41.463385283317706 13.65730398910466 24.66500694889536 -0.13398947642422085 -0.21999119708568043 P S
1.36 2 23.712884491249167 41.71002662616041 13.65730398910466 24.66500694889536 -0.13398947642422085 -0.21999119708568043 P S
1.37 2 23.849448804493953 41.95666796900311 13.65730398910466 24.66500694889536 -0.13398947642422085 -0.21999119708568043 P S
1.3800000000000001 2 23.986013117738736 42.20330931184579 13.65730398910466 24.66500694889536 -0.13398947642422085 -0.21999119708568043 P S
1.3900000000000001 2 24.122577430983522 42.449950654688486 13.65730398910466 24.66500694889536 -0.13398947642422085 -0.21999119708568043 P S
1.4000000000000001 2 24.25914174422831 42.69659199753118 13.65730398910466 24.66500694889536 -0.13398947642422085 -0.21999119708568043 P S
0.01 3 0.6116343333720952 1.0550857446519541 7.366019601391561 12.705845988313161 0.16747692602342965 0.2872516903402223 p s
0.02 3 0.7135372073325661 1.2308550040256223 12.60524166006038 21.742187661097052 0.13994713022195987 0.23944786291422832 p s
0.03 3 0.8565441411072529 1.4774989994599013 15.705615315348407 27.084853666225158 0.11173885296930908 0.19035508798631837 p s
0.04 3 1.0231953428023244 1.76486490620985 17.460308428082747 30.10322862912711 0.08819512679991881 0.14924165452606006 p s
0.05 3 1.2032946485235614 2.0753148702462547 18.469161409895865 31.82966961853249 0.06961676072269839 0.11672426344297138 p s
0.06 3 1.3912168534103908 2.399091596540911 19.06440414006052 32.83729596392295 0.05513068314125639 0.09140059752041421 p s
0.07 3 1.5838041132995493 2.7307089573020757 19.423093175537318 33.43507959394994 0.04384940003853773 0.07176127948706146 p s
0.08 3 1.7792292089520783 3.067006875010678 19.644007347686912 33.79448149437413 0.034995613083744395 0.05652698865087357 p s
0.09 3 1.976410825571891 3.4061412605809744 19.781583779738114 34.014670150679386 0.028035148271877287 0.044582739654961345 p s
0.1 3 2.174699708999587 3.747027422843105 19.869965351764115 34.15183728722338 0.022416744357051155 0.03509028948422082 p s
0.11 3 2.3737002650508634 4.089017856935449 19.92655157036505 34.23947668184772 0.01789867264846847 0.027322544623774946 p s
0.12 3 2.573166463271557 4.431715693395488 19.96375339089108 34.29601800951719 0.014153785376488481 0.020810683944552297 p s
0.13 3 2.7729410954725284 4.7748692144625595 19.98897545261809 34.33246891648889 0.01090057411565097 0.01519028547295616 p s
0.14 3 2.9729206084994866 5.118311701897876 20.00547391506921 34.35489747903969 0.00809016256193203 0.010302257466874637 p s
0.15 3 3.173033547285785 5.461928301806914 20.0164193393544 34.36760925837658 0.005478912040510335 0.0059562126522588596 p s
0.16 3 3.373229156584945 5.805636536028591 20.02260596221113 34.37266400870299 0.0031595448629626907 0.002715093669371469 p s
0.17 3 3.5734703259155065 6.149376628684841 20.024733589787846 34.37292879261046 0.001758079049141739 -0.0024288689182688714 p S
0.18 3 3.773735029978093 6.493096468655743 20.026145728648217 34.36972779911217 -1.1028399705840217e-17 -0.004868033498244154 P S
0.19 3 3.97398691444947 6.836759718707399 20.024766658135714 34.362141286369194 -0.0017273448048348385 -0.00811628546384228 P S
0.2 3 4.1742204142677695 7.180334548183969 20.021568158202534 34.351993038854225 -0.003652964164013075 -0.011057917519771634 P S
0.21 3 4.374414611545696 7.523792833706887 20.016926990110303 34.33943081058434 -0.005326786326355372 -0.013859101623051045 P S
0.22 3 4.574558410753202 7.867113027795154 20.011239356983516 34.32482119165813 -0.006840277907974053 -0.01652922503543487 P S
0.23 3 4.774640033239366 8.210274015263773 20.004500438561617 34.307420685881034 -0.008282578435235293 -0.019230474743349005 P S
0.24 3 4.974649230921957 8.55325530048695 19.99680456502948 34.288527780965374 -0.009669600747631887 -0.021786150864797696 P S
0.25 3 5.174576381124077 8.896038673181552 19.988404408235333 34.26771827442332 -0.01098494563409795 -0.024290508594631863 P S
0.26 3 5.374413481980172 9.238607064133598 19.97917905591934 34.245429616809695 -0.012267541898708965 -0.026712276302336187 P S
0.27 3 5.574152166818764 9.580944080942263 19.968281943185616 34.22155181802739 -0.013627282883473809 -0.0290822965258241 P S
0.28 3 5.773784768322816 9.923034087506236 19.957479320701573 34.19612908157977 -0.014852232833441231 -0.03140809864692765 P S
0.29 3 5.973303962712691 10.264862045211482 19.945915947407382 34.169765079907016 -0.016059596837903777 -0.033649009668980406 P S
0.3 3 6.172702708759252 10.606420323750728 19.933606564697293 34.14167420871225 -0.017251565869085418 -0.0358813116633017 P S
0.31 3 6.371975245210406 10.947693142824058 19.921023269075008 34.112205216360785 -0.018389687686309754 -0.03808094854140324 P S
0.32 3 6.571121576432799 11.288665614491679 19.907836078498352 34.08172931072677 -0.019510611391962286 -0.04022760095143077 P S
0.33 3 6.770133052667823 11.629323547048001 19.89382072220756 34.049606458721975 -0.020634545052568263 -0.04237077783781539 P S
0.34 3 6.969002504544825 11.969653385473372 19.880013810253175 34.0161320979366 -0.021684160426638212 -0.04449242687852269 P S
0.35000000000000003 3 7.1677234337770726 12.309646318886386 19.86473858238994 33.982325920750434 -0.022788351848688854 -0.04653506342654073 P S
0.36 3 7.366289805889527 12.649294642107389 19.84864767668171 33.946861057342026 -0.023895533688288777 -0.048583663660539324 P S
0.37 3 7.564695126251679 12.988581855043595 19.83227495023831 33.91018437022902 -0.024970910259484815 -0.05061301139285827 P S
0.38 3 7.762933629116035 13.32749418586949 19.81530755177314 33.872048264100414 -0.026037647521466156 -0.052638017643253265 P S
0.39 3 7.960999436297006 13.666018804510683 19.797751794142293 33.83333546886062 -0.02709630238880808 -0.05461470483803404 P S
0.4 3 8.158888269831564 14.004154871678423 19.779837101665805 33.79358582043034 -0.028134654528774634 -0.05657028351465862 P S
0.41000000000000003 3 8.356598242903265 14.341886974096115 19.762066003580152 33.752485788768254 -0.029127255151693003 -0.05852132777563406 P S
0.42 3 8.554125332214799 14.67920041254102 19.743209330960127 33.70996452776505 -0.03014384485442124 -0.06047124833936999 P S
0.43 3 8.751461548414982 15.016082213054403 19.723782923016014 33.66689875138481 -0.031155515460752747 -0.06238165656383098 P S
0.44 3 8.948600889986363 15.352536721223812 19.703883356597316 33.623465086117136 -0.0321578616558531 -0.06424851209469395 P S
0.45 3 9.145537413505332 15.688548298706525 19.68332190216169 33.57822952564359 -0.03316072272769153 -0.06613436656040057 P S
0.46 3 9.342265607001671 16.02410121096153 19.66218231147116 33.53187710195543 -0.03416005770188308 -0.06801003624657041 P S
0.47000000000000003 3 9.538785461909942 16.35918207012443 19.641594063477246 33.4840524942541 -0.0351050058398709 -0.06988993229453568 P S
0.48 3 9.735090114655021 16.693778285326353 19.619260486231326 33.43497780347935 -0.03610102976757596 -0.0717651154604106 P S
0.49 3 9.931181606731021 17.027890148135718 19.598601667002853 33.387199100029605 -0.03699752739763801 -0.0735423129971243 P S
0.5 3 10.127060696503236 17.361515052064494 19.57650591789308 33.33725427297956 -0.037931931785855896 -0.07535266912252038 P S
0.51 3 10.322716270250494 17.694632899550705 19.554485975560624 33.2859432784759 -0.03883976162452956 -0.07716560548896971 P S
0.52 3 10.518141392987499 18.027229728479963 19.530947184050014 33.23315279300153 -0.039786220068517286 -0.0789845858645668 P S
0.53 3 10.713330118240675 18.359311947755543 19.50683405348914 33.18210623797941 -0.04073183428148106 -0.0807018410840389 P S
0.54 3 10.908276370443728 18.69086644416076 19.482322059602627 33.128408599693266 -0.04166994569846824 -0.08246694002806672 P S
0.55 3 11.10297474944498 19.02187575951355 19.457261652833317 33.0732123056842 -0.04260651873834252 -0.08423987871943636 P S
0.56 3 11.297419801314048 19.352332926251364 19.43159016762902 33.018814717995966 -0.043543838072077325 -0.08594858390362739 P S
0.5700000000000001 3 11.491606236531444 19.6822446954512 19.405480328010185 32.96298767405106 -0.0444756756967796 -0.08766473024682998 P S
0.58 3 11.685528746713414 20.011589295352184 19.378843289131645 32.905576712997316 -0.04540537512706099 -0.08939227158623236 P S
0.59 3 11.87918210573463 20.340352621840836 19.351683088733534 32.84772154968672 -0.0463328551224844 -0.09109708404809741 P S
0.6 3 12.072561129921516 20.668547111025656 19.324003074215778 32.790340830719 -0.04725806268572091 -0.09275408924921978 P S
0.61 3 12.265660671608213 20.99615455665209 19.295806097584702 32.7307643093287 -0.04818096387657909 -0.09444076264317523 P S
0.62 3 12.458475490037076 21.323157864731606 19.267295982056385 32.66939284503242 -0.049095147166897536 -0.09614419618390115 P S
0.63 3 12.651016386987733 21.649567478910395 19.24072973489266 32.611226730772984 -0.04993075250328959 -0.09772838327708565 P S
0.64 3 12.84328487296068 21.975375101987034 19.212865179747983 32.549814929703274 -0.05079121785530536 -0.09937057576698169 P S
0.65 3 13.034850179323318 22.30055932673054 18.989606901237053 32.48675375833226 -0.05718057640166763 -0.10102595685850256 P S
0.66 3 13.224332392758317 22.625107267558036 18.912147992598246 32.42373486560063 -0.05922063079745269 -0.10265043359456931 P S
0.67 3 13.413140640747512 22.949035912675086 18.84897409270561 32.36117352318982 -0.06082792061912167 -0.10423502929119302 P S
0.68 3 13.60130791248963 23.27232503611825 18.784751708467773 32.29591787367678 -0.06241417597880687 -0.10585941163032932 P S
0.6900000000000001 3 13.78884370992951 23.59497039644309 18.72227465348194 32.23298199155404 -0.06391455024217442 -0.10739974046757658 P S
0.7000000000000001 3 13.975756164947065 23.91697594964161 18.660670263122114 32.16768815899377 -0.06535552283340369 -0.10897166330892206 P S
0.71 3 14.162059994834728 24.238318490075127 18.602796140156876 32.100646536910745 -0.06667668560370636 -0.11055916640526386 P S
0.72 3 14.347808334674747 24.55900309443446 18.546098913244688 32.03567152647901 -0.06794220917171254 -0.11207318305894114 P S
0.73 3 14.532993886468658 24.87902280624779 18.500490071139893 31.967534039784116 -0.06894063724948592 -0.11363599655659026 P S
0.74 3 14.717980780250667 25.19836617281511 18.49628189514055 31.900627962431074 -0.06903190841366894 -0.11514675574990972 P S
0.75 3 14.902903688852689 25.51703991029389 18.487381835302596 31.83333967007689 -0.06922447733523536 -0.11664328164606569 P S
0.76 3 15.087721999342584 25.83502567863437 18.475136557230254 31.763593797228914 -0.06948840320077057 -0.11817119371916367 P S
0.77 3 15.27240299741004 26.152323963291074 18.460027822822255 31.695941482500317 -0.06981243150196477 -0.11963145777366992 P S
0.78 3 15.456919956087921 26.468935979010983 18.442664239743483 31.626006711789636 -0.07018264578792922 -0.1211192707867557 P S
0.79 3 15.641249859391104 26.784841062072193 18.423034242978854 31.555403754075353 -0.07059842900747788 -0.12259971277217183 P S
0.8 3 15.825373649128151 27.10005449698184 18.401094879841573 31.486140628094887 -0.07105972900312695 -0.12403173257466518 P S
0.81 3 16.009273936318724 27.414556272803384 18.37824803901814 31.414086221475493 -0.07153636958725912 -0.12550084167975675 P S
0.8200000000000001 3 16.192936176792966 27.72834129997289 18.354167271984313 31.34383699299834 -0.07203470458904958 -0.12691358896629568 P S
0.8300000000000001 3 16.342064685141764 28.041421527032277 13.65730398910466 31.271697750212883 -0.131720754740095 -0.12834492621751126 P S
0.84 3 16.478628998386547 28.35376955405451 13.65730398910466 31.198053227019486 -0.131720754740095 -0.12978650334283776 P S
0.85 3 16.615193311631337 28.665402610424604 13.65730398910466 31.127376131610376 -0.131720754740095 -0.1311519490282186 P S
0.86 3 16.75175762487612 28.97630732148626 13.65730398910466 31.053163282140364 -0.131720754740095 -0.13256728753296582 P S
0.87 3 16.888321938120907 29.286471195727568 13.65730398910466 30.980850527050265 -0.131720754740095 -0.13392880271466961 P S
0.88 3 17.024886251365697 29.59591333056247 13.65730398910466 30.906978952634844 -0.131720754740095 -0.1353022940555624 P S
0.89 3 17.161450564610487 29.900145064759684 13.65730398910466 24.66500694889536 -0.131720754740095 -0.2153230977529634 P S
0.9 3 17.29801487785527 30.146786407602384 13.65730398910466 24.66500694889536 -0.131720754740095 -0.2153230977529634 P S
0.91 3 17.434579191100052 30.393427750445078 13.65730398910466 24.66500694889536 -0.131720754740095 -0.2153230977529634 P S
0.92 3 17.571143504344843 30.64006909328777 13.65730398910466 24.66500694889536 -0.131720754740095 -0.2153230977529634 P S
0.93 3 17.70770781758963 30.886710436130464 13.65730398910466 24.66500694889536 -0.131720754740095 -0.2153230977529634 P S
0.9400000000000001 3 17.844272130834415 31.133351778973157 13.65730398910466 24.66500694889536 -0.131720754740095 -0.2153230977529634 P S
0.9500000000000001 3 17.9808364440792 31.37999312181585 13.65730398910466 24.66500694889536 -0.131720754740095 -0.2153230977529634 P S
0.96 3 18.11740075732399 31.626634464658544 13.65730398910466 24.66500694889536 -0.131720754740095 -0.2153230977529634 P S
0.97 3 18.253965070568775 31.873275807501237 13.65730398910466 24.66500694889536 -0.131720754740095 -0.2153230977529634 P S
0.98 3 18.390529383813558 32.11991715034392 13.65730398910466 24.66500694889536 -0.131720754740095 -0.2153230977529634 P S
0.99 3 18.527093697058348 32.36655849318662 13.65730398910466 24.66500694889536 -0.131720754740095 -0.2153230977529634 P S
1.0 3 18.66365801030313 32.61319983602932 13.65730398910466 24.66500694889536 -0.131720754740095 -0.2153230977529634 P S
1.01 3 18.80022232354792 32.85984117887201 13.65730398910466 24.66500694889536 -0.131720754740095 -0.2153230977529634 P S
1.02 3 18.93678663679271 33.1064825217147 13.65730398910466 24.66500694889536 -0.131720754740095 -0.2153230977529634 P S
1.03 3 19.073350950037494 33.353123864557396 13.65730398910466 24.66500694889536 -0.131720754740095 -0.2153230977529634 P S
1.04 3 19.20991526328228 33.5997652074001 13.65730398910466 24.66500694889536 -0.131720754740095 -0.2153230977529634 P S
1.05 3 19.346479576527067 33.84640655024278 13.65730398910466 24.66500694889536 -0.131720754740095 -0.2153230977529634 P S
1.06 3 19.483043889771853 34.093047893085476 13.65730398910466 24.66500694889536 -0.131720754740095 -0.2153230977529634 P S
1.07 3 19.619608203016643 34.33968923592817 13.65730398910466 24.66500694889536 -0.131720754740095 -0.2153230977529634 P S
1.08 3 19.756172516261426 34.58633057877086 13.65730398910466 24.66500694889536 -0.131720754740095 -0.2153230977529634 P S
1.09 3 19.89273682950621 34.832971921613556 13.65730398910466 24.66500694889536 -0.131720754740095 -0.2153230977529634 P S
1.1 3 20.029301142751 35.079613264456256 13.65730398910466 24.66500694889536 -0.131720754740095 -0.2153230977529634 P S
1.11 3 20.16586545599579 35.32625460729895 13.65730398910466 24.66500694889536 -0.131720754740095 -0.2153230977529634 P S
1.12 3 20.302429769240575 35.57289595014164 13.65730398910466 24.66500694889536 -0.131720754740095 -0.2153230977529634 P S
1.1300000000000001 3 20.43899408248536 35.819537292984336 13.65730398910466 24.66500694889536 -0.131720754740095 -0.2153230977529634 P S
1.1400000000000001 3 20.575558395730145 36.06617863582703 13.65730398910466 24.66500694889536 -0.131720754740095 -0.2153230977529634 P S
1.1500000000000001 3 20.712122708974935 36.31281997866972 13.65730398910466 24.66500694889536 -0.131720754740095 -0.2153230977529634 P S
1.16 3 20.848687022219718 36.559461321512416 13.65730398910466 24.66500694889536 -0.131720754740095 -0.2153230977529634 P S
1.17 3 20.985251335464504 36.80610266435511 13.65730398910466 24.66500694889536 -0.131720754740095 -0.2153230977529634 P S
1.18 3 21.12181564870929 37.052744007197795 13.65730398910466 24.66500694889536 -0.131720754740095 -0.2153230977529634 P S
1.19 3 21.258379961954077 37.29938535004049 13.65730398910466 24.66500694889536 -0.131720754740095 -0.2153230977529634 P S
1.2 3 21.394944275198863 37.54602669288318 13.65730398910466 24.66500694889536 -0.131720754740095 -0.2153230977529634 P S
1.21 3 21.53150858844365 37.792668035725875 13.65730398910466 24.66500694889536 -0.131720754740095 -0.2153230977529634 P S
1.22 3 21.66807290168844 38.039309378568575 13.65730398910466 24.66500694889536 -0.131720754740095 -0.2153230977529634 P S
1.23 3 21.804637214933226 38.28595072141127 13.65730398910466 24.66500694889536 -0.131720754740095 -0.2153230977529634 P S
1.24 3 21.941201528178013 38.53259206425396 13.65730398910466 24.66500694889536 -0.131720754740095 -0.2153230977529634 P S
1.25 3 22.077765841422796 38.779233407096655 13.65730398910466 24.66500694889536 -0.131720754740095 -0.2153230977529634 P S
1.26 3 22.214330154667582 39.02587474993935 13.65730398910466 24.66500694889536 -0.131720754740095 -0.2153230977529634 P S
1.27 3 22.350894467912372 39.27251609278204 13.65730398910466 24.66500694889536 -0.131720754740095 -0.2153230977529634 P S
1.28 3 22.48745878115716 39.519157435624734 13.65730398910466 24.66500694889536 -0.131720754740095 -0.2153230977529634 P S
1.29 3 22.624023094401945 39.76579877846743 13.65730398910466 24.66500694889536 -0.131720754740095 -0.2153230977529634 P S
1.3 3 22.76058740764673 40.01244012131012 13.65730398910466 24.66500694889536 -0.131720754740095 -0.2153230977529634 P S
1.31 3 22.897151720891518 40.259081464152814 13.65730398910466 24.66500694889536 -0.131720754740095 -0.2153230977529634 P S
1.32 3 23.033716034136308 40.505722806995514 13.65730398910466 24.66500694889536 -0.131720754740095 -0.2153230977529634 P S
1.33 3 23.17028034738109 40.75236414983821 13.65730398910466 24.66500694889536 -0.131720754740095 -0.2153230977529634 P S
1.34 3 23.306844660625877 40.9990054926809 13.65730398910466 24.66500694889536 -0.131720754740095 -0.2153230977529634 P S
1.35 3 23.443408973870664 41.24564683552359 13.65730398910466 24.66500694889536 -0.131720754740095 -0.2153230977529634 P S
1.36 3 23.579973287115454 41.49228817836629 13.65730398910466 24.66500694889536 -0.131720754740095 -0.2153230977529634 P S
1.37 3 23.71653760036024 41.73892952120898 13.65730398910466 24.66500694889536 -0.131720754740095 -0.2153230977529634 P S
1.3800000000000001 3 23.853101913605023 41.985570864051674 13.65730398910466 24.66500694889536 -0.131720754740095 -0.2153230977529634 P S
1.3900000000000001 3 23.98966622684981 42.23221220689437 13.65730398910466 24.66500694889536 -0.131720754740095 -0.2153230977529634 P S
1.4000000000000001 3 24.126230540094596 42.47885354973705 13.65730398910466 24.66500694889536 -0.131720754740095 -0.2153230977529634 P S
0.01 4 0.7814485867295387 1.3462177232134525 5.587792034001982 9.624446828723476 0.17124555274700606 0.2934437386890645 p s
0.02 4 0.8611561357648639 1.4835007807618599 10.130380828685881 17.44736361921951 0.153459265910005 0.26263917966061606 p s
0.03 4 0.9795393688574029 1.6873770181060852 13.336066970079646 22.965547148781766 0.13215550765447204 0.2257022086511042 p s
0.04 4 1.1242549106724289 1.9365648607845767 15.456505896218076 26.61248105345067 0.11192322707982987 0.19056975159955764 p s
0.05 4 1.286227386292729 2.2154099815265273 16.84028920937479 28.988497916507967 0.09440291669501343 0.16009744302838583 p s
0.06 4 1.4594998936238048 2.5136305161322996 17.752286922246476 30.549264188089005 0.07975035508017002 0.13459190563475762 p s
0.07 4 1.6402833146903337 2.8246823335940907 18.36455571647885 31.592503787933342 0.06761279035842206 0.1134517550595907 p s
0.08 4 1.8261573875971902 3.1443853953755014 18.78437362101186 32.303564699537084 0.05753279672866329 0.09589769158293543 p s
0.09 4 2.015549556574219 3.4700271417988113 19.07746835558576 32.7955273195905 0.04911651557319564 0.08127678075042925 p s
0.1 4 2.207417284139979 3.7998146215540176 19.284968128054512 33.14212222379235 0.042054378672647684 0.06897387186499983 p s
0.11 4 2.4010557399499404 4.132541147487952 19.434725522782028 33.38953372991477 0.03604932191075166 0.05853178471073734 p s
0.12 4 2.595979325593568 4.467380234703674 19.544350823861862 33.568717663641856 0.030885660864405914 0.04955323472504998 p s
0.13 4 2.7918477664979156 4.803755592665281 19.625346754062132 33.69966538759175 0.0264066108437044 0.04174967292891447 p s
0.14 4 2.988417966250532 5.1412581142720875 19.685851305215802 33.796161490401026 0.022470499840202697 0.03487439896727572 p s
0.15 4 3.18551372501755 5.4795914438072035 19.731190689540448 33.867361905403875 0.018983413918906497 0.028749711226358988 p s
0.16 4 3.3830042731648007 5.81853689644484 19.765291362376786 33.919127926995635 0.0158565244934528 0.02329628912478478 p s
0.17 4 3.5807917220453525 6.157929695524186 19.790712818551984 33.95738838188026 0.01304199514586854 0.018238957671779948 p s
0.18 4 3.7788007034982365 6.497643081803885 19.8095315330097 33.98394545198694 0.010479312051811586 0.013664433589305575 p s
0.19 4 3.976972389335442 6.837577854669982 19.82338407433618 34.001583599272855 0.008087565583743102 0.009472290259233528 p s
0.2 4 4.1752600755277856 7.177654333737635 19.83364571972199 34.01259031241842 0.005700247163100331 0.005401174305765421 p s
0.21 4 4.373626115374148 7.517807631919107 19.839732182830538 34.016650122517355 0.0036002010334552957 0.0026140710371710028 p s
0.22 4 4.572040293620057 7.857986775731815 19.842926451533533 34.0166801342384 0.0016458093846824465 -0.0025822889848594014 p S
0.23 4 4.770481111110453 8.198141886290772 19.84387839956464 34.01303392513955 -1.0928025076309083e-17 -0.005170281572235687 P S
0.24 4 4.968911834572401 8.538236043728627 19.84232679045804 34.00508203688167 -0.002152572429513149 -0.008395256735043844 P S
0.25 4 5.167328292594478 8.878236516849613 19.84002725909183 33.994473429183444 -0.003466179424977133 -0.011350298672182383 P S
0.26 4 5.365708729208539 9.21811460464472 19.835699266960436 33.980699167849245 -0.0050895662712047325 -0.014302539338523431 P S
0.27 4 5.56403924974888 9.557842428217828 19.830018038436624 33.96443346055604 -0.006643127502939055 -0.01714511231417629 P S
0.28 4 5.762306372796081 9.897395838585117 19.822773282128637 33.94583380253893 -0.00820776433887009 -0.0199028006997716 P S
0.29 4 5.960498876640462 10.236752253528163 19.814872920573613 33.92476950554335 -0.009627912841570756 -0.022622081753970482 P S
0.3 4 6.158605450693638 10.575891018432667 19.805907877516884 33.90211754190297 -0.011019403626760028 -0.02521966374279514 P S
0.31 4 6.356615985940311 10.914792412034796 19.795916063857945 33.87755712380307 -0.012386807888275337 -0.027761135397992073 P S
0.32 4 6.5545213921757215 11.253437923486636 19.784798468938966 33.851151366925 -0.013748668308442128 -0.03025455015536182 P S
0.33 4 6.752315160568013 11.591812045711503 19.77323535773125 33.82357078259553 -0.015034089728687009 -0.032654410523115275 P S
0.34 4 6.949989005657741 11.92990384678161 19.761129166151008 33.79417489262663 -0.01627071973263282 -0.03502976641701546 P S
0.35000000000000003 4 7.147535702282256 12.267694604483646 19.747862617286454 33.76308289552781 -0.017525184245555086 -0.03737623428112966 P S
0.36 4 7.344947063908259 12.605168105941985 19.73380804627115 33.73094076549711 -0.01876206438170993 -0.039654194814897986 P S
0.37 4 7.5422157490186095 12.942308775825486 19.719449709941276 33.6969268574277 -0.019945804244919253 -0.041928080792704346 P S
0.38 4 7.739334240436223 13.279102874137685 19.7041016177917 33.66214608083153 -0.021137094534023498 -0.04413005378414554 P S
0.39 4 7.936295752459771 13.615548503165039 19.688071840751938 33.626330228238686 -0.022312585727921098 -0.04628600512513524 P S
0.4 4 8.133093334996603 13.951627854580135 19.671397700090324 33.58871557542314 -0.02347200860800412 -0.04844474891803997 P S
0.41000000000000003 4 8.329722752400208 14.287325249950651 19.654688287388712 33.550113716868694 -0.024578162398966187 -0.05056206374740412 P S
0.42 4 8.526179752948781 14.622626328085 19.63688678182023 33.50981640196185 -0.02570332831456383 -0.052679226867673394 P S
0.43 4 8.722456650066558 14.957517492613286 19.618212611625747 33.468169361151624 -0.02683196655079743 -0.05477887066532741 P S
0.44 4 8.918553659398997 15.291985394152945 19.60068227945339 33.42486774763698 -0.027848960037803294 -0.056877188338093826 P S
0.45 4 9.114469603076099 15.626031796977736 19.58174871550384 33.38325443333514 -0.028906231940284136 -0.058820777143889016 P S
0.46 4 9.310194320192679 15.95964536957544 19.562880949562167 33.338907287623705 -0.029921726109902107 -0.060821195159367424 P S
0.47000000000000003 4 9.505721016553672 16.292808434227556 19.542524117526145 33.293293439581824 -0.030979013265810207 -0.06280968081260975 P S
0.48 4 9.701042968729867 16.625506959755064 19.521762713066725 33.246214466635934 -0.032020297683384345 -0.06479535184912581 P S
0.49 4 9.896154332446924 16.957738096377707 19.500409233683857 33.199878285510856 -0.03305597850488956 -0.06668936482730439 P S
0.5 4 10.091049263818636 17.289497744477682 19.47847837120152 33.151548663647965 -0.0340857974277984 -0.06860647800087434 P S
0.51 4 10.285722044368978 17.620766671950364 19.4559808764522 33.101867674246535 -0.03510970087401009 -0.07052010345555988 P S
0.52 4 10.48016701846395 17.951530837988287 19.432833927046016 33.05118646870388 -0.036131709359553524 -0.07241733087812456 P S
0.53 4 10.674378711404522 18.28179226886837 19.40924757676016 33.000959396039995 -0.03714300387360819 -0.07424698449643623 P S
0.54 4 10.86835159994911 18.611543447741408 19.385114653474623 32.94887683933751 -0.03814877583783055 -0.07609495236367116 P S
0.55 4 11.062080256143531 18.94076540856014 19.360439456562464 32.89526205666212 -0.03914919715554745 -0.07794859791191276 P S
0.56 4 11.255559300546812 19.269446624380056 19.33522573976034 32.84172972754042 -0.04014444073314731 -0.07975351391710524 P S
0.5700000000000001 4 11.448783397110391 19.59759707773481 19.30947682915707 32.787710804696864 -0.04113467600696996 -0.08153146269924921 P S
0.58 4 11.641747249099145 19.925196884909333 19.28319570783098 32.73187734896775 -0.04212006635483559 -0.08332629885046955 P S
0.59 4 11.834447156135054 20.252230224206052 19.257536209033216 32.67492967013829 -0.04305914732511758 -0.08511492317084929 P S
0.6 4 12.026898507745713 20.578702536332028 19.23224541961527 32.619375751715964 -0.043963925173844634 -0.08682136308446751 P S
0.61 4 12.219089639034813 20.90461003080513 19.205355352285945 32.561526609317966 -0.04490466259966633 -0.0885603706606649 P S
0.62 4 12.410595108138697 21.22993102676695 19.004533309630332 32.502268795792496 -0.05135261909909135 -0.09030390278427655 P S
0.63 4 12.600251551918928 21.554651233219552 18.929513465701152 32.441935007606716 -0.05354694033961283 -0.09204199784897586 P S
0.64 4 12.789256715485028 21.878777467864385 18.871384339405797 32.38308023809813 -0.05518157606986369 -0.09370339999899044 P S
0.65 4 12.977675039323678 22.202304455444114 18.812481625485187 32.32193093878751 -0.05678508203272629 -0.09539582021020938 P S
0.66 4 13.165504303485013 22.525214625429633 18.753480053793844 32.26024698700183 -0.058342295033876876 -0.09706999123146257 P S
0.67 4 13.35274929052817 22.84751653457009 18.6953511467285 32.19933761230521 -0.05983225638185416 -0.09869221711832478 P S
0.68 4 13.539412376624998 23.1691942949701 18.637222239663156 32.135894276186974 -0.0612815453544178 -0.10035087308951146 P S
0.6900000000000001 4 13.725521848924117 23.49023416641869 18.58496301827872 32.07237794006775 -0.06255210386471703 -0.10198122060461569 P S
0.7000000000000001 4 13.91110097726385 23.810645947472118 18.530381458280054 32.00908476648263 -0.06384844416491106 -0.10357718277260328 P S
0.71 4 14.096186678527596 24.130409927859603 18.499410268648035 31.943656486942547 -0.06457079404812278 -0.10519829735955656 P S
0.72 4 14.281163303929748 24.449526657398273 18.494590161610873 31.87962267158236 -0.0646823814838136 -0.10675788913318462 P S
0.73 4 14.466064989460353 24.767995078979077 18.484845879808557 31.81364563188139 -0.06490729122474485 -0.10833812724656249 P S
0.74 4 14.650855062563268 25.08579583261902 18.472054132114998 31.746684530878834 -0.06520118363671731 -0.10991543316444286 P S
0.75 4 14.835503270347898 25.40293555741472 18.45660454077503 31.681029959624254 -0.06555411460987871 -0.11143712957889744 P S
0.76 4 15.019984829180625 25.71940723982544 18.439054153910828 31.612977872969775 -0.06595238981306902 -0.1129895100673526 P S
0.77 4 15.204278332611276 26.035194961308335 18.419478791991704 31.545581469054728 -0.06639335712347691 -0.11450296828925233 P S
0.78 4 15.38836605622323 26.350313350968165 18.397602404959407 31.477474245323428 -0.0668821705006164 -0.11600911568881589 P S
0.79 4 15.572231710516464 26.66473846794646 18.374915382448886 31.407630607963014 -0.06738474493942297 -0.11753030400460247 P S
0.8 4 15.755862329339362 26.978470073206623 18.351023819146512 31.339430862608996 -0.06790931955906601 -0.11899372545182028 P S
0.81 4 15.938264529442712 27.291515610795475 13.65730398910466 31.269212675177485 -0.12947471428833351 -0.12047862498914243 P S
0.8200000000000001 4 16.074828842687495 27.60384906840142 13.65730398910466 31.197640871404296 -0.12947471428833351 -0.12197018276455063 P S
0.8300000000000001 4 16.21139315593228 27.915487158473088 13.65730398910466 31.128845970796057 -0.12947471428833351 -0.1233837109745789 P S
0.84 4 16.347957469177068 28.226416634236415 13.65730398910466 31.056657402868446 -0.12947471428833351 -0.1248464658136517 P S
0.85 4 16.484521782421854 28.53662323314713 13.65730398910466 30.98597938186688 -0.12947471428833351 -0.12625896129741118 P S
0.86 4 16.621086095666644 28.846127244358048 13.65730398910466 30.914199523837855 -0.12947471428833351 -0.12767424511920933 P S
0.87 4 16.757650408911427 29.154900371224976 13.65730398910466 30.83983918026309 -0.12947471428833351 -0.12912064678167523 P S
0.88 4 16.89421472215621 29.44037951416597 13.65730398910466 24.66500694889536 -0.12947471428833351 -0.21069917975496344 P S
0.89 4 17.030779035401 29.68702085700867 13.65730398910466 24.66500694889536 -0.12947471428833351 -0.21069917975496344 P S
0.9 4 17.16734334864579 29.93366219985137 13.65730398910466 24.66500694889536 -0.12947471428833351 -0.21069917975496344 P S
0.91 4 17.303907661890577 30.180303542694055 13.65730398910466 24.66500694889536 -0.12947471428833351 -0.21069917975496344 P S
0.92 4 17.440471975135363 30.42694488553675 13.65730398910466 24.66500694889536 -0.12947471428833351 -0.21069917975496344 P S
0.93 4 17.57703628838015 30.67358622837945 13.65730398910466 24.66500694889536 -0.12947471428833351 -0.21069917975496344 P S
0.9400000000000001 4 17.713600601624933 30.920227571222135 13.65730398910466 24.66500694889536 -0.12947471428833351 -0.21069917975496344 P S
0.9500000000000001 4 17.850164914869723 31.16686891406483 13.65730398910466 24.66500694889536 -0.12947471428833351 -0.21069917975496344 P S
0.96 4 17.986729228114505 31.41351025690752 13.65730398910466 24.66500694889536 -0.12947471428833351 -0.21069917975496344 P S
0.97 4 18.123293541359295 31.660151599750222 13.65730398910466 24.66500694889536 -0.12947471428833351 -0.21069917975496344 P S
0.98 4 18.25985785460408 31.906792942592908 13.65730398910466 24.66500694889536 -0.12947471428833351 -0.21069917975496344 P S
0.99 4 18.39642216784887 32.15343428543561 13.65730398910466 24.66500694889536 -0.12947471428833351 -0.21069917975496344 P S
1.0 4 18.532986481093655 32.4000756282783 13.65730398910466 24.66500694889536 -0.12947471428833351 -0.21069917975496344 P S
1.01 4 18.66955079433844 32.646716971120995 13.65730398910466 24.66500694889536 -0.12947471428833351 -0.21069917975496344 P S
1.02 4 18.806115107583224 32.89335831396369 13.65730398910466 24.66500694889536 -0.12947471428833351 -0.21069917975496344 P S
1.03 4 18.94267942082801 33.13999965680638 13.65730398910466 24.66500694889536 -0.12947471428833351 -0.21069917975496344 P S
1.04 4 19.0792437340728 33.386640999649075 13.65730398910466 24.66500694889536 -0.12947471428833351 -0.21069917975496344 P S
1.05 4 19.21580804731759 33.63328234249177 13.65730398910466 24.66500694889536 -0.12947471428833351 -0.21069917975496344 P S
1.06 4 19.352372360562374 33.87992368533446 13.65730398910466 24.66500694889536 -0.12947471428833351 -0.21069917975496344 P S
1.07 4 19.488936673807157 34.126565028177154 13.65730398910466 24.66500694889536 -0.12947471428833351 -0.21069917975496344 P S
1.08 4 19.625500987051947 34.37320637101985 13.65730398910466 24.66500694889536 -0.12947471428833351 -0.21069917975496344 P S
1.09 4 19.762065300296737 34.61984771386254 13.65730398910466 24.66500694889536 -0.12947471428833351 -0.21069917975496344 P S
1.1 4 19.898629613541523 34.86648905670524 13.65730398910466 24.66500694889536 -0.12947471428833351 -0.21069917975496344 P S
1.11 4 20.035193926786306 35.113130399547934 13.65730398910466 24.66500694889536 -0.12947471428833351 -0.21069917975496344 P S
1.12 4 20.171758240031092 35.35977174239062 13.65730398910466 24.66500694889536 -0.12947471428833351 -0.21069917975496344 P S
1.1300000000000001 4 20.30832255327588 35.606413085233314 13.65730398910466 24.66500694889536 -0.12947471428833351 -0.21069917975496344 P S
1.1400000000000001 4 20.444886866520665 35.85305442807601 13.65730398910466 24.66500694889536 -0.12947471428833351 -0.21069917975496344 P S
1.1500000000000001 4 20.581451179765455 36.09969577091871 13.65730398910466 24.66500694889536 -0.12947471428833351 -0.21069917975496344 P S
1.16 4 20.71801549301024 36.34633711376139 13.65730398910466 24.66500694889536 -0.12947471428833351 -0.21069917975496344 P S
1.17 4 20.854579806255025 36.59297845660409 13.65730398910466 24.66500694889536 -0.12947471428833351 -0.21069917975496344 P S
1.18 4 20.99114411949981 36.83961979944678 13.65730398910466 24.66500694889536 -0.12947471428833351 -0.21069917975496344 P S
1.19 4 21.127708432744598 37.08626114228947 13.65730398910466 24.66500694889536 -0.12947471428833351 -0.21069917975496344 P S
1.2 4 21.264272745989384 37.332902485132166 13.65730398910466 24.66500694889536 -0.12947471428833351 -0.21069917975496344 P S
1.21 4 21.40083705923417 37.57954382797486 13.65730398910466 24.66500694889536 -0.12947471428833351 -0.21069917975496344 P S
1.22 4 21.537401372478957 37.82618517081756 13.65730398910466 24.66500694889536 -0.12947471428833351 -0.21069917975496344 P S
1.23 4 21.673965685723743 38.07282651366025 13.65730398910466 24.66500694889536 -0.12947471428833351 -0.21069917975496344 P S
1.24 4 21.81052999896853 38.319467856502946 13.65730398910466 24.66500694889536 -0.12947471428833351 -0.21069917975496344 P S
1.25 4 21.947094312213316 38.56610919934564 13.65730398910466 24.66500694889536 -0.12947471428833351 -0.21069917975496344 P S
1.26 4 22.083658625458103 38.812750542188326 13.65730398910466 24.66500694889536 -0.12947471428833351 -0.21069917975496344 P S
1.27 4 22.220222938702893 39.059391885031026 13.65730398910466 24.66500694889536 -0.12947471428833351 -0.21069917975496344 P S
1.28 4 22.35678725194768 39.30603322787372 13.65730398910466 24.66500694889536 -0.12947471428833351 -0.21069917975496344 P S
1.29 4 22.493351565192466 39.55267457071641 13.65730398910466 24.66500694889536 -0.12947471428833351 -0.21069917975496344 P S
1.3 4 22.629915878437252 39.799315913559106 13.65730398910466 24.66500694889536 -0.12947471428833351 -0.21069917975496344 P S
1.31 4 22.76648019168204 40.0459572564018 13.65730398910466 24.66500694889536 -0.12947471428833351 -0.21069917975496344 P S
1.32 4 22.903044504926825 40.2925985992445 13.65730398910466 24.66500694889536 -0.12947471428833351 -0.21069917975496344 P S
1.33 4 23.03960881817161 40.53923994208719 13.65730398910466 24.66500694889536 -0.12947471428833351 -0.21069917975496344 P S
1.34 4 23.176173131416398 40.78588128492988 13.65730398910466 24.66500694889536 -0.12947471428833351 -0.21069917975496344 P S
1.35 4 23.31273744466118 41.03252262777257 13.65730398910466 24.66500694889536 -0.12947471428833351 -0.21069917975496344 P S
1.36 4 23.449301757905975 41.27916397061527 13.65730398910466 24.66500694889536 -0.12947471428833351 -0.21069917975496344 P S
1.37 4 23.58586607115076 41.525805313457965 13.65730398910466 24.66500694889536 -0.12947471428833351 -0.21069917975496344 P S
1.3800000000000001 4 23.722430384395544 41.77244665630065 13.65730398910466 24.66500694889536 -0.12947471428833351 -0.21069917975496344 P S
1.3900000000000001 4 23.85899469764033 42.019087999143345 13.65730398910466 24.66500694889536 -0.12947471428833351 -0.21069917975496344 P S
1.4000000000000001 4 23.995559010885117 42.26572934198604 13.65730398910466 24.66500694889536 -0.12947471428833351 -0.21069917975496344 P S
0.01 5 0.9534291484193161 1.6407576671869846 4.478357762535575 7.7048399829046765 0.1722128986614064 0.29477059581130716 p s
0.02 5 1.0183699046654815 1.7524826455877207 8.37982455209948 14.416286518838028 0.1599988091199914 0.2736441430359882 p s
0.03 5 1.1181692207748597 1.9241660418393374 11.4351330028826 19.67079386050366 0.14388457014431996 0.24575133871707378 p s
0.04 5 1.2443583647641878 2.1412232876073554 13.680092036881527 23.52964784529403 0.1270521664481994 0.21658678276913765 p s
0.05 5 1.389637576656249 2.391080280431973 15.284441065763728 26.284606638849027 0.11128155883626854 0.18923389995407208 p s
0.06 5 1.5485061907284412 2.664259224405379 16.42493548072396 28.240240397906 0.09725444371127677 0.16487764960780923 p s
0.07 5 1.7170604360160506 2.954031871895185 17.240920296098977 29.637312228955437 0.0850673036970276 0.14368139366561594 p s
0.08 5 1.8925856610151974 3.255718609637091 17.832714736856353 30.646541432230435 0.07454907146698106 0.12539248386215934 p s
0.09 5 2.0731945643446417 3.5660664232914296 18.26702345818338 31.38542318549375 0.065493606932364 0.10961735278131166 p s
0.1 5 2.2575628469076148 3.882794079508764 18.59088688974244 31.93333810867581 0.05765321151869973 0.09596766838386571 p s
0.11 5 2.444749001589816 4.204281548797126 18.835410069008883 32.34485893201253 0.05082976419758235 0.08408469232696823 p s
0.12 5 2.634073846381344 4.529362311588466 19.021555841407917 32.65746720117269 0.0448739852818725 0.07366565547109008 p s
0.13 5 2.825040421198248 4.8571844037129495 19.16588466301524 32.896770905245674 0.03959636861521084 0.06448064908144585 p s
0.14 5 3.017279715761363 5.187116921099554 19.277756251022158 33.08192813071601 0.034928580128578156 0.05629943768701426 p s
0.15 5 3.210514161476385 5.5186860344448645 19.365537872924918 33.22593930928404 0.03075109117466144 0.04896170794155168 p s
0.16 5 3.404532002409883 5.85153102603662 19.43541139260247 33.33844212857734 0.026950644591220107 0.042326423773423806 p s
0.17 5 3.5991694924406166 6.1853733183953405 19.49020972222834 33.426428988041195 0.023533052222981035 0.0362818435271267 p s
0.18 5 3.7942988007132628 6.519995157195587 19.533540158683873 33.49491052704415 0.020421425608751896 0.030752003986965742 p s
0.19 5 3.9898182082802496 6.855223636526796 19.568757954516148 33.54830179202125 0.017482791886854105 0.02561553733069342 p s
0.2 5 4.185646471241912 7.190919946916191 19.595752675359694 33.58896980598783 0.014836894836920524 0.020864131010613764 p s
0.21 5 4.381717333945666 7.52697099095169 19.61734936993495 33.6192469908545 0.01231397611222102 0.016453596604548506 p s
0.22 5 4.577976790504148 7.863283430021317 19.634172068639252 33.64194654339574 0.009910814217910718 0.01213365353343592 p s
0.23 5 4.774379424084793 8.199779178682453 19.645917208595666 33.65672172453136 0.007804350367873597 0.00817297041458324 p s
0.24 5 4.970887016620579 8.536392281385194 19.65518140314795 33.66534640419825 0.005608759503667293 0.004453428511463867 p s
0.25 5 5.167467609224725 8.87306484189599 19.660956595012905 33.66898793392698 0.0036183634635957866 -1.8541513761945557e-17 p s
0.26 5 5.3640942432200065 9.20975433784457 19.664160771166692 33.66785045731912 0.001703132089880707 -0.002489039951989359 p S
0.27 5 5.560747185343723 9.54641202135907 19.665072598576817 33.66291496738013 -1.0829556710516873e-17 -0.0057510237141551734 P S
0.28 5 5.757389874000726 9.8830018650656 19.66359656957806 33.654165244076985 -0.0021668873791440705 -0.00898421227782579 P S
0.29 5 5.954019343277258 10.21949187379294 19.661373376608392 33.64337806872934 -0.003430297726750769 -0.011808244691518697 P S
0.3 5 6.150613397920421 10.555851616604473 19.65710347515287 33.628904492844256 -0.005034522870592287 -0.014771258568235858 P S
0.31 5 6.34715790846561 10.892053550999043 19.651433893706308 33.611844634493124 -0.006585796337451438 -0.017634477840303538 P S
0.32 5 6.5436389129114145 11.228072434211418 19.64420447588033 33.591865715697914 -0.00814560767683573 -0.020483549393853155 P S
0.33 5 6.740044490221547 11.5638844972593 19.636176841142763 33.57009266805223 -0.00958416959175526 -0.023191717071679933 P S
0.34 5 6.936362697208281 11.899467880182375 19.627014051538545 33.54618563860602 -0.010997979819011542 -0.025838730616001032 P S
0.35000000000000003 5 7.132582746332769 12.234801759542659 19.616752900108878 33.520282135105205 -0.012390596332452632 -0.028428122841927205 P S
0.36 5 7.3286975449537906 12.569866878476471 19.605844311521388 33.49285938061666 -0.01371621792969228 -0.030932175833631077 P S
0.37 5 7.524700755564751 12.904644463052955 19.59439065907229 33.462625288158485 -0.014981685557266552 -0.03347444269271527 P S
0.38 5 7.720582167962908 13.239116669771684 19.581692077029285 33.43136685225568 -0.016269286387211174 -0.03591196443108361 P S
0.39 5 7.916332201747028 13.573272780705745 19.5681613062816 33.39956317637603 -0.0175367259790457 -0.03823072045057826 P S
0.4 5 8.111942910872001 13.907102442181133 19.553826745574554 33.365640170246074 -0.01878554873857154 -0.04055592121820254 P S
0.41000000000000003 5 8.30740643754404 14.240585724238425 19.538723475977633 33.33040976089048 -0.020016329690736637 -0.042835042057076674 P S
0.42 5 8.502715238767035 14.573706150238248 19.522880457502524 33.29336843979605 -0.021229919929321953 -0.04510489700189102 P S
0.43 5 8.697862036097588 14.906448388925703 19.50632236915533 33.25481496351931 -0.022427247174039617 -0.04734950594784405 P S
0.44 5 8.892839779119797 15.238801183125322 19.48907058333462 33.21598251463034 -0.023609237029301802 -0.049505133759333166 P S
0.45 5 9.087641616735288 15.570762109435295 19.47114379554082 33.17564051933833 -0.024776778970050664 -0.05164686383685614 P S
0.46 5 9.282260734258163 15.902311711855463 19.452152903853868 33.13383955894687 -0.02595530932632873 -0.053773561040192965 P S
0.47000000000000003 5 9.476690910297275 16.233434532203283 19.432984047756474 33.09046057022121 -0.027091853214269324 -0.055892378659829954 P S
0.48 5 9.670925608212674 16.564116421332127 19.41318731066204 33.04546521300499 -0.028216508889713086 -0.05800566055873018 P S
0.49 5 9.864958572572435 16.89435808601801 19.392771058262642 33.00181328320851 -0.029330093679057076 -0.05998212884551763 P S
0.5 5 10.05878366033194 17.224147445237545 19.371742718318927 32.955531959148274 -0.030433339601319685 -0.062006169853931634 P S
0.51 5 10.252394830144462 17.55346683502858 19.35010893674888 32.907951526237994 -0.031526903052476345 -0.0640175279898288 P S
0.52 5 10.445786133068301 17.882302121264694 19.327875700674095 32.858533331394504 -0.03261137361755537 -0.06603881740046993 P S
0.53 5 10.638951704446514 18.210655335789532 19.305048436904865 32.81104927796184 -0.033687281914157846 -0.06792161672668073 P S
0.54 5 10.831885756791516 18.53851699933524 19.28163209165362 32.76087886351991 -0.03475510649794813 -0.06985298467202981 P S
0.55 5 11.02458347873931 18.86586851122407 19.258663173884916 32.70916479545558 -0.03577036840298238 -0.07178644692397831 P S
0.56 5 11.217057370603923 19.192697020148216 19.235748297759066 32.65720808171629 -0.036754150424277855 -0.07367494635205876 P S
0.5700000000000001 5 11.409296302552548 19.519014241228444 19.21199509509755 32.60540838049031 -0.037745681377426336 -0.07550785790678963 P S
0.58 5 11.601293153520547 19.84480141091142 19.188046582274183 32.551439382370994 -0.03871847537265739 -0.07736837213813928 P S
0.59 5 11.791964030377127 20.170041723683717 18.991599289395328 32.49621149594589 -0.0458887993303037 -0.07922398772012874 P S
0.6 5 11.981558660821516 20.49472151455793 18.928252669236098 32.43997034410134 -0.047959102996006524 -0.08106688320787211 P S
0.61 5 12.170581850045767 20.8188466417462 18.87604675521455 32.38480639299374 -0.049595474045088295 -0.08283166022832095 P S
0.62 5 12.359074802595721 21.14241001705259 18.822329059208037 32.32749296482231 -0.051220201398413094 -0.08462314917133762 P S
0.63 5 12.547029714838198 21.465393472072442 18.768595343643803 32.26923436790257 -0.052790992155860375 -0.08640297142155903 P S
0.64 5 12.734446894308942 21.787802537225364 18.71481307730306 32.211997963103514 -0.05431342910226967 -0.08811352908602631 P S
0.65 5 12.9213254331694 22.109625916540534 18.661140830309087 32.152348604614254 -0.0557871692786452 -0.08985841937767666 P S
0.66 5 13.107668437691775 22.430845631697693 18.609596389619067 32.09164370426141 -0.057162895045823295 -0.091596841529606 P S
0.67 5 13.29351840654347 22.75146771018403 18.559556928230148 32.03214662901842 -0.05846397819622923 -0.09326613768981838 P S
0.68 5 13.478854400717859 23.071480836208536 18.507657340878335 31.970582810569926 -0.0597799408889741 -0.09495936056862828 P S
0.6900000000000001 5 13.663859272590239 23.39087376431715 18.498319756967156 31.90833217600633 -0.06001325595194971 -0.0966380877879922 P S
0.7000000000000001 5 13.848810498566648 23.709650736661143 18.491050022567087 31.846563363551997 -0.06019419513590661 -0.09827232945318322 P S
0.71 5 14.03367272056752 24.02779755761458 18.480268810081608 31.782926538615502 -0.060461405686184265 -0.09992481659050458 P S
0.72 5 14.218412408512968 24.345304600197107 18.466612897632466 31.71886743013221 -0.0607979573723265 -0.10155785993839939 P S
0.73 5 14.403002891685741 24.662179266207342 18.450755841132604 31.655256411493433 -0.06118612444373211 -0.10315071704914389 P S
0.74 5 14.58742171072458 24.978402998764725 18.432625446216072 31.58890092362907 -0.06162654073515855 -0.1047831694444999 P S
0.75 5 14.771649790139708 25.293973435805466 18.413007814366267 31.52505826774724 -0.06209908390445238 -0.106326986318906 P S
0.76 5 14.955670989619165 25.60889418735138 18.391041957128333 31.458666625912347 -0.0626233691807602 -0.10790577644343263 P S
0.77 5 15.139470397771568 25.923141257666245 18.368382176761585 31.390588513658237 -0.06315900934176853 -0.10949765446132372 P S
0.78 5 15.323038512508996 26.236725232708846 18.345770374372186 31.325419369332536 -0.06368837493818036 -0.11099696285484567 P S
0.79 5 15.506373602319943 26.54963983421183 18.321229955338488 31.257108721980458 -0.06425722856191968 -0.11254383085331969 P S
0.8 5 15.673246362090541 26.86186426306268 13.65730398910466 31.18830124140592 -0.12725031103580486 -0.11407740266683647 P S
0.81 5 15.809810675335331 27.17341770041736 13.65730398910466 31.121184231231023 -0.12725031103580486 -0.11555049731759645 P S
0.8200000000000001 5 15.946374988580114 27.48428048477215 13.65730398910466 31.051011300792354 -0.12725031103580486 -0.11706751629616374 P S
0.8300000000000001 5 16.082939301824904 27.794442780410794 13.65730398910466 30.982580643469813 -0.12725031103580486 -0.11852493656913252 P S
0.84 5 16.219503615069687 28.103921971597742 13.65730398910466 30.912695795367316 -0.12725031103580486 -0.11999180178498069 P S
0.85 5 16.356067928314477 28.412690288563393 13.65730398910466 30.840374597367386 -0.12725031103580486 -0.12148773557404224 P S
0.86 5 16.49263224155926 28.72075638790563 13.65730398910466 30.772066780800905 -0.12725031103580486 -0.1228807708892529 P S
0.87 5 16.629196554804047 28.985186472846756 13.65730398910466 24.66500694889536 -0.12725031103580486 -0.2061163361320729 P S
0.88 5 16.765760868048837 29.231827815689456 13.65730398910466 24.66500694889536 -0.12725031103580486 -0.2061163361320729 P S
0.89 5 16.902325181293627 29.47846915853215 13.65730398910466 24.66500694889536 -0.12725031103580486 -0.2061163361320729 P S
0.9 5 17.03888949453841 29.725110501374843 13.65730398910466 24.66500694889536 -0.12725031103580486 -0.2061163361320729 P S
0.91 5 17.175453807783192 29.971751844217536 13.65730398910466 24.66500694889536 -0.12725031103580486 -0.2061163361320729 P S
0.92 5 17.312018121027982 30.21839318706023 13.65730398910466 24.66500694889536 -0.12725031103580486 -0.2061163361320729 P S
0.93 5 17.448582434272772 30.465034529902923 13.65730398910466 24.66500694889536 -0.12725031103580486 -0.2061163361320729 P S
0.9400000000000001 5 17.585146747517555 30.711675872745616 13.65730398910466 24.66500694889536 -0.12725031103580486 -0.2061163361320729 P S
0.9500000000000001 5 17.72171106076234 30.958317215588302 13.65730398910466 24.66500694889536 -0.12725031103580486 -0.2061163361320729 P S
0.96 5 17.85827537400713 31.204958558430995 13.65730398910466 24.66500694889536 -0.12725031103580486 -0.2061163361320729 P S
0.97 5 17.994839687251915 31.451599901273696 13.65730398910466 24.66500694889536 -0.12725031103580486 -0.2061163361320729 P S
0.98 5 18.131404000496698 31.69824124411638 13.65730398910466 24.66500694889536 -0.12725031103580486 -0.2061163361320729 P S
0.99 5 18.267968313741488 31.944882586959082 13.65730398910466 24.66500694889536 -0.12725031103580486 -0.2061163361320729 P S
1.0 5 18.40453262698627 32.191523929801775 13.65730398910466 24.66500694889536 -0.12725031103580486 -0.2061163361320729 P S
1.01 5 18.54109694023106 32.43816527264447 13.65730398910466 24.66500694889536 -0.12725031103580486 -0.2061163361320729 P S
1.02 5 18.67766125347585 32.68480661548716 13.65730398910466 24.66500694889536 -0.12725031103580486 -0.2061163361320729 P S
1.03 5 18.814225566720634 32.931447958329855 13.65730398910466 24.66500694889536 -0.12725031103580486 -0.2061163361320729 P S
1.04 5 18.95078987996542 33.17808930117255 13.65730398910466 24.66500694889536 -0.12725031103580486 -0.2061163361320729 P S
1.05 5 19.087354193210206 33.42473064401524 13.65730398910466 24.66500694889536 -0.12725031103580486 -0.2061163361320729 P S
1.06 5 19.223918506454993 33.671371986857935 13.65730398910466 24.66500694889536 -0.12725031103580486 -0.2061163361320729 P S
1.07 5 19.360482819699783 33.91801332970063 13.65730398910466 24.66500694889536 -0.12725031103580486 -0.2061163361320729 P S
1.08 5 19.497047132944566 34.16465467254332 13.65730398910466 24.66500694889536 -0.12725031103580486 -0.2061163361320729 P S
1.09 5 19.63361144618935 34.411296015386014 13.65730398910466 24.66500694889536 -0.12725031103580486 -0.2061163361320729 P S
1.1 5 19.77017575943414 34.657937358228715 13.65730398910466 24.66500694889536 -0.12725031103580486 -0.2061163361320729 P S
1.11 5 19.90674007267893 34.90457870107141 13.65730398910466 24.66500694889536 -0.12725031103580486 -0.2061163361320729 P S
1.12 5 20.043304385923715 35.1512200439141 13.65730398910466 24.66500694889536 -0.12725031103580486 -0.2061163361320729 P S
1.1300000000000001 5 20.1798686991685 35.397861386756794 13.65730398910466 24.66500694889536 -0.12725031103580486 -0.2061163361320729 P S
1.1400000000000001 5 20.316433012413288 35.64450272959949 13.65730398910466 24.66500694889536 -0.12725031103580486 -0.2061163361320729 P S
1.1500000000000001 5 20.452997325658075 35.89114407244218 13.65730398910466 24.66500694889536 -0.12725031103580486 -0.2061163361320729 P S
1.16 5 20.589561638902858 36.13778541528487 13.65730398910466 24.66500694889536 -0.12725031103580486 -0.2061163361320729 P S
1.17 5 20.726125952147644 36.38442675812756 13.65730398910466 24.66500694889536 -0.12725031103580486 -0.2061163361320729 P S
1.18 5 20.86269026539243 36.63106810097025 13.65730398910466 24.66500694889536 -0.12725031103580486 -0.2061163361320729 P S
1.19 5 20.999254578637217 36.87770944381295 13.65730398910466 24.66500694889536 -0.12725031103580486 -0.2061163361320729 P S
1.2 5 21.135818891882003 37.12435078665564 13.65730398910466 24.66500694889536 -0.12725031103580486 -0.2061163361320729 P S
1.21 5 21.27238320512679 37.37099212949833 13.65730398910466 24.66500694889536 -0.12725031103580486 -0.2061163361320729 P S
1.22 5 21.40894751837158 37.61763347234103 13.65730398910466 24.66500694889536 -0.12725031103580486 -0.2061163361320729 P S
1.23 5 21.545511831616366 37.86427481518373 13.65730398910466 24.66500694889536 -0.12725031103580486 -0.2061163361320729 P S
1.24 5 21.682076144861153 38.11091615802642 13.65730398910466 24.66500694889536 -0.12725031103580486 -0.2061163361320729 P S
1.25 5 21.81864045810594 38.35755750086911 13.65730398910466 24.66500694889536 -0.12725031103580486 -0.2061163361320729 P S
1.26 5 21.955204771350722 38.604198843711806 13.65730398910466 24.66500694889536 -0.12725031103580486 -0.2061163361320729 P S
1.27 5 22.091769084595512 38.8508401865545 13.65730398910466 24.66500694889536 -0.12725031103580486 -0.2061163361320729 P S
1.28 5 22.2283333978403 39.09748152939719 13.65730398910466 24.66500694889536 -0.12725031103580486 -0.2061163361320729 P S
1.29 5 22.364897711085085 39.344122872239886 13.65730398910466 24.66500694889536 -0.12725031103580486 -0.2061163361320729 P S
1.3 5 22.50146202432987 39.59076421508258 13.65730398910466 24.66500694889536 -0.12725031103580486 -0.2061163361320729 P S
1.31 5 22.638026337574658 39.83740555792527 13.65730398910466 24.66500694889536 -0.12725031103580486 -0.2061163361320729 P S
1.32 5 22.774590650819448 40.08404690076797 13.65730398910466 24.66500694889536 -0.12725031103580486 -0.2061163361320729 P S
1.33 5 22.91115496406423 40.330688243610666 13.65730398910466 24.66500694889536 -0.12725031103580486 -0.2061163361320729 P S
1.34 5 23.047719277309017 40.57732958645336 13.65730398910466 24.66500694889536 -0.12725031103580486 -0.2061163361320729 P S
1.35 5 23.184283590553804 40.823970929296046 13.65730398910466 24.66500694889536 -0.12725031103580486 -0.2061163361320729 P S
1.36 5 23.320847903798594 41.070612272138746 13.65730398910466 24.66500694889536 -0.12725031103580486 -0.2061163361320729 P S
1.37 5 23.45741221704338 41.31725361498144 13.65730398910466 24.66500694889536 -0.12725031103580486 -0.2061163361320729 P S
1.3800000000000001 5 23.593976530288163 41.56389495782413 13.65730398910466 24.66500694889536 -0.12725031103580486 -0.2061163361320729 P S
1.3900000000000001 5 23.73054084353295 41.810536300666826 13.65730398910466 24.66500694889536 -0.12725031103580486 -0.2061163361320729 P S
1.4000000000000001 5 23.867105156777736 42.05717764350952 13.65730398910466 24.66500694889536 -0.12725031103580486 -0.2061163361320729 P S
0.01 6 1.125765351858918 1.935563961108669 3.725254593771033 6.403068582376471 0.17204939216613183 0.2941467164677643 p s
0.02 6 1.1803100673595701 2.029314033090427 7.102911753683793 12.208036022810926 0.1632259632233318 0.2788973263210364 p s
0.03 6 1.265954943584404 2.1765096234830543 9.925884440421578 17.05878452305895 0.1508456842556648 0.2574893887665961 p s
0.04 6 1.3768403797016482 2.367068867998651 12.155855798469918 20.889103929845746 0.1370091409248778 0.23354642101067313 p s
0.05 6 1.5073234752657119 2.5912814949523773 13.861608730498586 23.81735388716902 0.12321475196496183 0.20965477783463868 p s
0.06 6 1.6526782174023504 2.841013649923856 15.148151040663167 26.023872683070447 0.11028625658568157 0.18724245763617361 p s
0.07 6 1.8092306178144295 3.109940946994826 16.116650273388466 27.682985055351402 0.09855892989200866 0.16689042300769544 p s
0.08 6 1.9742271176457586 3.393322691927335 16.848983060997128 28.935855621868985 0.08809738674828366 0.14871025949719482 p s
0.09 6 2.1456335800880875 3.687656547313381 17.40706471296454 29.888427711423347 0.07883409615511049 0.13259862550459636 p s
0.1 6 2.3219501302188563 3.990360337882998 17.837444876455184 30.620658457431123 0.07062510873435847 0.11831589298293185 p s
0.11 6 2.502065379217097 4.299521208031335 18.171563183304087 31.18801467066609 0.06336209888208234 0.10565135775464131 p s
0.12 6 2.6851487290270497 4.6137104638386 18.434368270264176 31.632020830460046 0.05689132351055902 0.09437225797271408 p s
0.13 6 2.8705731772548573 4.931850343711822 18.642537764550692 31.98237268291774 0.05111094559656113 0.08428168707970672 p s
0.14 6 3.05786028739822 5.253119201523208 18.808782321372046 32.260832264542344 0.04592092980781087 0.07520929585109404 p s
0.15 6 3.2466408858179134 5.576883846937099 18.94258514068977 32.48384965584751 0.041233018061201186 0.06699643882998409 p s
0.16 6 3.4366272474978397 5.902650992679944 19.050930140617325 32.663323618940936 0.03697574534212236 0.05952139357553714 p s
0.17 6 3.627592610426463 6.230032197665121 19.139268722210826 32.80777092765891 0.03308060250606199 0.05270536878012612 p s
0.18 6 3.8193563545644746 6.558718352930236 19.211206980043535 32.92520141453258 0.0295156749916385 0.04640581158301246 p s
0.19 6 4.011773282834865 6.888460931780779 19.27027442077532 33.01988823356236 0.02621684611900332 0.04060101220557563 p s
0.2 6 4.2047256646546725 7.219057992109303 19.318509980103844 33.096797215882766 0.023168241317486817 0.03517305952490811 p s
0.21 6 4.3981168822785905 7.550343811378837 19.358463545985092 33.15825147894143 0.020292289946821456 0.030129850137761233 p s
0.22 6 4.591866788775382 7.882181175230841 19.390573864954092 33.20746597102489 0.017639054167455433 0.025369757224043766 p s
0.23 6 4.785908962848009 8.214454906648534 19.416700547595863 33.245926061742644 0.015136921565116842 0.020902108864198028 p s
0.24 6 4.980187142161637 8.547068244328779 19.438393128261467 33.2753425946888 0.012686646142660523 0.016691918917262384 p s
0.25 6 5.174653554914737 8.879938059397993 19.454784865391648 33.297009273863004 0.010458708042529501 0.012726010399889338 p s
0.26 6 5.369267290542394 9.2129933246556 19.46769401930925 33.31301988826791 0.008291160776113747 0.00870000048211111 p s
0.27 6 5.563992944462993 9.546171852979365 19.47746587069595 33.32224888136422 0.006161266240816178 0.005093876367380022 p s
0.28 6 5.758799834489801 9.879420188550718 19.48402528908393 33.326149499672624 0.004158103296444053 0.0022180801106009133 p s
0.29 6 5.95366080060386 10.21269130986301 19.48811097552185 33.32623467109921 0.002100156117488923 -0.0021120379889151687 p S
0.3 6 6.148548583532754 10.545941033076753 19.490224607102604 33.32258894919504 -1.0733267910671456e-17 -0.004910643079937506 p S
0.31 6 6.343458885515933 10.879131286566146 19.490224607102604 33.31480017562203 -1.0733267910671456e-17 -0.008129925415178343 P S
0.32 6 6.538348568390458 11.212228472741012 19.48807885242074 33.3038454093362 -0.00212412965350573 -0.011185927008241415 P S
0.33 6 6.733212717518978 11.545200753643144 19.48455504351595 33.29030513817754 -0.003952220757432599 -0.01407335393065576 P S
0.34 6 6.92803461220027 11.878019603857954 19.4795344351217 33.272969186629396 -0.0056074121000752805 -0.01707031516252273 P S
0.35000000000000003 6 7.122799323194607 12.210658058419629 19.47280286679635 33.2538833493389 -0.007256168344026207 -0.019851880192638293 P S
0.36 6 7.3174941794434964 12.54309118788709 19.46597687010074 33.23224228856161 -0.008611092511306746 -0.022593739888649645 P S
0.37 6 7.512106526375046 12.875301519075261 19.45711965664276 33.20888857896479 -0.010101290382367987 -0.025218687486549565 P S
0.38 6 7.706624880969267 13.207267526659928 19.44717624333138 33.1837394023399 -0.011546678362784234 -0.027767564996635095 P S
0.39 6 7.901038476717569 13.538967602698358 19.436207993502652 33.15601517760128 -0.012954608285931722 -0.03032825454115728 P S
0.4 6 8.095337165585725 13.870381537879402 19.42339488985814 33.12640199038948 -0.014425517272885427 -0.03284154415532043 P S
0.41000000000000003 6 8.28951149179306 14.201490704491581 19.410835171637792 33.09504294474957 -0.015733626840610342 -0.03530632192400102 P S
0.42 6 8.483551981089326 14.532277105141748 19.39703893531106 33.06191673224711 -0.017054416081442543 -0.03773325398325539 P S
0.43 6 8.677450081295959 14.862726504564312 19.382386704383283 33.028054885993214 -0.018352450396141938 -0.040060123921414406 P S
0.44 6 8.871197427177963 15.192832222420598 19.366912424098327 32.99244681914149 -0.019629380012573295 -0.04236700694648313 P S
0.45 6 9.0647857535754 15.522573852161637 19.35075530829643 32.95505592570073 -0.02087849412155089 -0.04465884770999345 P S
0.46 6 9.258207788081824 15.85193460714617 19.333987604339843 32.91648085282402 -0.022099275725851037 -0.046903535792946205 P S
0.47000000000000003 6 9.451455781945944 16.180898728765957 19.315560957686166 32.876077331567934 -0.02336627627989432 -0.04914218733467381 P S
0.48 6 9.644522435188058 16.509455347251464 19.297232717462315 32.835519146218154 -0.024560651921983638 -0.05128864347311912 P S
0.49 6 9.837400656604085 16.837602875435437 19.278141218149635 32.79341082650536 -0.025744793742754166 -0.053423336363514776 P S
0.5 6 10.030084200728485 17.165321139244227 19.259206502513532 32.74980051686086 -0.026866629043159923 -0.05554504107985814 P S
0.51 6 10.222580455066371 17.492594425922302 19.239808348858073 32.704593353024904 -0.027968223821564962 -0.05765926823805922 P S
0.52 6 10.414878751908818 17.819409111202603 19.21961322861441 32.65880130283842 -0.029069647533144904 -0.059721774443387686 P S
0.53 6 10.606970363281274 18.145771897427608 19.198505693386515 32.61295655058574 -0.03017673096190732 -0.06171489528270567 P S
0.54 6 10.798851793303058 18.47166480098309 19.17774254482912 32.56497689319769 -0.031226355710804395 -0.06373125919353122 P S
0.55 6 10.989512424282397 18.79707090379826 19.014083465539663 32.51576728008283 -0.03847925020041963 -0.06573215259734155 P S
0.56 6 11.17937348885653 19.12197602684066 18.95894045041288 32.46501622433134 -0.04062046055949874 -0.06773080749117574 P S
0.5700000000000001 6 11.36870453477762 19.44637102020442 18.909438302456547 32.41464692032827 -0.04244580410363007 -0.06965479327426775 P S
0.58 6 11.557569812261328 19.770262956210843 18.862796772760763 32.3631978312377 -0.044092471072815886 -0.07156368457064372 P S
0.59 6 11.745960420333963 20.093630927869917 18.814952466149162 32.31006168956131 -0.04571602358088529 -0.07348007615008065 P S
0.6 6 11.933869946623041 20.416463893954194 18.7667320125208 32.25653267807401 -0.04729202120522066 -0.07535831438653894 P S
0.61 6 12.12129411961078 20.738765970272446 18.717993952953744 32.203142305369425 -0.04882936531236302 -0.07718318298594282 P S
0.62 6 12.30822837016185 21.060520764502858 18.668761189955625 32.14750774628452 -0.05033078922293506 -0.07903684022030136 P S
0.63 6 12.494667741907842 21.38171254963091 18.619100425290952 32.090876505411224 -0.051797363101034624 -0.08087690633541929 P S
0.64 6 12.680646433915001 21.702345621527794 18.574544150382835 32.03516031636385 -0.053075516438031226 -0.08264420726879886 P S
0.65 6 12.866153127710126 22.022408453560093 18.526563543308338 31.97733044844139 -0.05441504148059749 -0.0844362967448141 P S
0.66 6 13.051227133148728 22.34188775811279 18.499403977730132 31.918494604339873 -0.05515737069390077 -0.08621812347086057 P S
0.67 6 13.236203748054677 22.66078601123793 18.49463007448474 31.860641003225016 -0.05528671025969387 -0.08793189936473716 P S
0.68 6 13.421106959612127 22.97909296902951 18.48514727571308 31.800451459168244 -0.05554263636839357 -0.08967691437307941 P S
0.6900000000000001 6 13.605902291715571 23.296793276598017 18.47284106926986 31.739780409010027 -0.05587282005806429 -0.0913989348695272 P S
0.7000000000000001 6 13.790561665764534 23.61389203079661 18.458085927104293 31.679729716242093 -0.05626586903652393 -0.09306882908801253 P S
0.71 6 13.975062340178592 23.93037978191176 18.441422501254806 31.617488201610623 -0.05670610215055705 -0.09476534797012857 P S
0.72 6 14.15938473460196 24.246239903734466 18.422834862447605 31.554827161948747 -0.05719270994263566 -0.09643987888766375 P S
0.73 6 14.34351278428034 24.561484201447822 18.402182154708665 31.49304871431882 -0.05772800124895426 -0.09805966400813744 P S
0.74 6 14.527431669919121 24.876094344975268 18.38088042750423 31.428653272951216 -0.05827434311045657 -0.09971676733398042 P S
0.75 6 14.71112824544246 25.19005720174527 18.35825114389028 31.365092430629723 -0.05884849479654411 -0.10132257496925169 P S
0.76 6 14.894600375649079 25.503389211097208 18.33576544594813 31.30081639268633 -0.059412817432901346 -0.10291774688263067 P S
0.77 6 15.077839026813832 25.81606768629375 18.311641214670562 31.23454974500261 -0.060011604103323506 -0.10453349330116231 P S
0.78 6 15.260831230222523 26.12808427620668 18.286539120850897 31.16975555803691 -0.06062756006239538 -0.10608630908271711 P S
0.79 6 15.410420470867976 26.43945399402427 13.65730398910466 31.103653000734692 -0.12504651499090774 -0.10764414969136635 P S
0.8 6 15.546984784112759 26.75015116963079 13.65730398910466 31.035820533533695 -0.12504651499090774 -0.10921629749567498 P S
0.81 6 15.683549097357549 27.060176487835637 13.65730398910466 30.969886343520553 -0.12504651499090774 -0.11071983509727668 P S
0.8200000000000001 6 15.820113410602332 27.369537322611286 13.65730398910466 30.901823575680908 -0.12504651499090774 -0.1122475032141124 P S
0.8300000000000001 6 15.956677723847122 27.678207293521474 13.65730398910466 30.83158122851776 -0.12504651499090774 -0.11379913877854193 P S
0.84 6 16.093242037091905 27.986201099692146 13.65730398910466 30.765614120491605 -0.12504651499090774 -0.11523415990516091 P S
0.85 6 16.229806350336695 28.28788558829001 13.65730398910466 24.66500694889536 -0.12504651499090774 -0.2015714607208359 P S
0.86 6 16.366370663581478 28.534526931132696 13.65730398910466 24.66500694889536 -0.12504651499090774 -0.2015714607208359 P S
0.87 6 16.502934976826264 28.781168273975396 13.65730398910466 24.66500694889536 -0.12504651499090774 -0.2015714607208359 P S
0.88 6 16.639499290071054 29.02780961681809 13.65730398910466 24.66500694889536 -0.12504651499090774 -0.2015714607208359 P S
0.89 6 16.776063603315844 29.274450959660783 13.65730398910466 24.66500694889536 -0.12504651499090774 -0.2015714607208359 P S
0.9 6 16.912627916560627 29.521092302503476 13.65730398910466 24.66500694889536 -0.12504651499090774 -0.2015714607208359 P S
0.91 6 17.04919222980541 29.76773364534617 13.65730398910466 24.66500694889536 -0.12504651499090774 -0.2015714607208359 P S
0.92 6 17.1857565430502 30.014374988188862 13.65730398910466 24.66500694889536 -0.12504651499090774 -0.2015714607208359 P S
0.93 6 17.32232085629499 30.261016331031563 13.65730398910466 24.66500694889536 -0.12504651499090774 -0.2015714607208359 P S
0.9400000000000001 6 17.458885169539773 30.50765767387425 13.65730398910466 24.66500694889536 -0.12504651499090774 -0.2015714607208359 P S
0.9500000000000001 6 17.595449482784556 30.754299016716942 13.65730398910466 24.66500694889536 -0.12504651499090774 -0.2015714607208359 P S
0.96 6 17.732013796029346 31.000940359559635 13.65730398910466 24.66500694889536 -0.12504651499090774 -0.2015714607208359 P S
0.97 6 17.868578109274132 31.247581702402336 13.65730398910466 24.66500694889536 -0.12504651499090774 -0.2015714607208359 P S
0.98 6 18.005142422518915 31.494223045245022 13.65730398910466 24.66500694889536 -0.12504651499090774 -0.2015714607208359 P S
0.99 6 18.141706735763705 31.740864388087722 13.65730398910466 24.66500694889536 -0.12504651499090774 -0.2015714607208359 P S
1.0 6 18.278271049008488 31.987505730930415 13.65730398910466 24.66500694889536 -0.12504651499090774 -0.2015714607208359 P S
1.01 6 18.414835362253278 32.23414707377311 13.65730398910466 24.66500694889536 -0.12504651499090774 -0.2015714607208359 P S
1.02 6 18.551399675498068 32.4807884166158 13.65730398910466 24.66500694889536 -0.12504651499090774 -0.2015714607208359 P S
1.03 6 18.68796398874285 32.72742975945849 13.65730398910466 24.66500694889536 -0.12504651499090774 -0.2015714607208359 P S
1.04 6 18.82452830198764 32.97407110230119 13.65730398910466 24.66500694889536 -0.12504651499090774 -0.2015714607208359 P S
1.05 6 18.961092615232424 33.22071244514388 13.65730398910466 24.66500694889536 -0.12504651499090774 -0.2015714607208359 P S
1.06 6 19.09765692847721 33.467353787986575 13.65730398910466 24.66500694889536 -0.12504651499090774 -0.2015714607208359 P S
1.07 6 19.234221241722 33.71399513082927 13.65730398910466 24.66500694889536 -0.12504651499090774 -0.2015714607208359 P S
1.08 6 19.370785554966783 33.96063647367196 13.65730398910466 24.66500694889536 -0.12504651499090774 -0.2015714607208359 P S
1.09 6 19.507349868211566 34.207277816514654 13.65730398910466 24.66500694889536 -0.12504651499090774 -0.2015714607208359 P S
1.1 6 19.643914181456356 34.453919159357355 13.65730398910466 24.66500694889536 -0.12504651499090774 -0.2015714607208359 P S
1.11 6 19.780478494701146 34.70056050220004 13.65730398910466 24.66500694889536 -0.12504651499090774 -0.2015714607208359 P S
1.12 6 19.917042807945933 34.947201845042734 13.65730398910466 24.66500694889536 -0.12504651499090774 -0.2015714607208359 P S
1.1300000000000001 6 20.05360712119072 35.19384318788543 13.65730398910466 24.66500694889536 -0.12504651499090774 -0.2015714607208359 P S
1.1400000000000001 6 20.190171434435506 35.44048453072812 13.65730398910466 24.66500694889536 -0.12504651499090774 -0.2015714607208359 P S
1.1500000000000001 6 20.326735747680292 35.68712587357082 13.65730398910466 24.66500694889536 -0.12504651499090774 -0.2015714607208359 P S
1.16 6 20.463300060925075 35.93376721641351 13.65730398910466 24.66500694889536 -0.12504651499090774 -0.2015714607208359 P S
1.17 6 20.59986437416986 36.1804085592562 13.65730398910466 24.66500694889536 -0.12504651499090774 -0.2015714607208359 P S
1.18 6 20.736428687414648 36.427049902098894 13.65730398910466 24.66500694889536 -0.12504651499090774 -0.2015714607208359 P S
1.19 6 20.872993000659434 36.67369124494159 13.65730398910466 24.66500694889536 -0.12504651499090774 -0.2015714607208359 P S
1.2 6 21.00955731390422 36.92033258778428 13.65730398910466 24.66500694889536 -0.12504651499090774 -0.2015714607208359 P S
1.21 6 21.146121627149007 37.16697393062697 13.65730398910466 24.66500694889536 -0.12504651499090774 -0.2015714607208359 P S
1.22 6 21.282685940393797 37.413615273469674 13.65730398910466 24.66500694889536 -0.12504651499090774 -0.2015714607208359 P S
1.23 6 21.419250253638584 37.66025661631237 13.65730398910466 24.66500694889536 -0.12504651499090774 -0.2015714607208359 P S
1.24 6 21.55581456688337 37.90689795915506 13.65730398910466 24.66500694889536 -0.12504651499090774 -0.2015714607208359 P S
1.25 6 21.692378880128157 38.153539301997746 13.65730398910466 24.66500694889536 -0.12504651499090774 -0.2015714607208359 P S
1.26 6 21.828943193372943 38.40018064484044 13.65730398910466 24.66500694889536 -0.12504651499090774 -0.2015714607208359 P S
1.27 6 21.96550750661773 38.64682198768314 13.65730398910466 24.66500694889536 -0.12504651499090774 -0.2015714607208359 P S
1.28 6 22.102071819862516 38.89346333052583 13.65730398910466 24.66500694889536 -0.12504651499090774 -0.2015714607208359 P S
1.29 6 22.238636133107303 39.140104673368526 13.65730398910466 24.66500694889536 -0.12504651499090774 -0.2015714607208359 P S
1.3 6 22.37520044635209 39.38674601621122 13.65730398910466 24.66500694889536 -0.12504651499090774 -0.2015714607208359 P S
1.31 6 22.511764759596876 39.63338735905391 13.65730398910466 24.66500694889536 -0.12504651499090774 -0.2015714607208359 P S
1.32 6 22.648329072841666 39.880028701896606 13.65730398910466 24.66500694889536 -0.12504651499090774 -0.2015714607208359 P S
1.33 6 22.784893386086452 40.1266700447393 13.65730398910466 24.66500694889536 -0.12504651499090774 -0.2015714607208359 P S
1.34 6 22.921457699331235 40.37331138758199 13.65730398910466 24.66500694889536 -0.12504651499090774 -0.2015714607208359 P S
1.35 6 23.05802201257602 40.619952730424686 13.65730398910466 24.66500694889536 -0.12504651499090774 -0.2015714607208359 P S
1.36 6 23.19458632582081 40.866594073267386 13.65730398910466 24.66500694889536 -0.12504651499090774 -0.2015714607208359 P S
1.37 6 23.331150639065598 41.11323541611008 13.65730398910466 24.66500694889536 -0.12504651499090774 -0.2015714607208359 P S
1.3800000000000001 6 23.46771495231038 41.359876758952765 13.65730398910466 24.66500694889536 -0.12504651499090774 -0.2015714607208359 P S
1.3900000000000001 6 23.604279265555167 41.60651810179546 13.65730398910466 24.66500694889536 -0.12504651499090774 -0.2015714607208359 P S
1.4000000000000001 6 23.740843578799954 41.85315944463815 13.65730398910466 24.66500694889536 -0.12504651499090774 -0.2015714607208359 P S
0.01 7 1.2976724734570642 2.2292850087428873 3.182420607606875 5.465284307260147 0.17135578690507344 0.29261697491611804 p s
0.02 7 1.3445540442422443 2.30979438819544 6.1408017855836885 10.54541794313416 0.16471752023980496 0.2811508177298628 p s
0.03 7 1.4192194975906665 2.438010668204579 8.721691544097354 14.976528508653292 0.15501365671083503 0.26438313156190446 p s
0.04 7 1.5175280899802617 2.606815176842723 10.86703053214138 18.658746147420214 0.14363175794773023 0.2447051819416788 p s
0.05 7 1.6351646626892116 2.8087887191058205 12.594182517686926 21.622661132567735 0.1317290026151505 0.2241064474151696 p s
0.06 7 1.7682124165131923 3.037196236245573 13.96029314501563 23.964716210465426 0.12007628297262736 0.2039307410446722 p s
0.07 7 1.913392193715907 3.2863983581223253 15.031905943019346 25.80062532063795 0.10911160378562547 0.18492622466327516 p s
0.08 7 2.068082768569233 3.551886617917147 15.872182460900312 27.238597198839464 0.09901979285251727 0.1674177109509838 p s
0.09 7 2.2302395225420937 3.830143959366798 16.532936073237487 28.367962325291288 0.08985000729996975 0.15148959265805673 p s
0.1 7 2.3982848389197575 4.118456500496914 17.055813893672468 29.25996191581155 0.08156257680369504 0.13708126064423543 p s
0.11 7 2.571004396396473 4.4147354129476835 17.47216655021953 29.969138415330903 0.07409227054771453 0.12407168652390937 p s
0.12 7 2.7474610889385795 4.717368957842931 17.806679278010748 30.53687930376254 0.06734331019695457 0.11231758263687468 p s
0.13 7 2.926927781828793 5.025106843524357 18.076785200374804 30.994182559770625 0.061246680046627595 0.10168217960679994 p s
0.14 7 3.1088361979004437 5.336972258234833 18.29715669312663 31.36564254910289 0.055702770497532195 0.09200885055896027 p s
0.15 7 3.292738650683421 5.652196053301594 18.477425668532383 31.668797802519496 0.050661481569461216 0.08318640047766314 p s
0.16 7 3.478279629595772 5.9701675246206145 18.626023779310522 31.917346960779586 0.04605024974230963 0.07511089265550086 p s
0.17 7 3.6651742134260354 6.290397660560494 18.749284507472467 32.1221098770003 0.041809033702871916 0.06768314011941856 p s
0.18 7 3.8531924065942005 6.6124914911436035 18.851444326048323 32.29172200655802 0.03791164305330945 0.06080549327166583 p s
0.19 7 4.042146716274971 6.9361273854516 18.936880910839445 32.43154193872511 0.034295111676190454 0.054454843654627674 p s
0.2 7 4.231883441061779 7.261041238139176 19.007941055155282 32.54774676966675 0.03095252759028634 0.04852395378300423 p s
0.21 7 4.4222751644764315 7.587014327267682 19.068448201193387 32.64383445964943 0.027779638061908772 0.04298721946935153 p s
0.22 7 4.6132156675136615 7.913864100839782 19.11823631622113 32.72357765864577 0.024858118448638538 0.03776610680285106 p s
0.23 7 4.804615902422779 8.241437019369974 19.16038356674719 32.788932706212975 0.022077839487305333 0.03286279558853862 p s
0.24 7 4.996400130777134 8.569602699472659 19.195145607499175 32.842281729507015 0.019482955560945692 0.02822685557677698 p s
0.25 7 5.188504060457651 8.898250076527091 19.22450390336896 32.88587003286048 0.016980941789098123 0.02377017641767014 p s
0.26 7 5.38087252888205 9.227283281986892 19.24821410372673 32.91956597802945 0.014648185182608102 0.019638446291341677 p s
0.27 7 5.573457495660838 9.556619236761058 19.26793169198149 32.94656080088373 0.012375035426365654 0.01555156800537343 p s
0.28 7 5.766217675981358 9.886185504116154 19.283829224528958 32.96569267098269 0.01017687634906069 0.011825952721833592 p s
0.29 7 5.959116411464372 10.215918273623373 19.295531196553267 32.979262675840914 0.008188581133329495 0.00821408753784851 p s
0.3 7 6.152121398686926 10.545760785152899 19.304554897311597 32.98812577854189 0.00623532805028812 0.004492179547652377 p s
0.31 7 6.345203853230375 10.875661518731384 19.311472081185467 32.99201218592267 0.004156171289728738 -1.8168703175159937e-17 p s
0.32 7 6.538339532400015 11.205583099460664 19.315369862107783 32.99048518263943 0.0022573839460014837 -0.0027546826705055925 p S
0.33 7 6.731502224226957 11.535475336553791 19.31741486384701 32.986690523886736 -1.0638101574247569e-17 -0.005276243075957456 p S
0.34 7 6.924679403084296 11.865305100163024 19.31641479446537 32.97855159534485 -0.0013530131831146193 -0.008441851205072137 P S
0.35000000000000003 7 7.117842156037529 12.19503920273803 19.315218031119045 32.967343307057604 -0.0023601269705460014 -0.011447720951722954 P S
0.36 7 7.310977279655684 12.524646478546538 19.311601683003182 32.953205227595134 -0.004107174169382969 -0.014367825784932401 P S
0.37 7 7.504069703337098 12.854098329508735 19.306522532291776 32.9364865314351 -0.005721387237589387 -0.017191178447451178 P S
0.38 7 7.69710410323215 13.183367769950797 19.29971460286179 32.91733183553943 -0.007348005520204206 -0.019939054201161738 P S
0.39 7 7.890067525787418 13.512430320371474 19.29205234878765 32.89485353494822 -0.00882671534125065 -0.02274253596247048 P S
0.4 7 8.08294684202926 13.841262258892423 19.28316946998266 32.870864180341016 -0.010277495495175218 -0.025393572368675656 P S
0.41000000000000003 7 8.275730132114395 14.16984257297869 19.273103502798737 32.84508694502375 -0.011705508174959746 -0.02796159692011958 P S
0.42 7 8.468406287944632 14.4981580868457 19.26189042605993 32.81719715223965 -0.013113696588624237 -0.030495514370553013 P S
0.43 7 8.660970232237874 14.826186528304813 19.250393537927966 32.788027242467486 -0.014414667873106015 -0.03293578743396647 P S
0.44 7 8.853412658402716 15.153908056446413 19.23754311188214 32.756115445339375 -0.015741261708115406 -0.03541112695981098 P S
0.45 7 9.045722937216906 15.481303876442809 19.224066317660252 32.72268108721015 -0.017020964692911693 -0.03782889025741345 P S
0.46 7 9.237891435472282 15.808356385650136 19.20946740974829 32.687508685619314 -0.018305651275890886 -0.04021333001987833 P S
0.47000000000000003 7 9.429909585977923 16.135051078066283 19.193823561506683 32.651700901709134 -0.019588022787363515 -0.042501234416508854 P S
0.48 7 9.621772225355139 16.46138512705822 19.178124948996665 32.614383142544725 -0.020794583871409315 -0.044758880555772 P S
0.49 7 9.813469903760188 16.78733754054425 19.16141306202051 32.57516583787851 -0.022005451792510407 -0.04701217796282112 P S
0.5 7 10.003984652086045 17.11289112863303 19.03759487895911 32.534843971435826 -0.029441547956423265 -0.0492188699201134 P S
0.51 7 10.194147157595623 17.438030072631246 18.99476273012347 32.49264869929895 -0.031600113808512915 -0.05142406019348324 P S
0.52 7 10.383883158621877 17.762739476554685 18.952117566575904 32.44897716798947 -0.033607433459861426 -0.053608135815855405 P S
0.53 7 10.57319997702102 18.087012398050106 18.912120396274656 32.40568702649585 -0.035383004789610546 -0.05568592836227072 P S
0.54 7 10.76213031762419 18.410845910662832 18.87298536238285 32.360598715961444 -0.03703462649096779 -0.057767841295690445 P S
0.55 7 10.950659712874085 18.734219360511243 18.832161355512266 32.313817984234824 -0.03867903810767346 -0.05984849791625085 P S
0.56 7 11.138776355644273 19.057119826736 18.790405619796104 32.26616111056778 -0.04028815067305478 -0.06189330462217246 P S
0.5700000000000001 7 11.32647155231136 19.379546908351813 18.748129765279558 32.21873131128536 -0.04185089738196597 -0.0638605409302245 P S
0.58 7 11.51373704131963 19.701487938895326 18.70478239000998 32.16914704522591 -0.04339139773679176 -0.06585138224680478 P S
0.59 7 11.700564838610692 20.022924978633064 18.660625458556705 32.11826486333422 -0.04490288526557206 -0.0678305719476603 P S
0.6 7 11.886947967420623 20.343850235918296 18.617010283769982 32.0676019261405 -0.04634412384535037 -0.06974247105687006 P S
0.61 7 12.07291448405931 20.664264604715342 18.57523051904604 32.01517708769828 -0.04768085366498204 -0.07166413428954387 P S
0.62 7 12.258448289935044 20.984148819990846 18.531149655887482 31.96110813648281 -0.049048609082708666 -0.07359035452976402 P S
0.63 7 12.443559463671624 21.303495465827105 18.49941580158634 31.90763052112163 -0.050008158956761715 -0.07544406680781744 P S
0.64 7 12.628542655477048 21.622303501981623 18.49575178032119 31.853551641352514 -0.05011766180985709 -0.07727036839452794 P S
0.65 7 12.81346056136375 21.94055973247521 18.48698368336991 31.79741633367026 -0.05037865115956739 -0.07911837773467434 P S
0.66 7 12.998277825343923 22.25825009458031 18.47540497853486 31.740751296206472 -0.05072105502470961 -0.0809378516109802 P S
0.67 7 13.182966769335783 22.575377352574368 18.461436126824832 31.684508296645806 -0.05113080603099252 -0.08270109631781535 P S
0.68 7 13.367505272073421 22.89193261355772 18.44563366101331 31.626214300521138 -0.05159005091942331 -0.08448661860570843 P S
0.6900000000000001 7 13.551874591113403 23.207897759361526 18.427910149076997 31.56688403951981 -0.05209984730476168 -0.08626267006352348 P S
0.7000000000000001 7 13.73605871098152 23.523280032075345 18.409070839953106 31.508905890044026 -0.05263579577805407 -0.08796048253390869 P S
0.71 7 13.920044034870696 23.838068211734004 18.38797711665185 31.448388033651028 -0.053228835622801375 -0.08969516152666843 P S
0.72 7 14.103817804024045 24.152243327459267 18.36640163597468 31.38663521948023 -0.05382796943208447 -0.09142798024497455 P S
0.73 7 14.287372688737156 24.465815164533335 18.34500557277967 31.32700001251834 -0.05441492341375102 -0.09306761548105306 P S
0.74 7 14.470706962844949 24.778774834273854 18.32182371273883 31.264570184880323 -0.05504304366778761 -0.09475044134800294 P S
0.75 7 14.653806855526303 25.091101865886117 18.297910410952717 31.200830994910707 -0.055682740948514234 -0.0964348987208918 P S
0.76 7 14.836662077861106 25.402808002442 18.273079810818622 31.13952024390951 -0.05633842164777083 -0.09802470796264308 P S
0.77 7 15.013201437018193 25.713883587654472 13.65730398910466 31.075225265315677 -0.12286230795672964 -0.09966138431646236 P S
0.78 7 15.149765750262976 26.02430825935713 13.65730398910466 31.009952266510865 -0.12286230795672964 -0.10129253302261015 P S
0.79 7 15.286330063507762 26.33409805857571 13.65730398910466 30.946903697013433 -0.12286230795672964 -0.10284035202607554 P S
0.8 7 15.422894376752549 26.64323838108686 13.65730398910466 30.880792008374222 -0.12286230795672964 -0.10443542770430651 P S
0.81 7 15.559458689997335 26.95171150373848 13.65730398910466 30.815139571691482 -0.12286230795672964 -0.10599237102686904 P S
0.8200000000000001 7 15.696023003242122 27.25953839459109 13.65730398910466 30.749549131714286 -0.12286230795672964 -0.10752209637807704 P S
0.8300000000000001 7 15.832587316486908 27.566696312185016 13.65730398910466 30.68167530304412 -0.12286230795672964 -0.1090791341191238 P S
0.84 7 15.969151629731691 27.841726033924985 13.65730398910466 24.66500694889536 -0.12286230795672964 -0.19706143572779608 P S
0.85 7 16.10571594297648 28.088367376767685 13.65730398910466 24.66500694889536 -0.12286230795672964 -0.19706143572779608 P S
0.86 7 16.24228025622127 28.33500871961038 13.65730398910466 24.66500694889536 -0.12286230795672964 -0.19706143572779608 P S
0.87 7 16.378844569466054 28.581650062453072 13.65730398910466 24.66500694889536 -0.12286230795672964 -0.19706143572779608 P S
0.88 7 16.515408882710837 28.828291405295765 13.65730398910466 24.66500694889536 -0.12286230795672964 -0.19706143572779608 P S
0.89 7 16.651973195955627 29.07493274813846 13.65730398910466 24.66500694889536 -0.12286230795672964 -0.19706143572779608 P S
0.9 7 16.788537509200413 29.32157409098115 13.65730398910466 24.66500694889536 -0.12286230795672964 -0.19706143572779608 P S
0.91 7 16.925101822445203 29.568215433823845 13.65730398910466 24.66500694889536 -0.12286230795672964 -0.19706143572779608 P S
0.92 7 17.061666135689986 29.814856776666538 13.65730398910466 24.66500694889536 -0.12286230795672964 -0.19706143572779608 P S
0.93 7 17.198230448934776 30.06149811950924 13.65730398910466 24.66500694889536 -0.12286230795672964 -0.19706143572779608 P S
0.9400000000000001 7 17.33479476217956 30.308139462351924 13.65730398910466 24.66500694889536 -0.12286230795672964 -0.19706143572779608 P S
0.9500000000000001 7 17.47135907542435 30.554780805194618 13.65730398910466 24.66500694889536 -0.12286230795672964 -0.19706143572779608 P S
0.96 7 17.607923388669132 30.80142214803731 13.65730398910466 24.66500694889536 -0.12286230795672964 -0.19706143572779608 P S
0.97 7 17.744487701913922 31.04806349088001 13.65730398910466 24.66500694889536 -0.12286230795672964 -0.19706143572779608 P S
0.98 7 17.881052015158705 31.294704833722697 13.65730398910466 24.66500694889536 -0.12286230795672964 -0.19706143572779608 P S
0.99 7 18.017616328403495 31.541346176565398 13.65730398910466 24.66500694889536 -0.12286230795672964 -0.19706143572779608 P S
1.0 7 18.15418064164828 31.787987519408084 13.65730398910466 24.66500694889536 -0.12286230795672964 -0.19706143572779608 P S
1.01 7 18.290744954893064 32.03462886225078 13.65730398910466 24.66500694889536 -0.12286230795672964 -0.19706143572779608 P S
1.02 7 18.42730926813785 32.28127020509347 13.65730398910466 24.66500694889536 -0.12286230795672964 -0.19706143572779608 P S
1.03 7 18.563873581382637 32.527911547936164 13.65730398910466 24.66500694889536 -0.12286230795672964 -0.19706143572779608 P S
1.04 7 18.700437894627427 32.774552890778864 13.65730398910466 24.66500694889536 -0.12286230795672964 -0.19706143572779608 P S
1.05 7 18.837002207872217 33.02119423362156 13.65730398910466 24.66500694889536 -0.12286230795672964 -0.19706143572779608 P S
1.06 7 18.973566521117 33.26783557646425 13.65730398910466 24.66500694889536 -0.12286230795672964 -0.19706143572779608 P S
1.07 7 19.110130834361783 33.514476919306944 13.65730398910466 24.66500694889536 -0.12286230795672964 -0.19706143572779608 P S
1.08 7 19.246695147606573 33.76111826214964 13.65730398910466 24.66500694889536 -0.12286230795672964 -0.19706143572779608 P S
1.09 7 19.38325946085136 34.00775960499233 13.65730398910466 24.66500694889536 -0.12286230795672964 -0.19706143572779608 P S
1.1 7 19.51982377409615 34.25440094783502 13.65730398910466 24.66500694889536 -0.12286230795672964 -0.19706143572779608 P S
1.11 7 19.656388087340932 34.50104229067772 13.65730398910466 24.66500694889536 -0.12286230795672964 -0.19706143572779608 P S
1.12 7 19.79295240058572 34.74768363352041 13.65730398910466 24.66500694889536 -0.12286230795672964 -0.19706143572779608 P S
1.1300000000000001 7 19.929516713830505 34.9943249763631 13.65730398910466 24.66500694889536 -0.12286230795672964 -0.19706143572779608 P S
1.1400000000000001 7 20.066081027075292 35.240966319205796 13.65730398910466 24.66500694889536 -0.12286230795672964 -0.19706143572779608 P S
1.1500000000000001 7 20.202645340320082 35.4876076620485 13.65730398910466 24.66500694889536 -0.12286230795672964 -0.19706143572779608 P S
1.16 7 20.339209653564865 35.73424900489118 13.65730398910466 24.66500694889536 -0.12286230795672964 -0.19706143572779608 P S
1.17 7 20.47577396680965 35.980890347733876 13.65730398910466 24.66500694889536 -0.12286230795672964 -0.19706143572779608 P S
1.18 7 20.612338280054438 36.22753169057657 13.65730398910466 24.66500694889536 -0.12286230795672964 -0.19706143572779608 P S
1.19 7 20.748902593299224 36.47417303341926 13.65730398910466 24.66500694889536 -0.12286230795672964 -0.19706143572779608 P S
1.2 7 20.88546690654401 36.720814376261956 13.65730398910466 24.66500694889536 -0.12286230795672964 -0.19706143572779608 P S
1.21 7 21.022031219788797 36.96745571910465 13.65730398910466 24.66500694889536 -0.12286230795672964 -0.19706143572779608 P S
1.22 7 21.158595533033584 37.21409706194734 13.65730398910466 24.66500694889536 -0.12286230795672964 -0.19706143572779608 P S
1.23 7 21.29515984627837 37.460738404790035 13.65730398910466 24.66500694889536 -0.12286230795672964 -0.19706143572779608 P S
1.24 7 21.431724159523156 37.70737974763273 13.65730398910466 24.66500694889536 -0.12286230795672964 -0.19706143572779608 P S
1.25 7 21.568288472767943 37.95402109047542 13.65730398910466 24.66500694889536 -0.12286230795672964 -0.19706143572779608 P S
1.26 7 21.70485278601273 38.200662433318115 13.65730398910466 24.66500694889536 -0.12286230795672964 -0.19706143572779608 P S
1.27 7 21.84141709925752 38.447303776160815 13.65730398910466 24.66500694889536 -0.12286230795672964 -0.19706143572779608 P S
1.28 7 21.977981412502306 38.69394511900351 13.65730398910466 24.66500694889536 -0.12286230795672964 -0.19706143572779608 P S
1.29 7 22.114545725747092 38.9405864618462 13.65730398910466 24.66500694889536 -0.12286230795672964 -0.19706143572779608 P S
1.3 7 22.251110038991875 39.187227804688895 13.65730398910466 24.66500694889536 -0.12286230795672964 -0.19706143572779608 P S
1.31 7 22.38767435223666 39.43386914753159 13.65730398910466 24.66500694889536 -0.12286230795672964 -0.19706143572779608 P S
1.32 7 22.52423866548145 39.68051049037428 13.65730398910466 24.66500694889536 -0.12286230795672964 -0.19706143572779608 P S
1.33 7 22.660802978726238 39.927151833216975 13.65730398910466 24.66500694889536 -0.12286230795672964 -0.19706143572779608 P S
1.34 7 22.797367291971025 40.17379317605967 13.65730398910466 24.66500694889536 -0.12286230795672964 -0.19706143572779608 P S
1.35 7 22.933931605215808 40.420434518902354 13.65730398910466 24.66500694889536 -0.12286230795672964 -0.19706143572779608 P S
1.36 7 23.0704959184606 40.66707586174506 13.65730398910466 24.66500694889536 -0.12286230795672964 -0.19706143572779608 P S
1.37 7 23.207060231705384 40.913717204587755 13.65730398910466 24.66500694889536 -0.12286230795672964 -0.19706143572779608 P S
1.3800000000000001 7 23.34362454495017 41.16035854743044 13.65730398910466 24.66500694889536 -0.12286230795672964 -0.19706143572779608 P S
1.3900000000000001 7 23.480188858194957 41.406999890273134 13.65730398910466 24.66500694889536 -0.12286230795672964 -0.19706143572779608 P S
1.4000000000000001 7 23.61675317143974 41.65364123311583 13.65730398910466 24.66500694889536 -0.12286230795672964 -0.19706143572779608 P S
0.01 8 1.4687557707117818 2.5212657874541446 2.773302675169022 4.758857906940515 0.17038906051346564 0.29062681071152535 p s
0.02 8 1.509777004675948 2.5916550955296196 5.394466319467418 9.256359753588955 0.16522941022090712 0.28171878646557597 p s
0.03 8 1.5757515604932404 2.7048578241706247 7.749492480716144 13.296690189760575 0.1574706667009191 0.2683189904186599 p s
0.04 8 1.6636817772947519 2.8557242325839844 9.78062648574769 16.780524915947176 0.14804396049116586 0.25203097487047466 p s
0.05 8 1.7702587200561672 3.038569440645553 11.481062954933295 19.69620813473497 0.13781393957829455 0.2343439986672431 p s
0.06 8 1.8922879983415455 3.2479048678360924 12.877279050666266 22.08905140531783 0.12744339649693806 0.21640186244821055 p s
0.07 8 2.0269305278413037 3.478851899464481 14.01160024365423 24.031512962909897 0.11736597924091186 0.19895597041922503 p s
0.08 8 2.171789710512972 3.727291841877117 14.927935481057974 25.6004330751537 0.10784171897354422 0.18244196844801394 p s
0.09 8 2.324904438719568 3.9898540326317353 15.668648780249159 26.867025717542283 0.09897834744723108 0.16706244545584373 p s
0.1 8 2.484697755598624 4.263827845601725 16.268665339604496 27.891848432812967 0.09081144604606489 0.15287491402032283 p s
0.11 8 2.6499123123911876 4.547051933109015 16.756929280702824 28.724421753961593 0.08332124407961285 0.13985007116268927 p s
0.12 8 2.81954816615756 4.837807415957251 17.156626045500392 29.404041948503018 0.07645927649424412 0.12791658987008214 p s
0.13 8 2.99280914661192 5.134725696055442 17.485384257249493 29.961546641344952 0.07017715468159064 0.11698560830751074 p s
0.14 8 3.1690589710788566 5.4367132078161875 17.756348693132047 30.42138790425562 0.064439432544504 0.10695667865089395 p s
0.15 8 3.3477866496899886 5.742891763711205 17.9823511608595 30.802715782264528 0.05915343367454329 0.09773101094096641 p s
0.16 8 3.5285792638894056 6.052551867052545 18.170376085691736 31.119865785039273 0.054307485906378426 0.08923490597646207 p s
0.17 8 3.7111011082979406 6.365116721618615 18.32910816200741 31.385190167873173 0.04980646492520536 0.08137235754872948 p s
0.18 8 3.8950773195467736 6.6801142000383615 18.462375531060236 31.60780663213987 0.045651898758863 0.07407554440170236 p s
0.19 8 4.080281485269505 6.997155186730392 18.57518659658394 31.795032942894483 0.041786815339490024 0.06728317123849634 p s
0.2 8 4.266525704990316 7.315916831840835 18.671070466326398 31.95277655208547 0.03817422868544993 0.060939805932741634 p s
0.21 8 4.453653104635466 7.636129482208734 18.752750746425697 32.08579216139757 0.034785386433013196 0.05499700166103457 p s
0.22 8 4.641531707840656 7.957566277722242 18.82156791820119 32.19803422727351 0.031636589276961585 0.049407043127520846 p s
0.23 8 4.8300501139434475 8.280035196845212 18.880628445607023 32.29283071447047 0.028649013686541627 0.044119884795676904 p s
0.24 8 5.019113102945397 8.603372520067753 18.930740203699695 32.37270575785317 0.02583612520635775 0.03909961041039609 p s
0.25 8 5.208639548266403 8.927437868798828 18.973520117226098 32.43877545834393 0.023159163577153488 0.034386384618753825 p s
0.26 8 5.398559319256451 9.252110232720188 19.00954127783455 32.49388630190341 0.020632022428108632 0.029882714278763912 p s
0.27 8 5.588811476286649 9.577284186081393 19.039658361155013 32.53895758783529 0.01824805770563641 0.0256104112544271 p s
0.28 8 5.779343118074087 9.902867834178286 19.06549292779376 32.57606719331974 0.01591747099916875 0.02145793510734439 p s
0.29 8 5.970107982029182 10.228780479410187 19.086943346706025 32.605205611792655 0.013681033169804933 0.017516266332736886 p s
0.3 8 6.161065094803893 10.554950755364331 19.10391371813848 32.62747486605236 0.011608099751069483 0.013759329966213213 p s
0.31 8 6.352177987105883 10.88131489273501 19.117733079950995 32.6439353273062 0.009592943685420595 0.010120099201108353 p s
0.32 8 6.543414442539165 11.207815902418474 19.129231829716602 32.655341879807025 0.007513449610903843 0.006493841529412155 p s
0.33 8 6.734745490052915 11.534402879648647 19.137269445600722 32.661501156952845 0.005619072678371523 0.0031031490489687045 p s
0.34 8 6.926144856857871 11.861035673783839 19.14265914338408 32.663323618940936 0.0038582361485487667 -1.7987694360756435e-17 p S
0.35000000000000003 8 7.117590664747293 12.187657931694034 19.14604986334685 32.66119024746602 0.002094032812884164 -0.0033574194725695546 p S
0.36 8 7.309055889059905 12.514243810639663 19.147465569723998 32.65546676278652 -1.054451048733998e-17 -0.006442845804425738 p S
0.37 8 7.500530034486276 12.840756138911871 19.14555361744147 32.64617164782775 -0.0024335069955553667 -0.00951873972245133 P S
0.38 8 7.691952489924027 13.167163164817904 19.138084190219647 32.634034898948904 -0.0053899540901701576 -0.012437476476048164 P S
0.39 8 7.883279989222429 13.493435047677348 19.12646573544672 32.61908936113288 -0.008062945792429837 -0.015283110086777053 P S
0.4 8 8.074473086062998 13.819544137491691 19.11176265137046 32.60151174524277 -0.010511246736889456 -0.018063830416393634 P S
0.41000000000000003 8 8.265500173314829 14.145464612548656 19.09322679648925 32.58174391593446 -0.012952454407224475 -0.02074909562652506 P S
0.42 8 8.456333830298254 14.471171859237208 19.072868368744132 32.5592710543459 -0.015185978285118277 -0.023429320864758067 P S
0.43 8 8.646952967588618 14.796642930625467 19.050782436942118 32.53455049505532 -0.017283486268411773 -0.026059351444487306 P S
0.44 8 8.837342904449896 15.121855833198405 19.02653239823593 32.5080565692316 -0.01932372347374748 -0.028608980352055537 P S
0.45 8 9.027482596941052 15.446790020191477 19.001248344821633 32.47859837459567 -0.02124092810684244 -0.031198066445219226 P S
0.46 8 9.217354255023135 15.771425406429472 18.973169006867295 32.44792938514319 -0.023182418516713203 -0.03368056224023029 P S
0.47000000000000003 8 9.40694149423669 16.095746297005856 18.943992613247463 32.4162241628956 -0.025038102709166444 -0.036065539048733566 P S
0.48 8 9.596230650282283 16.419743337572374 18.914366230366536 32.382541930053684 -0.02678857634086315 -0.03843514371546727 P S
0.49 8 9.785230013224233 16.74339495688596 18.884433278407627 32.34725096255878 -0.028445449995221486 -0.04076803087368992 P S
0.5 8 9.97392103409901 17.06668299179805 18.853313598142623 32.31005493923835 -0.03006882118005703 -0.043087824039602686 P S
0.51 8 10.162287448646184 17.38959201297215 18.819934420628627 32.27145380628037 -0.031715094006686935 -0.045367396022088786 P S
0.52 8 10.350315625225775 17.712114727866794 18.78549455815816 32.23263873576343 -0.03332571936143685 -0.04754697836936903 P S
0.53 8 10.537993380928413 18.03423843923894 18.749779603815764 32.191657088625576 -0.03491469262965062 -0.04974202561442587 P S
0.54 8 10.725309173628922 18.355944397150207 18.713057552253755 32.14916267554392 -0.03647342027580794 -0.051917426004647035 P S
0.55 8 10.912251878643367 18.67721672100405 18.675238275732557 32.1049052840325 -0.03800896978032575 -0.05408727668663094 P S
0.56 8 11.098810793599807 18.99804893710933 18.636352160284495 32.061256386368164 -0.03952262904153982 -0.05614245324468028 P S
0.5700000000000001 8 11.284988146277186 19.318434266485934 18.599536832176064 32.01546380274547 -0.040901340661504186 -0.05821779146682086 P S
0.58 8 11.470793872778364 19.638353692874418 18.56110094154095 31.968405425385203 -0.04229004656353638 -0.06027316510097066 P S
0.59 8 11.656205757182734 19.957796627405582 18.521347944579883 31.920284086032865 -0.04367704065126494 -0.06230191283569792 P S
0.6 8 11.841262764662433 20.276758674428567 18.499325766328766 31.87200848299237 -0.04442552816461914 -0.0642699231819223 P S
0.61 8 12.026238726127993 20.595230125579597 18.494612343818662 31.821957320858854 -0.04458398065607165 -0.06624561309926837 P S
0.62 8 12.211143325985208 20.913192807287583 18.485501983349927 31.770173058910135 -0.04488854751259779 -0.06822640019341293 P S
0.63 8 12.3959453952724 21.230640968024577 18.47389618021823 31.71890133294174 -0.045273356807497014 -0.07012944044851571 P S
0.64 8 12.580619995339264 21.547573312707456 18.46013475836681 31.666928712892787 -0.04572513406672002 -0.07200416965560948 P S
0.65 8 12.765147210558318 21.86397372730357 18.444723027254405 31.61285762822698 -0.046225455354156966 -0.0739009976577198 P S
0.66 8 12.949510113830724 22.179828249810953 18.427565080733864 31.55817257969279 -0.04677568711358139 -0.0757679082383526 P S
0.67 8 13.133694183655813 22.495143384374487 18.409432847299083 31.50408136022518 -0.04734966801630179 -0.07756728847631982 P S
0.68 8 13.317687087926315 22.80990355703566 18.389143735478108 31.44762685969229 -0.04798312956382338 -0.07939862966670799 P S
0.6900000000000001 8 13.501477122084848 23.12409134399322 18.368486575639288 31.389804821451506 -0.04861890010936186 -0.08122825483698824 P S
0.7000000000000001 8 13.685056573042377 23.437713030221822 18.34728675747491 31.33394432407873 -0.04926211323561615 -0.08295440297943292 P S
0.71 8 13.868424840183968 23.75076190022481 18.325771118098594 31.27546435840602 -0.0499056883377289 -0.08472063131076867 P S
0.72 8 14.051569530074563 24.0632173547055 18.302938816729068 31.215020262218403 -0.05057888269633161 -0.08650493067176071 P S
0.73 8 14.234480853943758 24.375080638507303 18.279174577612643 31.15731970428809 -0.0512692941467894 -0.08817143498534939 P S
0.74 8 14.417150883252436 24.686354002753745 18.254673816072494 31.096947297143267 -0.05197058160491139 -0.08987882814010552 P S
0.75 8 14.599578583738877 24.99701434873094 18.230137768774476 31.035169721608263 -0.05266259711483947 -0.09158968732241975 P S
0.76 8 14.754712081995283 25.307061133195198 13.65730398910466 30.9748310461849 -0.1206966812434022 -0.09322719897535582 P S
0.77 8 14.891276395240066 25.616500641660547 13.65730398910466 30.912636719536142 -0.1206966812434022 -0.09488225009146414 P S
0.78 8 15.027840708484856 25.925308473179907 13.65730398910466 30.84895065915813 -0.1206966812434022 -0.09654424362139151 P S
0.79 8 15.164405021729646 26.233485522688397 13.65730398910466 30.787022465117087 -0.1206966812434022 -0.0981301675148003 P S
0.8 8 15.300969334974429 26.541038026608604 13.65730398910466 30.723036929737837 -0.1206966812434022 -0.09973902770889785 P S
0.81 8 15.437533648219219 26.84794086789717 13.65730398910466 30.65769982211679 -0.1206966812434022 -0.10135215085223298 P S
0.8200000000000001 8 15.574097961464002 27.15339243257752 13.65730398910466 24.66500694889536 -0.1206966812434022 -0.19258311837738398 P S
0.8300000000000001 8 15.710662274708788 27.40003377542022 13.65730398910466 24.66500694889536 -0.1206966812434022 -0.19258311837738398 P S
0.84 8 15.847226587953575 27.646675118262905 13.65730398910466 24.66500694889536 -0.1206966812434022 -0.19258311837738398 P S
0.85 8 15.983790901198361 27.893316461105606 13.65730398910466 24.66500694889536 -0.1206966812434022 -0.19258311837738398 P S
0.86 8 16.120355214443144 28.1399578039483 13.65730398910466 24.66500694889536 -0.1206966812434022 -0.19258311837738398 P S
0.87 8 16.256919527687934 28.386599146790992 13.65730398910466 24.66500694889536 -0.1206966812434022 -0.19258311837738398 P S
0.88 8 16.393483840932724 28.633240489633685 13.65730398910466 24.66500694889536 -0.1206966812434022 -0.19258311837738398 P S
0.89 8 16.530048154177514 28.87988183247638 13.65730398910466 24.66500694889536 -0.1206966812434022 -0.19258311837738398 P S
0.9 8 16.666612467422297 29.126523175319072 13.65730398910466 24.66500694889536 -0.1206966812434022 -0.19258311837738398 P S
0.91 8 16.80317678066708 29.373164518161765 13.65730398910466 24.66500694889536 -0.1206966812434022 -0.19258311837738398 P S
0.92 8 16.93974109391187 29.61980586100446 13.65730398910466 24.66500694889536 -0.1206966812434022 -0.19258311837738398 P S
0.93 8 17.076305407156656 29.86644720384716 13.65730398910466 24.66500694889536 -0.1206966812434022 -0.19258311837738398 P S
0.9400000000000001 8 17.21286972040144 30.113088546689845 13.65730398910466 24.66500694889536 -0.1206966812434022 -0.19258311837738398 P S
0.9500000000000001 8 17.349434033646226 30.359729889532538 13.65730398910466 24.66500694889536 -0.1206966812434022 -0.19258311837738398 P S
0.96 8 17.485998346891012 30.60637123237523 13.65730398910466 24.66500694889536 -0.1206966812434022 -0.19258311837738398 P S
0.97 8 17.622562660135802 30.85301257521793 13.65730398910466 24.66500694889536 -0.1206966812434022 -0.19258311837738398 P S
0.98 8 17.759126973380585 31.099653918060618 13.65730398910466 24.66500694889536 -0.1206966812434022 -0.19258311837738398 P S
0.99 8 17.895691286625375 31.346295260903318 13.65730398910466 24.66500694889536 -0.1206966812434022 -0.19258311837738398 P S
1.0 8 18.032255599870158 31.59293660374601 13.65730398910466 24.66500694889536 -0.1206966812434022 -0.19258311837738398 P S
1.01 8 18.168819913114948 31.839577946588705 13.65730398910466 24.66500694889536 -0.1206966812434022 -0.19258311837738398 P S
1.02 8 18.305384226359735 32.0862192894314 13.65730398910466 24.66500694889536 -0.1206966812434022 -0.19258311837738398 P S
1.03 8 18.44194853960452 32.332860632274084 13.65730398910466 24.66500694889536 -0.1206966812434022 -0.19258311837738398 P S
1.04 8 18.578512852849308 32.579501975116784 13.65730398910466 24.66500694889536 -0.1206966812434022 -0.19258311837738398 P S
1.05 8 18.71507716609409 32.82614331795948 13.65730398910466 24.66500694889536 -0.1206966812434022 -0.19258311837738398 P S
1.06 8 18.85164147933888 33.07278466080217 13.65730398910466 24.66500694889536 -0.1206966812434022 -0.19258311837738398 P S
1.07 8 18.98820579258367 33.319426003644864 13.65730398910466 24.66500694889536 -0.1206966812434022 -0.19258311837738398 P S
1.08 8 19.124770105828453 33.56606734648756 13.65730398910466 24.66500694889536 -0.1206966812434022 -0.19258311837738398 P S
1.09 8 19.261334419073236 33.81270868933025 13.65730398910466 24.66500694889536 -0.1206966812434022 -0.19258311837738398 P S
1.1 8 19.39789873231803 34.059350032172944 13.65730398910466 24.66500694889536 -0.1206966812434022 -0.19258311837738398 P S
1.11 8 19.534463045562813 34.30599137501564 13.65730398910466 24.66500694889536 -0.1206966812434022 -0.19258311837738398 P S
1.12 8 19.6710273588076 34.55263271785833 13.65730398910466 24.66500694889536 -0.1206966812434022 -0.19258311837738398 P S
1.1300000000000001 8 19.807591672052386 34.79927406070102 13.65730398910466 24.66500694889536 -0.1206966812434022 -0.19258311837738398 P S
1.1400000000000001 8 19.944155985297172 35.04591540354372 13.65730398910466 24.66500694889536 -0.1206966812434022 -0.19258311837738398 P S
1.1500000000000001 8 20.080720298541962 35.29255674638642 13.65730398910466 24.66500694889536 -0.1206966812434022 -0.19258311837738398 P S
1.16 8 20.217284611786745 35.5391980892291 13.65730398910466 24.66500694889536 -0.1206966812434022 -0.19258311837738398 P S
1.17 8 20.35384892503153 35.785839432071796 13.65730398910466 24.66500694889536 -0.1206966812434022 -0.19258311837738398 P S
1.18 8 20.490413238276318 36.03248077491449 13.65730398910466 24.66500694889536 -0.1206966812434022 -0.19258311837738398 P S
1.19 8 20.626977551521104 36.27912211775718 13.65730398910466 24.66500694889536 -0.1206966812434022 -0.19258311837738398 P S
1.2 8 20.76354186476589 36.525763460599876 13.65730398910466 24.66500694889536 -0.1206966812434022 -0.19258311837738398 P S
1.21 8 20.900106178010677 36.77240480344257 13.65730398910466 24.66500694889536 -0.1206966812434022 -0.19258311837738398 P S
1.22 8 21.036670491255464 37.01904614628527 13.65730398910466 24.66500694889536 -0.1206966812434022 -0.19258311837738398 P S
1.23 8 21.17323480450025 37.26568748912796 13.65730398910466 24.66500694889536 -0.1206966812434022 -0.19258311837738398 P S
1.24 8 21.309799117745037 37.51232883197065 13.65730398910466 24.66500694889536 -0.1206966812434022 -0.19258311837738398 P S
1.25 8 21.446363430989823 37.75897017481334 13.65730398910466 24.66500694889536 -0.1206966812434022 -0.19258311837738398 P S
1.26 8 21.58292774423461 38.005611517656035 13.65730398910466 24.66500694889536 -0.1206966812434022 -0.19258311837738398 P S
1.27 8 21.7194920574794 38.252252860498736 13.65730398910466 24.66500694889536 -0.1206966812434022 -0.19258311837738398 P S
1.28 8 21.856056370724186 38.49889420334143 13.65730398910466 24.66500694889536 -0.1206966812434022 -0.19258311837738398 P S
1.29 8 21.992620683968973 38.74553554618412 13.65730398910466 24.66500694889536 -0.1206966812434022 -0.19258311837738398 P S
1.3 8 22.12918499721376 38.992176889026815 13.65730398910466 24.66500694889536 -0.1206966812434022 -0.19258311837738398 P S
1.31 8 22.265749310458546 39.23881823186951 13.65730398910466 24.66500694889536 -0.1206966812434022 -0.19258311837738398 P S
1.32 8 22.402313623703332 39.4854595747122 13.65730398910466 24.66500694889536 -0.1206966812434022 -0.19258311837738398 P S
1.33 8 22.53887793694812 39.732100917554895 13.65730398910466 24.66500694889536 -0.1206966812434022 -0.19258311837738398 P S
1.34 8 22.675442250192905 39.97874226039759 13.65730398910466 24.66500694889536 -0.1206966812434022 -0.19258311837738398 P S
1.35 8 22.812006563437688 40.225383603240275 13.65730398910466 24.66500694889536 -0.1206966812434022 -0.19258311837738398 P S
1.36 8 22.94857087668248 40.47202494608298 13.65730398910466 24.66500694889536 -0.1206966812434022 -0.19258311837738398 P S
1.37 8 23.085135189927268 40.718666288925675 13.65730398910466 24.66500694889536 -0.1206966812434022 -0.19258311837738398 P S
1.3800000000000001 8 23.22169950317205 40.96530763176836 13.65730398910466 24.66500694889536 -0.1206966812434022 -0.19258311837738398 P S
1.3900000000000001 8 23.358263816416837 41.211948974611055 13.65730398910466 24.66500694889536 -0.1206966812434022 -0.19258311837738398 P S
1.4000000000000001 8 23.494828129661624 41.45859031745375 13.65730398910466 24.66500694889536 -0.1206966812434022 -0.19258311837738398 P S
0.01 9 1.6385694431638183 2.811164291017538 2.453824681795463 4.2081772766573815 0.16878465346126575 0.28839078096794046 p s
0.02 9 1.6749687666898514 2.873586040349096 4.799970506266042 8.231468343635639 0.16465636720174529 0.2812846946714774 p s
0.03 9 1.7339204760097786 2.9746798429224866 6.952694972624156 11.922632331909545 0.15832026372643365 0.27037726899566594 p s
0.04 9 1.8132028095914927 3.1106310495334695 8.860493716338425 15.193404675695728 0.15041653259838525 0.256768644515296 p s
0.05 9 1.9102558198100255 3.2770441360865585 10.506482419236772 18.014389164681614 0.1415863419500697 0.24156350693814202 p s
0.06 9 2.0224874010561313 3.4694680599003873 11.899337917487651 20.400826595959792 0.13237229425301456 0.22569391876482156 p s
0.07 9 2.147480019538001 3.683751221756468 13.063460070852233 22.394497031782386 0.12317436317456898 0.20984910415323285 p s
0.08 9 2.2830974672427145 3.91622482515828 14.029910513008936 24.04804936241244 0.11425408469846773 0.19448665879723906 p s
0.09 9 2.427517323668417 4.163758748425284 14.829012202177498 25.415281235502537 0.10577659109572479 0.17987488850486127 p s
0.1 9 2.579218933716167 4.423740956103225 15.490372865902462 26.5450978521535 0.09780989324841492 0.16615221630790394 p s
0.11 9 2.7369498868525604 4.6940200932942 16.03871757588887 27.48113131331671 0.09037902441421637 0.15334983005268565 p s
0.12 9 2.899685702817758 4.972836308618144 16.494565160260418 28.258139348620777 0.08347948445425495 0.14146747972961823 p s
0.13 9 3.066590417776506 5.258753621275783 16.87495439887228 28.90577557351848 0.07708512742237794 0.13045522721383412 p s
0.14 9 3.2369815994306705 5.55059986942834 17.194072421500433 29.447533878816618 0.071152868972936 0.12025603526493964 p s
0.15 9 3.410300769907971 5.847415986380759 17.462135487510352 29.902402738258193 0.06566052216071563 0.11080570548473825 p s
0.16 9 3.586089272053738 6.148414394907985 17.68880998614287 30.286538973084028 0.060554322686570045 0.10201852703448122 p s
0.17 9 3.7639686319136234 6.452945423939356 17.88189213833646 30.610959679786284 0.055779042975311444 0.09386043175489335 p s
0.18 9 3.943624959229066 6.7604705264180645 18.045342303623386 30.886596245802004 0.05134509757438918 0.08624789440953502 p s
0.19 9 4.124796587144963 7.0705408261149945 18.185236558942485 31.121158999138267 0.047184287214237966 0.07913437273989422 p s
0.2 9 4.307264070809223 7.382780144758578 18.30511596021374 31.321332520156115 0.04327273740194622 0.07246543374683445 p s
0.21 9 4.490842228023566 7.696871468270382 18.40792263873653 31.492330686279374 0.03958840076934005 0.06620007920998021 p s
0.22 9 4.675374163860386 8.012546115372919 18.49659376020317 31.63870866528167 0.03609093943149287 0.06029089272398395 p s
0.23 9 4.860725721645597 8.32957512360607 18.571996134261855 31.763795906486347 0.03280971229051658 0.05471292887083671 p s
0.24 9 5.046781870110208 8.647762249964087 18.637467200068095 31.870744039807647 0.029655177062613183 0.04942705044909391 p s
0.25 9 5.23344321014472 8.966938440128994 18.69335776444783 31.962015122649216 0.026658348462473887 0.044404840168494115 p s
0.26 9 5.420623032471157 9.286957073208674 18.741104486061598 32.03946372243741 0.02379276585345729 0.039634032587897175 p s
0.27 9 5.608245728821376 9.607690683988427 18.782514897138306 32.105489615482746 0.020985968978018365 0.035046964243237874 p s
0.28 9 5.796244334696886 9.929027374221269 18.81672433823144 32.160540374611315 0.01834046114874692 0.030694084210603306 p s
0.29 9 5.984559345238472 10.250869015098152 18.845166988754038 32.20641594155431 0.01580278674424687 0.026519494030742656 p s
0.3 9 6.173137445496978 10.573128352249906 18.869686622191278 32.24410363320716 0.013226080890486575 0.02251253768390727 p s
0.31 9 6.361930359173351 10.89572828432836 18.888723057987587 32.274601906604595 0.010806950244909986 0.01864553563935237 p s
0.32 9 6.550894282558978 11.218599695378403 18.903540737035712 32.298663829591085 0.008455473438127411 0.014899000286442877 p s
0.33 9 6.739988246444811 11.541680723168422 18.914652196112836 32.31700630653212 0.006124203886707328 0.011230060592394508 p s
0.34 9 6.9291746348917505 11.864915170725363 18.92207019949952 32.32952985478639 0.003847546513490057 0.007786485552603716 p s
0.35000000000000003 9 7.1184171951883615 12.188252658870226 18.925391097777865 32.33743488841388 0.002153453570879874 0.004391051729837784 p s
0.36 9 7.307687604031495 12.511646421770093 18.926933995754737 32.340094983343405 -1.0423063735756032e-17 0.002316286970914524 P s
0.37 9 7.496945436032633 12.835058589654444 18.924498851471665 32.33999142453821 -0.0027145842057183034 -0.0024304257477217625 P S
0.38 9 7.686165777763053 13.158445485975436 18.919488521678133 32.336248397853936 -0.0047650457528283455 -0.005048567177770441 P S
0.39 9 7.8753233399720335 13.481773152393176 18.911525080185367 32.32867100364911 -0.006861014249058246 -0.008069761465461083 P S
0.4 9 8.064391751639578 13.805009158153903 18.901502951885533 32.317770476981366 -0.008816252185777647 -0.011050754952996929 P S
0.41000000000000003 9 8.253346036927532 14.128123127874616 18.888877843766245 32.30423096980574 -0.010785045349337767 -0.013888470383329436 P S
0.42 9 8.442162948275998 14.451086235783496 18.873978328343167 32.28786065538409 -0.01272112672432024 -0.016685830469021105 P S
0.43 9 8.630820388526512 14.77387350394878 18.856939372250565 32.26913370138743 -0.014622849566077128 -0.019395964972954177 P S
0.44 9 8.819297492635904 15.096460691133647 18.837885911106273 32.24801059517064 -0.016490020497874708 -0.022055246004159184 P S
0.45 9 9.007574560058197 15.418826695986123 18.81693238778961 32.22443739889629 -0.01832318781873548 -0.024685315629962325 P S
0.46 9 9.195633021249169 15.740948422397182 18.79430199997104 32.199405427146594 -0.020114301340366056 -0.027199349961729524 P S
0.47000000000000003 9 9.38345518871645 16.06280423366657 18.769832920556148 32.17153794827607 -0.021884502575572878 -0.029747283183897435 P S
0.48 9 9.57102430180251 16.384373319253122 18.743869409930895 32.14190353581162 -0.02361593792925737 -0.0322344388765448 P S
0.49 9 9.758324843786902 16.705636208541154 18.716508430467965 32.11034643860947 -0.02531039159300529 -0.03468519649557156 P S
0.5 9 9.945341603391615 17.026577473277058 18.68676246644758 32.07748564773111 -0.02702976863195443 -0.03706306522326725 P S
0.51 9 10.132060199961247 17.34718507899285 18.65641488996321 32.04344203767145 -0.028675310828577667 -0.03937303048266781 P S
0.52 9 10.318466879129328 17.667440806381727 18.6246272839155 32.00732916196977 -0.03030063316871502 -0.04168125988063722 P S
0.53 9 10.504565541919174 17.9873260683736 18.594361378435515 31.969436954827465 -0.0317685807039615 -0.0439705671878688 P S
0.54 9 10.690348603859197 18.306826536193803 18.56178095955318 31.930325821568882 -0.03327400195902176 -0.04621210004645777 P S
0.55 9 10.875796930048061 18.625932064304433 18.527627980363608 31.890953105296212 -0.034779555527828764 -0.04836122061833057 P S
0.56 9 11.060908949992745 18.94463257194231 18.500490071139893 31.849131333805047 -0.035929043241570216 -0.050541319307917436 P S
0.5700000000000001 9 11.245896418549256 19.262910028436135 18.496492307766722 31.806031443908342 -0.036095144742308925 -0.05269094517403927 P S
0.58 9 11.430825625238903 19.58074835790538 18.488580898488426 31.761442784630578 -0.03642151538056027 -0.05482331167723565 P S
0.59 9 11.615664382442203 19.898141336959323 18.478187109188486 31.716615124026138 -0.036845689635576745 -0.05688374067702129 P S
0.6 9 11.800388362469382 20.215082200800342 18.465728898253243 31.67092675570374 -0.03734745808587259 -0.05890678351151139 P S
0.61 9 11.984978597901508 20.53155455804548 18.45172926794474 31.62323248129177 -0.03790298846948656 -0.060944093916025295 P S
0.62 9 12.169419116764365 20.84754226789803 18.436080866391514 31.574175873099442 -0.0385139749760732 -0.06296782243635346 P S
0.63 9 12.353696269634723 21.16304483490603 18.419361122929466 31.52595444046137 -0.03915569898934049 -0.06489269702902987 P S
0.64 9 12.537798610429718 21.478054158680365 18.40077692260564 31.47549476172618 -0.03985619450672716 -0.06684458488317807 P S
0.65 9 12.721715148653841 21.79255102575376 18.381927959726763 31.423563530844962 -0.04055360850985303 -0.06879246826999653 P S
0.66 9 12.90543586485126 22.106523771107266 18.36213359509143 31.371209604033755 -0.04127256896268159 -0.07069878180119325 P S
0.67 9 13.08895749061822 22.419980229422936 18.342350764506868 31.31923504299707 -0.041978055287724754 -0.07253872312069001 P S
0.68 9 13.27227629138544 22.732902714950793 18.32124557414562 31.264928655689655 -0.042717038584670346 -0.07440948967467406 P S
0.6900000000000001 9 13.4553807889013 23.04527414015579 18.29943745920523 31.208967530520283 -0.043466567591982794 -0.07628601005722625 P S
0.7000000000000001 9 13.63826255287435 23.357097321902526 18.27677928707287 31.15519234202324 -0.04423093989749144 -0.07804367498617582 P S
0.71 9 13.820914662394278 23.668369208945816 18.25346219816563 31.09880548990295 -0.045003025085192674 -0.0798420111468543 P S
0.72 9 14.003336071822241 23.979068402868712 18.230100569988732 31.04083884768139 -0.04576255988763408 -0.08164616971247847 P S
0.73 9 14.185519767814451 24.289189786129466 18.20604290599459 30.984138829004173 -0.046530777127527095 -0.08336998958607615 P S
0.74 9 14.362150089536687 24.598742330527248 13.65730398910466 30.925861857517376 -0.11784923382521274 -0.08510218996150609 P S
0.75 9 14.49871440278147 24.907702628894572 13.65730398910466 30.865877864526848 -0.11784923382521274 -0.08684575179208573 P S
0.76 9 14.63527871602626 25.21606096855779 13.65730398910466 30.806823498416104 -0.11784923382521274 -0.08852554189303236 P S
0.77 9 14.771843029271043 25.523832331862717 13.65730398910466 30.746851942304826 -0.11784923382521274 -0.09019621096320071 P S
0.78 9 14.908407342515833 25.830993134579423 13.65730398910466 30.684973205893574 -0.11784923382521274 -0.0918848569136193 P S
0.79 9 15.04497165576062 26.137533358415407 13.65730398910466 30.624126698032498 -0.11784923382521274 -0.09351237525482127 P S
0.8 9 15.181535969005402 26.44346886488038 13.65730398910466 30.562283342057757 -0.11784923382521274 -0.09513480627092567 P S
0.81 9 15.318100282250192 26.716138578504193 13.65730398910466 24.66500694889536 -0.11784923382521274 -0.18813332641687597 P S
0.8200000000000001 9 15.454664595494975 26.96277992134688 13.65730398910466 24.66500694889536 -0.11784923382521274 -0.18813332641687597 P S
0.8300000000000001 9 15.591228908739765 27.20942126418958 13.65730398910466 24.66500694889536 -0.11784923382521274 -0.18813332641687597 P S
0.84 9 15.727793221984548 27.456062607032266 13.65730398910466 24.66500694889536 -0.11784923382521274 -0.18813332641687597 P S
0.85 9 15.864357535229338 27.702703949874966 13.65730398910466 24.66500694889536 -0.11784923382521274 -0.18813332641687597 P S
0.86 9 16.00092184847412 27.94934529271766 13.65730398910466 24.66500694889536 -0.11784923382521274 -0.18813332641687597 P S
0.87 9 16.13748616171891 28.195986635560352 13.65730398910466 24.66500694889536 -0.11784923382521274 -0.18813332641687597 P S
0.88 9 16.274050474963698 28.442627978403046 13.65730398910466 24.66500694889536 -0.11784923382521274 -0.18813332641687597 P S
0.89 9 16.410614788208488 28.68926932124574 13.65730398910466 24.66500694889536 -0.11784923382521274 -0.18813332641687597 P S
0.9 9 16.54717910145327 28.935910664088432 13.65730398910466 24.66500694889536 -0.11784923382521274 -0.18813332641687597 P S
0.91 9 16.683743414698053 29.182552006931125 13.65730398910466 24.66500694889536 -0.11784923382521274 -0.18813332641687597 P S
0.92 9 16.820307727942843 29.42919334977382 13.65730398910466 24.66500694889536 -0.11784923382521274 -0.18813332641687597 P S
0.93 9 16.956872041187633 29.67583469261652 13.65730398910466 24.66500694889536 -0.11784923382521274 -0.18813332641687597 P S
0.9400000000000001 9 17.093436354432416 29.922476035459205 13.65730398910466 24.66500694889536 -0.11784923382521274 -0.18813332641687597 P S
0.9500000000000001 9 17.2300006676772 30.169117378301898 13.65730398910466 24.66500694889536 -0.11784923382521274 -0.18813332641687597 P S
0.96 9 17.36656498092199 30.41575872114459 13.65730398910466 24.66500694889536 -0.11784923382521274 -0.18813332641687597 P S
0.97 9 17.50312929416678 30.662400063987292 13.65730398910466 24.66500694889536 -0.11784923382521274 -0.18813332641687597 P S
0.98 9 17.639693607411562 30.909041406829978 13.65730398910466 24.66500694889536 -0.11784923382521274 -0.18813332641687597 P S
0.99 9 17.77625792065635 31.15568274967267 13.65730398910466 24.66500694889536 -0.11784923382521274 -0.18813332641687597 P S
1.0 9 17.912822233901135 31.402324092515364 13.65730398910466 24.66500694889536 -0.11784923382521274 -0.18813332641687597 P S
1.01 9 18.04938654714592 31.648965435358058 13.65730398910466 24.66500694889536 -0.11784923382521274 -0.18813332641687597 P S
1.02 9 18.18595086039071 31.89560677820075 13.65730398910466 24.66500694889536 -0.11784923382521274 -0.18813332641687597 P S
1.03 9 18.322515173635495 32.142248121043444 13.65730398910466 24.66500694889536 -0.11784923382521274 -0.18813332641687597 P S
1.04 9 18.459079486880285 32.388889463886144 13.65730398910466 24.66500694889536 -0.11784923382521274 -0.18813332641687597 P S
1.05 9 18.595643800125067 32.63553080672884 13.65730398910466 24.66500694889536 -0.11784923382521274 -0.18813332641687597 P S
1.06 9 18.732208113369857 32.88217214957153 13.65730398910466 24.66500694889536 -0.11784923382521274 -0.18813332641687597 P S
1.07 9 18.868772426614644 33.128813492414224 13.65730398910466 24.66500694889536 -0.11784923382521274 -0.18813332641687597 P S
1.08 9 19.00533673985943 33.37545483525692 13.65730398910466 24.66500694889536 -0.11784923382521274 -0.18813332641687597 P S
1.09 9 19.141901053104213 33.62209617809961 13.65730398910466 24.66500694889536 -0.11784923382521274 -0.18813332641687597 P S
1.1 9 19.278465366349003 33.868737520942304 13.65730398910466 24.66500694889536 -0.11784923382521274 -0.18813332641687597 P S
1.11 9 19.41502967959379 34.115378863785 13.65730398910466 24.66500694889536 -0.11784923382521274 -0.18813332641687597 P S
1.12 9 19.551593992838576 34.36202020662769 13.65730398910466 24.66500694889536 -0.11784923382521274 -0.18813332641687597 P S
1.1300000000000001 9 19.688158306083363 34.60866154947038 13.65730398910466 24.66500694889536 -0.11784923382521274 -0.18813332641687597 P S
1.1400000000000001 9 19.82472261932815 34.85530289231308 13.65730398910466 24.66500694889536 -0.11784923382521274 -0.18813332641687597 P S
1.1500000000000001 9 19.96128693257294 35.10194423515578 13.65730398910466 24.66500694889536 -0.11784923382521274 -0.18813332641687597 P S
1.16 9 20.097851245817722 35.34858557799846 13.65730398910466 24.66500694889536 -0.11784923382521274 -0.18813332641687597 P S
1.17 9 20.23441555906251 35.59522692084116 13.65730398910466 24.66500694889536 -0.11784923382521274 -0.18813332641687597 P S
1.18 9 20.370979872307295 35.84186826368385 13.65730398910466 24.66500694889536 -0.11784923382521274 -0.18813332641687597 P S
1.19 9 20.50754418555208 36.08850960652654 13.65730398910466 24.66500694889536 -0.11784923382521274 -0.18813332641687597 P S
1.2 9 20.644108498796864 36.335150949369236 13.65730398910466 24.66500694889536 -0.11784923382521274 -0.18813332641687597 P S
1.21 9 20.78067281204165 36.58179229221193 13.65730398910466 24.66500694889536 -0.11784923382521274 -0.18813332641687597 P S
1.22 9 20.91723712528644 36.82843363505462 13.65730398910466 24.66500694889536 -0.11784923382521274 -0.18813332641687597 P S
1.23 9 21.053801438531227 37.075074977897316 13.65730398910466 24.66500694889536 -0.11784923382521274 -0.18813332641687597 P S
1.24 9 21.190365751776014 37.32171632074001 13.65730398910466 24.66500694889536 -0.11784923382521274 -0.18813332641687597 P S
1.25 9 21.3269300650208 37.5683576635827 13.65730398910466 24.66500694889536 -0.11784923382521274 -0.18813332641687597 P S
1.26 9 21.463494378265587 37.814999006425396 13.65730398910466 24.66500694889536 -0.11784923382521274 -0.18813332641687597 P S
1.27 9 21.600058691510373 38.061640349268096 13.65730398910466 24.66500694889536 -0.11784923382521274 -0.18813332641687597 P S
1.28 9 21.73662300475516 38.30828169211079 13.65730398910466 24.66500694889536 -0.11784923382521274 -0.18813332641687597 P S
1.29 9 21.873187317999946 38.55492303495348 13.65730398910466 24.66500694889536 -0.11784923382521274 -0.18813332641687597 P S
1.3 9 22.009751631244733 38.801564377796176 13.65730398910466 24.66500694889536 -0.11784923382521274 -0.18813332641687597 P S
1.31 9 22.14631594448952 39.04820572063887 13.65730398910466 24.66500694889536 -0.11784923382521274 -0.18813332641687597 P S
1.32 9 22.28288025773431 39.29484706348156 13.65730398910466 24.66500694889536 -0.11784923382521274 -0.18813332641687597 P S
1.33 9 22.419444570979095 39.541488406324255 13.65730398910466 24.66500694889536 -0.11784923382521274 -0.18813332641687597 P S
1.34 9 22.556008884223882 39.78812974916695 13.65730398910466 24.66500694889536 -0.11784923382521274 -0.18813332641687597 P S
1.35 9 22.692573197468665 40.034771092009635 13.65730398910466 24.66500694889536 -0.11784923382521274 -0.18813332641687597 P S
1.36 9 22.829137510713455 40.28141243485234 13.65730398910466 24.66500694889536 -0.11784923382521274 -0.18813332641687597 P S
1.37 9 22.96570182395824 40.528053777695035 13.65730398910466 24.66500694889536 -0.11784923382521274 -0.18813332641687597 P S
1.3800000000000001 9 23.102266137203024 40.77469512053772 13.65730398910466 24.66500694889536 -0.11784923382521274 -0.18813332641687597 P S
1.3900000000000001 9 23.23883045044781 41.021336463380415 13.65730398910466 24.66500694889536 -0.11784923382521274 -0.18813332641687597 P S
1.4000000000000001 9 23.375394763692597 41.26797780622311 13.65730398910466 24.66500694889536 -0.11784923382521274 -0.18813332641687597 P S
0.01 10 1.8067712778957739 3.0987950181451605 2.197338229030516 3.7671761701980944 0.1671178484828919 0.28602186910181854 p s
0.02 10 1.83943316398964 3.1547908513200653 4.315857173061043 7.399064816684204 0.16374460638777838 0.28022892636566016 p s
0.03 10 1.8926047159781423 3.2459462430177126 6.2900041412513685 10.783167857654222 0.1584889962983892 0.27120351477437565 p s
0.04 10 1.964603240505974 3.3693731037298766 8.075932368373557 13.84421577882387 0.1518009577335415 0.25971864455966015 p s
0.05 10 2.053425566996807 3.5216331714438778 9.653140298643434 16.547003005344493 0.14415889300136228 0.24659641381181863 p s
0.06 10 2.156966064921903 3.6991121606345434 11.020715408514647 18.88985282125953 0.13599602144133796 0.232582133349339 p s
0.07 10 2.2731827955490274 3.898304934446092 12.191194800952157 20.894572392419253 0.12766105687007304 0.21827351354327457 p s
0.08 10 2.400201110799182 4.115993357093486 13.184415953641382 22.595393156144134 0.11941000884177323 0.2041087111929816 p s
0.09 10 2.536363229429776 4.349331454040208 14.024143122362098 24.031244394043572 0.11140334957730448 0.1903817116242161 p s
0.1 10 2.6802396902174164 4.595865145636424 14.731068661636636 25.24052426474132 0.1037617011751082 0.17727320752532594 p s
0.11 10 2.830618030821243 4.853512850399298 15.327311081432551 26.25966366861686 0.09652388962469341 0.16486499043373598 p s
0.12 10 2.986480173374491 5.120526781022847 15.831233599573746 27.11885354210082 0.08970420534339409 0.15320212054769314 p s
0.13 10 3.1469759931150616 5.3954475971585545 16.25695092996535 27.844991854920632 0.08331814819194086 0.14227668743998909 p s
0.14 10 3.311397243998505 5.677059677023033 16.617542643245276 28.460455267446566 0.07735037154863342 0.13205933549508994 p s
0.15 10 3.479153883826319 5.964350490615751 16.92529762649192 28.98392036043935 0.07175029608470705 0.1225048689538888 p s
0.16 10 3.6497534904884175 6.256475343705679 17.1877759189687 29.429616227050175 0.06651213821446812 0.11358532397507268 p s
0.17 10 3.8227840717642603 6.552727706842088 17.41285072212908 29.811006974386423 0.061595074914661374 0.10523365397677201 p s
0.18 10 3.997899543564819 6.852514565218069 17.605294372349423 30.138067364120953 0.05699883295402127 0.0974074450245028 p s
0.19 10 4.174808114368883 7.1553362614470934 17.77180024079027 30.41922957171858 0.05265371552952062 0.09006123669484453 p s
0.2 10 4.3532626289004765 7.46076994937076 17.915517334377842 30.661514807901217 0.048554752316733125 0.08315053067624169 p s
0.21 10 4.533052645110776 7.768456135097152 18.03954236665845 30.870626148445318 0.044686360514156524 0.07663717505390923 p s
0.22 10 4.713998196240551 8.078087907131303 18.147189852077023 31.051353475471217 0.04100963448243934 0.07048455090309212 p s
0.23 10 4.895944506068604 8.389401886376486 18.23979778808239 31.207472164236506 0.037539707830264904 0.06466751603358743 p s
0.24 10 5.0787578040338035 8.702171004583127 18.320629543775496 31.34285676849881 0.03420810559631183 0.05913479643606387 p s
0.25 10 5.262321822190122 9.016198647337282 18.390451361719535 31.459803386081163 0.031030098469255873 0.05387818453459052 p s
0.26 10 5.446534956331139 9.331313711923233 18.45028130816055 31.560612419599654 0.02801038667847437 0.04887733127425327 p s
0.27 10 5.6313077075408815 9.647366589935054 18.50252615527714 31.647675205855172 0.025068416116978298 0.044089403987220055 p s
0.28 10 5.816561193366424 9.964225964470213 18.547003287435405 31.722168130930303 0.022251705984670897 0.039522764654009654 p s
0.29 10 6.002225161781943 10.28177591625261 18.585033000037757 31.786012619842122 0.01951714360235628 0.035129593799843255 p s
0.3 10 6.188236410150633 10.599913887530613 18.616558043598786 31.84022470405798 0.016913258710140787 0.03090453837756207 p s
0.31 10 6.374538599197152 10.918548293755853 18.643161076915714 31.885440410124723 0.014348632816825718 0.026870580233407552 p s
0.32 10 6.56108031507173 11.237597757213722 18.664223278597873 31.92282531373182 0.01193003434732146 0.02300172670675001 p s
0.33 10 6.747814640086871 11.556988820655999 18.681420586708906 31.953649216711483 0.009506718877767186 0.019230781404552807 p s
0.34 10 6.934698558967639 11.876655527911897 18.69477238411 31.978635620311074 0.007071976697159495 0.015511738381241178 p s
0.35000000000000003 10 7.121692803681327 12.196538295096756 18.703872767524807 31.996926572366398 0.004741756644531279 0.012081572273725066 p s
0.36 10 7.308761250047575 12.516582525391525 18.709356141620287 32.011002720942294 0.002427059590942202 0.008549158713399667 p s
0.37 10 7.4958668521228935 12.836739091542986 18.711796315828657 32.019863063758294 -1.030458740195917e-17 0.005215278615958789 p s
0.38 10 7.682985700871235 13.156962646940412 18.710374415856585 32.02366691621037 -0.001675890483556804 0.0027376154357460106 P s
0.39 10 7.870079907103129 13.477214357909405 18.7073821972237 32.02516716929245 -0.0034445138299501127 -1.7636261564004364e-17 P S
0.4 10 8.057124231638268 13.797450980837615 18.701005224168934 32.0218774467132 -0.005582114384626141 -0.004094457416194063 P S
0.41000000000000003 10 8.24409315139799 14.117639844561976 18.69217035447858 32.01534237061995 -0.007607990109234428 -0.00711435413054664 P S
0.42 10 8.430961592962056 14.437748378327676 18.681392714902277 32.005713242795636 -0.009511147936383137 -0.010023822887310766 P S
0.43 10 8.617706711501627 14.757745608016334 18.667224501248104 31.992909913813783 -0.011543974780723271 -0.01291332289736376 P S
0.44 10 8.804306227008745 15.077603127625176 18.651792622138185 31.977716783742153 -0.01341064097369371 -0.015664203646120468 P S
0.45 10 8.990739287297915 15.397293732761899 18.634280113011137 31.95984340370216 -0.015253230940809989 -0.018379368280940982 P S
0.46 10 9.176987624434842 15.716792894833665 18.615451909075986 31.939786474732532 -0.017011450873860055 -0.02101109182031636 P S
0.47000000000000003 10 9.363043822077064 16.03607869275211 18.59498476594943 31.916995750392125 -0.018734749899426265 -0.023647018672784587 P S
0.48 10 9.54888738300072 16.355128321991415 18.57347349693002 31.8921446760188 -0.02038778520471084 -0.026219135707583552 P S
0.49 10 9.734500445577806 16.673923437839548 18.549183579283902 31.86589933074224 -0.022104216579332682 -0.028684356630634417 P S
0.5 10 9.919866360392648 16.99244254141297 18.523715658009316 31.837081331128104 -0.02376900611620787 -0.031165374654754007 P S
0.51 10 10.104978811087673 17.310665419939415 18.500490071139893 31.806807738198195 -0.02518966994001842 -0.03357267140363889 P S
0.52 10 10.289966204286882 17.62857268685336 18.49719735719737 31.7743310485866 -0.025384505538563286 -0.0359742172978084 P S
0.53 10 10.474906462143693 17.946149105723514 18.49017742497752 31.74054918384676 -0.02579486085215049 -0.03831051446428622 P S
0.54 10 10.659766793655745 18.263381363103107 18.48100271524695 31.70566765723488 -0.026321304311674135 -0.04057958121379835 P S
0.55 10 10.844526143900207 18.580256433458885 18.470068785674712 31.668889641338346 -0.026934927012527726 -0.042839568598979694 P S
0.56 10 11.02916832826744 18.89675514864078 18.457693838850147 31.630464119596066 -0.027612553202568377 -0.04507733729125059 P S
0.5700000000000001 10 11.213679985734458 19.212860322152448 18.4442004642828 31.590428440901274 -0.028332460198804643 -0.0472936985183913 P S
0.58 10 11.398049096393326 19.52856050272713 18.429522460622476 31.550177095090824 -0.029094775448865042 -0.04941925687517668 P S
0.59 10 11.582265903699641 19.84385193031205 18.41410728986654 31.50797006695502 -0.02987381329146894 -0.05155131818619374 P S
0.6 10 11.766320669579288 20.15871548171138 18.396836008372613 31.464373461625545 -0.030722454607826594 -0.053661893202412256 P S
0.61 10 11.950204557271803 20.47313449983513 18.37949584301285 31.41917073324845 -0.03155075700774827 -0.05576302819852102 P S
0.62 10 12.133909113808588 20.787096512460394 18.36164422291277 31.373298848640857 -0.03238057915674387 -0.05781433632042047 P S
0.63 10 12.31743168743834 21.100604018230403 18.343346452699922 31.327476664054096 -0.033208822883909875 -0.05979036193753413 P S
0.64 10 12.500768726846436 21.41364037039904 18.323982964295052 31.279443076256758 -0.034062515162890265 -0.06179100168748298 P S
0.65 10 12.683909989749264 21.726188109946555 18.304067227632665 31.229855805191693 -0.03491788319894585 -0.06378749606870517 P S
0.66 10 12.866847813171425 22.038237112242186 18.283368975148598 31.180706510737657 -0.03578424976106491 -0.0657035345865988 P S
0.67 10 13.04957507297112 22.349794097439453 18.261839578638373 31.13029776102118 -0.036662687150122567 -0.06760929053617193 P S
0.68 10 13.232089477229675 22.660838426943123 18.24028352438191 31.07822958725343 -0.0375206130581184 -0.06951985213643883 P S
0.6900000000000001 10 13.414385635064223 22.971354054329492 18.21833881557362 31.024385528422993 -0.038373303996281534 -0.07143863132567384 P S
0.7000000000000001 10 13.596458745014361 23.28134239893568 18.19571741323705 30.97278130423473 -0.03923185583831109 -0.07322741988712729 P S
0.71 10 13.778303383331076 23.590800934509247 18.17328769375324 30.9185406740952 -0.04006395210605649 -0.07505856565289834 P S
0.72 10 13.959915868082033 23.89970827910549 18.14954109023635 30.862675205621585 -0.04092538580195404 -0.07689576111875027 P S
0.73 10 14.1089656438313 24.2080552246918 13.65730398910466 30.807608570209286 -0.11503071431849018 -0.07866156536844114 P S
0.74 10 14.24552995707609 24.515853841690767 13.65730398910466 30.75154694347676 -0.11503071431849018 -0.08041632272475611 P S
0.75 10 14.382094270320874 24.823081558864327 13.65730398910466 30.69365925143564 -0.11503071431849018 -0.08218568545591787 P S
0.76 10 14.51865858356566 25.12972430882042 13.65730398910466 30.635815453936328 -0.11503071431849018 -0.08391322421467773 P S
0.77 10 14.655222896810447 25.43579798390516 13.65730398910466 30.578102672198064 -0.11503071431849018 -0.08559896115054011 P S
0.78 10 14.791787210055233 25.741281820302724 13.65730398910466 30.51826610861416 -0.11503071431849018 -0.0873091154741938 P S
0.79 10 14.928351523300023 26.036657506315322 13.65730398910466 24.66500694889536 -0.11503071431849018 -0.18370882222039403 P S
0.8 10 15.064915836544806 26.283298849158015 13.65730398910466 24.66500694889536 -0.11503071431849018 -0.18370882222039403 P S
0.81 10 15.201480149789596 26.52994019200071 13.65730398910466 24.66500694889536 -0.11503071431849018 -0.18370882222039403 P S
0.8200000000000001 10 15.338044463034379 26.7765815348434 13.65730398910466 24.66500694889536 -0.11503071431849018 -0.18370882222039403 P S
0.8300000000000001 10 15.474608776279169 27.023222877686095 13.65730398910466 24.66500694889536 -0.11503071431849018 -0.18370882222039403 P S
0.84 10 15.611173089523952 27.26986422052878 13.65730398910466 24.66500694889536 -0.11503071431849018 -0.18370882222039403 P S
0.85 10 15.747737402768742 27.51650556337148 13.65730398910466 24.66500694889536 -0.11503071431849018 -0.18370882222039403 P S
0.86 10 15.884301716013525 27.763146906214175 13.65730398910466 24.66500694889536 -0.11503071431849018 -0.18370882222039403 P S
0.87 10 16.02086602925831 28.009788249056868 13.65730398910466 24.66500694889536 -0.11503071431849018 -0.18370882222039403 P S
0.88 10 16.1574303425031 28.25642959189956 13.65730398910466 24.66500694889536 -0.11503071431849018 -0.18370882222039403 P S
0.89 10 16.29399465574789 28.50307093474226 13.65730398910466 24.66500694889536 -0.11503071431849018 -0.18370882222039403 P S
0.9 10 16.430558968992674 28.749712277584955 13.65730398910466 24.66500694889536 -0.11503071431849018 -0.18370882222039403 P S
0.91 10 16.567123282237457 28.99635362042764 13.65730398910466 24.66500694889536 -0.11503071431849018 -0.18370882222039403 P S
0.92 10 16.703687595482247 29.242994963270334 13.65730398910466 24.66500694889536 -0.11503071431849018 -0.18370882222039403 P S
0.93 10 16.840251908727037 29.489636306113034 13.65730398910466 24.66500694889536 -0.11503071431849018 -0.18370882222039403 P S
0.9400000000000001 10 16.97681622197182 29.73627764895572 13.65730398910466 24.66500694889536 -0.11503071431849018 -0.18370882222039403 P S
0.9500000000000001 10 17.113380535216603 29.982918991798414 13.65730398910466 24.66500694889536 -0.11503071431849018 -0.18370882222039403 P S
0.96 10 17.249944848461393 30.229560334641107 13.65730398910466 24.66500694889536 -0.11503071431849018 -0.18370882222039403 P S
0.97 10 17.38650916170618 30.476201677483807 13.65730398910466 24.66500694889536 -0.11503071431849018 -0.18370882222039403 P S
0.98 10 17.523073474950962 30.722843020326494 13.65730398910466 24.66500694889536 -0.11503071431849018 -0.18370882222039403 P S
0.99 10 17.659637788195752 30.969484363169194 13.65730398910466 24.66500694889536 -0.11503071431849018 -0.18370882222039403 P S
1.0 10 17.796202101440535 31.216125706011887 13.65730398910466 24.66500694889536 -0.11503071431849018 -0.18370882222039403 P S
1.01 10 17.932766414685325 31.46276704885458 13.65730398910466 24.66500694889536 -0.11503071431849018 -0.18370882222039403 P S
1.02 10 18.069330727930115 31.709408391697274 13.65730398910466 24.66500694889536 -0.11503071431849018 -0.18370882222039403 P S
1.03 10 18.205895041174898 31.956049734539967 13.65730398910466 24.66500694889536 -0.11503071431849018 -0.18370882222039403 P S
1.04 10 18.342459354419688 32.20269107738266 13.65730398910466 24.66500694889536 -0.11503071431849018 -0.18370882222039403 P S
1.05 10 18.47902366766447 32.44933242022535 13.65730398910466 24.66500694889536 -0.11503071431849018 -0.18370882222039403 P S
1.06 10 18.615587980909257 32.69597376306805 13.65730398910466 24.66500694889536 -0.11503071431849018 -0.18370882222039403 P S
1.07 10 18.752152294154047 32.94261510591074 13.65730398910466 24.66500694889536 -0.11503071431849018 -0.18370882222039403 P S
1.08 10 18.88871660739883 33.18925644875343 13.65730398910466 24.66500694889536 -0.11503071431849018 -0.18370882222039403 P S
1.09 10 19.025280920643617 33.435897791596126 13.65730398910466 24.66500694889536 -0.11503071431849018 -0.18370882222039403 P S
1.1 10 19.161845233888407 33.68253913443883 13.65730398910466 24.66500694889536 -0.11503071431849018 -0.18370882222039403 P S
1.11 10 19.298409547133193 33.92918047728152 13.65730398910466 24.66500694889536 -0.11503071431849018 -0.18370882222039403 P S
1.12 10 19.43497386037798 34.175821820124206 13.65730398910466 24.66500694889536 -0.11503071431849018 -0.18370882222039403 P S
1.1300000000000001 10 19.571538173622766 34.4224631629669 13.65730398910466 24.66500694889536 -0.11503071431849018 -0.18370882222039403 P S
1.1400000000000001 10 19.708102486867553 34.66910450580959 13.65730398910466 24.66500694889536 -0.11503071431849018 -0.18370882222039403 P S
1.1500000000000001 10 19.84466680011234 34.91574584865229 13.65730398910466 24.66500694889536 -0.11503071431849018 -0.18370882222039403 P S
1.16 10 19.981231113357122 35.16238719149498 13.65730398910466 24.66500694889536 -0.11503071431849018 -0.18370882222039403 P S
1.17 10 20.11779542660191 35.40902853433767 13.65730398910466 24.66500694889536 -0.11503071431849018 -0.18370882222039403 P S
1.18 10 20.254359739846695 35.655669877180365 13.65730398910466 24.66500694889536 -0.11503071431849018 -0.18370882222039403 P S
1.19 10 20.39092405309148 35.90231122002306 13.65730398910466 24.66500694889536 -0.11503071431849018 -0.18370882222039403 P S
1.2 10 20.527488366336268 36.14895256286575 13.65730398910466 24.66500694889536 -0.11503071431849018 -0.18370882222039403 P S
1.21 10 20.664052679581054 36.395593905708445 13.65730398910466 24.66500694889536 -0.11503071431849018 -0.18370882222039403 P S
1.22 10 20.800616992825844 36.642235248551145 13.65730398910466 24.66500694889536 -0.11503071431849018 -0.18370882222039403 P S
1.23 10 20.93718130607063 36.88887659139384 13.65730398910466 24.66500694889536 -0.11503071431849018 -0.18370882222039403 P S
1.24 10 21.073745619315417 37.13551793423653 13.65730398910466 24.66500694889536 -0.11503071431849018 -0.18370882222039403 P S
1.25 10 21.210309932560204 37.382159277079225 13.65730398910466 24.66500694889536 -0.11503071431849018 -0.18370882222039403 P S
1.26 10 21.346874245804987 37.62880061992191 13.65730398910466 24.66500694889536 -0.11503071431849018 -0.18370882222039403 P S
1.27 10 21.483438559049777 37.87544196276461 13.65730398910466 24.66500694889536 -0.11503071431849018 -0.18370882222039403 P S
1.28 10 21.620002872294563 38.122083305607305 13.65730398910466 24.66500694889536 -0.11503071431849018 -0.18370882222039403 P S
1.29 10 21.75656718553935 38.36872464845 13.65730398910466 24.66500694889536 -0.11503071431849018 -0.18370882222039403 P S
1.3 10 21.893131498784136 38.61536599129269 13.65730398910466 24.66500694889536 -0.11503071431849018 -0.18370882222039403 P S
1.31 10 22.029695812028923 38.862007334135384 13.65730398910466 24.66500694889536 -0.11503071431849018 -0.18370882222039403 P S
1.32 10 22.166260125273713 39.108648676978085 13.65730398910466 24.66500694889536 -0.11503071431849018 -0.18370882222039403 P S
1.33 10 22.3028244385185 39.35529001982077 13.65730398910466 24.66500694889536 -0.11503071431849018 -0.18370882222039403 P S
1.34 10 22.439388751763282 39.601931362663464 13.65730398910466 24.66500694889536 -0.11503071431849018 -0.18370882222039403 P S
1.35 10 22.57595306500807 39.84857270550616 13.65730398910466 24.66500694889536 -0.11503071431849018 -0.18370882222039403 P S
1.36 10 22.71251737825286 40.09521404834886 13.65730398910466 24.66500694889536 -0.11503071431849018 -0.18370882222039403 P S
1.37 10 22.849081691497645 40.34185539119155 13.65730398910466 24.66500694889536 -0.11503071431849018 -0.18370882222039403 P S
1.3800000000000001 10 22.985646004742428 40.58849673403424 13.65730398910466 24.66500694889536 -0.11503071431849018 -0.18370882222039403 P S
1.3900000000000001 10 23.122210317987214 40.83513807687693 13.65730398910466 24.66500694889536 -0.11503071431849018 -0.18370882222039403 P S
1.4000000000000001 10 23.258774631232 41.08177941971962 13.65730398910466 24.66500694889536 -0.11503071431849018 -0.18370882222039403 P S
0.01 11 1.9733117982575294 3.384059474799817 1.9869852828039165 3.406245933119653 0.1654238484795982 0.28358375438839784 p s
0.02 11 2.0028924728438424 3.4347686731491707 3.9146214718482 6.7107062703628575 0.16261884431819842 0.2787753045959498 p s
0.03 11 2.051235694007749 3.5176402384670395 5.732048696892447 9.825976267494426 0.15819861290701573 0.2711987736641267 p s
0.04 11 2.1170419129233413 3.6304441151335682 7.4024426106388495 12.688935213099596 0.15248672149399925 0.2614096027452454 p s
0.05 11 2.19872439666217 3.770457372161776 8.905108373440896 15.264166770784517 0.1458428163927022 0.25002481647768393 p s
0.06 11 2.2945649986965155 3.9347314932701583 10.234084110875767 17.54118357143292 0.1386101448532205 0.2376350699520932 p s
0.07 11 2.402843757882727 4.1203147694062645 11.394307602804378 19.528674497320512 0.1310841723839744 0.2247468245371294 p s
0.08 11 2.5219302956701997 4.3244091685367785 12.398070522649398 21.247484362996044 0.12349643623170241 0.2117597325097595 p s
0.09 11 2.6503376585746823 4.544462765708531 13.261279859455076 22.725310292226155 0.11601643856492634 0.1989621466743271 p s
0.1 11 2.7867461063103605 4.778210614792664 14.0015267320436 23.99131650316011 0.10875410335828781 0.1865532217554912 p s
0.11 11 2.9300061583683052 5.0236800554061585 14.634305812259322 25.073959829868908 0.10179294839017067 0.17465815817645866 p s
0.12 11 3.0791292390608094 5.279174625446199 15.175994448230359 26.00054520978286 0.09516133524479017 0.16333276974513583 p s
0.13 11 3.2332719129016914 5.543247143471016 15.640397432609964 26.793520486794833 0.08887133890205443 0.15261516403275996 p s
0.14 11 3.3917178838722433 5.814668818299097 16.038705449321743 27.473434404133084 0.08293071426937011 0.1425025689784276 p s
0.15 11 3.5538601597853368 6.092398558886479 16.38120101510329 28.05778992076235 0.07732646082801233 0.13297466838071775 p s
0.16 11 3.719184379855911 6.375554611705557 16.676301202039532 28.56070828463112 0.07204391105619941 0.12401250340252813 p s
0.17 11 3.887254329089898 6.663389412785012 16.931430023082896 28.995409082997195 0.06705812343446584 0.11556548273247286 p s
0.18 11 4.057699129482586 6.9552679310856345 17.152239064933084 29.371012202493258 0.06235424659608722 0.1076204824941874 p s
0.19 11 4.230202735105786 7.2506493276150605 17.344210142108594 29.696860514178915 0.05789995678646986 0.10012671577226746 p s
0.2 11 4.4044947341304574 7.549071490798005 17.51082209734796 29.980558917569947 0.05369063015116153 0.0930373204427992 p s
0.21 11 4.58034302894589 7.850138272126713 17.6557745613546 30.227106991052487 0.04970284884343477 0.08634395021057324 p s
0.22 11 4.7575475342377915 8.153508748531554 17.78254450164764 30.442063671042497 0.045902023499438 0.0800027213414367 p s
0.23 11 4.935935056300864 8.45888843298747 17.892713298872746 30.62961667519549 0.042297671612467065 0.07398623610641498 p s
0.24 11 5.115354943840899 8.766021933342934 17.98905091242431 30.79336047044225 0.038852185929140685 0.06826749291025673 p s
0.25 11 5.295675758171031 9.074686884155227 18.07345832559489 30.93625532825445 0.03554268842949044 0.06282496051607545 p s
0.26 11 5.4767819486810385 9.384688872156925 18.1463927660348 31.061189338173143 0.032397694093389676 0.057623544449372004 p s
0.27 11 5.658571709579553 9.695857299731097 18.209696180901883 31.169981599275793 0.029384628366971383 0.05265794250829493 p s
0.28 11 5.840954899454428 10.008041808790681 18.26543878443728 31.264702286853264 0.02643859410629826 0.047901106940326885 p s
0.29 11 6.0238510943000385 10.321109398778209 18.312598996828918 31.346798697541008 0.023653122192442838 0.04334457406771047 p s
0.3 11 6.207188481375421 10.634941925123098 18.353571104364658 31.417903899380104 0.020927429073271404 0.03895857072284299 p s
0.31 11 6.390902517504638 10.949434097045037 18.38845512595073 31.4790245087176 0.018283491802062218 0.034739368845059154 p s
0.32 11 6.574934780241701 11.264491672704846 18.41724062835872 31.530946826972002 0.01576675924732867 0.030695245934212106 p s
0.33 11 6.759232089683986 11.58002996547769 18.441099788467398 31.575074858335103 0.013321396567034632 0.02677599257995564 p s
0.34 11 6.943746430987235 11.895972694345438 18.46111682640412 31.6124077545857 0.010849514256837207 0.022937918574444896 p s
0.35000000000000003 11 7.128433357153352 12.212250849744589 18.47553686258622 31.64233640475587 0.008638882959690081 0.019313781780962234 p s
0.36 11 7.313252261711361 12.528801579678941 18.487590027287162 31.666459171658577 0.006212419265181403 0.015795435657350726 p s
0.37 11 7.498165345353013 12.845567991436013 18.49494001386134 31.686062369017108 0.004075276147924025 0.012208341808752333 p s
0.38 11 7.6831392932261595 13.162497751079755 18.499249116109706 31.69987743328229 0.0019271327104342392 0.008843872227724208 p s
0.39 11 7.8681472292662225 13.479542767029397 18.500490071139893 31.708858546037643 -1.0188221039787238e-17 0.00567023336244651 P s
0.4 11 8.05314434492874 13.796660175657339 18.49932556186109 31.713899915390943 -0.0018668332456449025 0.0025078959014510293 P s
0.41000000000000003 11 8.238136606913587 14.113810531612105 18.498260908910815 31.715125836239814 -0.002582846753814303 -1.7465521782492404e-17 P S
0.42 11 8.423106380516437 14.43095040974386 18.495645888043455 31.712628294835532 -0.003807349350129207 -0.003579565264749 P S
0.43 11 8.608045561852874 14.748050106194693 18.492063122039706 31.70674531167428 -0.005021420700778482 -0.006556761656019511 P S
0.44 11 8.792944200347389 15.065076907278526 18.48743771457942 31.69782566780119 -0.006248974247341507 -0.009419946132575104 P S
0.45 11 8.977793214953381 15.382000278499248 18.481976298652025 31.68601816707712 -0.007441828657543656 -0.01221761771183997 P S
0.46 11 9.16258327465523 15.69879187928291 18.475619352165968 31.671642881435126 -0.0086246016775176 -0.014931144566783287 P S
0.47000000000000003 11 9.347305430120478 16.0154245740348 18.46838644986127 31.654726300956288 -0.009797818899655062 -0.017595127378955657 P S
0.48 11 9.531950622875426 16.33187359708342 18.46056141241679 31.634515875370987 -0.010925687876001063 -0.020323603167617145 P S
0.49 11 9.716510943978262 16.648114675271934 18.451710051578978 31.61279137913375 -0.0120746737567842 -0.022895114359305465 P S
0.5 11 9.900977672965666 16.964124919070994 18.44204539513929 31.588733756251067 -0.013215089139808418 -0.025439542393939803 P S
0.51 11 10.085342603474748 17.27988408859601 18.43070371213943 31.56253102032231 -0.01443830504138881 -0.027946624144439814 P S
0.52 11 10.269597691962971 17.59537620284894 18.419438565840434 31.53522753764309 -0.015557694484288204 -0.03033746413191087 P S
0.53 11 10.453735052149444 17.9105828609416 18.407384937197193 31.505369050838222 -0.016671727570902982 -0.03275074809931774 P S
0.54 11 10.637746949993367 18.22548328407675 18.394549969007016 31.474056930875193 -0.01778068370139755 -0.035101545370564737 P S
0.55 11 10.821625799075743 18.54005844772531 18.38094036877075 31.4406413802296 -0.018884800346936667 -0.03744550182705827 P S
0.56 11 11.005364156292494 18.8542904807043 18.366562462864945 31.405466094551876 -0.019984281346039003 -0.03976144644623888 P S
0.5700000000000001 11 11.188956058406484 19.16816533660449 18.351896483772517 31.36948648854954 -0.021045881103008954 -0.041995966194143294 P S
0.58 11 11.372399085291697 19.481677323231448 18.336577559754833 31.332328851233882 -0.02209952034255138 -0.044182705197820756 P S
0.59 11 11.555685402897561 19.79480730205403 18.320413594227684 31.293101261182496 -0.023158476409578018 -0.04637690585418618 P S
0.6 11 11.738807083390018 20.10753748880225 18.303679725762056 31.252479338224656 -0.024205092371733978 -0.048541981170938255 P S
0.61 11 11.92175689372323 20.419851829211325 18.286158098113567 31.20977536243848 -0.025253574577613493 -0.050715636397690694 P S
0.62 11 12.104527872156972 20.731744623660962 18.268125319819646 31.16828982271673 -0.026288029398370986 -0.052738877958839935 P S
0.63 11 12.287115604307349 21.04321022657425 18.249148338670828 31.12435666510261 -0.02733336539363746 -0.054797340553644706 P S
0.64 11 12.469516348415834 21.354228291050184 18.23022111794755 31.078882475590692 -0.028336552923895753 -0.056846666746723 P S
0.65 11 12.651723360841352 21.664783068290735 18.21054581657935 31.03195310125764 -0.029342008805705463 -0.05888386238109423 P S
0.66 11 12.833731534101473 21.974868732180457 18.19054855522141 30.985531295872406 -0.03032872470536186 -0.06082905978014613 P S
0.67 11 13.015536275860189 22.28448574472432 18.170333573442903 30.93739321183533 -0.0312935279039529 -0.06277962207201117 P S
0.68 11 13.197132430315348 22.593612839406994 18.149021669484306 30.88767547449101 -0.03227836361115686 -0.06472948153304524 P S
0.6900000000000001 11 13.378512514939901 22.902234655438836 18.126837100899703 30.83621185632459 -0.0332714021096158 -0.06668463168821517 P S
0.7000000000000001 11 13.559674189575523 23.210353197588756 18.105264418419985 30.786853662275007 -0.03420830169710006 -0.0685044559989509 P S
0.71 11 13.722011416704444 23.517963436804028 13.65730398910466 30.734738781406442 -0.11223878903897282 -0.07037182344806174 P S
0.72 11 13.858575729949234 23.82504461056278 13.65730398910466 30.681164202273752 -0.11223878903897282 -0.07223802535849617 P S
0.73 11 13.995140043194016 24.131586726757416 13.65730398910466 30.62809788733764 -0.11223878903897282 -0.07403707502818613 P S
0.74 11 14.131704356438807 24.437600915054137 13.65730398910466 30.57408741644356 -0.11223878903897282 -0.07582123017054397 P S
0.75 11 14.26826866968359 24.743064904190657 13.65730398910466 30.51832076653251 -0.11223878903897282 -0.07761718837852102 P S
0.76 11 14.40483298292838 25.047962941201963 13.65730398910466 30.46090553069477 -0.11223878903897282 -0.07942051201612031 P S
0.77 11 14.541397296173166 25.352306511800787 13.65730398910466 30.406419193767125 -0.11223878903897282 -0.08109172658606939 P S
0.78 11 14.677961609417952 25.60820877579546 13.65730398910466 24.66500694889536 -0.11223878903897282 -0.17930629518214547 P S
0.79 11 14.814525922662739 25.854850118638154 13.65730398910466 24.66500694889536 -0.11223878903897282 -0.17930629518214547 P S
0.8 11 14.951090235907525 26.10149146148084 13.65730398910466 24.66500694889536 -0.11223878903897282 -0.17930629518214547 P S
0.81 11 15.087654549152312 26.34813280432354 13.65730398910466 24.66500694889536 -0.11223878903897282 -0.17930629518214547 P S
0.8200000000000001 11 15.224218862397095 26.594774147166227 13.65730398910466 24.66500694889536 -0.11223878903897282 -0.17930629518214547 P S
0.8300000000000001 11 15.360783175641885 26.841415490008927 13.65730398910466 24.66500694889536 -0.11223878903897282 -0.17930629518214547 P S
0.84 11 15.497347488886668 27.088056832851613 13.65730398910466 24.66500694889536 -0.11223878903897282 -0.17930629518214547 P S
0.85 11 15.633911802131458 27.334698175694314 13.65730398910466 24.66500694889536 -0.11223878903897282 -0.17930629518214547 P S
0.86 11 15.770476115376248 27.581339518537007 13.65730398910466 24.66500694889536 -0.11223878903897282 -0.17930629518214547 P S
0.87 11 15.90704042862103 27.8279808613797 13.65730398910466 24.66500694889536 -0.11223878903897282 -0.17930629518214547 P S
0.88 11 16.043604741865813 28.074622204222393 13.65730398910466 24.66500694889536 -0.11223878903897282 -0.17930629518214547 P S
0.89 11 16.180169055110603 28.321263547065087 13.65730398910466 24.66500694889536 -0.11223878903897282 -0.17930629518214547 P S
0.9 11 16.31673336835539 28.56790488990778 13.65730398910466 24.66500694889536 -0.11223878903897282 -0.17930629518214547 P S
0.91 11 16.45329768160018 28.814546232750473 13.65730398910466 24.66500694889536 -0.11223878903897282 -0.17930629518214547 P S
0.92 11 16.589861994844963 29.061187575593166 13.65730398910466 24.66500694889536 -0.11223878903897282 -0.17930629518214547 P S
0.93 11 16.726426308089753 29.307828918435867 13.65730398910466 24.66500694889536 -0.11223878903897282 -0.17930629518214547 P S
0.9400000000000001 11 16.862990621334536 29.554470261278553 13.65730398910466 24.66500694889536 -0.11223878903897282 -0.17930629518214547 P S
0.9500000000000001 11 16.999554934579326 29.801111604121246 13.65730398910466 24.66500694889536 -0.11223878903897282 -0.17930629518214547 P S
0.96 11 17.13611924782411 30.04775294696394 13.65730398910466 24.66500694889536 -0.11223878903897282 -0.17930629518214547 P S
0.97 11 17.2726835610689 30.29439428980664 13.65730398910466 24.66500694889536 -0.11223878903897282 -0.17930629518214547 P S
0.98 11 17.40924787431368 30.541035632649326 13.65730398910466 24.66500694889536 -0.11223878903897282 -0.17930629518214547 P S
0.99 11 17.545812187558468 30.787676975492026 13.65730398910466 24.66500694889536 -0.11223878903897282 -0.17930629518214547 P S
1.0 11 17.682376500803258 31.034318318334712 13.65730398910466 24.66500694889536 -0.11223878903897282 -0.17930629518214547 P S
1.01 11 17.81894081404804 31.280959661177405 13.65730398910466 24.66500694889536 -0.11223878903897282 -0.17930629518214547 P S
1.02 11 17.955505127292824 31.5276010040201 13.65730398910466 24.66500694889536 -0.11223878903897282 -0.17930629518214547 P S
1.03 11 18.092069440537614 31.774242346862792 13.65730398910466 24.66500694889536 -0.11223878903897282 -0.17930629518214547 P S
1.04 11 18.228633753782404 32.02088368970549 13.65730398910466 24.66500694889536 -0.11223878903897282 -0.17930629518214547 P S
1.05 11 18.365198067027194 32.267525032548185 13.65730398910466 24.66500694889536 -0.11223878903897282 -0.17930629518214547 P S
1.06 11 18.501762380271977 32.51416637539088 13.65730398910466 24.66500694889536 -0.11223878903897282 -0.17930629518214547 P S
1.07 11 18.638326693516763 32.76080771823357 13.65730398910466 24.66500694889536 -0.11223878903897282 -0.17930629518214547 P S
1.08 11 18.77489100676155 33.007449061076265 13.65730398910466 24.66500694889536 -0.11223878903897282 -0.17930629518214547 P S
1.09 11 18.911455320006333 33.25409040391896 13.65730398910466 24.66500694889536 -0.11223878903897282 -0.17930629518214547 P S
1.1 11 19.048019633251123 33.50073174676165 13.65730398910466 24.66500694889536 -0.11223878903897282 -0.17930629518214547 P S
1.11 11 19.18458394649591 33.747373089604345 13.65730398910466 24.66500694889536 -0.11223878903897282 -0.17930629518214547 P S
1.12 11 19.321148259740696 33.99401443244704 13.65730398910466 24.66500694889536 -0.11223878903897282 -0.17930629518214547 P S
1.1300000000000001 11 19.457712572985482 34.24065577528973 13.65730398910466 24.66500694889536 -0.11223878903897282 -0.17930629518214547 P S
1.1400000000000001 11 19.59427688623027 34.487297118132425 13.65730398910466 24.66500694889536 -0.11223878903897282 -0.17930629518214547 P S
1.1500000000000001 11 19.73084119947506 34.733938460975125 13.65730398910466 24.66500694889536 -0.11223878903897282 -0.17930629518214547 P S
1.16 11 19.86740551271984 34.98057980381781 13.65730398910466 24.66500694889536 -0.11223878903897282 -0.17930629518214547 P S
1.17 11 20.003969825964628 35.227221146660504 13.65730398910466 24.66500694889536 -0.11223878903897282 -0.17930629518214547 P S
1.18 11 20.140534139209414 35.4738624895032 13.65730398910466 24.66500694889536 -0.11223878903897282 -0.17930629518214547 P S
1.19 11 20.2770984524542 35.72050383234589 13.65730398910466 24.66500694889536 -0.11223878903897282 -0.17930629518214547 P S
1.2 11 20.413662765698984 35.967145175188584 13.65730398910466 24.66500694889536 -0.11223878903897282 -0.17930629518214547 P S
1.21 11 20.55022707894377 36.21378651803128 13.65730398910466 24.66500694889536 -0.11223878903897282 -0.17930629518214547 P S
1.22 11 20.68679139218856 36.46042786087397 13.65730398910466 24.66500694889536 -0.11223878903897282 -0.17930629518214547 P S
1.23 11 20.823355705433347 36.707069203716664 13.65730398910466 24.66500694889536 -0.11223878903897282 -0.17930629518214547 P S
1.24 11 20.959920018678133 36.95371054655936 13.65730398910466 24.66500694889536 -0.11223878903897282 -0.17930629518214547 P S
1.25 11 21.09648433192292 37.20035188940205 13.65730398910466 24.66500694889536 -0.11223878903897282 -0.17930629518214547 P S
1.26 11 21.233048645167706 37.44699323224474 13.65730398910466 24.66500694889536 -0.11223878903897282 -0.17930629518214547 P S
1.27 11 21.369612958412496 37.693634575087444 13.65730398910466 24.66500694889536 -0.11223878903897282 -0.17930629518214547 P S
1.28 11 21.50617727165728 37.94027591793014 13.65730398910466 24.66500694889536 -0.11223878903897282 -0.17930629518214547 P S
1.29 11 21.642741584902065 38.18691726077283 13.65730398910466 24.66500694889536 -0.11223878903897282 -0.17930629518214547 P S
1.3 11 21.779305898146852 38.43355860361552 13.65730398910466 24.66500694889536 -0.11223878903897282 -0.17930629518214547 P S
1.31 11 21.91587021139164 38.68019994645822 13.65730398910466 24.66500694889536 -0.11223878903897282 -0.17930629518214547 P S
1.32 11 22.05243452463643 38.92684128930091 13.65730398910466 24.66500694889536 -0.11223878903897282 -0.17930629518214547 P S
1.33 11 22.188998837881215 39.1734826321436 13.65730398910466 24.66500694889536 -0.11223878903897282 -0.17930629518214547 P S
1.34 11 22.325563151126 39.420123974986296 13.65730398910466 24.66500694889536 -0.11223878903897282 -0.17930629518214547 P S
1.35 11 22.462127464370784 39.66676531782899 13.65730398910466 24.66500694889536 -0.11223878903897282 -0.17930629518214547 P S
1.36 11 22.598691777615574 39.91340666067169 13.65730398910466 24.66500694889536 -0.11223878903897282 -0.17930629518214547 P S
1.37 11 22.73525609086036 40.16004800351438 13.65730398910466 24.66500694889536 -0.11223878903897282 -0.17930629518214547 P S
1.3800000000000001 11 22.871820404105144 40.40668934635707 13.65730398910466 24.66500694889536 -0.11223878903897282 -0.17930629518214547 P S
1.3900000000000001 11 23.00838471734993 40.65333068919976 13.65730398910466 24.66500694889536 -0.11223878903897282 -0.17930629518214547 P S
1.4000000000000001 11 23.144949030594717 40.899972032042456 13.65730398910466 24.66500694889536 -0.11223878903897282 -0.17930629518214547 P S
0.01 12 2.138405980487101 3.666908471403088 1.8116512869133845 3.1055082545636514 0.16417873602224894 0.28111425383549965 p s
0.02 12 2.165408328759213 3.7131953959844415 3.5775784536974125 6.132623661650909 0.16181741215726095 0.27706187143125705 p s
0.03 12 2.209670769737441 3.789068076999215 5.257657693757913 9.0123496923783 0.1580639894544668 0.2706207833475844 p s
0.04 12 2.270171916332331 3.8927740359022773 6.821122121172774 11.692101298764154 0.15315590235535773 0.262198164695416 p s
0.05 12 2.345639499485348 4.022130311680589 8.248664761308286 14.138441511252818 0.14736576386675093 0.25226320389956935 p s
0.06 12 2.434662631965975 4.174716066767334 9.531657889563188 16.33693337240456 0.14096636064700946 0.24128289042344253 p s
0.07 12 2.5357916396585782 4.348043881137878 10.670228033156583 18.288037695949853 0.1342052727277663 0.22968039522462003 p s
0.08 12 2.647614979393292 4.539691757632213 11.672059671779031 20.003777746194856 0.12728152630566275 0.217805026748732 p s
0.09 12 2.768810770916521 4.747391523580775 12.54697627720845 21.501864276370277 0.12036054587470663 0.2059360857125513 p s
0.1 12 2.898175701583895 4.969078514085386 13.308060164986484 22.804780457699472 0.113556223773032 0.1942687540418912 p s
0.11 12 3.034636615200628 5.202911443988936 13.968177387835158 23.934776351557158 0.10695156894349916 0.18294360082757863 p s
0.12 12 3.1772502195180516 5.447271968343793 14.5409788274937 24.914127233010674 0.10058716341483169 0.1720430186067363 p s
0.13 12 3.3251956009358254 5.700751856714031 15.036457812784832 25.761590984876083 0.0945114088692134 0.16163267630032577 p s
0.14 12 3.477763017051996 5.962133761523061 15.466481911708186 26.497399343684584 0.08872111690962509 0.15170655689848217 p s
0.15 12 3.6343411978054077 6.230369475139263 15.840374206137168 27.13508569716906 0.0832144502710477 0.14229740678070318 p s
0.16 12 3.7944046883779197 6.504558247835658 16.16514114184534 27.689778451646287 0.07799934636441927 0.13337450571697818 p s
0.17 12 3.9575019905694404 6.7839264011022165 16.447964659792614 28.172801945375618 0.0730604804401214 0.1249249415119297 p s
0.18 12 4.123244909100072 7.067809008454001 16.694891215438247 28.594050500471646 0.06838042231721264 0.11692749562499263 p s
0.19 12 4.291299097241913 7.355633774815108 16.911016754401576 28.96292235590491 0.06394064416194369 0.10933780546729086 p s
0.2 12 4.461375936555444 7.646907110858711 17.100204212832057 29.285020308466464 0.059732328528897954 0.10216274454085036 p s
0.21 12 4.6332257681588445 7.941202293023177 17.266418213582014 29.568223123330213 0.055730764152185794 0.09533667540187697 p s
0.22 12 4.8066317663072615 8.238149273537923 17.411999432081956 29.816197547642226 0.051938112274353604 0.08887059366413116 p s
0.23 12 4.981405159462116 8.537426222809149 17.539917880381516 30.034493461732428 0.048331466107133736 0.0827115802570561 p s
0.24 12 5.157381084196105 8.838752381930739 17.652740325855895 30.22658239386667 0.04488624017309235 0.07684348483660414 p s
0.25 12 5.334414826906203 9.14188192028015 17.75167006965949 30.39562066587902 0.04161094209702716 0.0712464266016873 p s
0.26 12 5.512379183089064 9.446598899145036 17.839061350891463 30.544537054095795 0.03846936419279087 0.06589402063209568 p s
0.27 12 5.691161795157028 9.752712998854564 17.915722950492906 30.675489539810957 0.03547089486265014 0.060774772662461125 p s
0.28 12 5.8706631480358675 10.060055875673562 17.98303201898146 30.79055787298501 0.0325997048839055 0.0558702890105727 p s
0.29 12 6.050794570830971 10.368478109091575 18.04192616277095 30.891641235293896 0.029851803088818518 0.05115825461574553 p s
0.3 12 6.231477395995274 10.677846649111283 18.093425287782317 30.980046927024855 0.027214112287497316 0.046634117583301195 p s
0.31 12 6.412640875212789 10.988042574292466 18.138221067412697 31.057328410774478 0.024684597966751317 0.04227233383120819 p s
0.32 12 6.594221741218472 11.298959334025005 18.177006023738514 31.124740876911805 0.022257672027054396 0.038051179520232806 p s
0.33 12 6.776163514827819 11.610500929093826 18.210570816152487 31.18252779107676 0.019915211140767428 0.03400973138985507 p s
0.34 12 6.9584148451688295 11.922580754989886 18.23904527648144 31.23227503280875 0.017682373996217547 0.03009180079743732 p s
0.35000000000000003 12 7.140929707364973 12.235120612271361 18.26327908583666 31.274770526615765 0.015527915749730762 0.026280486770822002 p s
0.36 12 7.32366715209066 12.548049144738373 18.28387814670187 31.310098868092133 0.013424710808965762 0.022623559295319406 p s
0.37 12 7.506589694063605 12.861301606925467 18.300247113066227 31.33942907324065 0.011479776849188586 0.019057732241809806 p s
0.38 12 7.689663699477259 13.174818753035696 18.313661852249414 31.362932142579048 0.00959464752541224 0.01562040169700748 p s
0.39 12 7.872859153487223 13.488546310886134 18.32500749115429 31.38156350599456 0.0076442268888376646 0.012224606771314813 p s
0.4 12 8.056148843380624 13.802434130226262 18.333250571069748 31.395241478857056 0.005830316554709356 0.008943615287189626 p s
0.41000000000000003 12 8.239508413566824 14.11643585682485 18.339006610016558 31.40455748815138 0.004113247175453832 0.005715500864531207 p s
0.42 12 8.422916544077012 14.430510257239533 18.3425275529679 31.40965691698677 0.002544052091589135 0.0025996360968721485 p s
0.43 12 8.60634828696952 14.74461951372399 18.344718541230318 31.4110286258055 -1.0102437648519116e-17 -1.7298055429678293e-17 p S
0.44 12 8.789801958473396 15.058719455281343 18.344718541230318 31.408797827067342 -1.0102437648519116e-17 -0.0033351476713671816 P S
0.45 12 8.97323955044975 15.3727821687168 18.34331463611807 31.403261210331735 -0.002033877878407028 -0.006265167399881839 P S
0.46 12 9.15666071243123 15.686774608483121 18.340501848085793 31.394699031642823 -0.0035330852593816794 -0.00909632999947487 P S
0.47000000000000003 12 9.340046209195377 16.00066698760053 18.336344874446286 31.38325101447556 -0.0049814468888223495 -0.01186903414460525 P S
0.48 12 9.523385496385373 16.314431915828134 18.33107945217773 31.36948648854954 -0.006358557789493523 -0.014516866866857643 P S
0.49 12 9.70666661152084 16.62804455547904 18.32470238879995 31.35318291166917 -0.007703158760356282 -0.017130465310665057 P S
0.5 12 9.88987824700755 16.941480193199986 18.317635416229532 31.3338677950438 -0.008960127465280136 -0.019783557469708914 P S
0.51 12 10.073010767672367 17.254714324453108 18.30933624270974 31.312578199812798 -0.010240645458624902 -0.02234428385299347 P S
0.52 12 10.256053971178297 17.56772436944462 18.299212667079722 31.288969060733315 -0.011612389925028959 -0.024875945516304614 P S
0.53 12 10.438998485370055 17.880488739856265 18.289031521525487 31.263387461163717 -0.012844381209051245 -0.02735405168627604 P S
0.54 12 10.6218353279146 18.19298664253715 18.277938736942506 31.23577565664179 -0.014063694899100221 -0.02979645535639228 P S
0.55 12 10.804555862401347 18.50519816708325 18.26595065347771 31.206185667666347 -0.01527162615659499 -0.03220677992508698 P S
0.56 12 10.987152418904735 18.81711001002074 18.25366717320735 31.175887677727673 -0.01641665776527965 -0.034498603980583534 P S
0.5700000000000001 12 11.169619385361504 19.128709283078756 18.240058287491806 31.14337956431495 -0.01759765165071414 -0.03679697452241738 P S
0.58 12 11.351948064306196 19.439975148904846 18.225576737150263 31.108968586559122 -0.018772081980562565 -0.039080513072434986 P S
0.59 12 11.53413151503238 19.750889562722303 18.21122251415371 31.073275156689267 -0.019866951079350936 -0.041313566646698066 P S
0.6 12 11.716163110041371 20.061435401031286 18.194987610164393 31.035609390406503 -0.021035755089931368 -0.043543445857075105 P S
0.61 12 11.898035840557128 20.371599720894544 18.179460127825532 30.997639545134334 -0.022094958447502026 -0.045678746371191535 P S
0.62 12 12.079745195153283 20.681380642621882 18.162407437654814 30.958088183784234 -0.023201591301421385 -0.047799073468701034 P S
0.63 12 12.261282663472837 20.990757609838123 18.14492016789437 30.916896371052648 -0.024283102914972217 -0.04990898461088078 P S
0.64 12 12.442641288119175 21.29971367325966 18.126519070270145 30.87404124983429 -0.025370348409379077 -0.05201052967612966 P S
0.65 12 12.623817854669202 21.608233644714566 18.10839470610677 30.829795908055054 -0.02639648911770022 -0.05409177581527231 P S
0.66 12 12.804806711994829 21.91631850553283 18.089223389618926 30.786483497873224 -0.02743912059908977 -0.05605160383829595 P S
0.67 12 12.98559999420216 22.223956628710333 18.069778561075307 30.740657684063304 -0.02845656527314628 -0.058050326200717525 P S
0.68 12 13.166192863118821 22.531128883759155 18.049041807472065 30.693417505287567 -0.029501830513794493 -0.06003816797170018 P S
0.6900000000000001 12 13.337483038657105 22.837820451503298 13.65730398910466 30.64471534125648 -0.11015117596216797 -0.062017817312033846 P S
0.7000000000000001 12 13.474047351901888 23.144037886598582 13.65730398910466 30.597563254305502 -0.11015117596216797 -0.06387316866281352 P S
0.71 12 13.610611665146678 23.44976660186282 13.65730398910466 30.547750008999415 -0.11015117596216797 -0.06577343901696338 P S
0.72 12 13.747175978391464 23.754988433984572 13.65730398910466 30.496353901002536 -0.11015117596216797 -0.06767508090044051 P S
0.73 12 13.883740291636247 24.05969238590831 13.65730398910466 30.445283403290436 -0.11015117596216797 -0.06951012067591959 P S
0.74 12 14.020304604881037 24.363890260191845 13.65730398910466 30.393591799618246 -0.11015117596216797 -0.07131640148365587 P S
0.75 12 14.15686891812582 24.66756059699458 13.65730398910466 30.34006706147111 -0.11015117596216797 -0.07313662984403146 P S
0.76 12 14.29343323137061 24.937490162663998 13.65730398910466 24.66500694889536 -0.11015117596216797 -0.17492234202353096 P S
0.77 12 14.4299975446154 25.18413150550669 13.65730398910466 24.66500694889536 -0.11015117596216797 -0.17492234202353096 P S
0.78 12 14.566561857860183 25.430772848349385 13.65730398910466 24.66500694889536 -0.11015117596216797 -0.17492234202353096 P S
0.79 12 14.70312617110497 25.677414191192085 13.65730398910466 24.66500694889536 -0.11015117596216797 -0.17492234202353096 P S
0.8 12 14.839690484349756 25.92405553403477 13.65730398910466 24.66500694889536 -0.11015117596216797 -0.17492234202353096 P S
0.81 12 14.976254797594542 26.17069687687747 13.65730398910466 24.66500694889536 -0.11015117596216797 -0.17492234202353096 P S
0.8200000000000001 12 15.112819110839329 26.417338219720158 13.65730398910466 24.66500694889536 -0.11015117596216797 -0.17492234202353096 P S
0.8300000000000001 12 15.249383424084115 26.663979562562858 13.65730398910466 24.66500694889536 -0.11015117596216797 -0.17492234202353096 P S
0.84 12 15.385947737328898 26.910620905405544 13.65730398910466 24.66500694889536 -0.11015117596216797 -0.17492234202353096 P S
0.85 12 15.522512050573688 27.157262248248244 13.65730398910466 24.66500694889536 -0.11015117596216797 -0.17492234202353096 P S
0.86 12 15.659076363818478 27.403903591090938 13.65730398910466 24.66500694889536 -0.11015117596216797 -0.17492234202353096 P S
0.87 12 15.795640677063261 27.650544933933624 13.65730398910466 24.66500694889536 -0.11015117596216797 -0.17492234202353096 P S
0.88 12 15.932204990308044 27.897186276776317 13.65730398910466 24.66500694889536 -0.11015117596216797 -0.17492234202353096 P S
0.89 12 16.068769303552834 28.143827619619017 13.65730398910466 24.66500694889536 -0.11015117596216797 -0.17492234202353096 P S
0.9 12 16.20533361679762 28.39046896246171 13.65730398910466 24.66500694889536 -0.11015117596216797 -0.17492234202353096 P S
0.91 12 16.34189793004241 28.637110305304404 13.65730398910466 24.66500694889536 -0.11015117596216797 -0.17492234202353096 P S
0.92 12 16.478462243287193 28.883751648147097 13.65730398910466 24.66500694889536 -0.11015117596216797 -0.17492234202353096 P S
0.93 12 16.615026556531983 29.130392990989797 13.65730398910466 24.66500694889536 -0.11015117596216797 -0.17492234202353096 P S
0.9400000000000001 12 16.751590869776766 29.377034333832484 13.65730398910466 24.66500694889536 -0.11015117596216797 -0.17492234202353096 P S
0.9500000000000001 12 16.888155183021556 29.623675676675177 13.65730398910466 24.66500694889536 -0.11015117596216797 -0.17492234202353096 P S
0.96 12 17.02471949626634 29.87031701951787 13.65730398910466 24.66500694889536 -0.11015117596216797 -0.17492234202353096 P S
0.97 12 17.16128380951113 30.116958362360563 13.65730398910466 24.66500694889536 -0.11015117596216797 -0.17492234202353096 P S
0.98 12 17.297848122755912 30.363599705203256 13.65730398910466 24.66500694889536 -0.11015117596216797 -0.17492234202353096 P S
0.99 12 17.434412436000702 30.61024104804595 13.65730398910466 24.66500694889536 -0.11015117596216797 -0.17492234202353096 P S
1.0 12 17.57097674924549 30.856882390888643 13.65730398910466 24.66500694889536 -0.11015117596216797 -0.17492234202353096 P S
1.01 12 17.70754106249027 31.103523733731336 13.65730398910466 24.66500694889536 -0.11015117596216797 -0.17492234202353096 P S
1.02 12 17.844105375735058 31.35016507657403 13.65730398910466 24.66500694889536 -0.11015117596216797 -0.17492234202353096 P S
1.03 12 17.980669688979845 31.596806419416723 13.65730398910466 24.66500694889536 -0.11015117596216797 -0.17492234202353096 P S
1.04 12 18.117234002224635 31.843447762259423 13.65730398910466 24.66500694889536 -0.11015117596216797 -0.17492234202353096 P S
1.05 12 18.253798315469425 32.090089105102116 13.65730398910466 24.66500694889536 -0.11015117596216797 -0.17492234202353096 P S
1.06 12 18.390362628714207 32.33673044794481 13.65730398910466 24.66500694889536 -0.11015117596216797 -0.17492234202353096 P S
1.07 12 18.526926941958994 32.5833717907875 13.65730398910466 24.66500694889536 -0.11015117596216797 -0.17492234202353096 P S
1.08 12 18.66349125520378 32.83001313363019 13.65730398910466 24.66500694889536 -0.11015117596216797 -0.17492234202353096 P S
1.09 12 18.800055568448567 33.07665447647288 13.65730398910466 24.66500694889536 -0.11015117596216797 -0.17492234202353096 P S
1.1 12 18.936619881693353 33.32329581931558 13.65730398910466 24.66500694889536 -0.11015117596216797 -0.17492234202353096 P S
1.11 12 19.07318419493814 33.569937162158276 13.65730398910466 24.66500694889536 -0.11015117596216797 -0.17492234202353096 P S
1.12 12 19.209748508182926 33.81657850500097 13.65730398910466 24.66500694889536 -0.11015117596216797 -0.17492234202353096 P S
1.1300000000000001 12 19.346312821427713 34.06321984784366 13.65730398910466 24.66500694889536 -0.11015117596216797 -0.17492234202353096 P S
1.1400000000000001 12 19.4828771346725 34.309861190686355 13.65730398910466 24.66500694889536 -0.11015117596216797 -0.17492234202353096 P S
1.1500000000000001 12 19.61944144791729 34.55650253352905 13.65730398910466 24.66500694889536 -0.11015117596216797 -0.17492234202353096 P S
1.16 12 19.756005761162072 34.80314387637174 13.65730398910466 24.66500694889536 -0.11015117596216797 -0.17492234202353096 P S
1.17 12 19.89257007440686 35.049785219214435 13.65730398910466 24.66500694889536 -0.11015117596216797 -0.17492234202353096 P S
1.18 12 20.029134387651645 35.29642656205713 13.65730398910466 24.66500694889536 -0.11015117596216797 -0.17492234202353096 P S
1.19 12 20.16569870089643 35.54306790489982 13.65730398910466 24.66500694889536 -0.11015117596216797 -0.17492234202353096 P S
1.2 12 20.302263014141218 35.789709247742515 13.65730398910466 24.66500694889536 -0.11015117596216797 -0.17492234202353096 P S
1.21 12 20.438827327386004 36.03635059058521 13.65730398910466 24.66500694889536 -0.11015117596216797 -0.17492234202353096 P S
1.22 12 20.57539164063079 36.2829919334279 13.65730398910466 24.66500694889536 -0.11015117596216797 -0.17492234202353096 P S
1.23 12 20.711955953875577 36.529633276270594 13.65730398910466 24.66500694889536 -0.11015117596216797 -0.17492234202353096 P S
1.24 12 20.848520267120364 36.77627461911329 13.65730398910466 24.66500694889536 -0.11015117596216797 -0.17492234202353096 P S
1.25 12 20.98508458036515 37.02291596195598 13.65730398910466 24.66500694889536 -0.11015117596216797 -0.17492234202353096 P S
1.26 12 21.121648893609937 37.269557304798674 13.65730398910466 24.66500694889536 -0.11015117596216797 -0.17492234202353096 P S
1.27 12 21.258213206854727 37.516198647641374 13.65730398910466 24.66500694889536 -0.11015117596216797 -0.17492234202353096 P S
1.28 12 21.394777520099513 37.76283999048407 13.65730398910466 24.66500694889536 -0.11015117596216797 -0.17492234202353096 P S
1.29 12 21.5313418333443 38.009481333326754 13.65730398910466 24.66500694889536 -0.11015117596216797 -0.17492234202353096 P S
1.3 12 21.667906146589083 38.25612267616945 13.65730398910466 24.66500694889536 -0.11015117596216797 -0.17492234202353096 P S
1.31 12 21.80447045983387 38.50276401901215 13.65730398910466 24.66500694889536 -0.11015117596216797 -0.17492234202353096 P S
1.32 12 21.94103477307866 38.74940536185484 13.65730398910466 24.66500694889536 -0.11015117596216797 -0.17492234202353096 P S
1.33 12 22.077599086323445 38.996046704697534 13.65730398910466 24.66500694889536 -0.11015117596216797 -0.17492234202353096 P S
1.34 12 22.214163399568232 39.24268804754023 13.65730398910466 24.66500694889536 -0.11015117596216797 -0.17492234202353096 P S
1.35 12 22.350727712813015 39.48932939038291 13.65730398910466 24.66500694889536 -0.11015117596216797 -0.17492234202353096 P S
1.36 12 22.48729202605781 39.735970733225614 13.65730398910466 24.66500694889536 -0.11015117596216797 -0.17492234202353096 P S
1.37 12 22.62385633930259 39.98261207606831 13.65730398910466 24.66500694889536 -0.11015117596216797 -0.17492234202353096 P S
1.3800000000000001 12 22.760420652547378 40.229253418911 13.65730398910466 24.66500694889536 -0.11015117596216797 -0.17492234202353096 P S
1.3900000000000001 12 22.896984965792164 40.47589476175369 13.65730398910466 24.66500694889536 -0.11015117596216797 -0.17492234202353096 P S
1.4000000000000001 12 23.033549279036947 40.72253610459639 13.65730398910466 24.66500694889536 -0.11015117596216797 -0.17492234202353096 P S
0.01 13 2.3022711991272815 3.947322165767349 1.6635015667131465 2.851158136522884 0.16292168972166016 0.2786367217794063 p s
0.02 13 2.327088372476284 3.9898573785662057 3.291065701571509 5.6407292315025925 0.16090751861475777 0.2751769574199169 p s
0.03 13 2.367865458137456 4.059746071101149 4.850573634350913 8.313474630638382 0.1576839730431508 0.2696398790100712 p s
0.04 13 2.423787005863086 4.155589349944622 6.316360824876644 10.825377078438052 0.15342841891434436 0.2623301714299401 p s
0.05 13 2.4938208854093573 4.275616594606142 7.670809718208908 13.146412756845185 0.1483506620634074 0.2536074169589636 p s
0.06 13 2.576800107587514 4.41782581644255 8.904419175486282 15.260194542353325 0.14266755832647002 0.24384410206052776 p s
0.07 13 2.6714994772235716 4.580115157725783 10.014891734359828 17.162474074908403 0.13658216099706713 0.23339065396186387 p s
0.08 13 2.776698769704851 4.760391273867958 11.005542658663485 18.859404264931445 0.13027026670356198 0.22254654573302723 p s
0.09 13 2.891229005272115 4.95664873893829 11.882453683974783 20.361262260632728 0.12388268169237279 0.21157154660129476 p s
0.1 13 3.014002263579068 5.167021207845722 12.655357577693557 21.684851167559437 0.1175283069727449 0.20065173877326417 p s
0.11 13 3.1440276328316905 5.389808811651553 13.334708671003671 22.847232117091224 0.11128685835390048 0.18993221127786158 p s
0.12 13 3.280416797962068 5.623487734532249 13.929900437888872 23.865990314478424 0.10522446494351749 0.1795131333861326 p s
0.13 13 3.4223824885142937 5.866707609129508 14.451134525070971 24.75834347117448 0.09937626241119497 0.16945605382321818 p s
0.14 13 3.569232586282463 6.118281404507698 14.908305885286405 25.539329678264497 0.0937548814765697 0.15980626600396497 p s
0.15 13 3.720361938142739 6.377171371961748 15.3085063719166 26.22364282092842 0.08838468086785918 0.15057530970888763 p s
0.16 13 3.875243148011958 6.642473311381359 15.659887222743428 26.8234629442468 0.08325673758864083 0.14177187078551892 p s
0.17 13 4.033417445662592 6.913400810245143 15.968072595073588 27.350458986271537 0.07837904727780956 0.13337930413484783 p s
0.18 13 4.194485918006035 7.1892703214985625 16.239738189644836 27.81356321750013 0.07372618462046523 0.1253941464581941 p s
0.19 13 4.358101562242523 7.469487479570109 16.478489767337365 28.22107421438451 0.06930883069753148 0.11779941601916333 p s
0.2 13 4.523962261495152 7.753534910120745 16.689170430576787 28.580585408881063 0.06510381199242397 0.11056654687090209 p s
0.21 13 4.691804440953962 8.040961549832152 16.875236771601884 28.89803467181014 0.061101245273058824 0.10367780659198522 p s
0.22 13 4.861397722004944 8.331373353879176 17.039912825389674 29.178244804393298 0.05728540674270939 0.0971225970283356 p s
0.23 13 5.032540276159448 8.624425256742986 17.185605690305163 29.42677762767244 0.053649708584961826 0.09085529903213913 p s
0.24 13 5.205054831355509 8.919814318134692 17.314908965364683 29.646570361601416 0.05017430019932754 0.08487921933765283 p s
0.25 13 5.378785175613333 9.217273925762894 17.429147476309453 29.841370835354454 0.0468659640961442 0.07916541373420237 p s
0.26 13 5.553593385477926 9.516568676202912 17.530210230385357 30.014000436078025 0.04371091771580492 0.07369798118336307 p s
0.27 13 5.729357309775968 9.817490158646816 17.6203595824083 30.167142687863393 0.04067352365875703 0.06845387513527933 p s
0.28 13 5.905968452930959 10.119853327660715 17.700211173200078 30.30275454306551 0.03776515430571897 0.06342428557543567 p s
0.29 13 6.083330198926816 10.423493366606115 17.77044605593754 30.422750093935505 0.03499570899472845 0.05859391789922078 p s
0.3 13 6.261356179853023 10.728263031042946 17.833060528678406 30.528943998349103 0.032316913691044606 0.053941656851984716 p s
0.31 13 6.439969197801668 11.034030414129582 17.8882866654843 30.622528363629005 0.02974586798959016 0.04946525369034041 p s
0.32 13 6.619100039628032 11.340676950892693 17.936967416069628 30.70497669923204 0.02727183570986273 0.04514230695326007 p s
0.33 13 6.798686130276597 11.64809581720553 17.979476115265864 30.77696313981199 0.024905035221577988 0.04098586648840368 p s
0.34 13 6.978671572666424 11.956190339454817 18.01675855154612 30.84025452117379 0.022621024773078858 0.03693781787634861 p s
0.35000000000000003 13 7.1590056665361805 12.264873033256338 18.049040071116874 30.895030833105174 0.020433785034526208 0.03302845439586955 p s
0.36 13 7.339642454572884 12.5740643069909 18.07741826760257 30.94207432982489 0.018292508355257954 0.029250321619720552 p s
0.37 13 7.520540728155626 12.883691404000002 18.10133930722668 30.98193701668819 0.01626699680955532 0.025610932809664196 p s
0.38 13 7.701662737319821 13.19368805544228 18.121819816696352 31.015985043448037 0.014304162160913297 0.022026778200683047 p s
0.39 13 7.882974246038262 13.503993502413056 18.139662121352174 31.044250030420663 0.012340070158019337 0.018528244192491303 p s
0.4 13 8.0644446098364 13.814551854736724 18.15422082992422 31.066405110381726 0.010466053948054813 0.015231301671492553 p s
0.41000000000000003 13 8.246045419029361 14.125311470494507 18.166041036173972 31.08421435547853 0.008649465902198172 0.011935846047496134 p s
0.42 13 8.427750669322618 14.436224630213971 18.175010754676222 31.097724230707623 0.006960404017020854 0.008632221855549193 p s
0.43 13 8.609537941007403 14.747247504787106 18.182018745923656 31.10653620363684 0.005276223034419301 0.00549351539751918 p s
0.44 13 8.791383874380653 15.058339786980461 18.187101760001394 31.111347502993187 0.0035896692264303603 0.0024425085310656697 p s
0.45 13 8.973271177519374 15.369471105545593 18.189847820755407 31.112642409286643 0.0021922235875879463 -1.7133734121570774e-17 p S
0.46 13 9.155176635084338 15.680581591535345 18.191483189508382 31.110441139052238 -1.0018050930737621e-17 -0.0032445971455153746 p S
0.47000000000000003 13 9.33709523787598 15.9916612067927 18.190558592076314 31.10498901402173 -0.0016475148517055905 -0.0061615052759502065 P S
0.48 13 9.518998125549825 16.30267234140317 18.188975156129402 31.0965809455427 -0.0027154491575215696 -0.008959166044655366 P S
0.49 13 9.70087689857337 16.613585155297184 18.186216564462487 31.085766902406643 -0.003935736674064793 -0.011604190799399542 P S
0.5 13 9.882718629594022 16.924372413814382 18.182110277217028 31.071152316351238 -0.005250648247966398 -0.014426818104338344 P S
0.51 13 10.064510809492342 17.235007662040214 18.176257550261525 31.054880924088184 -0.006691883208099309 -0.017026390540363406 P S
0.52 13 10.246240553830813 17.54546602662365 18.169511944700446 31.036142459380372 -0.008038174117735485 -0.019596097035574446 P S
0.53 13 10.427897354775126 17.85572394582301 18.16157489524894 31.014989961693054 -0.009377441193884289 -0.022139820752510513 P S
0.54 13 10.609470960888501 18.16576355926458 18.15276867485777 30.992407031348638 -0.010667840509315624 -0.024564929833232003 P S
0.55 13 10.790951206629988 18.47556587030216 18.142991427557206 30.967198275090166 -0.011937618252137917 -0.027014296361849814 P S
0.56 13 10.972328528563716 18.78510885228901 18.132269543344247 30.94075447224352 -0.013189621387039293 -0.029363033368508023 P S
0.5700000000000001 13 11.153593776737809 19.094372455149124 18.12106683433939 30.9116886603425 -0.014381113661040062 -0.0317427515558026 P S
0.58 13 11.33474127967029 19.403337284492814 18.108412291263168 30.88091351770626 -0.01561728597256979 -0.03407960601427842 P S
0.59 13 11.515761151479593 19.711985096827558 18.09516964061064 30.848332902268886 -0.016813044877214703 -0.036388099573952316 P S
0.6 13 11.69664536703197 20.02030054937229 18.081350982571408 30.815034951584003 -0.017975367251711283 -0.03860274914839313 P S
0.61 13 11.877385492654467 20.328278733403728 18.066792534205376 30.78008199334524 -0.01912277419899297 -0.04079598424694375 P S
0.62 13 12.057975546499753 20.635898770699278 18.051103456337128 30.74323209142578 -0.020285821666325702 -0.0429847556504466 P S
0.63 13 12.238225185158676 20.943143042147998 18.000840772139668 30.705072294772386 -0.023623797851350596 -0.04513704729930641 P S
0.64 13 12.418082543257665 21.249995240304532 17.97076105488856 30.665097317409387 -0.02540871442000687 -0.04728410014272676 P S
0.65 13 12.59764388756245 21.556445438947332 17.941594505947123 30.625174407906478 -0.027024526225939274 -0.04933257289687333 P S
0.66 13 12.776923693969293 21.86249203996458 17.913823242883357 30.583525127794008 -0.028475715578859164 -0.051379986379690365 P S
0.67 13 12.955022955453039 22.16811384317063 13.65730398910466 30.540363626366407 -0.10807616787810487 -0.053416233313135525 P S
0.68 13 13.091587268697829 22.473294796246257 13.65730398910466 30.495557283002256 -0.10807616787810487 -0.05544815840565298 P S
0.6900000000000001 13 13.228151581942612 22.77802177730409 13.65730398910466 30.45043964837658 -0.10807616787810487 -0.05741873569684947 P S
0.7000000000000001 13 13.364715895187395 23.08230209200949 13.65730398910466 30.404900257944174 -0.10807616787810487 -0.05933859884858779 P S
0.71 13 13.501280208432185 23.38611620605701 13.65730398910466 30.357483098090263 -0.10807616787810487 -0.0612708235937094 P S
0.72 13 13.637844521676971 23.689447351933854 13.65730398910466 30.3084830670446 -0.10807616787810487 -0.06320249716206736 P S
0.73 13 13.774408834921758 23.992284131993213 13.65730398910466 30.259658452050225 -0.10807616787810487 -0.06506727581402556 P S
0.74 13 13.910973148166544 24.271127893241875 13.65730398910466 24.66500694889536 -0.10807616787810487 -0.17055344455523108 P S
0.75 13 14.047537461411327 24.51776923608456 13.65730398910466 24.66500694889536 -0.10807616787810487 -0.17055344455523108 P S
0.76 13 14.184101774656117 24.76441057892726 13.65730398910466 24.66500694889536 -0.10807616787810487 -0.17055344455523108 P S
0.77 13 14.320666087900907 25.011051921769962 13.65730398910466 24.66500694889536 -0.10807616787810487 -0.17055344455523108 P S
0.78 13 14.45723040114569 25.257693264612648 13.65730398910466 24.66500694889536 -0.10807616787810487 -0.17055344455523108 P S
0.79 13 14.59379471439048 25.50433460745535 13.65730398910466 24.66500694889536 -0.10807616787810487 -0.17055344455523108 P S
0.8 13 14.730359027635263 25.750975950298034 13.65730398910466 24.66500694889536 -0.10807616787810487 -0.17055344455523108 P S
0.81 13 14.866923340880053 25.997617293140728 13.65730398910466 24.66500694889536 -0.10807616787810487 -0.17055344455523108 P S
0.8200000000000001 13 15.003487654124836 26.24425863598342 13.65730398910466 24.66500694889536 -0.10807616787810487 -0.17055344455523108 P S
0.8300000000000001 13 15.140051967369622 26.490899978826114 13.65730398910466 24.66500694889536 -0.10807616787810487 -0.17055344455523108 P S
0.84 13 15.276616280614409 26.737541321668807 13.65730398910466 24.66500694889536 -0.10807616787810487 -0.17055344455523108 P S
0.85 13 15.413180593859195 26.9841826645115 13.65730398910466 24.66500694889536 -0.10807616787810487 -0.17055344455523108 P S
0.86 13 15.549744907103985 27.230824007354194 13.65730398910466 24.66500694889536 -0.10807616787810487 -0.17055344455523108 P S
0.87 13 15.686309220348768 27.477465350196887 13.65730398910466 24.66500694889536 -0.10807616787810487 -0.17055344455523108 P S
0.88 13 15.822873533593551 27.72410669303958 13.65730398910466 24.66500694889536 -0.10807616787810487 -0.17055344455523108 P S
0.89 13 15.959437846838341 27.97074803588228 13.65730398910466 24.66500694889536 -0.10807616787810487 -0.17055344455523108 P S
0.9 13 16.09600216008313 28.217389378724974 13.65730398910466 24.66500694889536 -0.10807616787810487 -0.17055344455523108 P S
0.91 13 16.232566473327918 28.464030721567667 13.65730398910466 24.66500694889536 -0.10807616787810487 -0.17055344455523108 P S
0.92 13 16.369130786572704 28.71067206441036 13.65730398910466 24.66500694889536 -0.10807616787810487 -0.17055344455523108 P S
0.93 13 16.50569509981749 28.957313407253054 13.65730398910466 24.66500694889536 -0.10807616787810487 -0.17055344455523108 P S
0.9400000000000001 13 16.642259413062273 29.203954750095747 13.65730398910466 24.66500694889536 -0.10807616787810487 -0.17055344455523108 P S
0.9500000000000001 13 16.778823726307063 29.450596092938433 13.65730398910466 24.66500694889536 -0.10807616787810487 -0.17055344455523108 P S
0.96 13 16.915388039551846 29.697237435781126 13.65730398910466 24.66500694889536 -0.10807616787810487 -0.17055344455523108 P S
0.97 13 17.051952352796636 29.943878778623827 13.65730398910466 24.66500694889536 -0.10807616787810487 -0.17055344455523108 P S
0.98 13 17.18851666604142 30.190520121466513 13.65730398910466 24.66500694889536 -0.10807616787810487 -0.17055344455523108 P S
0.99 13 17.32508097928621 30.437161464309213 13.65730398910466 24.66500694889536 -0.10807616787810487 -0.17055344455523108 P S
1.0 13 17.461645292531 30.683802807151906 13.65730398910466 24.66500694889536 -0.10807616787810487 -0.17055344455523108 P S
1.01 13 17.598209605775782 30.9304441499946 13.65730398910466 24.66500694889536 -0.10807616787810487 -0.17055344455523108 P S
1.02 13 17.734773919020565 31.177085492837293 13.65730398910466 24.66500694889536 -0.10807616787810487 -0.17055344455523108 P S
1.03 13 17.871338232265355 31.423726835679986 13.65730398910466 24.66500694889536 -0.10807616787810487 -0.17055344455523108 P S
1.04 13 18.00790254551014 31.67036817852268 13.65730398910466 24.66500694889536 -0.10807616787810487 -0.17055344455523108 P S
1.05 13 18.144466858754928 31.917009521365372 13.65730398910466 24.66500694889536 -0.10807616787810487 -0.17055344455523108 P S
1.06 13 18.281031171999715 32.163650864208066 13.65730398910466 24.66500694889536 -0.10807616787810487 -0.17055344455523108 P S
1.07 13 18.4175954852445 32.41029220705076 13.65730398910466 24.66500694889536 -0.10807616787810487 -0.17055344455523108 P S
1.08 13 18.554159798489287 32.65693354989345 13.65730398910466 24.66500694889536 -0.10807616787810487 -0.17055344455523108 P S
1.09 13 18.690724111734074 32.903574892736145 13.65730398910466 24.66500694889536 -0.10807616787810487 -0.17055344455523108 P S
1.1 13 18.827288424978864 33.150216235578846 13.65730398910466 24.66500694889536 -0.10807616787810487 -0.17055344455523108 P S
1.11 13 18.963852738223647 33.39685757842154 13.65730398910466 24.66500694889536 -0.10807616787810487 -0.17055344455523108 P S
1.12 13 19.100417051468433 33.64349892126423 13.65730398910466 24.66500694889536 -0.10807616787810487 -0.17055344455523108 P S
1.1300000000000001 13 19.23698136471322 33.890140264106925 13.65730398910466 24.66500694889536 -0.10807616787810487 -0.17055344455523108 P S
1.1400000000000001 13 19.373545677958006 34.13678160694962 13.65730398910466 24.66500694889536 -0.10807616787810487 -0.17055344455523108 P S
1.1500000000000001 13 19.510109991202796 34.38342294979231 13.65730398910466 24.66500694889536 -0.10807616787810487 -0.17055344455523108 P S
1.16 13 19.64667430444758 34.630064292635 13.65730398910466 24.66500694889536 -0.10807616787810487 -0.17055344455523108 P S
1.17 13 19.783238617692366 34.87670563547769 13.65730398910466 24.66500694889536 -0.10807616787810487 -0.17055344455523108 P S
1.18 13 19.919802930937152 35.123346978320384 13.65730398910466 24.66500694889536 -0.10807616787810487 -0.17055344455523108 P S
1.19 13 20.05636724418194 35.36998832116308 13.65730398910466 24.66500694889536 -0.10807616787810487 -0.17055344455523108 P S
1.2 13 20.192931557426725 35.61662966400577 13.65730398910466 24.66500694889536 -0.10807616787810487 -0.17055344455523108 P S
1.21 13 20.32949587067151 35.863271006848464 13.65730398910466 24.66500694889536 -0.10807616787810487 -0.17055344455523108 P S
1.22 13 20.466060183916298 36.109912349691164 13.65730398910466 24.66500694889536 -0.10807616787810487 -0.17055344455523108 P S
1.23 13 20.602624497161084 36.35655369253386 13.65730398910466 24.66500694889536 -0.10807616787810487 -0.17055344455523108 P S
1.24 13 20.73918881040587 36.60319503537655 13.65730398910466 24.66500694889536 -0.10807616787810487 -0.17055344455523108 P S
1.25 13 20.875753123650657 36.849836378219244 13.65730398910466 24.66500694889536 -0.10807616787810487 -0.17055344455523108 P S
1.26 13 21.012317436895444 37.09647772106194 13.65730398910466 24.66500694889536 -0.10807616787810487 -0.17055344455523108 P S
1.27 13 21.148881750140234 37.34311906390463 13.65730398910466 24.66500694889536 -0.10807616787810487 -0.17055344455523108 P S
1.28 13 21.28544606338502 37.589760406747324 13.65730398910466 24.66500694889536 -0.10807616787810487 -0.17055344455523108 P S
1.29 13 21.422010376629807 37.83640174959002 13.65730398910466 24.66500694889536 -0.10807616787810487 -0.17055344455523108 P S
1.3 13 21.558574689874593 38.08304309243271 13.65730398910466 24.66500694889536 -0.10807616787810487 -0.17055344455523108 P S
1.31 13 21.69513900311938 38.329684435275404 13.65730398910466 24.66500694889536 -0.10807616787810487 -0.17055344455523108 P S
1.32 13 21.831703316364166 38.576325778118104 13.65730398910466 24.66500694889536 -0.10807616787810487 -0.17055344455523108 P S
1.33 13 21.968267629608953 38.8229671209608 13.65730398910466 24.66500694889536 -0.10807616787810487 -0.17055344455523108 P S
1.34 13 22.10483194285374 39.06960846380349 13.65730398910466 24.66500694889536 -0.10807616787810487 -0.17055344455523108 P S
1.35 13 22.241396256098522 39.31624980664618 13.65730398910466 24.66500694889536 -0.10807616787810487 -0.17055344455523108 P S
1.36 13 22.377960569343315 39.56289114948888 13.65730398910466 24.66500694889536 -0.10807616787810487 -0.17055344455523108 P S
1.37 13 22.514524882588102 39.80953249233157 13.65730398910466 24.66500694889536 -0.10807616787810487 -0.17055344455523108 P S
1.3800000000000001 13 22.651089195832885 40.05617383517426 13.65730398910466 24.66500694889536 -0.10807616787810487 -0.17055344455523108 P S
1.3900000000000001 13 22.78765350907767 40.30281517801696 13.65730398910466 24.66500694889536 -0.10807616787810487 -0.17055344455523108 P S
1.4000000000000001 13 22.924217822322458 40.54945652085965 13.65730398910466 24.66500694889536 -0.10807616787810487 -0.17055344455523108 P S
0.01 14 2.4649004421872514 4.2252998583311046 1.5366980456213961 2.63327289275332 0.16166182413151264 0.2761660605314408 p s
0.02 14 2.487842818711414 4.264613611515199 3.0446958930340493 5.217331267413546 0.159924144113398 0.2731791058577362 p s
0.03 14 2.5256111743842964 4.3293322399096095 4.497869087353852 7.707353011263958 0.1571279043023571 0.2683723518960549 p s
0.04 14 2.5775453176546974 4.418323418356845 5.874724349741195 10.06645497560375 0.1534079948345131 0.2619774583682984 p s
0.05 14 2.6427987052964528 4.530135189738504 7.159592186652682 12.267882130320299 0.14892749850504647 0.2542740199096236 p s
0.06 14 2.7203988126082597 4.6630995062842935 8.342979028396249 14.295016052457258 0.1438593724016319 0.24556036596230388 p s
0.07 14 2.8093061012986906 4.815433360715849 9.420764079806306 16.141165927819127 0.1383724450918203 0.23612492321089218 p s
0.08 14 2.90846524837751 4.985326661161049 10.393646419191354 17.80772168594039 0.13261864182392538 0.22622706549201355 p s
0.09 14 3.0168453028453426 5.171011113784905 11.26610752417241 19.30151019003998 0.12672487795064397 0.21609015123007713 p s
0.1 14 3.133468038189067 5.370808870068979 12.043315035724204 20.63227566412064 0.12080504659979086 0.20590414426425516 p s
0.11 14 3.25742565286332 5.583162871472964 12.733791093947037 21.814671966272538 0.11493509937241961 0.19579827631450486 p s
0.12 14 3.3878897140921964 5.8066522579619475 13.34613921726402 22.861845377413566 0.10917116045618341 0.18588391925807096 p s
0.13 14 3.5241137255045394 6.0399967131081755 13.887476801575106 23.787984705629732 0.10356585919193684 0.17623351519356487 p s
0.14 14 3.6654312019404736 6.282053237040866 14.36599348778466 24.606438354354 0.09814448666602832 0.16689669513741495 p s
0.15 14 3.811251043213875 6.531808191735013 14.789120844159626 25.329659558985814 0.09292209228629514 0.15790298895718305 p s
0.16 14 3.9610514019702032 6.788366768605914 15.163013168369394 25.96892562388645 0.08791298678598285 0.1492677218653548 p s
0.17 14 4.114372879112493 7.050941379493335 15.494243080649804 26.53478676738205 0.08311039261660629 0.14098855169180607 p s
0.18 14 4.270811756932582 7.318839923750672 15.787751560792787 27.03502851329808 0.07851552910068842 0.13307976640481828 p s
0.19 14 4.430013376477891 7.5914546382231896 16.04758781548852 27.478824011175547 0.07413237306904003 0.12551243267752457 p s
0.2 14 4.591666249905959 7.868251692308281 16.27813794194097 27.872566406331014 0.06994852622686695 0.11828163655013721 p s
0.21 14 4.755496432642184 8.148761842767671 16.483574979236263 28.222249495649105 0.0659424114498849 0.11137302733902067 p s
0.22 14 4.9212628361867985 8.432572092643321 16.665935797139728 28.533101578810243 0.06212436945294656 0.10477086548288246 p s
0.23 14 5.088752830639659 8.719318352823457 16.828292627354838 28.810381715937623 0.05847719844306092 0.0984420856563339 p s
0.24 14 5.257778560568653 9.008679013320693 16.97359753129926 29.05701833495652 0.05497553141199803 0.092392825806791 p s
0.25 14 5.428173779634175 9.300369449166677 17.102937195147017 29.27683835347467 0.051631504026003375 0.08659820252681973 p s
0.26 14 5.599790964573738 9.594137090314993 17.21804588661444 29.47289649667682 0.04843824943027809 0.08104063570380739 p s
0.27 14 5.772498897437015 9.88975732743547 17.32132161593139 29.64774705881951 0.04536232477283905 0.07570635947746623 p s
0.28 14 5.946180612757726 10.187029892945803 17.413283374190957 29.80374457330626 0.042419015052183824 0.07057833505753824 p s
0.29 14 6.120731640947901 10.48577577807101 17.49536616896218 29.94276633186089 0.03959298807578693 0.06564651141146334 p s
0.3 14 6.296058412176952 10.785834543175147 17.56859183286417 30.06657729284733 0.036877169141391206 0.06089748068521299 p s
0.31 14 6.472076942664184 11.087062018431268 17.633858233249764 30.17675208954248 0.034264983178047555 0.0563173573728323 p s
0.32 14 6.648711681746251 11.389328346237367 17.692196664466167 30.274976046383486 0.03173949691368176 0.051878362914514815 p s
0.33 14 6.825894489158769 11.692516098318919 17.743463039221048 30.361242970195203 0.029333515155484543 0.04762628108178641 p s
0.34 14 7.003563980893049 11.996519099195663 17.789005766188446 30.43771784560854 0.02701042680869532 0.04349919364307896 p s
0.35000000000000003 14 7.181664344703009 12.301240806731974 17.829703404404388 30.505139045549626 0.02474494548728059 0.039494757372347325 p s
0.36 14 7.360145245086097 12.606593439722715 17.86513735870394 30.564068988252693 0.022583358760158326 0.03561946314392873 p s
0.37 14 7.5389606388959844 12.912496654349031 17.89687256843307 30.615056128992332 0.020450192815558717 0.03188161411723782 p s
0.38 14 7.718069068665798 13.218877154281856 17.924002694441413 30.65967379696209 0.018428354048260882 0.028201110997106895 p s
0.39 14 7.897432453223609 13.525667771666045 17.947893676066574 30.697111260035534 0.01644033155716805 0.0246881784222132 p s
0.4 14 8.077015769096018 13.832806453103641 17.968355211537926 30.729180087670798 0.014520396361828588 0.021217282718892186 p s
0.41000000000000003 14 8.256787722097986 14.140236159269175 17.98579943462889 30.755357407767786 0.012653513248737694 0.01788822181768063 p s
0.42 14 8.436718921450717 14.447904347613965 18.00020298988259 30.777247420766066 0.010871362181702834 0.014527227196244767 p s
0.43 14 8.616783238581842 14.755762056143912 18.012207654041916 30.79335293102954 0.009122418503047494 0.011438206356917077 p s
0.44 14 8.796955132689648 15.063764050968764 18.02173745797612 30.806374215832985 0.007445996494357276 0.008121207425361342 p s
0.45 14 8.977213278479642 15.371867894919873 18.029362988926913 30.814242594751764 0.005762537530892291 0.005170736438221315 p s
0.46 14 9.157535131166444 15.680035654441363 18.03490111027801 30.818633829159054 0.004129382174765426 0.0022012302692667445 p s
0.47000000000000003 14 9.337903844280948 15.988231367362749 18.038482768071578 30.819605708133203 0.002569287521803105 -1.6972358791909714e-17 p S
0.48 14 9.518298079364484 16.2964158529665 18.039777659346 30.81708973725454 0.0016800281831064624 -0.003541659034451594 p S
0.49 14 9.698710510875486 16.604561461587473 18.040744804760898 30.811590520073974 -2.4177358350345254e-09 -0.0063210820357006625 P S
0.5 14 9.87910407852389 16.912637769070248 18.038354443836496 30.803021591117467 -0.0026411547821199887 -0.00909181419778508 P S
0.51 14 10.059465508316261 17.220616625281956 18.033579689608278 30.791863095582045 -0.00457240784020714 -0.011758142772724797 P S
0.52 14 10.239768090743782 17.528471109667205 18.026926493112303 30.778133516910284 -0.006349226393493345 -0.014374579442311972 P S
0.53 14 10.419991969499176 17.83617590321156 18.017504835769557 30.762149934830635 -0.008232928854933604 -0.01691714765646718 P S
0.54 14 10.600117423181167 18.143706443456956 18.007097254223478 30.743601962525833 -0.009904912255033031 -0.01945415571103171 P S
0.55 14 10.78012747217472 18.451040184004714 17.994627910485377 30.72308381934418 -0.011593880108449639 -0.021919740660675462 P S
0.56 14 10.960005057731426 18.758154858460376 17.980582191428905 30.699505490424716 -0.013239679440533903 -0.02444619058650349 P S
0.5700000000000001 14 11.139735514317026 19.06502929409139 17.965181463770175 30.67465542090718 -0.014834634125897014 -0.02685103951845794 P S
0.58 14 11.3193046651313 19.37164315908524 17.94840052243135 30.647699640994542 -0.016395514195719583 -0.029234923342385588 P S
0.59 14 11.49870212556763 19.677984532908592 17.930830875397426 30.619867305766142 -0.01788299963397417 -0.031505675577446546 P S
0.6 14 11.677917578789803 19.984036737449024 17.911817148674952 30.590453154441743 -0.019362981702019826 -0.03373777031953926 P S
0.61 14 11.856937741140536 20.289779250798972 17.891838922370173 30.558094922093844 -0.020803404814907545 -0.03603166907002242 P S
0.62 14 12.035750644768664 20.59519382969383 17.870709447055823 30.524462398306337 -0.022223905703734503 -0.03826811127246521 P S
0.63 14 12.21434781733634 20.900263401656098 17.84869367043334 30.48914550873684 -0.023611633843371085 -0.04048135912728311 P S
0.64 14 12.392722111058214 21.204972208652656 17.825860401707317 30.452911624432616 -0.024967890620666698 -0.04263036812942361 P S
0.65 14 12.570864577167631 21.50931977153039 17.802790195210303 30.415882110528134 -0.02626556504638038 -0.0447175424599593 P S
0.66 14 12.711183346160503 21.813286857368194 13.65730398910466 30.376798053535712 -0.10601275189873242 -0.04681712928797565 P S
0.67 14 12.847747659405286 22.116855850170733 13.65730398910466 30.336444252100947 -0.10601275189873242 -0.048887758329844544 P S
0.68 14 12.984311972650072 22.420011111998903 13.65730398910466 30.29434416246782 -0.10601275189873242 -0.050955638775623424 P S
0.6900000000000001 14 13.120876285894859 22.722743378749882 13.65730398910466 30.25250544603329 -0.10601275189873242 -0.0529280215416339 P S
0.7000000000000001 14 13.257440599139645 23.025054595928836 13.65730398910466 30.209110595748072 -0.10601275189873242 -0.0548962252771285 P S
0.71 14 13.394004912384428 23.32692327052597 13.65730398910466 30.164169673447365 -0.10601275189873242 -0.05685996402226051 P S
0.72 14 13.530569225629218 23.60910988740283 13.65730398910466 24.66500694889536 -0.10601275189873242 -0.1661959443282798 P S
0.73 14 13.667133538874001 23.855751230245517 13.65730398910466 24.66500694889536 -0.10601275189873242 -0.1661959443282798 P S
0.74 14 13.803697852118791 24.102392573088217 13.65730398910466 24.66500694889536 -0.10601275189873242 -0.1661959443282798 P S
0.75 14 13.940262165363574 24.349033915930903 13.65730398910466 24.66500694889536 -0.10601275189873242 -0.1661959443282798 P S
0.76 14 14.076826478608364 24.595675258773603 13.65730398910466 24.66500694889536 -0.10601275189873242 -0.1661959443282798 P S
0.77 14 14.213390791853147 24.84231660161629 13.65730398910466 24.66500694889536 -0.10601275189873242 -0.1661959443282798 P S
0.78 14 14.349955105097937 25.08895794445899 13.65730398910466 24.66500694889536 -0.10601275189873242 -0.1661959443282798 P S
0.79 14 14.486519418342723 25.335599287301683 13.65730398910466 24.66500694889536 -0.10601275189873242 -0.1661959443282798 P S
0.8 14 14.62308373158751 25.582240630144376 13.65730398910466 24.66500694889536 -0.10601275189873242 -0.1661959443282798 P S
0.81 14 14.759648044832296 25.82888197298707 13.65730398910466 24.66500694889536 -0.10601275189873242 -0.1661959443282798 P S
0.8200000000000001 14 14.89621235807708 26.075523315829763 13.65730398910466 24.66500694889536 -0.10601275189873242 -0.1661959443282798 P S
0.8300000000000001 14 15.03277667132187 26.322164658672456 13.65730398910466 24.66500694889536 -0.10601275189873242 -0.1661959443282798 P S
0.84 14 15.169340984566652 26.56880600151515 13.65730398910466 24.66500694889536 -0.10601275189873242 -0.1661959443282798 P S
0.85 14 15.305905297811442 26.815447344357842 13.65730398910466 24.66500694889536 -0.10601275189873242 -0.1661959443282798 P S
0.86 14 15.442469611056225 27.062088687200536 13.65730398910466 24.66500694889536 -0.10601275189873242 -0.1661959443282798 P S
0.87 14 15.579033924301015 27.30873003004323 13.65730398910466 24.66500694889536 -0.10601275189873242 -0.1661959443282798 P S
0.88 14 15.715598237545802 27.555371372885922 13.65730398910466 24.66500694889536 -0.10601275189873242 -0.1661959443282798 P S
0.89 14 15.852162550790592 27.802012715728623 13.65730398910466 24.66500694889536 -0.10601275189873242 -0.1661959443282798 P S
0.9 14 15.988726864035375 28.048654058571316 13.65730398910466 24.66500694889536 -0.10601275189873242 -0.1661959443282798 P S
0.91 14 16.12529117728016 28.29529540141401 13.65730398910466 24.66500694889536 -0.10601275189873242 -0.1661959443282798 P S
0.92 14 16.261855490524947 28.541936744256702 13.65730398910466 24.66500694889536 -0.10601275189873242 -0.1661959443282798 P S
0.93 14 16.398419803769738 28.788578087099395 13.65730398910466 24.66500694889536 -0.10601275189873242 -0.1661959443282798 P S
0.9400000000000001 14 16.53498411701452 29.03521942994208 13.65730398910466 24.66500694889536 -0.10601275189873242 -0.1661959443282798 P S
0.9500000000000001 14 16.671548430259303 29.281860772784775 13.65730398910466 24.66500694889536 -0.10601275189873242 -0.1661959443282798 P S
0.96 14 16.808112743504093 29.528502115627468 13.65730398910466 24.66500694889536 -0.10601275189873242 -0.1661959443282798 P S
0.97 14 16.944677056748883 29.77514345847017 13.65730398910466 24.66500694889536 -0.10601275189873242 -0.1661959443282798 P S
0.98 14 17.081241369993666 30.021784801312855 13.65730398910466 24.66500694889536 -0.10601275189873242 -0.1661959443282798 P S
0.99 14 17.217805683238453 30.268426144155555 13.65730398910466 24.66500694889536 -0.10601275189873242 -0.1661959443282798 P S
1.0 14 17.35436999648324 30.515067486998248 13.65730398910466 24.66500694889536 -0.10601275189873242 -0.1661959443282798 P S
1.01 14 17.490934309728026 30.76170882984094 13.65730398910466 24.66500694889536 -0.10601275189873242 -0.1661959443282798 P S
1.02 14 17.627498622972816 31.008350172683635 13.65730398910466 24.66500694889536 -0.10601275189873242 -0.1661959443282798 P S
1.03 14 17.7640629362176 31.254991515526328 13.65730398910466 24.66500694889536 -0.10601275189873242 -0.1661959443282798 P S
1.04 14 17.90062724946239 31.50163285836902 13.65730398910466 24.66500694889536 -0.10601275189873242 -0.1661959443282798 P S
1.05 14 18.037191562707175 31.748274201211714 13.65730398910466 24.66500694889536 -0.10601275189873242 -0.1661959443282798 P S
1.06 14 18.17375587595196 31.994915544054408 13.65730398910466 24.66500694889536 -0.10601275189873242 -0.1661959443282798 P S
1.07 14 18.310320189196748 32.2415568868971 13.65730398910466 24.66500694889536 -0.10601275189873242 -0.1661959443282798 P S
1.08 14 18.446884502441534 32.488198229739794 13.65730398910466 24.66500694889536 -0.10601275189873242 -0.1661959443282798 P S
1.09 14 18.58344881568632 32.73483957258249 13.65730398910466 24.66500694889536 -0.10601275189873242 -0.1661959443282798 P S
1.1 14 18.720013128931107 32.98148091542519 13.65730398910466 24.66500694889536 -0.10601275189873242 -0.1661959443282798 P S
1.11 14 18.856577442175894 33.22812225826788 13.65730398910466 24.66500694889536 -0.10601275189873242 -0.1661959443282798 P S
1.12 14 18.99314175542068 33.474763601110574 13.65730398910466 24.66500694889536 -0.10601275189873242 -0.1661959443282798 P S
1.1300000000000001 14 19.129706068665467 33.72140494395327 13.65730398910466 24.66500694889536 -0.10601275189873242 -0.1661959443282798 P S
1.1400000000000001 14 19.266270381910253 33.96804628679595 13.65730398910466 24.66500694889536 -0.10601275189873242 -0.1661959443282798 P S
1.1500000000000001 14 19.402834695155043 34.214687629638654 13.65730398910466 24.66500694889536 -0.10601275189873242 -0.1661959443282798 P S
1.16 14 19.539399008399826 34.46132897248134 13.65730398910466 24.66500694889536 -0.10601275189873242 -0.1661959443282798 P S
1.17 14 19.675963321644613 34.70797031532403 13.65730398910466 24.66500694889536 -0.10601275189873242 -0.1661959443282798 P S
1.18 14 19.8125276348894 34.954611658166726 13.65730398910466 24.66500694889536 -0.10601275189873242 -0.1661959443282798 P S
1.19 14 19.949091948134186 35.20125300100942 13.65730398910466 24.66500694889536 -0.10601275189873242 -0.1661959443282798 P S
1.2 14 20.085656261378972 35.44789434385211 13.65730398910466 24.66500694889536 -0.10601275189873242 -0.1661959443282798 P S
1.21 14 20.222220574623755 35.694535686694806 13.65730398910466 24.66500694889536 -0.10601275189873242 -0.1661959443282798 P S
1.22 14 20.358784887868545 35.941177029537506 13.65730398910466 24.66500694889536 -0.10601275189873242 -0.1661959443282798 P S
1.23 14 20.49534920111333 36.1878183723802 13.65730398910466 24.66500694889536 -0.10601275189873242 -0.1661959443282798 P S
1.24 14 20.631913514358118 36.43445971522289 13.65730398910466 24.66500694889536 -0.10601275189873242 -0.1661959443282798 P S
1.25 14 20.768477827602904 36.681101058065586 13.65730398910466 24.66500694889536 -0.10601275189873242 -0.1661959443282798 P S
1.26 14 20.90504214084769 36.92774240090828 13.65730398910466 24.66500694889536 -0.10601275189873242 -0.1661959443282798 P S
1.27 14 21.04160645409248 37.17438374375097 13.65730398910466 24.66500694889536 -0.10601275189873242 -0.1661959443282798 P S
1.28 14 21.178170767337264 37.421025086593666 13.65730398910466 24.66500694889536 -0.10601275189873242 -0.1661959443282798 P S
1.29 14 21.31473508058205 37.66766642943636 13.65730398910466 24.66500694889536 -0.10601275189873242 -0.1661959443282798 P S
1.3 14 21.451299393826837 37.91430777227905 13.65730398910466 24.66500694889536 -0.10601275189873242 -0.1661959443282798 P S
1.31 14 21.587863707071623 38.160949115121745 13.65730398910466 24.66500694889536 -0.10601275189873242 -0.1661959443282798 P S
1.32 14 21.724428020316413 38.407590457964446 13.65730398910466 24.66500694889536 -0.10601275189873242 -0.1661959443282798 P S
1.33 14 21.8609923335612 38.65423180080714 13.65730398910466 24.66500694889536 -0.10601275189873242 -0.1661959443282798 P S
1.34 14 21.997556646805986 38.90087314364983 13.65730398910466 24.66500694889536 -0.10601275189873242 -0.1661959443282798 P S
1.35 14 22.13412096005077 39.14751448649252 13.65730398910466 24.66500694889536 -0.10601275189873242 -0.1661959443282798 P S
1.36 14 22.27068527329556 39.39415582933522 13.65730398910466 24.66500694889536 -0.10601275189873242 -0.1661959443282798 P S
1.37 14 22.407249586540345 39.64079717217791 13.65730398910466 24.66500694889536 -0.10601275189873242 -0.1661959443282798 P S
1.3800000000000001 14 22.543813899785132 39.887438515020605 13.65730398910466 24.66500694889536 -0.10601275189873242 -0.1661959443282798 P S
1.3900000000000001 14 22.680378213029915 40.1340798578633 13.65730398910466 24.66500694889536 -0.10601275189873242 -0.1661959443282798 P S
1.4000000000000001 14 22.8169425262747 40.38072120070599 13.65730398910466 24.66500694889536 -0.10601275189873242 -0.1661959443282798 P S
0.01 15 2.626184661117393 4.50085290692037 1.4268918398187824 2.444587317507495 0.16018850152770167 0.27371194841606555 p s
0.02 15 2.6475003811573563 4.53737148421482 2.830496399055964 4.8492534469490645 0.15867265599733857 0.2711080347849869 p s
0.03 15 2.6826452056011987 4.597581789004335 4.189375560189947 7.177198958715308 0.15622239280111336 0.26689891777075314 p s
0.04 15 2.73107793864824 4.680555783299195 5.485355602885676 9.39739679481065 0.15294207298710152 0.2612633747760751 p s
0.05 15 2.792097188552631 4.785090686755265 6.70473691693764 11.486105034650876 0.14895963049291575 0.25442165758988555 p s
0.06 15 2.8648864419091606 4.9097863120914 7.8382482837066325 13.427338589698158 0.14441471462701994 0.24661416989151083 p s
0.07 15 2.9485596478741285 5.053123199114179 8.880990642827108 15.213574543840284 0.13944701631710898 0.2380766959514942 p s
0.08 15 3.0422025297488653 5.213533480809863 9.832299596028985 16.842441762557144 0.1341847383893674 0.229035145795694 p s
0.09 15 3.1449067143783718 5.3894594110841485 10.693531372515366 18.317569509325327 0.12874664186559232 0.21968602838727364 p s
0.1 15 3.255795571824188 5.579397657519492 11.4700067831785 19.64631414199399 0.12322219881963374 0.2101945721509817 p s
0.11 15 3.3740419356367806 5.781929716358945 12.16623691477827 20.838490895652132 0.11769725399404632 0.2006933859934359 p s
0.12 15 3.498878794268529 5.995740257923664 12.788985549679518 21.903808157602292 0.11223021836207901 0.19129768454818416 p s
0.13 15 3.6296044025403966 6.219625912320273 13.345241935285134 22.85503323658877 0.10686331650143412 0.18207432997575973 p s
0.14 15 3.7655832622224477 6.4524969144934365 13.840819647883862 23.70256872813234 0.10163670155863037 0.17308783487354082 p s
0.15 15 3.9062442158257724 6.693373888498319 14.283028616319761 24.457841783092732 0.09656128618258625 0.1643692879061316 p s
0.16 15 4.051076776665246 6.941381553357753 14.676051599256132 25.130647238614305 0.09167050449796295 0.15594441413900428 p s
0.17 15 4.199626485464934 7.195740708280009 15.02677413554379 25.73016171356239 0.08695323372166816 0.14782533155806907 p s
0.18 15 4.351489755099018 7.455759458174087 15.339550730493047 26.263815391314896 0.08241740233016662 0.14002866757757096 p s
0.19 15 4.5063087251273135 7.720824365849258 15.61877455845118 26.740069203409483 0.07806044418874025 0.13253761982641582 p s
0.2 15 4.663766306289743 7.990391878131812 15.868040550321133 27.16533269535536 0.07388233052220236 0.12534755931838204 p s
0.21 15 4.823581433765104 8.263980372605577 16.090768653756804 27.545209922891203 0.06987738187050793 0.11845232014842735 p s
0.22 15 4.985504994031866 8.541162844590295 16.290295746178636 27.88482307937746 0.0660322494626354 0.11184055089008038 p s
0.23 15 5.149315766584634 8.821560329006847 16.468659336075557 28.18895709612744 0.06235098976947004 0.10549359609491296 p s
0.24 15 5.314817261436252 9.104836068562127 16.628566600833278 28.4611202004942 0.0588180464046007 0.0994072803302622 p s
0.25 15 5.481834523526524 9.390690299154153 16.77216630429928 28.70515609513778 0.0554221120832504 0.09355965894742237 p s
0.26 15 5.650211517413483 9.6788557348701 16.900913594421507 28.92390898668983 0.052162705879898054 0.08794162693216943 p s
0.27 15 5.819808862141237 9.969093562231956 17.016475577813267 29.120071119125665 0.04902972375011892 0.08253950249064232 p s
0.28 15 5.9905018673807024 10.261189967495827 17.120257414857083 29.295983162215165 0.04601473965446689 0.07734072074466071 p s
0.29 15 6.162178607599031 10.55495310284659 17.213321894873456 29.45368953918821 0.04311506949326799 0.07233374450465484 p s
0.3 15 6.334738486199132 10.850210434852144 17.296822610271967 29.595130109854797 0.04032156924971882 0.06750278815525612 p s
0.31 15 6.5080908662893 11.14680647639185 17.371933122359955 29.721612690989364 0.0376192119941791 0.06284730001094213 p s
0.32 15 6.682153953851955 11.444600719004665 17.439305953529505 29.834894585140333 0.03500718088789963 0.05834447450469312 p s
0.33 15 6.856853765854776 11.743465950514025 17.499464460331065 29.936138468627764 0.03248835496072331 0.05398708577596892 p s
0.34 15 7.032123231117653 12.043286735270215 17.55334113719089 30.026063538135606 0.030045621518066983 0.04978417871959327 p s
0.35000000000000003 15 7.207901171026309 12.34395796328035 17.60130661436305 30.10638838418464 0.02768302996543695 0.04569221920433436 p s
0.36 15 7.384132237089162 12.645383902741319 17.644036962637536 30.17737661671482 0.025387663910870484 0.04173291411950432 p s
0.37 15 7.560765671608762 12.947476999368039 17.681816156457188 30.239756047377416 0.023164318612401855 0.03790511116088035 p s
0.38 15 7.73775513233643 13.250156997401705 17.715339483525007 30.294865310499013 0.02099059154238214 0.03416084402063823 p s
0.39 15 7.915057799439667 13.553350347779434 17.74424463027003 30.342829827417052 0.018912973753744292 0.030523963716653033 p s
0.4 15 8.092634565897109 13.856989216466367 17.77012856115131 30.384050949772373 0.016832908779203203 0.027004413183035904 p s
0.41000000000000003 15 8.27044955398161 14.161011312815091 17.792247421336977 30.419394743261748 0.014823044874342859 0.023567228739966428 p s
0.42 15 8.448468690707461 14.465358573092937 17.811004917512946 30.44906063158296 0.012872658378976498 0.020232614321671588 p s
0.43 15 8.626661470186598 14.769977800353917 17.827295181455362 30.473907395123078 0.010897104930878565 0.016938706627444323 p s
0.44 15 8.804998357419064 15.074819436834037 17.83955541942931 30.494027925138894 0.009131107742547509 0.013700271784272789 p s
0.45 15 8.98345224622215 15.379837261887243 17.850111839119375 30.508831427302866 0.007273462261555955 0.010707645546435239 p s
0.46 15 9.161997900723467 15.684988005308425 17.858481868834208 30.52052703227978 0.005359865005415089 0.0075445269882088 p s
0.47000000000000003 15 9.340610706757479 15.990231814279378 17.86400516546919 30.527817099270028 0.0035733801318655212 0.00457408507507019 p s
0.48 15 9.519267488662257 16.295531626323754 17.866735907328238 30.531034598776948 0.0022083863877079965 0.002243172720008613 p s
0.49 15 9.697943286606753 16.600854181567893 17.868434190691314 30.532187914339303 -9.84014782687528e-18 -1.6814077794883138e-17 p S
0.5 15 9.876630080533985 16.906161281400035 17.867246913185525 30.529098139261006 -0.00184390516646748 -0.0038204341094395925 P S
0.51 15 10.055293767068333 17.2114250745432 17.86497651981912 30.523183669556683 -0.003156245792441577 -0.006618358538966766 P S
0.52 15 10.233921294708079 17.51661629740306 17.860621786524753 30.51447668936004 -0.004748223235909997 -0.009316080543061258 P S
0.53 15 10.412494815221356 17.82170681325426 17.85383582675206 30.50283919333984 -0.006492201811121015 -0.012009369658977634 P S
0.54 15 10.590996760541575 18.12667059574789 17.845840767895865 30.489020265626642 -0.008076818211294199 -0.014573892030233803 P S
0.55 15 10.769411251728178 18.431482365802072 17.836843055119452 30.47273097810897 -0.009550087373805189 -0.017109036672300466 P S
0.56 15 10.947723268969582 18.736118653128944 17.825223350045878 30.454305767650446 -0.011167880527276408 -0.019583672382451494 P S
0.5700000000000001 15 11.125918161440138 19.04056283909234 17.81312520265597 30.434421419780126 -0.01263312368022263 -0.021941979330512194 P S
0.58 15 11.303982058392936 19.34479256374693 17.799369260486973 30.41149378653823 -0.014114534496123833 -0.02437805258360538 P S
0.59 15 11.481900981952666 19.648786015654334 17.78392852562587 30.386860278078732 -0.015609643467332714 -0.026747508044236906 P S
0.6 15 11.65966356182985 19.95252322918667 17.768083217718722 30.360184945032607 -0.017006651110720163 -0.029094660363920218 P S
0.61 15 11.837258004779137 20.255985030629674 17.750855737578583 30.33173924875454 -0.01840434522039013 -0.03140288596758406 P S
0.62 15 12.014672392498364 20.559152872816895 17.73250707956151 30.301472236539514 -0.019783375738681754 -0.033683534062480265 P S
0.63 15 12.19189729713073 20.862008917034757 17.71292004939147 30.269282549239467 -0.021155096508135216 -0.03594838648711679 P S
0.64 15 12.332992827584494 21.16454865141268 13.65730398910466 30.237390614917043 -0.10362525044564107 -0.03805743604812191 P S
0.65 15 12.469557140829284 21.466753752956485 13.65730398910466 30.202777083128552 -0.10362525044564107 -0.04021919850269807 P S
0.66 15 12.606121454074074 21.768605667875985 13.65730398910466 30.16693537807762 -0.10362525044564107 -0.04233909949152001 P S
0.67 15 12.742685767318857 22.070087795035096 13.65730398910466 30.129190436020806 -0.10362525044564107 -0.0444599103581756 P S
0.68 15 12.879250080563647 22.371184486319745 13.65730398910466 30.090178497579554 -0.10362525044564107 -0.04654787774377226 P S
0.6900000000000001 15 13.01581439380843 22.67189372058065 13.65730398910466 30.051298159134305 -0.10362525044564107 -0.0485369988077559 P S
0.7000000000000001 15 13.152378707053217 22.951427883517233 13.65730398910466 24.66500694889536 -0.10362525044564107 -0.16184601346979038 P S
0.71 15 13.288943020298003 23.19806922635992 13.65730398910466 24.66500694889536 -0.10362525044564107 -0.16184601346979038 P S
0.72 15 13.42550733354279 23.44471056920262 13.65730398910466 24.66500694889536 -0.10362525044564107 -0.16184601346979038 P S
0.73 15 13.562071646787576 23.691351912045306 13.65730398910466 24.66500694889536 -0.10362525044564107 -0.16184601346979038 P S
0.74 15 13.698635960032362 23.937993254888 13.65730398910466 24.66500694889536 -0.10362525044564107 -0.16184601346979038 P S
0.75 15 13.835200273277145 24.184634597730692 13.65730398910466 24.66500694889536 -0.10362525044564107 -0.16184601346979038 P S
0.76 15 13.971764586521935 24.431275940573386 13.65730398910466 24.66500694889536 -0.10362525044564107 -0.16184601346979038 P S
0.77 15 14.108328899766718 24.67791728341608 13.65730398910466 24.66500694889536 -0.10362525044564107 -0.16184601346979038 P S
0.78 15 14.244893213011508 24.924558626258772 13.65730398910466 24.66500694889536 -0.10362525044564107 -0.16184601346979038 P S
0.79 15 14.381457526256298 25.171199969101473 13.65730398910466 24.66500694889536 -0.10362525044564107 -0.16184601346979038 P S
0.8 15 14.518021839501081 25.41784131194416 13.65730398910466 24.66500694889536 -0.10362525044564107 -0.16184601346979038 P S
0.81 15 14.654586152745868 25.66448265478686 13.65730398910466 24.66500694889536 -0.10362525044564107 -0.16184601346979038 P S
0.8200000000000001 15 14.791150465990654 25.911123997629545 13.65730398910466 24.66500694889536 -0.10362525044564107 -0.16184601346979038 P S
0.8300000000000001 15 14.92771477923544 26.157765340472245 13.65730398910466 24.66500694889536 -0.10362525044564107 -0.16184601346979038 P S
0.84 15 15.064279092480223 26.40440668331493 13.65730398910466 24.66500694889536 -0.10362525044564107 -0.16184601346979038 P S
0.85 15 15.200843405725013 26.651048026157632 13.65730398910466 24.66500694889536 -0.10362525044564107 -0.16184601346979038 P S
0.86 15 15.337407718969796 26.897689369000318 13.65730398910466 24.66500694889536 -0.10362525044564107 -0.16184601346979038 P S
0.87 15 15.473972032214586 27.14433071184301 13.65730398910466 24.66500694889536 -0.10362525044564107 -0.16184601346979038 P S
0.88 15 15.610536345459376 27.390972054685705 13.65730398910466 24.66500694889536 -0.10362525044564107 -0.16184601346979038 P S
0.89 15 15.747100658704163 27.637613397528405 13.65730398910466 24.66500694889536 -0.10362525044564107 -0.16184601346979038 P S
0.9 15 15.88366497194895 27.884254740371098 13.65730398910466 24.66500694889536 -0.10362525044564107 -0.16184601346979038 P S
0.91 15 16.020229285193732 28.13089608321379 13.65730398910466 24.66500694889536 -0.10362525044564107 -0.16184601346979038 P S
0.92 15 16.15679359843852 28.377537426056485 13.65730398910466 24.66500694889536 -0.10362525044564107 -0.16184601346979038 P S
0.93 15 16.29335791168331 28.624178768899185 13.65730398910466 24.66500694889536 -0.10362525044564107 -0.16184601346979038 P S
0.9400000000000001 15 16.42992222492809 28.87082011174187 13.65730398910466 24.66500694889536 -0.10362525044564107 -0.16184601346979038 P S
0.9500000000000001 15 16.566486538172875 29.117461454584564 13.65730398910466 24.66500694889536 -0.10362525044564107 -0.16184601346979038 P S
0.96 15 16.703050851417665 29.364102797427257 13.65730398910466 24.66500694889536 -0.10362525044564107 -0.16184601346979038 P S
0.97 15 16.839615164662455 29.61074414026995 13.65730398910466 24.66500694889536 -0.10362525044564107 -0.16184601346979038 P S
0.98 15 16.976179477907237 29.857385483112644 13.65730398910466 24.66500694889536 -0.10362525044564107 -0.16184601346979038 P S
0.99 15 17.112743791152027 30.104026825955337 13.65730398910466 24.66500694889536 -0.10362525044564107 -0.16184601346979038 P S
1.0 15 17.24930810439681 30.35066816879803 13.65730398910466 24.66500694889536 -0.10362525044564107 -0.16184601346979038 P S
1.01 15 17.3858724176416 30.597309511640724 13.65730398910466 24.66500694889536 -0.10362525044564107 -0.16184601346979038 P S
1.02 15 17.522436730886387 30.843950854483417 13.65730398910466 24.66500694889536 -0.10362525044564107 -0.16184601346979038 P S
1.03 15 17.65900104413117 31.09059219732611 13.65730398910466 24.66500694889536 -0.10362525044564107 -0.16184601346979038 P S
1.04 15 17.79556535737596 31.33723354016881 13.65730398910466 24.66500694889536 -0.10362525044564107 -0.16184601346979038 P S
1.05 15 17.932129670620746 31.583874883011504 13.65730398910466 24.66500694889536 -0.10362525044564107 -0.16184601346979038 P S
1.06 15 18.068693983865533 31.830516225854197 13.65730398910466 24.66500694889536 -0.10362525044564107 -0.16184601346979038 P S
1.07 15 18.20525829711032 32.07715756869689 13.65730398910466 24.66500694889536 -0.10362525044564107 -0.16184601346979038 P S
1.08 15 18.341822610355106 32.323798911539576 13.65730398910466 24.66500694889536 -0.10362525044564107 -0.16184601346979038 P S
1.09 15 18.478386923599892 32.57044025438227 13.65730398910466 24.66500694889536 -0.10362525044564107 -0.16184601346979038 P S
1.1 15 18.61495123684468 32.81708159722497 13.65730398910466 24.66500694889536 -0.10362525044564107 -0.16184601346979038 P S
1.11 15 18.751515550089465 33.06372294006766 13.65730398910466 24.66500694889536 -0.10362525044564107 -0.16184601346979038 P S
1.12 15 18.88807986333425 33.310364282910356 13.65730398910466 24.66500694889536 -0.10362525044564107 -0.16184601346979038 P S
1.1300000000000001 15 19.024644176579038 33.55700562575305 13.65730398910466 24.66500694889536 -0.10362525044564107 -0.16184601346979038 P S
1.1400000000000001 15 19.161208489823824 33.80364696859574 13.65730398910466 24.66500694889536 -0.10362525044564107 -0.16184601346979038 P S
1.1500000000000001 15 19.297772803068614 34.050288311438436 13.65730398910466 24.66500694889536 -0.10362525044564107 -0.16184601346979038 P S
1.16 15 19.434337116313397 34.29692965428113 13.65730398910466 24.66500694889536 -0.10362525044564107 -0.16184601346979038 P S
1.17 15 19.570901429558184 34.54357099712382 13.65730398910466 24.66500694889536 -0.10362525044564107 -0.16184601346979038 P S
1.18 15 19.70746574280297 34.790212339966516 13.65730398910466 24.66500694889536 -0.10362525044564107 -0.16184601346979038 P S
1.19 15 19.844030056047757 35.03685368280921 13.65730398910466 24.66500694889536 -0.10362525044564107 -0.16184601346979038 P S
1.2 15 19.980594369292543 35.2834950256519 13.65730398910466 24.66500694889536 -0.10362525044564107 -0.16184601346979038 P S
1.21 15 20.11715868253733 35.53013636849459 13.65730398910466 24.66500694889536 -0.10362525044564107 -0.16184601346979038 P S
1.22 15 20.253722995782116 35.77677771133729 13.65730398910466 24.66500694889536 -0.10362525044564107 -0.16184601346979038 P S
1.23 15 20.390287309026903 36.02341905417998 13.65730398910466 24.66500694889536 -0.10362525044564107 -0.16184601346979038 P S
1.24 15 20.52685162227169 36.270060397022675 13.65730398910466 24.66500694889536 -0.10362525044564107 -0.16184601346979038 P S
1.25 15 20.663415935516475 36.51670173986537 13.65730398910466 24.66500694889536 -0.10362525044564107 -0.16184601346979038 P S
1.26 15 20.799980248761262 36.76334308270806 13.65730398910466 24.66500694889536 -0.10362525044564107 -0.16184601346979038 P S
1.27 15 20.936544562006052 37.009984425550755 13.65730398910466 24.66500694889536 -0.10362525044564107 -0.16184601346979038 P S
1.28 15 21.07310887525084 37.25662576839345 13.65730398910466 24.66500694889536 -0.10362525044564107 -0.16184601346979038 P S
1.29 15 21.209673188495625 37.50326711123614 13.65730398910466 24.66500694889536 -0.10362525044564107 -0.16184601346979038 P S
1.3 15 21.34623750174041 37.749908454078835 13.65730398910466 24.66500694889536 -0.10362525044564107 -0.16184601346979038 P S
1.31 15 21.482801814985194 37.99654979692153 13.65730398910466 24.66500694889536 -0.10362525044564107 -0.16184601346979038 P S
1.32 15 21.619366128229984 38.24319113976423 13.65730398910466 24.66500694889536 -0.10362525044564107 -0.16184601346979038 P S
1.33 15 21.75593044147477 38.48983248260692 13.65730398910466 24.66500694889536 -0.10362525044564107 -0.16184601346979038 P S
1.34 15 21.892494754719557 38.736473825449615 13.65730398910466 24.66500694889536 -0.10362525044564107 -0.16184601346979038 P S
1.35 15 22.02905906796434 38.9831151682923 13.65730398910466 24.66500694889536 -0.10362525044564107 -0.16184601346979038 P S
1.36 15 22.165623381209134 39.22975651113501 13.65730398910466 24.66500694889536 -0.10362525044564107 -0.16184601346979038 P S
1.37 15 22.30218769445392 39.4763978539777 13.65730398910466 24.66500694889536 -0.10362525044564107 -0.16184601346979038 P S
1.3800000000000001 15 22.438752007698703 39.72303919682038 13.65730398910466 24.66500694889536 -0.10362525044564107 -0.16184601346979038 P S
1.3900000000000001 15 22.57531632094349 39.969680539663074 13.65730398910466 24.66500694889536 -0.10362525044564107 -0.16184601346979038 P S
1.4000000000000001 15 22.711880634188276 40.21632188250577 13.65730398910466 24.66500694889536 -0.10362525044564107 -0.16184601346979038 P S
0.01 16 2.786024468995221 4.774000365135703 1.3308305086510246 2.279632473019551 0.15873015067300617 0.27128077994612365 p s
0.02 16 2.8059149822429785 4.808071437602665 2.6425179854508367 4.526461704480359 0.15739664687277555 0.26899136781374905 p s
0.03 16 2.8387517655158234 4.864318072347667 3.9172630076674575 6.709955072872255 0.1552331772677152 0.2652769665223 p s
0.04 16 2.884086220643763 4.94197112669751 5.139436797894606 8.80377923048131 0.15232213679905984 0.2602776894509039 p s
0.05 16 2.9413317518891913 5.040024866840466 6.297770521188092 10.787102475415875 0.1487630975630223 0.2541686071127118 p s
0.06 16 3.0097978955038505 5.157295435976688 7.3826856162678824 12.645133333326402 0.14467187604810958 0.24714392575940966 p s
0.07 16 3.0887257304365803 5.29248161088012 8.389422770929562 14.369222362550467 0.14016286361490338 0.23940109422661085 p s
0.08 16 3.177321161706843 5.444221843933277 9.315932399087115 15.955819008134743 0.13534686695067652 0.23113028735724125 p s
0.09 16 3.2747836024187373 5.611143451961202 10.163180553075325 17.405960205936754 0.1303221991101533 0.22250403562869975 p s
0.1 16 3.380328866810914 5.791901853491082 10.933080867759982 18.724242917725963 0.12518042285962483 0.2136714834272064 p s
0.11 16 3.493205995402272 5.9852094468777555 11.630330544294747 19.917095929415495 0.11999011225404084 0.20476139876753657 p s
0.12 16 3.6127085687392975 6.189854997308993 12.259207736273837 20.993122009736247 0.11481481945768593 0.19587401791377612 p s
0.13 16 3.7381812777527283 6.404714915843496 12.8252237109723 21.961474122639007 0.10969968460786253 0.18708875164567762 p s
0.14 16 3.869022834580252 6.628758244518367 13.333836006377672 22.831466278728406 0.10467979328913359 0.17846609886843373 p s
0.15 16 4.004686102933966 6.861046943294807 13.790386762472998 23.611862842794896 0.09978081794575303 0.17005449552185645 p s
0.16 16 4.144676442365115 7.100732921126844 14.199736790914926 24.312320337317285 0.09502341664738286 0.16187436891941479 p s
0.17 16 4.288548699302827 7.347053047577689 14.567825449305888 24.940360255127867 0.09040440409166706 0.15395233286209112 p s
0.18 16 4.435903628378777 7.599322892573043 14.897224536005867 25.503506950401537 0.08595292224828655 0.1462996707388421 p s
0.19 16 4.586383984703879 7.85693006131583 15.193168005257911 26.00882870000245 0.08165548692350505 0.13891770905281575 p s
0.2 16 4.739670495269229 8.119327315055193 15.45891546658791 26.462483266327915 0.07751613822329924 0.1318057397155829 p s
0.21 16 4.8954780351908775 8.386025935286744 15.698080047984483 26.86998050539381 0.07352567054370232 0.12495955626402054 p s
0.22 16 5.053551943486731 8.656589578300837 15.912902168866571 27.236258433563346 0.06969042022314151 0.11837193976864506 p s
0.23 16 5.213664777591136 8.93062837156318 16.1061967159746 27.565681886012655 0.06600111583204922 0.11203434197404048 p s
0.24 16 5.375613130502904 9.20779382774416 16.28009152596892 27.86201439335644 0.06245492750523132 0.10593938688138695 p s
0.25 16 5.539214918163723 9.487773987348735 16.437269767184983 28.12919013612325 0.05903109167259597 0.10006574677901152 p s
0.26 16 5.7043070349581955 9.770289302786969 16.578712597750396 28.369683716078583 0.0557399905588213 0.09441460656008813 p s
0.27 16 5.870742938148595 10.055088836762893 16.705995169770052 28.58638559499162 0.05257634162079432 0.08897075130764602 p s
0.28 16 6.0383910109363725 10.341946979580086 16.82143718968362 28.78149973594785 0.049509675528055505 0.08372827796673231 p s
0.29 16 6.207132564603521 10.630660497544806 16.925180368563556 28.957572573088292 0.04656211693408345 0.07866462831926144 p s
0.3 16 6.376860657222577 10.921045996160544 17.01881842276264 29.116467000291756 0.04371431664613982 0.07376818447742953 p s
0.31 16 6.547478484990997 11.212937679745012 17.103282639267047 29.259266175847777 0.04096123541597652 0.06904698614881785 p s
0.32 16 6.718898393900465 11.506185316564682 17.17931152095686 29.38790460995028 0.038301415545135144 0.06447686731459897 p s
0.33 16 6.891040841733654 11.80065242943508 17.247897191339952 29.503445825270603 0.035721302639051794 0.06005741911928916 p s
0.34 16 7.063833351574971 12.096215015402315 17.30950749448149 29.60717828230705 0.03322348000130499 0.05577572227734841 p s
0.35000000000000003 16 7.237209975386329 12.392759921583815 17.364984693705015 29.70008001547869 0.030792945699971902 0.0516262989033408 p s
0.36 16 7.411110352551558 12.690183802764816 17.41435979219368 29.783119827543263 0.028448319680101804 0.047599841382279295 p s
0.37 16 7.585479479511203 12.98839206993127 17.458290214802368 29.856960529041512 0.026180017607343613 0.043698258526168134 p s
0.38 16 7.760266462474906 13.287297897514874 17.498023435587037 29.922759893075455 0.023938459122161325 0.0398920903165525 p s
0.39 16 7.935424964605117 13.586821564692196 17.53322208028632 29.980814910556308 0.021755786780018316 0.03619508944533866 p s
0.4 16 8.110911650216536 13.886889640178646 17.563761288673845 30.031826288495832 0.019662625674203963 0.032595532055349104 p s
0.41000000000000003 16 8.286687189514748 14.187434110779199 17.59039301443556 30.076121566753155 0.017632156357935747 0.029105193082189593 p s
0.42 16 8.462714394272895 14.488392519844354 17.614145944609074 30.11473180582803 0.015596664036532645 0.025673656579222093 p s
0.43 16 8.638959347324388 14.78970671896299 17.6343715203278 30.14721412991931 0.013623185963010693 0.022378745620597548 p s
0.44 16 8.815390143903855 15.091322664536479 17.651662364542133 30.174788924757397 0.011672238312622166 0.01913809439074484 p s
0.45 16 8.991976946907135 15.393190231995918 17.665244888920007 30.197340798345387 0.009871228380031898 0.01600441235700145 p s
0.46 16 9.168691832106294 15.695262773603666 17.67682444164155 30.21561464924991 0.008021178048430687 0.012916884093184198 p s
0.47000000000000003 16 9.34550837673786 15.997496594457465 17.68611623589098 30.2304737607022 0.006145051038280704 0.009705508978797874 p s
0.48 16 9.522402413639304 16.299850686567776 17.692632060256745 30.240228313057635 0.004372171100768331 0.006818038105061505 p s
0.49 16 9.699351320533658 16.60228711063146 17.696820234387268 30.246604895954174 0.0026697036652852564 0.003910027588084269 p s
0.5 16 9.876328477765712 16.904767855183003 17.699311695651634 30.249786545197825 -9.747012058274614e-18 -1.6658559343226544e-17 p s
0.51 16 10.053326363402066 17.207268309202526 17.699311695651634 30.248685628072295 -9.747012058274614e-18 -0.002259854952482932 P S
0.52 16 10.230310060335993 17.50974633486191 17.697400685598588 30.245850045395954 -0.002337854592836016 -0.004356805369829619 P S
0.53 16 10.407267138339096 17.81217566344861 17.693806846752828 30.239464650994087 -0.003969050799074482 -0.007086706340244639 P S
0.54 16 10.584180831818394 18.114529155151896 17.688544297911374 30.230449882461258 -0.00555106112257903 -0.009711522970186157 P S
0.55 16 10.761034011716488 18.41677996830747 17.681665854461336 30.218874760619414 -0.007105841057491755 -0.012284529120837445 P S
0.56 16 10.93781041069337 18.718902791012674 17.673745760126792 30.204860805662545 -0.008552325854610262 -0.014812196981648472 P S
0.5700000000000001 16 11.114495315430972 19.020873583868646 17.66307409737662 30.188678626167246 -0.010180582590814414 -0.01727570886575419 P S
0.58 16 11.29107378842516 19.32266896172267 17.651855967892914 30.17025844859147 -0.011648532409840222 -0.019707358538108094 P S
0.59 16 11.46753181706663 19.624267385612093 17.63924785312688 30.148865024575333 -0.013102613494166753 -0.022198124972203234 P S
0.6 16 11.643855949342335 19.925647469418788 17.625275582260137 30.126227820676363 -0.014544161396966548 -0.02455852609652057 P S
0.61 16 11.820034790093905 20.226788854076574 17.61033950625116 30.101512293643932 -0.01594054547536164 -0.02689839325024238 P S
0.62 16 11.957172542819354 20.527673665934483 13.65730398910466 30.07545369523165 -0.10125053051528816 -0.02916096198620076 P S
0.63 16 12.093736856064144 20.82829253069387 13.65730398910466 30.047517200564673 -0.10125053051528816 -0.03140411356111189 P S
0.64 16 12.230301169308927 21.128624198682417 13.65730398910466 30.018445783688676 -0.10125053051528816 -0.03357767306826549 P S
0.65 16 12.366865482553717 21.428650155721673 13.65730398910466 29.986666001754493 -0.10125053051528816 -0.03580089277520972 P S
0.66 16 12.5034297957985 21.728352839138196 13.65730398910466 29.95353032892825 -0.10125053051528816 -0.03797834351451481 P S
0.67 16 12.63999410904329 22.027715729518963 13.65730398910466 29.918757063082236 -0.10125053051528816 -0.04013419635057384 P S
0.68 16 12.77655842228808 22.29807797665967 13.65730398910466 24.66500694889536 -0.10125053051528816 -0.157499620818804 P S
0.6900000000000001 16 12.913122735532863 22.544719319502356 13.65730398910466 24.66500694889536 -0.10125053051528816 -0.157499620818804 P S
0.7000000000000001 16 13.049687048777646 22.791360662345056 13.65730398910466 24.66500694889536 -0.10125053051528816 -0.157499620818804 P S
0.71 16 13.186251362022436 23.038002005187742 13.65730398910466 24.66500694889536 -0.10125053051528816 -0.157499620818804 P S
0.72 16 13.322815675267222 23.284643348030443 13.65730398910466 24.66500694889536 -0.10125053051528816 -0.157499620818804 P S
0.73 16 13.459379988512005 23.53128469087313 13.65730398910466 24.66500694889536 -0.10125053051528816 -0.157499620818804 P S
0.74 16 13.595944301756795 23.77792603371583 13.65730398910466 24.66500694889536 -0.10125053051528816 -0.157499620818804 P S
0.75 16 13.732508615001578 24.024567376558515 13.65730398910466 24.66500694889536 -0.10125053051528816 -0.157499620818804 P S
0.76 16 13.869072928246368 24.271208719401216 13.65730398910466 24.66500694889536 -0.10125053051528816 -0.157499620818804 P S
0.77 16 14.005637241491158 24.51785006224391 13.65730398910466 24.66500694889536 -0.10125053051528816 -0.157499620818804 P S
0.78 16 14.14220155473594 24.764491405086602 13.65730398910466 24.66500694889536 -0.10125053051528816 -0.157499620818804 P S
0.79 16 14.27876586798073 25.011132747929295 13.65730398910466 24.66500694889536 -0.10125053051528816 -0.157499620818804 P S
0.8 16 14.415330181225514 25.25777409077199 13.65730398910466 24.66500694889536 -0.10125053051528816 -0.157499620818804 P S
0.81 16 14.5518944944703 25.50441543361468 13.65730398910466 24.66500694889536 -0.10125053051528816 -0.157499620818804 P S
0.8200000000000001 16 14.688458807715087 25.751056776457375 13.65730398910466 24.66500694889536 -0.10125053051528816 -0.157499620818804 P S
0.8300000000000001 16 14.825023120959873 25.99769811930007 13.65730398910466 24.66500694889536 -0.10125053051528816 -0.157499620818804 P S
0.84 16 14.961587434204656 26.244339462142754 13.65730398910466 24.66500694889536 -0.10125053051528816 -0.157499620818804 P S
0.85 16 15.098151747449446 26.490980804985455 13.65730398910466 24.66500694889536 -0.10125053051528816 -0.157499620818804 P S
0.86 16 15.234716060694236 26.737622147828148 13.65730398910466 24.66500694889536 -0.10125053051528816 -0.157499620818804 P S
0.87 16 15.371280373939019 26.98426349067084 13.65730398910466 24.66500694889536 -0.10125053051528816 -0.157499620818804 P S
0.88 16 15.507844687183802 27.230904833513534 13.65730398910466 24.66500694889536 -0.10125053051528816 -0.157499620818804 P S
0.89 16 15.644409000428592 27.477546176356235 13.65730398910466 24.66500694889536 -0.10125053051528816 -0.157499620818804 P S
0.9 16 15.780973313673378 27.72418751919892 13.65730398910466 24.66500694889536 -0.10125053051528816 -0.157499620818804 P S
0.91 16 15.917537626918168 27.970828862041614 13.65730398910466 24.66500694889536 -0.10125053051528816 -0.157499620818804 P S
0.92 16 16.05410194016295 28.217470204884307 13.65730398910466 24.66500694889536 -0.10125053051528816 -0.157499620818804 P S
0.93 16 16.19066625340774 28.464111547727008 13.65730398910466 24.66500694889536 -0.10125053051528816 -0.157499620818804 P S
0.9400000000000001 16 16.327230566652524 28.710752890569694 13.65730398910466 24.66500694889536 -0.10125053051528816 -0.157499620818804 P S
0.9500000000000001 16 16.463794879897314 28.957394233412387 13.65730398910466 24.66500694889536 -0.10125053051528816 -0.157499620818804 P S
0.96 16 16.600359193142097 29.20403557625508 13.65730398910466 24.66500694889536 -0.10125053051528816 -0.157499620818804 P S
0.97 16 16.736923506386887 29.45067691909778 13.65730398910466 24.66500694889536 -0.10125053051528816 -0.157499620818804 P S
0.98 16 16.87348781963167 29.697318261940467 13.65730398910466 24.66500694889536 -0.10125053051528816 -0.157499620818804 P S
0.99 16 17.01005213287646 29.943959604783167 13.65730398910466 24.66500694889536 -0.10125053051528816 -0.157499620818804 P S
1.0 16 17.146616446121246 30.19060094762586 13.65730398910466 24.66500694889536 -0.10125053051528816 -0.157499620818804 P S
1.01 16 17.28318075936603 30.437242290468554 13.65730398910466 24.66500694889536 -0.10125053051528816 -0.157499620818804 P S
1.02 16 17.419745072610816 30.683883633311247 13.65730398910466 24.66500694889536 -0.10125053051528816 -0.157499620818804 P S
1.03 16 17.556309385855602 30.93052497615394 13.65730398910466 24.66500694889536 -0.10125053051528816 -0.157499620818804 P S
1.04 16 17.692873699100392 31.177166318996633 13.65730398910466 24.66500694889536 -0.10125053051528816 -0.157499620818804 P S
1.05 16 17.82943801234518 31.423807661839326 13.65730398910466 24.66500694889536 -0.10125053051528816 -0.157499620818804 P S
1.06 16 17.966002325589965 31.67044900468202 13.65730398910466 24.66500694889536 -0.10125053051528816 -0.157499620818804 P S
1.07 16 18.10256663883475 31.917090347524713 13.65730398910466 24.66500694889536 -0.10125053051528816 -0.157499620818804 P S
1.08 16 18.239130952079538 32.163731690367406 13.65730398910466 24.66500694889536 -0.10125053051528816 -0.157499620818804 P S
1.09 16 18.375695265324325 32.4103730332101 13.65730398910466 24.66500694889536 -0.10125053051528816 -0.157499620818804 P S
1.1 16 18.51225957856911 32.6570143760528 13.65730398910466 24.66500694889536 -0.10125053051528816 -0.157499620818804 P S
1.11 16 18.648823891813898 32.90365571889549 13.65730398910466 24.66500694889536 -0.10125053051528816 -0.157499620818804 P S
1.12 16 18.785388205058684 33.15029706173818 13.65730398910466 24.66500694889536 -0.10125053051528816 -0.157499620818804 P S
1.1300000000000001 16 18.92195251830347 33.39693840458087 13.65730398910466 24.66500694889536 -0.10125053051528816 -0.157499620818804 P S
1.1400000000000001 16 19.058516831548257 33.643579747423566 13.65730398910466 24.66500694889536 -0.10125053051528816 -0.157499620818804 P S
1.1500000000000001 16 19.195081144793047 33.890221090266266 13.65730398910466 24.66500694889536 -0.10125053051528816 -0.157499620818804 P S
1.16 16 19.33164545803783 34.13686243310895 13.65730398910466 24.66500694889536 -0.10125053051528816 -0.157499620818804 P S
1.17 16 19.468209771282616 34.383503775951645 13.65730398910466 24.66500694889536 -0.10125053051528816 -0.157499620818804 P S
1.18 16 19.604774084527403 34.63014511879434 13.65730398910466 24.66500694889536 -0.10125053051528816 -0.157499620818804 P S
1.19 16 19.74133839777219 34.87678646163703 13.65730398910466 24.66500694889536 -0.10125053051528816 -0.157499620818804 P S
1.2 16 19.877902711016976 35.123427804479725 13.65730398910466 24.66500694889536 -0.10125053051528816 -0.157499620818804 P S
1.21 16 20.014467024261762 35.37006914732242 13.65730398910466 24.66500694889536 -0.10125053051528816 -0.157499620818804 P S
1.22 16 20.15103133750655 35.61671049016512 13.65730398910466 24.66500694889536 -0.10125053051528816 -0.157499620818804 P S
1.23 16 20.287595650751335 35.86335183300781 13.65730398910466 24.66500694889536 -0.10125053051528816 -0.157499620818804 P S
1.24 16 20.42415996399612 36.109993175850505 13.65730398910466 24.66500694889536 -0.10125053051528816 -0.157499620818804 P S
1.25 16 20.560724277240908 36.3566345186932 13.65730398910466 24.66500694889536 -0.10125053051528816 -0.157499620818804 P S
1.26 16 20.697288590485694 36.60327586153589 13.65730398910466 24.66500694889536 -0.10125053051528816 -0.157499620818804 P S
1.27 16 20.833852903730484 36.849917204378585 13.65730398910466 24.66500694889536 -0.10125053051528816 -0.157499620818804 P S
1.28 16 20.97041721697527 37.09655854722128 13.65730398910466 24.66500694889536 -0.10125053051528816 -0.157499620818804 P S
1.29 16 21.106981530220057 37.34319989006397 13.65730398910466 24.66500694889536 -0.10125053051528816 -0.157499620818804 P S
1.3 16 21.24354584346484 37.589841232906664 13.65730398910466 24.66500694889536 -0.10125053051528816 -0.157499620818804 P S
1.31 16 21.380110156709627 37.83648257574936 13.65730398910466 24.66500694889536 -0.10125053051528816 -0.157499620818804 P S
1.32 16 21.516674469954417 38.08312391859205 13.65730398910466 24.66500694889536 -0.10125053051528816 -0.157499620818804 P S
1.33 16 21.653238783199203 38.329765261434744 13.65730398910466 24.66500694889536 -0.10125053051528816 -0.157499620818804 P S
1.34 16 21.78980309644399 38.57640660427744 13.65730398910466 24.66500694889536 -0.10125053051528816 -0.157499620818804 P S
1.35 16 21.926367409688773 38.82304794712013 13.65730398910466 24.66500694889536 -0.10125053051528816 -0.157499620818804 P S
1.36 16 22.062931722933566 39.06968928996283 13.65730398910466 24.66500694889536 -0.10125053051528816 -0.157499620818804 P S
1.37 16 22.19949603617835 39.316330632805524 13.65730398910466 24.66500694889536 -0.10125053051528816 -0.157499620818804 P S
1.3800000000000001 16 22.336060349423136 39.56297197564821 13.65730398910466 24.66500694889536 -0.10125053051528816 -0.157499620818804 P S
1.3900000000000001 16 22.472624662667922 39.809613318490904 13.65730398910466 24.66500694889536 -0.10125053051528816 -0.157499620818804 P S
1.4000000000000001 16 22.60918897591271 40.0562546613336 13.65730398910466 24.66500694889536 -0.10125053051528816 -0.157499620818804 P S
0.01 17 2.9444361061375415 5.044766931050931 1.246111417229853 2.1342058460371427 0.15728912878164492 0.26887680487027005 p s
0.02 17 2.963067967308021 5.076677670830743 2.476314388056691 4.241173228741957 0.15610723784001798 0.26684870171599506 p s
0.03 17 2.9938595397734886 5.129413898765681 3.6756686580669697 6.295274857361077 0.1541838723391284 0.26354817127081004 p s
0.04 17 3.0364352267844392 5.202331730022748 4.831134727243464 8.274074266932589 0.15158370862030554 0.2590863479281959 p s
0.05 17 3.0903002260618297 5.294582919933213 5.931978863148321 10.159272806520564 0.14838885650833158 0.25360389665202326 p s
0.06 17 3.154866622023662 5.40515958778018 6.97033826847472 11.937265129089692 0.1446914490121313 0.247259307155927 p s
0.07 17 3.229481122657279 5.53294179170881 7.940935981327627 13.599297222085672 0.14058797092853662 0.24021696869159795 p s
0.08 17 3.313451915322703 5.676743510661633 8.841326048094796 15.140789862988198 0.13617179074736854 0.23263870929498917 p s
0.09 17 3.406072589993101 5.835353713338774 9.671061040291315 16.561083298623817 0.1315307228827057 0.22467496408829998 p s
0.1 17 3.5066420966597063 6.007570544114169 10.431367912533752 17.86313250084319 0.1267441594455732 0.2164564750511671 p s
0.11 17 3.6144802230453017 6.192227871772657 11.125284270843157 19.050142959400173 0.12187764787339996 0.20810888503422917 p s
0.12 17 3.728938764708072 6.3882144430372705 11.756195213866038 20.129799744522536 0.11698927084836211 0.19971929334044894 p s
0.13 17 3.8494088226587273 6.594486380979831 12.328355025041585 21.10841967078384 0.1121243758425549 0.19137281154973146 p s
0.14 17 3.975324920677725 6.810074277659587 12.846068651239793 21.994088079889845 0.10732049487126118 0.1831278304248245 p s
0.15 17 4.106166604889406 7.0340859301842915 13.314193655225033 22.79460242609535 0.10260188878574655 0.17503070782295188 p s
0.16 17 4.241458225104505 7.265705935542854 13.73684973128264 23.516979812078144 0.09799165742056366 0.16712205988240383 p s
0.17 17 4.380767397322075 7.504193111537939 14.118177235871094 24.169144123568977 0.0935051465527585 0.1594186999041004 p s
0.18 17 4.52370264278291 7.748876433975121 14.462365241138556 24.757491935028142 0.08914897204479007 0.15194068937943575 p s
0.19 17 4.669910549812511 7.9991501414360275 14.773496667314285 25.28822884493034 0.08492227340072331 0.14469822006611135 p s
0.2 17 4.819072749200883 8.25446855312429 15.054114311158767 25.767697258141567 0.0808379351743345 0.13768635203329394 p s
0.21 17 4.970902694751503 8.514340632042499 15.307322335617673 26.199803868529408 0.0768956862097329 0.13092446699560709 p s
0.22 17 5.1251427687036815 8.778324886223556 15.536211031662834 26.590779548550245 0.0730884332688789 0.12438553353039859 p s
0.23 17 5.281561275534349 9.046024317030332 15.743621900693832 26.94349485191043 0.06940572414439458 0.1180866609949977 p s
0.24 17 5.4399498674923965 9.31708193615963 15.930940411372562 27.26268451253912 0.06585775944630909 0.11200438053002501 p s
0.25 17 5.600121001759154 9.591176451244278 16.100379030026396 27.55136321323764 0.06243599381702301 0.10613709937215031 p s
0.26 17 5.761905727240954 9.868018466169561 16.253943097693085 27.81266574451522 0.05913018537077335 0.10047357078329389 p s
0.27 17 5.925151700312817 10.147347023398387 16.392959971572814 28.049133721549534 0.05594000517070161 0.09500781286477562 p s
0.28 17 6.089721363398496 10.42892650424363 16.5192128357022 28.262918453836555 0.052850599475481375 0.08973704085534262 p s
0.29 17 6.255490215742663 10.71254381604966 16.632979324954675 28.456952403235082 0.04988104774554528 0.08463184384017157 p s
0.3 17 6.4223456651365405 10.998006016426173 16.73673367830151 28.632491485938306 0.046990150417985516 0.07969921400164229 p s
0.31 17 6.590185408366362 11.28513808491151 16.83030527148058 28.79127023324077 0.044204304025143595 0.07492983919876724 p s
0.32 17 6.758916478980124 11.573780876235963 16.914797143924048 28.934865790730424 0.04151387660692488 0.07031363069993744 p s
0.33 17 6.928454367886211 11.863789668361976 16.99140125464856 29.064547789100384 0.03890134563817686 0.06584550853243973 p s
0.34 17 7.098721883086439 12.155032391496851 17.060824285510886 29.18185528364046 0.036360715151941725 0.06150580583137429 p s
0.35000000000000003 17 7.2696483467433906 12.447388319691061 17.123420149585318 29.287419608480125 0.033897260739394586 0.057303747680991675 p s
0.36 17 7.4411693389143 12.740747087781909 17.1796819977359 29.382572406612194 0.03151062682847483 0.05321812849865313 p s
0.37 17 7.613225562185972 13.03500741700374 17.230523796821178 29.467789343953356 0.029178982084901866 0.049259786470865013 p s
0.38 17 7.78576234377522 13.330076222407437 17.27598335005149 29.544239005891736 0.02691714225980253 0.04540503825510868 p s
0.39 17 7.958729678595135 13.625867851397372 17.316687298937538 29.61263429641356 0.024711163627981692 0.041645554459415764 p s
0.4 17 8.1320811703085 13.92230337913075 17.352812341323105 29.673077295824026 0.022568520138283563 0.038006683969819134 p s
0.41000000000000003 17 8.3057738669846 14.219309804968512 17.384988152810585 29.72649248092805 0.020467815069281206 0.03446552796402627 p s
0.42 17 8.479768070441345 14.516819518808536 17.41325906965604 29.77404203747681 0.01842168398546114 0.030968218264108997 p s
0.43 17 8.654026865268285 14.814770051232575 17.437742155459652 29.815201548144543 0.016442092752716696 0.027579821519552444 p s
0.44 17 8.828515673649692 15.113103273626665 17.459312857481326 29.850610818083908 0.014472588978625254 0.02428494905333213 p s
0.45 17 9.003202651153138 15.41176486905318 17.47772475771204 29.880568648632416 0.012546947961396193 0.021095535296318493 p s
0.46 17 9.17805771124361 15.710704516363192 17.49334413441177 29.906305255586705 0.010641632067467707 0.01790426738099868 p s
0.47000000000000003 17 9.35305268292421 16.009875341132382 17.505371067023155 29.927353644154074 0.00889930302131399 0.014788371191500905 p s
0.48 17 9.528160881008807 16.30923322259943 17.51584758962035 29.943334056210773 0.007037101860124987 0.011887322352784155 p s
0.49 17 9.703357957193887 16.608736678882778 17.523512033312258 29.956474013027638 0.0052724307551036955 0.008811657859845477 p s
0.5 17 9.878620104343849 16.908347380000357 17.528798865490238 29.965316520250962 0.0035790009638870684 0.005898103563494063 p s
0.51 17 10.053926815787106 17.20802955119134 17.53205891572599 29.970572785697183 0.0018878739215952161 0.0030505193673697247 p s
0.52 17 10.229246329869644 17.507739240791924 17.53332416788765 29.9726297206988 -9.655602716348834e-18 -1.6505929062632706e-17 p s
0.53 17 10.404587274840159 17.807471142646538 17.532140300796836 29.9716488580256 -0.0018257179240260316 -0.00202198024442608 P S
0.54 17 10.579903373860875 18.107168920775152 17.530183031746635 29.96739865246668 -0.0029806206319026012 -0.004969320745449415 P S
0.55 17 10.755185326459795 18.406811244484004 17.52595043083754 29.960527595859574 -0.0045700896503490665 -0.007615777015493223 P S
0.56 17 10.93041778356444 18.706371587028272 17.520145531464685 29.9507028033722 -0.006110720796004858 -0.010276686088126251 P S
0.5700000000000001 17 11.10558457736475 19.00582436278728 17.512802092429922 29.938786547123826 -0.0076255883275288955 -0.012780243265576934 P S
0.58 17 11.280670259170877 19.305144540509886 17.503680711380092 29.924469020323173 -0.009164288978941766 -0.015253220477549257 P S
0.59 17 11.447146286868119 19.604308487379303 13.65730398910466 29.90780244832445 -0.09888690865520564 -0.017700826727700944 P S
0.6 17 11.583710600112909 19.90329494747099 13.65730398910466 29.88922925943898 -0.09888690865520564 -0.020078645517332218 P S
0.61 17 11.720274913357699 20.202087434960465 13.65730398910466 29.869149078054786 -0.09888690865520564 -0.02236539332417031 P S
0.62 17 11.856839226602482 20.50066400394437 13.65730398910466 29.84614905168612 -0.09888690865520564 -0.02472453720445209 P S
0.63 17 11.993403539847264 20.799003998475374 13.65730398910466 29.821480137291772 -0.09888690865520564 -0.027025180936235037 P S
0.64 17 12.129967853092054 21.09708839260761 13.65730398910466 29.795008300867735 -0.09888690865520564 -0.02929180551597535 P S
0.65 17 12.266532166336841 21.394898690205217 13.65730398910466 29.766719928333714 -0.09888690865520564 -0.031532420328865655 P S
0.66 17 12.403096479581631 21.64905977002698 13.65730398910466 24.66500694889536 -0.09888690865520564 -0.1531524922409086 P S
0.67 17 12.539660792826414 21.89570111286968 13.65730398910466 24.66500694889536 -0.09888690865520564 -0.1531524922409086 P S
0.68 17 12.676225106071204 22.142342455712374 13.65730398910466 24.66500694889536 -0.09888690865520564 -0.1531524922409086 P S
0.6900000000000001 17 12.812789419315987 22.38898379855506 13.65730398910466 24.66500694889536 -0.09888690865520564 -0.1531524922409086 P S
0.7000000000000001 17 12.949353732560777 22.635625141397753 13.65730398910466 24.66500694889536 -0.09888690865520564 -0.1531524922409086 P S
0.71 17 13.08591804580556 22.882266484240446 13.65730398910466 24.66500694889536 -0.09888690865520564 -0.1531524922409086 P S
0.72 17 13.22248235905035 23.128907827083147 13.65730398910466 24.66500694889536 -0.09888690865520564 -0.1531524922409086 P S
0.73 17 13.359046672295133 23.375549169925833 13.65730398910466 24.66500694889536 -0.09888690865520564 -0.1531524922409086 P S
0.74 17 13.49561098553992 23.622190512768533 13.65730398910466 24.66500694889536 -0.09888690865520564 -0.1531524922409086 P S
0.75 17 13.632175298784706 23.86883185561122 13.65730398910466 24.66500694889536 -0.09888690865520564 -0.1531524922409086 P S
0.76 17 13.768739612029492 24.11547319845392 13.65730398910466 24.66500694889536 -0.09888690865520564 -0.1531524922409086 P S
0.77 17 13.905303925274275 24.362114541296613 13.65730398910466 24.66500694889536 -0.09888690865520564 -0.1531524922409086 P S
0.78 17 14.041868238519065 24.608755884139306 13.65730398910466 24.66500694889536 -0.09888690865520564 -0.1531524922409086 P S
0.79 17 14.178432551763855 24.855397226982 13.65730398910466 24.66500694889536 -0.09888690865520564 -0.1531524922409086 P S
0.8 17 14.314996865008638 25.102038569824693 13.65730398910466 24.66500694889536 -0.09888690865520564 -0.1531524922409086 P S
0.81 17 14.451561178253428 25.348679912667386 13.65730398910466 24.66500694889536 -0.09888690865520564 -0.1531524922409086 P S
0.8200000000000001 17 14.58812549149821 25.595321255510072 13.65730398910466 24.66500694889536 -0.09888690865520564 -0.1531524922409086 P S
0.8300000000000001 17 14.724689804743 25.841962598352772 13.65730398910466 24.66500694889536 -0.09888690865520564 -0.1531524922409086 P S
0.84 17 14.861254117987784 26.08860394119546 13.65730398910466 24.66500694889536 -0.09888690865520564 -0.1531524922409086 P S
0.85 17 14.99781843123257 26.33524528403816 13.65730398910466 24.66500694889536 -0.09888690865520564 -0.1531524922409086 P S
0.86 17 15.134382744477357 26.581886626880852 13.65730398910466 24.66500694889536 -0.09888690865520564 -0.1531524922409086 P S
0.87 17 15.270947057722143 26.828527969723545 13.65730398910466 24.66500694889536 -0.09888690865520564 -0.1531524922409086 P S
0.88 17 15.407511370966933 27.07516931256624 13.65730398910466 24.66500694889536 -0.09888690865520564 -0.1531524922409086 P S
0.89 17 15.544075684211723 27.32181065540893 13.65730398910466 24.66500694889536 -0.09888690865520564 -0.1531524922409086 P S
0.9 17 15.680639997456506 27.568451998251625 13.65730398910466 24.66500694889536 -0.09888690865520564 -0.1531524922409086 P S
0.91 17 15.817204310701289 27.815093341094318 13.65730398910466 24.66500694889536 -0.09888690865520564 -0.1531524922409086 P S
0.92 17 15.953768623946079 28.06173468393701 13.65730398910466 24.66500694889536 -0.09888690865520564 -0.1531524922409086 P S
0.93 17 16.090332937190865 28.30837602677971 13.65730398910466 24.66500694889536 -0.09888690865520564 -0.1531524922409086 P S
0.9400000000000001 17 16.226897250435652 28.555017369622398 13.65730398910466 24.66500694889536 -0.09888690865520564 -0.1531524922409086 P S
0.9500000000000001 17 16.363461563680435 28.80165871246509 13.65730398910466 24.66500694889536 -0.09888690865520564 -0.1531524922409086 P S
0.96 17 16.50002587692522 29.048300055307784 13.65730398910466 24.66500694889536 -0.09888690865520564 -0.1531524922409086 P S
0.97 17 16.63659019017001 29.294941398150485 13.65730398910466 24.66500694889536 -0.09888690865520564 -0.1531524922409086 P S
0.98 17 16.773154503414794 29.54158274099317 13.65730398910466 24.66500694889536 -0.09888690865520564 -0.1531524922409086 P S
0.99 17 16.909718816659584 29.78822408383587 13.65730398910466 24.66500694889536 -0.09888690865520564 -0.1531524922409086 P S
1.0 17 17.046283129904367 30.034865426678564 13.65730398910466 24.66500694889536 -0.09888690865520564 -0.1531524922409086 P S
1.01 17 17.182847443149157 30.281506769521258 13.65730398910466 24.66500694889536 -0.09888690865520564 -0.1531524922409086 P S
1.02 17 17.319411756393944 30.52814811236395 13.65730398910466 24.66500694889536 -0.09888690865520564 -0.1531524922409086 P S
1.03 17 17.45597606963873 30.774789455206637 13.65730398910466 24.66500694889536 -0.09888690865520564 -0.1531524922409086 P S
1.04 17 17.592540382883517 31.021430798049337 13.65730398910466 24.66500694889536 -0.09888690865520564 -0.1531524922409086 P S
1.05 17 17.729104696128303 31.26807214089203 13.65730398910466 24.66500694889536 -0.09888690865520564 -0.1531524922409086 P S
1.06 17 17.86566900937309 31.514713483734724 13.65730398910466 24.66500694889536 -0.09888690865520564 -0.1531524922409086 P S
1.07 17 18.002233322617876 31.761354826577417 13.65730398910466 24.66500694889536 -0.09888690865520564 -0.1531524922409086 P S
1.08 17 18.138797635862662 32.00799616942011 13.65730398910466 24.66500694889536 -0.09888690865520564 -0.1531524922409086 P S
1.09 17 18.27536194910745 32.2546375122628 13.65730398910466 24.66500694889536 -0.09888690865520564 -0.1531524922409086 P S
1.1 17 18.41192626235224 32.501278855105504 13.65730398910466 24.66500694889536 -0.09888690865520564 -0.1531524922409086 P S
1.11 17 18.548490575597025 32.74792019794819 13.65730398910466 24.66500694889536 -0.09888690865520564 -0.1531524922409086 P S
1.12 17 18.68505488884181 32.99456154079088 13.65730398910466 24.66500694889536 -0.09888690865520564 -0.1531524922409086 P S
1.1300000000000001 17 18.821619202086595 33.24120288363358 13.65730398910466 24.66500694889536 -0.09888690865520564 -0.1531524922409086 P S
1.1400000000000001 17 18.95818351533138 33.48784422647627 13.65730398910466 24.66500694889536 -0.09888690865520564 -0.1531524922409086 P S
1.1500000000000001 17 19.09474782857617 33.73448556931897 13.65730398910466 24.66500694889536 -0.09888690865520564 -0.1531524922409086 P S
1.16 17 19.231312141820954 33.981126912161656 13.65730398910466 24.66500694889536 -0.09888690865520564 -0.1531524922409086 P S
1.17 17 19.36787645506574 34.22776825500435 13.65730398910466 24.66500694889536 -0.09888690865520564 -0.1531524922409086 P S
1.18 17 19.504440768310527 34.47440959784704 13.65730398910466 24.66500694889536 -0.09888690865520564 -0.1531524922409086 P S
1.19 17 19.641005081555313 34.721050940689736 13.65730398910466 24.66500694889536 -0.09888690865520564 -0.1531524922409086 P S
1.2 17 19.7775693948001 34.96769228353243 13.65730398910466 24.66500694889536 -0.09888690865520564 -0.1531524922409086 P S
1.21 17 19.914133708044886 35.21433362637512 13.65730398910466 24.66500694889536 -0.09888690865520564 -0.1531524922409086 P S
1.22 17 20.050698021289676 35.46097496921782 13.65730398910466 24.66500694889536 -0.09888690865520564 -0.1531524922409086 P S
1.23 17 20.187262334534463 35.707616312060516 13.65730398910466 24.66500694889536 -0.09888690865520564 -0.1531524922409086 P S
1.24 17 20.323826647779246 35.9542576549032 13.65730398910466 24.66500694889536 -0.09888690865520564 -0.1531524922409086 P S
1.25 17 20.460390961024032 36.200898997745895 13.65730398910466 24.66500694889536 -0.09888690865520564 -0.1531524922409086 P S
1.26 17 20.59695527426882 36.44754034058859 13.65730398910466 24.66500694889536 -0.09888690865520564 -0.1531524922409086 P S
1.27 17 20.73351958751361 36.69418168343129 13.65730398910466 24.66500694889536 -0.09888690865520564 -0.1531524922409086 P S
1.28 17 20.870083900758395 36.94082302627398 13.65730398910466 24.66500694889536 -0.09888690865520564 -0.1531524922409086 P S
1.29 17 21.00664821400318 37.187464369116675 13.65730398910466 24.66500694889536 -0.09888690865520564 -0.1531524922409086 P S
1.3 17 21.143212527247968 37.43410571195937 13.65730398910466 24.66500694889536 -0.09888690865520564 -0.1531524922409086 P S
1.31 17 21.279776840492755 37.68074705480206 13.65730398910466 24.66500694889536 -0.09888690865520564 -0.1531524922409086 P S
1.32 17 21.41634115373754 37.92738839764476 13.65730398910466 24.66500694889536 -0.09888690865520564 -0.1531524922409086 P S
1.33 17 21.552905466982327 38.174029740487455 13.65730398910466 24.66500694889536 -0.09888690865520564 -0.1531524922409086 P S
1.34 17 21.689469780227114 38.42067108333015 13.65730398910466 24.66500694889536 -0.09888690865520564 -0.1531524922409086 P S
1.35 17 21.826034093471897 38.66731242617283 13.65730398910466 24.66500694889536 -0.09888690865520564 -0.1531524922409086 P S
1.36 17 21.96259840671669 38.913953769015535 13.65730398910466 24.66500694889536 -0.09888690865520564 -0.1531524922409086 P S
1.37 17 22.099162719961477 39.16059511185823 13.65730398910466 24.66500694889536 -0.09888690865520564 -0.1531524922409086 P S
1.3800000000000001 17 22.23572703320626 39.407236454700914 13.65730398910466 24.66500694889536 -0.09888690865520564 -0.1531524922409086 P S
1.3900000000000001 17 22.372291346451046 39.65387779754361 13.65730398910466 24.66500694889536 -0.09888690865520564 -0.1531524922409086 P S
1.4000000000000001 17 22.508855659695833 39.9005191403863 13.65730398910466 24.66500694889536 -0.09888690865520564 -0.1531524922409086 P S
0.01 18 3.101437119722273 5.313180063798629 1.1708434800756922 2.005091919412643 0.15586698540142305 0.2665027909508692 p s
0.02 18 3.1189495645417438 5.343170340797444 2.3283127769400953 3.987284258134836 0.1548125287308019 0.2646941271151137 p s
0.03 18 3.1479170280748656 5.392777131291387 3.4598236460797156 5.924947293889413 0.15309204771726834 0.2617431106613843 p s
0.04 18 3.188022180087801 5.4614565005580555 4.554130277404378 7.798833902183009 0.15075753758238616 0.2577389167069069 p s
0.05 18 3.2388443283378683 5.548487337998861 5.601806096935941 9.592868037084239 0.14787564781701742 0.2527956255134892 p s
0.06 18 3.2998795992202887 5.6530059492816385 6.595697397069303 11.29462117700944 0.1445221011444473 0.24704359731861938 p s
0.07 18 3.370562839005517 5.774043587805567 7.531161014058921 12.895534123470203 0.1407754523435299 0.24062035571203164 p s
0.08 18 3.450289286347908 5.910563627603018 8.404061888269162 14.390491640946552 0.13672098128414928 0.2336637221029147 p s
0.09 18 3.538434545817098 6.061495754313317 9.21449589008407 15.77778510399002 0.13242996023649 0.22630402393365054 p s
0.1 18 3.6343717579428425 6.225765442695599 9.962468216665327 17.058393907061603 0.12797457374766974 0.21866016655065204 p s
0.11 18 3.7374855472532778 6.402317855980376 10.64997794448671 18.23508016625745 0.1234149420952466 0.21083918761573714 p s
0.12 18 3.847182631457464 6.59013602987138 11.279745691853899 19.31262041134721 0.11880308706488832 0.20293008613397934 p s
0.13 18 3.9628993241630317 6.788253716731898 11.854639120356214 20.29575885104846 0.11418588941850444 0.19501515811921108 p s
0.14 18 4.084106328077028 6.995763641964221 12.378486449906465 21.191658856694648 0.10959755835723002 0.1871484108372823 p s
0.15 18 4.2103112932609115 7.211821906110859 12.854810976352843 22.006646447161586 0.10506877493111955 0.17937915171814967 p s
0.16 18 4.341059730953713 7.43564947317852 13.287739625524445 22.746756604466036 0.1006180961459805 0.171749141073845 p s
0.17 18 4.475934534026784 7.666531430748326 13.68065038481493 23.418537954794758 0.09626488938631532 0.16428414129284136 p s
0.18 18 4.614554677657049 7.90381473031985 14.037536250416984 24.028057759624232 0.09201518880423108 0.15700353835999836 p s
0.19 18 4.756573275658725 8.146904910902284 14.360982953475101 24.580930882555442 0.08788533638814518 0.14992116599702623 p s
0.2 18 4.901675402975002 8.3952622322123 14.654416857758974 25.082708296394927 0.0838759103437178 0.14304087453050773 p s
0.21 18 5.0495755567754195 8.648397478182721 14.92106095024498 25.53731635998814 0.07998311191436924 0.136379404087352 p s
0.22 18 5.200015294170521 8.905867798758218 15.162663925291465 25.95003423359959 0.07621941742111586 0.12992518488211244 p s
0.23 18 5.352760716634951 9.167272497216803 15.382545326343271 26.324845103142206 0.0725682374439847 0.12367601322224701 p s
0.24 18 5.507600264895822 9.432249119563215 15.582110877196506 26.664727787618162 0.06903854952607738 0.11763926333968978 p s
0.25 18 5.66434248039872 9.700469698081902 15.76341704429082 26.974122949344792 0.06562499645923996 0.1117884582654099 p s
0.26 18 5.822814027084279 9.971637385191281 15.928246811178578 27.2549422745678 0.06232269457874395 0.1061362096456558 p s
0.27 18 5.982857866811245 10.245483243440242 16.07800007341291 27.51005554223706 0.059130641277750084 0.10067187682355193 p s
0.28 18 6.144331580278868 10.521763400549183 16.21444987369182 27.742185354805446 0.05603596028533129 0.09538039288290376 p s
0.29 18 6.30710580513554 10.800256496624085 16.3381372061819 27.953038035513956 0.053050520324499834 0.09026375898277969 p s
0.3 18 6.47106301390111 11.080761312851331 16.45111143525394 28.144837847568215 0.050147101406778215 0.0853068456082864 p s
0.31 18 6.63609622356497 11.363094729275293 16.553790435756035 28.31890179469597 0.04733518163093484 0.08051269926750924 p s
0.32 18 6.802107773835313 11.647089808013696 16.64673627956051 28.477232576200493 0.04462084768770585 0.07586125022238911 p s
0.33 18 6.969008613458012 11.932594171721997 16.731634814924366 28.621157057752583 0.04197391906924445 0.07134582784748568 p s
0.34 18 7.136717246706588 12.21946852256785 16.80867824477056 28.751574804444125 0.03940555624789761 0.0669702221026269 p s
0.35000000000000003 18 7.305159040310084 12.50758526769565 16.878303677989802 28.86981509776791 0.0369199705400705 0.06272102272723372 p s
0.36 18 7.474265403796349 12.796827420096058 16.941735628030084 28.97682236421929 0.03449005301072612 0.05859391653595176 p s
0.37 18 7.643973422239401 13.087087361609536 16.99878040507324 29.0733166886562 0.03213969120197929 0.05459091893351045 p s
0.38 18 7.814225007118183 13.3782662026713 17.050475750445123 29.160664171795467 0.029842700269755138 0.050682728248487754 p s
0.39 18 7.984966661546246 13.67027271472573 17.097013368217407 29.23918173726942 0.027605231054990482 0.046881203953399515 p s
0.4 18 8.156148899299444 13.963022668492021 17.138746273895357 29.309448508728813 0.025426041109396846 0.043186619394366306 p s
0.41000000000000003 18 8.327725944208606 14.256438182773262 17.175582961531784 29.372372374329633 0.023329009316169564 0.0395779851032696 p s
0.42 18 8.499655180115218 14.550446908565222 17.20946483894028 29.428298922831548 0.021213418086898635 0.03606140237952726 p s
0.43 18 8.671896980505702 14.844982092105134 17.238590606972025 29.478118342511515 0.019205597487967695 0.032604486874029684 p s
0.44 18 8.844414885008666 15.139981303636523 17.26405495838302 29.521471364721883 0.01725660266932779 0.029260276798037263 p s
0.45 18 9.017174163022483 15.43538652001297 17.28690036494039 29.559008894176973 0.015295268796939557 0.026015035154652266 p s
0.46 18 9.190143022539099 15.73114392808992 17.30640002816759 29.591890022653555 0.01339341548415718 0.022791768496069592 p s
0.47000000000000003 18 9.363291405309655 16.027202921959688 17.323114261988152 29.619247227832037 0.011513766196417256 0.019708954273355908 p s
0.48 18 9.536591075023312 16.32351620741833 17.336278101116026 29.642342578701097 0.00978074282704394 0.016665476025986548 p s
0.49 18 9.710015527968462 16.62003957580545 17.347679841501957 29.661040581761895 0.007979743803333644 0.013713068727546828 p s
0.5 18 9.883539560026517 16.916731601524226 17.356797956720758 29.676663953342732 0.006170986606920572 0.010633123473218795 p s
0.51 18 10.057140219676898 17.213553256529046 17.363286564424318 29.687687706129367 0.004456329742586506 0.00775439571857246 p s
0.52 18 10.230795917519309 17.51046761773039 17.367544452633812 29.694988255320293 0.0028102644300478223 0.0050064804184108795 p s
0.53 18 10.404483876670565 17.80744148711068 17.369405144878368 29.699159808385534 0.001633889824424114 0.0022414907565726006 p s
0.54 18 10.578190355408879 18.104443853192404 17.370364010698403 29.700230245462905 -9.565860547587993e-18 -1.635591865457575e-17 P S
0.55 18 10.7518844601342 18.401436621583716 17.3689225645043 29.698248282509155 -0.002006378992176667 -0.003066526410284337 P S
0.56 18 10.925560414802247 18.698397128479996 17.36579731863628 29.69348883689361 -0.003578547432288897 -0.005680450429679844 P S
0.5700000000000001 18 11.076033486048004 18.995297006097392 13.65730398910466 29.685936492357126 -0.09653265382631454 -0.008278934409486642 P S
0.58 18 11.212597799292794 19.29211019640491 13.65730398910466 29.67596383964933 -0.09653265382631454 -0.010790013020031746 P S
0.59 18 11.349162112537577 19.588811732121563 13.65730398910466 29.663596656926455 -0.09653265382631454 -0.013258317390039989 P S
0.6 18 11.485726425782367 19.88537776114627 13.65730398910466 29.649146460821935 -0.09653265382631454 -0.015655926858805253 P S
0.61 18 11.622290739027157 20.18178597393456 13.65730398910466 29.63247326631211 -0.09653265382631454 -0.018029309789817666 P S
0.62 18 11.75885505227194 20.478014473798922 13.65730398910466 29.61280550439339 -0.09653265382631454 -0.02047694106330688 P S
0.63 18 11.895419365516723 20.757737229179853 13.65730398910466 24.66500694889536 -0.09653265382631454 -0.14880006368591694 P S
0.64 18 12.031983678761513 21.00437857202254 13.65730398910466 24.66500694889536 -0.09653265382631454 -0.14880006368591694 P S
0.65 18 12.1685479920063 21.25101991486524 13.65730398910466 24.66500694889536 -0.09653265382631454 -0.14880006368591694 P S
0.66 18 12.30511230525109 21.497661257707925 13.65730398910466 24.66500694889536 -0.09653265382631454 -0.14880006368591694 P S
0.67 18 12.441676618495872 21.744302600550625 13.65730398910466 24.66500694889536 -0.09653265382631454 -0.14880006368591694 P S
0.68 18 12.578240931740662 21.990943943393326 13.65730398910466 24.66500694889536 -0.09653265382631454 -0.14880006368591694 P S
0.6900000000000001 18 12.714805244985445 22.237585286236012 13.65730398910466 24.66500694889536 -0.09653265382631454 -0.14880006368591694 P S
0.7000000000000001 18 12.851369558230235 22.484226629078698 13.65730398910466 24.66500694889536 -0.09653265382631454 -0.14880006368591694 P S
0.71 18 12.987933871475018 22.7308679719214 13.65730398910466 24.66500694889536 -0.09653265382631454 -0.14880006368591694 P S
0.72 18 13.124498184719808 22.97750931476409 13.65730398910466 24.66500694889536 -0.09653265382631454 -0.14880006368591694 P S
0.73 18 13.261062497964591 23.224150657606785 13.65730398910466 24.66500694889536 -0.09653265382631454 -0.14880006368591694 P S
0.74 18 13.397626811209378 23.470792000449478 13.65730398910466 24.66500694889536 -0.09653265382631454 -0.14880006368591694 P S
0.75 18 13.534191124454164 23.71743334329217 13.65730398910466 24.66500694889536 -0.09653265382631454 -0.14880006368591694 P S
0.76 18 13.67075543769895 23.964074686134865 13.65730398910466 24.66500694889536 -0.09653265382631454 -0.14880006368591694 P S
0.77 18 13.807319750943734 24.210716028977558 13.65730398910466 24.66500694889536 -0.09653265382631454 -0.14880006368591694 P S
0.78 18 13.943884064188524 24.45735737182025 13.65730398910466 24.66500694889536 -0.09653265382631454 -0.14880006368591694 P S
0.79 18 14.080448377433314 24.70399871466295 13.65730398910466 24.66500694889536 -0.09653265382631454 -0.14880006368591694 P S
0.8 18 14.217012690678096 24.950640057505638 13.65730398910466 24.66500694889536 -0.09653265382631454 -0.14880006368591694 P S
0.81 18 14.353577003922886 25.197281400348338 13.65730398910466 24.66500694889536 -0.09653265382631454 -0.14880006368591694 P S
0.8200000000000001 18 14.49014131716767 25.443922743191024 13.65730398910466 24.66500694889536 -0.09653265382631454 -0.14880006368591694 P S
0.8300000000000001 18 14.62670563041246 25.690564086033724 13.65730398910466 24.66500694889536 -0.09653265382631454 -0.14880006368591694 P S
0.84 18 14.763269943657242 25.93720542887641 13.65730398910466 24.66500694889536 -0.09653265382631454 -0.14880006368591694 P S
0.85 18 14.899834256902029 26.183846771719104 13.65730398910466 24.66500694889536 -0.09653265382631454 -0.14880006368591694 P S
0.86 18 15.036398570146815 26.430488114561797 13.65730398910466 24.66500694889536 -0.09653265382631454 -0.14880006368591694 P S
0.87 18 15.172962883391602 26.67712945740449 13.65730398910466 24.66500694889536 -0.09653265382631454 -0.14880006368591694 P S
0.88 18 15.309527196636392 26.923770800247183 13.65730398910466 24.66500694889536 -0.09653265382631454 -0.14880006368591694 P S
0.89 18 15.446091509881182 27.170412143089884 13.65730398910466 24.66500694889536 -0.09653265382631454 -0.14880006368591694 P S
0.9 18 15.582655823125965 27.417053485932577 13.65730398910466 24.66500694889536 -0.09653265382631454 -0.14880006368591694 P S
0.91 18 15.719220136370748 27.66369482877527 13.65730398910466 24.66500694889536 -0.09653265382631454 -0.14880006368591694 P S
0.92 18 15.855784449615538 27.910336171617963 13.65730398910466 24.66500694889536 -0.09653265382631454 -0.14880006368591694 P S
0.93 18 15.992348762860324 28.156977514460657 13.65730398910466 24.66500694889536 -0.09653265382631454 -0.14880006368591694 P S
0.9400000000000001 18 16.12891307610511 28.40361885730335 13.65730398910466 24.66500694889536 -0.09653265382631454 -0.14880006368591694 P S
0.9500000000000001 18 16.265477389349893 28.650260200146043 13.65730398910466 24.66500694889536 -0.09653265382631454 -0.14880006368591694 P S
0.96 18 16.40204170259468 28.896901542988736 13.65730398910466 24.66500694889536 -0.09653265382631454 -0.14880006368591694 P S
0.97 18 16.53860601583947 29.14354288583143 13.65730398910466 24.66500694889536 -0.09653265382631454 -0.14880006368591694 P S
0.98 18 16.675170329084253 29.390184228674116 13.65730398910466 24.66500694889536 -0.09653265382631454 -0.14880006368591694 P S
0.99 18 16.811734642329043 29.636825571516816 13.65730398910466 24.66500694889536 -0.09653265382631454 -0.14880006368591694 P S
1.0 18 16.94829895557383 29.88346691435951 13.65730398910466 24.66500694889536 -0.09653265382631454 -0.14880006368591694 P S
1.01 18 17.084863268818616 30.130108257202203 13.65730398910466 24.66500694889536 -0.09653265382631454 -0.14880006368591694 P S
1.02 18 17.221427582063402 30.376749600044896 13.65730398910466 24.66500694889536 -0.09653265382631454 -0.14880006368591694 P S
1.03 18 17.35799189530819 30.62339094288759 13.65730398910466 24.66500694889536 -0.09653265382631454 -0.14880006368591694 P S
1.04 18 17.494556208552975 30.87003228573029 13.65730398910466 24.66500694889536 -0.09653265382631454 -0.14880006368591694 P S
1.05 18 17.63112052179776 31.116673628572975 13.65730398910466 24.66500694889536 -0.09653265382631454 -0.14880006368591694 P S
1.06 18 17.767684835042548 31.36331497141567 13.65730398910466 24.66500694889536 -0.09653265382631454 -0.14880006368591694 P S
1.07 18 17.904249148287334 31.609956314258362 13.65730398910466 24.66500694889536 -0.09653265382631454 -0.14880006368591694 P S
1.08 18 18.04081346153212 31.856597657101055 13.65730398910466 24.66500694889536 -0.09653265382631454 -0.14880006368591694 P S
1.09 18 18.177377774776907 32.10323899994375 13.65730398910466 24.66500694889536 -0.09653265382631454 -0.14880006368591694 P S
1.1 18 18.313942088021697 32.34988034278645 13.65730398910466 24.66500694889536 -0.09653265382631454 -0.14880006368591694 P S
1.11 18 18.450506401266484 32.59652168562914 13.65730398910466 24.66500694889536 -0.09653265382631454 -0.14880006368591694 P S
1.12 18 18.58707071451127 32.843163028471835 13.65730398910466 24.66500694889536 -0.09653265382631454 -0.14880006368591694 P S
1.1300000000000001 18 18.723635027756057 33.08980437131453 13.65730398910466 24.66500694889536 -0.09653265382631454 -0.14880006368591694 P S
1.1400000000000001 18 18.86019934100084 33.33644571415722 13.65730398910466 24.66500694889536 -0.09653265382631454 -0.14880006368591694 P S
1.1500000000000001 18 18.99676365424563 33.583087056999915 13.65730398910466 24.66500694889536 -0.09653265382631454 -0.14880006368591694 P S
1.16 18 19.133327967490413 33.82972839984261 13.65730398910466 24.66500694889536 -0.09653265382631454 -0.14880006368591694 P S
1.17 18 19.2698922807352 34.0763697426853 13.65730398910466 24.66500694889536 -0.09653265382631454 -0.14880006368591694 P S
1.18 18 19.406456593979986 34.323011085527995 13.65730398910466 24.66500694889536 -0.09653265382631454 -0.14880006368591694 P S
1.19 18 19.543020907224772 34.56965242837068 13.65730398910466 24.66500694889536 -0.09653265382631454 -0.14880006368591694 P S
1.2 18 19.67958522046956 34.816293771213374 13.65730398910466 24.66500694889536 -0.09653265382631454 -0.14880006368591694 P S
1.21 18 19.816149533714345 35.06293511405607 13.65730398910466 24.66500694889536 -0.09653265382631454 -0.14880006368591694 P S
1.22 18 19.952713846959135 35.30957645689877 13.65730398910466 24.66500694889536 -0.09653265382631454 -0.14880006368591694 P S
1.23 18 20.08927816020392 35.55621779974146 13.65730398910466 24.66500694889536 -0.09653265382631454 -0.14880006368591694 P S
1.24 18 20.225842473448704 35.802859142584154 13.65730398910466 24.66500694889536 -0.09653265382631454 -0.14880006368591694 P S
1.25 18 20.36240678669349 36.04950048542685 13.65730398910466 24.66500694889536 -0.09653265382631454 -0.14880006368591694 P S
1.26 18 20.498971099938277 36.29614182826954 13.65730398910466 24.66500694889536 -0.09653265382631454 -0.14880006368591694 P S
1.27 18 20.635535413183067 36.542783171112234 13.65730398910466 24.66500694889536 -0.09653265382631454 -0.14880006368591694 P S
1.28 18 20.772099726427854 36.78942451395493 13.65730398910466 24.66500694889536 -0.09653265382631454 -0.14880006368591694 P S
1.29 18 20.90866403967264 37.03606585679762 13.65730398910466 24.66500694889536 -0.09653265382631454 -0.14880006368591694 P S
1.3 18 21.045228352917427 37.28270719964031 13.65730398910466 24.66500694889536 -0.09653265382631454 -0.14880006368591694 P S
1.31 18 21.181792666162213 37.52934854248301 13.65730398910466 24.66500694889536 -0.09653265382631454 -0.14880006368591694 P S
1.32 18 21.318356979407 37.77598988532571 13.65730398910466 24.66500694889536 -0.09653265382631454 -0.14880006368591694 P S
1.33 18 21.454921292651786 38.0226312281684 13.65730398910466 24.66500694889536 -0.09653265382631454 -0.14880006368591694 P S
1.34 18 21.591485605896573 38.26927257101109 13.65730398910466 24.66500694889536 -0.09653265382631454 -0.14880006368591694 P S
1.35 18 21.728049919141355 38.51591391385378 13.65730398910466 24.66500694889536 -0.09653265382631454 -0.14880006368591694 P S
1.36 18 21.86461423238615 38.76255525669649 13.65730398910466 24.66500694889536 -0.09653265382631454 -0.14880006368591694 P S
1.37 18 22.001178545630935 39.00919659953918 13.65730398910466 24.66500694889536 -0.09653265382631454 -0.14880006368591694 P S
1.3800000000000001 18 22.13774285887572 39.25583794238186 13.65730398910466 24.66500694889536 -0.09653265382631454 -0.14880006368591694 P S
1.3900000000000001 18 22.274307172120505 39.50247928522455 13.65730398910466 24.66500694889536 -0.09653265382631454 -0.14880006368591694 P S
1.4000000000000001 18 22.41087148536529 39.749120628067246 13.65730398910466 24.66500694889536 -0.09653265382631454 -0.14880006368591694 P S
0.01 19 3.2570465271781255 5.579270514192984 1.1035416669888278 1.8896752315147927 0.15446469877283844 0.2641605723274451 p s
0.02 19 3.273557111203724 5.607542705145921 2.195759190966788 3.759947963901582 0.1535183028679516 0.26253789971388836 p s
0.03 19 3.300888128444427 5.654343167239889 3.2658860784038963 5.5923679005339615 0.15197079957209153 0.25988457217708355 p s
0.04 19 3.338769267357723 5.719208608428774 4.304283605256273 7.370344324893644 0.14986426735999248 0.2562729010475926 p s
0.05 19 3.3868402348939157 5.801521507354181 5.3030411839379505 9.079721018789456 0.1472520786089929 0.2517962720840938 p s
0.06 19 3.4446665165419046 5.900537150242617 6.254396552155107 10.709192462735011 0.14420063909495637 0.24656273956077088 p s
0.07 19 3.5117568115712343 6.015413462091382 7.154759765257677 12.250754579724587 0.14077389491910056 0.24068718764653343 p s
0.08 19 3.5875806061243516 6.145241178105505 8.000703325603236 13.698898371349653 0.13704119298910777 0.23428776084355019 p s
0.09 19 3.6715847871592215 6.289072288970083 8.790707823154944 15.05122238318102 0.13306887017484917 0.22747743683899369 p s
0.1 19 3.7632083743991798 6.445945302536192 9.524678324751989 16.30742231640506 0.12891853849286697 0.22036265446725553 p s
0.11 19 3.861894894249097 6.614906449188772 10.20355304613078 17.46923992469169 0.12464628188231461 0.21303891742333803 p s
0.12 19 3.967102208687781 6.795026530763304 10.828977829757953 18.539764866757256 0.12030258280310219 0.20559080211164707 p s
0.13 19 4.07830985360551 6.985413519359206 11.404055761533174 19.523421575706596 0.11592470225855533 0.19808874274379415 p s
0.14 19 4.195024174082597 7.18522132156065 11.930885649552213 20.424635640331857 0.11155344899432146 0.19059681184345004 p s
0.15 19 4.316781475796307 7.393655229045756 12.413145763273754 21.249418479852128 0.107212724592129 0.1831582876393669 p s
0.16 19 4.443149681215989 7.609974723624828 12.85364007259947 22.002816526695682 0.10292874819614982 0.17581588182686822 p s
0.17 19 4.573728710962378 7.833494162628755 13.255829497980201 22.690417134478643 0.09871654664760376 0.16859874426345167 p s
0.18 19 4.708150005676971 8.063581935473461 13.622538516953991 23.31719152500781 0.09459233234111293 0.16153359445893492 p s
0.19 19 4.8460753626132345 8.299658494311036 13.957141845950837 23.888945987389114 0.09056092512882295 0.15462854639613777 p s
0.2 19 4.987195412033974 8.541193702915729 14.262503029743872 24.409932847488147 0.08662724361731601 0.14790087545057795 p s
0.21 19 5.131227739249165 8.787703705761594 14.540223498338557 24.88427774859046 0.08280863947493848 0.14136257105149366 p s
0.22 19 5.277914981425415 9.03874757125163 14.793422293003273 25.31739308489791 0.07909815042060929 0.13499882417647674 p s
0.23 19 5.427022885833216 9.293923971624144 15.024300077179456 25.711961807802222 0.07549625262614149 0.12882582957835434 p s
0.24 19 5.578338256824668 9.552867739205904 15.23523189934221 26.071418987298006 0.0719959648994037 0.1228434227455313 p s
0.25 19 5.731667201371782 9.815246792557542 15.427635431446532 26.39941618903623 0.06860193623036831 0.11704038053975725 p s
0.26 19 5.886833290903212 10.080759008802085 15.602878286696539 26.698254722301783 0.0653175513304958 0.11142260000612669 p s
0.27 19 6.043675941742052 10.349129436557044 15.763084973246047 26.971421990951736 0.06212835001846994 0.10596771000765746 p s
0.28 19 6.202048916662581 10.620107747730815 15.90923897696838 27.22001631879568 0.05903822277296751 0.10069506944239488 p s
0.29 19 6.361818900669568 10.893465750727076 16.042707339722778 27.447414307817958 0.05604079983984033 0.0955719256145665 p s
0.3 19 6.5228642647702495 11.168995323593611 16.16451128370879 27.655062479967203 0.05313437418157572 0.09060083554017416 p s
0.31 19 6.685073932514849 11.446506433338875 16.27603191737042 27.843863410951418 0.05030543122224628 0.08579613725225402 p s
0.32 19 6.84834623898873 11.725825275887306 16.37719533129872 28.01685316579354 0.04757570478354267 0.08111323934028161 p s
0.33 19 7.012588115429922 12.006792746840869 16.4696618164381 28.17424489144746 0.044919714478693105 0.07657681520772486 p s
0.34 19 7.177714332410776 12.289263082899906 16.554165723400242 28.31736058615649 0.0423327219603827 0.07218078616418787 p s
0.35000000000000003 19 7.343646420164416 12.573102390677198 16.630989900423103 28.44816850131037 0.039822720490204265 0.06789302783283264 p s
0.36 19 7.510312316701172 12.858187592874737 16.700595890407154 28.567170251212417 0.037392369790104935 0.06372333849025184 p s
0.37 19 7.677645602459999 13.144405381993023 16.764623411760844 28.674866711047496 0.034998245821160665 0.05968271308875867 p s
0.38 19 7.84558509174532 13.431651392334741 16.82230845219202 28.77241643196205 0.0326827978481046 0.05575615519894647 p s
0.39 19 8.01407416715641 13.719829071756315 16.87422612863648 28.8613348433848 0.03044110993677262 0.05190603845756244 p s
0.4 19 8.18306028283894 14.008849298664119 16.921838637732975 28.941308354688804 0.02822246812357461 0.048169812703076804 p s
0.41000000000000003 19 8.352495002009503 14.298629431694645 16.964401899524322 29.01342019413719 0.026073864342527515 0.044522960930364154 p s
0.42 19 8.522333196976005 14.58909290274416 17.002279080603326 29.078454281029188 0.023995472332528377 0.0409476985275175 p s
0.43 19 8.692532758753627 14.880168381183589 17.036651905291354 29.13587628942092 0.021935039856662602 0.037501101404331494 p s
0.44 19 8.863054718626914 15.171789781012802 17.067123216346445 29.187350034740025 0.019927148508139588 0.03411020720628219 p s
0.45 19 9.033862634777995 15.463895374555817 17.09429582391778 29.23287810997573 0.017944616474297605 0.030795636572205996 p s
0.46 19 9.204922292177697 15.756427655142494 17.11738330195589 29.272729423468107 0.016066152027647464 0.027564208110120482 p s
0.47000000000000003 19 9.376201728907802 16.04933266426211 17.13771413167478 29.307710048693274 0.014205282850428687 0.024372882521218445 p s
0.48 19 9.547671020928082 16.34256016825008 17.155084218640987 29.33752679505349 0.01239392277431653 0.021274418704362492 p s
0.49 19 9.719302221996188 16.63606299615519 17.170551513866172 29.36274569970097 0.010519763288672304 0.018244508710682148 p s
0.5 19 9.891068708575542 16.92979674892136 17.182210796683872 29.383649194147235 0.008846955699557388 0.015281845204259495 p s
0.51 19 10.062945680832708 17.223720200572266 17.191997012843142 29.400821382141945 0.007145586630353416 0.012324150307162898 p s
0.52 19 10.234909614258646 17.51779403620058 17.200334885799524 29.413295977654737 0.00527872009000145 0.009619808254909467 p s
0.53 19 10.40693799963275 17.811981075716044 17.205465308597127 29.42333788606658 0.0036861018237181278 0.006689633539409129 p s
0.54 19 10.570697739692037 18.10624764245449 13.65730398910466 29.42946258362622 -0.09418597656363413 0.003949140223614261 P s
0.55 19 10.707262052936823 18.400557020701754 13.65730398910466 29.431409627402825 -0.09418597656363413 0.002515133400747498 P s
0.56 19 10.84382636618161 18.694889446659086 13.65730398910466 29.431537007456726 -0.09418597656363413 -0.002391531377885886 P S
0.5700000000000001 19 10.980390679426396 18.989200883878375 13.65730398910466 29.429619008977646 -0.09418597656363413 -0.0038536988880624517 P S
0.58 19 11.116954992671182 19.283471045124983 13.65730398910466 29.42399016961135 -0.09418597656363413 -0.00645340302553006 P S
0.59 19 11.253519305915965 19.577672750137186 13.65730398910466 29.41582692358351 -0.09418597656363413 -0.008972037599853648 P S
0.6 19 11.390083619160755 19.87075999116675 13.65730398910466 24.66500694889536 -0.09418597656363413 -0.14443742513109387 P S
0.61 19 11.526647932405538 20.117401334009443 13.65730398910466 24.66500694889536 -0.09418597656363413 -0.14443742513109387 P S
0.62 19 11.663212245650328 20.364042676852137 13.65730398910466 24.66500694889536 -0.09418597656363413 -0.14443742513109387 P S
0.63 19 11.799776558895118 20.610684019694823 13.65730398910466 24.66500694889536 -0.09418597656363413 -0.14443742513109387 P S
0.64 19 11.936340872139901 20.857325362537523 13.65730398910466 24.66500694889536 -0.09418597656363413 -0.14443742513109387 P S
0.65 19 12.072905185384688 21.103966705380216 13.65730398910466 24.66500694889536 -0.09418597656363413 -0.14443742513109387 P S
0.66 19 12.209469498629474 21.350608048222917 13.65730398910466 24.66500694889536 -0.09418597656363413 -0.14443742513109387 P S
0.67 19 12.34603381187426 21.597249391065603 13.65730398910466 24.66500694889536 -0.09418597656363413 -0.14443742513109387 P S
0.68 19 12.48259812511905 21.843890733908303 13.65730398910466 24.66500694889536 -0.09418597656363413 -0.14443742513109387 P S
0.6900000000000001 19 12.619162438363833 22.09053207675099 13.65730398910466 24.66500694889536 -0.09418597656363413 -0.14443742513109387 P S
0.7000000000000001 19 12.755726751608616 22.33717341959369 13.65730398910466 24.66500694889536 -0.09418597656363413 -0.14443742513109387 P S
0.71 19 12.892291064853406 22.583814762436376 13.65730398910466 24.66500694889536 -0.09418597656363413 -0.14443742513109387 P S
0.72 19 13.028855378098196 22.830456105279076 13.65730398910466 24.66500694889536 -0.09418597656363413 -0.14443742513109387 P S
0.73 19 13.16541969134298 23.077097448121762 13.65730398910466 24.66500694889536 -0.09418597656363413 -0.14443742513109387 P S
0.74 19 13.30198400458777 23.323738790964462 13.65730398910466 24.66500694889536 -0.09418597656363413 -0.14443742513109387 P S
0.75 19 13.438548317832552 23.57038013380715 13.65730398910466 24.66500694889536 -0.09418597656363413 -0.14443742513109387 P S
0.76 19 13.575112631077339 23.817021476649842 13.65730398910466 24.66500694889536 -0.09418597656363413 -0.14443742513109387 P S
0.77 19 13.711676944322129 24.063662819492535 13.65730398910466 24.66500694889536 -0.09418597656363413 -0.14443742513109387 P S
0.78 19 13.848241257566912 24.31030416233523 13.65730398910466 24.66500694889536 -0.09418597656363413 -0.14443742513109387 P S
0.79 19 13.984805570811702 24.55694550517793 13.65730398910466 24.66500694889536 -0.09418597656363413 -0.14443742513109387 P S
0.8 19 14.121369884056485 24.803586848020615 13.65730398910466 24.66500694889536 -0.09418597656363413 -0.14443742513109387 P S
0.81 19 14.257934197301275 25.050228190863315 13.65730398910466 24.66500694889536 -0.09418597656363413 -0.14443742513109387 P S
0.8200000000000001 19 14.394498510546057 25.296869533706 13.65730398910466 24.66500694889536 -0.09418597656363413 -0.14443742513109387 P S
0.8300000000000001 19 14.531062823790847 25.5435108765487 13.65730398910466 24.66500694889536 -0.09418597656363413 -0.14443742513109387 P S
0.84 19 14.66762713703563 25.790152219391388 13.65730398910466 24.66500694889536 -0.09418597656363413 -0.14443742513109387 P S
0.85 19 14.80419145028042 26.036793562234088 13.65730398910466 24.66500694889536 -0.09418597656363413 -0.14443742513109387 P S
0.86 19 14.940755763525207 26.28343490507678 13.65730398910466 24.66500694889536 -0.09418597656363413 -0.14443742513109387 P S
0.87 19 15.07732007676999 26.530076247919474 13.65730398910466 24.66500694889536 -0.09418597656363413 -0.14443742513109387 P S
0.88 19 15.213884390014776 26.77671759076216 13.65730398910466 24.66500694889536 -0.09418597656363413 -0.14443742513109387 P S
0.89 19 15.350448703259563 27.02335893360486 13.65730398910466 24.66500694889536 -0.09418597656363413 -0.14443742513109387 P S
0.9 19 15.487013016504353 27.270000276447554 13.65730398910466 24.66500694889536 -0.09418597656363413 -0.14443742513109387 P S
0.91 19 15.623577329749143 27.516641619290247 13.65730398910466 24.66500694889536 -0.09418597656363413 -0.14443742513109387 P S
0.92 19 15.760141642993926 27.76328296213294 13.65730398910466 24.66500694889536 -0.09418597656363413 -0.14443742513109387 P S
0.93 19 15.896705956238716 28.00992430497564 13.65730398910466 24.66500694889536 -0.09418597656363413 -0.14443742513109387 P S
0.9400000000000001 19 16.0332702694835 28.256565647818327 13.65730398910466 24.66500694889536 -0.09418597656363413 -0.14443742513109387 P S
0.9500000000000001 19 16.169834582728285 28.50320699066102 13.65730398910466 24.66500694889536 -0.09418597656363413 -0.14443742513109387 P S
0.96 19 16.30639889597307 28.749848333503714 13.65730398910466 24.66500694889536 -0.09418597656363413 -0.14443742513109387 P S
0.97 19 16.442963209217858 28.996489676346407 13.65730398910466 24.66500694889536 -0.09418597656363413 -0.14443742513109387 P S
0.98 19 16.57952752246264 29.2431310191891 13.65730398910466 24.66500694889536 -0.09418597656363413 -0.14443742513109387 P S
0.99 19 16.71609183570743 29.489772362031793 13.65730398910466 24.66500694889536 -0.09418597656363413 -0.14443742513109387 P S
1.0 19 16.852656148952217 29.736413704874487 13.65730398910466 24.66500694889536 -0.09418597656363413 -0.14443742513109387 P S
1.01 19 16.989220462197004 29.98305504771718 13.65730398910466 24.66500694889536 -0.09418597656363413 -0.14443742513109387 P S
1.02 19 17.12578477544179 30.229696390559873 13.65730398910466 24.66500694889536 -0.09418597656363413 -0.14443742513109387 P S
1.03 19 17.262349088686577 30.476337733402566 13.65730398910466 24.66500694889536 -0.09418597656363413 -0.14443742513109387 P S
1.04 19 17.398913401931367 30.722979076245267 13.65730398910466 24.66500694889536 -0.09418597656363413 -0.14443742513109387 P S
1.05 19 17.53547771517615 30.96962041908796 13.65730398910466 24.66500694889536 -0.09418597656363413 -0.14443742513109387 P S
1.06 19 17.672042028420936 31.216261761930653 13.65730398910466 24.66500694889536 -0.09418597656363413 -0.14443742513109387 P S
1.07 19 17.808606341665723 31.462903104773346 13.65730398910466 24.66500694889536 -0.09418597656363413 -0.14443742513109387 P S
1.08 19 17.94517065491051 31.70954444761604 13.65730398910466 24.66500694889536 -0.09418597656363413 -0.14443742513109387 P S
1.09 19 18.081734968155295 31.956185790458733 13.65730398910466 24.66500694889536 -0.09418597656363413 -0.14443742513109387 P S
1.1 19 18.218299281400085 32.202827133301426 13.65730398910466 24.66500694889536 -0.09418597656363413 -0.14443742513109387 P S
1.11 19 18.354863594644872 32.44946847614412 13.65730398910466 24.66500694889536 -0.09418597656363413 -0.14443742513109387 P S
1.12 19 18.49142790788966 32.69610981898681 13.65730398910466 24.66500694889536 -0.09418597656363413 -0.14443742513109387 P S
1.1300000000000001 19 18.627992221134445 32.942751161829506 13.65730398910466 24.66500694889536 -0.09418597656363413 -0.14443742513109387 P S
1.1400000000000001 19 18.76455653437923 33.1893925046722 13.65730398910466 24.66500694889536 -0.09418597656363413 -0.14443742513109387 P S
1.1500000000000001 19 18.901120847624018 33.4360338475149 13.65730398910466 24.66500694889536 -0.09418597656363413 -0.14443742513109387 P S
1.16 19 19.0376851608688 33.682675190357585 13.65730398910466 24.66500694889536 -0.09418597656363413 -0.14443742513109387 P S
1.17 19 19.174249474113587 33.92931653320028 13.65730398910466 24.66500694889536 -0.09418597656363413 -0.14443742513109387 P S
1.18 19 19.310813787358374 34.17595787604297 13.65730398910466 24.66500694889536 -0.09418597656363413 -0.14443742513109387 P S
1.19 19 19.44737810060316 34.422599218885665 13.65730398910466 24.66500694889536 -0.09418597656363413 -0.14443742513109387 P S
1.2 19 19.583942413847947 34.66924056172836 13.65730398910466 24.66500694889536 -0.09418597656363413 -0.14443742513109387 P S
1.21 19 19.720506727092733 34.91588190457105 13.65730398910466 24.66500694889536 -0.09418597656363413 -0.14443742513109387 P S
1.22 19 19.857071040337523 35.162523247413745 13.65730398910466 24.66500694889536 -0.09418597656363413 -0.14443742513109387 P S
1.23 19 19.99363535358231 35.40916459025644 13.65730398910466 24.66500694889536 -0.09418597656363413 -0.14443742513109387 P S
1.24 19 20.130199666827096 35.65580593309913 13.65730398910466 24.66500694889536 -0.09418597656363413 -0.14443742513109387 P S
1.25 19 20.266763980071882 35.902447275941825 13.65730398910466 24.66500694889536 -0.09418597656363413 -0.14443742513109387 P S
1.26 19 20.403328293316665 36.14908861878452 13.65730398910466 24.66500694889536 -0.09418597656363413 -0.14443742513109387 P S
1.27 19 20.539892606561455 36.39572996162721 13.65730398910466 24.66500694889536 -0.09418597656363413 -0.14443742513109387 P S
1.28 19 20.676456919806242 36.642371304469904 13.65730398910466 24.66500694889536 -0.09418597656363413 -0.14443742513109387 P S
1.29 19 20.81302123305103 36.8890126473126 13.65730398910466 24.66500694889536 -0.09418597656363413 -0.14443742513109387 P S
1.3 19 20.949585546295815 37.13565399015529 13.65730398910466 24.66500694889536 -0.09418597656363413 -0.14443742513109387 P S
1.31 19 21.0861498595406 37.382295332997984 13.65730398910466 24.66500694889536 -0.09418597656363413 -0.14443742513109387 P S
1.32 19 21.22271417278539 37.628936675840684 13.65730398910466 24.66500694889536 -0.09418597656363413 -0.14443742513109387 P S
1.33 19 21.359278486030178 37.87557801868338 13.65730398910466 24.66500694889536 -0.09418597656363413 -0.14443742513109387 P S
1.34 19 21.49584279927496 38.12221936152607 13.65730398910466 24.66500694889536 -0.09418597656363413 -0.14443742513109387 P S
1.35 19 21.632407112519747 38.36886070436876 13.65730398910466 24.66500694889536 -0.09418597656363413 -0.14443742513109387 P S
1.36 19 21.768971425764537 38.615502047211464 13.65730398910466 24.66500694889536 -0.09418597656363413 -0.14443742513109387 P S
1.37 19 21.905535739009323 38.86214339005416 13.65730398910466 24.66500694889536 -0.09418597656363413 -0.14443742513109387 P S
1.3800000000000001 19 22.042100052254106 39.108784732896844 13.65730398910466 24.66500694889536 -0.09418597656363413 -0.14443742513109387 P S
1.3900000000000001 19 22.178664365498893 39.35542607573954 13.65730398910466 24.66500694889536 -0.09418597656363413 -0.14443742513109387 P S
1.4000000000000001 19 22.31522867874368 39.60206741858222 13.65730398910466 24.66500694889536 -0.09418597656363413 -0.14443742513109387 P S
0.01 20 3.4112849235478997 5.843070005532529 1.0430099352732685 1.7859115230410607 0.15308285937124336 0.2618512583730088 p s
0.02 20 3.426893787412664 5.869796387233875 2.0763366110628536 3.555245401917852 0.15222892156041185 0.26038758389267297 p s
0.03 20 3.452748935322949 5.9140667963559155 3.090757611303904 5.292176712550594 0.15082995885363532 0.2579897342830773 p s
0.04 20 3.488618382969282 5.97548366563535 4.077898419426868 6.982277906233928 0.1489204326215427 0.25471697205332683 p s
0.05 20 3.5341914822590508 6.053514612891939 5.030379940689356 8.613088786454554 0.14654548518997118 0.25064631947342986 p s
0.06 20 3.589091370927802 6.147513781633342 5.9423704760705665 10.174423168738434 0.1437572899315267 0.24586770256954016 p s
0.07 20 3.6528889162745894 6.25674573102868 6.809296517018242 11.658568548967876 0.14061292133527997 0.24047864810705005 p s
0.08 20 3.7251170638646895 6.380410030279515 7.628061848750708 13.060201692347949 0.13717093839350256 0.2345795868237332 p s
0.09 20 3.8052846614712834 6.51766495121796 8.397011347301518 14.376321324148646 0.13348843369591198 0.22826923140475597 p s
0.1 20 3.8928890475244544 6.667649035746142 9.115392053431247 15.606030237893306 0.12962091273417817 0.22164079829473404 p s
0.11 20 3.987426924318753 6.829499746608898 9.783814136336815 16.749900450474883 0.12561762651390487 0.21478129837660473 p s
0.12 20 4.08840331892878 7.002368807383108 10.403261953262188 17.810141455630962 0.1215250295619877 0.20776721673259504 p s
0.13 20 4.195338567345958 7.185434196224725 10.97578271207753 18.78979204951076 0.11738101828644636 0.20066656210157588 p s
0.14 20 4.307773475560599 7.377908980062358 11.503700389857482 19.69262075894124 0.11321843640730603 0.193537789184317 p s
0.15 20 4.425272844095754 7.579047347958007 11.989171754222799 20.52290451674568 0.10906837447752492 0.18642987479146209 p s
0.16 20 4.54742758555008 7.788148268628725 12.435281295035058 21.28599013632068 0.1049504060460211 0.17937546881576152 p s
0.17 20 4.673855765472634 8.004557252856213 12.844315651483114 21.985526012951354 0.10088715319196388 0.1724156853209604 p s
0.18 20 4.804202710396492 8.227666564787445 13.219467643344188 22.62681819647106 0.09688824921858455 0.16556896555691322 p s
0.19 20 4.938140540230346 8.456914374792241 13.562842079533969 23.21384499636792 0.09297034084048265 0.1588599656692971 p s
0.2 20 5.075367113268166 8.69178305964884 13.87761778290555 23.75144290748328 0.0891337866364618 0.15229663812358318 p s
0.21 20 5.2156048651025255 8.931797012466859 14.1658817598932 24.24380219778928 0.0853871322699952 0.14588652380597644 p s
0.22 20 5.358599178045767 9.176520122122996 14.429486589985016 24.693771741950872 0.08173897715902957 0.1396486808992546 p s
0.23 20 5.504116917029134 9.425553029492166 14.670420525214636 25.106350164987564 0.07819310958145388 0.13356590844569619 p s
0.24 20 5.651944801590031 9.678530408738242 14.891419786471998 25.48360559325951 0.07473773005863596 0.12765630649928839 p s
0.25 20 5.801887795066255 9.93511829222433 15.094272104561618 25.828494358378368 0.0713703800074655 0.12192092362909503 p s
0.26 20 5.953767582902601 10.195011351390656 15.279236167983944 26.14507131275187 0.0681125394457631 0.11633510999898203 p s
0.27 20 6.107421183207834 10.4579305317124 15.44867465066222 26.43459557089682 0.06494759815221304 0.11091680081160575 p s
0.28 20 6.262699465252732 10.723620634229363 15.604298913990599 26.6993198172248 0.06186522021771222 0.10566371250892877 p s
0.29 20 6.419466020772936 10.991848168087797 15.746776939499233 26.942351980450727 0.05887278413323968 0.10055023245611383 p s
0.3 20 6.577595917057517 11.262399410982844 15.877259345900931 27.1646036602278 0.05596643649681697 0.09559119534947405 p s
0.31 20 6.7369746532785 11.535078503777719 15.996741555869564 27.368198068468907 0.05314321335754676 0.09077248390506255 p s
0.32 20 6.89749719308 11.809705834372341 16.106016068838677 27.554467349432535 0.05040292768059665 0.08609388158543033 p s
0.33 20 7.059067069911059 12.086116489069836 16.20633356626311 27.7250890953941 0.04773119043739371 0.08154297455514115 p s
0.34 20 7.22159551132842 12.364158924208724 16.2977767171615 27.88070143277017 0.04514259085485657 0.07713210869944326 p s
0.35000000000000003 20 7.38500090374031 12.643693611676264 16.3818314402898 28.023716427401595 0.042610705343499956 0.07281944827306956 p s
0.36 20 7.5492080063366265 12.924592100023244 16.45823646675672 28.15404810906655 0.04015868097853856 0.06863273383102166 p s
0.37 20 7.7141472616641895 13.206735844860638 16.528274491719117 28.273037125647893 0.037760428900529296 0.06455519440970262 p s
0.38 20 7.879754480709167 13.490015246247529 16.592038880090346 28.381255645054402 0.03542638881011189 0.060592598800379704 p s
0.39 20 8.045970252288328 13.774329114259688 16.650457269083283 28.479671204140807 0.03313536378925273 0.056734733665218195 p s
0.4 20 8.212739372686846 14.059583583345296 16.703099818729566 28.569569573547334 0.03091816542880154 0.05295280861676859 p s
0.41000000000000003 20 8.380010724133639 14.345691553911252 16.750633241106545 28.65074575287964 0.02876302932526232 0.04927772903210445 p s
0.42 20 8.547736680618206 14.632572333583381 16.79361621172964 28.72396260521314 0.02665875406650807 0.04570024945728762 p s
0.43 20 8.715873022829067 14.92015064320598 16.832743256680274 28.790340159282273 0.02458187610479405 0.042186740598185474 p s
0.44 20 8.884378601685441 15.208356544366882 16.867763116921942 28.849785488177044 0.022556796860937953 0.03876304215752437 p s
0.45 20 9.053214493552034 15.49712478470264 16.8989244461078 28.903100906626644 0.020583988374680767 0.035405064003539995 p s
0.46 20 9.22234501614248 15.78639420857614 16.926780900405713 28.95003276222937 0.018640961345993554 0.03215436166019839 p s
0.47000000000000003 20 9.391736272410594 16.076107998034512 16.95141130148585 28.99184721024087 0.016732967576472038 0.028947088327910132 p s
0.48 20 9.561356581705898 16.366212752369577 16.972060815447804 29.028590526597302 0.014944294227774003 0.025797246780827822 p s
0.49 20 9.731176042452013 16.656658388164697 16.99101289706653 29.059621565878146 0.013086960673847433 0.022796918736146844 p s
0.5 20 9.901167006595433 16.947397793992568 17.006795603373472 29.087195285714273 0.011307847699268497 0.019748784138833134 p s
0.51 20 10.067696099607005 17.238387034327978 13.65730398910466 29.110035191212667 -0.09184501664956568 0.016807749411983396 P s
0.52 20 10.204260412851792 17.529584465966522 13.65730398910466 29.128841928197385 -0.09184501664956568 0.013925097592033683 P s
0.53 20 10.340824726096578 17.820951136360634 13.65730398910466 29.143453930837946 -0.09184501664956568 0.011181981272272526 P s
0.54 20 10.477389039341361 18.112449490435075 13.65730398910466 29.15530352505886 -0.09184501664956568 0.008316245077211327 P s
0.55 20 10.613953352586151 18.404045232166887 13.65730398910466 29.163395311357423 -0.09184501664956568 0.005566871145308042 P s
0.56 20 10.750517665830937 18.695705806104794 13.65730398910466 29.168172553672132 -0.09184501664956568 0.0029069374615406348 P s
0.5700000000000001 20 10.88708197907572 18.987395251341233 13.65730398910466 29.169963366884176 -0.09184501664956568 -1.606390065136265e-17 P s
0.58 20 11.02364629232051 19.234783680443492 13.65730398910466 24.66500694889536 -0.09184501664956568 -0.14005925297974978 P S
0.59 20 11.160210605565293 19.481425023286185 13.65730398910466 24.66500694889536 -0.09184501664956568 -0.14005925297974978 P S
0.6 20 11.296774918810083 19.72806636612888 13.65730398910466 24.66500694889536 -0.09184501664956568 -0.14005925297974978 P S
0.61 20 11.433339232054873 19.974707708971565 13.65730398910466 24.66500694889536 -0.09184501664956568 -0.14005925297974978 P S
0.62 20 11.569903545299656 20.221349051814265 13.65730398910466 24.66500694889536 -0.09184501664956568 -0.14005925297974978 P S
0.63 20 11.706467858544439 20.467990394656965 13.65730398910466 24.66500694889536 -0.09184501664956568 -0.14005925297974978 P S
0.64 20 11.843032171789229 20.71463173749965 13.65730398910466 24.66500694889536 -0.09184501664956568 -0.14005925297974978 P S
0.65 20 11.979596485034016 20.96127308034235 13.65730398910466 24.66500694889536 -0.09184501664956568 -0.14005925297974978 P S
0.66 20 12.116160798278806 21.207914423185038 13.65730398910466 24.66500694889536 -0.09184501664956568 -0.14005925297974978 P S
0.67 20 12.252725111523588 21.454555766027738 13.65730398910466 24.66500694889536 -0.09184501664956568 -0.14005925297974978 P S
0.68 20 12.389289424768378 21.70119710887043 13.65730398910466 24.66500694889536 -0.09184501664956568 -0.14005925297974978 P S
0.6900000000000001 20 12.525853738013161 21.947838451713118 13.65730398910466 24.66500694889536 -0.09184501664956568 -0.14005925297974978 P S
0.7000000000000001 20 12.662418051257951 22.19447979455581 13.65730398910466 24.66500694889536 -0.09184501664956568 -0.14005925297974978 P S
0.71 20 12.798982364502734 22.441121137398504 13.65730398910466 24.66500694889536 -0.09184501664956568 -0.14005925297974978 P S
0.72 20 12.935546677747524 22.687762480241204 13.65730398910466 24.66500694889536 -0.09184501664956568 -0.14005925297974978 P S
0.73 20 13.072110990992307 22.93440382308389 13.65730398910466 24.66500694889536 -0.09184501664956568 -0.14005925297974978 P S
0.74 20 13.208675304237094 23.18104516592659 13.65730398910466 24.66500694889536 -0.09184501664956568 -0.14005925297974978 P S
0.75 20 13.34523961748188 23.427686508769277 13.65730398910466 24.66500694889536 -0.09184501664956568 -0.14005925297974978 P S
0.76 20 13.481803930726667 23.674327851611977 13.65730398910466 24.66500694889536 -0.09184501664956568 -0.14005925297974978 P S
0.77 20 13.61836824397145 23.92096919445467 13.65730398910466 24.66500694889536 -0.09184501664956568 -0.14005925297974978 P S
0.78 20 13.75493255721624 24.167610537297364 13.65730398910466 24.66500694889536 -0.09184501664956568 -0.14005925297974978 P S
0.79 20 13.89149687046103 24.414251880140057 13.65730398910466 24.66500694889536 -0.09184501664956568 -0.14005925297974978 P S
0.8 20 14.028061183705812 24.66089322298275 13.65730398910466 24.66500694889536 -0.09184501664956568 -0.14005925297974978 P S
0.81 20 14.164625496950602 24.907534565825443 13.65730398910466 24.66500694889536 -0.09184501664956568 -0.14005925297974978 P S
0.8200000000000001 20 14.301189810195385 25.15417590866813 13.65730398910466 24.66500694889536 -0.09184501664956568 -0.14005925297974978 P S
0.8300000000000001 20 14.437754123440175 25.40081725151083 13.65730398910466 24.66500694889536 -0.09184501664956568 -0.14005925297974978 P S
0.84 20 14.574318436684958 25.647458594353516 13.65730398910466 24.66500694889536 -0.09184501664956568 -0.14005925297974978 P S
0.85 20 14.710882749929745 25.894099937196216 13.65730398910466 24.66500694889536 -0.09184501664956568 -0.14005925297974978 P S
0.86 20 14.847447063174531 26.14074128003891 13.65730398910466 24.66500694889536 -0.09184501664956568 -0.14005925297974978 P S
0.87 20 14.984011376419318 26.387382622881603 13.65730398910466 24.66500694889536 -0.09184501664956568 -0.14005925297974978 P S
0.88 20 15.120575689664108 26.634023965724296 13.65730398910466 24.66500694889536 -0.09184501664956568 -0.14005925297974978 P S
0.89 20 15.257140002908898 26.880665308566996 13.65730398910466 24.66500694889536 -0.09184501664956568 -0.14005925297974978 P S
0.9 20 15.39370431615368 27.127306651409683 13.65730398910466 24.66500694889536 -0.09184501664956568 -0.14005925297974978 P S
0.91 20 15.530268629398464 27.373947994252376 13.65730398910466 24.66500694889536 -0.09184501664956568 -0.14005925297974978 P S
0.92 20 15.666832942643254 27.62058933709507 13.65730398910466 24.66500694889536 -0.09184501664956568 -0.14005925297974978 P S
0.93 20 15.80339725588804 27.86723067993777 13.65730398910466 24.66500694889536 -0.09184501664956568 -0.14005925297974978 P S
0.9400000000000001 20 15.939961569132826 28.113872022780455 13.65730398910466 24.66500694889536 -0.09184501664956568 -0.14005925297974978 P S
0.9500000000000001 20 16.07652588237761 28.36051336562315 13.65730398910466 24.66500694889536 -0.09184501664956568 -0.14005925297974978 P S
0.96 20 16.213090195622396 28.607154708465842 13.65730398910466 24.66500694889536 -0.09184501664956568 -0.14005925297974978 P S
0.97 20 16.349654508867186 28.853796051308542 13.65730398910466 24.66500694889536 -0.09184501664956568 -0.14005925297974978 P S
0.98 20 16.48621882211197 29.10043739415123 13.65730398910466 24.66500694889536 -0.09184501664956568 -0.14005925297974978 P S
0.99 20 16.62278313535676 29.34707873699393 13.65730398910466 24.66500694889536 -0.09184501664956568 -0.14005925297974978 P S
1.0 20 16.759347448601545 29.593720079836622 13.65730398910466 24.66500694889536 -0.09184501664956568 -0.14005925297974978 P S
1.01 20 16.89591176184633 29.840361422679315 13.65730398910466 24.66500694889536 -0.09184501664956568 -0.14005925297974978 P S
1.02 20 17.032476075091118 30.08700276552201 13.65730398910466 24.66500694889536 -0.09184501664956568 -0.14005925297974978 P S
1.03 20 17.169040388335905 30.3336441083647 13.65730398910466 24.66500694889536 -0.09184501664956568 -0.14005925297974978 P S
1.04 20 17.30560470158069 30.580285451207395 13.65730398910466 24.66500694889536 -0.09184501664956568 -0.14005925297974978 P S
1.05 20 17.442169014825478 30.826926794050088 13.65730398910466 24.66500694889536 -0.09184501664956568 -0.14005925297974978 P S
1.06 20 17.578733328070264 31.07356813689278 13.65730398910466 24.66500694889536 -0.09184501664956568 -0.14005925297974978 P S
1.07 20 17.71529764131505 31.320209479735475 13.65730398910466 24.66500694889536 -0.09184501664956568 -0.14005925297974978 P S
1.08 20 17.851861954559837 31.566850822578168 13.65730398910466 24.66500694889536 -0.09184501664956568 -0.14005925297974978 P S
1.09 20 17.988426267804623 31.81349216542086 13.65730398910466 24.66500694889536 -0.09184501664956568 -0.14005925297974978 P S
1.1 20 18.124990581049413 32.06013350826356 13.65730398910466 24.66500694889536 -0.09184501664956568 -0.14005925297974978 P S
1.11 20 18.2615548942942 32.30677485110625 13.65730398910466 24.66500694889536 -0.09184501664956568 -0.14005925297974978 P S
1.12 20 18.398119207538986 32.55341619394894 13.65730398910466 24.66500694889536 -0.09184501664956568 -0.14005925297974978 P S
1.1300000000000001 20 18.53468352078377 32.800057536791634 13.65730398910466 24.66500694889536 -0.09184501664956568 -0.14005925297974978 P S
1.1400000000000001 20 18.671247834028556 33.04669887963433 13.65730398910466 24.66500694889536 -0.09184501664956568 -0.14005925297974978 P S
1.1500000000000001 20 18.807812147273346 33.29334022247703 13.65730398910466 24.66500694889536 -0.09184501664956568 -0.14005925297974978 P S
1.16 20 18.94437646051813 33.539981565319714 13.65730398910466 24.66500694889536 -0.09184501664956568 -0.14005925297974978 P S
1.17 20 19.080940773762915 33.78662290816241 13.65730398910466 24.66500694889536 -0.09184501664956568 -0.14005925297974978 P S
1.18 20 19.2175050870077 34.0332642510051 13.65730398910466 24.66500694889536 -0.09184501664956568 -0.14005925297974978 P S
1.19 20 19.354069400252488 34.27990559384779 13.65730398910466 24.66500694889536 -0.09184501664956568 -0.14005925297974978 P S
1.2 20 19.490633713497274 34.52654693669049 13.65730398910466 24.66500694889536 -0.09184501664956568 -0.14005925297974978 P S
1.21 20 19.62719802674206 34.77318827953318 13.65730398910466 24.66500694889536 -0.09184501664956568 -0.14005925297974978 P S
1.22 20 19.76376233998685 35.01982962237588 13.65730398910466 24.66500694889536 -0.09184501664956568 -0.14005925297974978 P S
1.23 20 19.900326653231637 35.26647096521857 13.65730398910466 24.66500694889536 -0.09184501664956568 -0.14005925297974978 P S
1.24 20 20.03689096647642 35.51311230806127 13.65730398910466 24.66500694889536 -0.09184501664956568 -0.14005925297974978 P S
1.25 20 20.173455279721207 35.75975365090396 13.65730398910466 24.66500694889536 -0.09184501664956568 -0.14005925297974978 P S
1.26 20 20.310019592965993 36.00639499374665 13.65730398910466 24.66500694889536 -0.09184501664956568 -0.14005925297974978 P S
1.27 20 20.446583906210783 36.253036336589346 13.65730398910466 24.66500694889536 -0.09184501664956568 -0.14005925297974978 P S
1.28 20 20.58314821945557 36.49967767943204 13.65730398910466 24.66500694889536 -0.09184501664956568 -0.14005925297974978 P S
1.29 20 20.719712532700356 36.74631902227473 13.65730398910466 24.66500694889536 -0.09184501664956568 -0.14005925297974978 P S
1.3 20 20.856276845945143 36.992960365117426 13.65730398910466 24.66500694889536 -0.09184501664956568 -0.14005925297974978 P S
1.31 20 20.99284115918993 37.23960170796012 13.65730398910466 24.66500694889536 -0.09184501664956568 -0.14005925297974978 P S
1.32 20 21.129405472434716 37.48624305080281 13.65730398910466 24.66500694889536 -0.09184501664956568 -0.14005925297974978 P S
1.33 20 21.265969785679502 37.732884393645506 13.65730398910466 24.66500694889536 -0.09184501664956568 -0.14005925297974978 P S
1.34 20 21.40253409892429 37.9795257364882 13.65730398910466 24.66500694889536 -0.09184501664956568 -0.14005925297974978 P S
1.35 20 21.53909841216907 38.22616707933089 13.65730398910466 24.66500694889536 -0.09184501664956568 -0.14005925297974978 P S
1.36 20 21.675662725413865 38.47280842217359 13.65730398910466 24.66500694889536 -0.09184501664956568 -0.14005925297974978 P S
1.37 20 21.81222703865865 38.719449765016286 13.65730398910466 24.66500694889536 -0.09184501664956568 -0.14005925297974978 P S
1.3800000000000001 20 21.948791351903434 38.96609110785897 13.65730398910466 24.66500694889536 -0.09184501664956568 -0.14005925297974978 P S
1.3900000000000001 20 22.08535566514822 39.212732450701665 13.65730398910466 24.66500694889536 -0.09184501664956568 -0.14005925297974978 P S
1.4000000000000001 20 22.221919978393007 39.45937379354436 13.65730398910466 24.66500694889536 -0.09184501664956568 -0.14005925297974978 P S
0.01 21 3.564056233961445 6.10497569518876 0.9882495748409107 1.692258669986992 0.15149351909355915 0.26029807355774653 p s
0.02 21 3.5788487696360796 6.130305967530949 1.9681837493652148 3.3702492337863266 0.15071812526840425 0.2589748656819763 p s
0.03 21 3.6033654681708587 6.1722874050491585 2.9317985440086596 5.020282112129767 0.1494457709874916 0.25680372838616156 p s
0.04 21 3.637405879201946 6.23057649344222 3.8717703126111327 6.629796083275749 0.14770499341688742 0.2538335700825668 p s
0.05 21 3.680700498932187 6.3047113802052435 4.781628333949445 8.187755522409018 0.1455332512289906 0.2501284410727743 p s
0.06 21 3.7329206888029054 6.394128876125411 5.6560851582244 9.685099227721148 0.14297434108436713 0.24576331209178354 p s
0.07 21 3.793689923393698 6.4981837229702775 6.490844507781832 11.114193331990384 0.14007678762548997 0.2408222683806681 p s
0.08 21 3.8625955444055635 6.616168750048189 7.282884678813772 12.470281607029992 0.13689084263375917 0.2353899884257996 p s
0.09 21 3.9392002963692105 6.747334637407989 8.030420123573727 13.749948984128656 0.13346606973301772 0.22955281475202516 p s
0.1 21 4.023053059284949 6.890908311130506 8.73245974807437 14.95181154988617 0.12985114258904348 0.22339274142976118 p s
0.11 21 4.1136983560864016 7.0461092317451754 9.389014865180004 16.075147901548377 0.12609111291697825 0.21699117702312157 p s
0.12 21 4.210684413832859 7.212163226217359 10.000662010114228 17.12241291666989 0.12222806764587693 0.21041166161575664 p s
0.13 21 4.313569677656382 7.388313653980137 10.569073505729008 18.09522178079024 0.11829617875267284 0.2037202531308695 p s
0.14 21 4.421927852937083 7.573830033598435 11.095703522458505 18.996155036392956 0.11432909401555562 0.19697465778180037 p s
0.15 21 4.535351547964671 7.768014293752983 11.58251387733606 19.829262240516663 0.11035475037903635 0.1902175799825983 p s
0.16 21 4.6534547231566075 7.970204988100155 12.0318084265247 20.598236625987344 0.1063954758464948 0.1834889507288735 p s
0.17 21 4.775874128837261 8.179779765715129 12.446227445328686 21.30693521596599 0.10246699746056699 0.1768221090609537 p s
0.18 21 4.90226994756915 8.396156412078856 12.827584558080515 21.95926116503808 0.09858948628500132 0.17024448423499214 p s
0.19 21 5.032325744830063 8.618792872994913 13.178569982502902 22.559522376636707 0.09477122606551136 0.16377331893552718 p s
0.2 21 5.16574800226483 8.847186366347993 13.501310708379119 23.111389793856937 0.09102257537646269 0.15742632737957035 p s
0.21 21 5.302265269715442 9.080871971796315 13.797880483644024 23.618270268460527 0.08735132590733445 0.15121896548979893 p s
0.22 21 5.441627099106365 9.319420774519475 14.07082147277 24.084521625395965 0.08375560106939976 0.14514878645985452 p s
0.23 21 5.583602801436834 9.562437824868264 14.321322728433524 24.512751357003133 0.0802478922058978 0.13922961880063603 p s
0.24 21 5.727980213720741 9.809559909608849 14.551208491014775 24.90622684020321 0.07683006397677229 0.13346184207925052 p s
0.25 21 5.874564327061949 10.06045326234038 14.762475173667738 25.267469465675504 0.07349787011291638 0.12785159637666216 p s
0.26 21 6.023176048710677 10.314811439981975 14.956914816580884 25.59951956801766 0.07024622429658936 0.1223921968896226 p s
0.27 21 6.173650889255257 10.57235306696365 15.135452774973114 25.904334081880773 0.06708178821854843 0.11708981492907934 p s
0.28 21 6.325837782687101 10.832819810990117 15.299318315723902 26.184885396044397 0.06400449438255336 0.11192852282644573 p s
0.29 21 6.479597930953035 11.095974476370891 15.450006585793625 26.44252777127071 0.0610064678364788 0.10691711245030693 p s
0.3 21 6.6348037671107845 11.361599151043027 15.588796795052039 26.678716380500397 0.0580805099835335 0.10206092914545574 p s
0.31 21 6.791337999623334 11.629493509621243 15.716171583173203 26.896658609676397 0.05523422154042352 0.09732415718783426 p s
0.32 21 6.949092686154622 11.899473369914041 15.83310392455814 27.096300847690326 0.052463544662207776 0.0927367715045245 p s
0.33 21 7.107968250200369 12.171369123399584 15.94047764901915 27.28006362852522 0.04976416418969563 0.08827160573344014 p s
0.34 21 7.267873063910142 12.445024590319974 16.039071421671082 27.448195736465326 0.047132181917055725 0.08395001984298983 p s
0.35000000000000003 21 7.428722424155793 12.720295687499918 16.129392031426097 27.603447817691414 0.04456941676193775 0.07972634688037178 p s
0.36 21 7.590438081569761 12.997049441170617 16.21241618238387 27.745363553415963 0.042062384423828605 0.07563695288798082 p s
0.37 21 7.752947544496215 13.275163102717888 16.28828196336646 27.87580555232499 0.039620784025496236 0.07165263434239279 p s
0.38 21 7.916183715529573 13.55452298231903 16.3582719305088 27.99472516272635 0.037215448807893355 0.06779890233838368 p s
0.39 21 8.080084291798075 13.83502401332977 16.421332188050638 28.103892623517197 0.034896888417458735 0.06404169869352443 p s
0.4 21 8.244591494295095 14.116568743927953 16.47901066524103 28.203683522901834 0.03262363989611495 0.06038913066494913 p s
0.41000000000000003 21 8.409651384803574 14.399066852242981 16.532319122387612 28.294628507360265 0.030363821352880974 0.056843998688733126 p s
0.42 21 8.575213644956824 14.682434374099664 16.579770495737222 28.37751087676585 0.02819350690562244 0.05339768776325204 p s
0.43 21 8.741231519882374 14.966593525441745 16.623067986449335 28.452920676488514 0.026049826132885603 0.05004671989284492 p s
0.44 21 8.907661067106073 15.25147190296556 16.662113921255195 28.521509189505288 0.02394725524773834 0.046782390518034164 p s
0.45 21 9.074461243219915 15.537002081782926 16.697226956226935 28.583066745469285 0.02187981844145383 0.04363786525868058 p s
0.46 21 9.241593193056717 15.823121455715082 16.728729685937395 28.63945127264341 0.019838188530559592 0.04053751796847166 p s
0.47000000000000003 21 9.409020484781188 16.109771839066617 16.756371324877648 28.68979865784457 0.01785183023200101 0.03754764169415787 p s
0.48 21 9.567220706173394 16.396899036752618 13.65730398910466 28.7344133274361 -0.0891203373257095 0.034678535412696984 P s
0.49 21 9.703785019418177 16.684452571598715 13.65730398910466 28.77483130566393 -0.0891203373257095 0.03185264334479508 P s
0.5 21 9.840349332662967 16.972385566607148 13.65730398910466 28.810936877689276 -0.0891203373257095 0.029093250836545313 P s
0.51 21 9.976913645907757 17.26065477743533 13.65730398910466 28.842766370940122 -0.0891203373257095 0.026419423738335744 P s
0.52 21 10.113477959152544 17.549219794168522 13.65730398910466 28.869856666444665 -0.0891203373257095 0.023906609432828692 P s
0.53 21 10.25004227239733 17.838043349771816 13.65730398910466 28.89403597086309 -0.0891203373257095 0.02141388569861873 P s
0.54 21 10.386606585642113 18.10921373285202 13.65730398910466 24.66500694889536 -0.0891203373257095 -0.13703741231096558 P S
0.55 21 10.5231708988869 18.355855075694706 13.65730398910466 24.66500694889536 -0.0891203373257095 -0.13703741231096558 P S
0.56 21 10.65973521213169 18.602496418537406 13.65730398910466 24.66500694889536 -0.0891203373257095 -0.13703741231096558 P S
0.5700000000000001 21 10.796299525376472 18.849137761380092 13.65730398910466 24.66500694889536 -0.0891203373257095 -0.13703741231096558 P S
0.58 21 10.932863838621262 19.095779104222792 13.65730398910466 24.66500694889536 -0.0891203373257095 -0.13703741231096558 P S
0.59 21 11.069428151866045 19.34242044706548 13.65730398910466 24.66500694889536 -0.0891203373257095 -0.13703741231096558 P S
0.6 21 11.205992465110835 19.58906178990818 13.65730398910466 24.66500694889536 -0.0891203373257095 -0.13703741231096558 P S
0.61 21 11.342556778355622 19.835703132750865 13.65730398910466 24.66500694889536 -0.0891203373257095 -0.13703741231096558 P S
0.62 21 11.479121091600408 20.082344475593565 13.65730398910466 24.66500694889536 -0.0891203373257095 -0.13703741231096558 P S
0.63 21 11.615685404845191 20.32898581843626 13.65730398910466 24.66500694889536 -0.0891203373257095 -0.13703741231096558 P S
0.64 21 11.752249718089981 20.575627161278952 13.65730398910466 24.66500694889536 -0.0891203373257095 -0.13703741231096558 P S
0.65 21 11.888814031334768 20.822268504121645 13.65730398910466 24.66500694889536 -0.0891203373257095 -0.13703741231096558 P S
0.66 21 12.025378344579558 21.06890984696433 13.65730398910466 24.66500694889536 -0.0891203373257095 -0.13703741231096558 P S
0.67 21 12.16194265782434 21.31555118980703 13.65730398910466 24.66500694889536 -0.0891203373257095 -0.13703741231096558 P S
0.68 21 12.29850697106913 21.562192532649732 13.65730398910466 24.66500694889536 -0.0891203373257095 -0.13703741231096558 P S
0.6900000000000001 21 12.435071284313914 21.808833875492418 13.65730398910466 24.66500694889536 -0.0891203373257095 -0.13703741231096558 P S
0.7000000000000001 21 12.571635597558704 22.05547521833511 13.65730398910466 24.66500694889536 -0.0891203373257095 -0.13703741231096558 P S
0.71 21 12.708199910803486 22.302116561177804 13.65730398910466 24.66500694889536 -0.0891203373257095 -0.13703741231096558 P S
0.72 21 12.844764224048273 22.548757904020505 13.65730398910466 24.66500694889536 -0.0891203373257095 -0.13703741231096558 P S
0.73 21 12.98132853729306 22.79539924686319 13.65730398910466 24.66500694889536 -0.0891203373257095 -0.13703741231096558 P S
0.74 21 13.117892850537846 23.042040589705884 13.65730398910466 24.66500694889536 -0.0891203373257095 -0.13703741231096558 P S
0.75 21 13.254457163782629 23.288681932548577 13.65730398910466 24.66500694889536 -0.0891203373257095 -0.13703741231096558 P S
0.76 21 13.391021477027419 23.53532327539127 13.65730398910466 24.66500694889536 -0.0891203373257095 -0.13703741231096558 P S
0.77 21 13.527585790272202 23.781964618233964 13.65730398910466 24.66500694889536 -0.0891203373257095 -0.13703741231096558 P S
0.78 21 13.664150103516992 24.028605961076657 13.65730398910466 24.66500694889536 -0.0891203373257095 -0.13703741231096558 P S
0.79 21 13.800714416761782 24.275247303919357 13.65730398910466 24.66500694889536 -0.0891203373257095 -0.13703741231096558 P S
0.8 21 13.937278730006565 24.521888646762044 13.65730398910466 24.66500694889536 -0.0891203373257095 -0.13703741231096558 P S
0.81 21 14.073843043251355 24.768529989604744 13.65730398910466 24.66500694889536 -0.0891203373257095 -0.13703741231096558 P S
0.8200000000000001 21 14.210407356496138 25.01517133244743 13.65730398910466 24.66500694889536 -0.0891203373257095 -0.13703741231096558 P S
0.8300000000000001 21 14.346971669740924 25.26181267529013 13.65730398910466 24.66500694889536 -0.0891203373257095 -0.13703741231096558 P S
0.84 21 14.48353598298571 25.508454018132817 13.65730398910466 24.66500694889536 -0.0891203373257095 -0.13703741231096558 P S
0.85 21 14.620100296230497 25.755095360975517 13.65730398910466 24.66500694889536 -0.0891203373257095 -0.13703741231096558 P S
0.86 21 14.75666460947528 26.00173670381821 13.65730398910466 24.66500694889536 -0.0891203373257095 -0.13703741231096558 P S
0.87 21 14.89322892272007 26.248378046660903 13.65730398910466 24.66500694889536 -0.0891203373257095 -0.13703741231096558 P S
0.88 21 15.02979323596486 26.49501938950359 13.65730398910466 24.66500694889536 -0.0891203373257095 -0.13703741231096558 P S
0.89 21 15.16635754920965 26.74166073234629 13.65730398910466 24.66500694889536 -0.0891203373257095 -0.13703741231096558 P S
0.9 21 15.302921862454433 26.988302075188983 13.65730398910466 24.66500694889536 -0.0891203373257095 -0.13703741231096558 P S
0.91 21 15.439486175699216 27.234943418031676 13.65730398910466 24.66500694889536 -0.0891203373257095 -0.13703741231096558 P S
0.92 21 15.576050488944006 27.48158476087437 13.65730398910466 24.66500694889536 -0.0891203373257095 -0.13703741231096558 P S
0.93 21 15.712614802188792 27.72822610371707 13.65730398910466 24.66500694889536 -0.0891203373257095 -0.13703741231096558 P S
0.9400000000000001 21 15.849179115433575 27.974867446559756 13.65730398910466 24.66500694889536 -0.0891203373257095 -0.13703741231096558 P S
0.9500000000000001 21 15.985743428678362 28.22150878940245 13.65730398910466 24.66500694889536 -0.0891203373257095 -0.13703741231096558 P S
0.96 21 16.122307741923148 28.468150132245142 13.65730398910466 24.66500694889536 -0.0891203373257095 -0.13703741231096558 P S
0.97 21 16.258872055167938 28.714791475087836 13.65730398910466 24.66500694889536 -0.0891203373257095 -0.13703741231096558 P S
0.98 21 16.39543636841272 28.96143281793053 13.65730398910466 24.66500694889536 -0.0891203373257095 -0.13703741231096558 P S
0.99 21 16.53200068165751 29.208074160773222 13.65730398910466 24.66500694889536 -0.0891203373257095 -0.13703741231096558 P S
1.0 21 16.668564994902297 29.454715503615915 13.65730398910466 24.66500694889536 -0.0891203373257095 -0.13703741231096558 P S
1.01 21 16.805129308147084 29.70135684645861 13.65730398910466 24.66500694889536 -0.0891203373257095 -0.13703741231096558 P S
1.02 21 16.94169362139187 29.947998189301302 13.65730398910466 24.66500694889536 -0.0891203373257095 -0.13703741231096558 P S
1.03 21 17.078257934636657 30.194639532143995 13.65730398910466 24.66500694889536 -0.0891203373257095 -0.13703741231096558 P S
1.04 21 17.214822247881443 30.441280874986695 13.65730398910466 24.66500694889536 -0.0891203373257095 -0.13703741231096558 P S
1.05 21 17.35138656112623 30.68792221782939 13.65730398910466 24.66500694889536 -0.0891203373257095 -0.13703741231096558 P S
1.06 21 17.487950874371016 30.934563560672082 13.65730398910466 24.66500694889536 -0.0891203373257095 -0.13703741231096558 P S
1.07 21 17.624515187615803 31.181204903514775 13.65730398910466 24.66500694889536 -0.0891203373257095 -0.13703741231096558 P S
1.08 21 17.76107950086059 31.42784624635747 13.65730398910466 24.66500694889536 -0.0891203373257095 -0.13703741231096558 P S
1.09 21 17.897643814105376 31.674487589200155 13.65730398910466 24.66500694889536 -0.0891203373257095 -0.13703741231096558 P S
1.1 21 18.034208127350166 31.921128932042855 13.65730398910466 24.66500694889536 -0.0891203373257095 -0.13703741231096558 P S
1.11 21 18.170772440594952 32.16777027488555 13.65730398910466 24.66500694889536 -0.0891203373257095 -0.13703741231096558 P S
1.12 21 18.307336753839735 32.41441161772824 13.65730398910466 24.66500694889536 -0.0891203373257095 -0.13703741231096558 P S
1.1300000000000001 21 18.44390106708452 32.661052960570935 13.65730398910466 24.66500694889536 -0.0891203373257095 -0.13703741231096558 P S
1.1400000000000001 21 18.580465380329308 32.90769430341363 13.65730398910466 24.66500694889536 -0.0891203373257095 -0.13703741231096558 P S
1.1500000000000001 21 18.717029693574098 33.15433564625633 13.65730398910466 24.66500694889536 -0.0891203373257095 -0.13703741231096558 P S
1.16 21 18.85359400681888 33.400976989099014 13.65730398910466 24.66500694889536 -0.0891203373257095 -0.13703741231096558 P S
1.17 21 18.990158320063667 33.64761833194171 13.65730398910466 24.66500694889536 -0.0891203373257095 -0.13703741231096558 P S
1.18 21 19.126722633308454 33.8942596747844 13.65730398910466 24.66500694889536 -0.0891203373257095 -0.13703741231096558 P S
1.19 21 19.26328694655324 34.14090101762709 13.65730398910466 24.66500694889536 -0.0891203373257095 -0.13703741231096558 P S
1.2 21 19.399851259798027 34.38754236046978 13.65730398910466 24.66500694889536 -0.0891203373257095 -0.13703741231096558 P S
1.21 21 19.536415573042813 34.63418370331247 13.65730398910466 24.66500694889536 -0.0891203373257095 -0.13703741231096558 P S
1.22 21 19.6729798862876 34.880825046155174 13.65730398910466 24.66500694889536 -0.0891203373257095 -0.13703741231096558 P S
1.23 21 19.809544199532386 35.12746638899787 13.65730398910466 24.66500694889536 -0.0891203373257095 -0.13703741231096558 P S
1.24 21 19.946108512777172 35.37410773184056 13.65730398910466 24.66500694889536 -0.0891203373257095 -0.13703741231096558 P S
1.25 21 20.08267282602196 35.62074907468325 13.65730398910466 24.66500694889536 -0.0891203373257095 -0.13703741231096558 P S
1.26 21 20.219237139266745 35.86739041752595 13.65730398910466 24.66500694889536 -0.0891203373257095 -0.13703741231096558 P S
1.27 21 20.355801452511535 36.11403176036865 13.65730398910466 24.66500694889536 -0.0891203373257095 -0.13703741231096558 P S
1.28 21 20.492365765756322 36.36067310321134 13.65730398910466 24.66500694889536 -0.0891203373257095 -0.13703741231096558 P S
1.29 21 20.62893007900111 36.60731444605403 13.65730398910466 24.66500694889536 -0.0891203373257095 -0.13703741231096558 P S
1.3 21 20.765494392245895 36.85395578889673 13.65730398910466 24.66500694889536 -0.0891203373257095 -0.13703741231096558 P S
1.31 21 20.90205870549068 37.10059713173942 13.65730398910466 24.66500694889536 -0.0891203373257095 -0.13703741231096558 P S
1.32 21 21.038623018735468 37.34723847458211 13.65730398910466 24.66500694889536 -0.0891203373257095 -0.13703741231096558 P S
1.33 21 21.175187331980254 37.593879817424806 13.65730398910466 24.66500694889536 -0.0891203373257095 -0.13703741231096558 P S
1.34 21 21.31175164522504 37.8405211602675 13.65730398910466 24.66500694889536 -0.0891203373257095 -0.13703741231096558 P S
1.35 21 21.448315958469824 38.087162503110186 13.65730398910466 24.66500694889536 -0.0891203373257095 -0.13703741231096558 P S
1.36 21 21.584880271714617 38.333803845952886 13.65730398910466 24.66500694889536 -0.0891203373257095 -0.13703741231096558 P S
1.37 21 21.721444584959404 38.58044518879558 13.65730398910466 24.66500694889536 -0.0891203373257095 -0.13703741231096558 P S
1.3800000000000001 21 21.858008898204186 38.82708653163827 13.65730398910466 24.66500694889536 -0.0891203373257095 -0.13703741231096558 P S
1.3900000000000001 21 21.994573211448973 39.073727874480966 13.65730398910466 24.66500694889536 -0.0891203373257095 -0.13703741231096558 P S
1.4000000000000001 21 22.13113752469376 39.32036921732366 13.65730398910466 24.66500694889536 -0.0891203373257095 -0.13703741231096558 P S
0.01 22 3.7152714128012785 6.365370409121711 0.9384486654142384 1.6074269097900582 0.14993388310553027 0.2587572577338338 p s
0.02 22 3.7293210389747857 6.389435361736329 1.8696825512727429 3.202478189106488 0.1492268493969364 0.2575553615475345 p s
0.03 22 3.7526178088015274 6.429339203017951 2.7867433490783546 4.773274594504007 0.1480650361900452 0.2555805406204428 p s
0.04 22 3.7849874383088156 6.484783244206821 3.683199851304339 6.308782251406911 0.14647224827940242 0.2528735349424742 p s
0.05 22 3.826194779763783 6.555364490989356 4.553403658159996 7.799203454894795 0.14447966509287177 0.24948800869868495 p s
0.06 22 3.8759517942563164 6.640589305442817 5.392430840909216 9.23624756502171 0.14212459871692396 0.24548756180159223 p s
0.07 22 3.933926683953681 6.739889063283298 6.196381013144495 10.613214894137018 0.13944823065048936 0.2409427036086061 p s
0.08 22 3.9997535708770635 6.8526367446631635 6.962424702950126 11.925105003095691 0.13649347749260696 0.23592751424396308 p s
0.09 22 4.073042150975619 6.978163477188183 7.688487377288205 13.168585683941604 0.13330437241995322 0.23051657663048936 p s
0.1 22 4.153386834872488 7.115774212924737 8.373531480498931 14.341690016520259 0.12992329064154304 0.22478330412489447 p s
0.11 22 4.24037503461738 7.264761924902547 9.01711376894878 15.443978179225754 0.12639133755285945 0.21879644108073001 p s
0.12 22 4.333594350182053 7.424419944421693 9.619855542791484 16.475767162475265 0.12274430825998907 0.21262167563446197 p s
0.13 22 4.432638579569586 7.594052234152356 10.182338513238328 17.439137047788993 0.11901779208951344 0.20631347645157175 p s
0.14 22 4.537112500418781 7.772981616714293 10.70563702105475 18.335779777346954 0.11524369127382625 0.1999266698775348 p s
0.15 22 4.646635506844 7.960556014925896 11.192069976988531 19.168648778256834 0.11144298617325513 0.19350484218971195 p s
0.16 22 4.760844242300642 8.156152945788879 11.643495915061559 19.94064625814859 0.10763702750401195 0.18708826397655573 p s
0.17 22 4.87939432974599 8.359182461429176 12.060851538407332 20.65557592401335 0.10385336696103434 0.18070543520871954 p s
0.18 22 5.00196129261198 8.569088830019743 12.447230490640585 21.316776619293798 0.10009789143616639 0.17438382644722145 p s
0.19 22 5.128240990563591 8.785351165606512 12.803804896863175 21.927482284408725 0.09639143470558535 0.16814750277974388 p s
0.2 22 5.257949447662968 9.007483244323977 13.13326995292272 22.49126194568526 0.09273681243568178 0.16201242807498983 p s
0.21 22 5.390822455457803 9.235032720968377 13.437572702195775 23.011530022625024 0.08914097473425373 0.15599096525408532 p s
0.22 22 5.526614773478284 9.467579906946542 13.717354871864767 23.49108743626487 0.08562471417938229 0.15009793091154444 p s
0.23 22 5.665099340119978 9.704736214055053 13.976357452951484 23.933796076057327 0.08216704709713059 0.14433008462071828 p s
0.24 22 5.806066152821835 9.946142475346857 14.213872777143186 24.341821379375187 0.07880259128392539 0.1387008471226858 p s
0.25 22 5.94932130009386 10.191467100319766 14.433958426515316 24.71810389214912 0.07549748155162604 0.13320943772522797 p s
0.26 22 6.094685785650545 10.440404188748028 14.63618681101917 25.064383724971297 0.07227974607411533 0.12786869277011548 p s
0.27 22 6.241994559697785 10.69267175314324 14.822854225253938 25.38445743107714 0.06913444174352441 0.1226553004577144 p s
0.28 22 6.391095374275749 10.94800991290559 14.99477166650795 25.679197846125916 0.0660676944819413 0.11758809310749622 p s
0.29 22 6.541847817554225 11.206179095254825 15.153107173388536 25.950865238995927 0.06307802201824701 0.11266076798506608 p s
0.3 22 6.694122346890984 11.46695855380339 15.299223995043379 26.20157766097339 0.060157548858869425 0.10786498260718724 p s
0.31 22 6.847799421554151 11.730144731566183 15.43394778785206 26.43266984669463 0.057306428698817725 0.10320377699973168 p s
0.32 22 7.002768675281248 11.995549889379733 15.558478031059968 26.6457200111866 0.0545146877145225 0.09867290284426848 p s
0.33 22 7.158928057062714 12.263000724146163 15.672560939974979 26.841933751565872 0.05180408669996302 0.09427328140231195 p s
0.34 22 7.316183187306206 12.532337303434492 15.777313859220127 27.022933563106854 0.0491649281839901 0.08999366525928632 p s
0.35000000000000003 22 7.474446768737895 12.803411784566132 15.874032475201858 27.18968418432826 0.0465787362339756 0.08583507125403532 p s
0.36 22 7.633637822110672 13.076087483557696 15.962987498259814 27.343351070436192 0.04405118586282319 0.08179149485806017 p s
0.37 22 7.793681209813928 13.350237941406741 16.0446005651375 27.48440254478777 0.0415838416255731 0.07787374924726571 p s
0.38 22 7.954507181854369 13.625746007466397 16.1193017653701 27.61527498281794 0.03917747689715432 0.07403415422734363 p s
0.39 22 8.116050795426133 13.902503123580297 16.18856705330906 27.734786341584257 0.03679495746375928 0.07032783368954147 p s
0.4 22 8.278251511560718 14.180408725273526 16.250962222151365 27.84480765339153 0.03449857668314797 0.06671878788145665 p s
0.41000000000000003 22 8.441053071897443 14.459369292152521 16.308559954386556 27.945628055284043 0.03222520040441304 0.06321734720774547 p s
0.42 22 8.604402610610205 14.739298131317947 16.360684300912798 28.03857536429636 0.03001211909108152 0.059795825954678104 p s
0.43 22 8.768250754015217 15.020114668907691 16.40821573781992 28.123601271161267 0.027834231912828244 0.056473843727128006 p s
0.44 22 8.932551477861125 15.301743946453128 16.451215267906505 28.20138981327176 0.025699390307270115 0.05324379670921505 p s
0.45 22 9.069463969023907 15.584116246373858 13.65730398910466 28.272186799648008 -0.08639766471433338 0.05011497166722866 P s
0.46 22 9.206028282268694 15.867166841864554 13.65730398910466 28.33700950741006 -0.08639766471433338 0.04706057305832707 P s
0.47000000000000003 22 9.342592595513484 16.15083519842025 13.65730398910466 28.39582052429159 -0.08639766471433338 0.044100149034383314 P s
0.48 22 9.479156908758267 16.435065384665762 13.65730398910466 28.44904116593638 -0.08639766471433338 0.041232509332326084 P s
0.49 22 9.615721222003053 16.719805000862237 13.65730398910466 28.497569386045917 -0.08639766471433338 0.038426454659258494 P s
0.5 22 9.75228553524784 16.986659531570773 13.65730398910466 24.66500694889536 -0.08639766471433338 -0.1340031436118988 P S
0.51 22 9.88884984849263 17.233300874413473 13.65730398910466 24.66500694889536 -0.08639766471433338 -0.1340031436118988 P S
0.52 22 10.02541416173742 17.47994221725616 13.65730398910466 24.66500694889536 -0.08639766471433338 -0.1340031436118988 P S
0.53 22 10.161978474982202 17.72658356009886 13.65730398910466 24.66500694889536 -0.08639766471433338 -0.1340031436118988 P S
0.54 22 10.298542788226985 17.973224902941553 13.65730398910466 24.66500694889536 -0.08639766471433338 -0.1340031436118988 P S
0.55 22 10.435107101471775 18.21986624578424 13.65730398910466 24.66500694889536 -0.08639766471433338 -0.1340031436118988 P S
0.56 22 10.571671414716562 18.46650758862694 13.65730398910466 24.66500694889536 -0.08639766471433338 -0.1340031436118988 P S
0.5700000000000001 22 10.708235727961345 18.713148931469625 13.65730398910466 24.66500694889536 -0.08639766471433338 -0.1340031436118988 P S
0.58 22 10.844800041206135 18.959790274312326 13.65730398910466 24.66500694889536 -0.08639766471433338 -0.1340031436118988 P S
0.59 22 10.981364354450918 19.206431617155012 13.65730398910466 24.66500694889536 -0.08639766471433338 -0.1340031436118988 P S
0.6 22 11.117928667695708 19.453072959997712 13.65730398910466 24.66500694889536 -0.08639766471433338 -0.1340031436118988 P S
0.61 22 11.254492980940498 19.6997143028404 13.65730398910466 24.66500694889536 -0.08639766471433338 -0.1340031436118988 P S
0.62 22 11.39105729418528 19.9463556456831 13.65730398910466 24.66500694889536 -0.08639766471433338 -0.1340031436118988 P S
0.63 22 11.527621607430063 20.192996988525792 13.65730398910466 24.66500694889536 -0.08639766471433338 -0.1340031436118988 P S
0.64 22 11.664185920674853 20.439638331368485 13.65730398910466 24.66500694889536 -0.08639766471433338 -0.1340031436118988 P S
0.65 22 11.80075023391964 20.68627967421118 13.65730398910466 24.66500694889536 -0.08639766471433338 -0.1340031436118988 P S
0.66 22 11.93731454716443 20.93292101705387 13.65730398910466 24.66500694889536 -0.08639766471433338 -0.1340031436118988 P S
0.67 22 12.073878860409213 21.179562359896565 13.65730398910466 24.66500694889536 -0.08639766471433338 -0.1340031436118988 P S
0.68 22 12.210443173654003 21.426203702739265 13.65730398910466 24.66500694889536 -0.08639766471433338 -0.1340031436118988 P S
0.6900000000000001 22 12.347007486898786 21.67284504558195 13.65730398910466 24.66500694889536 -0.08639766471433338 -0.1340031436118988 P S
0.7000000000000001 22 12.483571800143576 21.919486388424644 13.65730398910466 24.66500694889536 -0.08639766471433338 -0.1340031436118988 P S
0.71 22 12.620136113388359 22.166127731267338 13.65730398910466 24.66500694889536 -0.08639766471433338 -0.1340031436118988 P S
0.72 22 12.756700426633149 22.412769074110038 13.65730398910466 24.66500694889536 -0.08639766471433338 -0.1340031436118988 P S
0.73 22 12.893264739877932 22.659410416952724 13.65730398910466 24.66500694889536 -0.08639766471433338 -0.1340031436118988 P S
0.74 22 13.029829053122722 22.906051759795425 13.65730398910466 24.66500694889536 -0.08639766471433338 -0.1340031436118988 P S
0.75 22 13.166393366367505 23.15269310263811 13.65730398910466 24.66500694889536 -0.08639766471433338 -0.1340031436118988 P S
0.76 22 13.302957679612291 23.399334445480804 13.65730398910466 24.66500694889536 -0.08639766471433338 -0.1340031436118988 P S
0.77 22 13.439521992857077 23.645975788323497 13.65730398910466 24.66500694889536 -0.08639766471433338 -0.1340031436118988 P S
0.78 22 13.576086306101864 23.89261713116619 13.65730398910466 24.66500694889536 -0.08639766471433338 -0.1340031436118988 P S
0.79 22 13.712650619346654 24.13925847400889 13.65730398910466 24.66500694889536 -0.08639766471433338 -0.1340031436118988 P S
0.8 22 13.849214932591437 24.385899816851577 13.65730398910466 24.66500694889536 -0.08639766471433338 -0.1340031436118988 P S
0.81 22 13.985779245836227 24.632541159694277 13.65730398910466 24.66500694889536 -0.08639766471433338 -0.1340031436118988 P S
0.8200000000000001 22 14.12234355908101 24.879182502536963 13.65730398910466 24.66500694889536 -0.08639766471433338 -0.1340031436118988 P S
0.8300000000000001 22 14.2589078723258 25.125823845379664 13.65730398910466 24.66500694889536 -0.08639766471433338 -0.1340031436118988 P S
0.84 22 14.395472185570583 25.37246518822235 13.65730398910466 24.66500694889536 -0.08639766471433338 -0.1340031436118988 P S
0.85 22 14.532036498815373 25.61910653106505 13.65730398910466 24.66500694889536 -0.08639766471433338 -0.1340031436118988 P S
0.86 22 14.668600812060156 25.865747873907743 13.65730398910466 24.66500694889536 -0.08639766471433338 -0.1340031436118988 P S
0.87 22 14.805165125304942 26.112389216750437 13.65730398910466 24.66500694889536 -0.08639766471433338 -0.1340031436118988 P S
0.88 22 14.941729438549732 26.35903055959313 13.65730398910466 24.66500694889536 -0.08639766471433338 -0.1340031436118988 P S
0.89 22 15.078293751794522 26.605671902435823 13.65730398910466 24.66500694889536 -0.08639766471433338 -0.1340031436118988 P S
0.9 22 15.214858065039305 26.852313245278516 13.65730398910466 24.66500694889536 -0.08639766471433338 -0.1340031436118988 P S
0.91 22 15.351422378284088 27.09895458812121 13.65730398910466 24.66500694889536 -0.08639766471433338 -0.1340031436118988 P S
0.92 22 15.487986691528878 27.345595930963903 13.65730398910466 24.66500694889536 -0.08639766471433338 -0.1340031436118988 P S
0.93 22 15.624551004773664 27.592237273806603 13.65730398910466 24.66500694889536 -0.08639766471433338 -0.1340031436118988 P S
0.9400000000000001 22 15.761115318018451 27.83887861664929 13.65730398910466 24.66500694889536 -0.08639766471433338 -0.1340031436118988 P S
0.9500000000000001 22 15.897679631263237 28.085519959491982 13.65730398910466 24.66500694889536 -0.08639766471433338 -0.1340031436118988 P S
0.96 22 16.034243944508024 28.332161302334676 13.65730398910466 24.66500694889536 -0.08639766471433338 -0.1340031436118988 P S
0.97 22 16.17080825775281 28.57880264517737 13.65730398910466 24.66500694889536 -0.08639766471433338 -0.1340031436118988 P S
0.98 22 16.307372570997593 28.825443988020062 13.65730398910466 24.66500694889536 -0.08639766471433338 -0.1340031436118988 P S
0.99 22 16.443936884242383 29.072085330862755 13.65730398910466 24.66500694889536 -0.08639766471433338 -0.1340031436118988 P S
1.0 22 16.58050119748717 29.31872667370545 13.65730398910466 24.66500694889536 -0.08639766471433338 -0.1340031436118988 P S
1.01 22 16.717065510731956 29.565368016548142 13.65730398910466 24.66500694889536 -0.08639766471433338 -0.1340031436118988 P S
1.02 22 16.853629823976743 29.812009359390835 13.65730398910466 24.66500694889536 -0.08639766471433338 -0.1340031436118988 P S
1.03 22 16.99019413722153 30.05865070223353 13.65730398910466 24.66500694889536 -0.08639766471433338 -0.1340031436118988 P S
1.04 22 17.126758450466316 30.30529204507623 13.65730398910466 24.66500694889536 -0.08639766471433338 -0.1340031436118988 P S
1.05 22 17.263322763711102 30.551933387918922 13.65730398910466 24.66500694889536 -0.08639766471433338 -0.1340031436118988 P S
1.06 22 17.39988707695589 30.798574730761615 13.65730398910466 24.66500694889536 -0.08639766471433338 -0.1340031436118988 P S
1.07 22 17.536451390200675 31.04521607360431 13.65730398910466 24.66500694889536 -0.08639766471433338 -0.1340031436118988 P S
1.08 22 17.67301570344546 31.291857416447 13.65730398910466 24.66500694889536 -0.08639766471433338 -0.1340031436118988 P S
1.09 22 17.809580016690248 31.538498759289695 13.65730398910466 24.66500694889536 -0.08639766471433338 -0.1340031436118988 P S
1.1 22 17.946144329935038 31.785140102132388 13.65730398910466 24.66500694889536 -0.08639766471433338 -0.1340031436118988 P S
1.11 22 18.082708643179824 32.03178144497508 13.65730398910466 24.66500694889536 -0.08639766471433338 -0.1340031436118988 P S
1.12 22 18.21927295642461 32.278422787817775 13.65730398910466 24.66500694889536 -0.08639766471433338 -0.1340031436118988 P S
1.1300000000000001 22 18.355837269669397 32.52506413066047 13.65730398910466 24.66500694889536 -0.08639766471433338 -0.1340031436118988 P S
1.1400000000000001 22 18.492401582914184 32.77170547350316 13.65730398910466 24.66500694889536 -0.08639766471433338 -0.1340031436118988 P S
1.1500000000000001 22 18.62896589615897 33.01834681634586 13.65730398910466 24.66500694889536 -0.08639766471433338 -0.1340031436118988 P S
1.16 22 18.765530209403753 33.26498815918855 13.65730398910466 24.66500694889536 -0.08639766471433338 -0.1340031436118988 P S
1.17 22 18.90209452264854 33.51162950203124 13.65730398910466 24.66500694889536 -0.08639766471433338 -0.1340031436118988 P S
1.18 22 19.038658835893326 33.758270844873934 13.65730398910466 24.66500694889536 -0.08639766471433338 -0.1340031436118988 P S
1.19 22 19.175223149138112 34.00491218771663 13.65730398910466 24.66500694889536 -0.08639766471433338 -0.1340031436118988 P S
1.2 22 19.3117874623829 34.25155353055932 13.65730398910466 24.66500694889536 -0.08639766471433338 -0.1340031436118988 P S
1.21 22 19.448351775627685 34.498194873402014 13.65730398910466 24.66500694889536 -0.08639766471433338 -0.1340031436118988 P S
1.22 22 19.584916088872475 34.74483621624471 13.65730398910466 24.66500694889536 -0.08639766471433338 -0.1340031436118988 P S
1.23 22 19.721480402117262 34.9914775590874 13.65730398910466 24.66500694889536 -0.08639766471433338 -0.1340031436118988 P S
1.24 22 19.85804471536205 35.23811890193009 13.65730398910466 24.66500694889536 -0.08639766471433338 -0.1340031436118988 P S
1.25 22 19.99460902860683 35.48476024477279 13.65730398910466 24.66500694889536 -0.08639766471433338 -0.1340031436118988 P S
1.26 22 20.131173341851618 35.73140158761548 13.65730398910466 24.66500694889536 -0.08639766471433338 -0.1340031436118988 P S
1.27 22 20.267737655096408 35.97804293045817 13.65730398910466 24.66500694889536 -0.08639766471433338 -0.1340031436118988 P S
1.28 22 20.404301968341194 36.224684273300866 13.65730398910466 24.66500694889536 -0.08639766471433338 -0.1340031436118988 P S
1.29 22 20.54086628158598 36.47132561614356 13.65730398910466 24.66500694889536 -0.08639766471433338 -0.1340031436118988 P S
1.3 22 20.677430594830767 36.71796695898625 13.65730398910466 24.66500694889536 -0.08639766471433338 -0.1340031436118988 P S
1.31 22 20.813994908075554 36.964608301828946 13.65730398910466 24.66500694889536 -0.08639766471433338 -0.1340031436118988 P S
1.32 22 20.950559221320344 37.211249644671646 13.65730398910466 24.66500694889536 -0.08639766471433338 -0.1340031436118988 P S
1.33 22 21.087123534565126 37.45789098751434 13.65730398910466 24.66500694889536 -0.08639766471433338 -0.1340031436118988 P S
1.34 22 21.223687847809913 37.70453233035703 13.65730398910466 24.66500694889536 -0.08639766471433338 -0.1340031436118988 P S
1.35 22 21.3602521610547 37.95117367319972 13.65730398910466 24.66500694889536 -0.08639766471433338 -0.1340031436118988 P S
1.36 22 21.49681647429949 38.197815016042426 13.65730398910466 24.66500694889536 -0.08639766471433338 -0.1340031436118988 P S
1.37 22 21.633380787544276 38.44445635888512 13.65730398910466 24.66500694889536 -0.08639766471433338 -0.1340031436118988 P S
1.3800000000000001 22 21.76994510078906 38.691097701727806 13.65730398910466 24.66500694889536 -0.08639766471433338 -0.1340031436118988 P S
1.3900000000000001 22 21.906509414033845 38.9377390445705 13.65730398910466 24.66500694889536 -0.08639766471433338 -0.1340031436118988 P S
1.4000000000000001 22 22.04307372727863 39.18438038741319 13.65730398910466 24.664134284269352 -0.08639766471433338 -0.1340161349364517 P S
0.01 23 3.864960055791075 6.624266481523016 0.892958643653454 1.5302311214234094 0.14840353060455552 0.25722962648198694 p s
0.02 23 3.878330849846714 6.647179446319446 1.779630463164382 3.0496792757953672 0.14775633219843257 0.2561331810931001 p s
0.03 23 3.9005114372307195 6.685189341909884 2.6539261467746758 4.54792849453905 0.14669152560198698 0.25432947616565743 p s
0.04 23 3.9313494148856836 6.738034945246882 3.510169518549965 6.015273480746657 0.14522911160853474 0.2518526842538855 p s
0.05 23 3.9706385277664284 6.805362727258625 4.343370492848983 7.442999286394419 0.14339531703553593 0.24874804461985617 p s
0.06 23 4.01812510465705 6.886737921578298 5.1490263238209595 8.82361296672486 0.14122195171731872 0.24506954025776334 p s
0.07 23 4.073515569940405 6.981657331622777 5.923582459060861 10.150934298801843 0.13874415348951774 0.2408774839334459 p s
0.08 23 4.136484407994036 7.089563062459342 6.664270457928841 11.420203815561889 0.13599924263258334 0.23623581752883735 p s
0.09 23 4.206682284847335 7.209856407744885 7.369082821746839 12.62790819178948 0.13302544524496834 0.2312103255419842 p s
0.1 23 4.283743841200791 7.341911219986863 8.036872958551847 13.772212669043226 0.12986003069566934 0.22586432602792636 p s
0.11 23 4.367294893100633 7.4850862587445315 8.667016168894419 14.851976815576155 0.12653949477767232 0.22026063583818417 p s
0.12 23 4.456958817099747 7.638736140174697 9.25949791302042 15.867134033829611 0.12309814118309319 0.21445831262571333 p s
0.13 23 4.55236200577571 7.802220693678051 9.814994831702341 16.819073175535813 0.11956633397364522 0.20850804599084122 p s
0.14 23 4.653138366806004 7.97491267519386 10.33423052350151 17.709099794228422 0.1159735846955479 0.20245968913537957 p s
0.15 23 4.758932858104983 8.156203843778636 10.818612378286762 18.539270041738444 0.11234375496078264 0.19635657740364781 p s
0.16 23 4.8694041604561065 8.345509543510214 11.269950677593771 19.312587971184765 0.1086956400574331 0.19023216226519837 p s
0.17 23 4.984226581309708 8.542271935294428 11.689356221860567 20.03119530581193 0.10505178931135989 0.18412341730369003 p s
0.18 23 5.103091250206515 8.745962096510299 12.0785204889884 20.698491429510376 0.10142841279181095 0.17805357577521885 p s
0.19 23 5.225706765366997 8.95608115584908 12.439820383482285 21.317427006102523 0.09783253215284086 0.17204547914098622 p s
0.2 23 5.35179944296403 9.172160613887737 12.774846689095575 21.8909655413611 0.09427577226739034 0.16611796506310123 p s
0.21 23 5.481113078950579 9.393762101411298 13.084216534289595 22.422245974425802 0.09077906836894449 0.16028387692831325 p s
0.22 23 5.613408626032608 9.620476659702579 13.371092468178453 22.914061730516345 0.08733252857532267 0.15455554710670116 p s
0.23 23 5.7484635021632515 9.851923682105543 13.636430990801278 23.369027117823432 0.08394841793060503 0.1489436238483074 p s
0.24 23 5.886070860308275 10.087749613465993 13.88182364890833 23.790383369090538 0.0806296332701341 0.14344665315024843 p s
0.25 23 6.026038751394504 10.327626549122947 14.108652366800774 24.17989893176246 0.07737954965285587 0.1380782035300162 p s
0.26 23 6.168189237277615 10.571250681635536 14.31876939084064 24.540211318845138 0.07419205544819812 0.13283710347099728 p s
0.27 23 6.312357450203985 10.818340786075073 14.512921977578003 24.873167588424362 0.0710752187143447 0.12772992747209447 p s
0.28 23 6.458390757777422 11.068636644696417 14.691633606633905 25.181690664690603 0.06804066209389514 0.12274289942049214 p s
0.29 23 6.606147860881939 11.321897617499928 14.857293661651985 25.46682369757692 0.06506606566087114 0.11788855726540577 p s
0.3 23 6.755497916926142 11.57790114604927 15.010236838795143 25.730484759161765 0.06216194109961872 0.11316300293954419 p s
0.31 23 6.906319750546203 11.836441352028718 15.151634410780495 25.974332204343003 0.059322397912981606 0.1085636163012696 p s
0.32 23 7.0585011161877915 12.09732787057308 15.282985414150335 26.20002880679303 0.056531399814397 0.10408453349479957 p s
0.33 23 7.211937939767039 12.360384510713871 15.403081777814334 26.408749750302892 0.05383042358723949 0.09972676113586519 p s
0.34 23 7.366533754470939 12.625448197411052 15.51411882963625 26.601589272109344 0.051186322417495676 0.0954912554298976 p s
0.35000000000000003 23 7.522198894522231 12.892367852702021 15.61709391535264 26.779957575700156 0.04858747833621243 0.09136972265302938 p s
0.36 23 7.678850154149308 13.161003582160149 15.711806417959922 26.944982358277183 0.04605146747720239 0.08735733068716155 p s
0.37 23 7.8364100919601185 13.431225643769588 15.798976130437381 27.097155719033193 0.04357250970199684 0.0834632999656115 p s
0.38 23 7.994806600095039 13.702913639567118 15.87920355205245 27.23830825685766 0.04114605031366508 0.07966032249035442 p s
0.39 23 8.153972518395245 13.975955897502804 15.952971467919724 27.36844504217396 0.03876936430116207 0.07596689639479005 p s
0.4 23 8.30129699824732 14.250248667429886 13.65730398910466 27.488901936396324 -0.08367351111114335 0.0723635611896869 P s
0.41000000000000003 23 8.437861311492103 14.525695451157619 13.65730398910466 27.599335321021776 -0.08367351111114335 0.06887970642363656 P s
0.42 23 8.574425624736893 14.802206669347227 13.65730398910466 27.701548301315864 -0.08367351111114335 0.06547681646030219 P s
0.43 23 8.710989937981676 15.079698880296865 13.65730398910466 27.79572298686778 -0.08367351111114335 0.062164881687272217 P s
0.44 23 8.847554251226466 15.358094470959777 13.65730398910466 27.882270692134675 -0.08367351111114335 0.058946612918890605 P s
0.45 23 8.984118564471249 15.620494296717666 13.65730398910466 24.66500694889536 -0.08367351111114335 -0.13095424126387936 P S
0.46 23 9.120682877716039 15.867135639560352 13.65730398910466 24.66500694889536 -0.08367351111114335 -0.13095424126387936 P S
0.47000000000000003 23 9.257247190960829 16.11377698240304 13.65730398910466 24.66500694889536 -0.08367351111114335 -0.13095424126387936 P S
0.48 23 9.393811504205612 16.36041832524574 13.65730398910466 24.66500694889536 -0.08367351111114335 -0.13095424126387936 P S
0.49 23 9.530375817450395 16.607059668088432 13.65730398910466 24.66500694889536 -0.08367351111114335 -0.13095424126387936 P S
0.5 23 9.666940130695185 16.853701010931125 13.65730398910466 24.66500694889536 -0.08367351111114335 -0.13095424126387936 P S
0.51 23 9.803504443939971 17.10034235377382 13.65730398910466 24.66500694889536 -0.08367351111114335 -0.13095424126387936 P S
0.52 23 9.940068757184761 17.346983696616512 13.65730398910466 24.66500694889536 -0.08367351111114335 -0.13095424126387936 P S
0.53 23 10.076633070429544 17.593625039459205 13.65730398910466 24.66500694889536 -0.08367351111114335 -0.13095424126387936 P S
0.54 23 10.213197383674327 17.840266382301905 13.65730398910466 24.66500694889536 -0.08367351111114335 -0.13095424126387936 P S
0.55 23 10.349761696919117 18.08690772514459 13.65730398910466 24.66500694889536 -0.08367351111114335 -0.13095424126387936 P S
0.56 23 10.486326010163907 18.333549067987292 13.65730398910466 24.66500694889536 -0.08367351111114335 -0.13095424126387936 P S
0.5700000000000001 23 10.62289032340869 18.580190410829978 13.65730398910466 24.66500694889536 -0.08367351111114335 -0.13095424126387936 P S
0.58 23 10.75945463665348 18.82683175367268 13.65730398910466 24.66500694889536 -0.08367351111114335 -0.13095424126387936 P S
0.59 23 10.896018949898263 19.073473096515364 13.65730398910466 24.66500694889536 -0.08367351111114335 -0.13095424126387936 P S
0.6 23 11.03258326314305 19.320114439358065 13.65730398910466 24.66500694889536 -0.08367351111114335 -0.13095424126387936 P S
0.61 23 11.16914757638784 19.56675578220075 13.65730398910466 24.66500694889536 -0.08367351111114335 -0.13095424126387936 P S
0.62 23 11.305711889632622 19.813397125043444 13.65730398910466 24.66500694889536 -0.08367351111114335 -0.13095424126387936 P S
0.63 23 11.442276202877405 20.060038467886145 13.65730398910466 24.66500694889536 -0.08367351111114335 -0.13095424126387936 P S
0.64 23 11.578840516122195 20.30667981072883 13.65730398910466 24.66500694889536 -0.08367351111114335 -0.13095424126387936 P S
0.65 23 11.715404829366985 20.55332115357153 13.65730398910466 24.66500694889536 -0.08367351111114335 -0.13095424126387936 P S
0.66 23 11.851969142611775 20.799962496414217 13.65730398910466 24.66500694889536 -0.08367351111114335 -0.13095424126387936 P S
0.67 23 11.988533455856558 21.046603839256917 13.65730398910466 24.66500694889536 -0.08367351111114335 -0.13095424126387936 P S
0.68 23 12.125097769101345 21.293245182099618 13.65730398910466 24.66500694889536 -0.08367351111114335 -0.13095424126387936 P S
0.6900000000000001 23 12.261662082346131 21.539886524942304 13.65730398910466 24.66500694889536 -0.08367351111114335 -0.13095424126387936 P S
0.7000000000000001 23 12.398226395590918 21.786527867784997 13.65730398910466 24.66500694889536 -0.08367351111114335 -0.13095424126387936 P S
0.71 23 12.5347907088357 22.03316921062769 13.65730398910466 24.66500694889536 -0.08367351111114335 -0.13095424126387936 P S
0.72 23 12.67135502208049 22.279810553470384 13.65730398910466 24.66500694889536 -0.08367351111114335 -0.13095424126387936 P S
0.73 23 12.807919335325273 22.526451896313077 13.65730398910466 24.66500694889536 -0.08367351111114335 -0.13095424126387936 P S
0.74 23 12.944483648570063 22.77309323915577 13.65730398910466 24.66500694889536 -0.08367351111114335 -0.13095424126387936 P S
0.75 23 13.081047961814846 23.019734581998456 13.65730398910466 24.66500694889536 -0.08367351111114335 -0.13095424126387936 P S
0.76 23 13.217612275059636 23.266375924841157 13.65730398910466 24.66500694889536 -0.08367351111114335 -0.13095424126387936 P S
0.77 23 13.35417658830442 23.51301726768385 13.65730398910466 24.66500694889536 -0.08367351111114335 -0.13095424126387936 P S
0.78 23 13.49074090154921 23.759658610526543 13.65730398910466 24.66500694889536 -0.08367351111114335 -0.13095424126387936 P S
0.79 23 13.627305214793996 24.006299953369243 13.65730398910466 24.66500694889536 -0.08367351111114335 -0.13095424126387936 P S
0.8 23 13.763869528038782 24.25294129621193 13.65730398910466 24.66500694889536 -0.08367351111114335 -0.13095424126387936 P S
0.81 23 13.900433841283569 24.49958263905463 13.65730398910466 24.66500694889536 -0.08367351111114335 -0.13095424126387936 P S
0.8200000000000001 23 14.036998154528352 24.746223981897316 13.65730398910466 24.66500694889536 -0.08367351111114335 -0.13095424126387936 P S
0.8300000000000001 23 14.173562467773142 24.99286532474001 13.65730398910466 24.66500694889536 -0.08367351111114335 -0.13095424126387936 P S
0.84 23 14.310126781017924 25.239506667582702 13.65730398910466 24.66500694889536 -0.08367351111114335 -0.13095424126387936 P S
0.85 23 14.446691094262714 25.486148010425396 13.65730398910466 24.66500694889536 -0.08367351111114335 -0.13095424126387936 P S
0.86 23 14.583255407507497 25.73278935326809 13.65730398910466 24.66500694889536 -0.08367351111114335 -0.13095424126387936 P S
0.87 23 14.719819720752287 25.979430696110782 13.65730398910466 24.66500694889536 -0.08367351111114335 -0.13095424126387936 P S
0.88 23 14.856384033997077 26.226072038953475 13.65730398910466 24.66500694889536 -0.08367351111114335 -0.13095424126387936 P S
0.89 23 14.992948347241864 26.472713381796176 13.65730398910466 24.66500694889536 -0.08367351111114335 -0.13095424126387936 P S
0.9 23 15.129512660486647 26.71935472463887 13.65730398910466 24.66500694889536 -0.08367351111114335 -0.13095424126387936 P S
0.91 23 15.266076973731433 26.965996067481562 13.65730398910466 24.66500694889536 -0.08367351111114335 -0.13095424126387936 P S
0.92 23 15.40264128697622 27.212637410324255 13.65730398910466 24.66500694889536 -0.08367351111114335 -0.13095424126387936 P S
0.93 23 15.53920560022101 27.45927875316695 13.65730398910466 24.66500694889536 -0.08367351111114335 -0.13095424126387936 P S
0.9400000000000001 23 15.675769913465793 27.705920096009642 13.65730398910466 24.66500694889536 -0.08367351111114335 -0.13095424126387936 P S
0.9500000000000001 23 15.812334226710579 27.952561438852335 13.65730398910466 24.66500694889536 -0.08367351111114335 -0.13095424126387936 P S
0.96 23 15.948898539955366 28.19920278169503 13.65730398910466 24.66500694889536 -0.08367351111114335 -0.13095424126387936 P S
0.97 23 16.085462853200156 28.44584412453772 13.65730398910466 24.66500694889536 -0.08367351111114335 -0.13095424126387936 P S
0.98 23 16.22202716644494 28.692485467380408 13.65730398910466 24.66500694889536 -0.08367351111114335 -0.13095424126387936 P S
0.99 23 16.358591479689725 28.939126810223108 13.65730398910466 24.66500694889536 -0.08367351111114335 -0.13095424126387936 P S
1.0 23 16.49515579293451 29.1857681530658 13.65730398910466 24.66500694889536 -0.08367351111114335 -0.13095424126387936 P S
1.01 23 16.631720106179298 29.432409495908495 13.65730398910466 24.66500694889536 -0.08367351111114335 -0.13095424126387936 P S
1.02 23 16.768284419424084 29.679050838751188 13.65730398910466 24.66500694889536 -0.08367351111114335 -0.13095424126387936 P S
1.03 23 16.90484873266887 29.92569218159388 13.65730398910466 24.66500694889536 -0.08367351111114335 -0.13095424126387936 P S
1.04 23 17.04141304591366 30.172333524436574 13.65730398910466 24.66500694889536 -0.08367351111114335 -0.13095424126387936 P S
1.05 23 17.177977359158447 30.418974867279267 13.65730398910466 24.66500694889536 -0.08367351111114335 -0.13095424126387936 P S
1.06 23 17.314541672403234 30.66561621012196 13.65730398910466 24.66500694889536 -0.08367351111114335 -0.13095424126387936 P S
1.07 23 17.45110598564802 30.912257552964654 13.65730398910466 24.66500694889536 -0.08367351111114335 -0.13095424126387936 P S
1.08 23 17.587670298892807 31.158898895807347 13.65730398910466 24.66500694889536 -0.08367351111114335 -0.13095424126387936 P S
1.09 23 17.724234612137593 31.40554023865004 13.65730398910466 24.66500694889536 -0.08367351111114335 -0.13095424126387936 P S
1.1 23 17.86079892538238 31.65218158149274 13.65730398910466 24.66500694889536 -0.08367351111114335 -0.13095424126387936 P S
1.11 23 17.997363238627166 31.898822924335434 13.65730398910466 24.66500694889536 -0.08367351111114335 -0.13095424126387936 P S
1.12 23 18.133927551871952 32.14546426717813 13.65730398910466 24.66500694889536 -0.08367351111114335 -0.13095424126387936 P S
1.1300000000000001 23 18.27049186511674 32.39210561002082 13.65730398910466 24.66500694889536 -0.08367351111114335 -0.13095424126387936 P S
1.1400000000000001 23 18.407056178361525 32.638746952863514 13.65730398910466 24.66500694889536 -0.08367351111114335 -0.13095424126387936 P S
1.1500000000000001 23 18.543620491606315 32.88538829570621 13.65730398910466 24.66500694889536 -0.08367351111114335 -0.13095424126387936 P S
1.16 23 18.6801848048511 33.1320296385489 13.65730398910466 24.66500694889536 -0.08367351111114335 -0.13095424126387936 P S
1.17 23 18.816749118095885 33.37867098139159 13.65730398910466 24.66500694889536 -0.08367351111114335 -0.13095424126387936 P S
1.18 23 18.95331343134067 33.62531232423429 13.65730398910466 24.66500694889536 -0.08367351111114335 -0.13095424126387936 P S
1.19 23 19.089877744585458 33.87195366707698 13.65730398910466 24.66500694889536 -0.08367351111114335 -0.13095424126387936 P S
1.2 23 19.226442057830244 34.11859500991967 13.65730398910466 24.66500694889536 -0.08367351111114335 -0.13095424126387936 P S
1.21 23 19.363006371075027 34.365236352762366 13.65730398910466 24.66500694889536 -0.08367351111114335 -0.13095424126387936 P S
1.22 23 19.499570684319817 34.61187769560506 13.65730398910466 24.66500694889536 -0.08367351111114335 -0.13095424126387936 P S
1.23 23 19.636134997564604 34.85851903844775 13.65730398910466 24.66500694889536 -0.08367351111114335 -0.13095424126387936 P S
1.24 23 19.77269931080939 35.105160381290446 13.65730398910466 24.66500694889536 -0.08367351111114335 -0.13095424126387936 P S
1.25 23 19.909263624054176 35.35180172413314 13.65730398910466 24.66500694889536 -0.08367351111114335 -0.13095424126387936 P S
1.26 23 20.045827937298963 35.59844306697583 13.65730398910466 24.66500694889536 -0.08367351111114335 -0.13095424126387936 P S
1.27 23 20.182392250543753 35.845084409818526 13.65730398910466 24.66500694889536 -0.08367351111114335 -0.13095424126387936 P S
1.28 23 20.318956563788536 36.09172575266122 13.65730398910466 24.66500694889536 -0.08367351111114335 -0.13095424126387936 P S
1.29 23 20.455520877033322 36.33836709550391 13.65730398910466 24.66500694889536 -0.08367351111114335 -0.13095424126387936 P S
1.3 23 20.59208519027811 36.585008438346605 13.65730398910466 24.66500694889536 -0.08367351111114335 -0.13095424126387936 P S
1.31 23 20.728649503522895 36.8316497811893 13.65730398910466 24.66500694889536 -0.08367351111114335 -0.13095424126387936 P S
1.32 23 20.865213816767685 37.078291124032 13.65730398910466 24.66500694889536 -0.08367351111114335 -0.13095424126387936 P S
1.33 23 21.00177813001247 37.32493246687469 13.65730398910466 24.66500694889536 -0.08367351111114335 -0.13095424126387936 P S
1.34 23 21.138342443257258 37.571573809717385 13.65730398910466 24.66500694889536 -0.08367351111114335 -0.13095424126387936 P S
1.35 23 21.27490675650204 37.81821515256007 13.65730398910466 24.66500694889536 -0.08367351111114335 -0.13095424126387936 P S
1.36 23 21.41147106974683 38.06485649540278 13.65730398910466 24.66500694889536 -0.08367351111114335 -0.13095424126387936 P S
1.37 23 21.548035382991618 38.31149783824547 13.65730398910466 24.66500694889536 -0.08367351111114335 -0.13095424126387936 P S
1.3800000000000001 23 21.684599696236404 38.55813918108815 13.65730398910466 24.66500694889536 -0.08367351111114335 -0.13095424126387936 P S
1.3900000000000001 23 21.821164009481187 38.804780523930845 13.65730398910466 24.664134284269352 -0.08367351111114335 -0.13096753502464797 P S
1.4000000000000001 23 21.957728322725973 39.051427996893764 13.65730398910466 24.664128481324255 -0.08367351111114335 -0.1309676234178825 P S
0.01 24 4.013151854772899 6.881676425334093 0.851260328161101 1.459687624518287 0.146901951182345 0.25571576272294055 p s
0.02 24 4.025900068571889 6.90353624306134 1.697006884284206 2.9099205825724614 0.1463074182720637 0.2547115750584049 p s
0.03 24 4.047055783594745 6.939812735997422 2.5318738101949285 4.341537001379088 0.14532822000859977 0.25305788565329546 p s
0.04 24 4.076485024143247 6.990276223049084 3.3509115483296683 5.745948748835451 0.14398114130994183 0.2507835632199889 p s
0.05 24 4.114005979828119 7.054615020343232 4.1495160350720575 7.115375346967769 0.1422887113953124 0.24792699620658668 p s
0.06 24 4.159394271324926 7.132444477667417 4.923767763696931 8.443026017472464 0.14027779256910644 0.24453429801356363 p s
0.07 24 4.212389099857692 7.223317522073805 5.6702592230432645 9.723235242033113 0.13797895250655742 0.240657244229756 p s
0.08 24 4.272699902311925 7.326736082359783 6.386550471167661 10.951425021001056 0.13542397292857755 0.2363515216946969 p s
0.09 24 4.3400131761608645 7.442162782389516 7.07054313398417 12.124394657313443 0.13264667809120828 0.2316737051702065 p s
0.1 24 4.41399913524753 7.56903237099764 7.720931685350819 13.23978043656541 0.129680414369641 0.22668126998301075 p s
0.11 24 4.494317959087658 7.706762439418487 8.337061561287234 14.296271941894572 0.12655729171365346 0.22143017110963903 p s
0.12 24 4.580625444955844 7.854763109704214 8.91866217510937 15.293900739874006 0.12330851588830205 0.2159712753483046 p s
0.13 24 4.672577935256681 8.01244550626519 9.46611904895017 16.232766968702812 0.11996204256959295 0.2103555263221087 p s
0.14 24 4.769836486024065 8.179228884636247 9.979839486399296 17.11412466653418 0.11654555661963417 0.20462695483815196 p s
0.15 24 4.8720702343339655 8.35454644259745 10.461348136011283 17.940001979819836 0.11307849645071 0.19882287075841257 p s
0.16 24 4.978959076792254 8.537849877709514 10.911118374707515 18.711892881971032 0.10958659675042103 0.19298236224096346 p s
0.17 24 5.090195598312993 8.728612735889493 11.33110128075897 19.43230617079036 0.10608320305576295 0.18713498565562264 p s
0.18 24 5.205486485190837 8.926332802468021 11.722323148439333 20.10375918853164 0.10258724544475345 0.18130713597833395 p s
0.19 24 5.324553359185445 9.130533590815421 12.08643055706697 20.728602406292175 0.09911081947075141 0.17552375700603054 p s
0.2 24 5.447133221281493 9.340765050701153 12.425219152540027 21.310332685873128 0.09566223402739611 0.16979551847181779 p s
0.21 24 5.5729785707384885 9.556603788129856 12.740252817392353 21.85076922036308 0.09224970614715164 0.16414568356410136 p s
0.22 24 5.7018571636807875 9.777652728711429 13.031774955155953 22.352709427117684 0.08889493279350029 0.1585848888257968 p s
0.23 24 5.833551700082567 10.003540475358923 13.30335889965909 22.818929226784903 0.08557921876849359 0.15311999803896176 p s
0.24 24 5.967859282760848 10.23392041175877 13.55460908269797 23.251433794674313 0.08232851512709265 0.14776348050109697 p s
0.25 24 6.104590695867061 10.468469583872448 13.788189862305288 23.65310284293418 0.07912895354947802 0.14251372812713156 p s
0.26 24 6.243569825832164 10.70688752948618 14.004736496943899 24.02567758522302 0.0759907044239046 0.1373802281254699 p s
0.27 24 6.384632785793195 10.948894978941118 14.205679344581785 24.371397097859756 0.07291142086227574 0.13236303360994828 p s
0.28 24 6.527627271618576 11.19423258625254 14.39142914976226 24.691667191596217 0.06990294073791271 0.12747152660208294 p s
0.29 24 6.672411705084348 11.442659585727043 14.563464586195229 24.989579385907373 0.06695902306171239 0.12268593264803956 p s
0.3 24 6.818854624715986 11.693952622188728 14.722786699115707 25.26556957788256 0.06407889772346405 0.11802528333549221 p s
0.31 24 6.966833789391362 11.947904445900996 14.8705750722725 25.521644109071747 0.061256425836818874 0.11348141486185113 p s
0.32 24 7.116235643717912 12.20432279985784 15.007428669786542 25.759103156901816 0.05849459476226541 0.10905543253508693 p s
0.33 24 7.262722124168825 12.463029245445735 13.65730398910466 25.97937957391203 -0.08094411018188007 0.10474377619451179 P s
0.34 24 7.399286437413608 12.723858266405056 13.65730398910466 26.18386208819614 -0.08094411018188007 0.10054103673684928 P s
0.35000000000000003 24 7.535850750658398 12.98665615734959 13.65730398910466 26.373526749257497 -0.08094411018188007 0.0964479899901372 P s
0.36 24 7.6724150639031805 13.25128017194847 13.65730398910466 26.549208799301628 -0.08094411018188007 0.09246718062994659 P s
0.37 24 7.8089793771479705 13.517453255430375 13.65730398910466 24.66500694889536 -0.08094411018188007 -0.1278883248729533 P S
0.38 24 7.945543690392753 13.764094598273068 13.65730398910466 24.66500694889536 -0.08094411018188007 -0.1278883248729533 P S
0.39 24 8.082108003637543 14.010735941115762 13.65730398910466 24.66500694889536 -0.08094411018188007 -0.1278883248729533 P S
0.4 24 8.218672316882333 14.257377283958462 13.65730398910466 24.66500694889536 -0.08094411018188007 -0.1278883248729533 P S
0.41000000000000003 24 8.355236630127116 14.504018626801148 13.65730398910466 24.66500694889536 -0.08094411018188007 -0.1278883248729533 P S
0.42 24 8.491800943371906 14.750659969643849 13.65730398910466 24.66500694889536 -0.08094411018188007 -0.1278883248729533 P S
0.43 24 8.62836525661669 14.997301312486535 13.65730398910466 24.66500694889536 -0.08094411018188007 -0.1278883248729533 P S
0.44 24 8.764929569861476 15.243942655329235 13.65730398910466 24.66500694889536 -0.08094411018188007 -0.1278883248729533 P S
0.45 24 8.901493883106262 15.490583998171921 13.65730398910466 24.66500694889536 -0.08094411018188007 -0.1278883248729533 P S
0.46 24 9.038058196351049 15.737225341014621 13.65730398910466 24.66500694889536 -0.08094411018188007 -0.1278883248729533 P S
0.47000000000000003 24 9.174622509595839 15.983866683857315 13.65730398910466 24.66500694889536 -0.08094411018188007 -0.1278883248729533 P S
0.48 24 9.311186822840622 16.230508026700008 13.65730398910466 24.66500694889536 -0.08094411018188007 -0.1278883248729533 P S
0.49 24 9.447751136085405 16.477149369542694 13.65730398910466 24.66500694889536 -0.08094411018188007 -0.1278883248729533 P S
0.5 24 9.584315449330195 16.723790712385387 13.65730398910466 24.66500694889536 -0.08094411018188007 -0.1278883248729533 P S
0.51 24 9.720879762574985 16.970432055228088 13.65730398910466 24.66500694889536 -0.08094411018188007 -0.1278883248729533 P S
0.52 24 9.857444075819771 17.217073398070788 13.65730398910466 24.66500694889536 -0.08094411018188007 -0.1278883248729533 P S
0.53 24 9.994008389064554 17.463714740913474 13.65730398910466 24.66500694889536 -0.08094411018188007 -0.1278883248729533 P S
0.54 24 10.13057270230934 17.71035608375616 13.65730398910466 24.66500694889536 -0.08094411018188007 -0.1278883248729533 P S
0.55 24 10.267137015554127 17.95699742659886 13.65730398910466 24.66500694889536 -0.08094411018188007 -0.1278883248729533 P S
0.56 24 10.403701328798917 18.20363876944156 13.65730398910466 24.66500694889536 -0.08094411018188007 -0.1278883248729533 P S
0.5700000000000001 24 10.5402656420437 18.450280112284247 13.65730398910466 24.66500694889536 -0.08094411018188007 -0.1278883248729533 P S
0.58 24 10.67682995528849 18.69692145512694 13.65730398910466 24.66500694889536 -0.08094411018188007 -0.1278883248729533 P S
0.59 24 10.813394268533273 18.943562797969633 13.65730398910466 24.66500694889536 -0.08094411018188007 -0.1278883248729533 P S
0.6 24 10.949958581778063 19.190204140812327 13.65730398910466 24.66500694889536 -0.08094411018188007 -0.1278883248729533 P S
0.61 24 11.08652289502285 19.436845483655027 13.65730398910466 24.66500694889536 -0.08094411018188007 -0.1278883248729533 P S
0.62 24 11.223087208267636 19.683486826497713 13.65730398910466 24.66500694889536 -0.08094411018188007 -0.1278883248729533 P S
0.63 24 11.359651521512419 19.9301281693404 13.65730398910466 24.66500694889536 -0.08094411018188007 -0.1278883248729533 P S
0.64 24 11.496215834757205 20.1767695121831 13.65730398910466 24.66500694889536 -0.08094411018188007 -0.1278883248729533 P S
0.65 24 11.632780148001995 20.4234108550258 13.65730398910466 24.66500694889536 -0.08094411018188007 -0.1278883248729533 P S
0.66 24 11.769344461246785 20.670052197868493 13.65730398910466 24.66500694889536 -0.08094411018188007 -0.1278883248729533 P S
0.67 24 11.905908774491568 20.916693540711186 13.65730398910466 24.66500694889536 -0.08094411018188007 -0.1278883248729533 P S
0.68 24 12.042473087736358 21.16333488355388 13.65730398910466 24.66500694889536 -0.08094411018188007 -0.1278883248729533 P S
0.6900000000000001 24 12.17903740098114 21.409976226396573 13.65730398910466 24.66500694889536 -0.08094411018188007 -0.1278883248729533 P S
0.7000000000000001 24 12.31560171422593 21.656617569239266 13.65730398910466 24.66500694889536 -0.08094411018188007 -0.1278883248729533 P S
0.71 24 12.452166027470714 21.903258912081952 13.65730398910466 24.66500694889536 -0.08094411018188007 -0.1278883248729533 P S
0.72 24 12.5887303407155 22.149900254924653 13.65730398910466 24.66500694889536 -0.08094411018188007 -0.1278883248729533 P S
0.73 24 12.725294653960287 22.39654159776734 13.65730398910466 24.66500694889536 -0.08094411018188007 -0.1278883248729533 P S
0.74 24 12.861858967205073 22.64318294061004 13.65730398910466 24.66500694889536 -0.08094411018188007 -0.1278883248729533 P S
0.75 24 12.998423280449856 22.889824283452725 13.65730398910466 24.66500694889536 -0.08094411018188007 -0.1278883248729533 P S
0.76 24 13.134987593694646 23.136465626295426 13.65730398910466 24.66500694889536 -0.08094411018188007 -0.1278883248729533 P S
0.77 24 13.271551906939429 23.38310696913812 13.65730398910466 24.66500694889536 -0.08094411018188007 -0.1278883248729533 P S
0.78 24 13.408116220184219 23.629748311980812 13.65730398910466 24.66500694889536 -0.08094411018188007 -0.1278883248729533 P S
0.79 24 13.544680533429009 23.876389654823505 13.65730398910466 24.66500694889536 -0.08094411018188007 -0.1278883248729533 P S
0.8 24 13.681244846673792 24.1230309976662 13.65730398910466 24.66500694889536 -0.08094411018188007 -0.1278883248729533 P S
0.81 24 13.817809159918582 24.36967234050889 13.65730398910466 24.66500694889536 -0.08094411018188007 -0.1278883248729533 P S
0.8200000000000001 24 13.954373473163365 24.616313683351585 13.65730398910466 24.66500694889536 -0.08094411018188007 -0.1278883248729533 P S
0.8300000000000001 24 14.090937786408151 24.862955026194278 13.65730398910466 24.66500694889536 -0.08094411018188007 -0.1278883248729533 P S
0.84 24 14.227502099652938 25.10959636903697 13.65730398910466 24.66500694889536 -0.08094411018188007 -0.1278883248729533 P S
0.85 24 14.364066412897724 25.356237711879665 13.65730398910466 24.66500694889536 -0.08094411018188007 -0.1278883248729533 P S
0.86 24 14.500630726142507 25.602879054722358 13.65730398910466 24.66500694889536 -0.08094411018188007 -0.1278883248729533 P S
0.87 24 14.637195039387297 25.84952039756505 13.65730398910466 24.66500694889536 -0.08094411018188007 -0.1278883248729533 P S
0.88 24 14.773759352632087 26.096161740407744 13.65730398910466 24.66500694889536 -0.08094411018188007 -0.1278883248729533 P S
0.89 24 14.910323665876877 26.342803083250445 13.65730398910466 24.66500694889536 -0.08094411018188007 -0.1278883248729533 P S
0.9 24 15.04688797912166 26.589444426093138 13.65730398910466 24.66500694889536 -0.08094411018188007 -0.1278883248729533 P S
0.91 24 15.183452292366443 26.83608576893583 13.65730398910466 24.66500694889536 -0.08094411018188007 -0.1278883248729533 P S
0.92 24 15.320016605611233 27.082727111778517 13.65730398910466 24.66500694889536 -0.08094411018188007 -0.1278883248729533 P S
0.93 24 15.45658091885602 27.329368454621218 13.65730398910466 24.66500694889536 -0.08094411018188007 -0.1278883248729533 P S
0.9400000000000001 24 15.593145232100802 27.576009797463904 13.65730398910466 24.66500694889536 -0.08094411018188007 -0.1278883248729533 P S
0.9500000000000001 24 15.729709545345589 27.822651140306597 13.65730398910466 24.66500694889536 -0.08094411018188007 -0.1278883248729533 P S
0.96 24 15.866273858590375 28.06929248314929 13.65730398910466 24.66500694889536 -0.08094411018188007 -0.1278883248729533 P S
0.97 24 16.002838171835165 28.31593382599199 13.65730398910466 24.66500694889536 -0.08094411018188007 -0.1278883248729533 P S
0.98 24 16.13940248507995 28.562575168834677 13.65730398910466 24.66500694889536 -0.08094411018188007 -0.1278883248729533 P S
0.99 24 16.27596679832474 28.809216511677377 13.65730398910466 24.66500694889536 -0.08094411018188007 -0.1278883248729533 P S
1.0 24 16.412531111569525 29.05585785452007 13.65730398910466 24.66500694889536 -0.08094411018188007 -0.1278883248729533 P S
1.01 24 16.54909542481431 29.302499197362764 13.65730398910466 24.66500694889536 -0.08094411018188007 -0.1278883248729533 P S
1.02 24 16.685659738059098 29.549140540205457 13.65730398910466 24.66500694889536 -0.08094411018188007 -0.1278883248729533 P S
1.03 24 16.822224051303884 29.79578188304815 13.65730398910466 24.66500694889536 -0.08094411018188007 -0.1278883248729533 P S
1.04 24 16.95878836454867 30.042423225890843 13.65730398910466 24.66500694889536 -0.08094411018188007 -0.1278883248729533 P S
1.05 24 17.095352677793457 30.289064568733536 13.65730398910466 24.66500694889536 -0.08094411018188007 -0.1278883248729533 P S
1.06 24 17.231916991038243 30.53570591157623 13.65730398910466 24.66500694889536 -0.08094411018188007 -0.1278883248729533 P S
1.07 24 17.36848130428303 30.782347254418923 13.65730398910466 24.66500694889536 -0.08094411018188007 -0.1278883248729533 P S
1.08 24 17.505045617527816 31.028988597261616 13.65730398910466 24.66500694889536 -0.08094411018188007 -0.1278883248729533 P S
1.09 24 17.641609930772603 31.27562994010431 13.65730398910466 24.66500694889536 -0.08094411018188007 -0.1278883248729533 P S
1.1 24 17.778174244017393 31.52227128294701 13.65730398910466 24.66500694889536 -0.08094411018188007 -0.1278883248729533 P S
1.11 24 17.914738557262176 31.768912625789703 13.65730398910466 24.66500694889536 -0.08094411018188007 -0.1278883248729533 P S
1.12 24 18.051302870506962 32.015553968632396 13.65730398910466 24.66500694889536 -0.08094411018188007 -0.1278883248729533 P S
1.1300000000000001 24 18.18786718375175 32.26219531147509 13.65730398910466 24.66500694889536 -0.08094411018188007 -0.1278883248729533 P S
1.1400000000000001 24 18.324431496996535 32.508836654317776 13.65730398910466 24.66500694889536 -0.08094411018188007 -0.1278883248729533 P S
1.1500000000000001 24 18.460995810241325 32.755477997160476 13.65730398910466 24.66500694889536 -0.08094411018188007 -0.1278883248729533 P S
1.16 24 18.597560123486108 33.00211934000316 13.65730398910466 24.66500694889536 -0.08094411018188007 -0.1278883248729533 P S
1.17 24 18.734124436730895 33.248760682845855 13.65730398910466 24.66500694889536 -0.08094411018188007 -0.1278883248729533 P S
1.18 24 18.87068874997568 33.49540202568855 13.65730398910466 24.66500694889536 -0.08094411018188007 -0.1278883248729533 P S
1.19 24 19.007253063220467 33.74204336853124 13.65730398910466 24.66500694889536 -0.08094411018188007 -0.1278883248729533 P S
1.2 24 19.143817376465254 33.988684711373935 13.65730398910466 24.66500694889536 -0.08094411018188007 -0.1278883248729533 P S
1.21 24 19.28038168971004 34.23532605421663 13.65730398910466 24.66500694889536 -0.08094411018188007 -0.1278883248729533 P S
1.22 24 19.416946002954827 34.48196739705932 13.65730398910466 24.66500694889536 -0.08094411018188007 -0.1278883248729533 P S
1.23 24 19.553510316199613 34.728608739902015 13.65730398910466 24.66500694889536 -0.08094411018188007 -0.1278883248729533 P S
1.24 24 19.6900746294444 34.97525008274471 13.65730398910466 24.66500694889536 -0.08094411018188007 -0.1278883248729533 P S
1.25 24 19.826638942689186 35.2218914255874 13.65730398910466 24.66500694889536 -0.08094411018188007 -0.1278883248729533 P S
1.26 24 19.963203255933973 35.468532768430094 13.65730398910466 24.66500694889536 -0.08094411018188007 -0.1278883248729533 P S
1.27 24 20.099767569178763 35.715174111272795 13.65730398910466 24.66500694889536 -0.08094411018188007 -0.1278883248729533 P S
1.28 24 20.23633188242355 35.96181545411549 13.65730398910466 24.66500694889536 -0.08094411018188007 -0.1278883248729533 P S
1.29 24 20.372896195668336 36.20845679695818 13.65730398910466 24.66500694889536 -0.08094411018188007 -0.1278883248729533 P S
1.3 24 20.509460508913122 36.455098139800874 13.65730398910466 24.66500694889536 -0.08094411018188007 -0.1278883248729533 P S
1.31 24 20.64602482215791 36.70173948264357 13.65730398910466 24.66500694889536 -0.08094411018188007 -0.1278883248729533 P S
1.32 24 20.782589135402695 36.94838082548627 13.65730398910466 24.66500694889536 -0.08094411018188007 -0.1278883248729533 P S
1.33 24 20.91915344864748 37.19502216832896 13.65730398910466 24.66500694889536 -0.08094411018188007 -0.1278883248729533 P S
1.34 24 21.055717761892268 37.441663511171654 13.65730398910466 24.66500694889536 -0.08094411018188007 -0.1278883248729533 P S
1.35 24 21.19228207513705 37.68830485401434 13.65730398910466 24.66500694889536 -0.08094411018188007 -0.1278883248729533 P S
1.36 24 21.328846388381844 37.93494619685704 13.65730398910466 24.66500694889536 -0.08094411018188007 -0.1278883248729533 P S
1.37 24 21.46541070162663 38.181587539699734 13.65730398910466 24.664134284269352 -0.08094411018188007 -0.12790193729668106 P S
1.3800000000000001 24 21.601975014871414 38.42823117059815 13.65730398910466 24.664132123027564 -0.08094411018188007 -0.1279019710068224 P S
1.3900000000000001 24 21.7385393281162 38.67488097195283 13.65730398910466 24.664124084467304 -0.08094411018188007 -0.12790209638880376 P S
1.4000000000000001 24 21.875103641360987 38.92153069151425 13.65730398910466 24.66411604590704 -0.08094411018188007 -0.12790222177062133 P S
0.01 25 4.145859697470051 7.117614306914297 0.8087398418945274 1.3894303024681243 0.12260684627087286 0.22146588658246769 p s
0.02 25 4.157972551658594 7.138424454515084 1.612612575812549 2.770518052802572 0.12196310590422296 0.22041423158403484 p s
0.03 25 4.178079916988008 7.172969853042008 2.4068673304835824 4.1350319805292965 0.12089985210184016 0.2186784760273843 p s
0.04 25 4.206063121822933 7.221047375740401 3.1870310121380663 5.475708448390668 0.11943106382776532 0.21628240784950736 p s
0.05 25 4.241760691110635 7.282380693605159 3.949076787337788 6.785217917600834 0.11757517816349693 0.21325900915296525 p s
0.06 25 4.2849726469927845 7.356627648740756 4.689329169490505 8.057495817905773 0.11535464705408485 0.2096472421189887 p s
0.07 25 4.335465554369573 7.443388964052409 5.404828910239767 9.287246342862758 0.11279411626137742 0.2054913883658978 p s
0.08 25 4.392978044458222 7.5422177442293075 6.093365906127627 10.470351884104216 0.10991883717547661 0.20083823147538948 p s
0.09 25 4.457226485786526 7.652629311393568 6.751735443248615 11.603366243415532 0.10676197701938414 0.19573725191042823 p s
0.1 25 4.527910651270345 7.774110920637207 7.379813492874129 12.684041945707936 0.10334508485883427 0.19023694624762538 p s
0.11 25 4.604719000256701 7.906131000608605 7.97643796316534 13.710884007301285 0.09969525615649201 0.18438501240991956 p s
0.12 25 4.687333569777577 8.048147623940894 8.541090685174114 14.683288144684541 0.09583713081849107 0.17822610848608428 p s
0.13 25 4.775434248136331 8.19961601954246 9.073601462941546 15.601316661411332 0.09179353080715126 0.17180153534683826 p s
0.14 25 4.868702386247536 8.359995013363406 9.574645225617706 16.465332429525088 0.08758022180428006 0.16515071173117638 p s
0.15 25 4.966823740339826 8.52875234151651 10.044366537730305 17.27717635902962 0.08321599114859363 0.15830040848200946 p s
0.16 25 5.069490656287845 8.705368895514844 10.483864037791212 18.037706764250547 0.07870925748499924 0.15128319079979546 p s
0.17 25 5.1764035835908775 8.889341887826166 10.893789587536036 18.74881582313598 0.07406977204236977 0.1441204769134557 p s
0.18 25 5.287271822986199 9.08018704250557 11.275059866238593 19.412473992281505 0.06930125602078178 0.1368291327846412 p s
0.19 25 5.401813513479946 9.277439940575446 11.62861469569235 20.03070467991601 0.06440248759182989 0.12942113310366987 p s
0.2 25 5.519754743267941 9.480656486178347 11.954794231404568 20.605405160306606 0.05937573405068315 0.12190517637242587 p s
0.21 25 5.640827501002746 9.689412648465515 12.254916183603013 21.138833302819453 0.05420126857379458 0.11427930187378137 p s
0.22 25 5.7647662019919945 9.903303381663388 12.528263426601686 21.6325775589554 0.04888587075705963 0.10654396297758363 p s
0.23 25 5.891301911705898 10.12194075283636 12.774197902788565 22.08810261092087 0.04343386679911612 0.09869508224246389 p s
0.24 25 6.020153567091207 10.344951036386101 12.991056544013903 22.507324566177317 0.03787561091885193 0.09071130777055585 p s
0.25 25 6.151015915270041 10.57197053601203 13.175458391407497 22.890280295837428 0.03231530368014913 0.08259740782518796 p s
0.26 25 6.283547711624579 10.802639526431738 13.324041121762757 23.23768213932894 0.02694075794965375 0.07433809879665569 p s
0.27 25 6.417373825414087 11.036593701467831 13.434577841758369 23.546819417034207 0.02205814308838505 0.06600246335094145 p s
0.28 25 6.552120064726078 11.273452734538246 13.509059790596748 23.81745612812419 0.018006672899810835 0.05761508945221475 p s
0.29 25 6.687470497241605 11.512807234520944 13.55693765216284 24.04549202625819 0.01481297849904519 0.04936274383888289 p s
0.3 25 6.823201468985963 11.75421132558415 13.587170552196389 24.227170248607873 0.012371191061720205 0.0415609279594608 p s
0.31 25 6.959171791217824 11.997196278197556 13.605526070704155 24.36200044534034 0.010614786766203383 0.034603600639839395 p s
0.32 25 7.095296807114735 12.24131611532137 13.618243410819684 24.45544955921234 0.009201638357132553 0.02878220962931295 p s
0.33 25 7.231526011369703 12.486203422043221 13.626775386731177 24.51739632971557 0.008115916182267984 0.02414609028193782 p s
0.34 25 7.367827050841978 12.731594664145012 13.632832743435602 24.55752373949751 0.007246533842571132 0.020585206686763672 p s
0.35000000000000003 25 7.504179476151324 12.9773171543388 13.637100565007874 24.5849926493256 0.006564951249153962 0.017735970065815617 p s
0.36 25 7.640570284766758 13.223261785415534 13.64053233924707 24.60307028886512 0.005960442570594344 0.015576946806728921 p s
0.37 25 7.7769914286749255 13.46936048307989 13.643105069670415 24.615634234962293 0.005463448703085217 0.013878885010779399 p s
0.38 25 7.913433285758429 13.715568609752495 13.644993349274795 24.624870637980276 0.005067687815025667 0.012483448569935815 p s
0.39 25 8.049894086027074 13.961857042623157 13.646511621994113 24.631713911314723 0.004725453304970675 0.01133896112791939 p s
0.4 25 8.186368907646097 14.208205715585844 13.648439886439878 24.637735613544454 0.004251208483215354 0.010226170626944135 p s
0.41000000000000003 25 8.322856966966578 14.454600904377235 13.649312551065881 24.641114857478804 0.0040182018636776935 0.009544901951655955 p s
0.42 25 8.459352664748268 14.701032026941007 13.650434277740457 24.644553447382183 0.003697162901188951 0.00879757330288286 p s
0.43 25 8.595857468882702 14.947493279513107 13.651082689002955 24.6477056821125 0.003498161804140942 0.008051664823876925 p s
0.44 25 8.732368582926833 15.193977364801949 13.651731100265453 24.649860389393066 0.0032871249571280125 0.007499169506286371 p s
0.45 25 8.86888437732704 15.440479828836352 13.65150684690195 24.65137128121991 0.0033616123009914444 0.007086078379916877 p s
0.46 25 9.005406452918638 15.687000149643008 13.651999273146266 24.652243945845914 0.003195769086685027 0.006836108771799961 p s
0.47000000000000003 25 9.141926445650101 15.93353391681631 13.652871937772268 24.653987060376664 0.002878473592418993 0.006307186310227365 p s
0.48 25 9.27845978896204 16.180078371490367 13.652871937772268 24.65501491749308 0.002878473592418993 0.0059733684942019855 p s
0.49 25 9.414997234986021 16.426628133561856 13.65374460239827 24.65582793349711 0.002521538656066175 0.0056954724662532106 p s
0.5 25 9.551534681010006 16.67319508312129 13.65374460239827 24.656748370057326 0.002521538656066175 0.00536349743790301 p s
0.51 25 9.688072127033989 16.91976295603571 13.65374460239827 24.656796141991535 0.002521538656066175 0.005345704384536976 p s
0.52 25 9.824612094084896 17.166338195060888 13.653887068892931 24.65818911505763 0.0024583490327512946 0.004797936853645413 p s
0.53 25 9.961155172373426 17.41291882789791 13.654094462221776 24.65818911505763 0.002363342493169226 0.004797936853645413 p s
0.54 25 10.097698867317634 17.65950944569475 13.65421529881246 24.65906177968364 0.0023061829062703642 0.0044203067658003786 p s
0.55 25 10.23424102030576 17.906095474163337 13.655087963438463 24.65906177968364 0.001841422527600989 0.0044203067658003786 p s
0.56 25 10.370783173293884 18.15269325057374 13.655087963438463 24.659215713931108 0.001841422527600989 0.004350293168716584 p s
0.5700000000000001 25 10.507325326282007 18.399291865027813 13.655087963438463 24.660382818376835 0.001841422527600989 0.003777461230822653 p s
0.58 25 10.643896940894637 18.645893186689644 13.655087963438463 24.66067725819656 0.001841422527600989 0.0036186452017588234 p s
0.59 25 10.780447820529021 18.892496084591006 13.655087963438463 24.66009903339027 0.001841422527600989 0.0039244508648417975 p s
0.6 25 10.916998700163406 19.13910352955038 13.655087963438463 24.660393473209993 0.001841422527600989 0.0037718308357550787 p s
0.61 25 11.05354957979779 19.385713669087206 13.655087963438463 24.66068791302971 0.001841422527600989 0.003612767234666413 p s
0.62 25 11.190100459432175 19.632321464290303 13.655087963438463 24.6615980319765 0.001841422527600989 0.003069401219472138 p s
0.63 25 11.32665133906656 19.87892871796381 13.655087963438463 24.6615980319765 0.001841422527600989 0.003069401219472138 p s
0.64 25 11.463202218700944 20.125535971637316 13.655087963438463 24.6615980319765 0.001841422527600989 0.003069401219472138 p s
0.65 25 11.599753098335329 20.372151320556863 13.655087963438463 24.6615980319765 0.001841422527600989 0.003069401219472138 p s
0.66 25 11.736303977969715 20.61877602752289 13.655087963438463 24.6615980319765 0.001841422527600989 0.003069401219472138 p s
0.67 25 11.8728548576041 20.865400734488915 13.655087963438463 24.6615980319765 0.001841422527600989 0.003069401219472138 p s
0.68 25 12.009405737238485 21.112025441454943 13.655087963438463 24.662470696602504 0.001841422527600989 0.0024371410418044734 p s
0.6900000000000001 25 12.145956616872867 21.358650148420963 13.655087963438463 24.662470696602504 0.001841422527600989 0.0024371410418044734 p s
0.7000000000000001 25 12.282507496507252 21.605274855386988 13.655087963438463 24.662470696602504 0.001841422527600989 0.0024371410418044734 p s
0.71 25 12.419058376141637 21.85189956235301 13.655087963438463 24.662470696602504 0.001841422527600989 0.0024371410418044734 p s
0.72 25 12.555609255776021 22.09852426931904 13.655087963438463 24.662470696602504 0.001841422527600989 0.0024371410418044734 p s
0.73 25 12.692165556030739 22.345148976285063 13.655087963438463 24.662470696602504 0.001841422527600989 0.0024371410418044734 p s
0.74 25 12.828731784653527 22.59177368325109 13.655087963438463 24.662470696602504 0.001841422527600989 0.0024371410418044734 p s
0.75 25 12.965298013276314 22.838398390217115 13.655087963438463 24.662470696602504 0.001841422527600989 0.0024371410418044734 p s
0.76 25 13.1018642418991 23.08502309718314 13.655087963438463 24.662470696602504 0.001841422527600989 0.0024371410418044734 p s
0.77 25 13.238430470521891 23.331647804149164 13.655087963438463 24.662470696602504 0.001841422527600989 0.0024371410418044734 p s
0.78 25 13.374996699144678 23.578272511115188 13.655087963438463 24.662470696602504 0.001841422527600989 0.0024371410418044734 p s
0.79 25 13.511562927767468 23.824897218081215 13.655087963438463 24.662470696602504 0.001841422527600989 0.0024371410418044734 p s
0.8 25 13.648129156390256 24.07152192504724 13.655087963438463 24.662470696602504 0.001841422527600989 0.0024371410418044734 p s
0.81 25 13.784695385013045 24.318146632013267 13.655087963438463 24.662470696602504 0.001841422527600989 0.0024371410418044734 p s
0.8200000000000001 25 13.921261613635831 24.56477133897929 13.655087963438463 24.662470696602504 0.001841422527600989 0.0024371410418044734 p s
0.8300000000000001 25 14.057827842258622 24.81139604594532 13.655087963438463 24.662470696602504 0.001841422527600989 0.0024371410418044734 p s
0.84 25 14.194394070881408 25.05802075291134 13.655087963438463 24.662470696602504 0.001841422527600989 0.0024371410418044734 p s
0.85 25 14.330960299504197 25.304645459877364 13.655087963438463 24.662470696602504 0.001841422527600989 0.0024371410418044734 p s
0.86 25 14.467526528126985 25.551270166843388 13.655087963438463 24.662470696602504 0.001841422527600989 0.0024371410418044734 p s
0.87 25 14.604092756749774 25.797894873809415 13.655087963438463 24.662470696602504 0.001841422527600989 0.0024371410418044734 p s
0.88 25 14.74065898537256 26.04451958077544 13.655087963438463 24.662470696602504 0.001841422527600989 0.0024371410418044734 p s
0.89 25 14.87722521399535 26.291144287741467 13.655087963438463 24.662470696602504 0.001841422527600989 0.0024371410418044734 p s
0.9 25 15.013791442618139 26.53776899470749 13.655087963438463 24.662470696602504 0.001841422527600989 0.0024371410418044734 p s
0.91 25 15.150357671240926 26.784393701673515 13.655087963438463 24.662470696602504 0.001841422527600989 0.0024371410418044734 p s
0.92 25 15.286923899863714 27.03101840863954 13.655087963438463 24.662470696602504 0.001841422527600989 0.0024371410418044734 p s
0.93 25 15.423490128486504 27.27764311560557 13.655087963438463 24.662470696602504 0.001841422527600989 0.0024371410418044734 p s
0.9400000000000001 25 15.56005635710929 27.524267822571588 13.655087963438463 24.662470696602504 0.001841422527600989 0.0024371410418044734 p s
0.9500000000000001 25 15.696622585732078 27.770896656729995 13.655087963438463 24.662488186402886 0.001841422527600989 0.002422783151559297 p s
0.96 25 15.833188814354866 28.017528547896482 13.656622862278818 24.662516985618677 8.702878188261691e-06 0.0023989537667749444 p s
0.97 25 15.969755042977656 28.26416092026843 13.656622862278818 24.662545784834467 8.702878188261691e-06 0.002374885263882648 p s
0.98 25 16.106321271600443 28.51079377158911 13.656622862278818 24.662574584050255 8.702878188261691e-06 0.0023505702975937675 p s
0.99 25 16.242887500223233 28.757427099504486 13.656622862278818 24.66260338326604 8.702878188261691e-06 0.002326001138664901 p s
1.0 25 16.37945372884602 29.00406090156321 13.656622862278818 24.66263218248183 8.702878188261691e-06 0.002301169645208456 p s
1.01 25 16.516019957468806 29.25069517520813 13.656622862278818 24.662660981697616 8.702878188261691e-06 0.00227606723117217 p s
1.02 25 16.652586186091597 29.497329917770315 13.656622862278818 24.662689780913407 8.702878188261691e-06 0.002250684831652637 p s
1.03 25 16.789152414714383 29.74396512645991 13.656622862278818 24.662718580129198 8.702878188261691e-06 0.0022250128646539896 p s
1.04 25 16.925718643337174 29.99060079836339 13.656622862278818 24.662747379344985 8.702878188261691e-06 0.0021990411888249623 p s
1.05 25 17.06228487195996 30.237236930428658 13.656622862278818 24.662776178560776 8.702878188261691e-06 0.0021727590566515023 p s
1.06 25 17.19885110058275 30.48387351946009 13.656622862278818 24.662804977776567 8.702878188261691e-06 0.0021461550624759045 p s
1.07 25 17.335417329205537 30.730510562107582 13.656622862278818 24.662833776992354 8.702878188261691e-06 0.002119217084668247 p s
1.08 25 17.471983557828324 30.977148054855373 13.656622862278818 24.662862576208145 8.702878188261691e-06 0.002091932221066702 p s
1.09 25 17.608549786451114 31.223785994008026 13.656622862278818 24.662891375423932 8.702878188261691e-06 0.0020642867167558836 p s
1.1 25 17.745116015073904 31.47042437567989 13.656622862278818 24.66292017463972 8.702878188261691e-06 0.002036265882987686 p s
1.11 25 17.88168224369669 31.717063195779218 13.656622862278818 24.66294897385551 8.702878188261691e-06 0.0020078540059707806 p s
1.12 25 18.018248472319478 31.963702449991338 13.656622862278818 24.6629777730713 8.702878188261691e-06 0.001979034243815606 p s
1.1300000000000001 25 18.154814700942268 32.21034213376208 13.656622862278818 24.66395935539299 8.702878188261691e-06 1.5661923294937742e-05 p s
1.1400000000000001 25 18.291380929565054 32.45698224227689 13.656622862278818 24.66395935539299 8.702878188261691e-06 1.5661923294937742e-05 p s
1.1500000000000001 25 18.427947158187845 32.70362277043856 13.656622862278818 24.66395935539299 8.702878188261691e-06 1.5661923294937742e-05 p s
1.16 25 18.56451338681063 32.95026148102808 13.656622862278818 24.66395935539299 8.702878188261691e-06 1.5661923294937742e-05 p s
1.17 25 18.701079615433418 33.196892347935744 13.656622862278818 24.66395935539299 8.702878188261691e-06 1.5661923294937742e-05 p s
1.18 25 18.837645844056205 33.44352321484342 13.656622862278818 24.66395935539299 8.702878188261691e-06 1.5661923294937742e-05 p s
1.19 25 18.974212072678995 33.69015408175109 13.656622862278818 24.66395935539299 8.702878188261691e-06 1.5661923294937742e-05 p s
1.2 25 19.11077830130178 33.936784948658755 13.656622862278818 24.66395935539299 8.702878188261691e-06 1.5661923294937742e-05 p s
1.21 25 19.24734452992457 34.18341581556643 13.656622862278818 24.66395935539299 8.702878188261691e-06 1.5661923294937742e-05 p s
1.22 25 19.38391075854736 34.4300466824741 13.656622862278818 24.66395935539299 8.702878188261691e-06 1.5661923294937742e-05 p s
1.23 25 19.52047698717015 34.676677549381765 13.656622862278818 24.66395935539299 8.702878188261691e-06 1.5661923294937742e-05 p s
1.24 25 19.657043215792935 34.92330841628944 13.656622862278818 24.66395935539299 8.702878188261691e-06 1.5661923294937742e-05 p s
1.25 25 19.793609444415722 35.16993928319711 13.656622862278818 24.66395935539299 8.702878188261691e-06 1.5661923294937742e-05 p s
1.26 25 19.930175673038512 35.416570150104775 13.656622862278818 24.66395935539299 8.702878188261691e-06 1.5661923294937742e-05 p s
1.27 25 20.066741901661302 35.66320101701245 13.656622862278818 24.66395935539299 8.702878188261691e-06 1.5661923294937742e-05 p s
1.28 25 20.20330813028409 35.90983188392012 13.656622862278818 24.66395935539299 8.702878188261691e-06 1.5661923294937742e-05 p s
1.29 25 20.339874358906876 36.156462750827785 13.656622862278818 24.66395935539299 8.702878188261691e-06 1.5661923294937742e-05 p s
1.3 25 20.476440587529666 36.40309361773546 13.656622862278818 24.66395935539299 8.702878188261691e-06 1.5661923294937742e-05 p s
1.31 25 20.613006816152453 36.64972448464313 13.656622862278818 24.66395935539299 8.702878188261691e-06 1.5661923294937742e-05 p s
1.32 25 20.749573044775243 36.8963553515508 13.656622862278818 24.66395935539299 8.702878188261691e-06 1.5661923294937742e-05 p s
1.33 25 20.88613927339803 37.14298621845847 13.656622862278818 24.66395935539299 8.702878188261691e-06 1.5661923294937742e-05 p s
1.34 25 21.02270550202082 37.38961708536614 13.656622862278818 24.66395935539299 -8.70287818824946e-06 1.5661923294937742e-05 P s
1.35 25 21.159271730643603 37.636247952273806 13.656622862278818 24.66395935539299 -8.70287818824946e-06 1.5661923294937742e-05 P s
1.36 25 21.295837959266397 37.882878819181485 13.656622862278818 24.66395935539299 -8.70287818824946e-06 1.5661923294937742e-05 P s
1.37 25 21.432404187889183 38.12950968608915 13.656622862278818 24.66395935539299 -8.70287818824946e-06 1.5661923294937742e-05 P s
1.3800000000000001 25 21.56897041651197 38.376140552996816 13.656622862278818 24.66395935539299 -8.70287818824946e-06 1.5661923294937742e-05 P s
1.3900000000000001 25 21.705536645134757 38.62277141990448 13.656622862278818 24.66395935539299 -8.70287818824946e-06 1.5661923294937742e-05 P s
1.4000000000000001 25 21.842102873757547 38.869402286812154 13.656622862278818 24.66395935539299 -8.70287818824946e-06 1.5661923294937742e-05 P s
0.01 26 4.26895965170908 7.339969552249807 0.7677026949245326 1.3222009377830628 0.12261795713454435 0.22148344803036712 p s
0.02 26 4.280458954687095 7.359774828445577 1.5310786458733303 2.6370035208599187 0.12203779517996459 0.22053086973732022 p s
0.03 26 4.2995527523301424 7.392661094809063 2.2859093640255463 3.9372152801690214 0.12107922583677032 0.21895768685686465 p s
0.04 26 4.326135450977657 7.438447955358744 3.0281945827536894 5.216029644101314 0.11975441998743945 0.2167848799086196 p s
0.05 26 4.360063027608748 7.496889430375716 3.7543020193656282 6.467146541286255 0.1180795343732946 0.21404061546233316 p s
0.06 26 4.401156560581022 7.567680051053493 4.4608927182060025 7.684986672058302 0.1160743563315814 0.21075893204145266 p s
0.07 26 4.449206398703881 7.65046206974053 5.14512541424908 8.864665851622684 0.11376123463125647 0.2069787063741156 p s
0.08 26 4.503976752111179 7.744833401921868 5.804618576344724 10.002210860862295 0.1111644027037879 0.2027417943567757 p s
0.09 26 4.5652104769568025 7.850355920911547 6.437477484581023 11.094469309585984 0.10830912019162804 0.19809189172785752 p s
0.1 26 4.632633844968326 7.966563747522744 7.042339544239332 12.138947120377765 0.10522059924334642 0.1930740167452891 p s
0.11 26 4.7059611199954015 8.092971221762301 7.618145759077128 13.134186838093163 0.10192435892436316 0.18773142245995575 p s
0.12 26 4.784898784864831 8.229080323183902 8.164369953109047 14.079128366069325 0.09844430559821012 0.18210746071067543 p s
0.13 26 4.869149323047009 8.374387341711012 8.680744696770434 14.973775876424936 0.0948035389461776 0.1762406107952914 p s
0.14 26 4.9584144712936515 8.528388711318472 9.167313340295461 15.818143481293914 0.09102351380964899 0.17016981095968664 p s
0.15 26 5.052397907344893 8.69058591954896 9.624461802736116 16.613039138075845 0.08712305084852244 0.16392862669948471 p s
0.16 26 5.150807367636484 8.860489512669911 10.05246320756955 17.359611003369 0.08312178867803124 0.15754714784839038 p s
0.17 26 5.253356164231947 9.037622217839619 10.452419191502804 18.05916737145713 0.07903093666762408 0.1510529002508421 p s
0.18 26 5.359764197676423 9.22152120300351 10.824258097848816 18.71317951982238 0.07487300416797252 0.1444705071034031 p s
0.19 26 5.469758347829627 9.411739625231611 11.170107415070214 19.32333719906399 0.07064485196464032 0.1378206222008576 p s
0.2 26 5.583072429844757 9.607847434008926 11.488682195522605 19.89111355781486 0.06638391722985938 0.1311244219081653 p s
0.21 26 5.699446680859685 9.809431600401739 11.781738896496513 20.41857908737883 0.06209045206384405 0.12439387897838271 p s
0.22 26 5.818626707785751 10.016095747935834 12.050326442033835 20.907470217853522 0.05777091851446494 0.11764199698996601 p s
0.23 26 5.940362213090864 10.227459355212721 12.292846468892249 21.358772132022963 0.053478566595202955 0.11089079937843715 p s
0.24 26 6.064405564172503 10.443156468446315 12.511478915344847 21.77447165655368 0.049206856439974446 0.10414634689369688 p s
0.25 26 6.190510531832131 10.662834120067144 12.705387157054199 22.155251673288983 0.04500895612202308 0.097434342532064 p s
0.26 26 6.318431733228599 10.886150417863469 12.874539704565185 22.50218737502552 0.04093682437039728 0.09077597252065588 p s
0.27 26 6.447925923830739 11.112772544679883 13.020003548199876 22.816529119758258 0.0370290706556698 0.08419039880614411 p s
0.28 26 6.578755395702795 11.342374924031533 13.142301480126275 23.098542316207936 0.033351948066233754 0.07772174650614094 p s
0.29 26 6.710693834636931 11.574637882559504 13.242521762021925 23.348789223774666 0.02997446270872403 0.07141791079203771 p s
0.3 26 6.843533905305972 11.809247485653373 13.3223592865488 23.567993018247417 0.0269614776369217 0.0653350469171025 p s
0.31 26 6.977093695775959 12.045897054937576 13.386640002722103 23.756971170469967 0.024249778952533503 0.05954226903661247 p s
0.32 26 7.111220414819011 12.284291190014224 13.436700037569771 23.91706070480967 0.02189614342429737 0.05411060446072603 p s
0.33 26 7.245790870911686 12.524151477515034 13.475881515810334 24.05105269507501 0.0198532063023224 0.049072204146873646 p s
0.34 26 7.380708166953294 12.765223367408856 13.505989320178568 24.160420302371435 0.01812295735514385 0.04451508058879106 p s
0.35000000000000003 26 7.515897439249124 13.007282088608969 13.530143001914542 24.24852272200295 0.016601861974230633 0.04045518367111492 p s
0.36 26 7.651301564049167 13.250136119044477 13.54946060259055 24.320026489795783 0.015274481168461577 0.03682012127626581 p s
0.37 26 7.786877030633156 13.493626975532429 13.56479652757507 24.376739080464297 0.014130674175921867 0.033650250333037354 p s
0.38 26 7.922590433778567 13.737626931075251 13.57712808391073 24.422010436221026 0.013137866386295233 0.030881210275810287 p s
0.39 26 8.05841614883686 13.982034603202505 13.58773020420022 24.45871444771874 0.012219173931628618 0.028434691387890513 p s
0.4 26 8.194333551724972 14.226770429426884 13.595626947455713 24.48754200840725 0.011486749589041565 0.026351521769066143 p s
0.41000000000000003 26 8.330327685105807 14.471772122170686 13.602472848609205 24.511466453980205 0.010811335431725745 0.024486387811442033 p s
0.42 26 8.466385742011557 14.716990805036192 13.608252204756601 24.53120756863408 0.010206122893193722 0.02283141926987859 p s
0.43 26 8.602497766183673 14.962388190480285 13.614045624333434 24.54741588050293 0.00956078131692322 0.021375946584694182 p s
0.44 26 8.73865513805068 15.207933967305946 13.617773220797396 24.56075038065037 0.00912129128998308 0.0200988773382288 p s
0.45 26 8.874853256555394 15.453603875392321 13.621416256541416 24.572782248502698 0.008670147395410336 0.0188718884101241 p s
0.46 26 9.01108379066419 15.699378286638524 13.624501662014053 24.581864437015177 0.008268728659719223 0.017889619698225365 p s
0.47000000000000003 26 9.147345485197492 15.94524207325332 13.627338808004533 24.59049160694017 0.007881500098031485 0.016903418430873375 p s
0.48 26 9.283631145059193 16.19118187550639 13.629664471522515 24.597601510007962 0.007549217652003315 0.01604488106637865 p s
0.49 26 9.419940485047546 16.437186909197713 13.631760610107031 24.603406630753206 0.007236615998635735 0.01530803658220422 p s
0.5 26 9.556269019950212 16.6832494211691 13.63389669483473 24.608644454354778 0.00690345716751264 0.014611184518099684 p s
0.51 26 9.692616848089152 16.92936158500129 13.635298272472705 24.613258753143256 0.0066757996401107115 0.013968382836208866 p s
0.52 26 9.828979987885278 17.17551732010393 13.636727078895243 24.617330244395394 0.006435409539685987 0.013375460906069484 p s
0.53 26 9.965358115345932 17.421711299311962 13.63815588531778 24.621023837461685 0.006185657669169821 0.012813768710623497 p s
0.54 26 10.101744846936189 17.66793987733701 13.639575783775099 24.624023214440392 0.005927018696735213 0.01233878349613055 p s
0.55 26 10.238147184866202 17.914198073982774 13.640496274261919 24.62702259141911 0.005753124458883657 0.011844704826723248 p s
0.56 26 10.374559215437598 18.160483174614757 13.641411061462106 24.629723780844127 0.005574924236751181 0.011381349822065415 p s
0.5700000000000001 26 10.510982175771334 18.406793886071267 13.6423258486623 24.631679936614237 0.005390824062845058 0.01103362108919674 p s
0.58 26 10.647411856277053 18.653125657143036 13.643135170481484 24.634587189376944 0.005222530142899867 0.010495506766208763 p s
0.59 26 10.78384565282909 18.89947666465494 13.644007835107487 24.635749112887638 0.005034753481132497 0.010272542170640539 p s
0.6 26 10.920294457826424 19.145844703773456 13.644880499733489 24.637735613544454 0.0048396839713970964 0.009879673195148483 p s
0.61 26 11.05674298375934 19.392231212552886 13.645137987345045 24.6390648498478 0.004780603950792478 0.009607805515135525 p s
0.62 26 11.193200629290287 19.63863201276263 13.645660882593516 24.64036339504232 0.004658317850484299 0.00933455743736667 p s
0.63 26 11.32966341581187 19.88504589446623 13.646183777841985 24.641661940236848 0.004532728982283595 0.009053050618780933 p s
0.64 26 11.466132797438133 20.13147299222069 13.646706673090456 24.64296048543137 0.004403554771590875 0.0087624891258615 p s
0.65 26 11.60260591546181 20.37790918174591 13.647229568338927 24.644553447382183 0.004270469879867547 0.008392298420048938 p s
0.66 26 11.739082372827156 20.6243593160677 13.647567221813874 24.64542611200819 0.00418227941326522 0.008182390334495642 p s
0.67 26 11.875558045045294 20.870815990926374 13.648439886439878 24.645869785587998 0.0039452195040553485 0.008073575131766127 p s
0.68 26 12.012044540196063 21.117283424372577 13.648439886439878 24.647484771933946 0.0039452195040553485 0.007664431259380951 p s
0.6900000000000001 26 12.148537665706721 21.36375881993575 13.649312551065881 24.648227093653887 0.0036929567536978913 0.007468845662030649 p s
0.7000000000000001 26 12.285018858156215 21.610241670894496 13.649312551065881 24.648969415373827 0.0036929567536978913 0.007267992527141072 p s
0.71 26 12.421520710313134 21.856731404729654 13.649312551065881 24.649711737093767 0.0036929567536978913 0.007061422383898424 p s
0.72 26 12.558021650340596 22.10322737045701 13.650266408379725 24.6495813941877 0.00339583411845642 0.007098129235018811 p s
0.73 26 12.694522893344942 22.349731464792278 13.650469991201552 24.65032371590764 0.0033289837967867743 0.006886460328534424 p s
0.74 26 12.83102646438588 22.5962369838575 13.650673574023378 24.65137128121991 0.0032607622074815458 0.006576160244236752 p s
0.75 26 12.967532267655836 22.842751726784083 13.650877156845208 24.65137128121991 0.0031910814034563696 0.006576160244236752 p s
0.76 26 13.10404019814009 23.08927416624254 13.651080739667037 24.652243945845914 0.0031198436128292107 0.006306009823290843 p s
0.77 26 13.240550140317778 23.335795563624 13.651284322488866 24.652243945845914 0.00304693962999132 0.006306009823290843 p s
0.78 26 13.377061966610144 23.582326204553514 13.651487905310692 24.65328125312541 0.002972246851186863 0.005968994298124386 p s
0.79 26 13.513575535522687 23.828859370029228 13.651691488132519 24.653570293370162 0.002895626853593668 0.005871639089198221 p s
0.8 26 13.650090689392288 24.075396142979088 13.651895070954348 24.65391272883417 0.0028169223811433304 0.005754166360182481 p s
0.81 26 13.786599645563435 24.321936558726684 13.651225989150175 24.654287611742525 0.003068006272904226 0.005622747143065165 p s
0.8200000000000001 26 13.923119672454602 24.568480503100727 13.651429571972004 24.65464070835906 0.0029938394491499706 0.005496090412281718 p s
0.8300000000000001 26 14.059641484054174 24.815027783222437 13.651633154793831 24.65497301289929 0.0029177868495279366 0.0053741643090382 p s
0.84 26 14.19616492758913 25.06157822054774 13.65183673761566 24.655285532375856 0.00283969696385796 0.005256916294684433 p s
0.85 26 14.332688733189382 25.30813164921731 13.651999273146266 24.655579287567562 0.0027757743825520395 0.005144270806633486 p s
0.86 26 14.469208725920844 25.554687914543177 13.652871937772268 24.65585531410877 0.0024036625365625413 0.005036126844148122 p s
0.87 26 14.605728718652308 25.801236013619366 13.652871937772268 24.655882615328164 0.0024036625365625413 0.005025304006422257 p s
0.88 26 14.742248711383768 26.047795536966877 13.652871937772268 24.656171655572916 0.0024036625365625413 0.004909257722403781 p s
0.89 26 14.878768704115235 26.294372407288 13.652871937772268 24.656460695817668 0.0024036625365625413 0.0047903996595278706 p s
0.9 26 15.015294944068996 26.54093867681191 13.652871937772268 24.65674973606242 0.0024036625365625413 0.004668515063280515 p s
0.91 26 15.151832390092979 26.78750689198963 13.652871937772268 24.65703877630717 0.0024036625365625413 0.004543360362020277 p s
0.92 26 15.28836983611696 27.034066049516813 13.652871937772268 24.65645515192591 0.0024036625365625413 0.004792707137888242 p s
0.93 26 15.424907282140946 27.280641005961098 13.652871937772268 24.656744192170663 0.0024036625365625413 0.004670882782393411 p s
0.9400000000000001 26 15.561444728164926 27.527217912870817 13.652871937772268 24.65703323241541 0.0024036625365625413 0.004545793298114306 p s
0.9500000000000001 26 15.697982174188908 27.773796380974375 13.65374460239827 24.657316450431622 0.001962177505084705 0.004419789333877622 p s
0.96 26 15.834519620212891 28.02036954547869 13.65374460239827 24.65818911505763 0.001962177505084705 0.004006691253780432 p s
0.97 26 15.971057066236876 28.26694270998301 13.65374460239827 24.65818911505763 0.001962177505084705 0.004006691253780432 p s
0.98 26 16.107594512260857 28.513511525152577 13.65374460239827 24.65818911505763 0.001962177505084705 0.004006691253780432 p s
0.99 26 16.24413195828484 28.760102142949417 13.65374460239827 24.65818911505763 0.001962177505084705 0.004006691253780432 p s
1.0 26 16.380669404308822 29.006692760746255 13.65374460239827 24.65818911505763 0.001962177505084705 0.004006691253780432 p s
1.01 26 16.517206850332805 29.253283378543088 13.65374460239827 24.65818911505763 0.001962177505084705 0.004006691253780432 p s
1.02 26 16.653744296356788 29.499873996339925 13.65374460239827 24.65906177968364 0.001962177505084705 0.003545770530551497 p s
1.03 26 16.79028174238077 29.746464614136762 13.65374460239827 24.65906177968364 0.001962177505084705 0.003545770530551497 p s
1.04 26 16.926819188404753 29.993055231933603 13.65374460239827 24.65906177968364 0.001962177505084705 0.003545770530551497 p s
1.05 26 17.063356634428736 30.239611262951428 13.65374460239827 24.65906177968364 0.001962177505084705 0.003545770530551497 p s
1.06 26 17.19989408045272 30.486210607394522 13.65374460239827 24.65906177968364 0.001962177505084705 0.003545770530551497 p s
1.07 26 17.3364315264767 30.732809951837616 13.65374460239827 24.65906177968364 0.001962177505084705 0.003545770530551497 p s
1.08 26 17.472968972500684 30.979409296280714 13.65374460239827 24.65906177968364 0.001962177505084705 0.003545770530551497 p s
1.09 26 17.60950996851321 31.22600864072381 13.653782738816876 24.65906177968364 0.0019405942137248435 0.003545770530551497 p s
1.1 26 17.746052216214263 31.47260798516691 13.653828473031808 24.65993444430965 0.0019143900156661348 0.003015174839457949 p s
1.11 26 17.882595048573286 31.719207329610008 13.653874207246739 24.65993444430965 0.0018878220317234565 0.003015174839457949 p s
1.12 26 18.01913845546598 31.96580592740774 13.653919941461668 24.659971073055594 0.001860874680488698 0.0029908457413639613 p s
1.1300000000000001 26 18.155682426214025 32.21240454079357 13.6539656756766 24.660036018115008 0.0018335312353868118 0.002947214943309427 p s
1.1400000000000001 26 18.292226949539895 32.45900389767783 13.654011409891531 24.66010096317443 0.0018057737032749913 0.0029029283341416067 p s
1.1500000000000001 26 18.4287720135165 32.70560398017539 13.654057144106464 24.66016590823385 0.0017775826859441235 0.0028579554268628694 p s
1.16 26 18.565317605510288 32.95220476936212 13.654102878321394 24.660230853293267 0.0017489372215554637 0.002812263296424302 p s
1.17 26 18.70186371211888 33.19880624518517 13.654148612536327 24.66029579835269 0.0017198146022622675 0.0027658162976847518 p s
1.18 26 18.838410319101197 33.4454083671664 13.654194346751256 24.660361830383014 0.0016901901635630948 0.0027177780977461472 p s
1.19 26 18.974954675595928 33.69201104954241 13.65421529881246 24.660432253515026 0.0016764435464979147 0.0026655914085116066 p s
1.2 26 19.111496828584052 33.93861439891421 13.65421529881246 24.660499648595355 0.0016764435464979147 0.0026146732939108714 p s
1.21 26 19.248038981572176 34.18521839463968 13.65421529881246 24.660564102418245 0.0016764435464979147 0.00256503182549289 p s
1.22 26 19.384581134560303 34.43182301690214 13.65421529881246 24.660625702539562 0.0016764435464979147 0.0025166731717515766 p s
1.23 26 19.521123287548427 34.67842822515587 13.655087963438463 24.660685468709204 0.0009395851704755804 0.002468848948096448 p s
1.24 26 19.65766544053655 34.924992828681404 13.655087963438463 24.659877749142616 0.0009395851704755804 0.0030524498080303566 p s
1.25 26 19.794207593524675 35.17159907092414 13.655087963438463 24.659942694202037 0.0009395851704755804 0.0030097123590871596 p s
1.26 26 19.9307497465128 35.41820608070522 13.655087963438463 24.660007639261458 0.0009395851704755804 0.002966359124586222 p s
1.27 26 20.067291899500926 35.664813841492695 13.655087963438463 24.660072584320876 0.0009395851704755804 0.0029223626991354184 p s
1.28 26 20.20383405248905 35.91142233583203 13.655087963438463 24.660137529380297 0.0009395851704755804 0.002877693582058919 p s
1.29 26 20.340376205477178 36.15803154526356 13.655087963438463 24.660202474439718 0.0009395851704755804 0.002832319946055594 p s
1.3 26 20.4769183584653 36.4046414502382 13.655087963438463 24.66026741949913 0.0009395851704755804 0.0027862073718809086 p s
1.31 26 20.613460511453425 36.65125203002172 13.655087963438463 24.660332364558553 0.0009395851704755804 0.002739318542826983 p s
1.32 26 20.750002664441553 36.897863262582135 13.655087963438463 24.660397309617974 0.0009395851704755804 0.0026916128913171376 p s
1.33 26 20.886544817429677 37.14447512446784 13.655087963438463 24.660462254677395 0.0009395851704755804 0.0026430461880203207 p s
1.34 26 21.0230869704178 37.39108759066739 13.655087963438463 24.660527199736812 0.0009395851704755804 0.0025935700617123678 p s
1.35 26 21.15962912340592 37.63770063445194 13.655087963438463 24.660592144796233 0.0009395851704755804 0.002543131434996375 p s
1.36 26 21.296171276394052 37.88431422719233 13.655087963438463 24.660657089855654 0.0009395851704755804 0.0024916718572072587 p s
1.37 26 21.432713429382176 38.13092833815096 13.655087963438463 24.660722034915075 0.0009395851704755804 0.0024391267105292125 p s
1.3800000000000001 26 21.56941224218926 38.37753595706085 13.655087963438463 24.66072536735049 0.0009395851704755804 0.0024363999653304095 p s
1.3900000000000001 26 21.705963121823643 38.62414321073435 13.655087963438463 24.6615980319765 0.0009395851704755804 0.0015667165020045366 p s
1.4000000000000001 26 21.842514001458028 38.87075046440786 13.655087963438463 24.6615980319765 0.0009395851704755804 0.0015667165020045366 p s
0.01 27 4.392088602668631 7.562375147350363 0.7306189948387678 1.2611656581119641 0.12262605544677992 0.2214965103384986 p s
0.02 27 4.403033432963134 7.581267944390668 1.457381513306361 2.5157474265637805 0.12210048927881796 0.22062963168683994 p s
0.03 27 4.421210936726522 7.612646894739122 2.176509516713601 3.7576560721556254 0.1212318352557302 0.21919684994887706 p s
0.04 27 4.446526915983839 7.656351220292294 2.884502267227222 4.979833163205305 0.12003055296077889 0.2172176477595748 p s
0.05 27 4.478852612262443 7.71216127203907 3.5779173108223037 6.177590438963701 0.11851108075213959 0.21471508393137193 p s
0.06 27 4.5180276799917065 7.779803573209793 4.2539039653053115 7.345480984124797 0.1166904186858695 0.2117194158589779 p s
0.07 27 4.563863616677532 7.858956847400047 4.90972524467557 8.479098256874734 0.11458864851306556 0.20826452380723573 p s
0.08 27 4.616147641308117 7.949258700376765 5.54318144579884 9.574641898140756 0.11222736303721748 0.20438765353898825 p s
0.09 27 4.67464674762063 8.050312658221019 6.152434339564747 10.62905769667929 0.10962949930866707 0.2001279827792189 p s
0.1 27 4.739111789213556 8.161695273778893 6.736153797431424 11.640040741678234 0.10681808197169579 0.1955254154906516 p s
0.11 27 4.809281452230719 8.282963047185351 7.29317789442583 12.605762403095744 0.10381720369272374 0.19062079612374067 p s
0.12 27 4.884885972137676 8.413658939447124 7.823034564196376 13.525541054886663 0.10064873839812755 0.18545137707946993 p s
0.13 27 4.965650530581007 8.553318345327796 8.32522975600081 14.398434631254114 0.09733562696231873 0.18005739771450632 p s
0.14 27 5.051298232737044 8.701474372117694 8.799647312758717 15.22489663547169 0.09389933979695984 0.17447175210666493 p s
0.15 27 5.141552647162777 8.857662423548371 9.246614163647685 16.004760315205512 0.0903585095833011 0.16873187520518 p s
0.16 27 5.236139903021845 9.021423992797597 9.666334533857718 16.739753203620385 0.08673282073401681 0.16286124523424034 p s
0.17 27 5.3347903240231185 9.19230977694494 10.059112690179786 17.43002228361988 0.0830415960790658 0.15689487472467062 p s
0.18 27 5.437239624869389 9.369882030032182 10.426010972607079 18.07724220745039 0.07929677013112592 0.15085483236388206 p s
0.19 27 5.543229752088925 9.553716328286317 10.76750401958577 18.682747861230098 0.07551540795590733 0.14476466749605732 p s
0.2 27 5.652509336261709 9.743402695528353 11.084165184828606 19.247906769107086 0.071713919874682 0.13864662766527652 p s
0.21 27 5.764833864052852 9.9385463181362 11.37652795917593 19.77444204431905 0.06790979666542446 0.13251781022345926 p s
0.22 27 5.87996559777135 10.138767714231545 11.645730194840715 20.263397408295063 0.06411274027082808 0.1264021570985951 p s
0.23 27 5.997673411458705 10.343702596886686 11.891890255880819 20.717138731546907 0.06034727330494867 0.12030578627738489 p s
0.24 27 6.117732485394024 10.553001477848818 12.116095860818195 21.136671251312087 0.056625181046393205 0.11425068017126012 p s
0.25 27 6.2399242054616755 10.766329014853193 12.318554207770012 21.523127971978447 0.052974263743539515 0.1082577142089927 p s
0.26 27 6.364036210248546 10.983363243475663 12.500622196955176 21.878107471527713 0.04940415807513018 0.10234047296011982 p s
0.27 27 6.489862871322655 11.20379479938121 12.66175099263448 22.2029742225806 0.04596554862164605 0.0965155898976357 p s
0.28 27 6.617206364683195 11.427326225100748 12.80395602427084 22.498270495266503 0.042660499989394404 0.09081611513215578 p s
0.29 27 6.74587823513887 11.653671415632134 12.927786609282148 22.765643063144918 0.03952452213766112 0.0852564875164336 p s
0.3 27 6.875701398518774 11.88255547401315 13.034252728716806 23.006383910191722 0.03658708996476386 0.07985849875234827 p s
0.31 27 7.006512489532901 12.113715006229441 13.125381761442974 23.22124452309868 0.0338495639496894 0.0746591509484309 p s
0.32 27 7.138163441492533 12.346898799112545 13.202338009980384 23.411311215337623 0.031335492423245945 0.06969275605614066 p s
0.33 27 7.270523232806257 12.581869277808446 13.267476517201072 23.578830825144255 0.0290250004614062 0.06496438488399231 p s
0.34 27 7.403477816319205 12.818403964639131 13.322206055218777 23.72468705514431 0.026921057390360523 0.06051696873989962 p s
0.35000000000000003 27 7.536929990062361 13.056297507982356 13.36713880728906 23.850517233494354 0.025054816627336718 0.0563745795236803 p s
0.36 27 7.670797771095165 13.295362954476587 13.40516032773273 23.959633009899658 0.023353992981691583 0.05249884231473784 p s
0.37 27 7.805013292013745 13.535432977330611 13.436700037569771 24.052464748836922 0.02183879381401836 0.048945069004969054 p s
0.38 27 7.939520102494094 13.77636013259422 13.463313556736832 24.131145813206775 0.02047014764728135 0.045705286496259614 p s
0.39 27 8.074271938416992 14.018016316250492 13.485716617005409 24.19820926888694 0.01924040832612586 0.04274124230372428 p s
0.4 27 8.209230745875812 14.260291589123225 13.505565190036954 24.25515252368676 0.018079271416321704 0.04004552839631024 p s
0.41000000000000003 27 8.344365233204442 14.50309275769306 13.521769721780636 24.303239693268598 0.017071472879854742 0.03761349156410035 p s
0.42 27 8.479649589106993 14.746340999482353 13.534896483204372 24.345116814431194 0.016208254547730366 0.03535521631202397 p s
0.43 27 8.615062496974462 14.98997027084974 13.547001703750663 24.38023945758352 0.015368499024338955 0.03334017883385893 p s
0.44 27 8.750586420994521 15.233925297166271 13.557318356396472 24.410382353028314 0.01461414370841039 0.03150572271759998 p s
0.45 27 8.886206657073728 15.47815973882566 13.566117608431256 24.43596747922045 0.013938029868029557 0.029858419484779148 p s
0.46 27 9.021910703291239 15.722635151759194 13.574659602632872 24.45871444771874 0.0132482666323354 0.028311911538698668 p s
0.47000000000000003 27 9.157687921047057 15.96731894334065 13.580821314720138 24.47747377756529 0.012727235727553712 0.026968703979714584 p s
0.48 27 9.293530082632353 16.212183795013935 13.587422510754896 24.49442701972164 0.012143984525724238 0.025693531367713626 p s
0.49 27 9.429428790473459 16.457206758365768 13.592278377537653 24.509220931578717 0.011696198652601795 0.024525893302715398 p s
0.5 27 9.565378523322595 16.7023683369149 13.596986940250499 24.5222242543785 0.0112448193029311 0.023450999751211905 p s
0.51 27 9.70137341264447 16.947652015145866 13.601183583052277 24.53361166819707 0.010826525488591091 0.022466985243317632 p s
0.52 27 9.837408165077148 17.193043578258504 13.605526070704155 24.54376983924574 0.010375813214066292 0.021550899175193677 p s
0.53 27 9.97348011428027 17.438530894847688 13.608416455491113 24.552879258107076 0.010064550539142816 0.020694589753053275 p s
0.54 27 10.109584395302019 17.684103697127657 13.61228357026132 24.56084021229088 0.009632277044260075 0.019915838204676285 p s
0.55 27 10.245717768820356 17.929752714990624 13.614405355779523 24.56816003504191 0.00938659117381089 0.01917167360703878 p s
0.56 27 10.381878377303394 18.175470564338 13.617732092639622 24.575143581889794 0.008987790402947832 0.018433495097908342 p s
0.5700000000000001 27 10.51806243251032 18.421249766647815 13.619459015142597 24.58038179948566 0.008773586651632892 0.017859643104773264 p s
0.58 27 10.654270559728833 18.667084725789195 13.621661196955582 24.58580156989166 0.008492557540055451 0.017245679025740295 p s
0.59 27 10.790496336081484 18.912970634356594 13.623564083187125 24.59100515794379 0.008241970680560484 0.016634761300475313 p s
0.6 27 10.926742409935915 19.158902145349938 13.625268776674226 24.595336081369908 0.008010798602977936 0.016108536705654018 p s
0.61 27 11.063006671596058 19.404875297296904 13.626973470161328 24.59966700479603 0.007772723957195661 0.015564433551010346 p s
0.62 27 11.199284624517025 19.65088698902863 13.62821760589436 24.60307028886512 0.0075942407170697095 0.015123072082805694 p s
0.63 27 11.335576916810322 19.89693294125124 13.629804246556372 24.60604489652001 0.007360320488066605 0.014726422682218233 p s
0.64 27 11.471883603751007 20.143011328966576 13.631053402290112 24.609213488839842 0.0071707693251463235 0.014291747697057863 p s
0.65 27 11.608204086648149 20.38911934781618 13.632302558023854 24.612086403235903 0.006976051556378295 0.013885827475538062 p s
0.66 27 11.744533246692766 20.63525514434885 13.63389669483473 24.614534294079668 0.006719340686219691 0.013530315483525051 p s
0.67 27 11.88087597598612 20.881415624497482 13.634769359460734 24.616982184923437 0.006574554356445944 0.01316516996215868 p s
0.68 27 12.01722521893815 21.127599928955295 13.635346101309505 24.619093954265775 0.006477084136646463 0.012841793196952023 p s
0.6900000000000001 27 12.153586021395023 21.37380472523384 13.636186907911501 24.621362957197128 0.006332291578909093 0.01248497591599434 p s
0.7000000000000001 27 12.289955128788039 21.620030686293095 13.6370277145135 24.62315126798859 0.00618410058157749 0.012196373142494823 p s
0.71 27 12.426334032543117 21.866274932130416 13.637868521115497 24.62493957878005 0.00603226068745727 0.01190075185393423 p s
0.72 27 12.56271927115314 22.112536180969723 13.638703119149095 24.626727889571512 0.005877654449289953 0.011597575358529427 p s
0.73 27 12.699106302344632 22.358814091590983 13.639575783775099 24.62885111621812 0.005711511973659553 0.011226964366735178 p s
0.74 27 12.835509947554922 22.60510679867423 13.6404484484011 24.6298244568154 0.005540378419403729 0.011052902548525347 p s
0.75 27 12.971911691189751 22.851414811775975 13.640615986665813 24.631022091023674 0.00550691363524232 0.010834884347810235 p s
0.76 27 13.108323121019366 23.097735762049158 13.64114414403567 24.633092389857957 0.005400057340092571 0.010447254704591827 p s
0.77 27 13.244739785824178 23.344068974833114 13.641672301405524 24.63429002406624 0.005291039183442603 0.010216289043066354 p s
0.78 27 13.381161362058165 23.590413703132782 13.642200458775381 24.63548765827452 0.0051797226643258785 0.009979967972336187 p s
0.79 27 13.517591833180647 23.8367691162539 13.642728616145238 24.63581262785679 0.005065956276173737 0.009914870389896746 p s
0.8 27 13.654023223246803 24.08313664006376 13.643135170481484 24.636862948918445 0.004976609235945918 0.009701478165834169 p s
0.81 27 13.790454574951617 24.329512011811097 13.644007835107487 24.637735613544454 0.004779179951579822 0.009520535861675984 p s
0.8200000000000001 27 13.926895325546996 24.57589660984932 13.644007835107487 24.638781115677894 0.004779179951579822 0.009299113264013593 p s
0.8300000000000001 27 14.063344130544333 24.822291641128103 13.644880499733489 24.63953093088844 0.00457322198638989 0.009137003505499319 p s
0.84 27 14.199785155426307 25.06869465389392 13.644880499733489 24.640280746098988 0.00457322198638989 0.008971960079669194 p s
0.85 27 14.336240250368908 25.31510527699601 13.64504946500615 24.641030561309535 0.004532261471767967 0.00880381799743328 p s
0.86 27 14.472696053729631 25.561523105114652 13.645340589075976 24.641780376520078 0.004460803835000738 0.008632396193513674 p s
0.87 27 14.609154874756985 25.807947694155338 13.645631713145804 24.642530191730625 0.004388181166462382 0.008457495243908354 p s
0.88 27 14.745616578420632 26.054381396296602 13.645922837215632 24.64328000694117 0.0043143346340411585 0.008278894648972199 p s
0.89 27 14.882081018375162 26.30081840174572 13.646213961285461 24.644553447382183 0.004239200279383948 0.00796638772729979 p s
0.9 27 15.0185480355708 26.547260159827278 13.646505085355289 24.644553447382183 0.004162708369851064 0.00796638772729979 p s
0.91 27 15.155020452887316 26.79371442094736 13.646796209425116 24.64542611200819 0.004084782641167177 0.007744944947291539 p s
0.92 27 15.291493625950368 27.040167375269352 13.647087333494943 24.64550478244599 0.004005339407364497 0.007724669631214543 p s
0.93 27 15.42796937585127 27.28662916887455 13.647378457564772 24.64591810790018 0.003924286508430151 0.007617257799659654 p s
0.9400000000000001 27 15.564446394363465 27.533095678649993 13.647567221813874 24.64720409798038 0.003870824135042363 0.007272913586703182 p s
0.9500000000000001 27 15.700922066581603 27.779566759604254 13.648439886439878 24.647617423434575 0.0036133883446134427 0.007158718732575091 p s
0.96 27 15.83739773879974 28.026042256500233 13.648439886439878 24.648030748888768 0.0036133883446134427 0.00704267052389183 p s
0.97 27 15.973877268616782 28.27252200280924 13.648439886439878 24.648444074342958 0.0036133883446134427 0.006924675782128812 p s
0.98 27 16.110370394127436 28.519005819510294 13.648439886439878 24.648857399797148 0.0036133883446134427 0.006804633247325715 p s
0.99 27 16.246863519638097 28.765493513728206 13.648439886439878 24.649270725251345 0.0036133883446134427 0.006682432561358935 p s
1.0 27 16.38335664514876 29.01198487717098 13.649312551065881 24.649684050705538 0.0033361276921740953 0.006557953080584368 p s
1.01 27 16.519849770659416 29.258479684325454 13.649312551065881 24.650097376159728 0.0033361276921740953 0.006431062481478657 p s
1.02 27 16.656323240760404 29.504978021785103 13.649312551065881 24.649638036987916 0.0033361276921740953 0.0065719275726484035 p s
1.03 27 16.792825092917322 29.751481183948478 13.649312551065881 24.650051362442106 0.0033361276921740953 0.006445312337687365 p s
1.04 27 16.929326945074244 29.997987573289436 13.649312551065881 24.6504646878963 0.0033361276921740953 0.006316157265619935 p s
1.05 27 17.065828797231163 30.24449280999156 13.65018521569188 24.65137128121991 0.003033611285734285 0.006023167290422267 p s
1.06 27 17.20232995512032 30.490997796157497 13.65023189138523 24.65137128121991 0.0030165755925191883 0.006023167290422267 p s
1.07 27 17.33883124584013 30.737515801306998 13.65033017416455 24.65137128121991 0.0029803857823037096 0.006023167290422267 p s
1.08 27 17.475333739959193 30.984038240765454 13.65042845694387 24.652243945845914 0.0029437508309485185 0.0057269905309815594 p s
1.09 27 17.611837415190234 31.230560680223913 13.650526739723189 24.652243945845914 0.0029066539070626107 0.0057269905309815594 p s
1.1 27 17.748342248107356 31.477072278925593 13.650625022502506 24.652243945845914 0.0028690770909058734 0.0057269905309815594 p s
1.11 27 17.88484821406102 31.72360344503031 13.650723305281826 24.652243945845914 0.0028310012732346967 0.0057269905309815594 p s
1.12 27 18.021355150933694 31.97013461113503 13.650841083528851 24.653116610471923 0.0027846866437479015 0.005414625904017552 p s
1.1300000000000001 27 18.15786319813477 32.21666554036173 13.650954845585224 24.65319381626817 0.0027392075461908556 0.005386117868700738 p s
1.1400000000000001 27 18.294372322796637 32.46319770442254 13.651064129847835 24.65335727883904 0.0026947954722048614 0.005325255854956266 p s
1.1500000000000001 27 18.430882489505347 32.70973178390446 13.651169067735756 24.65357768854759 0.0026514493563840574 0.00524207141274485 p s
1.16 27 18.5673936644011 32.95626792000444 13.651269791784388 24.653790861685273 0.002609166279252195 0.005160341932689585 p s
1.17 27 18.70390581503226 33.20280604137252 13.651366435702373 24.653996948098712 0.0025679412985663607 0.005080078890798341 p s
1.18 27 18.84041891021781 33.449346080172184 13.651459134433283 24.65419609850135 0.0025277672740626413 0.00500129286643533 p s
1.19 27 18.976932919919356 33.695887971904064 13.651548024222663 24.65438846450583 0.0024886346860397666 0.004923993424690944 p s
1.2 27 19.11344808126267 33.94243165522304 13.651607850295699 24.654574198658246 0.002461946707507835 0.004848188990813388 p s
1.21 27 19.2499636703272 34.18897707174788 13.651706133075017 24.65475345447465 0.0024174637163565118 0.004773886716529663 p s
1.22 27 19.38648000459459 34.43552416588258 13.651804415854336 24.654926386479882 0.002372146388099803 0.004701092338273345 p s
1.23 27 19.522997033337283 34.68207288462365 13.651902698633654 24.655093150248916 0.002325945956086029 0.004629810027309887 p s
1.24 27 19.65948435488571 34.92862317737709 13.651128316786973 24.65525390245114 0.002668365794137375 0.0045600422318167015 p s
1.25 27 19.796004410050344 35.17517499577996 13.65122659956629 24.655408800897582 0.002627381370267457 0.00449178951108954 p s
1.26 27 19.93252541434249 35.421728293515656 13.65132488234561 24.655558004591573 0.002585747117511225 0.0044250503620487805 p s
1.27 27 20.06904733099809 35.66828302615166 13.65142316512493 24.655701673783128 0.0025434311242854154 0.004359821038305572 p s
1.28 27 20.20557012088944 35.91483915096788 13.651521447904248 24.655839970027372 0.0025003987781204947 0.004296095362114103 p s
1.29 27 20.342093742300094 36.161396626804404 13.651619730683569 24.65597305624753 0.002456612434359351 0.00423386452953211 p s
1.3 27 20.478618150668762 36.407955413917286 13.651718013462887 24.656101096802896 0.0024120310306996614 0.0041731169091558835 p s
1.31 27 20.61514329829785 36.654504230522406 13.651816296242206 24.655731345436102 0.0023666096363455687 0.0043462273650515994 p s
1.32 27 20.751669134019966 36.9010642630699 13.651914579021524 24.655869549476453 0.0023202989216922474 0.004282342265898137 p s
1.33 27 20.888194671864582 37.147625351558055 13.651999273146266 24.65600475716778 0.0022796363342945398 0.004218905832708187 p s
1.34 27 21.024714664596047 37.39418745682626 13.652871937772268 24.65613695600892 0.0018081515377524407 0.004155944633496569 p s
1.35 27 21.161234657327505 37.64075054189228 13.652871937772268 24.656266132892203 0.0018081515377524407 0.004093487006392218 p s
1.36 27 21.297754650058973 37.88731382970033 13.652871937772268 24.65640350402045 0.0018081515377524407 0.004026004110961008 p s
1.37 27 21.434274642790434 38.13389949754446 13.652871937772268 24.656543055661853 0.0018081515377524407 0.003956271209018332 p s
1.3800000000000001 27 21.570794635521896 38.38046803551757 13.652871937772268 24.656682607303253 0.0018081515377524407 0.0038852865411358696 p s
1.3900000000000001 27 21.707314628253357 38.627037490466776 13.652871937772268 24.65682215894466 0.0018081515377524407 0.0038129801971297566 p s
1.4000000000000001 27 21.84383462098482 38.87360778622453 13.652871937772268 24.65696171058606 0.0018081515377524407 0.003739275506067556 p s
0.01 28 4.515243815389199 7.7848269943598485 0.6969447082233423 1.2055014717008155 0.12263168208835717 0.22150585086434643 p s
0.02 28 4.52568509472478 7.802887508324891 1.390446064682091 2.4051327780647918 0.12215334421799941 0.22071360134276083 p s
0.03 28 4.5430301462691425 7.83289096505226 2.0771258131533146 3.593138019546669 0.12136244503756495 0.2194039845275452 p s
0.04 28 4.567194689943961 7.874693585492684 2.753824681199253 4.764076442484556 0.12026812412247112 0.21759270282913246 p s
0.05 28 4.598063344967166 7.928098594426297 3.417475771912893 5.912806295508696 0.11888292325262002 0.2153010458822742 p s
0.06 28 4.635492070123136 7.992860448807012 4.065401771030866 7.034707660170851 0.11722196927835296 0.21255497364695233 p s
0.07 28 4.679311088274442 8.06868989765799 4.6951126023290755 8.125698395218121 0.11530299246231335 0.2093843077851491 p s
0.08 28 4.729328143240745 8.155259635889559 5.304704479359749 9.1822436992686 0.11314468646852273 0.20582194444709392 p s
0.09 28 4.785331968145106 8.252210306949747 5.892258653890416 10.201454075456128 0.11076818744651193 0.20190270281240677 p s
0.1 28 4.847095798289024 8.359156621837323 6.45645257241556 11.180929675365496 0.10819454403930161 0.19766305266440726 p s
0.11 28 4.914380832786057 8.475693374288333 6.996304894616183 12.119298189248102 0.10544491980679081 0.19313775994718974 p s
0.12 28 4.986939525766045 8.601401193352663 7.511141566476116 13.01501529713654 0.10254025101247465 0.1883645641651132 p s
0.13 28 5.06451863115308 8.7358518549824 8.000369553342644 13.867787004041219 0.09950222662461233 0.18337646168247895 p s
0.14 28 5.146861926936889 8.87861309910477 8.463943251345961 14.67718728990943 0.09635011073314612 0.17820811482871166 p s
0.15 28 5.233712611884244 9.029252843992571 8.901783600771694 15.443541234078822 0.09310392453451379 0.17289028347765473 p s
0.16 28 5.3248153252762185 9.187342804853138 9.314072060308751 16.167268940411354 0.08978239534398177 0.16745325184776141 p s
0.17 28 5.4199178032558395 9.352461489300696 9.701894569621864 16.84946179200329 0.08639655925685673 0.16192205992406986 p s
0.18 28 5.518772243190617 9.524196624520192 10.064641682944034 17.49077941367039 0.08297227684769284 0.15632472847672324 p s
0.19 28 5.621136243476679 9.702147009467959 10.403689896261817 18.092677497319794 0.07951777307505382 0.1506819657084904 p s
0.2 28 5.726773585863204 9.885923903578872 10.719917414871613 18.65667393206917 0.07604455664712838 0.14501237691185112 p s
0.21 28 5.835454664528855 10.075151924905517 11.012777185269789 19.183159646561208 0.07258078732495006 0.13934556249086982 p s
0.22 28 5.946956868133102 10.269469663364152 11.283874323488256 19.674497651208046 0.06913071648982617 0.13368959455135238 p s
0.23 28 6.06106464552197 10.468529863080862 11.533900356792442 20.13191427590626 0.06570847285231772 0.12806304103424473 p s
0.24 28 6.177569675351439 10.671999454215948 11.763184470271462 20.556401241854722 0.06233412693605457 0.12248723412508854 p s
0.25 28 6.296270901429358 10.879559322765067 11.973771441195456 20.949948015389676 0.05900189432287977 0.11696960914805354 p s
0.26 28 6.4169747126162635 11.090904016338392 12.164551130274976 21.313800281041964 0.05575607064012489 0.11152604057326973 p s
0.27 28 6.539495163044917 11.3057413533589 12.336827867207285 21.648767102031417 0.052605341654222176 0.10617927018738207 p s
0.28 28 6.663654461624447 11.523792000452298 12.492054816010787 21.956533049471627 0.049553826805071456 0.10093830304660205 p s
0.29 28 6.789283443102154 11.74478916307862 12.630934621353502 22.238063164097877 0.046619389646826784 0.0958235863550913 p s
0.3 28 6.916222402014607 11.968478315850271 12.754240122333949 22.49509618168917 0.043819932324156936 0.09084135054914574 p s
0.31 28 7.044321881541036 12.194617147928984 12.863515255528537 22.72836017582368 0.04115529172892701 0.08601682217047779 p s
0.32 28 7.173443396333477 12.422975608284009 12.959205972718667 22.939229995273646 0.03865089102283433 0.08136324056210943 p s
0.33 28 7.303460190475743 12.653336169088458 13.042479004844209 23.12909930948605 0.03631467728974218 0.07689263937749811 p s
0.34 28 7.434257729066408 12.885494253838388 13.115601638666805 23.299290031919757 0.03411807422580434 0.07261783323530359 p s
0.35000000000000003 28 7.565733407399877 13.119258630707048 13.177982102423728 23.450725228299728 0.032115023943332294 0.06856176569809735 p s
0.36 28 7.6977966797267525 13.354451973914355 13.232709677330101 23.5852331553737 0.030240105703843462 0.06472232373303861 p s
0.37 28 7.830368234100925 13.590911302256675 13.28015528536821 23.704159538190964 0.02850819331280448 0.06110715914438297 p s
0.38 28 7.963379382572004 13.828488057383865 13.32137403557807 23.809221150381397 0.026907769211388367 0.05770892501093446 p s
0.39 28 8.096770621629974 14.067048019950931 13.356659643488843 23.901421741256797 0.02545362059405281 0.05453907358969185 p s
0.4 28 8.23049098967542 14.306471140038179 13.386953307890117 23.981581419663144 0.024132069164279756 0.05161443965661769 p s
0.41000000000000003 28 8.364497140596791 14.546650873979551 13.413574107688 24.05282592648205 0.022905221382171378 0.04885945539692142 p s
0.42 28 8.498751840539567 14.787493193132956 13.436700037569771 24.114771705097837 0.021781289417321926 0.046323893233844435 p s
0.43 28 8.633223491341129 15.0289157249517 13.457163441316055 24.168761043199744 0.020734277477540072 0.043989227375281756 p s
0.44 28 8.767884756001937 15.270846842351748 13.474737707276633 24.21601307756756 0.019789559485774513 0.04183450983709231 p s
0.45 28 8.902712528913694 15.51322396866272 13.490119594309446 24.258067995232093 0.018922946897166257 0.03981502213979137 p s
0.46 28 9.037687249074382 15.755993155457723 13.504646654766255 24.294828358095703 0.01806539382898757 0.03795879964739501 p s
0.47000000000000003 28 9.172791557678842 15.9991075853604 13.516312960928424 24.32711358866141 0.017345335284210513 0.03624775047456666 p s
0.48 28 9.308011393253915 16.24252677084157 13.527646932320653 24.356255941853544 0.016615297804448214 0.03462865636035888 p s
0.49 28 9.443333310977438 16.4862155715815 13.53686884377619 24.381460694350167 0.01599625850063201 0.03316297325643238 p s
0.5 28 9.578746948265257 16.73014358201378 13.545625447577173 24.40354068869344 0.01538500339935578 0.031822249808094054 p s
0.51 28 9.71424325865257 16.974284668575066 13.55333001659968 24.424097896987952 0.014826013320806825 0.03051993377424628 p s
0.52 28 9.849812463116757 17.21861567328245 13.560296400263718 24.441511967541683 0.014301495566771894 0.02937068685296392 p s
0.53 28 9.985448822699794 17.463116883347148 13.566418608310336 24.457841783092732 0.013823883328808252 0.028249762518542606 p s
0.54 28 10.121145325077501 17.707770689107665 13.572824753814729 24.472817130379617 0.013305533918703111 0.02718051198143559 p s
0.55 28 10.256896366655578 17.952561786011493 13.577485570067115 24.48537628440845 0.012915177934869536 0.026249688116545204 p s
0.56 28 10.39269673893819 18.19747712218539 13.58197436789519 24.497088627220712 0.012527603495196637 0.025350392301226463 p s
0.5700000000000001 28 10.52854272622383 18.442504721343607 13.58696084374901 24.507712143024275 0.01208233251293903 0.02450578177885958 p s
0.58 28 10.66442977279623 18.687634178080994 13.591074654976824 24.51739632971557 0.0117021098611561 0.023709315844136887 p s
0.59 28 10.80035422031349 18.932856312929086 13.594192713394687 24.526220477191508 0.011405399122155968 0.022959250099215657 p s
0.6 28 10.93631452597131 19.178162737678115 13.597281310212495 24.53455195908561 0.011103608203125677 0.022227583437699223 p s
0.61 28 11.072306508402185 19.42354689553038 13.600280178732241 24.54163213483224 0.010802452110975672 0.02158611776234583 p s
0.62 28 11.2083275841796 19.66900174899796 13.603279047251991 24.54871231057887 0.010492586585657167 0.02092480311160043 p s
0.63 28 11.344376863566087 19.914521263759244 13.606398735330158 24.55464475395158 0.010160137013087815 0.020354000136742326 p s
0.64 28 11.480450464231561 20.16010076384336 13.608186980327208 24.56036273463622 0.009964537203760457 0.01978811909870881 p s
0.65 28 11.616548040986663 20.405734892676744 13.611187164934854 24.566042345160067 0.00962739163282522 0.01920940367204527 p s
0.66 28 11.752667100635264 20.651421028977015 13.6133146849165 24.571314506564832 0.00938092480480194 0.018656020171496642 p s
0.67 28 11.888806032913212 20.89715382052577 13.614569540272141 24.575684677577424 0.00923245061416634 0.01818445826398195 p s
0.68 28 12.024963520652717 21.14293012169497 13.616859428013623 24.580054848590013 0.008955132542770314 0.017700250464852033 p s
0.6900000000000001 28 12.16113923118994 21.388747057819977 13.618296377244661 24.58324732007358 0.008776611932119259 0.017337928143902673 p s
0.7000000000000001 28 12.29733162012589 21.634601779166232 13.619852052254323 24.587671636840447 0.008579132554783311 0.016822823265509722 p s
0.71 28 12.433540952604918 21.88049192388796 13.621407727263982 24.590750534001284 0.008376975723612883 0.01645479079856487 p s
0.72 28 12.569762260849101 22.126414691525973 13.622538516953991 24.59385154402067 0.008226899834635698 0.016075552468935574 p s
0.73 28 12.705996952597468 22.372368112397837 13.62406306397757 24.59690832832295 0.00802010079967927 0.015692707060103478 p s
0.74 28 12.842245564150355 22.618349981478765 13.625260553228731 24.59998722548378 0.007853831771325369 0.015297359638902464 p s
0.75 28 12.978505746904013 22.86435784481973 13.626458042479898 24.60219762423911 0.0076839506877792755 0.01500707951197272 p s
0.76 28 13.114779105053138 23.11039268988203 13.627344941268358 24.604434023997985 0.007555659789315321 0.014707527930830315 p s
0.77 28 13.251061697125186 23.356450823505167 13.629090270520363 24.606673454049492 0.007296586390261021 0.014401300241291163 p s
0.78 28 13.387352276958472 23.602530872422328 13.629549845386698 24.608912884101002 0.007226817699406482 0.014088389125741368 p s
0.79 28 13.523654584417999 23.84863165567963 13.630420235858299 24.61108212156545 0.007092795495429423 0.01377848385455692 p s
0.8 28 13.659965540114746 24.094753307591137 13.631290626329903 24.612856331010804 0.0069561828085310425 0.013519712720711702 p s
0.81 28 13.796287167276585 24.340893431140543 13.63216101680151 24.614576619807444 0.006816823896626879 0.013263967908917776 p s
0.8200000000000001 28 13.932614964123248 24.587050890805966 13.633024030208729 24.616296908604085 0.006675765406602918 0.013003175711545792 p s
0.8300000000000001 28 14.068945092084109 24.83322469352415 13.63389669483473 24.618017197400725 0.0065300224109435066 0.012737026094820456 p s
0.84 28 14.205292785678713 25.079414634315846 13.634769359460734 24.619966618891784 0.006380941812600761 0.012428516804719281 p s
0.85 28 14.341639265163066 25.325619474440924 13.635056332743385 24.621047096160435 0.0063311479960833986 0.012254168085934672 p s
0.86 28 14.47799582165936 25.571839287095813 13.63563445698937 24.62229360076013 0.006229623805262462 0.01204988556063988 p s
0.87 28 14.614358349532615 25.818072262475575 13.636212581235357 24.62354010535983 0.006126413020176701 0.01184206895843734 p s
0.88 28 14.750726577834056 26.064317807512076 13.636790705481344 24.62478660995953 0.006021428913839342 0.011630528838104013 p s
0.89 28 14.88710021281829 26.310575277184853 13.637368829727327 24.62603311455922 0.0059145770573202925 0.01141505819246156 p s
0.9 28 15.023481998521175 26.556845697756884 13.637946953973314 24.62727961915892 0.005805754326653874 0.011195430079558064 p s
0.91 28 15.159866897230705 26.80312465409647 13.638525078219297 24.62885111621812 0.005694847738777853 0.010912225867503069 p s
0.92 28 15.296254278932153 27.049417244300802 13.639575783775099 24.629723780844127 0.005487533367114305 0.010751731437969083 p s
0.93 28 15.432644025937668 27.295716630040783 13.639575783775099 24.630283640384217 0.005487533367114305 0.010647489100553962 p s
0.9400000000000001 28 15.569048510421675 27.542027797980403 13.6404484484011 24.63110727238362 0.005309185103208335 0.010492247234411115 p s
0.9500000000000001 28 15.705445223989102 27.788347859929434 13.6404484484011 24.632803569009027 0.005309185103208335 0.010165037674461854 p s
0.96 28 15.841854966349159 28.03467648929165 13.640706941737644 24.633627201008434 0.005255192191574172 0.010002293889491374 p s
0.97 28 15.978266592087685 28.281013335128588 13.641062365550473 24.634450833007836 0.005180032360675001 0.009836852415293768 p s
0.98 28 16.114681777002502 28.52735801952883 13.641417789363308 24.635274465007242 0.005103763817918548 0.00966857477029506 p s
0.99 28 16.25110037136611 28.773710134603057 13.641773213176137 24.635225432380633 0.005026336093493778 0.009678674771680332 p s
1.0 28 16.38752221449737 29.020070923668353 13.642128636988968 24.636049064380035 0.004947694766719082 0.009507592480619982 p s
1.01 28 16.523952483585983 29.266438326652498 13.6424840608018 24.636862948918445 0.004867781018974971 0.009335449806710826 p s
1.02 28 16.66038159493693 29.51280695614168 13.642839484614633 24.637735613544454 0.004786531119397764 0.009147269952555248 p s
1.03 28 16.796813495429358 29.759191991217982 13.643135170481484 24.638608278170462 0.004717869531604038 0.008955129752334976 p s
1.04 28 16.933244847134173 30.0055755621575 13.644007835107487 24.63872078017935 0.004509125684599553 0.008930058128083895 p s
1.05 28 17.069676198838987 30.251968770665655 13.644007835107487 24.639225397994274 0.004509125684599553 0.008816723109214565 p s
1.06 28 17.206118884306168 30.49836747298845 13.644007835107487 24.63973001580919 0.004509125684599553 0.008701909756204945 p s
1.07 28 17.342567689303504 30.744771501734583 13.644880499733489 24.64023463362411 0.004290222927393955 0.008585558760655176 p s
1.08 28 17.479016494300836 30.99118067899711 13.644880499733489 24.640739251439026 0.004290222927393955 0.008467606737868595 p s
1.09 28 17.615451780436082 31.237594815401884 13.644880499733489 24.641243869253948 0.004290222927393955 0.008347985823459752 p s
1.1 28 17.75190906999986 31.484013709032347 13.64489002662419 24.64174848706887 0.004287771416370107 0.00822662321716108 p s
1.11 28 17.888362932188937 31.730437144223995 13.64507721730064 24.642253104883785 0.004239314572365455 0.008103440665086748 p s
1.12 28 18.024818827055142 31.976864890207693 13.645264407977088 24.642757722698708 0.004190296731666499 0.007978353870002963 p s
1.1300000000000001 28 18.16127669941103 32.22330065556087 13.645451598653537 24.64326234051363 0.004140697970979293 0.007851271816997393 p s
1.1400000000000001 28 18.297736490976664 32.46973782826533 13.645638789329986 24.64368078275617 0.004090497158763389 0.007744308613632105 p s
1.1500000000000001 28 18.43419814013158 32.7161746360929 13.645825980006437 24.644553447382183 0.004039671850081334 0.007516334074078116 p s
1.16 28 18.57066158163157 32.96261864216726 13.646013170682886 24.644553447382183 0.003988198169392602 0.007516334074078116 p s
1.17 28 18.707126746299252 33.209072903287336 13.646200361359337 24.64542611200819 0.003936050679534726 0.007281216706570375 p s
1.18 28 18.843593560675586 33.45551727869078 13.646387552035787 24.64542611200819 0.003883202234870546 0.007281216706570375 p s
1.19 28 18.980061946631775 33.70197964592781 13.646574742712234 24.645468099958403 0.003829623816180059 0.007269712168323992 p s
1.2 28 19.116534627099607 33.94844053317801 13.646761933388687 24.645733877903155 0.0037752843444601512 0.007196462920447188 p s
1.21 28 19.253007385792003 34.19490453421733 13.646949124065134 24.646872320473904 0.0037201504702239537 0.006873868295608285 p s
1.22 28 19.38948184331325 34.44137158807124 13.647136314741584 24.647138098418655 0.0036641863342635876 0.006796349647130263 p s
1.23 28 19.52595792467057 34.687841630849675 13.647323505418033 24.647403876363406 0.0036073532949827576 0.00671793571565224 p s
1.24 28 19.6624355500612 34.934314595541125 13.647510696094484 24.647669654308153 0.003549609616416141 0.006638594776463887 p s
1.25 28 19.798912102913047 35.18079041179837 13.647567221813874 24.6479354322529 0.0035319871056338683 0.006558293185385509 p s
1.26 28 19.935387775131186 35.42726900569034 13.648439886439878 24.64820121019765 0.003247803682324394 0.006476995212112822 p s
1.27 28 20.07186344734933 35.6737502994409 13.648439886439878 24.6484669881424 0.003247803682324394 0.006394662854510844 p s
1.28 28 20.208339119567466 35.92023421113785 13.648439886439878 24.64873276608715 0.003247803682324394 0.006311255631084831 p s
1.29 28 20.34481116830755 36.166720654410156 13.648439886439878 24.648998544031905 0.003247803682324394 0.006226730348409612 p s
1.3 28 20.48130429381821 36.413209538073865 13.648439886439878 24.649264321976645 0.003247803682324394 0.006141040839762894 p s
1.31 28 20.61779741932887 36.65970076574192 13.648439886439878 24.649530099921396 0.003247803682324394 0.006054137670414673 p s
1.32 28 20.75429054483953 36.90619423538824 13.648439886439878 24.64979587786615 0.003247803682324394 0.005965967804298946 p s
1.33 28 20.89078367035019 37.1526898388642 13.649312551065881 24.650061655810894 0.0029362223022834644 0.005876474225622757 p s
1.34 28 21.027276795860846 37.399187461360015 13.649312551065881 24.650327433755642 0.0029362223022834644 0.0057855955077923795 p s
1.35 28 21.163769921371504 37.64568668915667 13.649312551065881 24.649720547074388 0.0029362223022834644 0.00599109010435247 p s
1.36 28 21.300263046882165 37.89219042583585 13.649312551065881 24.649986325019135 0.0029362223022834644 0.005901977749856597 p s
1.37 28 21.436716525123405 38.138696214786016 13.649312551065881 24.650252102963886 0.0029362223022834644 0.00581149814196167 p s
1.3800000000000001 28 21.57321837728032 38.38520367556447 13.649312551065881 24.6504986165939 0.0029362223022834644 0.005726298033744289 p s
1.3900000000000001 28 21.709720229437238 38.63170866173041 13.649312551065881 24.65137128121991 0.0029362223022834644 0.005413916207318871 p s
1.4000000000000001 28 21.846222081594156 38.878213647896345 13.649312551065881 24.65137128121991 0.0029362223022834644 0.005413916207318871 p s
0.01 29 4.638423037146106 8.007321688697163 0.666233527704394 1.1545341793334678 0.12263526075306147 0.22151208190476301 p s
0.02 29 4.648404970160685 8.024619979665466 1.3293783822622742 2.303806700284668 0.12219805837984507 0.22078523146193016 p s
0.03 29 4.66499036764659 8.05336316217225 1.9864311589427321 3.4426704551176948 0.12147487058532308 0.2195831722955466 p s
0.04 29 4.688103588967266 8.093422222549775 2.6344553356994407 4.566182107325175 0.12047380669242846 0.21791962333738027 p s
0.05 29 4.717640962007532 8.144620324511775 3.270790049617176 5.669386558417266 0.1192056841259589 0.21581384045738636 p s
0.06 29 4.7534727813126665 8.206736352022435 3.8929584493009917 6.74910198825051 0.11768383720885967 0.21328635962118564 p s
0.07 29 4.7954458062227125 8.279509213968467 4.498709665793584 7.800511706128637 0.11592379082112667 0.21036568835074423 p s
0.08 29 4.843386028600852 8.362642622516137 5.086101761633123 8.820705599300066 0.1139426992682692 0.2070800934973673 p s
0.09 29 4.897101637609769 8.455810249326833 5.653551055142231 9.806949782186129 0.11175870456434925 0.20346053965648386 p s
0.1 29 4.956386067632676 8.558661007613614 6.199635254068543 10.756964692631827 0.10939127891093178 0.19953951434563869 p s
0.11 29 5.021021013881267 8.670824299635505 6.723497939818004 11.669216862373418 0.10685908489347695 0.19534902979959193 p s
0.12 29 5.0907793525836595 8.791915089456236 7.224216910629856 12.542146848278744 0.10418239648160035 0.19092341639717836 p s
0.13 29 5.165427857968707 8.921538630730993 7.701440255277481 13.375678905457155 0.10137967006729927 0.1862910697615045 p s
0.14 29 5.244729700793483 9.05929486329634 8.154905483041718 14.168730941816628 0.09846953455512174 0.18148690403955628 p s
0.15 29 5.32844666681912 9.204782250331302 8.584506762187317 14.921939266813675 0.09547032203629158 0.17653666974496307 p s
0.16 29 5.416341087556014 9.35760120166224 8.99020893318666 15.635257519829857 0.09240056004142658 0.17147053007508006 p s
0.17 29 5.508177461939879 9.517356938068794 9.372789058566307 16.309384927525937 0.08927272777447837 0.16631386441769744 p s
0.18 29 5.6037238319056835 9.68366188423953 9.732459057311553 16.9449937536538 0.08610349065612982 0.16109205802426987 p s
0.19 29 5.702752861483529 9.856137572762604 10.069285437618735 17.543724037662248 0.08291156552543043 0.15582175427812384 p s
0.2 29 5.8050426510514495 10.03441615326296 10.384553000098295 18.105980916715374 0.07970411302149744 0.15052951374444518 p s
0.21 29 5.910377426965444 10.218141463528918 10.678881355294441 18.633068074195805 0.07649374551452597 0.14523367485154665 p s
0.22 29 6.018547943115323 10.40696979081058 10.952433439636133 19.12676198364807 0.07329851563527237 0.139946334576047 p s
0.23 29 6.129351874258915 10.600570369754895 11.20555677385082 19.588191891618113 0.0701356668733195 0.13468491331156895 p s
0.24 29 6.242593983978127 10.798625570138896 11.439682164127111 20.017994727697648 0.06700875373515724 0.1294725098261555 p s
0.25 29 6.35808638417288 11.000830987842644 11.655620065385177 20.417852097979726 0.06392798174857839 0.12431948459321432 p s
0.26 29 6.475648620172548 11.206895346765666 11.853717713156154 20.789997367968613 0.06091053471760093 0.1192264082836895 p s
0.27 29 6.595107872981606 11.416540277724465 12.035526242042339 21.134451349776807 0.05795504756703502 0.11422290123594518 p s
0.28 29 6.716299130952796 11.629500148212298 12.200293620867981 21.452987892565318 0.05509801523186256 0.10931427957792016 p s
0.29 29 6.8390655375952525 11.845521730245176 12.350354291373133 21.747054196163532 0.05232402463142875 0.10450872465863038 p s
0.3 29 6.963258607347538 12.064364027603233 12.485739396832448 22.017398212651237 0.049657149328562404 0.09982527160386413 p s
0.31 29 7.088738535539108 12.285798039828684 12.607904704968206 22.265998233624927 0.047094302336617384 0.09526086618181706 p s
0.32 29 7.215374626994628 12.509606610807587 12.717292933578062 22.492407360983613 0.0446519770196128 0.09085684525274258 p s
0.33 29 7.343045513056086 12.735584411897168 12.814795653088387 22.69960553994529 0.04233721518460152 0.08658858049147503 p s
0.34 29 7.471639242346064 12.963537884823877 12.902232940223836 22.887712600352078 0.04013177478279844 0.08248617183316019 p s
0.35000000000000003 29 7.6010535009567235 13.193285238329162 12.979290176578525 23.05853928216182 0.038068956435808744 0.07854370663253175 p s
0.36 29 7.731195577778206 13.424656584792688 13.047699799012518 23.21296432622763 0.036127964207582686 0.07477399984233833 p s
0.37 29 7.861981914141182 13.657493805623446 13.108368711054982 23.352013823864944 0.03430563286752312 0.07118590600251772 p s
0.38 29 7.99333760213442 13.891650764097276 13.161741587035879 23.477055261918274 0.032610834506985306 0.06777761060625616 p s
0.39 29 8.1251964345697 14.1269929623238 13.208865277932688 23.58929118835397 0.031031471150969263 0.06454863372193717 p s
0.4 29 8.257499651814776 14.363397496572178 13.250969285518183 23.68974875548605 0.029543881500740627 0.061500888629717684 p s
0.41000000000000003 29 8.39019537046451 14.600752509297955 13.28762966530187 23.779866812085782 0.028180606723900294 0.058620332561033967 p s
0.42 29 8.523238568642233 14.838956978995842 13.320625754425684 23.859427938743607 0.026891114407079413 0.05594434525139787 p s
0.43 29 8.656589268596536 15.077920028566886 13.349504539124764 23.931634778439 0.025706696623804128 0.0533914608259559 p s
0.44 29 8.790212743533822 15.317560212734135 13.374794930649033 23.995485423926226 0.024620450832413265 0.05102083215495776 p s
0.45 29 8.92407884762038 15.557804911119481 13.397670366762906 24.052718841856226 0.023593007200613626 0.048792358813485745 p s
0.46 29 9.058161147621401 15.798589555729743 13.418193727236176 24.103429004777805 0.022629952266867193 0.046724430065340355 p s
0.47000000000000003 29 9.192436127115071 16.039856759404504 13.436700037569771 24.149093185653427 0.021723629005231844 0.04477665873791254 p s
0.48 29 9.326883846884055 16.281556004466363 13.452604632444686 24.18967649237712 0.020912303828080243 0.042968279595181604 p s
0.49 29 9.461486569282936 16.52364223842502 13.4671243725609 24.22642008460392 0.0201422217279631 0.04125990748887606 p s
0.5 29 9.596228547329366 16.766075857369835 13.48040513618122 24.25945788276342 0.019410348549098545 0.039658704189822876 p s
0.51 29 9.731096156933132 17.008821967401055 13.492423931279106 24.289147229445557 0.01872271948848063 0.03816054170098343 p s
0.52 29 9.866077518641612 17.251849331000436 13.503871828248599 24.31613500302441 0.018042799628703633 0.03674406133232774 p s
0.53 29 10.001161544434686 17.49513066161889 13.51307072716855 24.340325323850635 0.017476857769129855 0.0354248928470958 p s
0.54 29 10.136339427879687 17.73864162854262 13.522546310299198 24.361572213245033 0.01687363489521717 0.03422318008130487 p s
0.55 29 10.27160222734232 17.98236090720326 13.529886602106814 24.38180259239799 0.016390789402199384 0.033037334968721285 p s
0.56 29 10.406942537502355 18.22626907863465 13.537591062445836 24.400015040930334 0.015867897562455543 0.03193124233844627 p s
0.5700000000000001 29 10.542354266369207 18.4703494847041 13.544752782951173 24.416132017316958 0.015365611208096734 0.03091870584747701 p s
0.58 29 10.677830946900922 18.71458661016668 13.550593711179976 24.430792473827484 0.014943258406777902 0.029967366857542078 p s
0.59 29 10.813367455267501 18.958967294957596 13.55640443328199 24.445210590559586 0.014510708445326615 0.029000747428187007 p s
0.6 29 10.948959741031743 19.203479292768215 13.561721181437171 24.457282660217395 0.01410314240731747 0.028165448389751338 p s
0.61 29 11.08460193266694 19.448111669693724 13.566354611729084 24.469262880950065 0.01373796520734966 0.02731083327714905 p s
0.62 29 11.220291593286449 19.692854722198266 13.571535482183407 24.479269294978202 0.013317635415875006 0.02657563074439958 p s
0.63 29 11.356024361477292 19.93769990026265 13.574971023385723 24.48903049207485 0.013031340318272758 0.025837994155979725 p s
0.64 29 11.491797399564332 20.182639083379087 13.578947164446737 24.498200749982686 0.012691841600016105 0.025125013190663854 p s
0.65 29 11.627608224951882 20.427665412028414 13.583256577075643 24.50647559905165 0.012313203794181556 0.02446358250956508 p s
0.66 29 11.763453799595156 20.672772139352638 13.58644738620443 24.514319345183967 0.012025089939012874 0.02381944600054655 p s
0.67 29 11.899331591794 20.917953712672816 13.589638195333217 24.521434806896014 0.011729831259684305 0.023219479374188334 p s
0.68 29 12.035239281103994 21.16320464724192 13.591956339836003 24.528080154915894 0.011510530013822219 0.022644638097045883 p s
0.6900000000000001 29 12.171176247893449 21.408519852200623 13.59506537802069 24.53453472697493 0.011209614105578924 0.022071816583137185 p s
0.7000000000000001 29 12.307138566488826 21.653895787208924 13.597201637705949 24.54004186964926 0.01099803862165303 0.021570930051695695 p s
0.71 29 12.443126364266226 21.89932745552467 13.599517762291496 24.545549012323594 0.01076391289503491 0.021058016360605548 p s
0.72 29 12.579137128842211 22.1448113905209 13.601833886877044 24.550816904588217 0.01052453895878465 0.02055530067528884 p s
0.73 29 12.715170406439428 22.390345069096355 13.604150011462593 24.555252096774222 0.010279550183379343 0.020122227183554837 p s
0.74 29 12.851223806245146 22.635924367027435 13.606398735330158 24.56055995358624 0.010035929085068581 0.019591255832594738 p s
0.75 29 12.987295839917822 22.881546440986163 13.607823866819805 24.564122481146235 0.009878402567153163 0.019226589980174836 p s
0.76 29 13.123387090385219 23.127209526269286 13.610330951486164 24.567957639970153 0.009594966491952824 0.018826062694243046 p s
0.77 29 13.259495318152515 23.372910958283352 13.611965371526518 24.57220747846539 0.009405561550707391 0.018371956143364256 p s
0.78 29 13.395619617945222 23.618647977327438 13.613599791566875 24.575584652334616 0.009212239795249277 0.01800287231331685 p s
0.79 29 13.531758993121956 23.864418689943665 13.614361546981227 24.578961826203845 0.009120730252420044 0.017626009346622437 p s
0.8 29 13.667914194453257 24.110221005183725 13.61598676338762 24.581466335447068 0.00892233900054625 0.017341205538038317 p s
0.81 29 13.804082229543877 24.356054191057286 13.617732092639622 24.5849926493256 0.008704224160318165 0.016932036036564967 p s
0.8200000000000001 29 13.940261613214728 24.60191539082143 13.618608466378207 24.587866011510805 0.008592604636966025 0.01659112631351518 p s
0.8300000000000001 29 14.076455325763641 24.847803904844778 13.619796912460522 24.590232399510796 0.008438867955610448 0.016304984271146974 p s
0.84 29 14.212662837557984 25.093717765876363 13.62098535854284 24.592624070360767 0.008282264292591907 0.01601056094778597 p s
0.85 29 14.348878233651591 25.339654200841636 13.622538516953991 24.594965175510783 0.008073002499995588 0.015716993157293593 p s
0.86 29 14.48510689105571 25.585616848404367 13.623411181579993 24.59733156351078 0.007952999342397394 0.015414544949467753 p s
0.87 29 14.621341972421622 25.8315994589584 13.624078570770598 24.599697951510773 0.007859982749723587 0.015106012452410274 p s
0.88 29 14.757589358376494 26.07760332223781 13.624988166867496 24.601191674884767 0.007731399576589673 0.014907956342185703 p s
0.89 29 14.893845662914634 26.323625232033724 13.625897762964398 24.603181541827563 0.007600632615566348 0.014639934744807214 p s
0.9 29 15.030113440612011 26.569667820841442 13.626807359061296 24.60489299774787 0.0074675671445071255 0.014405407048274902 p s
0.91 29 15.1663861228512 26.81572799319354 13.627344941268358 24.606604453668176 0.007387792859013317 0.014166980669243004 p s
0.92 29 15.302667258527059 27.06180494560655 13.62821760589436 24.60831590958848 0.007256420190048904 0.013924455339466013 p s
0.93 29 15.438954939015039 27.307899655580258 13.629167805804395 24.61002736550878 0.007110605645122456 0.013677613018388917 p s
0.9400000000000001 29 15.575252253400143 27.55400842449294 13.629823301408603 24.611954786191458 0.007008241262377849 0.013394155800374887 p s
0.9500000000000001 29 15.711556328744296 27.800131111906733 13.630478797012811 24.61289088166088 0.006904354353190001 0.013254293358527833 p s
0.96 29 15.847866893849902 28.04626953359905 13.631134292617018 24.614198064741785 0.006798875125239838 0.013056470875341548 p s
0.97 29 15.98418365747901 28.292421295069648 13.631789788221226 24.6155052478227 0.006691728281562555 0.012855593902350887 p s
0.98 29 16.120509990005672 28.53858582843802 13.632445283825435 24.61681243090361 0.0065828323927771696 0.012651516945586699 p s
0.99 29 16.256839243722723 28.784762522211285 13.633024030208729 24.618119613984522 0.006485162468265832 0.012444082571469832 p s
1.0 29 16.39316948402481 29.030952844590043 13.63389669483473 24.619093954265775 0.00633503600331033 0.012287181339885572 p s
1.01 29 16.5295131424694 29.277153957657706 13.63389669483473 24.620839283517792 0.00633503600331033 0.01200098196003342 p s
1.02 29 16.665854366784266 29.523363897272727 13.634769359460734 24.621456920480714 0.0061812544755581456 0.01189804772394065 p s
1.03 29 16.802207638998336 29.769586564064802 13.63509195511039 24.62239596863177 0.006123426282165706 0.011739813563574536 p s
1.04 29 16.938563910838738 30.015819129114437 13.635521012670457 24.62333501678283 0.006045654649070083 0.01157941115614126 p s
1.05 29 17.074924662370616 30.262061247970358 13.635950070230528 24.624274064933882 0.0059668669381999434 0.011416749112056063 p s
1.06 29 17.21128974266905 30.508312553135436 13.636379127790597 24.625213113084936 0.005887022354315288 0.011251729431581339 p s
1.07 29 17.347658991221678 30.754572651844466 13.636808185350667 24.626152161235996 0.005806077295549005 0.011084246815392863 p s
1.08 29 17.484032237048012 31.000841123545136 13.637237242910734 24.627091209387054 0.005723985075385264 0.01091418787985459 p s
1.09 29 17.620409297709813 31.247120796095594 13.637666300470803 24.62797845159211 0.005640695608188286 0.01075103357505695 p s
1.1 29 17.756794342029973 31.493402643284217 13.638095358030872 24.62885111621812 0.0055561550522729795 0.010588101891173388 p s
1.11 29 17.893180003095605 31.73969988109266 13.63852441559094 24.629723780844127 0.0054703054032859315 0.01042261757854968 p s
1.12 29 18.029567545073913 31.985998349392965 13.638703119149095 24.630150795469792 0.005434147930541037 0.010340675238350942 p s
1.1300000000000001 29 18.165954576265403 32.23230703558867 13.639575783775099 24.630762161545064 0.00525399951760551 0.010222210727677795 p s
1.1400000000000001 29 18.30235052740203 32.47862244640012 13.639575783775099 24.63224619224634 0.00525399951760551 0.009928759182879615 p s
1.1500000000000001 29 18.438755011886045 32.72494440289709 13.6404484484011 24.63285755832161 0.0050674386958244185 0.009805308738186847 p s
1.16 29 18.575159496370052 32.971272716139936 13.6404484484011 24.633468924396876 0.0050674386958244185 0.00968028096318117 p s
1.17 29 18.71155742266318 33.217607186374536 13.640488867195604 24.634080290472145 0.005058630838350397 0.009553613930680983 p s
1.18 29 18.847966444894126 33.463947602134404 13.64074610371277 24.634691656547414 0.005002211127078371 0.00942524155033965 p s
1.19 29 18.984378142526943 33.710293739252954 13.641003340229933 24.635303022622686 0.004945146676954578 0.009295093165935162 p s
1.2 29 19.120792438282482 33.956645359755235 13.6412605767471 24.635041724071947 0.004887414904515515 0.009350940786053672 p s
1.21 29 19.257209250696903 34.20300221063096 13.641517813264265 24.635653090147215 0.004828991875819469 0.009219741734098267 p s
1.22 29 19.39362849379174 34.4493667082973 13.64177504978143 24.636264456222484 0.0047698521905968185 0.009086645213612183 p s
1.23 29 19.5300500767121 34.695735113797156 13.642032286298594 24.636862948918445 0.004709968853307836 0.008954431940000054 p s
1.24 29 19.66648002900112 34.94210374328634 13.642289522815759 24.637735613544454 0.004649313129234212 0.008758069185578957 p s
1.25 29 19.802907055350403 35.18848242656334 13.642546759332927 24.637735613544454 0.004587854383453884 0.008758069185578957 p s
1.26 29 19.93933645778806 35.434868509345044 13.642803995850091 24.638608278170462 0.004525559900106483 0.008557194467559889 p s
1.27 29 20.075768142301754 35.68125105757375 13.643061232367256 24.638682889166923 0.004462394678946614 0.008539800509372248 p s
1.28 29 20.21219999800904 35.92764327140375 13.643135170481484 24.63904811715507 0.0044440726133862605 0.008454138305646033 p s
1.29 29 20.348631349713855 36.174039527274715 13.644007835107487 24.63941334514322 0.004221812752281567 0.008367597902825138 p s
1.3 29 20.48506270141867 36.42043973581333 13.644007835107487 24.639778573131363 0.004221812752281567 0.00828015176533286 p s
1.31 29 20.62149796190893 36.66684380343118 13.644007835107487 24.64014380111951 0.004221812752281567 0.008191770887407033 p s
1.32 29 20.757946766906265 36.91325163203277 13.644007835107487 24.641381693733663 0.004221812752281567 0.00788483959747074 p s
1.33 29 20.894395571903598 37.159663118698894 13.644007835107487 24.641746921721808 0.004221812752281567 0.007791970083072278 p s
1.34 29 21.030844376900934 37.40607815534861 13.644880499733489 24.642112149709956 0.00398716706980601 0.0076979788577493345 p s
1.35 29 21.167293181898266 37.65249662835985 13.644880499733489 24.64160471307209 0.00398716706980601 0.00782826178301448 p s
1.36 29 21.30372334934264 37.898918418158 13.644880499733489 24.64196994106024 0.00398716706980601 0.007734712125500848 p s
1.37 29 21.440180880986237 38.14534339876016 13.644880499733489 24.642335169048383 0.00398716706980601 0.007640015654866956 p s
1.3800000000000001 29 21.57663647622877 38.39177143728282 13.644941700821361 24.642700397036535 0.00397019012509651 0.007544129185668385 p s
1.3900000000000001 29 21.713091028221566 38.638206550182694 13.645069276231808 24.643065625024676 0.003934565461007122 0.00744700675135582 p s
1.4000000000000001 29 21.849546986603013 38.88464214095128 13.645196851642256 24.643430853012827 0.0038986149427193426 0.007348599346858943 p s
0.01 30 4.761624394529145 8.229856376309131 0.638105735360607 1.1076919443245012 0.12263713153452709 0.22151569730447923 p s
0.02 30 4.771185602916705 8.246454009823905 1.2734403762299176 2.2106513207349874 0.12223597417474849 0.2208464734924251 p s
0.03 30 4.78707494987266 8.274038216995352 1.9032895807842682 3.30423289370074 0.12157217423752749 0.21973927451124578 p s
0.04 30 4.809224378052801 8.312492855737942 2.525009764285024 4.384018143159296 0.12065282288918744 0.2182060222325354 p s
0.05 30 4.837540445571189 8.361658512232054 3.1362078217441876 5.445778277283288 0.11948736791297768 0.21626298700579938 p s
0.06 30 4.8719060671422 8.421335508314293 3.7345471372039833 6.485672346438548 0.1180877172760992 0.2139301337133076 p s
0.07 30 4.912182607787005 8.491287538414708 4.318085069956933 7.500241936126638 0.11646728533288064 0.21123060413422115 p s
0.08 30 4.958212259081362 8.571245757113397 4.884920795881109 8.486434077589273 0.11464154540789281 0.20819015086392573 p s
0.09 30 5.00982058522565 8.660913237719297 5.433587443050784 9.441685060779042 0.1126266366828196 0.20483630661679428 p s
0.1 30 5.0668191680264165 8.759969513037017 5.96279245271863 10.363878028763942 0.11043975512700156 0.20119786885099372 p s
0.11 30 5.129008250975647 8.868075183400203 6.471511282545653 11.251297126299194 0.1080985457103376 0.197304503512964 p s
0.12 30 5.196179312598619 8.984876380110737 6.959067868733166 12.102816687727085 0.10562029350690454 0.19318526535765546 p s
0.13 30 5.268117513021295 9.11000901124833 7.424869754791972 12.917488399554552 0.10302286607759623 0.1888698986898235 p s
0.14 30 5.3446039517644754 9.243102688592652 7.868615297874586 13.694944187939033 0.10032343193696344 0.18438635169466014 p s
0.15 30 5.425417713150723 9.383784292802956 8.290362998468332 14.434976083597086 0.09753747001581085 0.17976244998141702 p s
0.16 30 5.510337690381038 9.531681122477812 8.689951682262055 15.138073593316305 0.09468231716965379 0.1750220435121814 p s
0.17 30 5.599144146097342 9.68642363994258 9.067555754934288 15.804294760795452 0.09177353502513792 0.17019198848748934 p s
0.18 30 5.691620040947114 9.847647774644164 9.423815162837199 16.434184225911146 0.08882304279690924 0.16529611366644514 p s
0.19 30 5.787552156006969 10.014996826168646 9.758980077062239 17.02943893840708 0.08584573525127703 0.16034844605501888 p s
0.2 30 5.886731982650658 10.188123028266888 10.073217656701663 17.59004771889526 0.08285778501930913 0.1553763400264701 p s
0.21 30 5.988956400115005 10.366688700672412 10.367945064073622 18.117534283336035 0.07986309851789557 0.15039386396238869 p s
0.22 30 6.094028290577517 10.550367157665736 10.642792731934364 18.612829754161616 0.07688317810305069 0.1454194676104927 p s
0.23 30 6.2017568688466715 10.738843311560718 10.89935117630214 19.077245758049642 0.07391877813031814 0.1404671452650016 p s
0.24 30 6.311958078344092 10.931814072833166 11.13743088852657 19.511991434290714 0.070990289494784 0.13555091166698816 p s
0.25 30 6.424454737934041 11.128988558965633 11.358510055673806 19.91817145307111 0.06809808027825766 0.13068517336016786 p s
0.26 30 6.53907678674147 11.330088154526893 11.562985306377312 20.296798685343774 0.06525526713917469 0.12588494315372004 p s
0.27 30 6.6556614163261765 11.534846446669455 11.751213474799808 20.649817958438824 0.06247635233531985 0.12115209127069262 p s
0.28 30 6.774053166456953 11.74300913002712 11.924144248295175 20.977988734135643 0.059767340436829734 0.1165025984276912 p s
0.29 30 6.894104080669163 11.954333798219512 12.083669249321883 21.282734547760704 0.057117050508876464 0.11194263764456125 p s
0.3 30 7.015673842489656 12.168589772740367 12.228148070486302 21.564606110112372 0.05457330008698375 0.10749078377960442 p s
0.31 30 7.138629912638991 12.385557851301298 12.360648062213917 21.8257786315199 0.05210297671502528 0.10313897512283435 p s
0.32 30 7.262847663278356 12.605030129109334 12.480703738227959 22.066027305357775 0.049734222412503554 0.09891773843536948 p s
0.33 30 7.388210381687997 12.826809810761002 12.589836153076865 22.286621606460457 0.04745724967267684 0.09483324237880654 p s
0.34 30 7.5146095158555575 13.050711055909934 12.688530042900204 22.49005338862423 0.04528130687224127 0.09086562364322581 p s
0.35000000000000003 30 7.641944357010001 13.276558819492953 12.77706711285456 22.67649754316779 0.04322070346489801 0.0870369170288197 p s
0.36 30 7.770122427904201 13.504188730602928 12.857164003346377 22.846782946057107 0.04125474663523079 0.08335710913669456 p s
0.37 30 7.899058794406195 13.73344691481514 12.928968133377417 23.002281177375274 0.039397858382587206 0.07982318887135864 p s
0.38 30 8.028676175629954 13.9641898904608 12.9934101793573 23.14380710289421 0.037644035409060625 0.07644273390371448 p s
0.39 30 8.15890467495339 14.196284338398943 13.051214963841671 23.272558139671766 0.03599028426234308 0.07321276968980385 p s
0.4 30 8.289681065669342 14.429606919475994 13.103068415323724 23.389883349669798 0.03443261542879269 0.07012338791694638 p s
0.41000000000000003 30 8.420948682595236 14.664043890413472 13.149571587408051 23.495838636598723 0.03296752890275692 0.06719724190776412 p s
0.42 30 8.552656499990642 14.899490983523881 13.19103868392504 23.591963710723267 0.03159920413738267 0.06441550733681838 p s
0.43 30 8.68475934562326 15.135852811694589 13.228325790811734 23.67894812306245 0.03031220303642838 0.06178002584824564 p s
0.44 30 8.817216763993574 15.373042323841071 13.262233461057846 23.75761231640232 0.029089104022032002 0.05928696383965047 p s
0.45 30 8.949992729586588 15.61098078266686 13.292566943570012 23.829048350164108 0.027946789749798792 0.056920849241898906 p s
0.46 30 9.083055339615422 15.849596616599104 13.319921525808645 23.893402375252982 0.026872678427819343 0.054695285620033195 p s
0.47000000000000003 30 9.216376249047723 16.088825364087075 13.34450382715426 23.951535093866834 0.025867409033133205 0.05259851690900962 p s
0.48 30 9.349930201868014 16.328608904334914 13.366107928290353 24.004305931078715 0.02494889563458755 0.050615318715636626 p s
0.49 30 9.483695084579633 16.56889495920033 13.386640002722103 24.052363018989308 0.024042006219900897 0.048735093021694174 p s
0.5 30 9.61765058668641 16.80963657950749 13.404473509439168 24.09581035414846 0.023224401371841254 0.046967062409726756 p s
0.51 30 9.751779451766234 17.050791640826976 13.420999622949001 24.13488380611755 0.022439134779607545 0.04531527075807594 p s
0.52 30 9.886066050778602 17.292322229522203 13.43582737294377 24.170575598067227 0.021709541526458286 0.043749503755533894 p s
0.53 30 10.02049576561197 17.534194629113742 13.44943193467006 24.203131157980383 0.02101712356007957 0.042268647265330195 p s
0.54 30 10.155056510230489 17.776378307268672 13.461936331212423 24.232966445461404 0.02035929279081354 0.04086258782970617 p s
0.55 30 10.289736882935944 18.01884606222946 13.47354100226785 24.260074211334974 0.019728607443196385 0.03954016368231478 p s
0.56 30 10.424527172672025 18.26157334048947 13.483794722262857 24.28493358048403 0.01915359653123899 0.0382859313910523 p s
0.5700000000000001 30 10.559417834545147 18.504538319208564 13.493707135533782 24.307981082348462 0.01858038215857551 0.03708403501419323 p s
0.58 30 10.694401444845349 18.74772079133818 13.502295023000165 24.3284181073728 0.01806871079934326 0.03598370758212287 p s
0.59 30 10.829470099523942 18.99110344671934 13.510583905636231 24.34786429820996 0.017560398715645943 0.034903637910229345 p s
0.6 30 10.964617500069064 19.23466973729208 13.51818517000007 24.365632651265432 0.017080677115948836 0.03388588411700346 p s
0.61 30 11.099837869396245 19.478405568752123 13.5258016550189 24.381714447968974 0.016585801385647234 0.032936965203248465 p s
0.62 30 11.235125278234083 19.722297438558915 13.531672810785729 24.39632289078195 0.016193810844197618 0.03205007464644541 p s
0.63 30 11.370475180335585 19.9663339164693 13.537852368860202 24.41063726959959 0.015770517922152845 0.03115602045217573 p s
0.64 30 11.505883817403495 20.21050390711387 13.543515188182242 24.423440271995496 0.015372213492718115 0.030333585335005412 p s
0.65 30 11.6413455075576 20.454797418293293 13.54863047397455 24.43527009522123 0.01500318503366239 0.02955292923720483 p s
0.66 30 11.776858526722531 20.699206487868487 13.553592632027444 24.446725702527466 0.01463617731971821 0.028776416685430056 p s
0.67 30 11.912417385061019 20.943721980393814 13.558064650340478 24.45649939640688 0.014297232847810178 0.028096652772406867 p s
0.68 30 12.048021131325472 21.188337330989132 13.562842079533969 24.466659066568518 0.013925901372866195 0.027371856178840595 p s
0.6900000000000001 30 12.183665387949207 21.433045274257296 13.566120282733456 24.475588946392808 0.01366518470538028 0.026718304711473108 p s
0.7000000000000001 30 12.319348547520677 21.677839816986015 13.57050641030038 24.483904129468268 0.013308266133056256 0.026094806059684596 p s
0.71 30 12.455067509543348 21.92271516475253 13.574019873241301 24.4910618908925 0.013015215370607116 0.02554573427906961 p s
0.72 30 12.590820018503294 22.167666212030323 13.576660671556219 24.498575135614995 0.012790481306656071 0.024956223045047247 p s
0.73 30 12.726604508760596 22.412688470707202 13.579852828337462 24.505371475283592 0.012513379101456832 0.02441054055664078 p s
0.74 30 12.862419846067294 22.6577772955501 13.583318886759782 24.511787133693034 0.012205301868481096 0.023883843031494847 p s
0.75 30 12.998263043032848 22.902928926700667 13.585912280556103 24.51826899434158 0.01196955252655222 0.023339498447922758 p s
0.76 30 13.134132734248153 23.148138889936348 13.58850567435242 24.52350410225173 0.011729019296367566 0.022890299901530808 p s
0.77 30 13.27002741768839 23.393404414087748 13.59109906814874 24.528929846758032 0.011483401569516199 0.022415141873861396 p s
0.78 30 13.405946365584686 23.63872249607721 13.59281979731906 24.534484332823077 0.011317465128811443 0.021917928991597578 p s
0.79 30 13.541886400974464 23.884089295864463 13.595075077736404 24.538714017030422 0.01109619031753318 0.0215315295603489 p s
0.8 30 13.67784954801179 24.129502872395147 13.59695001422325 24.543201137417654 0.010908787673492275 0.02111380866685498 p s
0.81 30 13.813832559808814 24.374960080838385 13.598824950710094 24.547688257804893 0.010718082326746087 0.02068757623578211 p s
0.8200000000000001 30 13.949834524042242 24.620459211607063 13.600699887196942 24.551713527572534 0.010523894732257117 0.020297532198248647 p s
0.8300000000000001 30 14.08585444593605 24.865998048697858 13.602574823683787 24.555318172883286 0.010326028434180524 0.019941716671485425 p s
0.84 30 14.22189279885773 25.111573949207767 13.60444976017063 24.559795482820043 0.010124267747671202 0.019490642362547717 p s
0.85 30 14.357946776411133 25.357185030091028 13.606398735330158 24.562527463504786 0.00991015621128083 0.019210160303122795 p s
0.86 30 14.49401563568243 25.60282946751137 13.607402838946411 24.566042345160067 0.009798008581431521 0.018843113588512223 p s
0.87 30 14.63010073856354 25.848507018068354 13.609591658079186 24.56884566255996 0.009548947461634613 0.018545127666871514 p s
0.88 30 14.766199837448692 26.094214645139598 13.610907812585957 24.572453531927103 0.009395987279884317 0.01815437150023527 p s
0.89 30 14.902312366535433 26.339951011395804 13.61222396709273 24.575188736668228 0.009240480294548412 0.017852392336295608 p s
0.9 30 15.038437714938995 26.585714862375294 13.6135401215995 24.577923941409367 0.009082295687525707 0.017545181943507026 p s
0.91 30 15.174575221486817 26.83150483794506 13.61398361148027 24.58065914615049 0.009028366226948671 0.017232460546127128 p s
0.92 30 15.310725613776993 27.077320257884853 13.615299765987043 24.582521686265615 0.008866376991514349 0.017016203376462063 p s
0.93 30 15.446884912326688 27.323158185435744 13.616859428013623 24.5849926493256 0.008670479275441512 0.016724962072992587 p s
0.9400000000000001 30 15.583058921281458 27.569021271192536 13.617732092639622 24.5876914105884 0.00855890423854177 0.016400928990178695 p s
0.9500000000000001 30 15.719238628855166 27.814905457031482 13.618586537693947 24.589597777556996 0.008448223996610056 0.016168101207355713 p s
0.96 30 15.855430994519175 28.060810325324965 13.619538120818543 24.59150414452559 0.008323220545312596 0.015931852800311303 p s
0.97 30 15.991632612272015 28.30673515150738 13.62048970394314 24.593462679030512 0.008196301928938403 0.015685414720824895 p s
0.98 30 16.127846366272884 28.552677112314047 13.621441287067732 24.595316878462786 0.008067377757990457 0.01544846412809072 p s
0.99 30 16.26406300923286 28.798641461169776 13.622538516953991 24.59722324543138 0.007916103390961743 0.01520097750750077 p s
1.0 30 16.400294323892574 29.044621208577343 13.623411181579993 24.599129612399974 0.00779368475572613 0.014949374653786048 p s
1.01 30 16.536527583165146 29.290617403985166 13.623875611993746 24.600163314742566 0.007727739907434356 0.01481115102089303 p s
1.02 30 16.67277203148794 29.536629438981567 13.624599562473295 24.60219762423911 0.007623803534324144 0.014535273501129962 p s
1.03 30 16.809023727259053 29.78265813958011 13.625323512952843 24.603476463555392 0.007518424821632395 0.014359122104723272 p s
1.04 30 16.94528238552065 30.028702090271505 13.626047463432391 24.6048473044947 0.007411542247241754 0.014167855824912517 p s
1.05 30 17.08155140626023 30.27476015172824 13.62677141391194 24.60621814543401 0.007303089783255781 0.01397396098940036 p s
1.06 30 17.217823725096444 30.52083180377883 13.627344941268358 24.607588986373315 0.007216010453093107 0.013777326619911424 p s
1.07 30 17.354097007704667 30.766916491146375 13.62821760589436 24.608959827312617 0.00708145165245163 0.013577833695063019 p s
1.08 30 17.49038791040987 31.01301600612415 13.629090270520363 24.610209456939437 0.006944277137169498 0.013393381589772428 p s
1.09 30 17.626675391345735 31.25912593034967 13.629252641725238 24.611954786191458 0.006918452856146795 0.013131409734077604 p s
1.1 30 17.76297294545846 31.505246495585105 13.629769549527555 24.61259311982631 0.006835589687415498 0.013034276943094452 p s
1.11 30 17.89927585546366 31.751380474735047 13.630286457329872 24.61363387379375 0.00675170642154268 0.012874332535490278 p s
1.12 30 18.035583949978154 31.997525271816798 13.630803365132184 24.614674627761172 0.006666764553119093 0.012712369008767217 p s
1.1300000000000001 30 18.17189704746124 32.24368053257016 13.631320272934502 24.61571538172861 0.006580723089963079 0.012548308179641978 p s
1.1400000000000001 30 18.308214955346727 32.48984588111538 13.631837180736817 24.616756135696036 0.006493538322274589 0.012382066681416884 p s
1.1500000000000001 30 18.444541866365803 32.73602091805729 13.632354088539135 24.61779688966347 0.00640516356348087 0.012213555469656967 p s
1.16 30 18.58086995934945 32.982208020459964 13.632870996341449 24.618837643630904 0.006315548858418178 0.012042679265565773 p s
1.17 30 18.71720044455427 33.22839899626581 13.63389669483473 24.619966618891784 0.0061338409414247305 0.011854525306362506 p s
1.18 30 18.853530567113435 33.474605816217135 13.63389669483473 24.620839283517792 0.0061338409414247305 0.01170700986608335 p s
1.19 30 18.989878260708043 33.72081544032133 13.63389669483473 24.621385319553703 0.0061338409414247305 0.011613752150629666 p s
1.2 30 19.126225954302647 33.96703637481875 13.634769359460734 24.62212606517042 0.0059748832978619775 0.011486026292628772 p s
1.21 30 19.262569766045672 34.213265208989924 13.634900387868585 24.622866810787137 0.005950648683104551 0.011356860138687383 p s
1.22 30 19.398923605229154 34.459501727985874 13.635233210087565 24.62360755640386 0.005888641435535023 0.011226203973760373 p s
1.23 30 19.53528100610917 34.70574570548423 13.635566032306542 24.62434830202058 0.005825972729380811 0.011094005153562932 p s
1.24 30 19.67164187867382 34.951996902812276 13.635898854525516 24.625089047637296 0.005762620984524921 0.010960207857067257 p s
1.25 30 19.808006128402553 35.19825506796967 13.636231676744494 24.625829793254013 0.005698563420695976 0.01082475281144918 p s
1.26 30 19.944373655936722 35.44451993455803 13.63656449896347 24.626570538870734 0.005633775961885673 0.010687576985634493 p s
1.27 30 20.080744356723564 35.69079403783859 13.636897321182447 24.62731128448745 0.005568233130747677 0.010548613247948521 p s
1.28 30 20.217118120620995 35.937072736218816 13.637230143401423 24.62797845159211 0.005501907931672536 0.010421863313799502 p s
1.29 30 20.353494831465593 36.183352520734736 13.6375629656204 24.62885111621812 0.0054347717210077836 0.010253702436553632 p s
1.3 30 20.489878913156442 36.42964820682122 13.637895787839378 24.629723780844127 0.005366794062654068 0.010082731236534869 p s
1.31 30 20.626262531599238 36.67594245260762 13.638228610058354 24.629762398855505 0.005297942566980315 0.010075098073127033 p s
1.32 30 20.76264905141709 36.92224615025954 13.638561432277331 24.630236718688302 0.005228182710629414 0.009980867758228536 p s
1.33 30 20.89903671491142 37.16855520556193 13.638703119149095 24.630711038521085 0.005198200386909465 0.009885737445250994 p s
1.34 30 21.03542374610291 37.414869512780456 13.639575783775099 24.63205802297989 0.0050095742795635435 0.009610441096737865 p s
1.35 30 21.171810777294397 37.66118896153157 13.639575783775099 24.63253234281268 0.0050095742795635435 0.00951159933727681 p s
1.36 30 21.308213503205952 37.9075134364877 13.639575783775099 24.633006662645474 0.0050095742795635435 0.009411717666662189 p s
1.37 30 21.444617987689963 38.153842817057686 13.6404484484011 24.633480982478265 0.004813549466599842 0.009310762617856301 p s
1.3800000000000001 30 21.581022472173974 38.40017697704051 13.6404484484011 24.633955302311055 0.004813549466599842 0.009208698888564083 p s
1.3900000000000001 30 21.71741347747498 38.64651578424955 13.6404484484011 24.63442962214385 0.004813549466599842 0.009105489197153361 p s
1.4000000000000001 30 21.853824313344752 38.89285910010246 13.640534718596692 24.63490394197664 0.004793734711788248 0.009001094123701219 p s
