    1   2018 01 01 00:22:11.764     1331.764  0.3422 31.0505 110.1705  10.00   -inf  -nan   8   8  16   8 240.06
    2   2018 01 01 00:55:22.473     3322.473  0.2549 30.8505 111.1305   4.00   -inf  -nan  12  11  23  11 210.75
    3   2018 01 01 01:31:29.169     5489.169  0.3642 31.0505 110.1505   8.00   -inf  -nan   9   8  17   7 248.85
    4   2018 01 01 01:49:04.927     6544.927  0.3888 31.0505 110.1505  10.00   -inf  -nan   8   8  16   8 248.85
    5   2018 01 01 01:59:48.379     7188.379  0.2935 31.0505 110.1505   8.00   -inf  -nan   7   7  14   6 248.85
    6   2018 01 01 02:50:18.151    10218.151  0.2082 30.9405 110.7605  10.00   -inf  -nan   8  11  19   8  77.93
    7   2018 01 01 03:18:16.823    11896.823  0.2715 31.0405 110.8205   0.00   -inf  -nan  14  14  28  14  96.38
    8   2018 01 01 03:35:07.737    12907.737  0.3138 30.9805 110.7805   0.00   -inf  -nan   6   2   8   1 117.79
    9   2018 01 01 05:09:40.677    18580.677  0.1780 31.0105 110.1505   0.00   -inf  -nan   3   2   5   2 340.64
   10   2018 01 01 08:15:11.456    29711.456  0.1457 30.8505 111.1305   6.00   -inf  -nan   8   8  16   8 210.75
   11   2018 01 01 08:38:22.983    31102.983  0.2386 30.9405 110.7805  10.00   -inf  -nan   5   7  12   4  92.21
   12   2018 01 01 08:51:25.711    31885.711  0.1641 30.8505 111.1305   6.00   -inf  -nan   8   4  12   4 210.25
   13   2018 01 01 10:23:42.438    37422.438  0.2165 30.8505 110.7605   8.00   -inf  -nan   6   5  11   5 210.81
   14   2018 01 01 10:34:19.077    38059.077  0.4425 30.8905 110.7605  10.00   -inf  -nan   4   6  10   4 163.23
   15   2018 01 01 11:40:59.322    42059.322  0.1973 30.9305 110.8005   8.00   -inf  -nan   3   3   6   2 171.71
   16   2018 01 01 19:14:14.778    69254.778  0.2189 30.9105 110.7405   6.00   -inf  -nan   6   2   8   2 134.43
   17   2018 01 01 19:28:49.763    70129.763  0.2882 30.9405 110.7805  10.00   -inf  -nan  10  10  20  10  92.21
   18   2018 01 01 20:30:21.964    73821.964  0.3006 31.0505 110.1505   8.00   -inf  -nan   8   5  13   5 248.85
   19   2018 01 01 20:41:14.532    74474.532  0.1254 30.9405 110.7605  10.00   -inf  -nan   3   4   7   1 110.97
   20   2018 01 01 20:44:59.245    74699.245  0.1699 30.9305 110.7605  10.00   -inf  -nan   8   7  15   6  96.54
   21   2018 01 01 21:48:01.700    78481.700  0.1196 30.8505 110.7605   8.00   -inf  -nan   4   3   7   3 253.65
   22   2018 01 01 22:21:25.057    80485.057  0.1125 30.8505 110.7605   8.00   -inf  -nan   4   2   6   2 253.65
   23   2018 01 01 22:34:09.623    81249.623  0.2402 30.9405 110.7805  10.00   -inf  -nan   9   4  13   4  92.21
   24   2018 01 01 23:19:44.632    83984.632  0.3456 30.9305 110.8005  12.00   -inf  -nan  19  16  35  16  64.22
   25   2018 01 01 23:28:02.785    84482.785  0.1805 30.9305 110.8005   8.00   -inf  -nan   5   5  10   4 171.71
    1   2018 01 02 00:19:50.627     1190.627  0.1819 30.9305 110.8005   8.00   -inf  -nan   5   3   8   2  98.56
    2   2018 01 02 00:44:46.720     2686.720  0.2989 31.0905 110.2705   2.00   -inf  -nan   6   5  11   5 206.57
    3   2018 01 02 03:26:50.025    12410.025  0.1738 30.9305 111.2805   4.00   -inf  -nan   5   3   8   3 325.08
    4   2018 01 02 04:22:12.453    15732.453  0.3217 31.2905 110.8305   2.00   -inf  -nan  12   8  20   6 265.81
    5   2018 01 02 04:45:52.535    17152.535  0.3777 30.9305 110.8005   4.00   -inf  -nan  10   9  19   8  91.38
    6   2018 01 02 05:05:02.280    18302.280  0.2215 30.8705 110.9405   2.00   -inf  -nan   5   3   8   3 160.03
    7   2018 01 02 05:13:37.242    18817.242  0.3593 30.7305 111.2005  12.00   -inf  -nan   4   2   6   2 282.02
    8   2018 01 02 05:13:48.496    18828.496  0.2304 31.1305 110.3805   0.00   -inf  -nan   5   3   8   1 207.10
    9   2018 01 02 05:29:15.832    19755.832  0.1243 30.7705 111.1705   0.00   -inf  -nan   3   3   6   1 263.48
   10   2018 01 02 05:42:12.280    20532.280  0.2982 30.8105 111.2405   2.00   -inf  -nan   6   6  12   4 279.73
   11   2018 01 02 07:06:40.170    25600.170  0.1733 30.7705 110.7605  10.00   -inf  -nan   4   4   8   4 186.92
   12   2018 01 02 07:49:53.777    28193.777  0.2732 30.8505 111.1605   0.00   -inf  -nan   6   3   9   2 227.23
   13   2018 01 02 08:38:18.503    31098.503  0.3560 31.0205 110.6605   8.00   -inf  -nan   4   2   6   1 156.78
   14   2018 01 02 09:13:09.436    33189.436  0.3287 31.1005 110.8005   2.00   -inf  -nan   5   2   7   1 132.97
   15   2018 01 02 09:29:17.367    34157.367  0.3039 30.9705 111.2405  10.00   -inf  -nan   5   6  11   3 291.14
   16   2018 01 02 09:39:41.007    34781.007  0.2101 30.8505 111.1305   4.00   -inf  -nan  11   9  20   8 210.25
   17   2018 01 02 12:54:02.756    46442.756  0.1925 30.9305 111.1705   0.00   -inf  -nan   4   2   6   2 146.89
   18   2018 01 02 14:17:46.056    51466.056  0.2182 30.9905 110.7805   0.00   -inf  -nan   9   2  11   2 123.39
   19   2018 01 02 15:22:59.493    55379.493  0.2781 31.1405 110.3705   0.00   -inf  -nan   5   2   7   2 165.12
   20   2018 01 02 15:48:00.688    56880.688  0.3290 31.0505 110.1905   6.00   -inf  -nan   7   7  14   7 230.55
   21   2018 01 02 16:14:28.159    58468.159  0.2539 30.9305 110.8005  10.00   -inf  -nan   7   7  14   6 115.93
   22   2018 01 02 17:30:24.718    63024.718  0.2349 31.1005 110.2105   6.00   -inf  -nan   7   7  14   7 198.19
   23   2018 01 02 17:36:43.550    63403.550  0.2854 30.9405 110.7505  10.00   -inf  -nan  17  12  29  12  68.13
   24   2018 01 02 17:36:57.132    63417.132  0.3035 30.9405 110.7605  10.00   -inf  -nan  17  16  33  15  64.29
   25   2018 01 02 17:37:52.014    63472.014  0.2221 30.9405 110.7605  10.00   -inf  -nan  17  12  29  12  77.93
   26   2018 01 02 17:41:45.760    63705.760  0.0868 30.9305 110.7605   8.00   -inf  -nan   6   2   8   1 136.38
   27   2018 01 02 17:42:03.979    63723.979  0.3287 30.9405 110.7805  10.00   -inf  -nan  10  12  22   9  92.21
   28   2018 01 02 17:43:10.723    63790.723  0.2225 30.9405 110.7605  10.00   -inf  -nan  13  11  24  10  77.93
   29   2018 01 02 17:43:28.837    63808.837  0.2397 30.9405 110.7605  10.00   -inf  -nan   8   9  17   7  77.93
   30   2018 01 02 17:48:04.692    64084.692  0.3761 30.9405 110.7805  12.00   -inf  -nan  19  18  37  18  62.87
   31   2018 01 02 17:51:25.141    64285.141  0.3435 30.9405 110.7805  10.00   -inf  -nan  18  18  36  17  62.87
   32   2018 01 02 18:06:53.682    65213.682  0.2217 30.9405 110.7605  10.00   -inf  -nan   3   6   9   3 128.27
   33   2018 01 02 18:21:43.522    66103.522  0.2473 30.9305 110.7605  10.00   -inf  -nan   5   6  11   3  96.54
   34   2018 01 02 18:31:19.868    66679.868  0.3457 30.9305 110.7505  14.00   -inf  -nan   3   5   8   2 118.00
   35   2018 01 02 18:52:14.680    67934.680  0.1993 30.9405 110.7805   8.00   -inf  -nan   9   9  18   9  92.21
   36   2018 01 02 19:03:15.004    68595.004  0.3330 31.0605 110.1305   8.00   -inf  -nan   7   6  13   6 255.97
   37   2018 01 02 19:46:18.405    71178.405  0.4853 31.0505 109.9905   4.00   -inf  -nan   9   8  17   4 290.17
   38   2018 01 02 20:00:51.559    72051.559  0.2641 30.9505 110.7605  10.00   -inf  -nan   4   4   8   3 104.62
   39   2018 01 02 20:33:58.094    74038.094  0.3683 31.0505 110.1505   8.00   -inf  -nan  11  10  21   9 248.85
   40   2018 01 02 20:48:37.992    74917.992  0.2916 30.9405 110.7605  10.00   -inf  -nan  18  17  35  17  64.29
   41   2018 01 02 20:48:54.884    74934.884  0.1529 30.9405 110.7405  10.00   -inf  -nan   3   2   5   2 245.54
   42   2018 01 02 20:52:22.192    75142.192  0.1714 30.9405 110.7605  10.00   -inf  -nan   9   8  17   8  89.30
   43   2018 01 02 21:14:20.072    76460.072  0.3157 31.0505 110.1805   6.00   -inf  -nan   8   6  14   6 235.40
   44   2018 01 02 22:00:28.086    79228.086  0.2508 30.9405 110.7605  10.00   -inf  -nan  13  11  24  11  77.93
   45   2018 01 02 22:28:42.443    80922.443  0.2876 30.9405 110.7505  10.00   -inf  -nan  10   8  18   8  92.19
    1   2018 01 03 00:49:29.854     2969.854  0.2837 30.9405 110.7505  10.00   -inf  -nan   7   7  14   7  92.19
    2   2018 01 03 01:11:43.199     4303.199  0.2124 30.8505 111.1305   4.00   -inf  -nan   9   8  17   6 210.25
    3   2018 01 03 01:57:24.465     7044.465  0.3328 30.9405 110.7805  10.00   -inf  -nan   9   8  17   8  92.21
    4   2018 01 03 02:13:00.445     7980.445  0.2913 30.9405 110.7405  16.00   -inf  -nan   6   4  10   4  94.47
    5   2018 01 03 03:21:47.262    12107.262  0.2959 30.9405 110.7805  12.00   -inf  -nan   8   8  16   8  92.21
    6   2018 01 03 03:22:21.412    12141.412  0.3143 30.9405 110.7805  12.00   -inf  -nan   9  11  20   8  92.21
    7   2018 01 03 04:00:10.440    14410.440  0.4616 30.8905 110.7205   0.00   -inf  -nan  16  13  29  13  97.68
    8   2018 01 03 05:10:21.761    18621.761  0.1595 30.9305 110.7605  12.00   -inf  -nan   6   6  12   6 118.39
    9   2018 01 03 05:54:42.100    21282.100  0.4362 31.0105 110.4705   0.00   -inf  -nan  12   6  18   3  93.90
   10   2018 01 03 06:20:43.457    22843.457  0.3121 30.9405 110.7605  10.00   -inf  -nan  17  13  30  13  64.29
   11   2018 01 03 06:50:59.359    24659.359  0.3367 31.0805 110.1705  10.00   -inf  -nan  11   8  19   7 193.55
   12   2018 01 03 07:37:10.495    27430.495  0.4082 31.0605 110.4805   8.00   -inf  -nan   4   5   9   4 175.68
   13   2018 01 03 08:30:22.980    30622.980  0.1697 30.9405 110.7605  10.00   -inf  -nan  13  10  23  10  89.30
   14   2018 01 03 08:31:52.516    30712.516  0.2488 31.0605 110.4605  10.00   -inf  -nan   4   4   8   4 165.36
   15   2018 01 03 08:57:43.935    32263.935  0.1359 30.8505 111.3705   6.00   -inf  -nan   6   2   8   2 319.46
   16   2018 01 03 11:20:30.775    40830.775  0.1741 30.9305 111.1605   0.00   -inf  -nan   5   3   8   3 162.81
   17   2018 01 03 12:42:06.172    45726.172  0.1608 30.9105 110.7805   8.00   -inf  -nan   5   5  10   4 138.16
   18   2018 01 03 13:35:59.275    48959.275  0.1501 30.9305 110.7605  10.00   -inf  -nan   6   7  13   5  96.54
   19   2018 01 03 13:51:23.303    49883.303  0.3477 30.9505 110.8005  10.00   -inf  -nan   9   8  17   8 110.17
   20   2018 01 03 15:06:37.884    54397.884  0.2150 30.9405 110.7605  10.00   -inf  -nan   9   9  18   8  77.93
   21   2018 01 03 15:08:16.482    54496.482  0.1970 30.9405 110.7605  10.00   -inf  -nan   9  10  19   9  77.93
   22   2018 01 03 18:12:13.596    65533.596  0.3554 31.0605 110.2205  12.00   -inf  -nan   3   5   8   3 212.59
   23   2018 01 03 18:37:43.693    67063.693  0.2675 30.9005 110.7905  18.00   -inf  -nan   3   2   5   1 161.82
   24   2018 01 03 18:54:33.836    68073.836  0.2921 31.0505 110.4605   0.00   -inf  -nan   5   6  11   4 147.48
   25   2018 01 03 18:59:05.623    68345.623  0.2151 31.0505 110.4605   0.00   -inf  -nan   5   4   9   3 157.85
   26   2018 01 03 20:42:42.915    74562.915  0.3002 30.9805 110.7605   0.00   -inf  -nan   3   2   5   1 218.72
   27   2018 01 03 20:43:32.699    74612.699  0.0970 31.1705 110.3005  10.00   -inf  -nan   3   3   6   3 178.20
   28   2018 01 03 21:22:42.353    76962.353  0.1677 31.1305 110.0705   6.00   -inf  -nan   4   3   7   2 318.22
    1   2018 01 04 01:35:33.232     5733.232  0.3476 30.8605 111.1005   6.00   -inf  -nan  13   7  20   6 169.77
    2   2018 01 04 02:51:38.448    10298.448  0.2436 30.9105 110.7805  10.00   -inf  -nan   5   4   9   3 100.55
    3   2018 01 04 03:24:08.863    12248.863  0.0998 30.9405 110.7605  10.00   -inf  -nan   4   5   9   3 128.27
    4   2018 01 04 07:08:50.336    25730.336  0.2010 30.8505 111.1305   6.00   -inf  -nan  12   4  16   4 210.25
    5   2018 01 04 14:18:32.370    51512.370  0.1406 31.0905 110.1805   2.00   -inf  -nan   3   3   6   2 254.06
    6   2018 01 04 15:19:18.482    55158.482  0.2453 31.1305 110.0705   2.00   -inf  -nan   3   2   5   2 292.31
    7   2018 01 04 16:24:42.647    59082.647  0.2798 31.0405 110.8205   6.00   -inf  -nan  17  12  29  11  96.38
    8   2018 01 04 19:53:17.201    71597.201  0.4036 31.1705 110.3405   2.00   -inf  -nan   4   3   7   3 281.77
    1   2018 01 05 04:26:04.907    15964.907  0.2787 30.8505 111.1305   4.00   -inf  -nan  12   8  20   8 283.92
    2   2018 01 05 06:54:48.912    24888.912  0.2295 30.9405 110.5205   0.00   -inf  -nan   9   6  15   5 106.75
    3   2018 01 05 07:04:09.556    25449.556  0.1204 31.0905 110.1905   6.00   -inf  -nan   3   2   5   2 303.53
    4   2018 01 05 08:19:00.953    29940.953  0.4331 30.9405 110.7805   8.00   -inf  -nan   4   4   8   3 118.73
    5   2018 01 05 09:50:21.284    35421.284  0.3965 30.9405 110.5405   0.00   -inf  -nan  10  10  20   7  96.42
    6   2018 01 05 10:06:17.659    36377.659  0.3825 30.8505 111.1705   6.00   -inf  -nan   9   4  13   4 291.45
    7   2018 01 05 11:09:20.982    40160.982  0.2647 30.9905 110.6405  12.00   -inf  -nan   3   3   6   2 127.66
    8   2018 01 05 11:55:36.133    42936.133  0.1435 30.9305 110.7605  12.00   -inf  -nan   3   2   5   1 118.39
    9   2018 01 05 23:09:19.843    83359.843  0.2551 30.9305 110.8005   6.00   -inf  -nan  10  10  20  10  91.38
    1   2018 01 06 01:57:56.784     7076.784  0.2046 30.8505 111.1305   4.00   -inf  -nan   9   7  16   7 284.42
    2   2018 01 06 07:29:45.616    26985.616  0.4639 31.0905 110.2305   4.00   -inf  -nan  16   9  25   9 171.64
    3   2018 01 06 07:31:00.004    27060.004  0.4053 31.0505 110.1505   8.00   -inf  -nan  15  10  25  10 248.85
    4   2018 01 06 07:32:46.469    27166.469  0.2909 31.0505 110.1905   6.00   -inf  -nan   3   5   8   3 230.55
    5   2018 01 06 07:44:26.430    27866.430  0.3123 30.7705 110.7605  14.00   -inf  -nan  10  10  20   9 109.98
    6   2018 01 06 07:48:14.209    28094.209  0.3007 31.0705 110.2005   6.00   -inf  -nan   4   5   9   3 221.55
    7   2018 01 06 07:48:58.288    28138.288  0.3034 30.8505 111.1705   4.00   -inf  -nan   7   5  12   4 291.45
    8   2018 01 06 09:25:23.671    33923.671  0.2713 30.8505 111.1705   6.00   -inf  -nan  11   8  19   8 291.45
    9   2018 01 06 10:03:25.272    36205.272  0.1515 31.0505 110.2705   8.00   -inf  -nan   3   2   5   2 230.62
   10   2018 01 06 10:43:07.572    38587.572  0.2880 31.0605 110.1805  10.00   -inf  -nan  11   7  18   7 185.37
   11   2018 01 06 10:46:59.970    38819.970  0.4372 31.0605 110.1705  10.00   -inf  -nan  14  11  25  10 191.86
   12   2018 01 06 11:33:31.280    41611.280  0.1835 31.0605 110.2105   6.00   -inf  -nan   4   4   8   3 165.91
   13   2018 01 06 11:46:43.242    42403.242  0.4028 31.0805 110.1705  10.00   -inf  -nan  17  10  27  10 193.55
   14   2018 01 06 12:35:43.998    45343.998  0.1949 31.0605 110.2105   6.00   -inf  -nan   5   4   9   4 165.91
   15   2018 01 06 12:55:16.136    46516.136  0.2549 30.9305 110.7605  10.00   -inf  -nan   8   9  17   8 118.39
   16   2018 01 06 13:02:41.412    46961.412  0.2637 31.0705 110.2005   6.00   -inf  -nan   7   7  14   7 173.24
   17   2018 01 06 13:07:30.249    47250.249  0.1999 31.0905 110.1905   6.00   -inf  -nan   5   4   9   4 285.49
   18   2018 01 06 13:32:51.464    48771.464  0.3547 31.0905 110.3105   6.00   -inf  -nan   7   5  12   5 145.77
   19   2018 01 06 14:12:58.667    51178.667  0.4663 31.0605 110.1705  10.00   -inf  -nan  11  10  21   8 191.86
   20   2018 01 06 14:43:51.288    53031.288  0.2413 31.0705 110.2005   6.00   -inf  -nan   5   5  10   3 173.24
   21   2018 01 06 16:25:51.042    59151.042  0.1727 30.9805 110.7405  12.00   -inf  -nan   3   4   7   3 174.76
   22   2018 01 06 17:26:54.959    62814.959  0.1736 30.9405 110.7805   8.00   -inf  -nan   7   7  14   7  92.21
   23   2018 01 06 17:53:28.801    64408.801  0.2270 31.0905 110.1905   4.00   -inf  -nan   5   3   8   2 280.11
   24   2018 01 06 17:58:32.546    64712.546  0.1273 31.0905 110.1905   6.00   -inf  -nan   4   3   7   3 303.53
   25   2018 01 06 18:32:31.220    66751.220  0.4603 31.1205 110.1705   2.00   -inf  -nan  13   9  22   7 265.73
   26   2018 01 06 18:53:42.752    68022.752  0.2471 31.0505 110.1905   4.00   -inf  -nan   4   4   8   3 263.14
   27   2018 01 06 20:42:52.387    74572.387  0.1262 31.0905 110.1905   6.00   -inf  -nan   5   3   8   3 280.11
   28   2018 01 06 20:43:26.922    74606.922  0.2059 30.7805 110.7605  10.00   -inf  -nan   7   9  16   7 103.86
   29   2018 01 06 20:45:59.300    74759.300  0.1444 30.7705 110.7605  10.00   -inf  -nan   3   4   7   3 124.90
   30   2018 01 06 20:54:07.351    75247.351  0.1870 31.0805 110.1705  10.00   -inf  -nan   5   4   9   4 283.71
   31   2018 01 06 20:57:41.023    75461.023  0.1651 31.1505 110.3205   0.00   -inf  -nan   6   2   8   2 266.03
   32   2018 01 06 21:04:07.647    75847.647  0.2731 30.7805 110.7705  12.00   -inf  -nan  10   8  18   7 110.23
   33   2018 01 06 21:05:42.331    75942.331  0.1476 30.7805 110.7705  10.00   -inf  -nan   7   9  16   7 110.23
   34   2018 01 06 21:11:18.299    76278.299  0.3181 30.7905 110.7805   8.00   -inf  -nan   9  11  20   9 108.79
   35   2018 01 06 21:21:28.359    76888.359  0.1475 30.7805 110.7605  10.00   -inf  -nan   7   7  14   7 103.86
   36   2018 01 06 21:57:52.038    79072.038  0.2773 30.7805 110.7605  10.00   -inf  -nan   9   8  17   7 103.86
   37   2018 01 06 23:22:12.055    84132.055  0.1794 31.0905 110.1905   6.00   -inf  -nan   5   4   9   4 285.49
   38   2018 01 06 23:35:44.316    84944.316  0.2561 31.0605 110.4405   6.00   -inf  -nan   4   4   8   4 256.49
    1   2018 01 07 01:04:28.339     3868.339  0.2538 30.9405 110.7805  12.00   -inf  -nan  13  11  24  11  92.21
    2   2018 01 07 01:15:09.518     4509.518  0.2377 30.9405 110.7805  12.00   -inf  -nan  12  12  24  12  92.21
    3   2018 01 07 01:42:15.727     6135.727  0.2634 30.9405 110.7905  10.00   -inf  -nan   6   8  14   5  96.80
    4   2018 01 07 02:35:38.812     9338.812  0.3008 31.0605 110.1705   8.00   -inf  -nan   8   7  15   7 191.86
    5   2018 01 07 02:53:15.121    10395.121  0.1600 30.8505 111.1305   6.00   -inf  -nan   8   5  13   4 284.42
    6   2018 01 07 03:34:46.173    12886.173  0.2294 30.7705 110.7605  10.00   -inf  -nan   5   7  12   5 210.14
    7   2018 01 07 04:03:51.759    14631.759  0.2869 30.7905 110.7805  10.00   -inf  -nan   6   6  12   6 141.13
    8   2018 01 07 04:32:57.345    16377.345  0.2911 30.7905 110.7805  10.00   -inf  -nan   5   6  11   5 108.79
    9   2018 01 07 05:05:01.196    18301.196  0.2976 31.0305 110.4805   6.00   -inf  -nan   4   3   7   3 156.39
   10   2018 01 07 05:06:48.920    18408.920  0.2108 30.7705 110.7605  10.00   -inf  -nan   4   4   8   4 186.92
   11   2018 01 07 05:44:22.027    20662.027  0.3545 31.0705 110.2005   8.00   -inf  -nan  11   5  16   5 173.24
   12   2018 01 07 05:45:07.827    20707.827  0.3652 31.0605 110.1705  10.00   -inf  -nan  14   9  23   8 191.86
   13   2018 01 07 07:23:14.984    26594.984  0.3367 30.8905 110.8005   2.00   -inf  -nan   5   5  10   4  97.44
   14   2018 01 07 07:24:35.318    26675.318  0.3030 31.0605 110.1705  10.00   -inf  -nan   9   8  17   8 191.86
   15   2018 01 07 07:48:12.057    28092.057  0.2727 30.8505 111.1305   4.00   -inf  -nan  10  10  20   9 283.92
   16   2018 01 07 08:20:56.587    30056.587  0.3292 30.8505 111.1305   4.00   -inf  -nan   9   8  17   7 310.20
   17   2018 01 07 13:18:44.351    47924.351  0.1575 30.9905 110.4405  10.00   -inf  -nan   4   2   6   2 197.87
   18   2018 01 07 14:59:56.509    53996.509  0.2497 31.0205 110.4505   8.00   -inf  -nan   6   5  11   5 141.20
   19   2018 01 07 17:11:36.696    61896.696  0.3491 31.0305 110.4805  16.00   -inf  -nan   4   4   8   4 185.58
   20   2018 01 07 17:38:30.055    63510.055  0.3127 31.2105 110.5505   0.00   -inf  -nan   4   2   6   2 252.49
   21   2018 01 07 19:58:20.998    71900.998  0.3837 31.0805 110.1705  10.00   -inf  -nan   9   6  15   5 193.55
   22   2018 01 07 20:25:40.557    73540.557  0.4484 31.0605 110.1705  10.00   -inf  -nan  15  10  25  10 191.86
   23   2018 01 07 20:50:29.263    75029.263  0.3055 31.0605 110.1705   8.00   -inf  -nan   7   7  14   7 191.86
   24   2018 01 07 20:53:56.143    75236.143  0.1535 31.0905 110.1905   6.00   -inf  -nan   3   3   6   3 314.08
   25   2018 01 07 23:05:38.749    83138.749  0.4041 31.2105 110.3105   2.00   -inf  -nan   6   4  10   4 273.38
    1   2018 01 08 03:08:15.969    11295.969  0.1322 30.8505 111.1305   6.00   -inf  -nan   4   3   7   3 284.42
    2   2018 01 08 03:12:41.612    11561.612  0.1583 30.9405 110.7805  10.00   -inf  -nan   7   9  16   7 110.23
    3   2018 01 08 05:48:37.929    20917.929  0.1633 30.7305 111.2105   4.00   -inf  -nan   8   3  11   3 308.06
    4   2018 01 08 07:45:09.636    27909.636  0.3162 31.0605 110.1705  10.00   -inf  -nan   9   7  16   7 191.86
    5   2018 01 08 07:49:22.800    28162.800  0.1361 30.8505 111.1305   6.00   -inf  -nan  10   3  13   3 283.92
    6   2018 01 08 10:54:55.586    39295.586  0.3735 31.0505 110.1905   6.00   -inf  -nan   7   5  12   5 177.95
    7   2018 01 08 15:04:54.049    54294.049  0.2345 31.1005 110.1705   4.00   -inf  -nan   4   2   6   1 234.70
    8   2018 01 08 15:59:26.949    57566.949  0.2615 30.9705 110.8405   0.00   -inf  -nan  11  11  22  10  72.79
    9   2018 01 08 16:25:18.339    59118.339  0.3543 31.0505 110.4505   6.00   -inf  -nan  14  10  24  10 119.70
    1   2018 01 09 00:30:46.799     1846.799  0.2664 30.8305 110.7405   2.00   -inf  -nan   3   2   5   2 158.50
    2   2018 01 09 00:37:20.737     2240.737  0.2677 30.7705 110.7605  12.00   -inf  -nan   8   8  16   7 109.98
    3   2018 01 09 01:52:56.943     6776.943  0.2162 30.7805 110.7705   8.00   -inf  -nan   3   4   7   2 116.19
    4   2018 01 09 02:22:02.448     8522.448  0.1817 30.7705 111.2505   4.00   -inf  -nan   6   3   9   3 313.79
    5   2018 01 09 03:46:49.464    13609.464  0.3111 30.9005 111.1705   8.00   -inf  -nan   4   3   7   3 283.99
    6   2018 01 09 06:15:21.184    22521.184  0.2752 30.9805 110.7805   0.00   -inf  -nan  12   6  18   6  89.06
    7   2018 01 09 06:56:13.083    24973.083  0.2157 31.2005 110.8205   6.00   -inf  -nan   9   4  13   4 258.24
    8   2018 01 09 07:11:50.354    25910.354  0.1755 30.8505 111.1305   6.00   -inf  -nan   8   4  12   4 284.42
    9   2018 01 09 07:32:11.276    27131.276  0.3705 31.1405 110.8705   0.00   -inf  -nan  13   9  22   9 215.61
   10   2018 01 09 14:43:55.754    53035.754  0.2511 30.9405 110.7605  12.00   -inf  -nan   8   6  14   6 110.97
   11   2018 01 09 14:44:42.385    53082.385  0.2926 30.9405 110.7805  10.00   -inf  -nan   5   6  11   4 146.46
   12   2018 01 09 14:45:52.988    53152.988  0.2827 30.9305 110.7605  10.00   -inf  -nan  16  15  31  15  96.97
   13   2018 01 09 14:47:05.337    53225.337  0.1263 30.9405 110.7805  10.00   -inf  -nan   4   4   8   3 171.04
   14   2018 01 09 14:47:18.332    53238.332  0.2116 30.9405 110.7605  10.00   -inf  -nan   7   8  15   6  77.93
   15   2018 01 09 14:48:14.316    53294.316  0.1916 30.9405 110.7605  10.00   -inf  -nan   8   7  15   6  77.93
   16   2018 01 09 14:48:46.888    53326.888  0.2154 30.9305 110.7605  12.00   -inf  -nan  13  13  26  13  69.03
   17   2018 01 09 14:49:01.653    53341.653  0.1776 30.9405 110.7505  10.00   -inf  -nan   9   4  13   3 110.87
   18   2018 01 09 14:50:19.784    53419.784  0.3025 30.9405 110.7505  12.00   -inf  -nan   9   8  17   8 124.67
   19   2018 01 09 14:55:31.641    53731.641  0.1852 30.9405 110.7605  10.00   -inf  -nan  11   9  20   8  77.93
   20   2018 01 09 14:57:04.452    53824.452  0.2764 30.9405 110.7505  12.00   -inf  -nan   5   5  10   4 154.79
   21   2018 01 09 15:03:27.934    54207.934  0.2145 30.9405 110.7605  12.00   -inf  -nan  11  12  23  11  77.93
   22   2018 01 09 15:08:43.498    54523.498  0.2399 30.9405 110.7605  12.00   -inf  -nan  10   8  18   8 110.97
   23   2018 01 09 16:24:30.227    59070.227  0.1303 30.9305 111.1705   8.00   -inf  -nan   5   2   7   2 276.52
   24   2018 01 09 17:09:06.922    61746.922  0.2277 30.9405 110.7605  12.00   -inf  -nan  11   8  19   8  77.93
   25   2018 01 09 17:12:11.701    61931.701  0.3292 30.9405 110.7605   8.00   -inf  -nan  16  15  31  15  64.29
   26   2018 01 09 17:14:11.054    62051.054  0.3793 30.9405 110.7805  12.00   -inf  -nan  12  13  25  11  62.87
   27   2018 01 09 17:20:50.293    62450.293  0.3684 30.9405 110.7505  10.00   -inf  -nan  17  16  33  16  64.69
   28   2018 01 09 17:21:57.881    62517.881  0.2600 30.9305 110.7605  12.00   -inf  -nan  16  15  31  15  78.63
   29   2018 01 09 17:23:18.616    62598.616  0.4602 30.9205 110.7805  14.00   -inf  -nan   8  12  20   6  70.94
   30   2018 01 09 17:34:50.954    63290.954  0.1629 30.9305 110.7605  10.00   -inf  -nan  10   4  14   4 117.75
   31   2018 01 09 17:36:38.612    63398.612  0.1997 30.9405 110.7605  10.00   -inf  -nan  10   9  19   9 110.97
   32   2018 01 09 18:08:41.607    65321.607  0.2712 30.9405 110.7505  12.00   -inf  -nan   5   7  12   5 110.87
   33   2018 01 09 23:46:12.863    85572.863  0.2543 31.0905 110.4305   0.00   -inf  -nan   3   3   6   1 193.50
    1   2018 01 10 01:43:21.876     6201.876  0.0981 30.8505 111.1305   6.00   -inf  -nan   8   5  13   4 283.92
    2   2018 01 10 05:11:07.441    18667.441  0.3636 31.0105 110.4705   0.00   -inf  -nan  13   5  18   4 131.60
    3   2018 01 10 07:21:06.667    26466.667  0.2468 30.9405 110.7805   6.00   -inf  -nan  10   7  17   7  92.21
    4   2018 01 10 07:32:34.801    27154.801  0.1928 30.8505 111.1305   6.00   -inf  -nan   8   5  13   5 284.42
    5   2018 01 10 07:49:40.190    28180.190  0.3720 31.0605 110.4405   0.00   -inf  -nan   5   6  11   4 170.49
    6   2018 01 10 21:20:24.586    76824.586  0.2784 30.8605 110.5605   6.00   -inf  -nan  11   9  20   7 145.72
    7   2018 01 10 21:21:10.257    76870.257  0.1316 30.8605 110.5605   8.00   -inf  -nan   3   2   5   2 234.40
    8   2018 01 10 21:22:15.862    76935.862  0.4607 30.8605 110.5605  16.00   -inf  -nan   4   4   8   3 200.99
    9   2018 01 10 21:23:12.580    76992.580  0.2779 30.8605 110.5605   8.00   -inf  -nan  14  14  28  14 145.72
    1   2018 01 11 00:34:09.727     2049.727  0.2290 31.1405 110.2005   0.00   -inf  -nan   3   3   6   2 298.32
    2   2018 01 11 00:45:57.471     2757.471  0.1521 30.8505 111.1305   6.00   -inf  -nan   6   5  11   5 210.75
    3   2018 01 11 03:35:40.406    12940.406  0.1940 30.8505 111.1305   4.00   -inf  -nan  10   5  15   5 210.25
    4   2018 01 11 03:49:06.931    13746.931  0.4596 31.0605 110.4405   4.00   -inf  -nan   4   5   9   3 170.49
    5   2018 01 11 04:29:39.965    16179.965  0.4005 30.9405 110.7805  14.00   -inf  -nan   8   9  17   6 110.23
    6   2018 01 11 04:55:11.330    17711.330  0.2967 30.8905 111.0905   2.00   -inf  -nan   6   5  11   5 113.28
    7   2018 01 11 05:21:00.218    19260.218  0.2316 30.7705 111.2005   0.00   -inf  -nan   7   5  12   4 261.39
    8   2018 01 11 05:28:52.881    19732.881  0.2482 30.7705 111.1705   4.00   -inf  -nan   8   2  10   2 251.57
    9   2018 01 11 06:02:03.837    21723.837  0.3900 31.0205 110.4805   0.00   -inf  -nan  11   4  15   3 103.09
   10   2018 01 11 06:29:22.331    23362.331  0.3732 30.9105 110.7205   2.00   -inf  -nan   3   3   6   1  93.08
   11   2018 01 11 06:40:57.158    24057.158  0.3739 31.0205 110.4805   0.00   -inf  -nan   4   4   8   4 144.06
   12   2018 01 11 07:41:01.010    27661.010  0.1875 30.9405 110.7605  10.00   -inf  -nan   7   5  12   4 110.97
   13   2018 01 11 08:54:03.427    32043.427  0.3354 30.8105 111.1605   2.00   -inf  -nan  13   8  21   6 238.50
   14   2018 01 11 09:11:11.890    33071.890  0.3778 30.8505 111.2005   6.00   -inf  -nan  11   6  17   6 250.73
   15   2018 01 11 11:20:15.373    40815.373  0.1359 30.8705 110.8605   6.00   -inf  -nan   3   2   5   2 294.35
   16   2018 01 11 11:21:03.419    40863.419  0.4168 30.9405 110.7405   8.00   -inf  -nan   7   6  13   6 124.34
   17   2018 01 11 13:13:31.519    47611.519  0.1679 30.9305 111.0805  16.00   -inf  -nan   4   2   6   2 131.30
   18   2018 01 11 14:43:32.949    53012.949  0.2540 30.9105 110.7405  10.00   -inf  -nan   5   5  10   3 174.61
   19   2018 01 11 15:10:19.130    54619.130  0.0773 30.9405 110.7605  10.00   -inf  -nan   3   2   5   1 110.97
   20   2018 01 11 16:05:30.194    57930.194  0.4005 30.9405 110.7805  12.00   -inf  -nan  11   8  19   6 108.92
   21   2018 01 11 16:56:16.300    60976.300  0.2449 30.9005 110.7805   6.00   -inf  -nan   3   3   6   2 227.21
   22   2018 01 11 17:20:03.677    62403.677  0.1532 30.9405 110.7605  10.00   -inf  -nan   4   5   9   3 144.50
   23   2018 01 11 18:23:20.859    66200.859  0.1707 30.9405 110.7605  10.00   -inf  -nan   6   6  12   5 144.50
   24   2018 01 11 18:26:11.873    66371.873  0.2075 30.9405 110.7605  12.00   -inf  -nan  12  11  23  10  77.93
   25   2018 01 11 19:23:45.509    69825.509  0.4412 30.9405 110.7805  12.00   -inf  -nan   3   4   7   3 165.87
   26   2018 01 11 23:18:51.608    83931.608  0.1614 30.7905 110.7405  10.00   -inf  -nan   3   3   6   3 239.73
    1   2018 01 12 01:50:43.559     6643.559  0.2608 30.8605 110.7605  10.00   -inf  -nan   7   6  13   5 108.57
    2   2018 01 12 02:12:37.260     7957.260  0.1976 30.9305 111.2405   4.00   -inf  -nan   5   2   7   2 303.31
    3   2018 01 12 02:51:18.584    10278.584  0.3293 30.8105 111.1305   2.00   -inf  -nan   9   5  14   5 285.30
    4   2018 01 12 03:24:58.280    12298.280  0.1843 30.7305 111.0505   2.00   -inf  -nan   3   3   6   2 279.47
    5   2018 01 12 04:13:17.514    15197.514  0.2425 30.9405 110.7605  10.00   -inf  -nan   7   9  16   7 110.97
    6   2018 01 12 04:46:35.132    17195.132  0.2506 30.9405 110.7605  10.00   -inf  -nan   6   9  15   6 110.97
    7   2018 01 12 04:47:08.842    17228.842  0.1843 30.9405 110.7605  10.00   -inf  -nan   6   7  13   5 110.97
    8   2018 01 12 05:01:59.426    18119.426  0.1935 30.9305 111.1705   0.00   -inf  -nan   4   2   6   2 146.89
    9   2018 01 12 06:27:01.774    23221.774  0.1917 30.7305 111.0505   4.00   -inf  -nan   3   2   5   1 279.47
   10   2018 01 12 07:25:38.751    26738.751  0.2398 30.9205 110.0905   0.00   -inf  -nan   3   3   6   3 309.13
   11   2018 01 12 07:43:17.005    27797.005  0.2478 30.9405 110.7805  10.00   -inf  -nan   9   9  18   9 110.23
   12   2018 01 12 08:46:58.737    31618.737  0.1394 30.8505 111.1305   4.00   -inf  -nan   6   2   8   1 210.25
   13   2018 01 12 09:38:27.002    34707.002  0.2960 30.8305 110.9405   0.00   -inf  -nan  12   6  18   6 108.73
   14   2018 01 12 09:58:34.705    35914.705  0.2261 31.1305 110.2305   0.00   -inf  -nan   3   3   6   1 263.66
   15   2018 01 12 15:05:06.707    54306.707  0.2206 30.9405 110.7605  10.00   -inf  -nan  14  11  25  11  77.93
   16   2018 01 12 15:21:19.129    55279.129  0.4270 31.0605 111.0005  16.00   -inf  -nan  11   2  13   1 222.28
   17   2018 01 12 15:52:26.336    57146.336  0.3944 31.1405 110.4005   0.00   -inf  -nan   6   6  12   4 228.97
   18   2018 01 12 17:25:31.426    62731.426  0.3159 31.0305 110.4805  16.00   -inf  -nan   6   6  12   6 142.66
   19   2018 01 12 19:42:18.100    70938.100  0.1041 30.9405 110.7605  10.00   -inf  -nan   3   2   5   1 208.05
   20   2018 01 12 21:26:53.227    77213.227  0.4495 31.0505 110.4705   0.00   -inf  -nan   6   7  13   5 159.22
   21   2018 01 12 22:35:35.775    81335.775  0.2307 30.9405 110.7805  12.00   -inf  -nan   8   8  16   8 120.33
   22   2018 01 12 23:45:13.294    85513.294  0.3300 30.8505 111.1705   6.00   -inf  -nan  14   6  20   6 231.43
    1   2018 01 13 00:03:49.066      229.066  0.1022 30.9405 110.8105  12.00   -inf  -nan   3   2   5   1 205.86
    2   2018 01 13 00:09:00.217      540.217  0.3619 31.1305 110.1905   6.00   -inf  -nan  15  15  30  14 262.03
    3   2018 01 13 00:40:58.197     2458.197  0.2386 30.9405 110.7605  10.00   -inf  -nan   6   7  13   5 110.97
    4   2018 01 13 00:43:49.094     2629.094  0.3227 30.8705 110.8605   2.00   -inf  -nan   3   2   5   1 183.94
    5   2018 01 13 03:26:37.274    12397.274  0.2686 30.6705 111.0605   4.00   -inf  -nan  11  11  22  11 253.11
    6   2018 01 13 03:51:40.063    13900.063  0.1312 30.9005 110.7205  16.00   -inf  -nan   3   2   5   2 173.01
    7   2018 01 13 04:23:15.279    15795.279  0.2499 30.7705 111.1705   0.00   -inf  -nan   6   5  11   4 263.48
    8   2018 01 13 04:29:11.362    16151.362  0.2143 30.7405 111.2305   8.00   -inf  -nan   9   3  12   2 273.67
    9   2018 01 13 04:33:37.252    16417.252  0.2984 30.7705 111.1705   6.00   -inf  -nan   9   3  12   2 251.57
   10   2018 01 13 05:35:45.966    20145.966  0.3831 31.0005 110.4605   0.00   -inf  -nan   7   4  11   1 120.77
   11   2018 01 13 05:50:56.652    21056.652  0.3997 31.0105 110.4705   0.00   -inf  -nan   9   7  16   3 131.60
   12   2018 01 13 06:15:18.290    22518.290  0.1892 30.8505 111.1305   4.00   -inf  -nan   8   3  11   3 210.75
   13   2018 01 13 06:39:02.605    23942.605  0.2750 30.9805 110.7105  14.00   -inf  -nan   3   2   5   1 211.95
   14   2018 01 13 06:53:10.007    24790.007  0.2243 30.9405 110.7805   8.00   -inf  -nan   7   7  14   6 110.23
   15   2018 01 13 06:55:34.060    24934.060  0.3200 30.9405 110.7605  14.00   -inf  -nan   5   4   9   3 110.97
   16   2018 01 13 07:40:03.469    27603.469  0.3292 30.8705 110.9005   0.00   -inf  -nan  12   8  20   8  67.10
   17   2018 01 13 08:21:02.842    30062.842  0.2939 31.1005 110.2105   4.00   -inf  -nan  12   8  20   7 168.87
   18   2018 01 13 08:43:58.621    31438.621  0.3127 30.9005 110.7205   0.00   -inf  -nan  14   4  18   3  94.62
   19   2018 01 13 11:46:59.520    42419.520  0.4318 30.9805 110.8205   8.00   -inf  -nan   4   3   7   3 144.98
   20   2018 01 13 14:13:50.872    51230.872  0.2333 30.9405 110.7605  10.00   -inf  -nan  11  12  23  10  77.93
   21   2018 01 13 14:17:23.310    51443.310  0.2402 30.9405 110.7605  12.00   -inf  -nan   9   8  17   6 110.97
   22   2018 01 13 14:18:04.878    51484.878  0.2128 30.9405 110.7605  10.00   -inf  -nan   7   7  14   4  77.93
   23   2018 01 13 18:00:15.373    64815.373  0.2023 30.6705 110.9405  10.00   -inf  -nan   5   3   8   3 247.03
   24   2018 01 13 19:08:16.105    68896.105  0.2684 31.0305 110.2005   6.00   -inf  -nan   4   4   8   4 219.13
   25   2018 01 13 19:24:17.287    69857.287  0.2728 31.0805 110.1705   0.00   -inf  -nan   7   7  14   6 193.55
   26   2018 01 13 19:29:01.865    70141.865  0.3685 31.0105 110.4705   8.00   -inf  -nan  18  14  32  14  99.33
   27   2018 01 13 19:43:50.661    71030.661  0.4074 31.0105 110.4705  10.00   -inf  -nan   7   6  13   6 131.60
   28   2018 01 13 20:27:33.583    73653.583  0.1617 31.0205 110.4805   0.00   -inf  -nan   6   2   8   2 135.90
   29   2018 01 13 20:54:52.754    75292.754  0.4949 31.0305 110.4405  10.00   -inf  -nan   3   5   8   3 190.37
   30   2018 01 13 21:49:12.942    78552.942  0.1744 31.0505 110.1905   6.00   -inf  -nan   6   4  10   4 177.95
   31   2018 01 13 23:06:38.145    83198.145  0.3277 30.9405 110.7605   6.00   -inf  -nan  17  14  31  13  64.29
   32   2018 01 13 23:40:01.093    85201.093  0.2599 30.8505 111.1305   6.00   -inf  -nan  14   5  19   5 210.25
    1   2018 01 14 01:06:15.290     3975.290  0.1780 30.9305 111.2005   4.00   -inf  -nan   4   2   6   2 279.86
    2   2018 01 14 01:39:24.473     5964.473  0.1885 30.8505 111.1305   4.00   -inf  -nan  10   6  16   5 210.25
    3   2018 01 14 03:55:33.570    14133.570  0.4185 30.8505 111.0405   2.00   -inf  -nan   7   6  13   4 142.83
    4   2018 01 14 04:07:41.277    14861.277  0.2366 30.8905 111.0405   2.00   -inf  -nan   6   2   8   2  98.74
    5   2018 01 14 04:47:52.133    17272.133  0.1170 30.9405 110.7605  10.00   -inf  -nan   3   3   6   2 110.97
    6   2018 01 14 04:54:22.899    17662.899  0.2701 31.2805 110.8605   0.00   -inf  -nan   7   6  13   2 286.39
    7   2018 01 14 06:37:19.766    23839.766  0.2081 30.9405 110.7605  10.00   -inf  -nan   7   5  12   5 110.97
    8   2018 01 14 06:40:59.366    24059.366  0.3594 31.2105 110.3905   0.00   -inf  -nan   7   7  14   5 264.47
    9   2018 01 14 06:46:24.625    24384.625  0.3422 31.2205 110.3605   2.00   -inf  -nan   6   7  13   3 254.39
   10   2018 01 14 06:52:17.545    24737.545  0.3282 31.1705 110.3905   0.00   -inf  -nan   5   7  12   3 234.22
   11   2018 01 14 06:58:53.397    25133.397  0.3316 31.2105 110.3505   0.00   -inf  -nan   6   4  10   1 253.60
   12   2018 01 14 07:17:01.655    26221.655  0.3821 30.9905 110.8005   0.00   -inf  -nan  14  11  25  11  67.62
   13   2018 01 14 08:21:24.946    30084.946  0.3768 30.9405 110.7605  16.00   -inf  -nan   5   4   9   3 127.90
   14   2018 01 14 08:51:18.802    31878.802  0.2340 30.9405 110.7605  10.00   -inf  -nan   8   9  17   8 110.97
   15   2018 01 14 08:55:02.240    32102.240  0.1988 30.8505 111.1305   6.00   -inf  -nan   5   4   9   4 210.75
   16   2018 01 14 09:20:09.822    33609.822  0.2016 30.9405 110.7605  10.00   -inf  -nan  10  11  21  10  77.93
   17   2018 01 14 09:21:30.583    33690.583  0.1919 30.9405 110.7605  12.00   -inf  -nan   3   4   7   3 110.97
   18   2018 01 14 09:37:29.967    34649.967  0.3594 30.9405 110.8405   0.00   -inf  -nan  16   9  25   9  56.17
   19   2018 01 14 10:16:11.461    36971.461  0.3201 30.9505 110.7605  14.00   -inf  -nan  13   6  19   6  87.10
   20   2018 01 14 10:25:38.039    37538.039  0.4096 30.9405 110.7405  12.00   -inf  -nan  15  12  27  12  64.82
   21   2018 01 14 10:32:03.711    37923.711  0.1885 30.9405 110.7605  10.00   -inf  -nan   4   6  10   3 110.97
   22   2018 01 14 10:35:56.152    38156.152  0.2625 31.0505 110.0305   8.00   -inf  -nan   8   8  16   7 264.99
   23   2018 01 14 10:56:19.619    39379.619  0.2225 30.9405 110.7605  10.00   -inf  -nan   5   7  12   4 110.97
   24   2018 01 14 10:56:53.984    39413.984  0.1297 30.9405 110.7605  10.00   -inf  -nan   5   4   9   3 164.93
   25   2018 01 14 11:34:50.645    41690.645  0.2085 30.9405 110.7605  10.00   -inf  -nan   8   7  15   6 110.97
   26   2018 01 14 12:17:16.561    44236.561  0.2766 30.9405 110.7605  12.00   -inf  -nan  16  14  30  14  64.29
   27   2018 01 14 12:17:30.068    44250.068  0.2294 30.9505 110.7605  12.00   -inf  -nan   3   3   6   2 154.73
   28   2018 01 14 12:18:19.165    44299.165  0.2166 30.9405 110.7605  10.00   -inf  -nan  11  11  22  10  77.93
   29   2018 01 14 12:19:08.422    44348.422  0.1459 30.9405 110.7605  10.00   -inf  -nan   7   6  13   5 110.97
   30   2018 01 14 12:20:04.421    44404.421  0.1925 30.9405 110.7605  10.00   -inf  -nan   7   7  14   5  77.93
   31   2018 01 14 12:20:36.477    44436.477  0.2534 30.9405 110.7605  10.00   -inf  -nan  17  16  33  16  64.29
   32   2018 01 14 12:22:34.462    44554.462  0.2378 30.9405 110.7605  12.00   -inf  -nan   8   8  16   7  77.93
   33   2018 01 14 13:52:31.402    49951.402  0.1907 30.9405 110.7605  10.00   -inf  -nan   3   4   7   3 272.77
   34   2018 01 14 14:29:05.663    52145.663  0.3316 30.9405 110.7605  12.00   -inf  -nan  15  15  30  13  64.29
   35   2018 01 14 14:56:37.663    53797.663  0.2917 30.9505 110.7805  10.00   -inf  -nan   3   5   8   2 102.97
   36   2018 01 14 15:46:30.903    56790.903  0.1357 30.9405 110.7605  10.00   -inf  -nan   3   4   7   2 194.83
   37   2018 01 14 17:22:40.717    62560.717  0.1964 30.9405 110.7605  10.00   -inf  -nan   4   7  11   4 110.97
   38   2018 01 14 20:49:17.930    74957.930  0.3188 30.9505 110.7805  10.00   -inf  -nan   3   5   8   2 116.63
    1   2018 01 15 00:08:21.217      501.217  0.2596 30.9405 110.7605  10.00   -inf  -nan   7   9  16   6  77.93
    2   2018 01 15 00:17:01.170     1021.170  0.2980 31.1105 110.2405   0.00   -inf  -nan  17  15  32  14 148.87
    3   2018 01 15 00:22:24.733     1344.733  0.3431 31.1005 110.2105   4.00   -inf  -nan  11  11  22   8 168.87
    4   2018 01 15 01:04:24.075     3864.075  0.2948 31.1305 110.2305   0.00   -inf  -nan   6   6  12   4 263.66
    5   2018 01 15 01:08:05.607     4085.607  0.4968 30.9805 111.2105   2.00   -inf  -nan   4   2   6   1 254.42
    6   2018 01 15 01:12:25.536     4345.536  0.3284 31.1105 110.2405   0.00   -inf  -nan  11  12  23   9 148.87
    7   2018 01 15 01:35:34.171     5734.171  0.2936 31.0605 110.2005   6.00   -inf  -nan   7   4  11   4 172.35
    8   2018 01 15 03:08:06.480    11286.480  0.2277 30.8505 111.1305   4.00   -inf  -nan   8   7  15   6 210.25
    9   2018 01 15 03:27:32.720    12452.720  0.2942 30.9705 110.5905  10.00   -inf  -nan   3   2   5   1 196.49
   10   2018 01 15 03:44:31.592    13471.592  0.3121 30.7705 111.2105   0.00   -inf  -nan   5   4   9   2 314.05
   11   2018 01 15 04:16:30.258    15390.258  0.4720 30.9405 110.5005  10.00   -inf  -nan   7   3  10   2 112.11
   12   2018 01 15 04:46:14.575    17174.575  0.2299 30.9405 110.7805  10.00   -inf  -nan   6   7  13   6 146.46
   13   2018 01 15 05:04:30.655    18270.655  0.3458 31.1305 110.8805   0.00   -inf  -nan  14  10  24   9 197.34
   14   2018 01 15 05:25:19.412    19519.412  0.2343 30.8505 111.1605   6.00   -inf  -nan   7   6  13   5 225.53
   15   2018 01 15 05:28:06.983    19686.983  0.3521 31.1305 110.0705   8.00   -inf  -nan   5   2   7   2 255.43
   16   2018 01 15 05:43:06.407    20586.407  0.1670 30.9305 110.7505  10.00   -inf  -nan   5   6  11   4 125.53
   17   2018 01 15 05:56:35.951    21395.951  0.3376 30.9605 110.0505  12.00   -inf  -nan   6   2   8   2 276.43
   18   2018 01 15 06:04:50.929    21890.929  0.4119 31.0305 110.4405  16.00   -inf  -nan   3   3   6   2 171.98
   19   2018 01 15 07:05:03.261    25503.261  0.1288 30.9405 110.7605  10.00   -inf  -nan   6   6  12   5 110.97
   20   2018 01 15 08:06:37.253    29197.253  0.4531 31.0005 109.9705   6.00   -inf  -nan   6   3   9   3 322.44
   21   2018 01 15 10:09:31.673    36571.673  0.4584 31.0605 110.4405   4.00   -inf  -nan   5   7  12   3 164.64
   22   2018 01 15 10:10:07.297    36607.297  0.2716 30.8205 110.9505   4.00   -inf  -nan  12   7  19   7 127.33
   23   2018 01 15 13:18:31.886    47911.886  0.2366 30.9705 111.2005   4.00   -inf  -nan   3   2   5   2 295.63
   24   2018 01 15 13:54:46.589    50086.589  0.2952 31.0105 110.3705   6.00   -inf  -nan   4   4   8   3 167.93
   25   2018 01 15 16:08:42.420    58122.420  0.4526 31.0105 110.4505  10.00   -inf  -nan  13  15  28  13 101.24
   26   2018 01 15 20:26:29.629    73589.629  0.2925 31.0505 110.0705   0.00   -inf  -nan   6   5  11   5 248.61
    1   2018 01 16 00:07:39.270      459.270  0.1704 31.0505 110.0705   8.00   -inf  -nan   6   3   9   2 248.61
    2   2018 01 16 03:16:37.876    11797.876  0.2321 30.8505 111.1605   6.00   -inf  -nan  10   5  15   4 225.53
    3   2018 01 16 04:56:25.540    17785.540  0.3651 31.2505 110.9605   8.00   -inf  -nan  17  17  34  17 240.22
    4   2018 01 16 05:04:17.558    18257.558  0.2914 30.9405 110.3205  14.00   -inf  -nan   3   2   5   2 220.22
    5   2018 01 16 05:56:29.763    21389.763  0.3170 31.1605 110.3705   0.00   -inf  -nan   7   4  11   4 168.26
    6   2018 01 16 07:26:55.742    26815.742  0.3069 31.2205 110.9505   8.00   -inf  -nan   7  12  19   7 249.16
    7   2018 01 16 08:32:11.141    30731.141  0.3183 30.8505 111.1305   6.00   -inf  -nan  12   7  19   7 210.25
    8   2018 01 16 08:46:33.629    31593.629  0.2238 31.0905 110.1905   0.00   -inf  -nan   4   3   7   3 227.40
    9   2018 01 16 10:21:04.739    37264.739  0.2717 31.2205 110.9605   4.00   -inf  -nan   9  11  20   7 234.94
   10   2018 01 16 11:03:16.147    39796.147  0.1362 31.0205 110.5805   4.00   -inf  -nan   5   3   8   3 145.99
   11   2018 01 16 13:19:13.029    47953.029  0.2810 31.0905 110.1905   6.00   -inf  -nan  10   7  17   7 181.48
   12   2018 01 16 15:48:15.040    56895.040  0.3236 31.2305 110.9605  10.00   -inf  -nan  12  15  27  12 251.83
   13   2018 01 16 15:53:32.890    57212.890  0.2497 30.9405 110.7805  12.00   -inf  -nan   7   7  14   7 120.33
   14   2018 01 16 16:10:45.762    58245.762  0.3225 31.0805 110.8205   6.00   -inf  -nan  15  16  31  14 124.12
   15   2018 01 16 16:26:51.024    59211.024  0.2918 30.9405 110.7605  10.00   -inf  -nan  13  12  25  10  64.29
   16   2018 01 16 16:54:32.639    60872.639  0.2095 30.9405 110.7605  10.00   -inf  -nan   6   6  12   4 110.97
   17   2018 01 16 18:04:55.833    65095.833  0.1729 31.0905 110.1905   0.00   -inf  -nan   4   5   9   3 181.48
   18   2018 01 16 18:14:15.919    65655.919  0.2730 30.9505 110.7805  14.00   -inf  -nan   3   5   8   3 167.27
   19   2018 01 16 18:50:34.074    67834.074  0.2791 31.1705 110.3105   0.00   -inf  -nan   6   3   9   3 276.12
   20   2018 01 16 18:51:38.093    67898.093  0.2391 31.1705 110.1505   8.00   -inf  -nan   3   4   7   3 229.78
   21   2018 01 16 19:36:44.740    70604.740  0.1518 30.9405 110.7905  12.00   -inf  -nan   3   4   7   3 169.05
   22   2018 01 16 19:58:51.775    71931.775  0.2457 30.9405 110.7805  14.00   -inf  -nan  10  10  20   8  92.21
   23   2018 01 16 20:57:24.530    75444.530  0.2128 30.9405 110.7805  14.00   -inf  -nan   8   9  17   8  92.21
   24   2018 01 16 21:48:46.817    78526.817  0.2380 30.9405 110.7805  14.00   -inf  -nan   8  11  19   7  92.21
   25   2018 01 16 22:31:49.876    81109.876  0.2519 30.9405 110.7805  14.00   -inf  -nan   9   9  18   9  92.21
   26   2018 01 16 22:51:29.350    82289.350  0.2534 31.1005 110.2005   0.00   -inf  -nan   5   4   9   3 175.64
    1   2018 01 17 00:02:40.200      160.200  0.2500 30.9405 110.7805  12.00   -inf  -nan   5   6  11   5 146.36
    2   2018 01 17 00:33:53.666     2033.666  0.2201 30.9405 110.7805  14.00   -inf  -nan   8   8  16   7 110.23
    3   2018 01 17 01:21:28.175     4888.175  0.2283 30.8505 111.1305   4.00   -inf  -nan   9   5  14   5 210.25
    4   2018 01 17 01:59:26.959     7166.959  0.2050 30.7805 110.8505   8.00   -inf  -nan   4   2   6   2 176.19
    5   2018 01 17 02:11:50.153     7910.153  0.4056 30.9305 111.0005  10.00   -inf  -nan   5   2   7   2 111.77
    6   2018 01 17 03:00:11.693    10811.693  0.2149 30.7305 111.0505   0.00   -inf  -nan   3   2   5   2 279.47
    7   2018 01 17 03:03:13.121    10993.121  0.2627 30.9805 109.9705   2.00   -inf  -nan  11   8  19   7 288.41
    8   2018 01 17 03:27:11.469    12431.469  0.2406 31.2405 110.0505   0.00   -inf  -nan  11   7  18   6 296.31
    9   2018 01 17 03:49:43.360    13783.360  0.2600 30.9405 110.7805  12.00   -inf  -nan   5   6  11   4 146.46
   10   2018 01 17 04:48:12.451    17292.451  0.3071 30.9905 110.8005   0.00   -inf  -nan  13   8  21   8 122.96
   11   2018 01 17 05:40:28.005    20428.005  0.4377 30.8705 110.9005   2.00   -inf  -nan   5   3   8   2 142.53
   12   2018 01 17 07:04:10.320    25450.320  0.1127 30.7405 110.8505   8.00   -inf  -nan   4   3   7   3 190.10
   13   2018 01 17 09:14:46.152    33286.152  0.1211 30.8905 111.1605   8.00   -inf  -nan   5   2   7   2 195.54
   14   2018 01 17 09:29:50.224    34190.224  0.2270 31.3405 110.2905   0.00   -inf  -nan   8   2  10   2 284.47
   15   2018 01 17 09:41:52.684    34912.684  0.3211 31.3005 110.2905   0.00   -inf  -nan   6   2   8   2 268.70
   16   2018 01 17 10:15:19.838    36919.838  0.3952 30.8105 111.1705   6.00   -inf  -nan   9   7  16   6 242.73
   17   2018 01 17 14:15:57.586    51357.586  0.2050 31.1705 110.1505  14.00   -inf  -nan   3   2   5   1 255.52
   18   2018 01 17 17:36:54.463    63414.463  0.1914 30.9405 110.7505  12.00   -inf  -nan   5   6  11   5 124.67
   19   2018 01 17 19:59:40.760    71980.760  0.2269 30.9405 110.7805  10.00   -inf  -nan   8   8  16   8 110.23
   20   2018 01 17 22:01:59.827    79319.827  0.1832 30.9405 110.7405   8.00   -inf  -nan   3   6   9   3 110.40
   21   2018 01 17 23:57:07.496    86227.496  0.3708 30.9405 110.7805  16.00   -inf  -nan   9   9  18   9  92.21
    1   2018 01 18 02:34:41.593     9281.593  0.1550 30.8505 111.1305   6.00   -inf  -nan  13   6  19   6 210.25
    2   2018 01 18 04:44:42.055    17082.055  0.3112 30.9405 111.1705   4.00   -inf  -nan   5   2   7   1 170.31
    3   2018 01 18 04:55:58.353    17758.353  0.2408 30.8405 110.2505   0.00   -inf  -nan   3   4   7   3 247.02
    4   2018 01 18 05:16:57.985    19017.985  0.1824 30.7805 110.7705  10.00   -inf  -nan   7   8  15   6 203.71
    5   2018 01 18 06:21:33.499    22893.499  0.2783 30.9005 110.7405  12.00   -inf  -nan   5   6  11   4 143.21
    6   2018 01 18 07:29:25.392    26965.392  0.2263 30.9705 111.1605  18.00   -inf  -nan   3   3   6   1 228.56
    7   2018 01 18 07:45:16.044    27916.044  0.3203 30.8205 110.9305   4.00   -inf  -nan  12   6  18   6 102.66
    8   2018 01 18 08:54:38.171    32078.171  0.1875 31.0205 110.5005  10.00   -inf  -nan   5   3   8   1 130.82
    9   2018 01 18 09:11:05.094    33065.094  0.2032 30.8305 110.9405   2.00   -inf  -nan   7   4  11   4 108.73
   10   2018 01 18 09:43:17.042    34997.042  0.1658 30.9705 111.1705   0.00   -inf  -nan   3   2   5   2 266.63
   11   2018 01 18 13:15:45.224    47745.224  0.2117 30.8205 110.6405   6.00   -inf  -nan   3   3   6   3 297.31
   12   2018 01 18 16:41:38.010    60098.010  0.1900 30.9405 110.7605  10.00   -inf  -nan   6   7  13   5 110.97
   13   2018 01 18 17:16:26.172    62186.172  0.3651 30.9505 110.7805  14.00   -inf  -nan  17  13  30  13 102.85
   14   2018 01 18 17:42:17.271    63737.271  0.3501 31.0805 110.1705  10.00   -inf  -nan   9   8  17   7 193.55
   15   2018 01 18 18:05:38.148    65138.148  0.2296 30.9405 110.7605  10.00   -inf  -nan  14  13  27  13  77.93
   16   2018 01 18 18:21:16.004    66076.004  0.1321 30.9405 110.7605  10.00   -inf  -nan   4   5   9   3 110.97
   17   2018 01 18 18:21:46.323    66106.323  0.1526 30.9405 110.7605  10.00   -inf  -nan   8   6  14   5 110.97
   18   2018 01 18 19:17:34.592    69454.592  0.2293 31.0505 110.4605  10.00   -inf  -nan   4   4   8   3 111.60
   19   2018 01 18 19:34:17.252    70457.252  0.2399 30.9405 110.7605  12.00   -inf  -nan  15  12  27  12  77.93
   20   2018 01 18 19:35:01.427    70501.427  0.3154 30.9405 110.7805  10.00   -inf  -nan   9  11  20   9  92.21
   21   2018 01 18 21:08:11.655    76091.655  0.2578 31.1705 110.3405   0.00   -inf  -nan   3   3   6   2 252.38
   22   2018 01 18 21:21:46.401    76906.401  0.2602 31.0805 110.1705   8.00   -inf  -nan   9   7  16   7 254.55
    1   2018 01 19 01:43:20.445     6200.445  0.3115 30.8505 111.1705   6.00   -inf  -nan  12   7  19   7 293.45
    2   2018 01 19 02:28:26.827     8906.827  0.4017 30.9405 110.7605  14.00   -inf  -nan   4   5   9   4 127.90
    3   2018 01 19 02:38:03.279     9483.279  0.1903 30.9405 110.7805  12.00   -inf  -nan   5   2   7   2 110.23
    4   2018 01 19 03:44:51.413    13491.413  0.2769 31.0605 110.1305   6.00   -inf  -nan   7   6  13   5 216.83
    5   2018 01 19 06:28:24.449    23304.449  0.3061 31.0905 110.1905   2.00   -inf  -nan   3   6   9   3 181.48
    6   2018 01 19 06:41:25.948    24085.948  0.2935 31.2605 110.3305   6.00   -inf  -nan   4   2   6   1 273.34
    7   2018 01 19 07:11:18.134    25878.134  0.4621 31.2205 110.0105   0.00   -inf  -nan  12   9  21   7 294.73
    8   2018 01 19 07:45:31.343    27931.343  0.2572 30.8505 111.1305   4.00   -inf  -nan   9   7  16   7 210.75
    9   2018 01 19 09:49:53.734    35393.734  0.4042 31.0205 110.7605   0.00   -inf  -nan   6   2   8   2 178.92
   10   2018 01 19 09:54:56.401    35696.401  0.1344 30.8505 111.1305   8.00   -inf  -nan   3   2   5   2 318.48
   11   2018 01 19 10:12:19.204    36739.204  0.2929 30.9005 110.7205   4.00   -inf  -nan  16   6  22   6  94.62
   12   2018 01 19 11:32:08.331    41528.331  0.4238 30.9305 110.3505  12.00   -inf  -nan   3   3   6   2 184.39
   13   2018 01 19 12:31:20.731    45080.731  0.3562 31.0505 110.4605   0.00   -inf  -nan  10   9  19   8 111.60
   14   2018 01 19 14:48:09.168    53289.168  0.2558 30.9405 110.7805  12.00   -inf  -nan  10   8  18   8  92.21
   15   2018 01 19 15:00:20.259    54020.259  0.2524 31.1805 110.4105   8.00   -inf  -nan   3   3   6   3 295.56
   16   2018 01 19 15:13:15.530    54795.530  0.2161 30.9405 110.7805  10.00   -inf  -nan  10   7  17   7  92.21
   17   2018 01 19 17:37:53.505    63473.505  0.1586 31.0105 110.1105   8.00   -inf  -nan   6   4  10   4 231.77
   18   2018 01 19 18:07:24.023    65244.023  0.1880 31.0505 110.2705  10.00   -inf  -nan   3   2   5   2 163.85
   19   2018 01 19 18:14:27.072    65667.072  0.2020 30.9005 111.1905   4.00   -inf  -nan   3   2   5   2 250.77
   20   2018 01 19 19:09:24.828    68964.828  0.1941 30.9005 110.7405   0.00   -inf  -nan   3   4   7   3 269.95
   21   2018 01 19 22:51:56.199    82316.199  0.1003 31.1705 110.3405   4.00   -inf  -nan   3   2   5   2 252.38
   22   2018 01 19 23:31:51.785    84711.785  0.0848 30.9505 110.7405  10.00   -inf  -nan   3   3   6   2 121.30
    1   2018 01 20 00:43:33.766     2613.766  0.1158 30.8505 111.1305   6.00   -inf  -nan   9   5  14   5 210.25
    2   2018 01 20 00:43:43.012     2623.012  0.1406 31.0105 110.3505   6.00   -inf  -nan   4   4   8   3 114.93
    3   2018 01 20 03:48:15.633    13695.633  0.3545 30.8905 110.7205   8.00   -inf  -nan  12   8  20   7  97.68
    4   2018 01 20 04:44:15.529    17055.529  0.2124 30.7705 111.1705   6.00   -inf  -nan   4   2   6   2 263.48
    5   2018 01 20 04:46:24.745    17184.745  0.4571 30.9305 111.0505   2.00   -inf  -nan   3   2   5   1 205.29
    6   2018 01 20 05:59:40.435    21580.435  0.3314 30.7505 110.9205   6.00   -inf  -nan   8   8  16   7 199.57
    7   2018 01 20 06:23:07.752    22987.752  0.4273 30.7405 110.9305   4.00   -inf  -nan   9   8  17   8 207.91
    8   2018 01 20 08:42:47.656    31367.656  0.2473 30.9605 109.9705   8.00   -inf  -nan   5   3   8   2 295.22
    9   2018 01 20 08:50:45.221    31845.221  0.2321 30.7705 110.9205   0.00   -inf  -nan   6   3   9   3 247.13
   10   2018 01 20 09:15:10.567    33310.567  0.2599 30.8505 111.1305   4.00   -inf  -nan  10   9  19   9 210.25
   11   2018 01 20 11:00:44.955    39644.955  0.1619 30.9405 110.7805  12.00   -inf  -nan   6   6  12   6 110.23
   12   2018 01 20 11:32:56.316    41576.316  0.2842 30.9705 111.2005   4.00   -inf  -nan   3   2   5   2 295.63
   13   2018 01 20 11:40:19.856    42019.856  0.2235 30.9405 110.7805  10.00   -inf  -nan  11  12  23  10  92.21
   14   2018 01 20 14:31:05.988    52265.988  0.2093 30.9405 110.7805  14.00   -inf  -nan   4   4   8   4 177.28
   15   2018 01 20 14:46:56.497    53216.497  0.2662 30.9405 110.7905  10.00   -inf  -nan   6   6  12   4 109.46
   16   2018 01 20 14:52:00.937    53520.937  0.2592 30.9505 110.8005  14.00   -inf  -nan   6   5  11   5 126.83
   17   2018 01 20 14:58:22.332    53902.332  0.2294 30.9405 110.7805  12.00   -inf  -nan  12  12  24  12  92.21
   18   2018 01 20 15:05:16.570    54316.570  0.2285 30.9405 110.7805  12.00   -inf  -nan   9  11  20   9  92.21
   19   2018 01 20 15:17:24.707    55044.707  0.2785 30.9405 110.7805  10.00   -inf  -nan   8   8  16   8  92.21
   20   2018 01 20 16:16:32.591    58592.591  0.1938 30.9405 110.7805  12.00   -inf  -nan   5   5  10   5 177.28
   21   2018 01 20 16:41:08.145    60068.145  0.2434 30.9405 110.7605  10.00   -inf  -nan   8   8  16   7 110.97
   22   2018 01 20 16:50:36.696    60636.696  0.2318 30.9405 110.7605  12.00   -inf  -nan  13  10  23  10  77.93
   23   2018 01 20 17:56:53.652    64613.652  0.1301 30.9405 110.7805  10.00   -inf  -nan   4   2   6   2 146.36
   24   2018 01 20 18:05:44.362    65144.362  0.2336 30.9405 110.7805  12.00   -inf  -nan   9  10  19   8  92.21
   25   2018 01 20 18:14:32.656    65672.656  0.3657 30.8605 110.8305  12.00   -inf  -nan   6   6  12   6 103.86
   26   2018 01 20 18:46:33.462    67593.462  0.1798 30.9105 110.8205  18.00   -inf  -nan   4   2   6   2 252.64
   27   2018 01 20 18:49:35.062    67775.062  0.4719 30.9405 110.7405  12.00   -inf  -nan  16  12  28  12  64.82
   28   2018 01 20 18:58:46.518    68326.518  0.2212 30.9405 110.7605  10.00   -inf  -nan   9  11  20   8  77.93
   29   2018 01 20 19:50:03.827    71403.827  0.4202 31.0605 110.2105   4.00   -inf  -nan   8   7  15   7 165.91
   30   2018 01 20 21:18:19.694    76699.694  0.2689 31.2105 110.5505   0.00   -inf  -nan   6   2   8   1 233.00
   31   2018 01 20 21:24:27.087    77067.087  0.0967 30.9105 110.8205  12.00   -inf  -nan   3   2   5   2 313.47
   32   2018 01 20 21:35:36.035    77736.035  0.2939 30.9505 110.8205  10.00   -inf  -nan   3   4   7   2 141.98
   33   2018 01 20 22:00:12.155    79212.155  0.2769 30.9405 110.7805  14.00   -inf  -nan   7   8  15   7 110.23
   34   2018 01 20 22:34:10.440    81250.440  0.3596 30.7505 110.7805  20.00   -inf  -nan   6   6  12   2 143.65
   35   2018 01 20 22:35:44.451    81344.451  0.3178 30.7905 110.7805   0.00   -inf  -nan   3   5   8   3 146.07
   36   2018 01 20 23:02:24.248    82944.248  0.1900 30.7805 110.7605   8.00   -inf  -nan   4   7  11   4 124.85
   37   2018 01 20 23:05:27.641    83127.641  0.2600 31.0505 110.4605  10.00   -inf  -nan   8   7  15   6 111.60
   38   2018 01 20 23:15:52.696    83752.696  0.3083 30.9105 110.7805  10.00   -inf  -nan  10  10  20  10  75.14
    1   2018 01 21 00:50:09.130     3009.130  0.1695 30.9405 110.7805  12.00   -inf  -nan   9   9  18   7  92.21
    2   2018 01 21 01:21:57.796     4917.796  0.1708 30.8505 111.1305   6.00   -inf  -nan   7   5  12   5 210.75
    3   2018 01 21 01:34:57.574     5697.574  0.2054 30.9405 110.7805  12.00   -inf  -nan   6   6  12   5  92.21
    4   2018 01 21 01:55:13.962     6913.962  0.2274 30.9405 110.7805  12.00   -inf  -nan   7   8  15   7 118.14
    5   2018 01 21 03:09:39.267    11379.267  0.2615 30.7905 110.4405   0.00   -inf  -nan   5   5  10   4 219.72
    6   2018 01 21 05:10:00.425    18600.425  0.2255 30.9405 110.7405  10.00   -inf  -nan   3   3   6   3 151.07
    7   2018 01 21 05:10:17.573    18617.573  0.2397 30.9405 110.7405   8.00   -inf  -nan   6   5  11   4 117.79
    8   2018 01 21 07:01:08.415    25268.415  0.3729 30.7705 111.2005   8.00   -inf  -nan   5   3   8   2 261.39
    9   2018 01 21 07:04:20.242    25460.242  0.2554 30.7705 111.1705   0.00   -inf  -nan   4   3   7   2 251.57
   10   2018 01 21 07:24:01.512    26641.512  0.3562 30.9005 110.4605   6.00   -inf  -nan   6   8  14   5 120.90
   11   2018 01 21 09:36:55.243    34615.243  0.1328 30.8505 111.1305   6.00   -inf  -nan  11   6  17   5 210.25
   12   2018 01 21 11:41:56.216    42116.216  0.3654 31.0505 110.4705   0.00   -inf  -nan   5   6  11   5 113.45
   13   2018 01 21 12:58:56.610    46736.610  0.1982 31.1405 110.0105   2.00   -inf  -nan   4   2   6   2 277.06
   14   2018 01 21 13:07:00.088    47220.088  0.3549 31.1005 110.0105   8.00   -inf  -nan  12  10  22   8 272.43
   15   2018 01 21 16:44:17.163    60257.163  0.1214 30.9305 110.8005   8.00   -inf  -nan   4   4   8   3 149.80
   16   2018 01 21 20:49:55.351    74995.351  0.2847 30.9905 110.7805   0.00   -inf  -nan   8   2  10   2 123.39
   17   2018 01 21 21:27:46.940    77266.940  0.2235 30.9505 110.8005  10.00   -inf  -nan   6   4  10   3 110.17
   18   2018 01 21 23:50:48.159    85848.159  0.2747 30.8505 111.1305   4.00   -inf  -nan  13   7  20   6 210.25
    1   2018 01 22 01:16:56.529     4616.529  0.2264 30.9105 110.7205   2.00   -inf  -nan   4   3   7   3 175.97
    2   2018 01 22 03:22:45.696    12165.696  0.0968 31.1305 110.1905   0.00   -inf  -nan   4   2   6   2 185.83
    3   2018 01 22 04:31:25.673    16285.673  0.1012 30.9405 110.8205   8.00   -inf  -nan   3   2   5   2 209.90
    4   2018 01 22 04:37:38.151    16658.151  0.1625 30.9405 110.7805  12.00   -inf  -nan   5   2   7   2 146.46
    5   2018 01 22 04:47:51.448    17271.448  0.3935 30.9005 110.4205  10.00   -inf  -nan   7  10  17   6 150.38
    6   2018 01 22 04:56:38.944    17798.944  0.3057 31.0305 110.4805   0.00   -inf  -nan   4   2   6   1 152.53
    7   2018 01 22 05:05:05.353    18305.353  0.4572 31.0305 110.4805   0.00   -inf  -nan   7   3  10   2  98.79
    8   2018 01 22 05:17:22.497    19042.497  0.3437 31.0205 110.4405   6.00   -inf  -nan   6   6  12   3  97.11
    9   2018 01 22 05:22:00.893    19320.893  0.2382 30.9405 110.7605   8.00   -inf  -nan   6   6  12   6 144.50
   10   2018 01 22 05:58:48.429    21528.429  0.3284 30.9205 110.3705  12.00   -inf  -nan   3   3   6   1 173.12
   11   2018 01 22 06:44:05.064    24245.064  0.1224 30.7705 111.2505   4.00   -inf  -nan   6   4  10   4 332.07
   12   2018 01 22 06:47:27.270    24447.270  0.1450 30.9405 110.7805  12.00   -inf  -nan   3   3   6   3 210.94
   13   2018 01 22 06:50:30.538    24630.538  0.1289 30.7705 111.2505   4.00   -inf  -nan   6   3   9   3 332.07
   14   2018 01 22 06:54:03.218    24843.218  0.3214 30.9905 110.8005   0.00   -inf  -nan  18   4  22   4  67.62
   15   2018 01 22 07:19:19.134    26359.134  0.4519 31.2805 110.2905  10.00   -inf  -nan   6   2   8   2 257.77
   16   2018 01 22 07:23:10.831    26590.831  0.1426 30.8505 111.1305   6.00   -inf  -nan  12   7  19   7 210.25
   17   2018 01 22 07:34:49.005    27289.005  0.1363 30.8505 111.1305   6.00   -inf  -nan   6   4  10   3 210.75
   18   2018 01 22 09:03:16.179    32596.179  0.3533 31.0005 110.3705   0.00   -inf  -nan  10   7  17   2 118.65
   19   2018 01 22 09:46:41.105    35201.105  0.3719 31.1205 110.0505   0.00   -inf  -nan  13   8  21   7 261.22
   20   2018 01 22 09:58:39.117    35919.117  0.3085 30.6905 110.6705   8.00   -inf  -nan   4   2   6   1 251.00
   21   2018 01 22 10:32:10.503    37930.503  0.1736 30.9305 110.8005  12.00   -inf  -nan   6   5  11   5 147.35
   22   2018 01 22 12:22:31.740    44551.740  0.2239 30.9405 110.7805  14.00   -inf  -nan  11   9  20   9  92.21
   23   2018 01 22 15:13:09.841    54789.841  0.1643 30.9405 110.7805  12.00   -inf  -nan   5   5  10   4  92.21
   24   2018 01 22 16:14:41.865    58481.865  0.4914 31.2105 110.7105   2.00   -inf  -nan   3   2   5   1 255.79
   25   2018 01 22 16:58:20.163    61100.163  0.2677 30.9405 110.7805  12.00   -inf  -nan   6   8  14   5  92.21
   26   2018 01 22 17:01:29.926    61289.926  0.1548 31.0205 110.3205   6.00   -inf  -nan   4   3   7   3 115.89
   27   2018 01 22 19:20:38.037    69638.037  0.4154 31.0605 110.4405   6.00   -inf  -nan   4   5   9   4 113.97
   28   2018 01 22 20:17:13.202    73033.202  0.1899 30.9405 110.7805  12.00   -inf  -nan   8   7  15   7  92.21
   29   2018 01 22 22:06:07.459    79567.459  0.3682 31.0305 110.4405  12.00   -inf  -nan   6   4  10   4  92.86
   30   2018 01 22 23:03:47.470    83027.470  0.2610 31.0905 110.1105   0.00   -inf  -nan   7   4  11   4 230.20
    1   2018 01 23 01:41:21.101     6081.101  0.3007 30.9405 110.7805  16.00   -inf  -nan   9   9  18   8  92.21
    2   2018 01 23 01:41:46.147     6106.147  0.2749 30.9405 110.7405  14.00   -inf  -nan   4   2   6   1 109.97
    3   2018 01 23 01:48:20.979     6500.979  0.4248 31.2605 110.0105   0.00   -inf  -nan   4   2   6   2 305.26
    4   2018 01 23 02:37:24.650     9444.650  0.3211 31.0505 110.4605   0.00   -inf  -nan   3   4   7   2 111.60
    5   2018 01 23 02:45:46.399     9946.399  0.3221 31.0505 110.4305   8.00   -inf  -nan  11   8  19   8  98.75
    6   2018 01 23 03:17:47.980    11867.980  0.3187 30.7705 111.2805   4.00   -inf  -nan   7   3  10   2 295.26
    7   2018 01 23 04:11:14.910    15074.910  0.1504 30.9405 110.7605  10.00   -inf  -nan   5   4   9   4 110.97
    8   2018 01 23 04:18:46.935    15526.935  0.2646 30.9405 110.7805  10.00   -inf  -nan   8   7  15   6  92.21
    9   2018 01 23 04:21:38.942    15698.942  0.2491 30.9405 110.7605  12.00   -inf  -nan  16  13  29  13  77.93
   10   2018 01 23 04:40:32.422    16832.422  0.3877 30.6305 110.9805  12.00   -inf  -nan   3   2   5   2 307.15
   11   2018 01 23 06:06:20.623    21980.623  0.2601 30.9405 110.7805  10.00   -inf  -nan   8   9  17   8  92.21
   12   2018 01 23 06:08:27.836    22107.836  0.3026 30.7705 111.2005   0.00   -inf  -nan   3   2   5   1 272.42
   13   2018 01 23 06:16:10.253    22570.253  0.1833 30.8505 110.7305   6.00   -inf  -nan   3   2   5   1 170.55
   14   2018 01 23 06:34:47.391    23687.391  0.1596 30.8505 111.1305   6.00   -inf  -nan  10   5  15   5 210.75
   15   2018 01 23 06:57:22.695    25042.695  0.3019 31.1005 110.1005   4.00   -inf  -nan   7   4  11   4 275.25
   16   2018 01 23 07:17:34.862    26254.862  0.2372 30.7405 110.8505  10.00   -inf  -nan   7   3  10   3 190.10
   17   2018 01 23 08:08:49.523    29329.523  0.2259 30.9405 110.7605  10.00   -inf  -nan  11  11  22  10  77.93
   18   2018 01 23 08:29:38.700    30578.700  0.4752 30.9405 111.1705  20.00   -inf  -nan   9   2  11   1 289.04
   19   2018 01 23 09:04:08.690    32648.690  0.2776 30.7405 110.8905   8.00   -inf  -nan   5   3   8   3 199.16
   20   2018 01 23 09:21:09.394    33669.394  0.0898 30.8905 110.7605  14.00   -inf  -nan   4   3   7   2 182.23
   21   2018 01 23 09:51:52.495    35512.495  0.4221 30.9505 110.7805  16.00   -inf  -nan  18  14  32  13  59.08
   22   2018 01 23 09:52:30.562    35550.562  0.2650 30.9105 110.7405  10.00   -inf  -nan   5   5  10   5 134.43
   23   2018 01 23 09:57:06.583    35826.583  0.2032 30.9005 110.7605   0.00   -inf  -nan   4   4   8   3 123.70
   24   2018 01 23 10:04:47.124    36287.124  0.3688 30.9405 110.7805  12.00   -inf  -nan   7   7  14   7 110.23
   25   2018 01 23 10:06:50.682    36410.682  0.2227 30.9405 110.7605  10.00   -inf  -nan  11  10  21  10  77.93
   26   2018 01 23 11:05:20.931    39920.931  0.3436 30.9405 110.7605   8.00   -inf  -nan  15  13  28  12  64.29
   27   2018 01 23 11:18:24.834    40704.834  0.1699 30.9405 110.7605  10.00   -inf  -nan   8   8  16   8 110.97
   28   2018 01 23 11:35:50.479    41750.479  0.1282 31.1305 110.0305   0.00   -inf  -nan   3   3   6   3 324.85
   29   2018 01 23 11:41:11.988    42071.988  0.3180 31.0605 110.2105   6.00   -inf  -nan   7   5  12   5 165.91
   30   2018 01 23 12:04:59.898    43499.898  0.2318 30.9405 110.7405  12.00   -inf  -nan   5   3   8   3 114.46
   31   2018 01 23 13:22:04.494    48124.494  0.1432 30.8505 110.7605  10.00   -inf  -nan   4   3   7   3 179.67
   32   2018 01 23 13:50:14.033    49814.033  0.4928 30.9405 110.7405  12.00   -inf  -nan  15  14  29  13  64.82
   33   2018 01 23 13:51:18.410    49878.410  0.2636 30.9405 110.7805  10.00   -inf  -nan   4   4   8   2 165.87
   34   2018 01 23 14:06:38.762    50798.762  0.2333 30.9405 110.7805  12.00   -inf  -nan  14  12  26  12  92.21
   35   2018 01 23 14:47:07.721    53227.721  0.0971 30.9405 110.7605  12.00   -inf  -nan   4   2   6   1 124.19
   36   2018 01 23 15:09:59.882    54599.882  0.2132 30.9405 110.7605  10.00   -inf  -nan  10   9  19   9  89.30
   37   2018 01 23 17:13:22.440    62002.440  0.2430 30.9405 110.7605  10.00   -inf  -nan   8   6  14   5  98.37
   38   2018 01 23 18:23:44.781    66224.781  0.3182 30.8105 110.7605   8.00   -inf  -nan   4   3   7   3 208.88
   39   2018 01 23 20:15:33.841    72933.841  0.1834 30.9005 110.7805   6.00   -inf  -nan   3   3   6   2 227.21
   40   2018 01 23 20:40:47.325    74447.325  0.2786 31.1705 110.2205   8.00   -inf  -nan   8   4  12   4 159.84
   41   2018 01 23 22:10:52.095    79852.095  0.2525 30.9405 110.7605  10.00   -inf  -nan  15  14  29  14  64.29
    1   2018 01 24 00:37:55.708     2275.708  0.2934 30.8505 110.7605  10.00   -inf  -nan  11  11  22  11  93.56
    2   2018 01 24 01:17:21.319     4641.319  0.1899 30.8505 111.1605   2.00   -inf  -nan   6   2   8   2 310.76
    3   2018 01 24 01:58:08.335     7088.335  0.1983 30.8505 111.1605   4.00   -inf  -nan  11   5  16   5 289.68
    4   2018 01 24 02:01:46.987     7306.987  0.3034 30.9405 110.7505  10.00   -inf  -nan  12  11  23  10  68.13
    5   2018 01 24 02:03:53.202     7433.202  0.1502 30.9405 110.7605  10.00   -inf  -nan   9   7  16   7  89.30
    6   2018 01 24 02:35:49.754     9349.754  0.1759 30.9405 110.7805  12.00   -inf  -nan   6   7  13   6  92.21
    7   2018 01 24 02:58:08.697    10688.697  0.1488 30.9405 110.7805  12.00   -inf  -nan   3   3   6   3 165.87
    8   2018 01 24 03:52:38.523    13958.523  0.3216 30.9405 110.7505  10.00   -inf  -nan  11  10  21  10  92.19
    9   2018 01 24 05:29:55.117    19795.117  0.1637 30.9405 110.7805  12.00   -inf  -nan   8   8  16   8  92.21
   10   2018 01 24 05:30:11.263    19811.263  0.1878 30.9005 110.7605  12.00   -inf  -nan   4   3   7   3 194.56
   11   2018 01 24 05:31:40.764    19900.764  0.3581 30.9405 110.7605  14.00   -inf  -nan   5   6  11   5 115.71
   12   2018 01 24 05:54:41.387    21281.387  0.3916 30.8505 110.7605  10.00   -inf  -nan  13  16  29  13  90.45
   13   2018 01 24 05:55:17.964    21317.964  0.1965 30.9405 110.7805  12.00   -inf  -nan   5   6  11   5 146.46
   14   2018 01 24 08:10:51.562    29451.562  0.3657 31.0005 109.9705   8.00   -inf  -nan  14   8  22   7 288.12
   15   2018 01 24 08:40:51.890    31251.890  0.3762 30.8905 111.1205   4.00   -inf  -nan   9   8  17   6 175.98
   16   2018 01 24 09:08:48.426    32928.426  0.3862 30.8205 110.7805   2.00   -inf  -nan   5   2   7   1 167.84
   17   2018 01 24 13:10:38.282    47438.282  0.1561 30.9405 110.7405  12.00   -inf  -nan   3   2   5   2 127.75
   18   2018 01 24 15:37:13.552    56233.552  0.2364 30.8505 110.7605  10.00   -inf  -nan   4   4   8   3 179.67
   19   2018 01 24 17:59:10.350    64750.350  0.2883 31.0305 110.4405   8.00   -inf  -nan   4   5   9   4 134.10
   20   2018 01 24 18:04:28.042    65068.042  0.2416 30.8505 110.7605  10.00   -inf  -nan   7   7  14   7 179.67
   21   2018 01 24 18:43:04.805    67384.805  0.2945 30.9405 110.7805  12.00   -inf  -nan  14  13  27  13  92.21
   22   2018 01 24 18:55:19.835    68119.835  0.2520 31.0505 110.4505   8.00   -inf  -nan  15   9  24   6 106.33
   23   2018 01 24 19:16:25.330    69385.330  0.2394 30.9405 110.7805  12.00   -inf  -nan   9   9  18   8  92.21
   24   2018 01 24 19:41:57.510    70917.510  0.0909 31.0105 110.4305   2.00   -inf  -nan   3   4   7   3 172.96
   25   2018 01 24 19:53:18.646    71598.646  0.1599 30.8105 110.7605   8.00   -inf  -nan   3   2   5   2 246.97
   26   2018 01 24 20:43:02.924    74582.924  0.2735 30.8505 110.7605  12.00   -inf  -nan   6   6  12   5 108.26
   27   2018 01 24 22:30:41.092    81041.092  0.1246 30.8505 110.7605  10.00   -inf  -nan   3   3   6   3 325.06
   28   2018 01 24 22:45:09.759    81909.759  0.1986 31.0505 110.4605   0.00   -inf  -nan   5   3   8   2 157.85
   29   2018 01 24 23:38:46.088    85126.088  0.3294 31.0205 110.4405   4.00   -inf  -nan   5   6  11   5 150.27
    1   2018 01 25 00:09:09.611      549.611  0.1930 30.9405 110.7805  12.00   -inf  -nan   6   4  10   4 149.06
    2   2018 01 25 00:52:32.942     3152.942  0.3331 30.9405 110.7805  12.00   -inf  -nan  18  17  35  17  72.97
    3   2018 01 25 01:52:54.236     6774.236  0.3393 30.8605 110.7905  14.00   -inf  -nan  16  16  32  16  80.04
    4   2018 01 25 05:56:04.297    21364.297  0.0801 30.8505 110.7605   6.00   -inf  -nan   3   2   5   2 325.06
    5   2018 01 25 06:21:43.978    22903.978  0.2521 30.8105 111.2405   8.00   -inf  -nan  10   4  14   4 273.09
    6   2018 01 25 06:35:05.833    23705.833  0.3435 31.0505 110.4505   8.00   -inf  -nan  13  15  28  12 106.33
    7   2018 01 25 07:31:45.780    27105.780  0.3930 30.8105 111.1605   6.00   -inf  -nan  11   8  19   7 238.50
    8   2018 01 25 09:41:45.697    34905.697  0.2186 30.8605 111.1305   2.00   -inf  -nan   7   5  12   5 204.21
    9   2018 01 25 09:56:28.105    35788.105  0.2142 30.9605 109.9705  10.00   -inf  -nan   5   3   8   2 295.22
   10   2018 01 25 14:53:55.073    53635.073  0.1979 30.9305 110.8005  12.00   -inf  -nan   3   2   5   1 189.94
   11   2018 01 25 15:12:12.892    54732.892  0.1253 30.8505 110.7605  10.00   -inf  -nan   3   3   6   3 325.06
   12   2018 01 25 15:15:42.256    54942.256  0.2845 30.8905 110.8005   8.00   -inf  -nan   5   5  10   5 150.33
   13   2018 01 25 17:26:55.034    62815.034  0.1939 30.7805 110.7705  10.00   -inf  -nan   3   6   9   3 110.23
   14   2018 01 25 18:19:47.992    65987.992  0.3846 31.0205 110.4405   6.00   -inf  -nan  13  13  26  10  87.12
    1   2018 01 26 00:50:48.636     3048.636  0.1452 30.9305 110.8005  10.00   -inf  -nan   3   3   6   1 149.80
    2   2018 01 26 03:54:51.582    14091.582  0.3571 31.0505 110.4305  10.00   -inf  -nan  16  14  30  13  98.75
    3   2018 01 26 03:59:49.811    14389.811  0.2129 30.9305 110.7605  10.00   -inf  -nan   6   7  13   5 106.14
    4   2018 01 26 04:54:48.118    17688.118  0.2311 30.9405 110.7805  12.00   -inf  -nan   6   7  13   6  92.21
    5   2018 01 26 05:28:17.359    19697.359  0.4110 31.0205 110.4405   6.00   -inf  -nan   9   9  18   6  87.12
    6   2018 01 26 05:55:33.561    21333.561  0.3206 30.8505 110.7605  10.00   -inf  -nan   7   8  15   7 164.97
    7   2018 01 26 06:21:02.709    22862.709  0.2020 30.8505 110.7605  10.00   -inf  -nan   5   5  10   4 164.97
    8   2018 01 26 06:22:04.794    22924.794  0.2047 30.8605 111.1305   6.00   -inf  -nan   6   5  11   5 204.21
    9   2018 01 26 07:20:02.925    26402.925  0.2613 30.8505 111.1205   4.00   -inf  -nan  11   6  17   5 205.95
   10   2018 01 26 08:03:51.713    29031.713  0.2842 31.1705 110.3005   0.00   -inf  -nan   5   2   7   1 298.46
   11   2018 01 26 08:09:59.741    29399.741  0.3247 31.1305 110.3805   0.00   -inf  -nan   9   2  11   1 143.83
   12   2018 01 26 08:15:13.188    29713.188  0.3367 31.1805 110.2805   0.00   -inf  -nan   6   4  10   2 301.67
   13   2018 01 26 08:23:08.239    30188.239  0.2013 31.2105 110.3405   0.00   -inf  -nan   8   2  10   2 255.57
   14   2018 01 26 08:31:38.081    30698.081  0.3538 31.1705 110.3505   0.00   -inf  -nan  12   6  18   6 159.49
   15   2018 01 26 10:01:17.654    36077.654  0.1403 30.8905 110.7605  10.00   -inf  -nan   3   2   5   2 319.77
   16   2018 01 26 11:41:12.764    42072.764  0.1655 30.9305 110.8005  12.00   -inf  -nan   4   3   7   2 224.58
   17   2018 01 26 12:48:33.481    46113.481  0.3588 30.8505 110.7605  10.00   -inf  -nan  15  15  30  13 161.85
   18   2018 01 26 13:09:44.652    47384.652  0.4055 31.0505 110.4605   2.00   -inf  -nan   7   6  13   6 111.60
   19   2018 01 26 13:56:54.882    50214.882  0.2037 30.9405 110.7805  12.00   -inf  -nan   5   6  11   5 118.14
   20   2018 01 26 15:05:55.041    54355.041  0.1337 31.0605 110.4405   4.00   -inf  -nan   3   3   6   3 256.49
   21   2018 01 26 16:43:15.223    60195.223  0.2326 31.0505 110.4305   6.00   -inf  -nan   5   5  10   5 213.27
   22   2018 01 26 17:32:38.801    63158.801  0.2557 30.9405 110.7805  12.00   -inf  -nan   9  10  19   9  92.21
   23   2018 01 26 17:50:39.445    64239.445  0.4577 31.2405 110.9405  10.00   -inf  -nan   7   7  14   5 259.85
   24   2018 01 26 18:03:58.981    65038.981  0.2227 31.0205 110.4405   6.00   -inf  -nan  14   7  21   7 106.63
   25   2018 01 26 18:09:19.701    65359.701  0.1818 30.9305 110.8005  10.00   -inf  -nan   6   7  13   6 108.65
   26   2018 01 26 18:18:52.840    65932.840  0.2729 31.1305 110.2305   6.00   -inf  -nan   5   3   8   2 154.97
   27   2018 01 26 18:48:01.798    67681.798  0.2751 30.9405 110.7805  10.00   -inf  -nan  10  11  21  10  92.21
   28   2018 01 26 18:49:52.703    67792.703  0.1613 30.9305 110.8005  10.00   -inf  -nan   5   6  11   4  91.38
   29   2018 01 26 20:06:09.027    72369.027  0.2210 30.9405 110.7805  10.00   -inf  -nan   6   9  15   6  92.21
   30   2018 01 26 21:32:36.220    77556.220  0.1889 30.9305 110.8005  10.00   -inf  -nan   6   8  14   6  91.38
   31   2018 01 26 21:36:06.279    77766.279  0.3654 31.2105 110.3405   0.00   -inf  -nan   3   2   5   1 314.41
   32   2018 01 26 22:39:41.201    81581.201  0.1116 30.7705 110.7605   8.00   -inf  -nan   3   3   6   3 296.90
    1   2018 01 27 00:27:34.307     1654.307  0.1362 30.8505 110.7605   8.00   -inf  -nan   3   3   6   3 325.06
    2   2018 01 27 00:37:48.691     2268.691  0.3536 30.9305 110.7605   6.00   -inf  -nan   9  11  20   9 106.14
    3   2018 01 27 01:25:50.406     5150.406  0.1235 30.9405 110.7805   8.00   -inf  -nan   6   5  11   4  92.21
    4   2018 01 27 02:57:53.468    10673.468  0.1823 31.0305 110.4405   6.00   -inf  -nan   5   5  10   4 116.96
    5   2018 01 27 03:00:25.803    10825.803  0.2207 31.0305 110.4405   6.00   -inf  -nan   4   4   8   3 149.14
    6   2018 01 27 04:41:15.398    16875.398  0.4791 31.0505 110.4505  16.00   -inf  -nan   4   5   9   3 109.19
    7   2018 01 27 05:31:34.412    19894.412  0.1191 30.8505 110.7605  10.00   -inf  -nan   3   3   6   3 325.06
    8   2018 01 27 05:35:52.790    20152.790  0.4431 31.0605 110.4405   2.00   -inf  -nan   4   5   9   3 170.49
    9   2018 01 27 05:38:31.526    20311.526  0.3449 30.8505 111.1605   6.00   -inf  -nan  11   4  15   3 227.22
   10   2018 01 27 08:16:23.304    29783.304  0.3107 31.0305 110.4405   6.00   -inf  -nan   3   5   8   3 149.14
   11   2018 01 27 08:45:03.786    31503.786  0.1816 30.9305 110.8005   8.00   -inf  -nan   4   4   8   3 171.71
   12   2018 01 27 10:30:59.544    37859.544  0.2482 30.9305 110.8005  14.00   -inf  -nan   4   4   8   3 140.90
   13   2018 01 27 13:20:08.660    48008.660  0.1243 30.8505 110.7605   8.00   -inf  -nan   3   3   6   3 325.06
   14   2018 01 27 15:10:50.984    54650.984  0.1276 31.0405 110.1705   8.00   -inf  -nan   4   2   6   2 259.30
   15   2018 01 27 20:26:00.693    73560.693  0.2404 31.0305 110.4405   6.00   -inf  -nan   5   5  10   4 116.96
   16   2018 01 27 22:58:13.488    82693.488  0.1274 31.2505 110.3705  16.00   -inf  -nan   3   3   6   1 320.11
    1   2018 01 28 02:25:30.190     8730.190  0.2395 30.9005 110.7505   0.00   -inf  -nan  10   6  16   6 130.03
    2   2018 01 28 04:57:12.202    17832.202  0.3316 30.8605 111.1305   0.00   -inf  -nan  10   7  17   6 204.21
    3   2018 01 28 05:18:55.217    19135.217  0.2777 30.8105 111.1605   6.00   -inf  -nan  10   4  14   3 245.30
    4   2018 01 28 05:43:36.101    20616.101  0.2115 30.8105 110.7605  10.00   -inf  -nan   4   5   9   4 220.51
    5   2018 01 28 09:42:21.407    34941.407  0.2814 31.0005 109.9705   8.00   -inf  -nan  11   7  18   7 288.12
    6   2018 01 28 10:10:47.239    36647.239  0.2360 30.9605 109.9705  10.00   -inf  -nan   7   5  12   5 295.22
    7   2018 01 28 10:57:53.535    39473.535  0.2585 31.0305 110.4405   6.00   -inf  -nan   6   6  12   4 116.96
    8   2018 01 28 18:05:00.457    65100.457  0.4330 31.0505 110.0305   8.00   -inf  -nan   3   2   5   2 264.99
    9   2018 01 28 21:24:43.626    77083.626  0.2980 31.1005 110.2105   0.00   -inf  -nan   9   8  17   8 168.87
   10   2018 01 28 22:14:31.068    80071.068  0.1342 31.0905 110.3905   2.00   -inf  -nan   3   2   5   1 252.25
   11   2018 01 28 22:47:47.135    82067.135  0.3512 31.2405 110.9405   4.00   -inf  -nan  16   9  25   9 236.40
    1   2018 01 29 01:23:56.156     5036.156  0.2693 30.8505 111.1205   0.00   -inf  -nan  12   8  20   7 205.95
    2   2018 01 29 02:03:25.162     7405.162  0.1656 30.8605 111.1305   4.00   -inf  -nan   8   4  12   4 204.21
    3   2018 01 29 06:28:55.442    23335.442  0.1495 30.8505 111.1205   6.00   -inf  -nan   3   2   5   2 205.95
    4   2018 01 29 06:54:15.663    24855.663  0.1556 30.9005 111.1905   2.00   -inf  -nan   3   2   5   2 250.77
    5   2018 01 29 09:04:06.274    32646.274  0.2150 30.8505 110.8005   8.00   -inf  -nan   4   4   8   4 216.34
    6   2018 01 29 09:48:09.987    35289.987  0.1810 30.8605 110.7705  10.00   -inf  -nan   3   4   7   2 277.48
    7   2018 01 29 10:15:33.889    36933.889  0.2886 30.8505 111.1205   0.00   -inf  -nan  11   5  16   5 205.95
    8   2018 01 29 12:56:07.624    46567.624  0.3434 31.1705 110.3405   0.00   -inf  -nan   5   3   8   2 233.46
    9   2018 01 29 13:03:30.921    47010.921  0.3010 31.0505 110.4305   8.00   -inf  -nan   8   7  15   7 102.66
   10   2018 01 29 14:24:16.841    51856.841  0.2206 31.0505 110.3105  18.00   -inf  -nan   3   2   5   2 249.86
   11   2018 01 29 16:54:33.239    60873.239  0.2421 31.1705 110.3405   2.00   -inf  -nan   5   2   7   2 252.38
   12   2018 01 29 17:28:45.145    62925.145  0.2537 30.9305 110.7605   0.00   -inf  -nan  11   9  20   9 106.14
   13   2018 01 29 20:33:43.826    74023.826  0.2306 30.8505 110.4505   0.00   -inf  -nan   6   5  11   4 243.18
    1   2018 01 30 00:23:56.671     1436.671  0.2791 30.8105 110.6805  10.00   -inf  -nan   5   4   9   2 185.90
    2   2018 01 30 00:35:38.480     2138.480  0.2384 30.8505 111.1205   0.00   -inf  -nan   9   5  14   5 205.95
    3   2018 01 30 04:53:46.198    17626.198  0.3310 31.1305 110.3005   0.00   -inf  -nan   9  12  21   8 127.05
    4   2018 01 30 05:03:45.688    18225.688  0.4082 31.1805 110.1305  20.00   -inf  -nan   3   3   6   1 285.23
    5   2018 01 30 05:36:23.157    20183.157  0.3151 31.0205 110.4505   0.00   -inf  -nan   9   2  11   2 106.08
    6   2018 01 30 09:14:43.531    33283.531  0.3119 30.8505 111.1605  10.00   -inf  -nan   9   6  15   6 225.53
    1   2018 01 31 01:04:56.914     3896.914  0.2626 30.8505 111.1205   0.00   -inf  -nan  14   6  20   6 205.95
    2   2018 01 31 02:52:25.760    10345.760  0.2703 31.0105 110.4905   0.00   -inf  -nan   7   3  10   2  85.71
    3   2018 01 31 03:56:41.040    14201.040  0.4861 30.9805 111.2305  20.00   -inf  -nan   3   2   5   1 279.34
    4   2018 01 31 04:11:06.023    15066.023  0.2897 31.2505 110.3505   4.00   -inf  -nan   5   8  13   3 263.13
    5   2018 01 31 04:36:44.919    16604.919  0.4303 31.0605 110.4405   0.00   -inf  -nan   7   3  10   1 198.28
    6   2018 01 31 05:32:33.856    19953.856  0.4045 30.9005 110.7505  10.00   -inf  -nan  12   7  19   6  89.36
    7   2018 01 31 07:53:15.784    28395.784  0.2389 30.9505 110.6005  14.00   -inf  -nan   3   2   5   1 215.62
    8   2018 01 31 08:09:46.477    29386.477  0.3083 31.2105 110.9205  10.00   -inf  -nan  15   9  24   9 228.74
    9   2018 01 31 09:26:19.009    33979.009  0.4129 31.2405 110.9405   6.00   -inf  -nan  15  15  30  14 236.40
   10   2018 01 31 10:32:12.051    37932.051  0.3068 30.7305 110.7305   6.00   -inf  -nan   3   2   5   1 200.80
   11   2018 01 31 12:31:07.203    45067.203  0.1443 31.1305 110.3805   4.00   -inf  -nan   3   2   5   1 224.62
   12   2018 01 31 16:16:04.175    58564.175  0.2788 30.9405 110.7605  10.00   -inf  -nan  11  11  22   9  83.89
   13   2018 01 31 17:14:58.899    62098.899  0.1709 30.9505 110.7805  10.00   -inf  -nan   4   2   6   1 141.27
   14   2018 01 31 19:36:43.462    70603.462  0.4737 31.0205 110.4405   6.00   -inf  -nan   7   8  15   5 107.52
    1   2018 02 01 02:35:56.395     9356.395  0.1675 30.8505 110.8005   6.00   -inf  -nan   4   3   7   3 216.34
    2   2018 02 01 02:39:39.311     9579.311  0.4232 30.8505 111.1605  12.00   -inf  -nan   7   6  13   5 225.53
    3   2018 02 01 05:41:05.187    20465.187  0.3815 31.1405 110.3605   4.00   -inf  -nan   8   3  11   2 157.64
    4   2018 02 01 06:55:29.289    24929.289  0.2740 31.0505 110.2305  14.00   -inf  -nan   4   3   7   3 133.33
    5   2018 02 01 09:27:50.772    34070.772  0.1813 30.8505 111.1205   0.00   -inf  -nan  10   6  16   6 205.95
    6   2018 02 01 18:27:30.629    66450.629  0.2478 30.7905 110.7805  10.00   -inf  -nan  12  11  23  10 108.79
    7   2018 02 01 20:18:37.445    73117.445  0.2617 31.0305 110.4405   4.00   -inf  -nan   8   8  16   6 116.96
    8   2018 02 01 20:20:23.300    73223.300  0.3410 31.0505 110.4505  10.00   -inf  -nan  12  12  24  10 109.19
    9   2018 02 01 22:15:40.418    80140.418  0.2864 31.0505 110.4505   6.00   -inf  -nan   6   6  12   6 109.19
   10   2018 02 01 22:37:43.554    81463.554  0.1964 30.7905 110.7405  10.00   -inf  -nan   4   4   8   4 220.51
   11   2018 02 01 23:31:21.401    84681.401  0.3830 31.0905 110.1905   2.00   -inf  -nan   9  10  19   9 181.48
   12   2018 02 01 23:49:49.449    85789.449  0.2792 30.7905 110.7805  10.00   -inf  -nan  13  13  26  12 108.79
    1   2018 02 02 00:15:21.496      921.496  0.3999 31.0505 110.2305   4.00   -inf  -nan   7   7  14   6 133.33
    2   2018 02 02 00:16:43.450     1003.450  0.1976 30.8505 111.1305   4.00   -inf  -nan  10   5  15   5 210.25
    3   2018 02 02 01:31:49.024     5509.024  0.3521 31.0205 110.4405   6.00   -inf  -nan   5   5  10   5 166.62
    4   2018 02 02 03:12:22.003    11542.003  0.3849 31.1305 110.0305   2.00   -inf  -nan   6   5  11   5 299.86
    5   2018 02 02 04:16:27.390    15387.390  0.4907 30.6205 110.6105   2.00   -inf  -nan   5  10  15   5 246.97
    6   2018 02 02 04:49:35.987    17375.987  0.2247 30.9305 111.1605   4.00   -inf  -nan   3   2   5   1 147.77
    7   2018 02 02 04:54:27.228    17667.228  0.1595 30.8505 111.1305   4.00   -inf  -nan   8   7  15   7 210.25
    8   2018 02 02 05:19:54.937    19194.937  0.2462 31.0105 110.4605   0.00   -inf  -nan   3   2   5   1 183.04
    9   2018 02 02 05:29:39.375    19779.375  0.3134 31.0105 110.4605   0.00   -inf  -nan  14   2  16   2  93.04
   10   2018 02 02 05:44:01.481    20641.481  0.2706 31.2605 110.9505   6.00   -inf  -nan   3   2   5   1 271.54
   11   2018 02 02 06:00:19.248    21619.248  0.1777 30.8505 111.1305   6.00   -inf  -nan   8   4  12   4 210.25
   12   2018 02 02 07:28:18.640    26898.640  0.2299 30.8905 111.0405   4.00   -inf  -nan   8   3  11   3  98.74
   13   2018 02 02 07:56:08.333    28568.333  0.3801 30.9805 110.0105   4.00   -inf  -nan  14   7  21   6 281.89
   14   2018 02 02 08:09:16.576    29356.576  0.3456 30.9005 110.7505  10.00   -inf  -nan   7   6  13   5 121.85
   15   2018 02 02 08:29:53.804    30593.804  0.2729 31.3005 110.3205   0.00   -inf  -nan   6   6  12   2 244.45
   16   2018 02 02 08:56:03.387    32163.387  0.2707 30.9805 110.0105   0.00   -inf  -nan  14   7  21   6 281.89
   17   2018 02 02 09:20:08.876    33608.876  0.1755 30.8505 111.1305   4.00   -inf  -nan  10   7  17   7 210.25
   18   2018 02 02 14:26:54.010    52014.010  0.1359 31.0205 110.3205   6.00   -inf  -nan   5   4   9   4 159.72
   19   2018 02 02 14:32:35.667    52355.667  0.2342 31.0505 110.4505  10.00   -inf  -nan   5   5  10   5 109.19
   20   2018 02 02 14:32:41.161    52361.161  0.2894 31.1005 110.3405   4.00   -inf  -nan   3   2   5   1 227.40
    1   2018 02 03 02:04:10.520     7450.520  0.2576 30.8505 111.1605   8.00   -inf  -nan   6   4  10   4 227.22
    2   2018 02 03 03:18:24.486    11904.486  0.3596 31.0505 110.1505   4.00   -inf  -nan   3   4   7   2 204.15
    3   2018 02 03 05:39:45.443    20385.443  0.2305 30.8505 111.1205   0.00   -inf  -nan   5   4   9   3 205.96
    4   2018 02 03 06:09:06.183    22146.183  0.3664 30.9705 110.8005   0.00   -inf  -nan  13   4  17   4  72.86
    5   2018 02 03 06:54:45.937    24885.937  0.4255 31.0205 110.4405   6.00   -inf  -nan   8   9  17   7 107.52
    6   2018 02 03 08:00:03.550    28803.550  0.3444 31.2605 110.3305   0.00   -inf  -nan   8   2  10   2 222.18
    7   2018 02 03 11:31:17.524    41477.524  0.1813 31.1305 110.3805   4.00   -inf  -nan   3   2   5   1 242.01
    8   2018 02 03 13:57:03.977    50223.977  0.4271 31.0605 110.4405  16.00   -inf  -nan   6   5  11   4 113.97
    9   2018 02 03 15:13:59.225    54839.225  0.3028 30.7905 110.7805   6.00   -inf  -nan   5   6  11   5 146.07
    1   2018 02 04 00:49:49.475     2989.475  0.3093 31.0805 110.1705   0.00   -inf  -nan   4   4   8   4 193.55
    2   2018 02 04 01:44:09.034     6249.034  0.2151 30.8505 111.1305   4.00   -inf  -nan   9   5  14   5 210.25
    3   2018 02 04 01:46:01.567     6361.567  0.1543 30.8505 111.1305   4.00   -inf  -nan   9   6  15   6 210.25
    4   2018 02 04 02:47:36.621    10056.621  0.1352 30.8905 111.0405   2.00   -inf  -nan   7   5  12   5  98.74
    5   2018 02 04 03:17:46.567    11866.567  0.4091 31.0205 110.4405   6.00   -inf  -nan   6   6  12   5 150.27
    6   2018 02 04 06:12:49.334    22369.334  0.4481 31.1305 110.1105   4.00   -inf  -nan  10   7  17   5 280.91
    7   2018 02 04 06:37:50.543    23870.543  0.1169 30.8905 111.0405   4.00   -inf  -nan   6   3   9   3  98.74
    8   2018 02 04 07:00:29.603    25229.603  0.2311 30.7805 111.2505   2.00   -inf  -nan   8   2  10   2 286.07
    9   2018 02 04 08:47:17.526    31637.526  0.1088 30.8505 111.1305   6.00   -inf  -nan   6   6  12   4 210.25
   10   2018 02 04 10:24:13.169    37453.169  0.3123 31.0805 110.1705   6.00   -inf  -nan  11   8  19   7 193.55
   11   2018 02 04 16:45:16.602    60316.602  0.3267 30.9405 110.7805  12.00   -inf  -nan  14  13  27  12  92.21
   12   2018 02 04 16:48:20.978    60500.978  0.3625 30.9405 110.7505  12.00   -inf  -nan   9   8  17   8 129.91
   13   2018 02 04 17:52:38.127    64358.127  0.3037 31.0205 110.4405   4.00   -inf  -nan   5   5  10   4 123.87
   14   2018 02 04 18:12:05.301    65525.301  0.1932 30.9405 110.7805   8.00   -inf  -nan   3   3   6   3 194.13
   15   2018 02 04 18:24:28.871    66268.871  0.1964 30.9505 110.8405   4.00   -inf  -nan   9   7  16   7  97.94
    1   2018 02 05 01:25:13.258     5113.258  0.1773 30.8505 111.1305   6.00   -inf  -nan   7   5  12   5 210.75
    2   2018 02 05 02:58:27.666    10707.666  0.3342 31.0605 110.4805   0.00   -inf  -nan   3   4   7   3 175.68
    3   2018 02 05 04:20:14.361    15614.361  0.3997 30.9705 110.3705   6.00   -inf  -nan  10   6  16   5  91.40
    4   2018 02 05 04:40:16.322    16816.322  0.2335 31.1005 110.5005  12.00   -inf  -nan   3   3   6   1 184.87
    5   2018 02 05 04:45:12.013    17112.013  0.1328 30.8505 111.1305   6.00   -inf  -nan   7   6  13   5 210.25
    6   2018 02 05 06:46:49.815    24409.815  0.3887 30.9805 110.8605   2.00   -inf  -nan  16   9  25   8  65.26
    7   2018 02 05 06:54:57.290    24897.290  0.2106 30.9405 110.8605   8.00   -inf  -nan   5   4   9   3 102.05
    8   2018 02 05 08:16:49.028    29809.028  0.3545 30.9405 110.7805  12.00   -inf  -nan  17  16  33  16  79.00
    9   2018 02 05 08:32:38.120    30758.120  0.4945 31.0305 110.2005  10.00   -inf  -nan   5   4   9   3 219.13
   10   2018 02 05 10:47:43.972    38863.972  0.2907 31.2205 110.9505   8.00   -inf  -nan   8   8  16   6 249.16
   11   2018 02 05 12:52:45.701    46365.701  0.2293 30.9305 110.7605  10.00   -inf  -nan   7   6  13   5 136.17
   12   2018 02 05 12:56:40.184    46600.184  0.1974 30.9305 110.7605  10.00   -inf  -nan   8   8  16   7 106.14
   13   2018 02 05 14:21:39.996    51699.996  0.1786 31.1705 110.3405   0.00   -inf  -nan   5   2   7   2 252.38
   14   2018 02 05 14:21:56.309    51716.309  0.2704 31.0205 110.4405   6.00   -inf  -nan   3   4   7   3 128.00
   15   2018 02 05 14:22:51.487    51771.487  0.2246 30.9405 110.7605  10.00   -inf  -nan  12  12  24  11  77.94
   16   2018 02 05 14:53:57.265    53637.265  0.3642 30.9405 110.7805  12.00   -inf  -nan  13   8  21   6  92.21
   17   2018 02 05 17:20:47.594    62447.594  0.1926 31.1305 110.0605   2.00   -inf  -nan   3   2   5   2 294.29
   18   2018 02 05 17:55:44.178    64544.178  0.3360 31.1305 110.2705   0.00   -inf  -nan   4   6  10   3 126.42
   19   2018 02 05 18:22:23.542    66143.542  0.3060 30.9405 110.7605  10.00   -inf  -nan  16  16  32  15 101.66
   20   2018 02 05 20:38:16.253    74296.253  0.3530 31.0205 110.4405   4.00   -inf  -nan   7   8  15   7 123.87
   21   2018 02 05 22:30:53.147    81053.147  0.3713 31.2505 110.9605   8.00   -inf  -nan  19  15  34  15 240.22
    1   2018 02 09 01:04:12.509     3852.509  0.2383 31.1805 110.2105   4.00   -inf  -nan   8   5  13   4 171.77
    2   2018 02 09 01:19:45.727     4785.727  0.4172 31.0505 110.1905   4.00   -inf  -nan   6   6  12   4 177.95
    3   2018 02 09 05:17:12.450    19032.450  0.3360 30.9705 110.9305   0.00   -inf  -nan   3   2   5   2 158.43
    4   2018 02 09 07:11:02.080    25862.080  0.3825 31.0805 110.8205   6.00   -inf  -nan   8   8  16   6 124.12
    5   2018 02 09 07:38:59.159    27539.159  0.1727 30.8905 110.8005   4.00   -inf  -nan   3   2   5   2 282.85
    6   2018 02 09 17:15:31.627    62131.627  0.3180 31.0905 110.2205  12.00   -inf  -nan   5   2   7   2 206.43
    7   2018 02 09 17:50:27.262    64227.262  0.2244 31.0205 110.4405   6.00   -inf  -nan   5   3   8   3 123.87
    1   2018 02 10 01:22:52.491     4972.491  0.2590 31.0905 110.2305   4.00   -inf  -nan   5   4   9   3 235.98
    2   2018 02 10 14:14:33.003    51273.003  0.3678 31.0905 110.1905   2.00   -inf  -nan   9   7  16   7 181.48
    3   2018 02 10 15:44:39.198    56679.198  0.0822 31.1805 110.2905   6.00   -inf  -nan   3   2   5   2 183.58
    4   2018 02 10 18:41:59.578    67319.578  0.4040 31.0505 110.4605   2.00   -inf  -nan  11  10  21  10 111.60
    5   2018 02 10 18:45:02.051    67502.051  0.2333 31.0605 110.4405   2.00   -inf  -nan   5   3   8   3 170.49
    6   2018 02 10 22:14:02.593    80042.593  0.2102 31.0905 110.1105   0.00   -inf  -nan   7   3  10   3 277.12
    7   2018 02 10 22:40:26.408    81626.408  0.1715 30.9905 110.4405   0.00   -inf  -nan   3   2   5   2 197.87
    1   2018 02 11 02:01:55.382     7315.382  0.2796 31.0905 110.0705   0.00   -inf  -nan   9   8  17   8 249.51
    2   2018 02 11 02:10:42.016     7842.016  0.3047 31.0505 110.4505   0.00   -inf  -nan  13  12  25  11 106.33
    3   2018 02 11 07:14:54.486    26094.486  0.1869 31.0505 110.3805   2.00   -inf  -nan   3   2   5   2 200.14
    4   2018 02 11 10:28:49.880    37729.880  0.3172 31.0605 110.4405   8.00   -inf  -nan   3   3   6   2 113.97
    5   2018 02 11 16:33:43.419    59623.419  0.3816 31.0505 110.4605  10.00   -inf  -nan   6   7  13   5 111.60
    6   2018 02 11 17:47:51.979    64071.979  0.1698 31.0605 110.1305   0.00   -inf  -nan   6   5  11   5 216.83
    1   2018 02 12 18:57:32.076    68252.076  0.2823 31.0805 110.1705   0.00   -inf  -nan   8   8  16   7 193.55
    1   2018 02 13 00:43:38.343     2618.343  0.2289 30.9405 110.5005  12.00   -inf  -nan   3   3   6   2 160.73
    2   2018 02 13 01:12:14.312     4334.312  0.2620 31.1405 110.2105   6.00   -inf  -nan   3   2   5   1 190.20
    3   2018 02 13 06:34:39.490    23679.490  0.2525 30.9405 110.7805   0.00   -inf  -nan   6   6  12   5 165.87
    4   2018 02 13 18:04:50.208    65090.208  0.2279 30.9705 110.2705   6.00   -inf  -nan   5   5  10   5 111.43
    5   2018 02 13 18:15:25.012    65725.012  0.3898 31.0605 110.4405   6.00   -inf  -nan   4   4   8   3 154.06
    6   2018 02 13 18:53:56.788    68036.788  0.1666 30.9305 110.2705  10.00   -inf  -nan   3   2   5   2 172.50
    7   2018 02 13 19:12:07.758    69127.758  0.1813 30.9305 110.2705  10.00   -inf  -nan   3   2   5   2 172.50
    8   2018 02 13 19:15:13.791    69313.791  0.2704 30.9705 110.2705   8.00   -inf  -nan   4   4   8   4 111.43
    9   2018 02 13 22:15:36.172    80136.172  0.2955 31.1005 110.0505   8.00   -inf  -nan  13   9  22   8 258.64
    1   2018 02 14 01:20:36.801     4836.801  0.4385 30.9305 111.0405   2.00   -inf  -nan   3   2   5   1 243.39
    2   2018 02 14 02:57:31.017    10651.017  0.2571 31.0605 110.4405  10.00   -inf  -nan   3   4   7   3 256.49
    3   2018 02 14 07:53:44.957    28424.957  0.3153 31.0005 110.1705   0.00   -inf  -nan  10   7  17   5 188.51
    4   2018 02 14 12:31:35.254    45095.254  0.3904 30.9405 110.4605  12.00   -inf  -nan   3   3   6   2 112.95
    5   2018 02 14 12:42:06.974    45726.974  0.2299 30.9405 110.7805  10.00   -inf  -nan   7   8  15   7  92.21
    6   2018 02 14 13:36:18.988    48978.988  0.4424 31.0305 110.4405   6.00   -inf  -nan   4   6  10   3 128.79
    7   2018 02 14 18:26:25.824    66385.824  0.2152 30.7805 110.7705  10.00   -inf  -nan   9  10  19   9 110.23
    8   2018 02 14 19:56:12.298    71772.298  0.3576 30.9705 110.2505   8.00   -inf  -nan   7   2   9   2 113.54
    9   2018 02 14 20:07:42.777    72462.777  0.1764 30.9305 110.2705  12.00   -inf  -nan   3   2   5   2 172.50
   10   2018 02 14 20:18:14.529    73094.529  0.2263 30.9705 110.2705   8.00   -inf  -nan   6   6  12   6 111.43
   11   2018 02 14 20:30:42.296    73842.296  0.1662 30.9705 110.2705   6.00   -inf  -nan   4   3   7   3 137.09
   12   2018 02 14 20:34:53.765    74093.765  0.2243 30.9705 110.2705   8.00   -inf  -nan   5   5  10   5 111.43
   13   2018 02 14 20:36:12.372    74172.372  0.1801 30.9705 110.2705   6.00   -inf  -nan   3   2   5   2 152.00
   14   2018 02 14 20:37:33.601    74253.601  0.2674 30.9705 110.2505   4.00   -inf  -nan   4   3   7   2 113.54
   15   2018 02 14 21:07:23.158    76043.158  0.3211 31.0305 110.4405   0.00   -inf  -nan   8   6  14   6 111.58
   16   2018 02 14 23:02:01.179    82921.179  0.1331 30.8605 110.5405   8.00   -inf  -nan   4   2   6   2 269.27
    1   2018 02 15 00:39:35.854     2375.854  0.4436 31.0205 110.4405   6.00   -inf  -nan  13  12  25  10  87.12
    2   2018 02 15 11:31:40.456    41500.456  0.3175 31.0905 110.3505   4.00   -inf  -nan   6   6  12   5 144.09
    3   2018 02 15 13:25:04.515    48304.515  0.2826 31.0905 110.1905   0.00   -inf  -nan   3   2   5   1 181.48
    4   2018 02 15 14:16:02.446    51362.446  0.0620 31.0905 110.3105  18.00   -inf  -nan   3   2   5   2 249.08
    5   2018 02 15 17:53:46.379    64426.379  0.2938 31.1005 110.2405   4.00   -inf  -nan   4   3   7   3 157.48
    6   2018 02 15 19:50:47.248    71447.248  0.2854 31.0505 110.4505   8.00   -inf  -nan  16  10  26  10 106.33
    7   2018 02 15 20:35:27.113    74127.113  0.2387 31.0905 110.2705   0.00   -inf  -nan   3   2   5   2 161.36
    8   2018 02 15 20:47:06.882    74826.882  0.3688 31.0605 110.4405   4.00   -inf  -nan   9   6  15   6 128.37
    9   2018 02 15 21:18:38.592    76718.592  0.3989 31.0605 110.4605  10.00   -inf  -nan   5   3   8   1 128.76
   10   2018 02 15 22:00:35.741    79235.741  0.3539 31.0605 110.4605   8.00   -inf  -nan   8   5  13   4 120.13
   11   2018 02 15 23:21:50.314    84110.314  0.3529 31.0305 110.5205  10.00   -inf  -nan   4   2   6   2 140.98
   12   2018 02 15 23:41:11.230    85271.230  0.4400 31.0605 110.4405   6.00   -inf  -nan   3   5   8   3 113.97
    1   2018 02 16 00:46:16.122     2776.122  0.2435 30.9305 110.7605  12.00   -inf  -nan  10   9  19   8 120.80
    2   2018 02 16 03:18:13.503    11893.503  0.4035 31.0205 110.4405   6.00   -inf  -nan  15  11  26  10  87.12
    3   2018 02 16 04:51:17.076    17477.076  0.1632 30.9405 110.7405   6.00   -inf  -nan   3   3   6   1 117.79
    4   2018 02 16 05:19:43.729    19183.729  0.3390 31.0905 110.1905   0.00   -inf  -nan   5   8  13   5 181.48
    5   2018 02 16 05:58:52.999    21532.999  0.3503 31.0905 110.1905   4.00   -inf  -nan   8   7  15   5 224.17
    6   2018 02 16 07:37:50.998    27470.998  0.2274 30.9405 110.7805  10.00   -inf  -nan   8   6  14   6 146.46
    7   2018 02 16 18:07:31.031    65251.031  0.1844 31.0905 110.1905   0.00   -inf  -nan   3   3   6   2 250.52
    8   2018 02 16 22:32:44.477    81164.477  0.3025 31.0905 110.2505   0.00   -inf  -nan   4   2   6   1 151.66
    1   2018 02 17 09:06:18.888    32778.888  0.4411 30.9305 110.7605   4.00   -inf  -nan  16  13  29  12  69.03
    2   2018 02 17 12:40:09.804    45609.804  0.3086 31.0505 110.4605   0.00   -inf  -nan   5   6  11   4 111.60
    3   2018 02 17 17:17:42.892    62262.892  0.2151 30.9005 110.7405   0.00   -inf  -nan   3   2   5   2 269.95
    4   2018 02 17 17:26:02.662    62762.662  0.3672 31.0905 110.1505   4.00   -inf  -nan   6   4  10   3 207.20
    5   2018 02 17 19:33:52.955    70432.955  0.2757 31.0805 110.1705   4.00   -inf  -nan   9   6  15   6 193.55
    6   2018 02 17 22:18:36.622    80316.622  0.1459 30.9805 110.5005   0.00   -inf  -nan   4   3   7   3 192.71
    7   2018 02 17 23:01:43.503    82903.503  0.3044 31.1805 110.4105   0.00   -inf  -nan   6   2   8   1 197.56
    1   2018 02 18 10:14:36.873    36876.873  0.3145 31.0805 110.1305   0.00   -inf  -nan   9  10  19   8 218.09
    2   2018 02 18 11:03:49.200    39829.200  0.1504 31.1705 110.3805   0.00   -inf  -nan   3   2   5   1 247.10
    3   2018 02 18 12:22:03.676    44523.676  0.2270 30.7905 110.7805  12.00   -inf  -nan   8   9  17   7 108.79
    4   2018 02 18 13:11:00.399    47460.399  0.3724 31.0505 110.4405  12.00   -inf  -nan  11  10  21   9 106.21
    5   2018 02 18 13:11:42.305    47502.305  0.3303 31.0605 110.4405  18.00   -inf  -nan   4   2   6   2 113.97
    6   2018 02 18 14:51:11.028    53471.028  0.1387 31.0505 110.1105   4.00   -inf  -nan   3   3   6   2 264.26
    7   2018 02 18 16:33:56.435    59636.435  0.2084 30.9405 110.7805  10.00   -inf  -nan   6   9  15   6  92.21
    8   2018 02 18 19:34:00.246    70440.246  0.3556 31.0505 110.4405   8.00   -inf  -nan  10  10  20   8 106.21
    9   2018 02 18 19:55:16.587    71716.587  0.3116 30.9105 110.8605   4.00   -inf  -nan   3   2   5   1 196.17
   10   2018 02 18 20:53:10.830    75190.830  0.3092 31.1305 110.5405   0.00   -inf  -nan   3   2   5   1 249.87
    1   2018 02 19 02:08:03.568     7683.568  0.3780 31.0305 110.4405   8.00   -inf  -nan   7   6  13   6  92.86
    2   2018 02 19 05:05:36.161    18336.161  0.2835 30.8705 110.5605  10.00   -inf  -nan   3   3   6   3 222.04
    3   2018 02 19 09:21:50.352    33710.352  0.2037 30.7805 110.7705  10.00   -inf  -nan  11  11  22  11 110.23
    4   2018 02 19 09:43:29.353    35009.353  0.2952 30.9405 110.7505  10.00   -inf  -nan  11  10  21  10  92.19
    5   2018 02 19 09:44:02.018    35042.018  0.2096 30.9405 110.7605  10.00   -inf  -nan   8  10  18   8  89.30
    6   2018 02 19 09:49:07.524    35347.524  0.2239 30.9805 110.7405  14.00   -inf  -nan   4   3   7   1 174.76
    7   2018 02 19 09:50:51.272    35451.272  0.1809 30.9405 110.7605  10.00   -inf  -nan   5   4   9   3 110.97
    8   2018 02 19 09:52:02.163    35522.163  0.3217 30.9405 110.7405  12.00   -inf  -nan   6   4  10   3  98.96
    9   2018 02 19 12:37:22.911    45442.911  0.4504 31.1205 110.2505   6.00   -inf  -nan   4   4   8   1 141.65
   10   2018 02 19 13:10:37.913    47437.913  0.2332 30.9405 110.7605  10.00   -inf  -nan  11  10  21  10  89.30
   11   2018 02 19 14:17:28.304    51448.304  0.3628 31.0505 110.4605   6.00   -inf  -nan  11  12  23  10 109.45
    1   2018 02 20 01:59:26.560     7166.560  0.3205 31.1305 110.3005   0.00   -inf  -nan   4   6  10   3 131.46
    2   2018 02 20 07:24:42.805    26682.805  0.3261 31.0905 110.1905   6.00   -inf  -nan  10   7  17   7 181.48
    3   2018 02 20 07:50:51.384    28251.384  0.3435 30.7505 110.7805  14.00   -inf  -nan   7   9  16   6 143.65
    4   2018 02 20 12:06:25.023    43585.023  0.2730 31.0505 110.4505   2.00   -inf  -nan   5   6  11   4 109.19
    5   2018 02 20 12:12:21.883    43941.883  0.3056 30.9405 110.7805   4.00   -inf  -nan  10   8  18   7  92.21
    6   2018 02 20 12:31:38.441    45098.441  0.2854 31.0505 110.4605   0.00   -inf  -nan   7   6  13   3 111.60
    7   2018 02 20 15:04:39.808    54279.808  0.3559 31.0205 110.4405  10.00   -inf  -nan   4   5   9   4 123.87
    8   2018 02 20 17:19:51.412    62391.412  0.3555 30.9405 110.7805  12.00   -inf  -nan  18  13  31  12  62.87
    9   2018 02 20 17:33:59.952    63239.952  0.1347 30.9005 110.7205  10.00   -inf  -nan   3   2   5   1 300.28
   10   2018 02 20 18:22:02.564    66122.564  0.2047 30.9505 110.7805  12.00   -inf  -nan   4   5   9   4 128.97
   11   2018 02 20 18:29:35.705    66575.705  0.1879 30.9505 110.7805  10.00   -inf  -nan   4   4   8   2 116.63
   12   2018 02 20 18:54:34.692    68074.692  0.0928 30.9505 110.7805  10.00   -inf  -nan   4   3   7   1 141.27
   13   2018 02 20 19:07:57.111    68877.111  0.3490 31.0205 110.5205   8.00   -inf  -nan   4   4   8   4 131.04
   14   2018 02 20 19:40:05.289    70805.289  0.2864 30.9405 110.7605  10.00   -inf  -nan   5   5  10   4 110.97
   15   2018 02 20 20:50:43.514    75043.514  0.2397 30.9505 110.7805  10.00   -inf  -nan   4   5   9   3 116.63
   16   2018 02 20 22:13:21.232    80001.232  0.1818 31.0505 110.4605   0.00   -inf  -nan   3   2   5   1 157.85
   17   2018 02 20 22:14:30.687    80070.687  0.1254 30.9405 110.7805   8.00   -inf  -nan   8   5  13   5  92.21
    1   2018 02 23 09:11:52.773    33112.773  0.2729 31.0905 110.4205   0.00   -inf  -nan   7   5  12   3 118.85
    2   2018 02 23 09:14:25.246    33265.246  0.3526 31.0705 110.4405   0.00   -inf  -nan   5   2   7   1 177.93
    3   2018 02 23 09:27:31.748    34051.748  0.4510 31.0505 110.4605   6.00   -inf  -nan  14  14  28  12 109.45
    4   2018 02 23 11:28:12.611    41292.611  0.2581 30.7505 110.7005  12.00   -inf  -nan   9   9  18   7 165.82
    5   2018 02 23 14:38:49.251    52729.251  0.4699 31.0305 110.4805   0.00   -inf  -nan   4   6  10   4  98.79
    6   2018 02 23 16:08:16.603    58096.603  0.3055 30.8705 110.2405   8.00   -inf  -nan   6   4  10   4 227.94
    7   2018 02 23 17:33:05.638    63185.638  0.1592 31.2605 110.1605   6.00   -inf  -nan   5   2   7   1 306.10
    8   2018 02 23 18:39:59.714    67199.714  0.2064 31.0605 110.1305   8.00   -inf  -nan   9   8  17   8 216.83
    1   2018 02 24 03:00:25.514    10825.514  0.2081 30.9305 110.8005  10.00   -inf  -nan   5   8  13   5 149.80
    2   2018 02 24 16:20:36.906    58836.906  0.3802 30.9705 110.4605  20.00   -inf  -nan   3   3   6   2 111.42
    3   2018 02 24 18:44:54.668    67494.668  0.1800 30.9305 110.7605  10.00   -inf  -nan   7   6  13   4  96.54
    4   2018 02 24 20:40:54.725    74454.725  0.2400 30.9405 110.7605  10.00   -inf  -nan  13  12  25  10  77.93
    5   2018 02 24 20:41:26.484    74486.484  0.3627 31.0905 110.1505   2.00   -inf  -nan   4   3   7   3 207.20
    6   2018 02 24 21:03:00.832    75780.832  0.4188 30.9405 110.7405  12.00   -inf  -nan  12  10  22   9  67.18
    7   2018 02 24 21:11:02.005    76262.005  0.1704 30.9305 110.7605  10.00   -inf  -nan   9   8  17   6  96.54
    8   2018 02 24 21:56:53.897    79013.897  0.3274 31.1305 110.3005   2.00   -inf  -nan  17  13  30  11 127.05
    9   2018 02 24 23:42:58.528    85378.528  0.2556 30.9405 110.7805  10.00   -inf  -nan   8   4  12   4  92.21
   10   2018 02 24 23:46:31.501    85591.501  0.1439 30.9405 110.7605  10.00   -inf  -nan   5   3   8   3 128.27
   11   2018 02 24 23:47:08.954    85628.954  0.2901 30.9405 110.7505  10.00   -inf  -nan  10   9  19   9  92.19
   12   2018 02 24 23:47:56.166    85676.166  0.2164 30.9405 110.7605  10.00   -inf  -nan   9   8  17   7  89.30
   13   2018 02 24 23:50:58.943    85858.943  0.2337 30.9405 110.7605  12.00   -inf  -nan  11  10  21   9  77.93
   14   2018 02 24 23:52:11.772    85931.772  0.2638 30.9405 110.7505  10.00   -inf  -nan   9   8  17   8  92.19
   15   2018 02 24 23:56:21.921    86181.921  0.2948 30.9405 110.7805  10.00   -inf  -nan   9   8  17   8  92.21
    1   2018 02 25 00:06:57.532      417.532  0.2186 30.9405 110.7605  10.00   -inf  -nan  10  11  21   9  77.94
    2   2018 02 25 00:28:08.815     1688.815  0.1110 30.9405 110.7705  10.00   -inf  -nan   6   5  11   5 138.02
    3   2018 02 25 00:30:43.127     1843.127  0.3020 30.9305 110.7605  10.00   -inf  -nan  11  13  24  10  69.03
    4   2018 02 25 00:34:51.933     2091.933  0.2637 30.9405 110.7805  10.00   -inf  -nan   8   9  17   8  92.21
    5   2018 02 25 02:43:12.990     9792.990  0.2349 30.9405 110.4805  10.00   -inf  -nan   4   2   6   2 115.31
    6   2018 02 25 03:07:25.275    11245.275  0.3817 30.8805 110.1305   0.00   -inf  -nan  13   7  20   7 263.31
    7   2018 02 25 04:02:23.758    14543.758  0.3750 31.1005 110.7805   8.00   -inf  -nan   3   3   6   1 251.96
    8   2018 02 25 06:19:22.404    22762.404  0.3676 31.0205 110.4805   0.00   -inf  -nan  16   9  25   9  99.98
    9   2018 02 25 07:30:57.897    27057.897  0.2292 30.9405 110.7805  10.00   -inf  -nan   7   7  14   7 146.46
   10   2018 02 25 07:32:58.341    27178.341  0.1079 30.9005 110.7405   0.00   -inf  -nan   3   2   5   2 180.00
   11   2018 02 25 08:00:23.087    28823.087  0.2266 30.9405 110.7605  10.00   -inf  -nan  11  14  25  11  77.93
   12   2018 02 25 08:15:47.081    29747.081  0.1688 30.8505 111.1305   6.00   -inf  -nan  13   8  21   8 210.25
   13   2018 02 25 11:26:17.366    41177.366  0.2879 30.9405 110.7805  12.00   -inf  -nan   8   7  15   6  92.21
   14   2018 02 25 11:35:44.923    41744.923  0.2695 31.1005 110.2905   0.00   -inf  -nan   7   5  12   4 120.03
   15   2018 02 25 11:51:09.435    42669.435  0.3063 31.0905 110.4605   6.00   -inf  -nan  11   9  20   9 150.61
   16   2018 02 25 11:54:54.898    42894.898  0.1039 30.9305 110.7605  10.00   -inf  -nan   4   2   6   1 118.39
   17   2018 02 25 13:19:31.355    47971.355  0.3634 30.9405 110.7805  10.00   -inf  -nan   6   7  13   6 127.07
   18   2018 02 25 14:09:20.529    50960.529  0.3308 30.9405 110.7805  12.00   -inf  -nan   8   7  15   6  92.21
   19   2018 02 25 18:54:15.669    68055.669  0.1171 31.0605 110.4405   6.00   -inf  -nan   3   3   6   2 256.49
   20   2018 02 25 19:01:51.765    68511.765  0.3362 31.1805 110.5205   0.00   -inf  -nan   5   4   9   3 176.97
   21   2018 02 25 20:35:33.159    74133.159  0.2581 31.0905 110.3405   2.00   -inf  -nan   4   4   8   3 153.81
    1   2018 02 26 06:18:33.531    22713.531  0.1467 30.8505 111.1305   6.00   -inf  -nan  12   4  16   4 210.25
    2   2018 02 26 06:50:30.445    24630.445  0.3989 31.1005 110.4405   8.00   -inf  -nan   3   3   6   1 155.17
    3   2018 02 26 06:51:25.057    24685.057  0.1462 30.8505 111.1305   6.00   -inf  -nan   8   8  16   6 210.25
    4   2018 02 26 07:12:39.082    25959.082  0.0998 31.0505 110.4605   0.00   -inf  -nan   3   4   7   2 157.85
    5   2018 02 26 08:02:48.707    28968.707  0.4174 31.0305 110.4405  10.00   -inf  -nan   3   4   7   2 149.14
    6   2018 02 26 15:11:17.793    54677.793  0.3235 30.9805 110.4605  10.00   -inf  -nan   6   3   9   3 138.36
    7   2018 02 26 16:03:30.516    57810.516  0.1448 30.7705 110.7605  10.00   -inf  -nan   3   3   6   2 186.92
    8   2018 02 26 17:02:40.772    61360.772  0.1588 30.7705 110.7605  10.00   -inf  -nan   3   3   6   2 186.92
    9   2018 02 26 17:52:06.496    64326.496  0.3344 31.1705 110.3405   0.00   -inf  -nan   6   3   9   2 270.76
   10   2018 02 26 19:28:01.825    70081.825  0.3683 31.0205 110.4405   8.00   -inf  -nan  16  13  29  13  87.12
   11   2018 02 26 20:29:33.158    73773.158  0.3252 30.7505 110.7805  14.00   -inf  -nan  11  10  21   7 151.16
   12   2018 02 26 20:56:51.760    75411.760  0.1232 30.9505 110.4805  10.00   -inf  -nan   3   3   6   2 130.24
   13   2018 02 26 21:16:10.388    76570.388  0.2191 31.1305 110.2305   2.00   -inf  -nan   6   5  11   4 154.97
   14   2018 02 26 22:22:51.890    80571.890  0.2939 31.1305 110.3005   0.00   -inf  -nan   8   7  15   6 131.46
   15   2018 02 26 22:29:00.818    80940.818  0.3479 31.1305 110.3005   2.00   -inf  -nan  15  14  29  13 127.05
    1   2018 02 27 02:09:15.780     7755.780  0.2106 30.8505 111.1305   4.00   -inf  -nan   8   7  15   7 210.75
    2   2018 02 27 03:05:54.867    11154.867  0.2663 31.1405 110.2405   4.00   -inf  -nan   9   9  18   7 146.36
    3   2018 02 27 05:53:02.743    21182.743  0.2096 30.8505 111.1305   6.00   -inf  -nan  13   7  20   6 210.25
    4   2018 02 27 06:58:32.916    25112.916  0.4635 30.9405 110.4605  12.00   -inf  -nan   6   3   9   3 146.14
    5   2018 02 27 07:04:40.290    25480.290  0.2482 31.1705 110.3505   0.00   -inf  -nan   3   2   5   2 287.26
    6   2018 02 27 07:15:34.790    26134.790  0.2277 30.9805 110.4805   0.00   -inf  -nan   4   2   6   2 145.10
    7   2018 02 27 09:13:02.340    33182.340  0.2061 30.8605 111.1305   6.00   -inf  -nan  15  10  25  10 204.21
    8   2018 02 27 13:21:44.161    48104.161  0.1324 31.0205 110.1705   6.00   -inf  -nan   6   4  10   2 189.44
    9   2018 02 27 13:34:36.692    48876.692  0.2460 30.9405 110.7505  10.00   -inf  -nan  11  11  22   9  68.13
   10   2018 02 27 13:36:10.242    48970.242  0.2595 30.9305 110.7505  12.00   -inf  -nan  16  14  30  13  69.87
   11   2018 02 27 13:36:37.952    48997.952  0.3590 30.9405 110.7805  12.00   -inf  -nan   8   9  17   8  92.21
   12   2018 02 27 13:38:39.435    49119.435  0.2683 30.9405 110.7505  10.00   -inf  -nan  15  12  27  12  68.13
   13   2018 02 27 15:20:31.563    55231.563  0.2192 31.0805 110.1305   4.00   -inf  -nan   5   4   9   3 218.09
   14   2018 02 27 16:31:39.868    59499.868  0.1187 30.9405 110.7805  10.00   -inf  -nan   3   2   5   2 292.94
   15   2018 02 27 16:32:36.255    59556.255  0.3680 30.9405 110.7505  10.00   -inf  -nan  20  17  37  17  64.69
   16   2018 02 27 16:32:52.152    59572.152  0.2686 30.9405 110.7605  10.00   -inf  -nan  13  16  29  13  64.29
   17   2018 02 27 16:33:17.704    59597.704  0.2148 30.9405 110.7605  10.00   -inf  -nan   9  10  19   8  77.93
   18   2018 02 27 16:39:25.082    59965.082  0.3078 30.9405 110.7805  10.00   -inf  -nan   9   9  18   9  92.21
   19   2018 02 27 16:41:49.565    60109.565  0.2805 30.9405 110.7605  10.00   -inf  -nan  19  16  35  15  64.29
   20   2018 02 27 16:50:21.842    60621.842  0.2099 30.9405 110.7605  10.00   -inf  -nan   9  10  19   8  89.30
   21   2018 02 27 16:53:04.881    60784.881  0.1605 30.9405 110.7605  12.00   -inf  -nan   8   3  11   3  89.30
   22   2018 02 27 16:55:09.217    60909.217  0.1555 30.9305 110.7605  10.00   -inf  -nan  10   9  19   9  96.54
   23   2018 02 27 17:48:31.863    64111.863  0.3283 30.9405 110.7505  10.00   -inf  -nan  18  13  31  12  64.69
   24   2018 02 27 18:10:53.474    65453.474  0.3798 31.0605 110.4405   8.00   -inf  -nan   8   7  15   6 113.97
   25   2018 02 27 18:22:41.008    66161.008  0.3526 30.9005 110.7805   6.00   -inf  -nan   6   9  15   6 108.16
   26   2018 02 27 19:03:28.029    68608.029  0.2204 31.0105 110.1905   4.00   -inf  -nan   7   6  13   6 173.54
   27   2018 02 27 19:19:44.313    69584.313  0.2958 30.9705 110.4705   0.00   -inf  -nan   7   5  12   4  99.58
   28   2018 02 27 20:26:24.275    73584.275  0.3410 30.9405 110.7805  10.00   -inf  -nan   3   3   6   3 210.94
   29   2018 02 27 21:26:38.422    77198.422  0.3453 30.9805 110.4605   6.00   -inf  -nan   5   4   9   4 138.36
   30   2018 02 27 21:31:11.615    77471.615  0.2431 30.9705 110.4705   0.00   -inf  -nan   8   4  12   4  99.58
   31   2018 02 27 21:48:48.500    78528.500  0.4188 31.1005 110.2005   0.00   -inf  -nan   5   4   9   2 175.64
   32   2018 02 27 21:59:10.548    79150.548  0.4046 30.9405 110.4605  10.00   -inf  -nan  14  14  28  10  84.04
   33   2018 02 27 23:27:17.985    84437.985  0.1537 30.7905 110.7405   8.00   -inf  -nan   4   2   6   2 220.51
   34   2018 02 27 23:45:31.929    85531.929  0.4122 30.9805 110.4805   4.00   -inf  -nan  13  11  24  11  85.01
    1   2018 02 28 00:18:15.770     1095.770  0.3718 30.9805 110.4605   4.00   -inf  -nan   4   4   8   3 138.36
    2   2018 02 28 02:16:30.767     8190.767  0.3162 30.9705 110.4805   8.00   -inf  -nan   8   7  15   6  92.80
    3   2018 02 28 02:19:16.326     8356.326  0.1871 30.9805 110.4805   0.00   -inf  -nan   3   2   5   2 145.10
    4   2018 02 28 04:19:07.820    15547.820  0.3411 30.9705 110.4705   6.00   -inf  -nan   7   5  12   5  91.59
    5   2018 02 28 07:20:30.236    26430.236  0.1749 30.8505 111.1305   6.00   -inf  -nan   8   7  15   5 210.75
    6   2018 02 28 07:24:55.022    26695.022  0.4143 31.0105 110.4505  10.00   -inf  -nan  16  16  32  14  83.47
    7   2018 02 28 07:45:43.947    27943.947  0.3519 30.9405 110.4605  10.00   -inf  -nan  14  15  29  11  84.04
    8   2018 02 28 07:53:38.004    28418.004  0.4240 30.9405 110.4605  12.00   -inf  -nan   8   8  16   5  84.04
    9   2018 02 28 07:54:52.595    28492.595  0.1960 30.9805 110.4805   0.00   -inf  -nan   3   2   5   2 145.10
   10   2018 02 28 08:09:08.593    29348.593  0.1196 30.9805 110.4605   6.00   -inf  -nan   3   2   5   2 265.21
   11   2018 02 28 08:13:11.088    29591.088  0.1200 30.9405 110.4805  12.00   -inf  -nan   3   2   5   2 139.21
   12   2018 02 28 09:07:26.429    32846.429  0.3024 31.0605 110.4405   6.00   -inf  -nan   3   5   8   3 113.97
   13   2018 02 28 09:17:40.290    33460.290  0.2308 30.8505 111.1305   8.00   -inf  -nan   9   4  13   4 210.25
   14   2018 02 28 09:45:07.126    35107.126  0.4126 31.0505 110.4605   6.00   -inf  -nan  13  14  27  10 109.45
   15   2018 02 28 10:43:52.678    38632.678  0.1960 30.9805 110.4805   6.00   -inf  -nan   5   3   8   3 145.10
   16   2018 02 28 11:06:44.739    40004.739  0.3723 30.9805 110.4805   0.00   -inf  -nan   5   5  10   4 145.10
   17   2018 02 28 11:08:48.980    40128.980  0.3281 30.9405 110.4605  10.00   -inf  -nan   4   3   7   2 114.02
   18   2018 02 28 18:12:04.470    65524.470  0.1833 31.0105 110.1905   2.00   -inf  -nan   4   4   8   4 209.70
   19   2018 02 28 18:38:49.477    67129.477  0.2118 31.0905 110.3505   6.00   -inf  -nan   9   6  15   6 144.09
   20   2018 02 28 21:13:09.072    76389.072  0.4618 30.9805 110.4605   6.00   -inf  -nan   8   7  15   6 110.40
   21   2018 02 28 21:33:40.517    77620.517  0.3886 30.9405 110.4605   8.00   -inf  -nan   8   7  15   5  87.76
   22   2018 02 28 22:23:42.371    80622.371  0.2957 30.9805 110.4605   0.00   -inf  -nan   5   4   9   4 138.36
   23   2018 02 28 23:27:09.488    84429.488  0.2664 30.9405 110.5005  12.00   -inf  -nan   3   2   5   2 160.73
    1   2018 03 01 01:54:05.994     6845.994  0.3506 31.0905 110.4205   8.00   -inf  -nan   6   4  10   4 131.66
    2   2018 03 01 02:14:28.315     8068.315  0.4884 31.0905 110.4205  14.00   -inf  -nan   4   4   8   3 131.66
    3   2018 03 01 04:24:04.758    15844.758  0.4555 31.2205 110.0105   0.00   -inf  -nan  12  11  23   7 294.73
    4   2018 03 01 04:59:50.682    17990.682  0.2109 30.8505 111.1305   6.00   -inf  -nan  10   9  19   8 210.25
    5   2018 03 01 06:19:09.078    22749.078  0.2269 30.9705 110.6305   2.00   -inf  -nan   3   2   5   1 139.15
    6   2018 03 01 12:05:50.773    43550.773  0.3904 30.9405 110.7505   8.00   -inf  -nan  20  18  38  18  64.69
    7   2018 03 01 12:06:17.345    43577.345  0.2793 30.9405 110.7605   8.00   -inf  -nan  13  12  25  12  77.93
    8   2018 03 01 12:07:57.152    43677.152  0.3111 30.9405 110.7405  12.00   -inf  -nan   6   3   9   3 110.40
    9   2018 03 01 12:15:01.310    44101.310  0.3658 30.9405 110.4605  10.00   -inf  -nan  15  14  29  10  84.04
   10   2018 03 01 12:17:17.240    44237.240  0.2109 30.9405 110.7605  10.00   -inf  -nan  10  10  20  10  89.30
   11   2018 03 01 12:25:53.741    44753.741  0.4266 30.9805 110.4605   4.00   -inf  -nan   4   5   9   4 127.56
   12   2018 03 01 14:05:00.416    50700.416  0.4352 30.9405 110.7405  12.00   -inf  -nan  16  13  29  13  64.82
   13   2018 03 01 14:12:04.485    51124.485  0.1835 30.9405 110.7605  10.00   -inf  -nan   9   8  17   7  89.30
   14   2018 03 01 17:26:49.160    62809.160  0.4785 30.9905 110.4805   0.00   -inf  -nan   6   5  11   5 157.27
   15   2018 03 01 18:03:13.981    64993.981  0.2267 30.9805 110.4805   0.00   -inf  -nan   5   3   8   2 145.10
   16   2018 03 01 18:18:57.624    65937.624  0.4106 30.9405 110.4605  12.00   -inf  -nan  13   8  21   7  84.65
   17   2018 03 01 18:59:52.308    68392.308  0.4007 30.9405 110.4805   6.00   -inf  -nan   5   4   9   4 123.52
   18   2018 03 01 19:11:30.868    69090.868  0.3860 30.9405 110.4605  10.00   -inf  -nan  19  17  36  16  84.04
   19   2018 03 01 19:18:59.566    69539.566  0.4794 30.9405 110.5005   0.00   -inf  -nan   4   2   6   2 141.53
   20   2018 03 01 19:30:19.324    70219.324  0.4497 30.9405 110.4605  12.00   -inf  -nan   8   5  13   5  84.04
   21   2018 03 01 19:57:52.796    71872.796  0.1592 30.9105 110.5205   8.00   -inf  -nan   3   2   5   2 217.83
   22   2018 03 01 20:17:23.080    73043.080  0.1203 30.9505 110.4805  10.00   -inf  -nan   3   3   6   2 130.24
   23   2018 03 01 20:18:31.812    73111.812  0.3951 31.1505 110.4405   0.00   -inf  -nan   4   2   6   1 199.74
   24   2018 03 01 20:35:01.276    74101.276  0.1154 30.9405 110.4805   0.00   -inf  -nan   3   2   5   2 200.98
   25   2018 03 01 20:40:36.485    74436.485  0.3104 30.9405 110.7805  10.00   -inf  -nan   4   7  11   4 110.23
   26   2018 03 01 20:42:09.261    74529.261  0.2815 30.9405 110.7605  12.00   -inf  -nan  19  16  35  16  64.29
   27   2018 03 01 22:11:33.172    79893.172  0.2958 30.9405 110.7805  12.00   -inf  -nan   8   5  13   4  92.21
   28   2018 03 01 22:44:43.947    81883.947  0.3787 30.9405 110.4605  12.00   -inf  -nan  15  11  26  11  84.04
    1   2018 03 02 01:34:20.317     5660.317  0.1688 30.9305 110.7605  10.00   -inf  -nan  12  10  22  10 120.80
    2   2018 03 02 05:12:53.035    18773.035  0.1072 30.9505 110.4805  10.00   -inf  -nan   3   3   6   2 130.24
    3   2018 03 02 05:43:27.711    20607.711  0.3052 30.9305 110.7605  10.00   -inf  -nan  18  16  34  14  69.03
    4   2018 03 02 05:43:51.536    20631.536  0.1057 30.9305 110.7605  10.00   -inf  -nan   5   5  10   5 136.38
    5   2018 03 02 05:45:56.447    20756.447  0.2284 30.9405 110.7605  10.00   -inf  -nan  13  12  25  11  77.93
    6   2018 03 02 05:47:46.967    20866.967  0.3883 31.0605 110.4605   8.00   -inf  -nan  15  17  32  15 120.13
    7   2018 03 02 05:52:50.039    21170.039  0.2381 30.9405 110.7605  10.00   -inf  -nan   7  11  18   7  77.93
    8   2018 03 02 06:05:48.386    21948.386  0.3209 30.9405 110.7805  12.00   -inf  -nan   9  10  19   9  92.21
    9   2018 03 02 06:06:48.916    22008.916  0.2301 30.9305 110.7605  10.00   -inf  -nan  13  14  27  11  71.27
   10   2018 03 02 07:20:14.069    26414.069  0.1123 30.9305 110.7605  10.00   -inf  -nan   4   3   7   3 183.49
   11   2018 03 02 07:47:56.577    28076.577  0.1828 30.9405 110.5005  10.00   -inf  -nan   3   2   5   2 160.73
   12   2018 03 02 07:51:11.446    28271.446  0.2256 30.9805 110.4805   0.00   -inf  -nan   4   2   6   2 145.10
   13   2018 03 02 08:37:51.331    31071.331  0.1910 30.9405 109.9705  10.00   -inf  -nan   6   2   8   2 299.62
   14   2018 03 02 09:29:09.469    34149.469  0.1707 30.9405 110.7605  12.00   -inf  -nan   6   4  10   2 110.97
   15   2018 03 02 09:35:22.608    34522.608  0.3674 30.9805 110.4805   0.00   -inf  -nan   4   3   7   3 145.10
   16   2018 03 02 09:39:43.090    34783.090  0.4237 30.8105 110.7605  10.00   -inf  -nan   7   5  12   5  98.99
   17   2018 03 02 09:46:44.380    35204.380  0.1714 30.9005 110.8105   6.00   -inf  -nan   4   2   6   2 176.88
   18   2018 03 02 10:23:19.041    37399.041  0.2153 30.9405 110.7605  10.00   -inf  -nan  16  13  29  13  77.93
   19   2018 03 02 10:25:47.872    37547.872  0.1653 30.9405 110.7605  10.00   -inf  -nan   8   6  14   5  89.30
   20   2018 03 02 12:07:25.604    43645.604  0.2976 30.9405 110.7805  12.00   -inf  -nan  10  10  20   9  92.21
   21   2018 03 02 12:19:02.864    44342.864  0.1150 30.9405 110.7405  10.00   -inf  -nan   3   3   6   3 245.54
   22   2018 03 02 12:21:36.386    44496.386  0.2755 30.9405 110.7605  10.00   -inf  -nan  19  17  36  16  64.29
   23   2018 03 02 12:29:02.393    44942.393  0.0683 30.9405 110.7605  10.00   -inf  -nan   5   2   7   1 144.50
   24   2018 03 02 12:39:44.608    45584.608  0.1994 30.9405 110.7605  10.00   -inf  -nan  14  13  27  13  77.93
   25   2018 03 02 12:40:15.596    45615.596  0.2564 30.9405 110.7805  12.00   -inf  -nan  11   8  19   8  92.21
   26   2018 03 02 12:42:01.874    45721.874  0.2305 30.9405 110.7505  10.00   -inf  -nan   7   4  11   4 110.87
   27   2018 03 02 12:52:21.238    46341.238  0.1973 30.9405 110.7805  10.00   -inf  -nan   7   8  15   6  92.21
   28   2018 03 02 13:09:43.525    47383.525  0.2380 30.9405 110.7805  10.00   -inf  -nan   8   8  16   6  92.21
   29   2018 03 02 13:10:49.802    47449.802  0.1815 30.9405 110.7805  12.00   -inf  -nan   3   2   5   1 165.87
   30   2018 03 02 13:55:32.251    50132.251  0.2750 30.9405 110.7805  10.00   -inf  -nan  10  10  20  10  92.21
   31   2018 03 02 14:03:57.029    50637.029  0.2906 30.9405 110.7505  14.00   -inf  -nan   5   4   9   3 110.87
   32   2018 03 02 14:38:37.577    52717.577  0.1625 30.9305 110.7605  10.00   -inf  -nan  10   9  19   9  96.54
   33   2018 03 02 14:42:07.557    52927.557  0.3290 30.9405 110.7805  12.00   -inf  -nan  13   7  20   7  92.21
   34   2018 03 02 14:57:52.468    53872.468  0.2331 30.9405 110.7605  12.00   -inf  -nan  15   9  24   9  77.93
   35   2018 03 02 14:59:40.094    53980.094  0.3652 30.9405 110.7805  12.00   -inf  -nan   7  11  18   5  92.21
   36   2018 03 02 15:00:04.047    54004.047  0.2852 30.9405 110.7605  10.00   -inf  -nan  19  17  36  17  77.93
   37   2018 03 02 15:00:28.015    54028.015  0.2483 30.9405 110.7605  10.00   -inf  -nan  13  13  26  12  77.93
   38   2018 03 02 15:01:30.195    54090.195  0.3171 31.0205 110.7805  18.00   -inf  -nan   5   5  10   4 225.80
   39   2018 03 02 15:03:04.875    54184.875  0.2314 30.9405 110.7605  10.00   -inf  -nan  11  11  22  10  77.93
   40   2018 03 02 15:03:44.600    54224.600  0.2441 30.9105 110.7405   8.00   -inf  -nan   7   3  10   3 123.37
   41   2018 03 02 15:05:25.367    54325.367  0.1578 30.9005 110.7805   0.00   -inf  -nan   3   2   5   2 227.21
   42   2018 03 02 15:10:36.762    54636.762  0.3027 30.9405 110.7405  12.00   -inf  -nan   8   3  11   2 110.40
   43   2018 03 02 15:12:00.691    54720.691  0.3289 30.9405 110.7805  12.00   -inf  -nan  16  14  30  13  92.21
   44   2018 03 02 15:33:41.788    56021.788  0.1925 30.9405 110.7605  10.00   -inf  -nan  11   8  19   8  89.30
   45   2018 03 02 17:44:00.038    63840.038  0.3679 30.9405 110.7805  12.00   -inf  -nan  17  17  34  16  92.21
   46   2018 03 02 17:46:02.122    63962.122  0.2728 30.9505 110.7605  12.00   -inf  -nan   7   7  14   5  87.10
   47   2018 03 02 17:55:06.409    64506.409  0.1254 30.9005 110.5405   6.00   -inf  -nan   3   2   5   2 239.74
   48   2018 03 02 18:01:21.348    64881.348  0.2264 30.9505 110.7805  12.00   -inf  -nan   8   3  11   3 102.97
   49   2018 03 02 19:06:32.921    68792.921  0.3096 30.8805 110.1305   0.00   -inf  -nan   8   6  14   6 300.70
   50   2018 03 02 19:11:12.847    69072.847  0.3309 30.9405 110.7605  10.00   -inf  -nan  17  16  33  15  77.93
   51   2018 03 02 19:11:32.372    69092.372  0.3050 30.9405 110.7805  12.00   -inf  -nan  12  10  22  10  92.21
   52   2018 03 02 19:18:06.322    69486.322  0.1539 30.9405 110.7405   8.00   -inf  -nan   3   2   5   2 245.54
   53   2018 03 02 19:46:50.419    71210.419  0.2945 31.1405 110.2105   0.00   -inf  -nan   4   5   9   4 170.72
   54   2018 03 02 19:49:31.863    71371.863  0.2350 30.9405 110.7805  10.00   -inf  -nan   9   7  16   6  92.21
   55   2018 03 02 19:52:21.647    71541.647  0.1465 30.9005 110.7405   0.00   -inf  -nan   3   3   6   2 143.38
   56   2018 03 02 23:04:07.970    83047.970  0.3173 31.1005 110.3605   6.00   -inf  -nan   5   7  12   4 143.87
   57   2018 03 02 23:23:46.587    84226.587  0.3717 31.0105 110.4705   0.00   -inf  -nan   7   8  15   7 131.60
    1   2018 03 03 04:29:04.599    16144.599  0.1229 30.9405 110.7605  12.00   -inf  -nan   5   4   9   4 144.50
    2   2018 03 03 04:37:20.342    16640.342  0.1956 30.9405 110.7605  10.00   -inf  -nan   5   6  11   4 144.50
    3   2018 03 03 05:03:33.367    18213.367  0.2983 30.9405 110.7805  12.00   -inf  -nan  13  11  24  11  92.21
    4   2018 03 03 05:06:03.322    18363.322  0.2696 30.9405 110.7805  10.00   -inf  -nan   3   4   7   3 165.87
    5   2018 03 03 05:06:18.741    18378.741  0.4381 31.0705 110.6005   4.00   -inf  -nan   3   2   5   2 306.72
    6   2018 03 03 06:57:44.068    25064.068  0.2188 30.9405 110.7805  10.00   -inf  -nan   5   5  10   4 146.46
    7   2018 03 03 09:06:17.218    32777.218  0.1908 30.9405 110.7605  10.00   -inf  -nan   9   8  17   8  89.30
    8   2018 03 03 10:39:17.047    38357.047  0.2727 31.1305 110.3005   2.00   -inf  -nan  12  10  22   8 127.05
    9   2018 03 03 10:39:27.940    38367.940  0.2646 31.1305 110.3005   0.00   -inf  -nan  10  14  24   8 127.05
   10   2018 03 03 11:14:01.434    40441.434  0.1506 31.1305 110.3005   0.00   -inf  -nan   6   5  11   4 131.46
   11   2018 03 03 11:29:54.564    41394.564  0.1571 31.1305 110.3005   0.00   -inf  -nan   4   2   6   2 131.46
   12   2018 03 03 14:07:22.491    50842.491  0.3325 30.9405 110.7805  12.00   -inf  -nan  17  17  34  16  92.21
   13   2018 03 03 14:39:52.020    52792.020  0.2600 30.8805 110.1305   0.00   -inf  -nan   5   2   7   2 300.70
   14   2018 03 03 15:09:14.831    54554.831  0.1650 31.1305 110.3005   0.00   -inf  -nan   8   6  14   6 131.46
   15   2018 03 03 16:05:52.695    57952.695  0.1254 30.9405 110.7805  10.00   -inf  -nan   3   2   5   2 182.72
   16   2018 03 03 16:58:47.476    61127.476  0.1839 30.9405 110.7605  12.00   -inf  -nan   6   6  12   6 110.97
   17   2018 03 03 17:58:17.194    64697.194  0.3088 30.9405 110.7505  14.00   -inf  -nan   6   6  12   5 110.87
   18   2018 03 03 18:29:10.515    66550.515  0.1436 30.9405 110.7605  10.00   -inf  -nan   6   6  12   5  89.30
   19   2018 03 03 18:33:28.525    66808.525  0.3281 30.9805 110.4605   4.00   -inf  -nan   6   4  10   4 138.36
   20   2018 03 03 18:47:12.285    67632.285  0.2498 30.8605 110.7805   4.00   -inf  -nan   3   3   6   2 241.80
   21   2018 03 03 19:17:22.556    69442.556  0.3837 30.9405 110.7805  12.00   -inf  -nan  16  13  29  12  92.21
   22   2018 03 03 20:26:15.770    73575.770  0.1204 30.9405 110.7805   8.00   -inf  -nan   4   4   8   3 177.28
   23   2018 03 03 20:44:36.050    74676.050  0.1493 30.9405 110.7605  10.00   -inf  -nan   5   4   9   3 110.97
   24   2018 03 03 22:16:03.804    80163.804  0.2113 31.1305 110.3805   4.00   -inf  -nan   3   2   5   1 185.32
   25   2018 03 03 23:41:27.217    85287.217  0.1784 30.9405 110.7605  10.00   -inf  -nan   9   9  18   9  89.30
    1   2018 03 04 05:33:23.345    20003.345  0.3395 30.7905 110.7405   8.00   -inf  -nan   4   4   8   4 141.30
    2   2018 03 04 07:19:24.567    26364.567  0.4098 31.0205 110.4405   8.00   -inf  -nan   3   4   7   2 166.62
    3   2018 03 04 07:52:29.935    28349.935  0.1418 30.9405 110.7405  12.00   -inf  -nan   4   2   6   2 114.46
    4   2018 03 04 08:25:06.094    30306.094  0.1969 30.9405 110.7605  12.00   -inf  -nan   7   5  12   5  89.30
    5   2018 03 04 12:14:40.590    44080.590  0.3189 31.0505 110.4505   0.00   -inf  -nan  10  10  20   9 126.23
    6   2018 03 04 12:55:42.192    46542.192  0.1802 30.9405 110.7605  10.00   -inf  -nan   4   4   8   4 105.54
    7   2018 03 04 14:22:49.245    51769.245  0.2961 30.9805 110.7805  14.00   -inf  -nan   3   2   5   2 227.85
    8   2018 03 04 14:59:31.502    53971.502  0.1256 30.9805 110.7405  12.00   -inf  -nan   3   2   5   2 199.20
    9   2018 03 04 16:36:42.201    59802.201  0.2477 30.9405 110.7605  10.00   -inf  -nan   5   5  10   4 128.27
   10   2018 03 04 16:45:10.318    60310.318  0.1826 30.9405 110.7605  10.00   -inf  -nan  13  10  23  10  89.30
   11   2018 03 04 17:10:43.448    61843.448  0.1685 30.9005 110.7805   6.00   -inf  -nan   3   2   5   2 227.21
   12   2018 03 04 17:26:15.229    62775.229  0.0983 30.9405 110.7605  10.00   -inf  -nan   3   3   6   3 144.50
   13   2018 03 04 18:00:30.084    64830.084  0.2819 31.0205 110.8205   8.00   -inf  -nan   3   4   7   3 190.83
   14   2018 03 04 19:13:57.007    69237.007  0.2873 30.9405 110.7805  12.00   -inf  -nan   9   7  16   7  92.21
   15   2018 03 04 19:17:41.187    69461.187  0.2045 30.9005 110.7605  10.00   -inf  -nan   4   3   7   2 223.98
   16   2018 03 04 19:36:08.942    70568.942  0.2633 30.9405 110.7805  10.00   -inf  -nan   4   3   7   3 165.87
   17   2018 03 04 19:55:30.007    71730.007  0.3478 30.9405 110.7505  10.00   -inf  -nan   7   8  15   7 110.87
   18   2018 03 04 19:56:36.468    71796.468  0.3132 30.9405 110.7805  10.00   -inf  -nan   9   9  18   9  92.21
   19   2018 03 04 22:01:09.223    79269.223  0.1724 30.9405 110.7605  12.00   -inf  -nan   6   6  12   5 110.97
   20   2018 03 04 22:08:44.851    79724.851  0.2331 30.9405 110.7805   8.00   -inf  -nan   5   3   8   1  92.21
   21   2018 03 04 22:09:22.136    79762.136  0.2460 31.0505 110.4305   4.00   -inf  -nan   6   4  10   4 195.11
    1   2018 03 05 01:17:26.082     4646.082  0.2997 30.9405 110.7805  12.00   -inf  -nan   8   5  13   4  92.21
    2   2018 03 05 01:30:55.133     5455.133  0.2657 30.9405 110.7805  10.00   -inf  -nan   9   9  18   9  92.21
    3   2018 03 05 03:39:47.513    13187.513  0.1687 30.9405 110.7605  10.00   -inf  -nan   6   2   8   1 127.90
    4   2018 03 05 03:42:50.692    13370.692  0.3075 31.0905 110.4605   0.00   -inf  -nan  17  15  32  14 134.94
    5   2018 03 05 03:46:56.636    13616.636  0.1492 30.9105 110.5205   8.00   -inf  -nan   3   2   5   2 217.83
    6   2018 03 05 13:46:23.058    49583.058  0.1705 31.0905 110.2705   8.00   -inf  -nan   4   2   6   2 206.57
    7   2018 03 05 14:46:44.415    53204.415  0.1989 31.0505 110.4505   6.00   -inf  -nan   4   2   6   2 152.57
    8   2018 03 05 18:30:34.664    66634.664  0.2613 30.9805 110.4605   0.00   -inf  -nan   5   4   9   4 159.77
    9   2018 03 05 19:11:25.336    69085.336  0.3312 30.9005 110.5005  12.00   -inf  -nan   3   3   6   3 225.38
    1   2018 03 06 00:12:23.475      743.475  0.4018 31.2105 110.9205   0.00   -inf  -nan   5   4   9   2 252.17
    2   2018 03 06 17:26:50.815    62810.815  0.4299 31.1305 110.5005   0.00   -inf  -nan   3   2   5   1 278.90
    3   2018 03 06 20:10:31.161    72631.161  0.1811 31.0105 110.2305   0.00   -inf  -nan   3   3   6   3 149.45
    1   2018 03 07 04:11:39.395    15099.395  0.2579 30.9405 110.7805  10.00   -inf  -nan   4   5   9   4 177.28
    2   2018 03 07 04:35:05.800    16505.800  0.1964 30.9405 110.4805  10.00   -inf  -nan   3   2   5   2 139.21
    3   2018 03 07 05:31:11.159    19871.159  0.2592 31.0605 110.2805   0.00   -inf  -nan   7   5  12   4  82.75
    4   2018 03 07 07:58:39.617    28719.617  0.1315 30.8905 111.0905   0.00   -inf  -nan   3   2   5   2 157.71
    5   2018 03 07 08:33:32.651    30812.651  0.3681 31.2405 110.9405   4.00   -inf  -nan  19  13  32  12 236.40
    6   2018 03 07 09:07:42.583    32862.583  0.2465 30.9405 110.7805   8.00   -inf  -nan   9  10  19   8  92.21
    7   2018 03 07 10:18:41.868    37121.868  0.3362 30.9605 109.9705  10.00   -inf  -nan   8   5  13   5 295.22
    8   2018 03 07 11:08:57.175    40137.175  0.2139 30.9305 111.1705   0.00   -inf  -nan   3   2   5   2 146.89
    9   2018 03 07 12:01:32.607    43292.607  0.2654 30.9505 110.7805   4.00   -inf  -nan   9   7  16   6 102.85
   10   2018 03 07 13:02:02.670    46922.670  0.1801 30.9305 110.7605   0.00   -inf  -nan   7   3  10   3 106.14
   11   2018 03 07 18:02:52.097    64972.097  0.2546 31.0305 110.4405   4.00   -inf  -nan   9   7  16   7  92.86
   12   2018 03 07 18:15:40.741    65740.741  0.2215 31.1405 110.7805  10.00   -inf  -nan   3   3   6   3 166.51
   13   2018 03 07 19:53:41.722    71621.722  0.1376 31.1905 110.5205   2.00   -inf  -nan   4   2   6   2 214.48
   14   2018 03 07 20:29:05.697    73745.697  0.3278 31.1205 110.8205   6.00   -inf  -nan  12  16  28  12 159.94
   15   2018 03 07 22:40:37.750    81637.750  0.4063 31.0205 110.4405   4.00   -inf  -nan   9   8  17   7  87.12
   16   2018 03 07 23:10:39.059    83439.059  0.3417 31.0605 110.4405   6.00   -inf  -nan   4   3   7   2 170.49
    1   2018 03 08 06:05:47.011    21947.011  0.4280 30.7105 110.8605   8.00   -inf  -nan   9   6  15   6 214.79
    2   2018 03 08 12:28:32.900    44912.900  0.3986 31.0605 110.4405   0.00   -inf  -nan   3   3   6   2 113.97
    3   2018 03 08 12:57:31.882    46651.882  0.2520 30.9405 110.7605  12.00   -inf  -nan   5   4   9   3 110.97
    4   2018 03 08 14:37:41.354    52661.354  0.2681 31.0505 110.4205   6.00   -inf  -nan   3   3   6   2 190.94
    5   2018 03 08 17:29:32.904    62972.904  0.1420 31.0605 110.8305  14.00   -inf  -nan   3   3   6   3 199.92
    6   2018 03 08 19:48:51.771    71331.771  0.2543 30.9405 110.7605   6.00   -inf  -nan  10   9  19   9  77.93
    7   2018 03 08 19:59:56.162    71996.162  0.3014 31.0505 110.4505   8.00   -inf  -nan  13  10  23  10 109.19
    1   2018 03 09 00:22:02.701     1322.701  0.2174 31.1705 110.3405   2.00   -inf  -nan   4   3   7   3 206.23
    2   2018 03 09 00:49:48.450     2988.450  0.2853 31.0905 110.4605   6.00   -inf  -nan   3   4   7   3 240.45
    3   2018 03 09 03:14:21.496    11661.496  0.2654 31.0605 110.8205   0.00   -inf  -nan   5   6  11   4 193.46
    4   2018 03 09 03:20:47.247    12047.247  0.2035 30.9405 109.9705  12.00   -inf  -nan   8   2  10   2 299.62
    5   2018 03 09 04:12:17.924    15137.924  0.1850 30.7405 111.0505   2.00   -inf  -nan   3   2   5   2 273.45
    6   2018 03 09 07:15:11.528    26111.528  0.3847 30.8605 111.0905   8.00   -inf  -nan   6   6  12   4 128.67
    7   2018 03 09 07:37:29.349    27449.349  0.3342 31.2405 110.0505   0.00   -inf  -nan   9   7  16   7 296.31
    8   2018 03 09 09:29:45.861    34185.861  0.3035 30.9405 110.7805  10.00   -inf  -nan  10   9  19   9  92.21
    9   2018 03 09 09:35:04.775    34504.775  0.3561 30.9405 110.7605  16.00   -inf  -nan   8  10  18   7  89.30
   10   2018 03 09 11:57:35.195    43055.195  0.3222 31.0905 110.3505   2.00   -inf  -nan   4   4   8   4 144.09
   11   2018 03 09 12:08:26.367    43706.367  0.4487 31.1105 110.4805  10.00   -inf  -nan   4   6  10   4 179.61
   12   2018 03 09 12:10:21.310    43821.310  0.4632 31.1005 110.4405  10.00   -inf  -nan   6   6  12   5 155.17
   13   2018 03 09 12:14:08.332    44048.332  0.3162 30.7805 110.7605   2.00   -inf  -nan   5   6  11   3 103.86
   14   2018 03 09 13:54:10.257    50050.257  0.3518 31.1205 110.8205   6.00   -inf  -nan   8   5  13   2 159.94
   15   2018 03 09 14:11:31.797    51091.797  0.4017 31.1605 110.8205  12.00   -inf  -nan  10   9  19   6 216.12
   16   2018 03 09 14:45:38.464    53138.464  0.4292 30.9405 110.4605  12.00   -inf  -nan   8   5  13   4  84.04
   17   2018 03 09 14:52:51.004    53571.004  0.1689 30.9405 110.7605  10.00   -inf  -nan   8   8  16   7 110.97
   18   2018 03 09 14:57:35.359    53855.359  0.1958 30.9405 110.7605  10.00   -inf  -nan  10  10  20  10  89.30
   19   2018 03 09 15:00:14.435    54014.435  0.2805 30.9505 110.7605  10.00   -inf  -nan  12  13  25  11  87.10
   20   2018 03 09 15:01:31.623    54091.623  0.2602 30.9405 110.7505  12.00   -inf  -nan  10   7  17   7  92.19
   21   2018 03 09 15:01:53.287    54113.287  0.1578 30.9405 110.7605  10.00   -inf  -nan  10   9  19   9  89.30
   22   2018 03 09 15:04:39.709    54279.709  0.4093 30.9405 110.7805  12.00   -inf  -nan  20  17  37  17  62.87
   23   2018 03 09 15:05:59.510    54359.510  0.2875 30.9405 110.7605  10.00   -inf  -nan  20  18  38  18  64.29
   24   2018 03 09 15:07:17.334    54437.334  0.3436 30.9405 110.7505  10.00   -inf  -nan  17  15  32  15  68.13
   25   2018 03 09 15:08:25.872    54505.872  0.1870 30.9405 110.7605  10.00   -inf  -nan   5   5  10   4 110.97
   26   2018 03 09 15:11:14.589    54674.589  0.3372 30.9405 110.7505  10.00   -inf  -nan  17  15  32  14  64.69
   27   2018 03 09 15:19:36.465    55176.465  0.3255 30.9405 110.7805  10.00   -inf  -nan   3   3   6   2 120.33
   28   2018 03 09 15:21:02.014    55262.014  0.1749 30.9405 110.7605  10.00   -inf  -nan  13   9  22   9  89.30
   29   2018 03 09 15:57:40.948    57460.948  0.1020 30.9005 110.7405   0.00   -inf  -nan   3   2   5   2 180.00
   30   2018 03 09 16:44:09.737    60249.737  0.3751 31.0205 110.4405   6.00   -inf  -nan   7   6  13   5 124.44
   31   2018 03 09 16:48:41.637    60521.637  0.2255 30.9405 110.7605  10.00   -inf  -nan  14  13  27  12  77.93
   32   2018 03 09 16:49:53.379    60593.379  0.2600 30.9305 110.7905  12.00   -inf  -nan  16  15  31  14  88.07
   33   2018 03 09 16:52:23.564    60743.564  0.1543 30.9405 110.7605  10.00   -inf  -nan   7   7  14   6 110.97
   34   2018 03 09 16:52:36.833    60756.833  0.2788 30.9405 110.7805  10.00   -inf  -nan   7   6  13   6 110.23
   35   2018 03 09 17:07:05.873    61625.873  0.2733 30.9405 110.7605  10.00   -inf  -nan  17  16  33  16  77.93
   36   2018 03 09 17:09:05.335    61745.335  0.3625 30.9405 110.7805   8.00   -inf  -nan   8   8  16   6  92.21
   37   2018 03 09 17:25:22.332    62722.332  0.3325 30.9405 110.7805  12.00   -inf  -nan  17  16  33  15  92.21
   38   2018 03 09 17:29:12.674    62952.674  0.1153 30.9405 110.7805  10.00   -inf  -nan   3   3   6   2 292.94
   39   2018 03 09 18:00:09.755    64809.755  0.2991 31.2405 110.5805   4.00   -inf  -nan   8   2  10   2 237.91
   40   2018 03 09 18:07:12.413    65232.413  0.3119 30.9405 110.7405  14.00   -inf  -nan   7   2   9   2 125.90
   41   2018 03 09 18:35:26.762    66926.762  0.3748 30.8205 110.4605   0.00   -inf  -nan  19  17  36  16 176.92
   42   2018 03 09 18:47:23.221    67643.221  0.3931 31.1705 110.3405   0.00   -inf  -nan   7   3  10   2 252.38
   43   2018 03 09 19:10:35.664    69035.664  0.1741 30.9005 110.7805   8.00   -inf  -nan   3   3   6   3 293.44
   44   2018 03 09 19:11:16.073    69076.073  0.3508 30.9305 110.7505  10.00   -inf  -nan  20  18  38  18  69.87
   45   2018 03 09 19:18:43.633    69523.633  0.3156 30.9405 110.7505  10.00   -inf  -nan  14  14  28  12  68.13
   46   2018 03 09 19:46:40.447    71200.447  0.3143 31.1205 110.8205   4.00   -inf  -nan   6   4  10   4 159.94
   47   2018 03 09 20:27:46.436    73666.436  0.1729 30.9405 110.7605  10.00   -inf  -nan   5   7  12   5 110.97
   48   2018 03 09 20:33:22.833    74002.833  0.2208 31.0905 110.4605   0.00   -inf  -nan   6   6  12   5 150.61
   49   2018 03 09 20:37:25.653    74245.653  0.2722 31.1005 110.4405   8.00   -inf  -nan   6   4  10   2 155.17
   50   2018 03 09 22:10:21.217    79821.217  0.3083 31.0905 110.4705   8.00   -inf  -nan  10   8  18   8 138.57
   51   2018 03 09 22:12:04.899    79924.899  0.2520 31.0905 110.4605   8.00   -inf  -nan   8   6  14   6 150.61
   52   2018 03 09 22:23:21.360    80601.360  0.3341 30.9405 110.7505  10.00   -inf  -nan  19  11  30  11  64.69
   53   2018 03 09 22:25:01.422    80701.422  0.0938 30.9405 110.7605  10.00   -inf  -nan   6   5  11   4 110.97
   54   2018 03 09 22:27:24.164    80844.164  0.3422 31.1005 110.4405   8.00   -inf  -nan   4   3   7   1 155.17
   55   2018 03 09 22:59:36.810    82776.810  0.3152 31.1805 110.2505  14.00   -inf  -nan   3   2   5   2 155.81
    1   2018 03 10 01:02:06.845     3726.845  0.3831 31.1305 110.0705   6.00   -inf  -nan   7   7  14   6 288.71
    2   2018 03 10 01:44:12.821     6252.821  0.2765 30.9405 110.7805  10.00   -inf  -nan   9  10  19   8 146.46
    3   2018 03 10 02:02:52.293     7372.293  0.2362 30.9405 110.7805  10.00   -inf  -nan   7   7  14   6 146.46
    4   2018 03 10 02:05:09.767     7509.767  0.1537 30.9305 110.7605  10.00   -inf  -nan   8   8  16   7 120.80
    5   2018 03 10 02:36:34.650     9394.650  0.4262 30.9705 110.8405   4.00   -inf  -nan   7   4  11   4 204.15
    6   2018 03 10 04:46:41.057    17201.057  0.2092 31.0905 110.1105   0.00   -inf  -nan   7   4  11   3 230.20
    7   2018 03 10 04:54:38.292    17678.292  0.1927 30.9405 110.7805  10.00   -inf  -nan   5   4   9   4 182.72
    8   2018 03 10 05:32:44.431    19964.431  0.0718 30.7805 110.9305   6.00   -inf  -nan   3   2   5   2 237.20
    9   2018 03 10 07:32:47.814    27167.814  0.2541 31.0005 110.0105   6.00   -inf  -nan   9   2  11   2 277.68
   10   2018 03 10 09:37:20.244    34640.244  0.0592 30.9405 110.7605  10.00   -inf  -nan   3   2   5   1 110.97
   11   2018 03 10 11:29:02.895    41342.895  0.3089 30.8405 110.1305   0.00   -inf  -nan   3   2   5   2 319.72
   12   2018 03 10 14:19:28.209    51568.209  0.1504 30.7805 110.7605  10.00   -inf  -nan   4   3   7   3 124.85
   13   2018 03 10 16:31:13.045    59473.045  0.3147 30.9105 110.7805  10.00   -inf  -nan  11   9  20   9  75.13
   14   2018 03 10 16:53:53.609    60833.609  0.2416 30.9005 110.7805   8.00   -inf  -nan   9   8  17   8 108.16
   15   2018 03 10 17:20:33.085    62433.085  0.2517 30.9405 110.7805  10.00   -inf  -nan   7   8  15   7  92.21
   16   2018 03 10 18:12:07.889    65527.889  0.3674 31.0205 110.8205   6.00   -inf  -nan   4   5   9   2  85.14
   17   2018 03 10 22:27:20.959    80840.959  0.4338 31.0905 110.0705   6.00   -inf  -nan  13  14  27  10 249.51
   18   2018 03 10 23:27:39.969    84459.969  0.3371 31.0605 110.1305   8.00   -inf  -nan  12   8  20   8 216.83
   19   2018 03 10 23:43:34.892    85414.892  0.2747 31.1205 110.7805   4.00   -inf  -nan   3   3   6   2 165.46
    1   2018 03 11 05:05:47.641    18347.641  0.2219 31.1005 110.8605  10.00   -inf  -nan   3   2   5   1 169.68
    2   2018 03 11 05:37:22.918    20242.918  0.2655 30.9405 110.7405  12.00   -inf  -nan   3   2   5   2 151.07
    3   2018 03 11 09:13:15.673    33195.673  0.1756 30.9305 111.2405   2.00   -inf  -nan   4   2   6   2 303.31
    4   2018 03 11 10:02:29.749    36149.749  0.2519 30.7105 110.9005   0.00   -inf  -nan  11   3  14   2 220.02
    5   2018 03 11 11:06:12.622    39972.622  0.2046 31.1805 110.2905   2.00   -inf  -nan   8   3  11   2 169.73
    6   2018 03 11 11:29:55.329    41395.329  0.2386 31.1005 110.2505   0.00   -inf  -nan   9   8  17   8 142.75
    7   2018 03 11 11:48:48.269    42528.269  0.2090 31.1305 110.3905   4.00   -inf  -nan   3   2   5   2 299.80
    8   2018 03 11 14:16:32.814    51392.814  0.1507 30.9005 110.7805  12.00   -inf  -nan   3   2   5   2 176.50
    9   2018 03 11 16:37:29.383    59849.383  0.2321 31.0505 110.1505   0.00   -inf  -nan   3   4   7   3 255.46
   10   2018 03 11 17:22:51.729    62571.729  0.3873 31.0305 110.4805   0.00   -inf  -nan   9   9  18   8  98.79
   11   2018 03 11 19:46:48.606    71208.606  0.2845 30.8705 110.8205   6.00   -inf  -nan  13  11  24  11  69.61
   12   2018 03 11 19:57:38.378    71858.378  0.1128 30.8205 110.6405   6.00   -inf  -nan   5   4   9   4 154.85
   13   2018 03 11 20:59:38.662    75578.662  0.1331 31.1705 110.5105   0.00   -inf  -nan   7   2   9   2 171.89
    1   2018 03 12 03:35:31.440    12931.440  0.2127 30.7405 110.8505   8.00   -inf  -nan   4   2   6   2 192.15
    2   2018 03 12 07:02:07.963    25327.963  0.2311 30.9405 109.9705  10.00   -inf  -nan   7   4  11   4 299.62
    3   2018 03 12 07:03:18.310    25398.310  0.2002 30.9705 111.1705   0.00   -inf  -nan   4   3   7   3 266.63
    4   2018 03 12 07:17:31.363    26251.363  0.2258 30.7405 110.8905   8.00   -inf  -nan   7   5  12   5 199.16
    5   2018 03 12 11:46:03.104    42363.104  0.2930 30.8705 110.8205   6.00   -inf  -nan  13  12  25  12  69.61
    6   2018 03 12 15:03:58.608    54238.608  0.2599 31.0905 110.2705   6.00   -inf  -nan  10   9  19   9 206.57
    7   2018 03 12 16:57:46.139    61066.139  0.2856 30.9905 110.5205   0.00   -inf  -nan  10   5  15   4  89.62
    8   2018 03 12 18:00:03.262    64803.262  0.2754 30.9405 110.7405   8.00   -inf  -nan  14  13  27  10  64.82
    9   2018 03 12 18:57:37.800    68257.800  0.1608 31.0805 110.1705   4.00   -inf  -nan   4   5   9   3 254.55
   10   2018 03 12 20:41:51.488    74511.488  0.4176 31.0605 110.4405   6.00   -inf  -nan   7   7  14   6 113.97
   11   2018 03 12 22:56:21.999    82581.999  0.1951 31.0905 110.0705   0.00   -inf  -nan   7   5  12   5 249.51
   12   2018 03 12 23:30:13.477    84613.477  0.3496 31.2505 110.5505   2.00   -inf  -nan   5   2   7   2 303.97
    1   2018 03 13 02:02:18.994     7338.994  0.1859 30.9405 110.7705  10.00   -inf  -nan   5   4   9   3 173.07
    2   2018 03 13 02:04:30.735     7470.735  0.1463 30.9405 110.7705  10.00   -inf  -nan   4   4   8   4 173.07
    3   2018 03 13 02:07:24.968     7644.968  0.1496 30.9805 110.5005   2.00   -inf  -nan   3   2   5   2 149.19
    4   2018 03 13 03:01:28.111    10888.111  0.2108 30.9405 110.7805  10.00   -inf  -nan   3   3   6   3 210.94
    5   2018 03 13 03:08:19.306    11299.306  0.2661 30.9805 110.5005   8.00   -inf  -nan   3   3   6   3 149.19
    6   2018 03 13 03:42:54.083    13374.083  0.2281 31.2105 110.5105   2.00   -inf  -nan   3   2   5   2 311.92
    7   2018 03 13 04:22:30.530    15750.530  0.1084 31.0605 110.4405   6.00   -inf  -nan   3   2   5   1 216.40
    8   2018 03 13 04:43:47.878    17027.878  0.3999 31.0505 110.4505   0.00   -inf  -nan  15  16  31  13 106.33
    9   2018 03 13 04:52:49.489    17569.489  0.3753 31.0505 110.4605   4.00   -inf  -nan   4   4   8   4 122.88
   10   2018 03 13 05:52:19.601    21139.601  0.4188 31.2205 110.0505   8.00   -inf  -nan   4   4   8   2 289.11
   11   2018 03 13 06:05:49.048    21949.048  0.2469 31.2205 110.3705   8.00   -inf  -nan   3   3   6   2 217.93
   12   2018 03 13 07:36:33.846    27393.846  0.4926 30.8105 110.8105  20.00   -inf  -nan   4   2   6   1 130.42
   13   2018 03 13 07:51:04.005    28264.005  0.2252 30.9105 110.7405  10.00   -inf  -nan   8   7  15   7 123.37
   14   2018 03 13 08:00:22.314    28822.314  0.1875 30.9405 110.7605  10.00   -inf  -nan  12  11  23  11  89.30
   15   2018 03 13 09:11:20.052    33080.052  0.3383 31.0505 110.4305  10.00   -inf  -nan   5   4   9   4 194.23
   16   2018 03 13 09:27:34.252    34054.252  0.3889 31.0205 110.4805   0.00   -inf  -nan   3   3   6   2 163.04
   17   2018 03 13 11:24:24.490    41064.490  0.1070 31.0205 110.7805   4.00   -inf  -nan   3   2   5   2 214.17
   18   2018 03 13 17:07:16.577    61636.577  0.2990 31.0905 110.1505   4.00   -inf  -nan   3   3   6   3 245.46
   19   2018 03 13 18:03:25.479    65005.479  0.2103 30.8905 110.8005   4.00   -inf  -nan   7   6  13   5  91.16
   20   2018 03 13 18:14:40.935    65680.935  0.4109 31.0605 110.4405   4.00   -inf  -nan  11  13  24  11 108.13
   21   2018 03 13 18:38:17.648    67097.648  0.1106 31.0905 110.2705   0.00   -inf  -nan   3   2   5   2 248.88
   22   2018 03 13 19:06:54.971    68814.971  0.4122 31.0505 110.4605   0.00   -inf  -nan   8   9  17   7 109.45
   23   2018 03 13 22:34:52.188    81292.188  0.1215 31.0105 110.5105   0.00   -inf  -nan   3   2   5   1 137.68
    1   2018 03 14 03:52:30.083    13950.083  0.1876 30.7805 110.7605  10.00   -inf  -nan   6   4  10   3 124.85
    2   2018 03 14 04:42:36.859    16956.859  0.4255 30.8105 110.8505   0.00   -inf  -nan   4   2   6   1 182.21
    3   2018 03 14 05:45:19.738    20719.738  0.4978 31.2505 109.9905   0.00   -inf  -nan   7   7  14   4 304.25
    4   2018 03 14 08:43:01.431    31381.431  0.2457 30.7405 110.8505   0.00   -inf  -nan   7   2   9   2 190.10
    5   2018 03 14 09:02:46.148    32566.148  0.2551 30.8505 111.1205   8.00   -inf  -nan   7   4  11   4 205.95
    6   2018 03 14 09:30:17.231    34217.231  0.4634 30.9305 111.2005   4.00   -inf  -nan   4   3   7   2 279.86
    7   2018 03 14 09:37:46.120    34666.120  0.1496 31.2605 110.0505  14.00   -inf  -nan   3   2   5   2 303.28
    8   2018 03 14 10:32:52.965    37972.965  0.4236 31.0605 110.1305   6.00   -inf  -nan   6   3   9   3 216.83
    9   2018 03 14 17:12:43.626    61963.626  0.3056 31.0605 110.2905   4.00   -inf  -nan   4   3   7   3 171.12
   10   2018 03 14 17:53:37.036    64417.036  0.3983 31.1705 110.2705  18.00   -inf  -nan   5   3   8   1 270.29
   11   2018 03 14 22:31:11.879    81071.879  0.3483 31.0705 110.4805   2.00   -inf  -nan   3   3   6   2 223.56
    1   2018 03 15 05:23:34.172    19414.172  0.3253 30.9405 110.7605   8.00   -inf  -nan  17  17  34  16  64.29
    2   2018 03 15 05:31:10.194    19870.194  0.2198 30.9405 110.7605  10.00   -inf  -nan   7   8  15   6 127.90
    3   2018 03 15 05:32:10.898    19930.898  0.2374 30.9405 110.7605  10.00   -inf  -nan  15  13  28  12  89.30
    4   2018 03 15 05:33:04.425    19984.425  0.1640 30.9005 110.7605   0.00   -inf  -nan   3   2   5   1 142.06
    5   2018 03 15 05:40:42.805    20442.805  0.2065 30.9405 110.7605  10.00   -inf  -nan   8   9  17   8 127.90
    6   2018 03 15 05:41:07.742    20467.742  0.2035 30.9405 110.7805  10.00   -inf  -nan   6   5  11   4 146.46
    7   2018 03 15 05:50:03.224    21003.224  0.2030 30.9405 110.7605  10.00   -inf  -nan  13  13  26  12  77.93
    8   2018 03 15 05:50:29.265    21029.265  0.2536 30.9105 110.7405   8.00   -inf  -nan   6   6  12   5 123.37
    9   2018 03 15 06:18:49.278    22729.278  0.2227 30.9405 110.7605  10.00   -inf  -nan   9   9  18   8  89.30
   10   2018 03 15 09:29:12.846    34152.846  0.4354 31.0805 110.1305  10.00   -inf  -nan  12   9  21   8 218.09
   11   2018 03 15 09:54:12.332    35652.332  0.4332 30.9205 110.0905   8.00   -inf  -nan   5   3   8   3 309.13
   12   2018 03 15 13:00:03.094    46803.094  0.3937 31.0205 110.4405   0.00   -inf  -nan   6   3   9   2 152.49
   13   2018 03 15 14:39:44.858    52784.858  0.3425 30.9405 110.7805  14.00   -inf  -nan   3   3   6   3 210.94
   14   2018 03 15 16:32:45.316    59565.316  0.2554 30.9105 110.8205   4.00   -inf  -nan  16  15  31  15  67.00
   15   2018 03 15 17:24:20.530    62660.530  0.2814 31.0905 110.1105   6.00   -inf  -nan   5   4   9   3 277.12
    1   2018 03 16 02:53:55.402    10435.402  0.2631 30.8605 111.1305  10.00   -inf  -nan   5   3   8   2 204.21
    2   2018 03 16 02:55:40.527    10540.527  0.2107 30.7005 111.0505   2.00   -inf  -nan   4   3   7   3 294.48
    3   2018 03 16 04:45:41.230    17141.230  0.1955 30.7005 111.0505   2.00   -inf  -nan   3   3   6   2 294.48
    4   2018 03 16 04:46:56.360    17216.360  0.2398 31.2205 110.0505   2.00   -inf  -nan   7   5  12   4 289.11
    5   2018 03 16 06:39:51.422    23991.422  0.2376 30.8905 110.8005   2.00   -inf  -nan   5   3   8   3 216.67
    6   2018 03 16 09:45:42.669    35142.669  0.3738 31.0205 110.4405   8.00   -inf  -nan   6   6  12   5 144.10
    7   2018 03 16 20:32:13.142    73933.142  0.3349 31.0205 110.4405   0.00   -inf  -nan   3   4   7   3 197.51
    8   2018 03 16 20:40:16.300    74416.300  0.2512 31.0605 110.4405   4.00   -inf  -nan   5   4   9   4 216.40
    9   2018 03 16 22:52:11.448    82331.448  0.2761 30.9405 110.7805  10.00   -inf  -nan   7   5  12   4 120.33
   10   2018 03 16 22:53:22.666    82402.666  0.2942 30.9505 110.7605  12.00   -inf  -nan   9   8  17   8  97.61
    1   2018 03 17 00:10:16.905      616.905  0.3048 30.9405 110.7605  10.00   -inf  -nan  20  20  40  20  64.29
    2   2018 03 17 00:11:02.092      662.092  0.2147 30.9405 110.7605  10.00   -inf  -nan   9  10  19   9  89.30
    3   2018 03 17 00:11:43.403      703.403  0.2381 30.9005 110.6905  12.00   -inf  -nan   3   2   5   1 155.03
    4   2018 03 17 00:12:32.404      752.404  0.2071 30.9405 110.7605  10.00   -inf  -nan  11  11  22  10  89.30
    5   2018 03 17 00:15:36.038      936.038  0.1258 30.9405 110.7405  12.00   -inf  -nan   6   2   8   2 110.40
    6   2018 03 17 00:20:56.758     1256.758  0.2282 30.9405 110.7405  12.00   -inf  -nan   5   4   9   4 114.46
    7   2018 03 17 00:33:54.374     2034.374  0.3096 30.9405 110.7405  16.00   -inf  -nan   5   4   9   2  94.47
    8   2018 03 17 00:34:31.222     2071.222  0.3947 30.9405 110.7805  12.00   -inf  -nan  17  18  35  16  62.87
    9   2018 03 17 00:46:03.327     2763.327  0.2096 30.9305 110.7605   8.00   -inf  -nan   4   2   6   2 183.49
   10   2018 03 17 01:05:02.598     3902.598  0.1704 30.9405 110.7605  10.00   -inf  -nan   7  10  17   7  89.30
   11   2018 03 17 01:07:28.540     4048.540  0.2994 30.9405 110.7405  12.00   -inf  -nan   4   4   8   2 114.46
   12   2018 03 17 01:13:25.275     4405.275  0.3347 30.9805 110.7205  16.00   -inf  -nan   4   3   7   3 207.41
   13   2018 03 17 01:16:22.868     4582.868  0.2294 30.9405 110.7605  10.00   -inf  -nan   8  10  18   7  89.30
   14   2018 03 17 01:18:25.863     4705.863  0.2070 30.9405 110.7605   8.00   -inf  -nan   7   3  10   3  89.30
   15   2018 03 17 01:45:02.193     6302.193  0.3497 30.9405 110.7605   8.00   -inf  -nan  18  19  37  18  64.29
   16   2018 03 17 01:46:53.348     6413.348  0.1361 30.9405 110.7605  10.00   -inf  -nan   6   3   9   3  89.30
   17   2018 03 17 01:54:47.786     6887.786  0.2185 30.9405 110.7605  12.00   -inf  -nan   8   7  15   5 110.97
   18   2018 03 17 02:15:10.325     8110.325  0.2190 30.9405 110.7605  10.00   -inf  -nan  10  11  21  10  77.93
   19   2018 03 17 02:21:46.291     8506.291  0.3153 30.9405 110.7405  14.00   -inf  -nan   4   4   8   3 127.75
   20   2018 03 17 02:59:08.107    10748.107  0.4057 30.9005 110.7205   0.00   -inf  -nan  15  12  27  10  94.62
   21   2018 03 17 03:37:26.967    13046.967  0.3547 30.8205 110.6405   4.00   -inf  -nan   8   8  16   8 154.85
   22   2018 03 17 04:06:00.386    14760.386  0.2533 30.7105 111.1805  12.00   -inf  -nan   7   3  10   3 283.36
   23   2018 03 17 08:33:19.797    30799.797  0.2222 30.9405 110.7605  10.00   -inf  -nan   5   4   9   4 128.27
   24   2018 03 17 08:34:21.076    30861.076  0.4147 30.9405 110.7405  16.00   -inf  -nan   9   8  17   8  94.47
   25   2018 03 17 09:02:09.129    32529.129  0.3355 30.9405 110.7405  14.00   -inf  -nan   6   6  12   4  94.47
   26   2018 03 17 09:18:54.736    33534.736  0.1815 30.8905 111.0005   4.00   -inf  -nan   5   2   7   2 132.11
   27   2018 03 17 09:26:46.149    34006.149  0.2192 30.9405 110.7605  10.00   -inf  -nan  10  10  20  10  89.30
   28   2018 03 17 09:27:18.186    34038.186  0.3377 30.9405 110.7605  10.00   -inf  -nan  20  20  40  20  64.29
   29   2018 03 17 09:31:13.372    34273.372  0.3719 30.9405 110.7805  12.00   -inf  -nan   8   9  17   8  92.21
   30   2018 03 17 10:26:06.763    37566.763  0.1903 30.9405 110.7505  10.00   -inf  -nan   3   2   5   1 168.30
   31   2018 03 17 10:26:24.128    37584.128  0.2400 30.9405 110.7605  10.00   -inf  -nan  14  13  27  13  77.93
   32   2018 03 17 11:43:46.857    42226.857  0.3955 30.8705 110.7805   2.00   -inf  -nan   3   3   6   3 193.34
   33   2018 03 17 14:41:09.640    52869.640  0.2634 31.1005 110.2505   6.00   -inf  -nan  12   5  17   5 142.75
   34   2018 03 17 14:54:43.961    53683.961  0.2406 31.2105 110.5505   0.00   -inf  -nan   8   2  10   2 192.64
   35   2018 03 17 22:59:58.193    82798.193  0.3488 31.0205 110.4805   0.00   -inf  -nan   3   4   7   3 196.96
    1   2018 03 18 00:36:49.591     2209.591  0.4383 30.8905 110.8005   6.00   -inf  -nan   7   8  15   7  77.77
    2   2018 03 18 02:55:10.706    10510.706  0.2194 30.9305 111.1705   0.00   -inf  -nan   4   2   6   2 146.89
    3   2018 03 18 09:16:07.880    33367.880  0.3189 30.9405 110.7805   6.00   -inf  -nan  15  16  31  14  62.87
    4   2018 03 18 09:47:01.984    35221.984  0.2919 30.8905 111.0005   4.00   -inf  -nan   4   2   6   2 132.11
    5   2018 03 18 14:29:02.888    52142.888  0.3473 31.1305 110.3105   0.00   -inf  -nan   5   2   7   2 134.51
    6   2018 03 18 15:36:14.896    56174.896  0.3463 31.0405 110.2905   6.00   -inf  -nan   9   8  17   7 120.41
    7   2018 03 18 20:56:06.498    75366.498  0.2983 31.0105 110.4705  16.00   -inf  -nan   5   5  10   5 131.60
    1   2018 03 19 02:00:15.934     7215.934  0.2789 30.9305 111.1705   0.00   -inf  -nan   6   4  10   4 146.89
    2   2018 03 19 05:01:25.330    18085.330  0.4738 30.9005 110.7505   0.00   -inf  -nan   5   8  13   4  86.96
    3   2018 03 19 05:08:59.149    18539.149  0.3662 30.9305 111.1705  16.00   -inf  -nan   4   2   6   1 146.90
    4   2018 03 19 06:07:46.976    22066.976  0.2303 30.9705 111.2405   0.00   -inf  -nan   4   2   6   2 332.03
    5   2018 03 19 09:43:59.107    35039.107  0.1708 30.8905 111.0005   4.00   -inf  -nan   5   2   7   2 124.82
    6   2018 03 19 11:34:38.906    41678.906  0.2483 31.1705 110.3405   0.00   -inf  -nan   8   2  10   2 176.84
    7   2018 03 19 21:48:22.194    78502.194  0.2758 30.9405 110.7805  10.00   -inf  -nan   6   6  12   5  92.21
    8   2018 03 19 22:04:30.551    79470.551  0.3328 31.0905 110.4205   2.00   -inf  -nan   6   4  10   3 118.85
    1   2018 03 20 01:35:36.884     5736.884  0.3610 30.9405 110.7805  12.00   -inf  -nan  16  15  31  15 146.46
    2   2018 03 20 01:36:34.102     5794.102  0.2162 30.9405 110.7605  12.00   -inf  -nan   6   6  12   4 127.90
    3   2018 03 20 04:04:18.634    14658.634  0.4063 31.2805 110.8605   0.00   -inf  -nan  12   8  20   7 273.09
    4   2018 03 20 05:12:07.442    18727.442  0.1659 30.8905 111.0005   4.00   -inf  -nan   4   2   6   2 221.03
    5   2018 03 20 07:36:51.680    27411.680  0.3770 30.9405 110.4605  10.00   -inf  -nan   8   6  14   4  84.04
    6   2018 03 20 08:49:24.820    31764.820  0.3889 30.9305 111.2405   4.00   -inf  -nan   4   2   6   2 300.87
    7   2018 03 20 10:40:54.079    38454.079  0.3416 30.8505 111.0905   6.00   -inf  -nan   9   6  15   6 170.85
    8   2018 03 20 12:40:43.686    45643.686  0.3053 31.0605 110.8205  12.00   -inf  -nan  17  16  33  16 109.59
    9   2018 03 20 12:56:17.330    46577.330  0.1497 31.0605 110.8205  14.00   -inf  -nan   5   4   9   4 130.43
   10   2018 03 20 14:02:01.052    50521.052  0.2991 30.9405 110.7605   8.00   -inf  -nan  19  15  34  15  64.29
   11   2018 03 20 14:28:22.917    52102.917  0.3034 30.9105 110.7805  10.00   -inf  -nan  17  10  27  10  75.14
   12   2018 03 20 16:19:58.833    58798.833  0.2451 30.9105 110.7805   4.00   -inf  -nan  13  17  30  12  75.14
    1   2018 03 21 00:58:08.820     3488.820  0.1104 30.7505 110.8605   6.00   -inf  -nan   4   2   6   1 184.87
    2   2018 03 21 01:44:12.340     6252.340  0.3207 30.9405 110.0005  12.00   -inf  -nan   6   3   9   3 294.85
    3   2018 03 21 04:12:53.407    15173.407  0.4448 31.2605 110.8305   0.00   -inf  -nan   9  11  20   7 260.25
    4   2018 03 21 05:04:03.101    18243.101  0.2454 31.0505 110.4605   0.00   -inf  -nan   5   5  10   3 111.60
    5   2018 03 21 05:54:55.234    21295.234  0.3341 31.1405 110.3405   0.00   -inf  -nan   4   2   6   1 240.78
    6   2018 03 21 06:13:06.030    22386.030  0.2952 30.8905 110.4505   8.00   -inf  -nan   7   9  16   6 179.14
    7   2018 03 21 06:20:14.369    22814.369  0.3247 31.0205 110.4405   0.00   -inf  -nan   7   7  14   3  87.12
    8   2018 03 21 06:25:35.723    23135.723  0.3713 31.2205 110.3205   2.00   -inf  -nan   6   8  14   4 280.44
    9   2018 03 21 06:36:43.508    23803.508  0.3297 31.1705 110.3805   0.00   -inf  -nan   7   5  12   2 174.23
   10   2018 03 21 07:04:16.203    25456.203  0.3286 30.8905 111.0005   4.00   -inf  -nan   4   2   6   2 220.93
   11   2018 03 21 07:31:32.029    27092.029  0.2156 30.8505 111.1305   4.00   -inf  -nan   9   5  14   5 210.75
   12   2018 03 21 09:11:24.624    33084.624  0.2397 30.8505 111.1305   6.00   -inf  -nan   6   4  10   4 210.75
   13   2018 03 21 09:12:16.826    33136.826  0.1417 30.8505 111.1305   6.00   -inf  -nan   7   3  10   3 210.75
   14   2018 03 21 10:01:06.694    36066.694  0.2922 30.9705 110.3905   0.00   -inf  -nan  18   2  20   2  92.49
   15   2018 03 21 10:36:56.508    38216.508  0.3435 30.9805 110.8205   6.00   -inf  -nan   9   8  17   6 141.74
   16   2018 03 21 11:23:39.323    41019.323  0.1697 31.0605 110.7805   0.00   -inf  -nan   3   2   5   2 246.82
   17   2018 03 21 15:13:51.935    54831.935  0.2650 30.9305 111.2005   4.00   -inf  -nan   5   2   7   2 279.86
   18   2018 03 21 15:16:17.001    54977.001  0.2440 30.9305 111.1705   0.00   -inf  -nan   4   4   8   3 146.89
   19   2018 03 21 16:40:17.454    60017.454  0.2363 30.9305 110.3305  10.00   -inf  -nan   7   6  13   6 115.45
   20   2018 03 21 18:44:12.904    67452.904  0.1373 31.1705 110.3405  10.00   -inf  -nan   3   2   5   2 206.23
   21   2018 03 21 19:56:24.683    71784.683  0.1633 30.9305 110.7905   8.00   -inf  -nan  11  10  21  10  88.07
   22   2018 03 21 19:59:35.585    71975.585  0.1249 30.9105 110.7805   6.00   -inf  -nan   3   3   6   3 206.47
   23   2018 03 21 20:30:03.864    73803.864  0.3010 30.7905 110.7805   6.00   -inf  -nan   5   6  11   5 146.07
   24   2018 03 21 20:34:35.121    74075.121  0.2403 30.9305 110.3305  10.00   -inf  -nan   6   6  12   6 115.45
   25   2018 03 21 20:36:48.044    74208.044  0.2522 30.9305 110.3305  10.00   -inf  -nan   6   7  13   6 115.45
   26   2018 03 21 22:33:46.396    81226.396  0.3369 31.1705 110.3005   0.00   -inf  -nan  11  10  21   9 149.13
   27   2018 03 21 23:50:21.451    85821.451  0.1632 30.8505 111.1305   6.00   -inf  -nan  11   5  16   5 210.25
    1   2018 03 22 00:06:47.719      407.719  0.2452 31.1705 110.4605   6.00   -inf  -nan   4   3   7   1 203.00
    2   2018 03 22 00:47:18.119     2838.119  0.1859 30.8505 111.1305   6.00   -inf  -nan  12   4  16   4 210.25
    3   2018 03 22 00:48:10.730     2890.730  0.2437 30.8505 111.1305   4.00   -inf  -nan   6   3   9   2 210.75
    4   2018 03 22 03:47:53.916    13673.916  0.3371 31.2205 110.0505   0.00   -inf  -nan  12   7  19   6 289.11
    5   2018 03 22 03:58:05.725    14285.725  0.2837 31.2205 110.0905   0.00   -inf  -nan   3   2   5   1 283.12
    6   2018 03 22 04:01:59.530    14519.530  0.2641 31.2205 110.0905   0.00   -inf  -nan  11   6  17   6 283.12
    7   2018 03 22 04:04:07.567    14647.567  0.4235 31.1705 110.3905   0.00   -inf  -nan  11   8  19   5 164.24
    8   2018 03 22 04:29:15.457    16155.457  0.3457 31.0105 110.5505   0.00   -inf  -nan  13   6  19   5  74.06
    9   2018 03 22 05:15:04.117    18904.117  0.3356 30.9805 110.0105   0.00   -inf  -nan  13  13  26  10 281.89
   10   2018 03 22 07:20:51.609    26451.609  0.3503 30.9805 110.8105   0.00   -inf  -nan   8   9  17   8 116.62
   11   2018 03 22 07:22:23.105    26543.105  0.3283 30.9905 110.8005   0.00   -inf  -nan  13   7  20   6  67.62
   12   2018 03 22 08:04:08.505    29048.505  0.3789 30.9805 110.4005   0.00   -inf  -nan  12   5  17   5 116.41
   13   2018 03 22 08:59:54.289    32394.289  0.2069 30.7305 110.8405   6.00   -inf  -nan   9   5  14   5 195.65
   14   2018 03 22 09:11:11.268    33071.268  0.2090 30.8505 111.1305   4.00   -inf  -nan   7   6  13   6 210.75
   15   2018 03 22 09:34:07.324    34447.324  0.3919 31.1405 110.6405   8.00   -inf  -nan   8   2  10   2 273.87
   16   2018 03 22 10:22:24.803    37344.803  0.2496 30.8505 111.1305   4.00   -inf  -nan  10   5  15   5 210.25
   17   2018 03 22 10:23:43.591    37423.591  0.2359 30.8505 111.1305   6.00   -inf  -nan  12   7  19   7 210.25
   18   2018 03 22 16:37:26.670    59846.670  0.1778 30.9305 111.1705   0.00   -inf  -nan   5   2   7   2 146.89
   19   2018 03 22 19:52:09.121    71529.121  0.2616 30.9305 110.3305  10.00   -inf  -nan   6   6  12   6 115.45
   20   2018 03 22 21:49:16.949    78556.949  0.2167 30.9405 111.2705   2.00   -inf  -nan   5   2   7   2 306.46
   21   2018 03 22 23:09:06.428    83346.428  0.2965 31.1305 110.3005   2.00   -inf  -nan  10   7  17   6 131.46
   22   2018 03 22 23:29:54.289    84594.289  0.2706 30.8905 110.7605  10.00   -inf  -nan   3   2   5   2 151.10
    1   2018 03 23 00:01:07.655       67.655  0.1387 30.8505 111.1305   6.00   -inf  -nan   8   6  14   6 210.75
    2   2018 03 23 00:26:06.806     1566.806  0.2987 31.1705 110.3105  20.00   -inf  -nan   3   2   5   1 151.82
    3   2018 03 23 02:17:41.450     8261.450  0.2258 30.8505 111.1305   4.00   -inf  -nan   9   4  13   4 210.75
    4   2018 03 23 02:18:30.271     8310.271  0.1102 30.8505 111.1305   6.00   -inf  -nan   5   4   9   4 210.75
    5   2018 03 23 02:24:07.410     8647.410  0.3594 30.9405 110.7805  14.00   -inf  -nan   6   4  10   4 165.87
    6   2018 03 23 03:42:50.912    13370.912  0.4511 30.9305 110.3305   2.00   -inf  -nan   8   4  12   4 115.45
    7   2018 03 23 03:48:56.553    13736.553  0.2013 30.9305 110.2905   6.00   -inf  -nan   3   2   5   1 173.30
    8   2018 03 23 06:44:13.487    24253.487  0.1452 30.8505 111.1305   4.00   -inf  -nan   9   3  12   3 210.75
    9   2018 03 23 06:49:29.872    24569.872  0.3507 31.0605 110.4005  10.00   -inf  -nan   6   5  11   2 173.93
   10   2018 03 23 07:16:44.325    26204.325  0.2869 30.9605 109.9705  12.00   -inf  -nan   7   3  10   3 295.22
   11   2018 03 23 08:54:01.089    32041.089  0.3462 30.5805 110.8905  14.00   -inf  -nan   4   5   9   3 282.17
   12   2018 03 23 09:01:47.284    32507.284  0.2277 30.8505 111.1305   4.00   -inf  -nan  13   6  19   6 210.25
   13   2018 03 23 09:02:47.231    32567.231  0.2980 30.8505 111.1305   6.00   -inf  -nan  10   7  17   7 210.25
   14   2018 03 23 12:16:44.594    44204.594  0.1932 30.8905 111.0105   4.00   -inf  -nan   7   2   9   2  93.56
   15   2018 03 23 21:13:26.713    76406.713  0.4186 31.0205 110.4405   8.00   -inf  -nan  10  11  21   9  87.12
   16   2018 03 23 21:31:27.539    77487.539  0.1969 30.7705 110.7605  10.00   -inf  -nan   7   5  12   5 124.90
   17   2018 03 23 23:44:14.386    85454.386  0.4792 30.8705 110.8605   8.00   -inf  -nan   3   2   5   2 183.74
    1   2018 03 24 00:13:44.239      824.239  0.1644 30.8505 111.1305   6.00   -inf  -nan  11   6  17   5 210.75
    2   2018 03 24 00:14:16.926      856.926  0.1272 30.8505 111.1305   6.00   -inf  -nan   6   5  11   5 210.75
    3   2018 03 24 00:36:04.232     2164.232  0.3611 31.0305 110.4405   8.00   -inf  -nan   6   6  12   5  92.86
    4   2018 03 24 00:41:38.724     2498.724  0.2180 30.9405 111.1905   2.00   -inf  -nan   3   2   5   1 200.27
    5   2018 03 24 01:32:34.521     5554.521  0.1601 30.8505 111.1305   6.00   -inf  -nan   9   6  15   6 210.25
    6   2018 03 24 01:33:19.971     5599.971  0.1523 30.8505 111.1305   6.00   -inf  -nan   4   4   8   4 210.75
    7   2018 03 24 03:57:35.257    14255.257  0.2425 31.1105 110.4805   2.00   -inf  -nan   6   4  10   3 204.40
    8   2018 03 24 04:48:44.316    17324.316  0.3899 31.0205 110.4005  18.00   -inf  -nan   3   2   5   1 116.41
    9   2018 03 24 04:49:34.238    17374.238  0.3064 30.9405 110.7605   8.00   -inf  -nan  16  16  32  14  64.29
   10   2018 03 24 05:56:56.947    21416.947  0.4829 31.0105 110.4605   0.00   -inf  -nan  13   9  22   8  84.67
   11   2018 03 24 07:28:09.305    26889.305  0.3388 30.7405 110.9305   8.00   -inf  -nan   7   4  11   3 207.91
   12   2018 03 24 08:19:48.098    29988.098  0.2941 30.9605 110.0105  14.00   -inf  -nan   7   3  10   3 287.09
   13   2018 03 24 08:25:33.367    30333.367  0.1926 30.8505 111.1305   4.00   -inf  -nan  10   8  18   8 210.25
   14   2018 03 24 09:38:11.574    34691.574  0.2598 31.0905 110.3905  12.00   -inf  -nan   4   4   8   2 103.10
   15   2018 03 24 09:56:39.964    35799.964  0.2125 30.8505 111.1305   4.00   -inf  -nan  13   2  15   2 210.25
   16   2018 03 24 09:59:18.803    35958.803  0.2468 30.8505 111.1305   6.00   -inf  -nan  16   8  24   8 210.25
   17   2018 03 24 12:07:52.264    43672.264  0.3367 31.0505 110.4305   2.00   -inf  -nan   7   6  13   5 102.66
   18   2018 03 24 15:23:29.655    55409.655  0.2707 31.0905 110.4205   6.00   -inf  -nan  10   9  19   8 118.85
   19   2018 03 24 16:00:08.296    57608.296  0.1732 30.9305 111.1705   0.00   -inf  -nan   5   3   8   3 146.89
   20   2018 03 24 16:33:10.361    59590.361  0.2321 30.9505 110.7605  12.00   -inf  -nan   7   7  14   6 104.62
   21   2018 03 24 17:49:19.555    64159.555  0.1201 31.0405 110.1705   4.00   -inf  -nan   6   4  10   4 190.53
    1   2018 03 25 00:05:09.760      309.760  0.2233 30.8505 111.1305   6.00   -inf  -nan  13   7  20   6 210.25
    2   2018 03 25 00:05:56.014      356.014  0.2478 30.8605 111.1305   2.00   -inf  -nan  14   8  22   8 204.21
    3   2018 03 25 01:08:33.264     4113.264  0.3108 30.8905 111.1305   8.00   -inf  -nan   3   3   6   1 164.15
    4   2018 03 25 01:23:12.412     4992.412  0.1831 30.8505 111.1305   6.00   -inf  -nan  10   6  16   6 210.75
    5   2018 03 25 01:23:53.954     5033.954  0.2062 30.8505 111.1305   4.00   -inf  -nan   6   5  11   5 210.75
    6   2018 03 25 01:25:13.113     5113.113  0.1476 30.8905 111.0105   4.00   -inf  -nan   6   2   8   2  93.56
    7   2018 03 25 01:39:17.802     5957.802  0.2730 31.0505 110.1105   4.00   -inf  -nan   6   3   9   2 270.17
    8   2018 03 25 02:26:58.624     8818.624  0.2435 30.9405 110.7805  10.00   -inf  -nan   9   7  16   7  92.21
    9   2018 03 25 02:49:52.419    10192.419  0.4122 31.0205 110.4505   8.00   -inf  -nan  16  14  30  14  88.98
   10   2018 03 25 03:44:21.224    13461.224  0.1842 30.8705 111.0205   6.00   -inf  -nan   5   2   7   2 111.88
   11   2018 03 25 05:38:57.031    20337.031  0.4750 31.1405 110.4505  14.00   -inf  -nan   3   2   5   2 313.47
   12   2018 03 25 06:12:15.479    22335.479  0.4190 31.0205 110.4405   0.00   -inf  -nan   9   3  12   3 142.48
   13   2018 03 25 06:22:48.308    22968.308  0.4142 31.0405 110.4205   0.00   -inf  -nan   7   6  13   1 155.70
   14   2018 03 25 09:22:58.295    33778.295  0.4718 30.8905 110.7205   0.00   -inf  -nan  10  12  22   9  97.68
   15   2018 03 25 09:42:24.462    34944.462  0.3264 31.0205 110.7405   6.00   -inf  -nan  13  12  25  10  75.53
   16   2018 03 25 09:55:09.461    35709.461  0.1931 30.8505 111.1305   6.00   -inf  -nan  13   6  19   5 210.75
   17   2018 03 25 09:56:19.691    35779.691  0.2146 30.8505 111.1305   6.00   -inf  -nan   8   7  15   7 210.25
   18   2018 03 25 11:31:33.167    41493.167  0.3670 30.9405 110.5005   4.00   -inf  -nan   6   3   9   3 121.43
   19   2018 03 25 14:59:03.342    53943.342  0.2924 31.0905 110.4205   8.00   -inf  -nan  16  12  28  11 118.85
   20   2018 03 25 20:22:14.540    73334.540  0.2939 31.0205 110.5805  16.00   -inf  -nan   6   2   8   1 108.61
   21   2018 03 25 21:08:02.003    76082.003  0.3416 31.0105 110.7205   8.00   -inf  -nan   9   6  15   4 130.74
   22   2018 03 25 21:26:03.577    77163.577  0.2658 31.1005 110.4405   0.00   -inf  -nan   5   3   8   2 200.33
   23   2018 03 25 23:55:22.982    86122.982  0.2989 30.8505 111.1305   2.00   -inf  -nan  10   9  19   8 210.25
   24   2018 03 25 23:56:11.727    86171.727  0.1178 30.8505 111.1305   6.00   -inf  -nan   6   4  10   4 210.75
    1   2018 03 26 03:20:23.439    12023.439  0.2552 30.9005 110.7805   8.00   -inf  -nan  13  14  27  12  79.34
    2   2018 03 26 03:45:49.791    13549.791  0.3474 31.1705 110.3805   0.00   -inf  -nan  11   5  16   3 163.23
    3   2018 03 26 04:14:17.664    15257.664  0.2556 30.7305 111.1305   4.00   -inf  -nan   4   3   7   3 269.15
    4   2018 03 26 04:17:46.642    15466.642  0.3884 31.0105 110.5505   0.00   -inf  -nan  11   3  14   3  77.69
    5   2018 03 26 04:50:25.115    17425.115  0.2015 30.8605 110.7405   0.00   -inf  -nan   6   2   8   2  99.04
    6   2018 03 26 04:57:14.351    17834.351  0.1050 30.7805 110.7605   8.00   -inf  -nan   3   3   6   2 124.85
    7   2018 03 26 04:59:48.620    17988.620  0.3359 30.7405 110.5005   0.00   -inf  -nan   4   3   7   2 203.66
    8   2018 03 26 05:16:00.070    18960.070  0.3670 30.9705 110.4005   0.00   -inf  -nan   9   5  14   2  92.32
    9   2018 03 26 05:52:38.371    21158.371  0.1661 31.0305 110.7205   8.00   -inf  -nan   3   2   5   1 270.57
   10   2018 03 26 06:59:44.247    25184.247  0.2944 31.0305 110.7205   6.00   -inf  -nan  10  12  22   8  83.71
   11   2018 03 26 07:42:34.481    27754.481  0.1342 30.8505 111.1305   6.00   -inf  -nan   8   6  14   5 210.75
   12   2018 03 26 07:43:21.847    27801.847  0.2939 30.8505 111.1305   4.00   -inf  -nan   9   7  16   6 210.75
   13   2018 03 26 07:45:59.411    27959.411  0.1820 30.8505 111.1305   6.00   -inf  -nan   7   5  12   5 210.75
   14   2018 03 26 07:47:12.179    28032.179  0.1481 30.8505 111.1305   6.00   -inf  -nan   5   3   8   3 210.75
   15   2018 03 26 08:15:13.275    29713.275  0.1981 30.8505 111.2005   6.00   -inf  -nan   3   3   6   2 253.44
   16   2018 03 26 09:10:39.813    33039.813  0.2132 30.8905 111.0405   6.00   -inf  -nan   7   3  10   3  98.74
   17   2018 03 26 10:28:38.815    37718.815  0.2513 30.8905 111.0905   2.00   -inf  -nan  10   6  16   6 113.28
   18   2018 03 26 11:01:44.463    39704.463  0.2657 30.9805 110.7005  12.00   -inf  -nan   3   3   6   3 228.14
   19   2018 03 26 15:56:47.234    57407.234  0.1342 31.0305 110.7205  10.00   -inf  -nan   9   6  15   4 143.69
   20   2018 03 26 18:05:56.341    65156.341  0.3806 31.0605 110.4405   4.00   -inf  -nan   4   4   8   2 128.37
   21   2018 03 26 19:18:26.070    69506.070  0.2561 31.0905 110.4605   0.00   -inf  -nan   4   3   7   2 190.27
   22   2018 03 26 23:38:01.438    85081.438  0.3121 30.8505 111.1305   6.00   -inf  -nan  14   8  22   8 210.25
   23   2018 03 26 23:39:20.726    85160.726  0.2185 30.8505 111.1305   6.00   -inf  -nan  12   6  18   6 210.25
   24   2018 03 26 23:58:22.690    86302.690  0.1067 30.8505 111.1305   6.00   -inf  -nan   6   5  11   5 210.75
    1   2018 03 27 00:45:46.043     2746.043  0.2289 30.8905 110.7605   0.00   -inf  -nan   3   2   5   2 151.10
    2   2018 03 27 03:49:00.682    13740.682  0.3253 31.2205 110.0505   0.00   -inf  -nan  10   6  16   5 289.11
    3   2018 03 27 04:00:12.714    14412.714  0.3011 30.8905 110.7205   8.00   -inf  -nan  15   7  22   7  97.68
    4   2018 03 27 04:06:31.756    14791.756  0.4647 31.0005 110.3705   0.00   -inf  -nan  13   5  18   2  84.72
    5   2018 03 27 04:08:59.521    14939.521  0.1915 30.8505 111.1305   6.00   -inf  -nan  12   8  20   8 210.25
    6   2018 03 27 04:20:09.470    15609.470  0.4619 30.9705 110.3705   4.00   -inf  -nan  12   9  21   5  88.31
    7   2018 03 27 04:34:27.069    16467.069  0.2810 30.9605 109.9705  10.00   -inf  -nan   7   7  14   6 295.22
    8   2018 03 27 06:16:10.395    22570.395  0.3455 30.9805 110.4005   6.00   -inf  -nan   4   3   7   3 211.87
    9   2018 03 27 06:39:09.244    23949.244  0.3438 30.7005 110.9705   2.00   -inf  -nan   5   4   9   4 238.03
   10   2018 03 27 07:02:11.862    25331.862  0.4252 31.0205 110.4405   0.00   -inf  -nan  12   7  19   6 106.55
   11   2018 03 27 07:09:38.191    25778.191  0.3550 30.7005 110.9705   2.00   -inf  -nan   5   3   8   2 238.03
   12   2018 03 27 07:16:25.269    26185.269  0.2973 30.8505 111.1305   2.00   -inf  -nan   6   7  13   5 210.75
   13   2018 03 27 07:43:39.166    27819.166  0.2954 30.8505 111.1305   6.00   -inf  -nan   8   7  15   5 210.25
   14   2018 03 27 07:45:12.696    27912.696  0.1538 30.8505 111.1305   6.00   -inf  -nan   9   6  15   6 210.75
   15   2018 03 27 07:46:33.315    27993.315  0.3206 30.7905 110.9405   4.00   -inf  -nan  11   7  18   6 155.53
   16   2018 03 27 08:21:53.674    30113.674  0.4472 31.0705 110.4805   2.00   -inf  -nan   5   2   7   2 223.56
   17   2018 03 27 08:30:47.122    30647.122  0.4157 31.0905 110.4705   0.00   -inf  -nan   7   5  12   4 213.76
   18   2018 03 27 08:50:57.976    31857.976  0.2502 30.8205 110.9305   0.00   -inf  -nan   8   4  12   4 102.66
   19   2018 03 27 09:06:12.362    32772.362  0.3327 30.8505 111.3605   6.00   -inf  -nan   9   4  13   3 317.54
   20   2018 03 27 15:46:52.920    56812.920  0.2801 31.1805 110.5305   0.00   -inf  -nan   5   2   7   2 177.44
   21   2018 03 27 16:06:47.119    58007.119  0.3543 30.8605 110.4805   0.00   -inf  -nan  10   8  18   6 190.19
   22   2018 03 27 16:36:18.121    59778.121  0.2507 31.1705 110.2305   8.00   -inf  -nan   6   2   8   2 148.67
   23   2018 03 27 17:10:01.615    61801.615  0.2895 30.7005 110.9305   8.00   -inf  -nan   9   9  18   9 227.80
   24   2018 03 27 23:42:59.136    85379.136  0.1794 30.8505 111.1305   6.00   -inf  -nan  12   7  19   7 210.25
   25   2018 03 27 23:44:20.970    85460.970  0.1289 30.8505 111.1305   6.00   -inf  -nan   9   2  11   2 210.25
   26   2018 03 27 23:44:46.564    85486.564  0.2578 30.8505 111.1305   6.00   -inf  -nan  14  10  24   9 210.25
   27   2018 03 27 23:45:32.677    85532.677  0.2762 30.8505 111.1305   4.00   -inf  -nan   8   4  12   3 210.75
    1   2018 03 28 02:52:13.734    10333.734  0.3529 30.9605 110.0105  14.00   -inf  -nan   5   2   7   2 287.09
    2   2018 03 28 03:14:07.002    11647.002  0.4344 31.1305 110.3805   0.00   -inf  -nan  10   6  16   4 207.10
    3   2018 03 28 03:43:43.714    13423.714  0.3211 31.0305 110.4405   4.00   -inf  -nan   4   3   7   1 149.14
    4   2018 03 28 04:00:47.304    14447.304  0.2335 31.2905 110.9105   0.00   -inf  -nan   4   2   6   1 332.50
    5   2018 03 28 04:05:20.872    14720.872  0.2441 31.0605 110.2005   0.00   -inf  -nan   4   2   6   1 237.20
    6   2018 03 28 06:18:40.896    22720.896  0.3148 31.1405 110.4005   4.00   -inf  -nan   6   2   8   1 171.41
    7   2018 03 28 07:23:16.251    26596.251  0.1777 30.8505 111.1305   6.00   -inf  -nan   9   4  13   4 210.25
    8   2018 03 28 07:24:34.736    26674.736  0.3113 30.8505 111.1305   2.00   -inf  -nan  10   6  16   6 210.25
    9   2018 03 28 08:26:52.757    30412.757  0.1862 31.0605 110.4405   8.00   -inf  -nan   4   2   6   2 170.49
   10   2018 03 28 08:28:26.161    30506.161  0.3901 30.8505 111.1305   6.00   -inf  -nan  16  13  29  12 210.25
   11   2018 03 28 09:01:55.536    32515.536  0.3648 31.1305 110.3405  20.00   -inf  -nan   3   4   7   1 268.27
   12   2018 03 28 09:34:34.892    34474.892  0.3766 30.7505 110.7805  14.00   -inf  -nan   6  11  17   6 143.65
   13   2018 03 28 13:45:58.370    49558.370  0.3230 31.0305 110.7205   8.00   -inf  -nan  18  20  38  18  83.71
   14   2018 03 28 14:32:26.284    52346.284  0.2893 31.0105 110.7105  10.00   -inf  -nan   6   6  12   4  88.49
   15   2018 03 28 15:07:46.300    54466.300  0.3902 31.0905 110.1105   4.00   -inf  -nan   3   5   8   3 230.20
   16   2018 03 28 15:12:02.706    54722.706  0.3483 31.0505 110.1505   4.00   -inf  -nan   7   8  15   6 204.15
   17   2018 03 28 17:30:33.147    63033.147  0.3287 31.1705 110.5105   2.00   -inf  -nan   5   2   7   1 171.89
   18   2018 03 28 18:03:35.147    65015.147  0.2893 30.8905 110.7605   8.00   -inf  -nan  16  18  34  15  86.43
   19   2018 03 28 18:59:11.230    68351.230  0.1051 30.8905 110.7605   6.00   -inf  -nan   3   2   5   2 208.90
   20   2018 03 28 19:27:47.591    70067.591  0.4276 30.9105 110.7805  16.00   -inf  -nan   8  12  20   8  75.13
   21   2018 03 28 20:07:42.998    72462.998  0.3704 30.9005 110.7605  12.00   -inf  -nan  18  17  35  15  84.40
   22   2018 03 28 20:51:36.799    75096.799  0.1962 30.9405 110.7605  10.00   -inf  -nan   9  11  20   8  89.30
   23   2018 03 28 22:15:06.454    80106.454  0.1797 30.9405 110.7605  10.00   -inf  -nan   7   9  16   7  89.30
   24   2018 03 28 22:43:22.994    81802.994  0.2200 30.9405 110.7805  10.00   -inf  -nan   5   7  12   5 120.33
   25   2018 03 28 22:43:42.254    81822.254  0.1180 30.9405 110.7805   8.00   -inf  -nan   6   5  11   5 149.06
   26   2018 03 28 23:02:41.633    82961.633  0.1796 30.9305 110.7605  12.00   -inf  -nan   6   4  10   3 136.17
   27   2018 03 28 23:05:09.187    83109.187  0.1016 30.9405 110.7805   8.00   -inf  -nan   4   6  10   4 118.14
   28   2018 03 28 23:45:19.130    85519.130  0.1640 30.8505 111.1305   6.00   -inf  -nan  12   5  17   5 210.25
    1   2018 03 29 00:09:36.474      576.474  0.1489 30.9005 110.7805   6.00   -inf  -nan   4   3   7   2 227.21
    2   2018 03 29 00:53:21.562     3201.562  0.2471 30.9405 110.7605  10.00   -inf  -nan  11  12  23  11 115.79
    3   2018 03 29 01:01:05.553     3665.553  0.2282 30.8505 111.1305   4.00   -inf  -nan  15  12  27  11 210.25
    4   2018 03 29 01:16:43.811     4603.811  0.4427 30.7105 110.9005   6.00   -inf  -nan   3   2   5   2 244.16
    5   2018 03 29 01:22:14.965     4934.965  0.3425 31.0305 110.4405   0.00   -inf  -nan   6   7  13   5  92.86
    6   2018 03 29 02:48:31.281    10111.281  0.3137 30.9405 110.7805  10.00   -inf  -nan  11  10  21  10  92.21
    7   2018 03 29 03:39:46.856    13186.856  0.3251 30.9805 110.4005   0.00   -inf  -nan  12   4  16   2  82.74
    8   2018 03 29 04:15:16.802    15316.802  0.1834 31.1205 110.0505   8.00   -inf  -nan  12   2  14   2 261.22
    9   2018 03 29 07:34:48.994    27288.994  0.4090 30.7105 110.8605   8.00   -inf  -nan   8   5  13   5 214.79
   10   2018 03 29 12:49:37.011    46177.011  0.2409 30.9405 110.7805  10.00   -inf  -nan   7   8  15   6  92.21
   11   2018 03 29 19:15:42.719    69342.719  0.2882 30.9305 110.7905  10.00   -inf  -nan  17  17  34  16  65.57
   12   2018 03 29 20:06:09.030    72369.030  0.0793 30.9005 110.5605   8.00   -inf  -nan   3   3   6   3 179.22
   13   2018 03 29 21:32:55.208    77575.208  0.1853 30.9405 110.7805   8.00   -inf  -nan   6   7  13   5  92.21
   14   2018 03 29 22:47:51.228    82071.228  0.4588 30.9105 110.8605  10.00   -inf  -nan   3   2   5   1 155.48
   15   2018 03 29 23:07:17.781    83237.781  0.4107 31.0105 110.3105   0.00   -inf  -nan   9   9  18   6  92.27
    1   2018 03 30 02:59:40.407    10780.407  0.1544 30.9405 110.7805   8.00   -inf  -nan   7   5  12   4  92.21
    2   2018 03 30 03:27:14.582    12434.582  0.1628 30.7805 111.0105   6.00   -inf  -nan   4   2   6   2 224.92
    3   2018 03 30 04:12:20.374    15140.374  0.2912 30.7405 111.0105   6.00   -inf  -nan   3   2   5   2 267.49
    4   2018 03 30 04:20:08.398    15608.398  0.2802 30.8705 111.0605   6.00   -inf  -nan   5   5  10   5 102.34
    5   2018 03 30 04:55:03.390    17703.390  0.3151 30.8905 111.2005  14.00   -inf  -nan   6   2   8   2 245.22
    6   2018 03 30 07:15:41.355    26141.355  0.3356 31.0205 110.4605   0.00   -inf  -nan  13   8  21   5 105.36
    7   2018 03 30 07:23:38.353    26618.353  0.2910 30.8905 111.0805   6.00   -inf  -nan   7   3  10   3 102.64
    8   2018 03 30 07:50:35.760    28235.760  0.3116 30.8605 111.1305   2.00   -inf  -nan  17   8  25   8 204.21
    9   2018 03 30 07:54:44.673    28484.673  0.3174 30.9905 110.8005   0.00   -inf  -nan  14   2  16   2 122.96
   10   2018 03 30 09:57:05.806    35825.806  0.2632 30.9605 110.0105  16.00   -inf  -nan   4   2   6   2 287.09
   11   2018 03 30 10:09:16.241    36556.241  0.1727 30.8505 111.1305   6.00   -inf  -nan  12   5  17   5 210.25
   12   2018 03 30 10:10:11.734    36611.734  0.2833 30.8505 111.1705   6.00   -inf  -nan  11   4  15   4 231.43
   13   2018 03 30 12:48:48.851    46128.851  0.2052 31.0805 110.1705   0.00   -inf  -nan   6   6  12   6 254.55
   14   2018 03 30 12:52:02.739    46322.739  0.1714 31.0905 110.1505   0.00   -inf  -nan   3   6   9   3 264.37
   15   2018 03 30 14:11:13.593    51073.593  0.2185 30.9805 110.7805   0.00   -inf  -nan   6   4  10   4 117.79
   16   2018 03 30 14:15:29.019    51329.019  0.2850 31.1405 110.3305   0.00   -inf  -nan   8   3  11   3 139.75
   17   2018 03 30 14:20:05.877    51605.877  0.4014 30.8605 110.8305  10.00   -inf  -nan   8  10  18   7  74.24
   18   2018 03 30 15:46:18.805    56778.805  0.4081 31.0605 110.4405   4.00   -inf  -nan   3   5   8   3 170.49
   19   2018 03 30 16:41:30.250    60090.250  0.4312 31.0605 110.4405   6.00   -inf  -nan   5   7  12   5 113.97
   20   2018 03 30 17:43:19.551    63799.551  0.2425 31.1805 110.5305   0.00   -inf  -nan   6   2   8   2 177.44
   21   2018 03 30 18:35:00.054    66900.054  0.1920 31.0905 110.1905   4.00   -inf  -nan   3   3   6   2 181.48
   22   2018 03 30 19:49:26.831    71366.831  0.4114 31.2105 110.5905   0.00   -inf  -nan   6   3   9   2 195.70
   23   2018 03 30 20:26:31.214    73591.214  0.1487 31.0605 110.4405   6.00   -inf  -nan   3   3   6   2 256.49
   24   2018 03 30 23:03:48.258    83028.258  0.2002 31.0105 110.6305  12.00   -inf  -nan   3   2   5   1 256.70
   25   2018 03 30 23:54:59.261    86099.261  0.2505 30.8505 111.1305   6.00   -inf  -nan  14   9  23   8 210.25
    1   2018 03 31 00:55:01.079     3301.079  0.3267 31.0905 110.1505   8.00   -inf  -nan  14  11  25  10 207.20
    2   2018 03 31 02:15:52.179     8152.179  0.3422 30.9805 110.4005   0.00   -inf  -nan   8   4  12   3  82.74
    3   2018 03 31 02:36:33.240     9393.240  0.3063 30.8905 111.0905   2.00   -inf  -nan   4   3   7   3 157.71
    4   2018 03 31 02:42:11.899     9731.899  0.3350 30.8505 111.0905   6.00   -inf  -nan   3   3   6   2 170.85
    5   2018 03 31 02:52:13.928    10333.928  0.2066 30.8505 111.3605   8.00   -inf  -nan   9   4  13   4 317.54
    6   2018 03 31 02:55:42.958    10542.958  0.2799 30.8105 111.1705   6.00   -inf  -nan   8   4  12   4 242.73
    7   2018 03 31 02:56:51.182    10611.182  0.2052 30.8505 111.1305   6.00   -inf  -nan   9   5  14   4 210.75
    8   2018 03 31 03:39:46.388    13186.388  0.3444 30.8205 110.9705   2.00   -inf  -nan   4   3   7   2 200.67
    9   2018 03 31 04:35:49.110    16549.110  0.3126 31.0505 110.1505   6.00   -inf  -nan   8   7  15   5 204.15
   10   2018 03 31 07:05:33.947    25533.947  0.3761 30.9605 110.0105  12.00   -inf  -nan   7   5  12   5 318.27
   11   2018 03 31 08:21:59.298    30119.298  0.3713 30.7805 110.9305   4.00   -inf  -nan  10   7  17   7 157.56
   12   2018 03 31 08:59:52.464    32392.464  0.2716 30.8405 110.0905   4.00   -inf  -nan  11  12  23  10 271.94
   13   2018 03 31 10:02:38.680    36158.680  0.1747 30.8505 111.1305   6.00   -inf  -nan  13   7  20   7 210.25
   14   2018 03 31 10:12:34.537    36754.537  0.4427 30.9005 111.1405  10.00   -inf  -nan  10   2  12   1 160.66
   15   2018 03 31 16:28:57.905    59337.905  0.2856 30.9705 110.4105  20.00   -inf  -nan   4   3   7   3 158.18
   16   2018 03 31 20:08:12.679    72492.679  0.3048 31.1305 110.4605   8.00   -inf  -nan   3   3   6   3 315.35
   17   2018 03 31 21:10:04.690    76204.690  0.1565 30.9405 110.7605  10.00   -inf  -nan   6   5  11   5 110.97
   18   2018 03 31 21:11:06.868    76266.868  0.1239 31.1405 110.2105   0.00   -inf  -nan   4   4   8   3 170.72
   19   2018 03 31 23:40:25.142    85225.142  0.1747 30.8505 111.1305   6.00   -inf  -nan  12   5  17   5 210.25
   20   2018 03 31 23:41:32.852    85292.852  0.1627 30.8505 111.1305   6.00   -inf  -nan   9   5  14   5 210.25
   21   2018 03 31 23:55:46.587    86146.587  0.2267 30.8505 111.1305   4.00   -inf  -nan  13  11  24  11 210.25
    1   2018 04 01 02:38:04.546     9484.546  0.2978 30.9705 111.2005   4.00   -inf  -nan   3   2   5   2 295.63
    2   2018 04 01 03:07:44.094    11264.094  0.2460 30.9805 109.9705   8.00   -inf  -nan   6   4  10   3 291.34
    3   2018 04 01 03:30:27.700    12627.700  0.3759 31.2405 110.8205   0.00   -inf  -nan  14   8  22   5 226.04
    4   2018 04 01 03:54:52.847    14092.847  0.2436 30.7905 110.9405   4.00   -inf  -nan   7   3  10   3 155.53
    5   2018 04 01 07:20:54.924    26454.924  0.2258 30.8505 111.1305   4.00   -inf  -nan  11   8  19   6 210.25
    6   2018 04 01 07:49:05.735    28145.735  0.1321 30.8505 111.1305   6.00   -inf  -nan   7   2   9   2 210.25
    7   2018 04 01 07:49:41.300    28181.300  0.2629 30.8505 111.1305   4.00   -inf  -nan   9   6  15   6 210.25
    8   2018 04 01 09:17:24.702    33444.702  0.2334 30.8905 111.0405   2.00   -inf  -nan  12   2  14   2  98.74
    9   2018 04 01 11:06:08.582    39968.582  0.3919 31.0205 110.4605   0.00   -inf  -nan   8   9  17   6  90.43
   10   2018 04 01 11:18:43.035    40723.035  0.3621 31.0205 110.4605   0.00   -inf  -nan  10   5  15   5 139.70
   11   2018 04 01 13:44:09.087    49449.087  0.1842 30.9305 111.1705   0.00   -inf  -nan   4   2   6   2 146.89
   12   2018 04 01 13:49:14.764    49754.764  0.3595 31.1705 110.3405   0.00   -inf  -nan   8   2  10   1 176.84
   13   2018 04 01 16:40:45.750    60045.750  0.2450 30.6605 110.6205   0.00   -inf  -nan   3   4   7   2 239.18
   14   2018 04 01 18:54:34.104    68074.104  0.3185 31.0805 110.8205  10.00   -inf  -nan  15  14  29  12 124.12
   15   2018 04 01 19:16:45.679    69405.679  0.3108 31.0805 110.8205   8.00   -inf  -nan   6   7  13   5 124.12
   16   2018 04 01 19:20:18.118    69618.118  0.3280 31.1005 110.7905   6.00   -inf  -nan   3   2   5   2 151.55
   17   2018 04 01 19:44:31.251    71071.251  0.1983 30.9405 110.8605   2.00   -inf  -nan   3   3   6   3 249.52
   18   2018 04 01 20:36:59.495    74219.495  0.2932 31.0805 110.8205  10.00   -inf  -nan  13  11  24  10 124.12
   19   2018 04 01 20:57:58.854    75478.854  0.3410 31.0605 110.8205   2.00   -inf  -nan   3   3   6   2 130.43
   20   2018 04 01 23:31:18.466    84678.466  0.2918 30.8605 111.1405   6.00   -inf  -nan  13   7  20   6 209.60
    1   2018 04 02 01:48:28.791     6508.791  0.1793 30.8505 111.1305   6.00   -inf  -nan  12   5  17   5 210.25
    2   2018 04 02 01:49:22.375     6562.375  0.1388 30.8505 111.1305   6.00   -inf  -nan   9   5  14   5 210.75
    3   2018 04 02 03:20:01.801    12001.801  0.2161 30.8905 111.0805   2.00   -inf  -nan   5   2   7   1 102.64
    4   2018 04 02 03:25:11.400    12311.400  0.3491 31.2405 110.0905   2.00   -inf  -nan   4   2   6   1 293.35
    5   2018 04 02 03:33:08.595    12788.595  0.2452 31.2505 109.9905  10.00   -inf  -nan   6   3   9   2 304.25
    6   2018 04 02 04:05:25.448    14725.448  0.3172 31.0805 110.8205  10.00   -inf  -nan  19  17  36  17 124.12
    7   2018 04 02 04:06:21.913    14781.913  0.2103 31.0705 110.8405   4.00   -inf  -nan   4   4   8   2 219.17
    8   2018 04 02 04:07:20.206    14840.206  0.2642 31.0805 110.8205   8.00   -inf  -nan  17  19  36  17 124.12
    9   2018 04 02 04:07:33.494    14853.494  0.3179 31.0605 110.7905   8.00   -inf  -nan   3   2   5   2 146.45
   10   2018 04 02 04:08:18.522    14898.522  0.2178 31.0805 110.8205   8.00   -inf  -nan   6   3   9   2 164.65
   11   2018 04 02 04:08:37.544    14917.544  0.3425 31.0805 110.8205   6.00   -inf  -nan  11   9  20   9 158.52
   12   2018 04 02 04:09:03.736    14943.736  0.2415 31.0605 110.8005   6.00   -inf  -nan   3   3   6   2 190.17
   13   2018 04 02 04:09:27.684    14967.684  0.2267 31.0805 110.8205  10.00   -inf  -nan  14   9  23   9 124.12
   14   2018 04 02 04:10:24.217    15024.217  0.4516 31.0905 110.8305  14.00   -inf  -nan   4   2   6   1 138.56
   15   2018 04 02 04:11:36.569    15096.569  0.2988 31.0805 110.8205   8.00   -inf  -nan  14  14  28  13 124.12
   16   2018 04 02 04:23:49.011    15829.011  0.2291 30.9605 109.9705  12.00   -inf  -nan   8   2  10   1 295.22
   17   2018 04 02 04:25:16.284    15916.284  0.2991 31.0605 110.4005  12.00   -inf  -nan   3   3   6   2 259.19
   18   2018 04 02 04:43:01.889    16981.889  0.2481 31.0805 110.8205   8.00   -inf  -nan   8   9  17   7 158.52
   19   2018 04 02 04:44:22.263    17062.263  0.3107 31.0805 110.8205   8.00   -inf  -nan  14  14  28  11 124.12
   20   2018 04 02 04:59:15.181    17955.181  0.4302 31.0205 110.7805   4.00   -inf  -nan   3   2   5   1 145.83
   21   2018 04 02 05:03:48.572    18228.572  0.2444 31.0805 110.8205   8.00   -inf  -nan  16  14  30  13 124.12
   22   2018 04 02 05:08:47.272    18527.272  0.2395 30.9705 111.2005   4.00   -inf  -nan   3   2   5   2 295.63
   23   2018 04 02 05:27:32.895    19652.895  0.2641 30.8505 111.1305   4.00   -inf  -nan  12  10  22   9 210.75
   24   2018 04 02 05:34:22.706    20062.706  0.3621 31.0205 110.1305   0.00   -inf  -nan   6   2   8   1 217.65
   25   2018 04 02 05:52:39.113    21159.113  0.3693 31.0005 109.9705  10.00   -inf  -nan   9   7  16   7 288.12
   26   2018 04 02 06:37:27.386    23847.386  0.3124 30.7805 110.8905   0.00   -inf  -nan   7   5  12   2 196.88
   27   2018 04 02 07:18:52.088    26332.088  0.4138 30.9005 110.7805  10.00   -inf  -nan   8   8  16   7 108.16
   28   2018 04 02 08:22:46.353    30166.353  0.1490 30.8605 111.1305   6.00   -inf  -nan   9   6  15   6 204.21
   29   2018 04 02 08:23:45.976    30225.976  0.2508 30.8505 111.1305   6.00   -inf  -nan   9   5  14   4 210.75
   30   2018 04 02 08:37:22.324    31042.324  0.2960 31.0205 110.7405   8.00   -inf  -nan   8  10  18   6  75.53
   31   2018 04 02 09:08:15.185    32895.185  0.2139 30.8505 111.1305   8.00   -inf  -nan   6   4  10   4 210.75
   32   2018 04 02 09:39:29.536    34769.536  0.4887 31.2205 110.5205   2.00   -inf  -nan   6   2   8   2 257.93
   33   2018 04 02 11:15:30.823    40530.823  0.4140 30.9305 110.4105  18.00   -inf  -nan   3   2   5   1 174.87
   34   2018 04 02 14:55:43.596    53743.596  0.2392 31.1605 110.3305   0.00   -inf  -nan   9   3  12   3 167.75
   35   2018 04 02 15:01:32.615    54092.615  0.3257 31.2105 110.5105   2.00   -inf  -nan   3   2   5   2 311.92
   36   2018 04 02 17:57:11.566    64631.566  0.3221 31.0105 110.5105   0.00   -inf  -nan   7   7  14   6 121.53
   37   2018 04 02 21:00:34.335    75634.335  0.2913 31.1405 110.2505   0.00   -inf  -nan   6   2   8   1 138.91
   38   2018 04 02 21:48:55.233    78535.233  0.3143 31.0505 110.4605   0.00   -inf  -nan   8   8  16   5 111.60
   39   2018 04 02 23:37:19.617    85039.617  0.2181 30.8505 111.1305   4.00   -inf  -nan  11   5  16   5 210.75
   40   2018 04 02 23:38:08.918    85088.918  0.2095 30.8505 111.1305   6.00   -inf  -nan   8   6  14   6 210.75
    1   2018 04 03 03:04:15.588    11055.588  0.2608 30.7505 110.7805   8.00   -inf  -nan   3   2   5   2 148.80
    2   2018 04 03 03:38:04.770    13084.770  0.2133 30.8505 111.1305   4.00   -inf  -nan  13   8  21   8 210.75
    3   2018 04 03 03:47:10.204    13630.204  0.0994 30.8905 111.3605  10.00   -inf  -nan   5   3   8   3 327.43
    4   2018 04 03 03:57:30.822    14250.822  0.2486 30.7805 111.1005   0.00   -inf  -nan   6   3   9   2 239.88
    5   2018 04 03 04:00:08.489    14408.489  0.2860 31.0205 110.4405  10.00   -inf  -nan   3   3   6   2 152.49
    6   2018 04 03 04:12:00.394    15120.394  0.2742 30.9005 110.7205   0.00   -inf  -nan  14  10  24  10  94.62
    7   2018 04 03 04:27:20.759    16040.759  0.4742 31.2905 110.8305   2.00   -inf  -nan   7   9  16   6 264.95
    8   2018 04 03 05:26:40.606    19600.606  0.3622 31.0205 110.4505   8.00   -inf  -nan  13   6  19   5  88.98
    9   2018 04 03 05:29:17.863    19757.863  0.2443 30.8505 111.1305   4.00   -inf  -nan   9   5  14   5 210.75
   10   2018 04 03 05:29:52.590    19792.590  0.1938 30.8505 111.1305   4.00   -inf  -nan   9   4  13   4 210.75
   11   2018 04 03 07:24:00.286    26640.286  0.1165 30.8605 110.6405   8.00   -inf  -nan   3   2   5   2 250.50
   12   2018 04 03 07:25:23.997    26723.997  0.2690 30.7005 110.8605   6.00   -inf  -nan   4   4   8   3 263.80
   13   2018 04 03 08:48:19.734    31699.734  0.1860 30.9305 111.2005   6.00   -inf  -nan   3   2   5   2 279.86
   14   2018 04 03 08:54:35.682    32075.682  0.2544 31.0605 110.2005   4.00   -inf  -nan   3   7  10   3 172.35
   15   2018 04 03 09:35:06.367    34506.367  0.3762 30.9905 110.8005   2.00   -inf  -nan  14   8  22   7  67.62
   16   2018 04 03 09:58:52.986    35932.986  0.4227 31.0605 110.4605   0.00   -inf  -nan   3   3   6   1 227.94
   17   2018 04 03 10:20:10.673    37210.673  0.2129 30.8505 111.1305   6.00   -inf  -nan  12   5  17   4 210.25
   18   2018 04 03 10:34:24.980    38064.980  0.3130 30.7705 111.1705   0.00   -inf  -nan   6   5  11   4 305.91
   19   2018 04 03 10:37:46.654    38266.654  0.2441 30.8505 111.1305   4.00   -inf  -nan  11   5  16   5 210.75
   20   2018 04 03 10:39:03.223    38343.223  0.1549 30.8505 111.1305   4.00   -inf  -nan   5   2   7   2 284.42
   21   2018 04 03 10:39:54.839    38394.839  0.3509 30.9805 110.4005   0.00   -inf  -nan   6   4  10   4  87.50
   22   2018 04 03 11:03:03.873    39783.873  0.2368 30.8605 111.0905   4.00   -inf  -nan   8   2  10   2 128.67
   23   2018 04 03 11:16:50.366    40610.366  0.2180 30.9305 110.8005   4.00   -inf  -nan   6   5  11   5  91.38
   24   2018 04 03 11:19:23.281    40763.281  0.1981 30.8505 111.1305   6.00   -inf  -nan   4   3   7   2 284.42
   25   2018 04 03 15:33:29.991    56009.991  0.2760 31.0305 110.4405   6.00   -inf  -nan   5   4   9   3 149.14
   26   2018 04 03 15:41:45.226    56505.226  0.3863 31.0505 110.4405  10.00   -inf  -nan  10   9  19   9 163.18
   27   2018 04 03 18:24:42.875    66282.875  0.2590 31.0205 110.4405   4.00   -inf  -nan   7   5  12   4  87.12
   28   2018 04 03 21:54:21.763    78861.763  0.4055 31.1805 110.3305   8.00   -inf  -nan   7   2   9   2 181.29
   29   2018 04 03 22:06:22.887    79582.887  0.3344 31.0505 110.3505   4.00   -inf  -nan   3   2   5   2 265.48
    1   2018 04 04 00:52:20.721     3140.721  0.2290 30.8505 111.1305   6.00   -inf  -nan  14   9  23   8 210.25
    2   2018 04 04 02:02:20.799     7340.799  0.1227 30.8505 111.1305   6.00   -inf  -nan   9   3  12   3 210.75
    3   2018 04 04 02:03:01.890     7381.890  0.4131 30.8105 111.1705   8.00   -inf  -nan   9   6  15   5 242.73
    4   2018 04 04 02:30:24.596     9024.596  0.3487 30.8505 111.0905   8.00   -inf  -nan   7   6  13   6 170.85
    5   2018 04 04 03:42:41.816    13361.816  0.3961 30.7705 111.2005   0.00   -inf  -nan   8   2  10   1 261.39
    6   2018 04 04 06:07:36.466    22056.466  0.1733 30.8505 111.1305   6.00   -inf  -nan  12   7  19   7 210.75
    7   2018 04 04 08:27:57.366    30477.366  0.1217 30.8505 111.1305   6.00   -inf  -nan   8   3  11   3 210.75
    8   2018 04 04 08:29:04.271    30544.271  0.1854 30.8505 111.1305   6.00   -inf  -nan   6   4  10   4 210.75
    9   2018 04 04 09:31:16.327    34276.327  0.1763 30.8505 111.1305   4.00   -inf  -nan   9   5  14   5 210.75
   10   2018 04 04 09:51:02.477    35462.477  0.3527 31.2605 110.0105   4.00   -inf  -nan   9   6  15   5 305.26
   11   2018 04 04 13:49:06.106    49746.106  0.2745 30.9005 110.5005   0.00   -inf  -nan   5   5  10   4 180.17
   12   2018 04 04 21:04:55.384    75895.384  0.2462 30.9405 110.7605  12.00   -inf  -nan   5   4   9   3 165.17
   13   2018 04 04 23:43:14.555    85394.555  0.3013 30.8505 111.1305   2.00   -inf  -nan   9   5  14   5 210.25
   14   2018 04 04 23:47:08.548    85628.548  0.1175 30.8505 111.1305   6.00   -inf  -nan  11   3  14   3 210.25
    1   2018 04 05 04:40:54.532    16854.532  0.2613 31.0505 110.1505   6.00   -inf  -nan   3   4   7   3 255.46
    2   2018 04 05 05:02:09.021    18129.021  0.2277 30.8505 111.1305   6.00   -inf  -nan  13   8  21   7 210.25
    3   2018 04 05 06:14:23.821    22463.821  0.1972 30.8505 111.1305   6.00   -inf  -nan  13   7  20   7 210.25
    4   2018 04 05 06:15:02.725    22502.725  0.1785 30.8105 111.1705   2.00   -inf  -nan   3   3   6   3 249.55
    5   2018 04 05 08:17:38.742    29858.742  0.1324 30.8505 111.1305   6.00   -inf  -nan   8   5  13   4 210.75
    6   2018 04 05 09:22:52.717    33772.717  0.2110 30.7705 110.7605  12.00   -inf  -nan  10   8  18   8 109.98
    7   2018 04 05 11:07:38.799    40058.799  0.2679 31.0305 110.4405   6.00   -inf  -nan   6   5  11   4 116.96
    8   2018 04 05 12:29:25.581    44965.581  0.2829 30.9305 111.1705   0.00   -inf  -nan   4   4   8   4 146.89
    9   2018 04 05 13:24:01.905    48241.905  0.3166 30.9305 111.2005   0.00   -inf  -nan   5   2   7   2 279.86
   10   2018 04 05 13:52:47.570    49967.570  0.1786 30.8905 111.0105   4.00   -inf  -nan   7   2   9   2  93.56
   11   2018 04 05 16:17:15.282    58635.282  0.1824 30.7805 110.7705  10.00   -inf  -nan   6   5  11   4 116.19
   12   2018 04 05 20:18:19.010    73099.010  0.2047 31.0605 110.4805   0.00   -inf  -nan   5   2   7   2 202.72
   13   2018 04 05 21:24:08.507    77048.507  0.2244 31.0605 110.2905   0.00   -inf  -nan   7   5  12   5 107.03
   14   2018 04 05 23:39:58.608    85198.608  0.2149 30.8505 111.1305   6.00   -inf  -nan  10   2  12   2 210.25
   15   2018 04 05 23:40:40.623    85240.623  0.1556 30.8505 111.1305   4.00   -inf  -nan   9   4  13   4 210.25
   16   2018 04 05 23:43:26.797    85406.797  0.2389 30.8505 111.1305   4.00   -inf  -nan   8  10  18   7 210.25
    1   2018 04 06 02:06:37.018     7597.018  0.3023 30.8205 111.3305   0.00   -inf  -nan   5   2   7   1 309.04
    2   2018 04 06 06:08:36.338    22116.338  0.2688 30.8505 111.1305   6.00   -inf  -nan   5   5  10   5 210.75
    3   2018 04 06 06:09:12.961    22152.961  0.1328 30.8505 111.1305   6.00   -inf  -nan   4   3   7   3 210.75
    4   2018 04 06 07:06:05.472    25565.472  0.1243 30.8505 111.1305   6.00   -inf  -nan   6   5  11   4 210.75
    5   2018 04 06 07:43:42.105    27822.105  0.4778 31.0105 110.4705   0.00   -inf  -nan   7   3  10   3 135.90
    6   2018 04 06 07:48:13.686    28093.686  0.2991 30.9705 111.2005   4.00   -inf  -nan   3   2   5   2 295.63
    7   2018 04 06 07:49:18.244    28158.244  0.1662 30.9905 110.4405   4.00   -inf  -nan   5   2   7   1 195.75
    8   2018 04 06 08:13:24.805    29604.805  0.2785 30.8505 111.0905   8.00   -inf  -nan   9   2  11   2 170.85
    9   2018 04 06 08:17:10.821    29830.821  0.2863 30.9605 109.9705   6.00   -inf  -nan   7   6  13   5 295.22
   10   2018 04 06 08:18:33.191    29913.191  0.3002 31.3005 110.3305   0.00   -inf  -nan  10   3  13   2 242.36
   11   2018 04 06 08:41:48.385    31308.385  0.2347 31.1805 110.2905   4.00   -inf  -nan   3   2   5   1 176.14
   12   2018 04 06 09:06:18.983    32778.983  0.3791 31.2505 110.3105  12.00   -inf  -nan   7   7  14   4 262.70
   13   2018 04 06 14:35:27.367    52527.367  0.1653 30.9305 111.1705   0.00   -inf  -nan   4   2   6   2 146.89
   14   2018 04 06 23:58:58.826    86338.826  0.1423 30.8505 111.1305   6.00   -inf  -nan   8   5  13   5 210.25
    1   2018 04 07 01:14:49.007     4489.007  0.3841 31.1805 110.3205   0.00   -inf  -nan   3   2   5   1 277.65
    2   2018 04 07 02:23:54.196     8634.196  0.2120 30.8505 111.1305   4.00   -inf  -nan   6   5  11   4 318.48
    3   2018 04 07 02:35:45.244     9345.244  0.2705 30.9805 110.4805   6.00   -inf  -nan   9   6  15   6 145.10
    4   2018 04 07 06:48:39.354    24519.354  0.2275 30.8505 111.1305   4.00   -inf  -nan   8   3  11   3 284.42
    5   2018 04 07 06:49:24.945    24564.945  0.1770 30.8505 111.1305   6.00   -inf  -nan   5   4   9   4 284.42
    6   2018 04 07 08:19:26.858    29966.858  0.0924 30.8505 111.1305   6.00   -inf  -nan   4   2   6   2 284.42
    7   2018 04 07 08:42:52.180    31372.180  0.1825 31.0605 110.4405   8.00   -inf  -nan   3   2   5   2 143.60
    8   2018 04 07 09:20:20.836    33620.836  0.3605 31.0205 110.4405   0.00   -inf  -nan  12   3  15   3 101.35
    9   2018 04 07 16:23:50.276    59030.276  0.1402 30.7905 110.6805  12.00   -inf  -nan   4   2   6   1 247.94
   10   2018 04 07 17:55:35.551    64535.551  0.2310 31.2105 110.3405   0.00   -inf  -nan   6   2   8   2 225.56
   11   2018 04 07 20:02:19.994    72139.994  0.2551 30.8905 110.4105   2.00   -inf  -nan   6   6  12   6 190.73
   12   2018 04 07 23:32:23.831    84743.831  0.1158 30.8505 111.1305   6.00   -inf  -nan   4   2   6   2 284.42
   13   2018 04 07 23:35:17.366    84917.366  0.3174 30.8505 111.1305   6.00   -inf  -nan  10   5  15   4 283.92
    1   2018 04 08 01:05:46.233     3946.233  0.2020 30.8505 111.1305   6.00   -inf  -nan   4   3   7   3 318.48
    2   2018 04 08 01:55:36.116     6936.116  0.2044 30.7905 110.7405  12.00   -inf  -nan   4   5   9   3 141.30
    3   2018 04 08 03:56:20.791    14180.791  0.3544 31.1305 110.0705   0.00   -inf  -nan   8   5  13   4 255.43
    4   2018 04 08 06:12:43.282    22363.282  0.1763 30.8305 111.1005   4.00   -inf  -nan   7   3  10   3 273.65
    5   2018 04 08 06:13:54.254    22434.254  0.3330 30.8105 111.1605   0.00   -inf  -nan   6   2   8   2 311.44
    6   2018 04 08 07:03:32.446    25412.446  0.3537 30.9805 110.4805   0.00   -inf  -nan  10   5  15   4 136.79
    7   2018 04 08 07:11:34.254    25894.254  0.3109 30.9905 110.4805   0.00   -inf  -nan   6   6  12   3 143.89
    8   2018 04 08 08:04:42.947    29082.947  0.3806 31.2605 110.2905   8.00   -inf  -nan   6   2   8   2 223.93
    9   2018 04 08 08:57:47.022    32267.022  0.2810 30.7405 110.8905   0.00   -inf  -nan   9   4  13   4 199.16
   10   2018 04 08 10:03:18.570    36198.570  0.3014 30.8905 111.0405   2.00   -inf  -nan   8   5  13   5 158.22
   11   2018 04 08 10:09:06.346    36546.346  0.1584 30.8505 111.1305   6.00   -inf  -nan   5   6  11   5 284.42
   12   2018 04 08 10:09:48.792    36588.792  0.1084 30.8905 111.0505   6.00   -inf  -nan   5   4   9   4 167.01
   13   2018 04 08 10:25:07.176    37507.176  0.3296 31.2205 110.0505   0.00   -inf  -nan  10   6  16   6 289.11
   14   2018 04 08 10:31:09.621    37869.621  0.2842 31.1705 110.3405   0.00   -inf  -nan   3   3   6   2 176.84
   15   2018 04 08 12:26:58.844    44818.844  0.2612 30.8605 110.6405  10.00   -inf  -nan   4   3   7   3 194.60
   16   2018 04 08 14:24:17.490    51857.490  0.3127 31.0505 110.4605   8.00   -inf  -nan   6   5  11   5 111.60
   17   2018 04 08 14:33:03.679    52383.679  0.2869 31.0305 110.7405  10.00   -inf  -nan   9   7  16   4 146.13
   18   2018 04 08 18:27:19.689    66439.689  0.2851 30.9005 110.7205  10.00   -inf  -nan  15  13  28  12  94.62
   19   2018 04 08 23:23:29.978    84209.978  0.1960 30.8505 111.1305   6.00   -inf  -nan   7   4  11   4 283.92
   20   2018 04 08 23:24:36.613    84276.613  0.3124 30.8505 111.1305   6.00   -inf  -nan   6   6  12   5 283.92
    1   2018 04 09 03:17:31.345    11851.345  0.3362 30.7905 110.9405   6.00   -inf  -nan   7   3  10   3 155.53
    2   2018 04 09 03:59:17.817    14357.817  0.2054 30.7805 110.8505   0.00   -inf  -nan   5   3   8   3 212.86
    3   2018 04 09 04:17:32.405    15452.405  0.4120 31.0405 110.1705   2.00   -inf  -nan   3   2   5   1 190.53
    4   2018 04 09 05:48:07.985    20887.985  0.4243 31.1005 110.0505  10.00   -inf  -nan   6   6  12   4 258.64
    5   2018 04 09 05:50:53.441    21053.441  0.1609 30.8505 111.1305   6.00   -inf  -nan   7   7  14   6 283.92
    6   2018 04 09 06:04:50.931    21890.931  0.2827 30.8205 110.9305   0.00   -inf  -nan   9   3  12   3 102.66
    7   2018 04 09 06:22:50.906    22970.906  0.4012 31.2105 110.3505   0.00   -inf  -nan   9   8  17   6 253.60
    8   2018 04 09 06:34:22.742    23662.742  0.0948 30.8505 111.1305   6.00   -inf  -nan   4   3   7   3 318.48
    9   2018 04 09 06:35:31.006    23731.006  0.1233 30.8505 111.1305   6.00   -inf  -nan   6   4  10   4 316.84
   10   2018 04 09 08:00:23.346    28823.346  0.4535 30.9805 110.2405   8.00   -inf  -nan  10   9  19   8 307.85
   11   2018 04 09 09:39:39.658    34779.658  0.3744 30.7805 110.7905  12.00   -inf  -nan  15  16  31  15 121.46
   12   2018 04 09 09:52:30.264    35550.264  0.1654 30.7705 111.1705   0.00   -inf  -nan   3   2   5   2 313.73
   13   2018 04 09 10:05:39.146    36339.146  0.1844 31.0205 110.4405   8.00   -inf  -nan   3   3   6   3 207.51
   14   2018 04 09 10:25:15.039    37515.039  0.2307 30.8505 111.1305   8.00   -inf  -nan   6   7  13   5 284.42
   15   2018 04 09 10:34:19.127    38059.127  0.4497 30.6705 110.7205  20.00   -inf  -nan   5   2   7   1 260.45
   16   2018 04 09 10:53:24.776    39204.776  0.3354 31.0505 110.4605   8.00   -inf  -nan  11   8  19   8 111.60
   17   2018 04 09 11:29:18.331    41358.331  0.2059 30.8205 110.6405   6.00   -inf  -nan   4   3   7   3 270.41
   18   2018 04 09 18:07:04.595    65224.595  0.3399 31.0605 110.4405   6.00   -inf  -nan  11  11  22   9 108.13
   19   2018 04 09 18:54:57.101    68097.101  0.1810 30.7805 110.7605  10.00   -inf  -nan   7   7  14   7 124.85
   20   2018 04 09 18:56:36.659    68196.659  0.1139 30.7805 110.7605  10.00   -inf  -nan   3   3   6   3 131.29
   21   2018 04 09 20:25:03.274    73503.274  0.2280 30.7805 110.7705  10.00   -inf  -nan   9   9  18   9 116.19
   22   2018 04 09 20:37:23.349    74243.349  0.0823 30.7805 110.7605   8.00   -inf  -nan   4   4   8   3 124.85
   23   2018 04 09 20:44:22.572    74662.572  0.1299 30.9405 110.7805  10.00   -inf  -nan   5   4   9   4 118.14
   24   2018 04 09 21:21:51.546    76911.546  0.3113 31.1705 110.3405   0.00   -inf  -nan   5   3   8   2 252.38
   25   2018 04 09 21:29:34.094    77374.094  0.1383 30.8505 110.8005  12.00   -inf  -nan   3   2   5   2 261.48
   26   2018 04 09 22:31:10.175    81070.175  0.2861 31.0805 110.1705   0.00   -inf  -nan   3   5   8   3 193.55
   27   2018 04 09 23:25:02.336    84302.336  0.1828 30.8505 111.1305   6.00   -inf  -nan  10   4  14   4 283.92
   28   2018 04 09 23:26:15.681    84375.681  0.0810 30.8505 111.1305   6.00   -inf  -nan   6   4  10   4 284.42
    1   2018 04 10 01:10:16.456     4216.456  0.1835 30.7805 110.7705  10.00   -inf  -nan   3   4   7   2 116.19
    2   2018 04 10 02:05:48.811     7548.811  0.1072 30.7305 111.1305   4.00   -inf  -nan   3   2   5   2 302.22
    3   2018 04 10 03:01:21.017    10881.017  0.1675 30.8505 111.1305   4.00   -inf  -nan   9   5  14   5 284.42
    4   2018 04 10 03:02:03.264    10923.264  0.0870 30.8505 111.1305   6.00   -inf  -nan   3   2   5   2 318.48
    5   2018 04 10 03:03:47.010    11027.010  0.3193 30.8905 110.7205   0.00   -inf  -nan  13   7  20   7 101.92
    6   2018 04 10 03:56:48.405    14208.405  0.3266 30.8605 111.1305   6.00   -inf  -nan   9   2  11   1 290.32
    7   2018 04 10 06:47:31.196    24451.196  0.2242 30.9405 110.8205   4.00   -inf  -nan  11  11  22  11  65.05
    8   2018 04 10 07:13:22.485    26002.485  0.1544 30.9405 110.7605  10.00   -inf  -nan   5   6  11   5 110.97
    9   2018 04 10 07:14:16.415    26056.415  0.1814 30.9405 110.7605  10.00   -inf  -nan   7   7  14   7 110.97
   10   2018 04 10 07:26:08.221    26768.221  0.0737 30.8505 111.1305   6.00   -inf  -nan   4   2   6   2 284.42
   11   2018 04 10 07:27:04.832    26824.832  0.2434 30.8505 111.1605   6.00   -inf  -nan   8   6  14   4 289.68
   12   2018 04 10 08:22:34.369    30154.369  0.2791 30.8505 111.1305   2.00   -inf  -nan   7   6  13   4 283.92
   13   2018 04 10 08:43:38.316    31418.316  0.4623 31.1205 110.1305   0.00   -inf  -nan   4   2   6   2 224.13
   14   2018 04 10 09:09:47.865    32987.865  0.4566 31.0205 110.4405   6.00   -inf  -nan   3   5   8   3 166.62
   15   2018 04 10 10:24:30.658    37470.658  0.3191 30.9705 110.3705   0.00   -inf  -nan   7   4  11   4 114.48
   16   2018 04 10 10:31:18.928    37878.928  0.1257 30.8905 110.8005   6.00   -inf  -nan   3   2   5   2 210.84
   17   2018 04 10 11:01:30.887    39690.887  0.4420 31.0605 110.8705   4.00   -inf  -nan  13  11  24  10 128.50
   18   2018 04 10 11:40:47.451    42047.451  0.2159 30.7905 110.7405  10.00   -inf  -nan   3   3   6   3 220.51
   19   2018 04 10 15:58:14.994    57494.994  0.2983 31.1605 110.2505   8.00   -inf  -nan   5   2   7   2 133.99
   20   2018 04 10 17:35:21.469    63321.469  0.2998 30.9405 110.7605   6.00   -inf  -nan  10  12  22  10  77.93
   21   2018 04 10 17:36:46.505    63406.505  0.2192 30.9405 110.7605  10.00   -inf  -nan   9   8  17   8  89.30
   22   2018 04 10 17:37:39.914    63459.914  0.2624 30.9405 110.7805   8.00   -inf  -nan   4   2   6   1 146.46
   23   2018 04 10 17:43:26.884    63806.884  0.2191 30.9405 110.7805   8.00   -inf  -nan   7   8  15   7  92.21
   24   2018 04 10 17:44:10.165    63850.165  0.3390 30.9405 110.7605  10.00   -inf  -nan  17  16  33  16  64.29
   25   2018 04 10 17:44:50.113    63890.113  0.2334 30.9405 110.7805  10.00   -inf  -nan   5   6  11   5 146.46
   26   2018 04 10 17:47:14.817    64034.817  0.2608 30.9405 110.7605  10.00   -inf  -nan  14  15  29  14  64.29
   27   2018 04 10 17:48:29.970    64109.970  0.2418 30.9405 110.7605  10.00   -inf  -nan   7   6  13   6 127.90
   28   2018 04 10 17:50:17.962    64217.962  0.2527 30.9405 110.7605   8.00   -inf  -nan  11  10  21  10  77.93
   29   2018 04 10 17:51:18.886    64278.886  0.3991 30.9405 110.7505  10.00   -inf  -nan   5   7  12   4  92.19
   30   2018 04 10 17:53:25.143    64405.143  0.2163 30.9405 110.7605  10.00   -inf  -nan   7   9  16   7  89.30
   31   2018 04 10 17:55:10.103    64510.103  0.2299 30.9405 110.7805  10.00   -inf  -nan   9  10  19   9  92.21
   32   2018 04 10 17:57:55.704    64675.704  0.2923 30.9405 110.7405  10.00   -inf  -nan   5   3   8   3  94.47
   33   2018 04 10 18:00:26.662    64826.662  0.2671 30.9305 110.7605   8.00   -inf  -nan   8   8  16   6  94.30
   34   2018 04 10 18:02:12.311    64932.311  0.2054 30.9405 110.7605  10.00   -inf  -nan  12  12  24  11  77.93
   35   2018 04 10 18:06:01.653    65161.653  0.2270 30.9405 110.7605  10.00   -inf  -nan   9   9  18   9  89.30
   36   2018 04 10 18:23:03.362    66183.362  0.2229 30.9405 110.7605  10.00   -inf  -nan   8   9  17   8  89.30
   37   2018 04 10 18:26:16.570    66376.570  0.2951 30.9405 110.7605   8.00   -inf  -nan  10  10  20   9  77.93
   38   2018 04 10 18:32:49.373    66769.373  0.3450 31.0905 110.1705   8.00   -inf  -nan   6   5  11   4 194.57
   39   2018 04 10 18:54:03.434    68043.434  0.3704 31.0205 110.4405   2.00   -inf  -nan  11  11  22   9 101.35
   40   2018 04 10 18:56:05.473    68165.473  0.1936 30.9405 110.7605  10.00   -inf  -nan   4   4   8   3 144.87
   41   2018 04 10 18:56:42.012    68202.012  0.2873 30.9305 110.7505  10.00   -inf  -nan  12  11  23  11  69.87
   42   2018 04 10 19:03:48.824    68628.824  0.1939 30.9405 110.7605  10.00   -inf  -nan   5   4   9   3  89.30
   43   2018 04 10 19:09:42.844    68982.844  0.3415 30.9505 110.7605  10.00   -inf  -nan   9   7  16   6  87.10
   44   2018 04 10 20:00:44.767    72044.767  0.1536 30.9405 110.7605  10.00   -inf  -nan   5   5  10   4  89.30
   45   2018 04 10 20:05:29.138    72329.138  0.2197 30.9405 110.7605  10.00   -inf  -nan   9   9  18   9  89.30
   46   2018 04 10 20:09:26.147    72566.147  0.2488 30.9305 110.7505  10.00   -inf  -nan  14  12  26  12  69.87
   47   2018 04 10 20:19:24.583    73164.583  0.2308 30.9405 110.7605   8.00   -inf  -nan   9   9  18   9  89.30
   48   2018 04 10 21:25:16.421    77116.421  0.2007 30.9405 110.7605  10.00   -inf  -nan   9   7  16   7  89.30
   49   2018 04 10 21:26:03.790    77163.790  0.2391 30.9405 110.7805  10.00   -inf  -nan   9  10  19   8  92.21
   50   2018 04 10 21:50:47.342    78647.342  0.3956 30.9805 110.7405   2.00   -inf  -nan   4   2   6   2 116.11
   51   2018 04 10 23:26:42.072    84402.072  0.1896 30.8505 111.1305   4.00   -inf  -nan  10   3  13   3 283.92
   52   2018 04 10 23:27:52.543    84472.543  0.2372 30.8505 111.1705   6.00   -inf  -nan   8   5  13   5 291.45
   53   2018 04 10 23:35:21.911    84921.911  0.1761 30.8605 111.0705   8.00   -inf  -nan   4   2   6   1 149.48
    1   2018 04 11 02:02:11.605     7331.605  0.2287 30.8905 111.0505   4.00   -inf  -nan   7   5  12   5 167.01
    2   2018 04 11 02:20:14.731     8414.731  0.0955 30.8505 111.1305   6.00   -inf  -nan   6   3   9   3 316.84
    3   2018 04 11 03:29:09.360    12549.360  0.3012 30.9805 110.4605   0.00   -inf  -nan  15   5  20   5 107.44
    4   2018 04 11 04:15:43.098    15343.098  0.3717 30.9805 110.7805   2.00   -inf  -nan  14   7  21   7  61.61
    5   2018 04 11 04:33:57.827    16437.827  0.3898 31.0205 110.4405   6.00   -inf  -nan   6   7  13   5 123.87
    6   2018 04 11 05:22:49.942    19369.942  0.4507 31.0605 110.8705   0.00   -inf  -nan  10   4  14   3 128.50
    7   2018 04 11 06:15:41.074    22541.074  0.2335 30.8505 111.1305   4.00   -inf  -nan   8   3  11   3 284.42
    8   2018 04 11 06:16:49.612    22609.612  0.1118 30.8505 111.1305   6.00   -inf  -nan   8   4  12   4 283.92
    9   2018 04 11 10:33:52.694    38032.694  0.2698 31.0205 110.4405   8.00   -inf  -nan   4   2   6   1 152.49
   10   2018 04 11 10:37:12.854    38232.854  0.4310 30.9705 110.3705   0.00   -inf  -nan   8  11  19   4  91.40
   11   2018 04 11 14:53:33.029    53613.029  0.4319 30.9705 110.7605   0.00   -inf  -nan   6   2   8   2 112.21
   12   2018 04 11 21:26:35.516    77195.516  0.2220 31.2105 110.5905   0.00   -inf  -nan   4   2   6   1 195.70
   13   2018 04 11 21:42:34.980    78154.980  0.1801 30.9305 111.1705  12.00   -inf  -nan   6   3   9   3 276.52
   14   2018 04 11 23:04:16.622    83056.622  0.1669 30.9405 110.7405  12.00   -inf  -nan   3   2   5   2 127.75
   15   2018 04 11 23:31:15.104    84675.104  0.2280 30.9405 110.7405  10.00   -inf  -nan   3   2   5   1 188.38
   16   2018 04 11 23:33:44.278    84824.278  0.2098 30.9405 110.7405  12.00   -inf  -nan   4   2   6   2 127.75
   17   2018 04 11 23:53:17.515    85997.515  0.1411 30.8505 110.4305   0.00   -inf  -nan   3   2   5   1 222.33
    1   2018 04 12 00:55:39.735     3339.735  0.3599 30.9405 110.7405  10.00   -inf  -nan   6   8  14   6  94.47
    2   2018 04 12 03:34:03.756    12843.756  0.2852 30.9705 110.8405   0.00   -inf  -nan   8   7  15   6 107.60
    3   2018 04 12 03:43:59.651    13439.651  0.3813 31.2805 110.8205   0.00   -inf  -nan   9   5  14   4 267.81
    4   2018 04 12 04:06:47.983    14807.983  0.1546 30.8505 111.1305   6.00   -inf  -nan  10   4  14   4 283.92
    5   2018 04 12 04:08:11.784    14891.784  0.1131 30.8505 111.1305   6.00   -inf  -nan   9   3  12   3 284.42
    6   2018 04 12 04:32:23.275    16343.275  0.3942 31.2205 110.0505   0.00   -inf  -nan   7   5  12   5 309.81
    7   2018 04 12 04:32:42.162    16362.162  0.2009 30.7305 111.2105   2.00   -inf  -nan   7   2   9   2 315.83
    8   2018 04 12 04:53:16.589    17596.589  0.2840 30.7705 111.1705   2.00   -inf  -nan   5   2   7   2 305.91
    9   2018 04 12 04:57:13.101    17833.101  0.2634 31.1905 110.3605   0.00   -inf  -nan   7   3  10   3 245.99
   10   2018 04 12 05:24:56.067    19496.067  0.3309 30.7705 111.1705   6.00   -inf  -nan   5   6  11   5 301.82
   11   2018 04 12 06:25:29.640    23129.640  0.2574 30.8505 111.1305   4.00   -inf  -nan   9   5  14   5 284.42
   12   2018 04 12 06:45:57.481    24357.481  0.3783 31.0205 110.4405   6.00   -inf  -nan  15  15  30  13 106.55
   13   2018 04 12 06:52:08.976    24728.976  0.2668 31.0305 110.4405   0.00   -inf  -nan  11   3  14   3 149.14
   14   2018 04 12 07:53:39.853    28419.853  0.3914 31.0205 110.4405   0.00   -inf  -nan  11   7  18   6 106.55
   15   2018 04 12 08:41:39.127    31299.127  0.1514 30.8205 110.6805   0.00   -inf  -nan   4   3   7   2 260.86
   16   2018 04 12 08:48:47.489    31727.489  0.1634 31.1005 110.4105  18.00   -inf  -nan   3   2   5   1 185.70
   17   2018 04 12 09:10:45.776    33045.776  0.3799 30.9705 110.3705   4.00   -inf  -nan  10   5  15   5 112.61
   18   2018 04 12 09:55:03.067    35703.067  0.2873 30.8505 111.1305   8.00   -inf  -nan   7   3  10   3 284.42
   19   2018 04 12 10:48:32.448    38912.448  0.1849 30.8905 111.0105   4.00   -inf  -nan   6   2   8   2 137.69
   20   2018 04 12 17:13:24.396    62004.396  0.2618 31.0005 110.7405   8.00   -inf  -nan  10  11  21  10  67.45
   21   2018 04 12 22:34:28.820    81268.820  0.1999 30.8605 110.6405   6.00   -inf  -nan   3   3   6   3 250.50
    1   2018 04 13 00:39:34.488     2374.488  0.1783 30.8505 111.1305   6.00   -inf  -nan  11   4  15   4 210.75
    2   2018 04 13 00:40:51.556     2451.556  0.2644 30.8505 111.1305   6.00   -inf  -nan  12   5  17   5 210.25
    3   2018 04 13 04:28:28.973    16108.973  0.3990 31.0205 110.4405   8.00   -inf  -nan   9  10  19   8 101.35
    4   2018 04 13 04:35:14.609    16514.609  0.3145 30.9105 110.6405   2.00   -inf  -nan  12   6  18   6  91.77
    5   2018 04 13 05:51:28.187    21088.187  0.1703 30.8505 111.1305   4.00   -inf  -nan  11   8  19   7 210.25
    6   2018 04 13 08:15:27.012    29727.012  0.2599 30.8905 110.3705   2.00   -inf  -nan   4   2   6   1 205.24
    7   2018 04 13 08:48:17.995    31697.995  0.2539 30.8505 111.1305   6.00   -inf  -nan  10   7  17   7 210.75
    8   2018 04 13 08:50:04.266    31804.266  0.3335 30.8705 110.9405   2.00   -inf  -nan   9   5  14   5  86.65
    9   2018 04 13 14:36:06.216    52566.216  0.2113 30.9305 111.1705   0.00   -inf  -nan   4   2   6   2 146.89
   10   2018 04 13 15:45:35.144    56735.144  0.1796 31.0505 110.1505   0.00   -inf  -nan   3   2   5   1 204.15
   11   2018 04 13 15:49:21.762    56961.762  0.2209 30.9705 111.2105   0.00   -inf  -nan   8   2  10   2 260.90
   12   2018 04 13 18:01:51.539    64911.539  0.0861 30.9405 110.4805   0.00   -inf  -nan   3   2   5   2 200.98
   13   2018 04 13 20:11:57.761    72717.761  0.1540 30.9105 110.5205   6.00   -inf  -nan   3   2   5   2 235.95
   14   2018 04 13 20:49:53.168    74993.168  0.3928 31.0105 111.2005   4.00   -inf  -nan   3   3   6   2 247.96
   15   2018 04 13 23:37:19.503    85039.503  0.1749 30.8505 111.1305   6.00   -inf  -nan   8   3  11   3 210.25
   16   2018 04 13 23:38:53.376    85133.376  0.1564 30.8505 111.1305   6.00   -inf  -nan   8   5  13   5 210.25
    1   2018 04 14 01:12:30.962     4350.962  0.1683 30.8905 111.0005   4.00   -inf  -nan   4   2   6   2 131.70
    2   2018 04 14 02:11:04.012     7864.012  0.2226 30.9305 111.2405   6.00   -inf  -nan   7   5  12   4 300.87
    3   2018 04 14 02:35:31.644     9331.644  0.2220 30.8905 111.0905   2.00   -inf  -nan   4   2   6   2 157.71
    4   2018 04 14 03:43:12.971    13392.971  0.1458 30.8505 111.1305   6.00   -inf  -nan  10   7  17   7 210.25
    5   2018 04 14 03:58:40.672    14320.672  0.2347 30.9705 111.1705   0.00   -inf  -nan   3   3   6   3 266.63
    6   2018 04 14 04:20:18.779    15618.779  0.3609 31.0905 110.1505   0.00   -inf  -nan   4   2   6   1 285.96
    7   2018 04 14 06:48:39.637    24519.637  0.1569 30.8505 111.1305   6.00   -inf  -nan   6   4  10   4 210.75
    8   2018 04 14 06:49:49.061    24589.061  0.2854 30.8505 111.1305   6.00   -inf  -nan   8   5  13   5 210.75
    9   2018 04 14 07:16:05.492    26165.492  0.2451 31.3105 110.8805   0.00   -inf  -nan   9   5  14   5 301.43
   10   2018 04 14 08:28:32.296    30512.296  0.0853 31.0205 110.4405   8.00   -inf  -nan   3   4   7   3 166.62
   11   2018 04 14 08:32:27.848    30747.848  0.3611 30.8705 110.9005   2.00   -inf  -nan  12   4  16   4  67.10
   12   2018 04 14 11:52:15.255    42735.255  0.1595 31.1705 110.3805   4.00   -inf  -nan   4   2   6   2 251.98
   13   2018 04 14 15:43:08.312    56588.312  0.4971 31.1705 110.3105   0.00   -inf  -nan   6   3   9   3 258.71
   14   2018 04 14 18:07:45.119    65265.119  0.1805 30.7905 110.7805  10.00   -inf  -nan   7   6  13   6 146.07
   15   2018 04 14 20:17:41.143    73061.143  0.3659 30.9905 110.7805   0.00   -inf  -nan   4   2   6   2 198.31
   16   2018 04 14 23:08:22.894    83302.894  0.2018 30.8505 111.1305   4.00   -inf  -nan   9   4  13   4 210.25
   17   2018 04 14 23:09:41.244    83381.244  0.3206 30.8105 111.1605   4.00   -inf  -nan  12   5  17   5 238.50
   18   2018 04 14 23:29:05.193    84545.193  0.2636 30.8505 111.1305   4.00   -inf  -nan  11   7  18   7 210.25
   19   2018 04 14 23:30:04.334    84604.334  0.1695 30.8505 111.1305   6.00   -inf  -nan  11   6  17   6 210.25
    1   2018 04 15 02:09:06.012     7746.012  0.4032 31.0205 110.4405   6.00   -inf  -nan   9   8  17   6 101.35
    2   2018 04 15 02:46:39.352     9999.352  0.3230 30.8105 111.2805   6.00   -inf  -nan   5   5  10   4 294.33
    3   2018 04 15 04:25:06.906    15906.906  0.2168 30.8105 111.2805   8.00   -inf  -nan   7   9  16   5 287.89
    4   2018 04 15 05:33:50.241    20030.241  0.3320 31.0605 110.8205   0.00   -inf  -nan  13  12  25  12 109.59
    5   2018 04 15 06:57:17.352    25037.352  0.3413 30.7805 110.9005   0.00   -inf  -nan   6   4  10   3 206.82
    6   2018 04 15 07:44:27.889    27867.889  0.3088 31.1005 110.3705   6.00   -inf  -nan   6   5  11   1  65.02
    7   2018 04 15 07:59:22.126    28762.126  0.4033 30.9805 110.0005   8.00   -inf  -nan   7   2   9   2 284.49
    8   2018 04 15 08:12:01.652    29521.652  0.1733 31.0005 110.0105  10.00   -inf  -nan   6   2   8   2 277.68
    9   2018 04 15 08:23:05.713    30185.713  0.2335 31.2105 110.0705   0.00   -inf  -nan   6   3   9   3 281.91
   10   2018 04 15 09:05:03.741    32703.741  0.2322 30.8505 111.1305   6.00   -inf  -nan   8   4  12   4 210.75
   11   2018 04 15 09:05:47.982    32747.982  0.1781 30.8505 111.1305   6.00   -inf  -nan  11   4  15   4 210.25
   12   2018 04 15 09:49:26.167    35366.167  0.2343 30.8505 111.1205   6.00   -inf  -nan  10   7  17   7 205.95
   13   2018 04 15 10:12:44.586    36764.586  0.3003 31.0805 110.8205   8.00   -inf  -nan  13  12  25  12 124.12
   14   2018 04 15 11:02:59.663    39779.663  0.1980 31.1405 110.4405   6.00   -inf  -nan   3   4   7   3 212.89
   15   2018 04 15 19:04:44.352    68684.352  0.2489 31.1605 110.3705   2.00   -inf  -nan   3   2   5   2 297.46
   16   2018 04 15 20:57:23.034    75443.034  0.3788 30.9405 110.7805  10.00   -inf  -nan  17  17  34  16  62.87
   17   2018 04 15 23:51:47.850    85907.850  0.1530 30.8505 111.1305   6.00   -inf  -nan   8   7  15   6 210.25
   18   2018 04 15 23:54:13.118    86053.118  0.1771 30.8505 111.1305   6.00   -inf  -nan   7   3  10   3 210.25
    1   2018 04 16 01:20:18.579     4818.579  0.3348 30.9005 110.7805   6.00   -inf  -nan   3   2   5   1 130.22
    2   2018 04 16 03:13:29.423    11609.423  0.4308 30.8105 111.2405   2.00   -inf  -nan   3   5   8   3 297.67
    3   2018 04 16 03:14:13.103    11653.103  0.2484 30.8105 111.2405   6.00   -inf  -nan   8   5  13   4 295.95
    4   2018 04 16 05:56:52.757    21412.757  0.4054 30.9705 110.3905   0.00   -inf  -nan  14   4  18   3 119.75
    5   2018 04 16 07:08:49.107    25729.107  0.1571 30.8505 111.1305   4.00   -inf  -nan   8   3  11   1 210.75
    6   2018 04 16 07:39:10.420    27550.420  0.1324 30.8505 111.1305   6.00   -inf  -nan  11   2  13   2 210.75
    7   2018 04 16 07:40:04.140    27604.140  0.2088 30.8505 111.1305   4.00   -inf  -nan  10   5  15   5 210.75
    8   2018 04 16 09:58:11.710    35891.710  0.3460 30.7705 111.1205   6.00   -inf  -nan   5   2   7   1 249.97
    9   2018 04 16 10:31:19.795    37879.795  0.3599 30.9805 110.7905   0.00   -inf  -nan  14   8  22   8  62.86
   10   2018 04 16 17:14:20.907    62060.907  0.2012 31.0505 110.1905   6.00   -inf  -nan   4   3   7   3 236.36
   11   2018 04 16 19:52:33.066    71553.066  0.4095 31.1705 110.3405   0.00   -inf  -nan   6   5  11   4 176.84
   12   2018 04 16 23:24:08.610    84248.610  0.2868 31.0505 110.1905   0.00   -inf  -nan   3   2   5   1 177.95
   13   2018 04 16 23:35:29.462    84929.462  0.1437 30.8505 111.1305   6.00   -inf  -nan   9   8  17   7 210.25
   14   2018 04 16 23:45:48.822    85548.822  0.2171 30.8505 111.1605   6.00   -inf  -nan   4   3   7   3 246.31
    1   2018 04 17 03:52:11.843    13931.843  0.1898 30.9305 111.1705   0.00   -inf  -nan   3   2   5   2 196.56
    2   2018 04 17 03:57:58.210    14278.210  0.3309 30.7705 111.0905   4.00   -inf  -nan   4   6  10   3 243.22
    3   2018 04 17 04:35:28.971    16528.971  0.4188 30.9005 110.7205   0.00   -inf  -nan  11   6  17   5  94.62
    4   2018 04 17 06:46:37.021    24397.021  0.1806 30.8505 111.1305   6.00   -inf  -nan   8   6  14   5 210.75
    5   2018 04 17 08:40:49.785    31249.785  0.4582 30.9305 110.3705   8.00   -inf  -nan  11  10  21   7 154.89
    6   2018 04 17 10:09:50.163    36590.163  0.1814 30.8505 111.1305   6.00   -inf  -nan   7   7  14   6 210.75
    7   2018 04 17 10:17:35.272    37055.272  0.3370 31.0605 110.1305   8.00   -inf  -nan  13  10  23   9 216.83
    8   2018 04 17 11:15:38.477    40538.477  0.2900 30.8505 111.1305   4.00   -inf  -nan   9   7  16   6 210.75
    9   2018 04 17 12:05:03.312    43503.312  0.4061 31.0605 110.4405  10.00   -inf  -nan   4   6  10   4 113.97
   10   2018 04 17 12:31:30.588    45090.588  0.3846 31.0505 110.2705   6.00   -inf  -nan  12   9  21   9  73.74
   11   2018 04 17 12:58:15.972    46695.972  0.2830 31.0605 110.2905   0.00   -inf  -nan   4   6  10   2  77.92
   12   2018 04 17 13:52:34.746    49954.746  0.1156 31.1705 110.3405   0.00   -inf  -nan   3   2   5   2 252.38
   13   2018 04 17 17:08:26.563    61706.563  0.2628 31.0505 110.4605   8.00   -inf  -nan   4   4   8   4 157.85
   14   2018 04 17 21:05:48.703    75948.703  0.2223 30.8205 110.6405  12.00   -inf  -nan   3   3   6   2 154.85
   15   2018 04 17 22:01:00.702    79260.702  0.1872 30.8905 111.2005   2.00   -inf  -nan   3   2   5   2 270.40
   16   2018 04 17 23:13:03.040    83583.040  0.2350 30.8505 111.1305   8.00   -inf  -nan  10   5  15   5 210.75
   17   2018 04 17 23:37:40.698    85060.698  0.1602 30.8505 111.1305   6.00   -inf  -nan   8   5  13   5 210.75
    1   2018 04 18 03:31:02.693    12662.693  0.2789 30.9605 109.9705  12.00   -inf  -nan  12   5  17   5 287.66
    2   2018 04 18 03:35:15.408    12915.408  0.1670 30.9805 110.0005   0.00   -inf  -nan   3   2   5   1 312.97
    3   2018 04 18 04:20:56.045    15656.045  0.1926 30.8505 111.1305   6.00   -inf  -nan  10   6  16   5 210.75
    4   2018 04 18 06:56:05.486    24965.486  0.1386 30.8505 111.1305   6.00   -inf  -nan   9   3  12   3 210.75
    5   2018 04 18 09:08:19.565    32899.565  0.1947 30.8505 111.1305   6.00   -inf  -nan  10   6  16   6 210.75
    6   2018 04 18 09:53:39.316    35619.316  0.3131 30.9805 110.4605   0.00   -inf  -nan   8   3  11   2  81.84
    7   2018 04 18 09:55:57.259    35757.259  0.2581 30.7805 110.9305   4.00   -inf  -nan  10   3  13   3 157.56
    8   2018 04 18 10:07:55.186    36475.186  0.3427 30.8505 111.1305   6.00   -inf  -nan   7   3  10   2 210.75
    9   2018 04 18 10:41:01.474    38461.474  0.2831 30.7705 111.2005   4.00   -inf  -nan   8   4  12   3 272.42
   10   2018 04 18 12:49:18.695    46158.695  0.2282 30.9105 110.5205   6.00   -inf  -nan   5   3   8   1 121.93
   11   2018 04 18 12:52:32.022    46352.022  0.2035 30.8605 111.1705   8.00   -inf  -nan   6   2   8   2 228.63
   12   2018 04 18 19:55:46.734    71746.734  0.2556 30.8905 111.0105   4.00   -inf  -nan   8   2  10   2  93.56
   13   2018 04 18 21:08:16.550    76096.550  0.3119 31.1705 110.5105   0.00   -inf  -nan   3   2   5   1 171.89
   14   2018 04 18 22:37:50.659    81470.659  0.3413 30.9605 109.9705   8.00   -inf  -nan   9   4  13   4 295.22
   15   2018 04 18 23:44:58.952    85498.952  0.1778 30.8505 111.1305   6.00   -inf  -nan  11   5  16   5 210.25
    1   2018 04 19 02:21:44.387     8504.387  0.4082 30.8905 111.3605   4.00   -inf  -nan   7   7  14   4 317.83
    2   2018 04 19 03:54:33.490    14073.490  0.3840 31.2505 110.8405   0.00   -inf  -nan  11   7  18   6 243.15
    3   2018 04 19 04:00:21.950    14421.950  0.3412 31.2505 110.9505   2.00   -inf  -nan   4   3   7   1 294.62
    4   2018 04 19 04:05:42.685    14742.685  0.2822 30.7305 111.1305   2.00   -inf  -nan   5   4   9   4 302.22
    5   2018 04 19 06:48:00.835    24480.835  0.1769 30.8505 111.1305   6.00   -inf  -nan   7   6  13   5 210.75
    6   2018 04 19 07:27:01.031    26821.031  0.1634 30.8505 111.1305   6.00   -inf  -nan   7   6  13   5 210.25
    7   2018 04 19 07:52:30.840    28350.840  0.4343 31.0505 110.5905   0.00   -inf  -nan  11   6  17   6  65.74
    8   2018 04 19 08:42:47.827    31367.827  0.2377 31.0505 110.1905   6.00   -inf  -nan   7   8  15   7 177.95
    9   2018 04 19 08:58:50.370    32330.370  0.3184 30.7405 110.9305   6.00   -inf  -nan  11   8  19   7 237.57
   10   2018 04 19 10:43:02.604    38582.604  0.3042 30.8905 110.7205   2.00   -inf  -nan  12   8  20   8  97.68
   11   2018 04 19 11:16:24.330    40584.330  0.1196 30.7705 110.7605  10.00   -inf  -nan   3   3   6   2 124.90
   12   2018 04 19 17:38:13.549    63493.549  0.2032 31.1805 110.1305  10.00   -inf  -nan   3   2   5   1 247.42
   13   2018 04 19 20:26:06.033    73566.033  0.3592 31.0505 110.4605   6.00   -inf  -nan  11   8  19   8 111.60
   14   2018 04 19 22:39:29.469    81569.469  0.1186 30.8705 111.0205   6.00   -inf  -nan   5   3   8   2 111.88
   15   2018 04 19 23:41:16.576    85276.576  0.1936 30.8505 111.1305   6.00   -inf  -nan   9   5  14   5 210.25
   16   2018 04 19 23:58:46.154    86326.154  0.2086 30.8505 111.1305   6.00   -inf  -nan   9   5  14   5 210.75
    1   2018 04 20 00:52:41.073     3161.073  0.0737 30.8905 111.0805   4.00   -inf  -nan   3   2   5   2 159.48
    2   2018 04 20 02:56:14.747    10574.747  0.3334 30.8705 110.9405   2.00   -inf  -nan   8   4  12   3  86.65
    3   2018 04 20 04:44:41.375    17081.375  0.2326 31.2105 110.3505   2.00   -inf  -nan  14   8  22   7 245.07
    4   2018 04 20 06:03:36.135    21816.135  0.3518 30.8205 110.9305  10.00   -inf  -nan   6   3   9   3 104.05
    5   2018 04 20 07:42:34.675    27754.675  0.3648 31.0305 110.4405   0.00   -inf  -nan  15  18  33  14  92.86
    6   2018 04 20 12:03:03.507    43383.507  0.2895 31.1405 110.2105   0.00   -inf  -nan   9   5  14   5 170.72
    7   2018 04 20 13:41:39.064    49299.064  0.1506 31.0505 110.1905   6.00   -inf  -nan   3   3   6   3 263.14
    8   2018 04 20 14:17:35.544    51455.544  0.3351 31.0505 110.4605   0.00   -inf  -nan   7   7  14   6 111.60
    9   2018 04 20 15:56:09.063    57369.063  0.4174 31.0605 110.4405   0.00   -inf  -nan   5   4   9   3 113.97
   10   2018 04 20 19:03:07.155    68587.155  0.2929 30.9405 110.7805   8.00   -inf  -nan   8   7  15   7  92.21
   11   2018 04 20 23:30:23.462    84623.462  0.3150 31.0505 110.5405   0.00   -inf  -nan   3   2   5   1 149.53
    1   2018 04 21 11:51:58.915    42718.915  0.3589 30.7705 110.7605  12.00   -inf  -nan   7   8  15   6 109.98
    2   2018 04 21 12:57:19.898    46639.898  0.3705 31.1005 110.2505   4.00   -inf  -nan   8   4  12   4 142.75
    3   2018 04 21 16:22:31.667    58951.667  0.1756 31.0105 110.7905   8.00   -inf  -nan   5   3   8   3 135.54
    4   2018 04 21 19:54:39.579    71679.579  0.2877 31.1705 110.3105   0.00   -inf  -nan   6   2   8   1 168.79
    5   2018 04 21 20:04:48.038    72288.038  0.3050 31.0305 110.4405   6.00   -inf  -nan   4   5   9   3 134.10
    1   2018 04 22 00:31:40.511     1900.511  0.2773 31.0805 110.1705   0.00   -inf  -nan   6   6  12   5 193.55
    2   2018 04 22 03:59:40.232    14380.232  0.1970 30.9405 110.7405  12.00   -inf  -nan   3   2   5   2 151.07
    3   2018 04 22 05:24:07.205    19447.205  0.2996 31.2505 110.0605   2.00   -inf  -nan   9   7  16   5 299.28
    4   2018 04 22 05:32:10.607    19930.607  0.3600 31.2605 110.2505  18.00   -inf  -nan   4   2   6   2 241.93
    5   2018 04 22 08:18:24.012    29904.012  0.4366 30.9005 110.7405   2.00   -inf  -nan   6   7  13   5 135.10
    6   2018 04 22 10:35:28.259    38128.259  0.3631 31.1705 110.3805   2.00   -inf  -nan   4   2   6   2 247.10
    7   2018 04 22 18:32:16.459    66736.459  0.3581 31.1205 110.0505   2.00   -inf  -nan  11   9  20   7 261.22
    8   2018 04 22 22:50:46.687    82246.687  0.4018 31.0205 110.4405   4.00   -inf  -nan   3   4   7   2 144.05
    9   2018 04 22 22:55:55.164    82555.164  0.4624 31.0105 110.7105   0.00   -inf  -nan   3   3   6   2 295.40
    1   2018 04 23 02:37:50.525     9470.525  0.2765 30.7905 110.7805   8.00   -inf  -nan   4   2   6   2 151.07
    2   2018 04 23 03:20:15.636    12015.636  0.2258 30.9405 110.7805   6.00   -inf  -nan   3   3   6   3 210.94
    3   2018 04 23 06:20:41.091    22841.091  0.4023 31.1405 110.3705   0.00   -inf  -nan  10   6  16   3 147.03
    4   2018 04 23 22:02:18.675    79338.675  0.1509 30.9905 110.8205   0.00   -inf  -nan   6   5  11   5 148.31
    1   2018 04 24 04:09:18.465    14958.465  0.1931 31.0705 110.6405  12.00   -inf  -nan   3   2   5   1 307.18
    2   2018 04 24 04:35:11.049    16511.049  0.2018 31.0805 110.1705   0.00   -inf  -nan   5   6  11   4 193.55
    3   2018 04 24 07:34:24.245    27264.245  0.2304 30.9805 110.7805  10.00   -inf  -nan   5   5  10   4 117.79
    4   2018 04 24 08:57:47.640    32267.640  0.2649 31.3005 110.0905   4.00   -inf  -nan  10   7  17   6 298.42
    5   2018 04 24 09:18:41.722    33521.722  0.3678 30.9305 111.2405   4.00   -inf  -nan   9  10  19   8 298.21
    6   2018 04 24 10:10:23.733    36623.733  0.3117 30.8005 111.0205  20.00   -inf  -nan   3   5   8   1 293.27
    7   2018 04 24 14:38:05.102    52685.102  0.1842 30.9005 110.5005  12.00   -inf  -nan   3   3   6   3 178.91
    8   2018 04 24 14:52:04.837    53524.837  0.3023 30.9005 110.5005  10.00   -inf  -nan   5   4   9   4 178.91
    1   2018 04 25 05:41:11.094    20471.094  0.3935 30.9005 110.7405   0.00   -inf  -nan   3   3   6   3 135.10
    2   2018 04 25 09:04:31.555    32671.555  0.1668 30.8505 111.1305   6.00   -inf  -nan   7   5  12   5 210.75
    3   2018 04 25 09:26:49.297    34009.297  0.1215 31.1305 110.3805   8.00   -inf  -nan   3   2   5   2 279.34
    4   2018 04 25 10:05:17.858    36317.858  0.1848 30.8505 111.1305   6.00   -inf  -nan  13   8  21   8 210.25
    5   2018 04 25 12:50:53.296    46253.296  0.1956 30.9805 110.7805  10.00   -inf  -nan   5   6  11   5 148.02
    6   2018 04 25 13:33:05.528    48785.528  0.1482 30.9305 111.2405   6.00   -inf  -nan   5   3   8   3 300.87
    7   2018 04 25 14:25:16.047    51916.047  0.1955 31.0505 110.2705   0.00   -inf  -nan   3   4   7   3 223.54
    8   2018 04 25 15:30:59.162    55859.162  0.2947 30.9405 110.7805  10.00   -inf  -nan   7   5  12   5  92.21
    9   2018 04 25 15:47:39.688    56859.688  0.3326 30.9405 110.7805  10.00   -inf  -nan  15  12  27  12  92.21
   10   2018 04 25 18:50:08.594    67808.594  0.3688 31.0205 110.4405   6.00   -inf  -nan  19  18  37  17  87.12
   11   2018 04 25 18:52:28.123    67948.123  0.3700 31.0205 110.4405   6.00   -inf  -nan   5   4   9   3 179.81
   12   2018 04 25 18:59:37.556    68377.556  0.4317 31.0205 110.4405   2.00   -inf  -nan   5   4   9   3 128.00
   13   2018 04 25 19:04:45.340    68685.340  0.4673 31.0205 110.4405   2.00   -inf  -nan   6   4  10   3 179.81
   14   2018 04 25 19:26:51.983    70011.983  0.1809 31.1705 110.4605   6.00   -inf  -nan   3   3   6   3 319.41
   15   2018 04 25 23:12:24.509    83544.509  0.3037 30.8105 111.1605   6.00   -inf  -nan  13   6  19   5 245.30
   16   2018 04 25 23:43:44.249    85424.249  0.4217 31.0605 110.4805   0.00   -inf  -nan   4   6  10   4 175.68
    1   2018 04 26 00:10:26.726      626.726  0.1451 30.8505 111.1305   6.00   -inf  -nan   8   5  13   5 210.75
    2   2018 04 26 00:11:38.881      698.881  0.1824 30.8505 111.1305   4.00   -inf  -nan   4   4   8   4 210.75
    3   2018 04 26 00:40:53.518     2453.518  0.2585 30.8205 110.6405   8.00   -inf  -nan   4   4   8   3 219.06
    4   2018 04 26 03:21:47.186    12107.186  0.1877 30.8505 111.1305   4.00   -inf  -nan   9   6  15   6 210.75
    5   2018 04 26 04:06:13.249    14773.249  0.3571 30.9005 110.7205   0.00   -inf  -nan   7   2   9   2 143.19
    6   2018 04 26 04:36:21.174    16581.174  0.1409 30.8505 111.1305   6.00   -inf  -nan   8   4  12   4 210.75
    7   2018 04 26 04:52:17.409    17537.409  0.3223 31.2805 110.8605   2.00   -inf  -nan   7   4  11   2 276.14
    8   2018 04 26 06:11:11.113    22271.113  0.1680 30.7505 110.8205   6.00   -inf  -nan   6   2   8   2 167.07
    9   2018 04 26 08:23:01.520    30181.520  0.2203 30.8505 111.1305   4.00   -inf  -nan  11   4  15   4 210.75
   10   2018 04 26 08:45:12.498    31512.498  0.4095 30.7805 110.9305   6.00   -inf  -nan  11   5  16   4 157.56
   11   2018 04 26 09:05:23.014    32723.014  0.2612 30.8105 110.9105   4.00   -inf  -nan   9   3  12   3  84.55
   12   2018 04 26 09:51:35.233    35495.233  0.2861 30.8505 111.1305   4.00   -inf  -nan  11   8  19   8 210.75
   13   2018 04 26 14:22:52.288    51772.288  0.2890 31.1305 110.2705   8.00   -inf  -nan   3   2   5   1 146.61
   14   2018 04 26 16:14:42.778    58482.778  0.2163 31.0605 110.4605   2.00   -inf  -nan   4   4   8   2 201.65
   15   2018 04 26 16:20:41.640    58841.640  0.2432 31.0605 110.2105   2.00   -inf  -nan   3   2   5   1 165.91
   16   2018 04 26 18:17:11.584    65831.584  0.3626 31.0605 110.4605  10.00   -inf  -nan  14  12  26  10 128.76
   17   2018 04 26 21:41:42.492    78102.492  0.4570 31.0105 110.4505  10.00   -inf  -nan  12  13  25  11 101.24
   18   2018 04 26 22:06:02.602    79562.602  0.1260 30.8905 111.1605   8.00   -inf  -nan   4   2   6   2 195.54
   19   2018 04 26 23:10:01.657    83401.657  0.1349 30.8505 111.1305   6.00   -inf  -nan   9   5  14   5 210.75
   20   2018 04 26 23:11:24.866    83484.866  0.1927 30.8505 111.1305   6.00   -inf  -nan   6   4  10   4 210.75
   21   2018 04 26 23:20:35.689    84035.689  0.1719 30.8505 111.1305   6.00   -inf  -nan  11   9  20   9 210.25
    1   2018 04 27 01:46:04.475     6364.475  0.3520 30.7105 110.8605   2.00   -inf  -nan   5   2   7   2 214.79
    2   2018 04 27 03:06:30.061    11190.061  0.1488 30.8505 111.1305   6.00   -inf  -nan  12   5  17   5 210.25
    3   2018 04 27 03:24:31.586    12271.586  0.1998 30.8505 111.1305   6.00   -inf  -nan   5   5  10   5 210.75
    4   2018 04 27 04:29:29.698    16169.698  0.3088 30.9305 110.9905   0.00   -inf  -nan   8   4  12   4 155.50
    5   2018 04 27 05:50:36.789    21036.789  0.4272 30.9705 110.8005   0.00   -inf  -nan  17  10  27   9  60.56
    6   2018 04 27 06:50:20.336    24620.336  0.1691 30.8505 111.1305   6.00   -inf  -nan   6   6  12   6 210.75
    7   2018 04 27 07:24:06.906    26646.906  0.2057 30.8505 111.1305   4.00   -inf  -nan   7   5  12   4 210.25
    8   2018 04 27 07:36:06.014    27366.014  0.2205 30.9405 111.3105   0.00   -inf  -nan   5   2   7   1 313.54
    9   2018 04 27 08:09:07.475    29347.475  0.2219 31.2005 110.8205   0.00   -inf  -nan   4   2   6   2 260.81
   10   2018 04 27 09:26:29.268    33989.268  0.3668 30.8305 110.9405   2.00   -inf  -nan  12   7  19   6 108.73
   11   2018 04 27 09:41:17.270    34877.270  0.3944 30.9905 110.5205   0.00   -inf  -nan  19  15  34  14  72.00
   12   2018 04 27 10:04:19.882    36259.882  0.2955 31.2005 110.8205   0.00   -inf  -nan   5   3   8   3 260.81
   13   2018 04 27 10:28:41.601    37721.601  0.3481 31.0805 110.1705   4.00   -inf  -nan  14   9  23   8 193.55
   14   2018 04 27 10:41:51.186    38511.186  0.1415 30.8505 111.1305   6.00   -inf  -nan  10   5  15   5 210.25
   15   2018 04 27 15:34:09.085    56049.085  0.2699 31.1705 110.3405   0.00   -inf  -nan   3   2   5   2 281.77
   16   2018 04 27 23:34:28.251    84868.251  0.1701 30.8505 111.1305   4.00   -inf  -nan   8   4  12   4 210.25
   17   2018 04 27 23:35:36.547    84936.547  0.3458 30.8505 111.1305   6.00   -inf  -nan   6   6  12   5 210.75
   18   2018 04 27 23:49:55.141    85795.141  0.1848 30.8505 111.1305   4.00   -inf  -nan   8   6  14   5 210.25
    1   2018 04 28 02:47:15.427    10035.427  0.1893 30.7705 111.2105   2.00   -inf  -nan   5   2   7   1 275.43
    2   2018 04 28 04:22:32.341    15752.341  0.3887 30.9005 110.7205   0.00   -inf  -nan  16  15  31  14  94.62
    3   2018 04 28 05:04:27.513    18267.513  0.2380 30.8705 110.9405   2.00   -inf  -nan   9   2  11   2 126.90
    4   2018 04 28 07:15:48.130    26148.130  0.3706 31.0105 110.0705   0.00   -inf  -nan   7   2   9   1 253.27
    5   2018 04 28 08:08:33.249    29313.249  0.3966 30.9405 110.6505   0.00   -inf  -nan  11   6  17   5  82.13
    6   2018 04 28 08:35:19.758    30919.758  0.1692 30.7305 111.1305   2.00   -inf  -nan   3   3   6   3 302.22
    7   2018 04 28 08:36:58.982    31018.982  0.2739 30.6905 111.1305   0.00   -inf  -nan   3   2   5   1 311.49
    8   2018 04 28 08:49:54.930    31794.930  0.3761 31.1505 110.6405  12.00   -inf  -nan   4   2   6   2 271.72
    9   2018 04 28 08:57:43.529    32263.529  0.3198 30.8105 110.9305   0.00   -inf  -nan   9   2  11   2 108.51
   10   2018 04 28 09:29:41.328    34181.328  0.1659 30.8505 111.1205  10.00   -inf  -nan   8   2  10   2 205.95
   11   2018 04 28 09:39:48.730    34788.730  0.2933 30.8905 111.0905   2.00   -inf  -nan   3   4   7   2 113.28
   12   2018 04 28 10:54:39.925    39279.925  0.3561 31.0205 110.6805  10.00   -inf  -nan   7   8  15   6 128.69
   13   2018 04 28 21:20:18.833    76818.833  0.1595 30.9305 111.1705   0.00   -inf  -nan   4   3   7   3 146.89
   14   2018 04 28 21:49:45.705    78585.705  0.4248 31.0605 110.4405   0.00   -inf  -nan   6   9  15   6 113.97
    1   2018 04 29 01:26:01.364     5161.364  0.1172 31.1305 110.6305   0.00   -inf  -nan   5   3   8   3 196.29
    2   2018 04 29 03:49:14.756    13754.756  0.3732 30.9305 111.3205   8.00   -inf  -nan   7   5  12   4 313.84
    3   2018 04 29 03:57:19.857    14239.857  0.3672 30.9005 110.7205   0.00   -inf  -nan  11   5  16   5  94.62
    4   2018 04 29 04:22:12.999    15732.999  0.3375 31.0505 110.2705   4.00   -inf  -nan   4   6  10   3  80.83
    5   2018 04 29 04:51:41.309    17501.309  0.2961 30.8705 110.9405   2.00   -inf  -nan   8   4  12   4 126.90
    6   2018 04 29 07:08:05.866    25685.866  0.4134 31.2205 110.0505   8.00   -inf  -nan   6   5  11   4 289.11
    7   2018 04 29 07:33:09.358    27189.358  0.2298 30.8705 110.8805   4.00   -inf  -nan   6   2   8   1 141.67
    8   2018 04 29 09:33:15.943    34395.943  0.1782 30.8505 111.1305   4.00   -inf  -nan   9   8  17   7 210.75
    9   2018 04 29 09:54:43.219    35683.219  0.2098 30.8505 111.1305   6.00   -inf  -nan   9   4  13   4 210.75
   10   2018 04 29 14:06:32.566    50792.566  0.2706 30.9705 110.8405   2.00   -inf  -nan   7   8  15   6 130.29
   11   2018 04 29 18:39:47.805    67187.805  0.1962 31.1705 110.3005   0.00   -inf  -nan   6   2   8   2 261.29
   12   2018 04 29 23:14:41.321    83681.321  0.1614 30.8505 111.1305   6.00   -inf  -nan   7   4  11   4 210.75
   13   2018 04 29 23:31:25.542    84685.542  0.2166 30.9805 110.8205   0.00   -inf  -nan   8   9  17   6 115.72
    1   2018 04 30 00:25:30.254     1530.254  0.2746 30.7005 110.9305   8.00   -inf  -nan   7   5  12   5 277.51
    2   2018 04 30 01:11:33.401     4293.401  0.1249 30.8505 111.1305   6.00   -inf  -nan   5   4   9   4 210.75
    3   2018 04 30 01:12:18.118     4338.118  0.1731 30.8505 111.1305   6.00   -inf  -nan   9   5  14   5 210.75
    4   2018 04 30 02:30:17.363     9017.363  0.4598 31.2505 110.1105   2.00   -inf  -nan   5   3   8   2 316.77
    5   2018 04 30 02:58:46.367    10726.367  0.3226 30.8205 111.1705   0.00   -inf  -nan   7   4  11   4 245.81
    6   2018 04 30 03:01:51.102    10911.102  0.3120 31.0305 110.4405   6.00   -inf  -nan   6   7  13   5  92.86
    7   2018 04 30 03:10:39.028    11439.028  0.3882 30.9805 110.3605   4.00   -inf  -nan   4   5   9   1 168.49
    8   2018 04 30 03:52:41.051    13961.051  0.3560 30.7805 110.9305   4.00   -inf  -nan   9   4  13   4 157.56
    9   2018 04 30 03:55:13.083    14113.083  0.2664 31.2205 110.1305   6.00   -inf  -nan   8   2  10   2 276.88
   10   2018 04 30 04:16:37.476    15397.476  0.1318 30.9805 110.4105  16.00   -inf  -nan   3   2   5   1 131.20
   11   2018 04 30 04:19:39.983    15579.983  0.2488 31.0105 111.3205   0.00   -inf  -nan  10   2  12   2 312.29
   12   2018 04 30 05:25:10.189    19510.189  0.3639 31.0205 110.4405   4.00   -inf  -nan  12  13  25  10  87.12
   13   2018 04 30 05:29:34.149    19774.149  0.3450 31.0205 110.4405   6.00   -inf  -nan  10   7  17   6  87.12
   14   2018 04 30 05:59:03.613    21543.613  0.3031 30.8505 111.1305   6.00   -inf  -nan  11   8  19   8 210.75
   15   2018 04 30 06:58:51.242    25131.242  0.1491 30.8505 111.1305   4.00   -inf  -nan  10   4  14   4 210.75
   16   2018 04 30 07:56:45.957    28605.957  0.2077 30.7405 110.8105  18.00   -inf  -nan   8   7  15   7 248.18
   17   2018 04 30 07:57:03.110    28623.110  0.2130 30.7405 110.8105  18.00   -inf  -nan   8  10  18   8 228.63
   18   2018 04 30 10:17:25.584    37045.584  0.2799 30.8505 111.2005  12.00   -inf  -nan   7   2   9   1 253.44
   19   2018 04 30 10:32:42.836    37962.836  0.3944 31.1105 110.5405   6.00   -inf  -nan   3   2   5   1 189.80
   20   2018 04 30 11:21:35.400    40895.400  0.3687 31.0005 109.9705   4.00   -inf  -nan  13   7  20   6 288.12
   21   2018 04 30 11:28:30.277    41310.277  0.2677 31.0005 109.9705   6.00   -inf  -nan   9   4  13   4 288.12
   22   2018 04 30 11:54:06.453    42846.453  0.2659 30.8205 110.6605   8.00   -inf  -nan   6   7  13   6 146.47
   23   2018 04 30 12:22:17.815    44537.815  0.1673 30.9705 111.2405   2.00   -inf  -nan   3   2   5   2 291.14
   24   2018 04 30 15:48:01.910    56881.910  0.3010 31.1705 110.3505   0.00   -inf  -nan   3   2   5   2 287.26
   25   2018 04 30 23:48:31.901    85711.901  0.1682 30.8505 111.1305   6.00   -inf  -nan   9   3  12   3 210.25
   26   2018 04 30 23:49:36.255    85776.255  0.1824 30.8505 111.1305   4.00   -inf  -nan   8   4  12   4 210.75
    1   2018 05 01 00:02:39.061      159.061  0.1323 30.8505 111.1305   6.00   -inf  -nan   7   6  13   5 210.25
    2   2018 05 01 01:01:38.971     3698.971  0.2050 30.8905 111.0005   4.00   -inf  -nan   4   2   6   2 216.34
    3   2018 05 01 03:00:39.268    10839.268  0.3690 31.1005 110.4405   8.00   -inf  -nan   3   6   9   3 155.17
    4   2018 05 01 03:35:45.944    12945.944  0.2130 30.8905 111.4005  10.00   -inf  -nan   8   4  12   3 328.92
    5   2018 05 01 05:24:06.482    19446.482  0.1369 30.8505 111.1305   6.00   -inf  -nan  10   5  15   5 210.75
    6   2018 05 01 05:46:03.231    20763.231  0.1702 30.8505 111.1305   6.00   -inf  -nan   9   7  16   6 210.75
    7   2018 05 01 06:38:40.442    23920.442  0.3507 30.9305 111.2405   4.00   -inf  -nan   5   2   7   1 300.87
    8   2018 05 01 09:08:34.590    32914.590  0.0998 30.8505 111.1305   6.00   -inf  -nan   8   3  11   3 210.75
    9   2018 05 01 10:00:58.746    36058.746  0.1675 30.7505 110.8205  18.00   -inf  -nan  11  12  23  11 167.07
   10   2018 05 01 11:14:41.942    40481.942  0.2412 31.1805 110.2105   6.00   -inf  -nan   5   4   9   2 171.77
   11   2018 05 01 13:57:17.302    50237.302  0.2357 30.8605 110.4805   0.00   -inf  -nan   9   4  13   4 190.19
   12   2018 05 01 14:17:30.968    51450.968  0.1397 31.0905 110.1505   6.00   -inf  -nan   3   2   5   1 264.37
   13   2018 05 01 15:17:53.983    55073.983  0.1387 30.9305 111.1705  12.00   -inf  -nan   7   3  10   3 276.52
   14   2018 05 01 16:37:38.342    59858.342  0.2482 31.1805 110.2905   4.00   -inf  -nan   3   3   6   3 183.58
   15   2018 05 01 19:25:39.160    69939.160  0.2349 30.7805 110.7605  10.00   -inf  -nan   4   6  10   4 124.85
   16   2018 05 01 21:53:08.324    78788.324  0.4008 31.0805 110.1705   8.00   -inf  -nan   4   5   9   3 193.55
   17   2018 05 01 23:21:54.716    84114.716  0.2053 30.8505 111.1305   6.00   -inf  -nan  10   6  16   5 283.92
   18   2018 05 01 23:31:26.043    84686.043  0.2485 30.8505 111.1305   6.00   -inf  -nan   9   8  17   8 283.92
    1   2018 05 02 00:21:44.168     1304.168  0.1237 30.8505 111.1305   6.00   -inf  -nan   8   3  11   3 210.25
    2   2018 05 02 02:23:35.476     8615.476  0.2883 30.8505 111.1205   6.00   -inf  -nan   6   4  10   4 205.95
    3   2018 05 02 03:03:58.186    11038.186  0.4604 31.0305 110.4405  14.00   -inf  -nan   3   3   6   1 149.14
    4   2018 05 02 03:44:39.972    13479.972  0.4112 31.2505 110.8405   2.00   -inf  -nan   8   5  13   4 296.02
    5   2018 05 02 21:32:59.774    77579.774  0.1064 30.9305 111.2105  14.00   -inf  -nan   4   2   6   2 292.28
    6   2018 05 02 22:40:37.937    81637.937  0.4887 31.2205 110.6005   0.00   -inf  -nan   5   2   7   1 236.43
    7   2018 05 02 23:29:01.817    84541.817  0.1022 30.8505 111.1305   6.00   -inf  -nan   8   3  11   3 283.92
    1   2018 05 03 01:32:58.623     5578.623  0.1911 30.8505 111.1305   6.00   -inf  -nan   9   5  14   4 210.75
    2   2018 05 03 01:33:33.312     5613.312  0.1869 30.8505 111.1305   4.00   -inf  -nan   7   7  14   6 210.75
    3   2018 05 03 04:21:12.344    15672.344  0.3517 30.9805 110.7405  18.00   -inf  -nan   4   2   6   1 128.73
    4   2018 05 03 04:24:24.497    15864.497  0.1570 30.7405 110.8505   8.00   -inf  -nan   3   2   5   1 192.15
    5   2018 05 03 05:45:45.445    20745.445  0.3055 30.9805 110.7805   0.00   -inf  -nan  15   9  24   9  61.61
    6   2018 05 03 06:21:16.439    22876.439  0.2636 30.9405 110.7805   2.00   -inf  -nan   3   4   7   3 210.94
    7   2018 05 03 06:22:21.015    22941.015  0.1494 30.8505 111.1305   6.00   -inf  -nan  10   4  14   4 210.75
    8   2018 05 03 07:28:44.658    26924.658  0.1037 30.7405 110.8905   8.00   -inf  -nan   4   2   6   2 266.87
    9   2018 05 03 08:29:35.483    30575.483  0.1371 30.8505 111.1305   6.00   -inf  -nan   8   4  12   4 210.75
   10   2018 05 03 08:30:56.086    30656.086  0.1602 30.8505 111.1305   6.00   -inf  -nan   8   4  12   4 210.75
   11   2018 05 03 08:42:48.915    31368.915  0.4450 31.2905 110.8305   2.00   -inf  -nan   9   6  15   5 271.13
   12   2018 05 03 11:16:18.979    40578.979  0.4286 30.9005 110.7205   0.00   -inf  -nan  15  12  27  11  94.62
   13   2018 05 03 17:19:03.879    62343.879  0.3239 31.0205 110.4405   4.00   -inf  -nan   3   4   7   3 166.62
   14   2018 05 03 21:18:12.160    76692.160  0.1882 31.1705 110.3805   2.00   -inf  -nan   3   5   8   3 298.80
   15   2018 05 03 23:17:48.592    83868.592  0.2397 30.8505 111.1305   6.00   -inf  -nan  12   5  17   5 283.92
   16   2018 05 03 23:18:31.551    83911.551  0.1277 30.8505 111.1305   6.00   -inf  -nan   7   3  10   3 283.92
    1   2018 05 04 00:23:28.628     1408.628  0.3787 30.8205 111.2105   0.00   -inf  -nan   8   2  10   1 303.65
    2   2018 05 04 00:24:11.394     1451.394  0.1929 30.8505 111.1305   6.00   -inf  -nan   7   6  13   5 284.42
    3   2018 05 04 02:21:51.026     8511.026  0.3360 30.8505 111.2105   0.00   -inf  -nan   5   4   9   3 276.19
    4   2018 05 04 03:32:39.851    12759.851  0.1674 30.9305 111.1705   0.00   -inf  -nan   4   2   6   2 146.89
    5   2018 05 04 03:59:02.398    14342.398  0.4434 31.0505 110.4705  14.00   -inf  -nan   3   2   5   1 174.15
    6   2018 05 04 04:06:52.420    14812.420  0.2252 30.7705 111.1705   0.00   -inf  -nan   9   4  13   3 263.48
    7   2018 05 04 04:08:00.353    14880.353  0.2117 30.7705 111.1605   0.00   -inf  -nan   3   2   5   1 310.12
    8   2018 05 04 04:16:45.016    15405.016  0.1388 30.8505 111.1305   6.00   -inf  -nan  10   6  16   6 210.75
    9   2018 05 04 04:21:21.982    15681.982  0.2380 30.8605 110.9505   2.00   -inf  -nan   6   6  12   4  97.37
   10   2018 05 04 04:33:42.594    16422.594  0.3223 30.8505 110.9605   8.00   -inf  -nan   8   3  11   3 110.18
   11   2018 05 04 05:12:25.129    18745.129  0.3299 30.7805 111.0505   0.00   -inf  -nan  12   9  21   9 214.37
   12   2018 05 04 05:26:19.986    19579.986  0.2087 30.7805 111.0505   0.00   -inf  -nan  13   5  18   4 214.37
   13   2018 05 04 06:48:52.761    24532.761  0.2584 30.7705 110.7605  12.00   -inf  -nan   9   9  18   8 109.98
   14   2018 05 04 07:01:55.911    25315.911  0.3927 31.0505 110.4705   0.00   -inf  -nan   8   3  11   3 179.00
   15   2018 05 04 07:22:56.891    26576.891  0.4582 30.7805 110.9305   4.00   -inf  -nan  11  11  22   9 157.56
   16   2018 05 04 07:50:51.797    28251.797  0.2489 30.7705 111.1705   2.00   -inf  -nan   4   2   6   1 305.91
   17   2018 05 04 07:55:01.065    28501.065  0.4195 31.0205 110.4405   4.00   -inf  -nan   9   5  14   5 142.48
   18   2018 05 04 07:56:24.425    28584.425  0.1972 30.7705 111.1705   0.00   -inf  -nan   4   3   7   3 313.73
   19   2018 05 04 08:18:55.474    29935.474  0.1760 30.8505 111.1605   6.00   -inf  -nan  10   4  14   4 227.22
   20   2018 05 04 08:31:59.941    30719.941  0.1597 30.8505 111.1305   6.00   -inf  -nan   9   5  14   5 210.75
   21   2018 05 04 08:43:35.231    31415.231  0.4111 31.2005 110.0905   0.00   -inf  -nan  14   7  21   6 272.97
   22   2018 05 04 09:19:46.103    33586.103  0.1514 30.8505 111.1305   6.00   -inf  -nan  12   6  18   6 210.75
   23   2018 05 04 11:19:08.040    40748.040  0.4382 31.0305 110.4405   6.00   -inf  -nan   4   6  10   3 128.79
   24   2018 05 04 11:46:53.714    42413.714  0.2221 30.9705 111.2105   0.00   -inf  -nan   4   2   6   2 260.90
   25   2018 05 04 17:27:34.747    62854.747  0.3966 31.1805 110.3305   8.00   -inf  -nan   7   2   9   2 181.29
   26   2018 05 04 19:21:24.714    69684.714  0.4996 31.0605 110.4805   0.00   -inf  -nan   3   3   6   2 230.19
   27   2018 05 04 23:25:32.166    84332.166  0.1811 30.8505 111.1305   6.00   -inf  -nan   9   4  13   4 210.25
   28   2018 05 04 23:26:30.763    84390.763  0.2186 30.8505 111.1305   6.00   -inf  -nan   9   3  12   3 210.25
    1   2018 05 05 01:38:39.124     5919.124  0.2033 30.8505 111.1305   4.00   -inf  -nan  15   7  22   6 210.25
    2   2018 05 05 01:39:18.514     5958.514  0.1859 30.8505 111.1305   6.00   -inf  -nan  12   6  18   6 210.25
    3   2018 05 05 04:01:02.811    14462.811  0.2990 30.9305 110.6405   6.00   -inf  -nan   9   4  13   4  90.43
    4   2018 05 05 04:36:11.324    16571.324  0.2808 30.8505 111.1305   4.00   -inf  -nan   8   6  14   5 210.75
    5   2018 05 05 04:38:47.745    16727.745  0.3218 30.8905 110.7605   6.00   -inf  -nan   6   7  13   6 135.27
    6   2018 05 05 06:19:29.737    22769.737  0.1469 30.8505 111.1305   6.00   -inf  -nan  10   5  15   5 210.75
    7   2018 05 05 07:34:39.702    27279.702  0.1527 30.8505 111.1305   6.00   -inf  -nan   5   2   7   2 210.75
    8   2018 05 05 07:51:42.249    28302.249  0.1228 30.8905 111.1605   8.00   -inf  -nan   5   2   7   2 195.54
    9   2018 05 05 09:25:41.120    33941.120  0.1416 30.8505 111.1305   4.00   -inf  -nan  10   4  14   4 210.75
   10   2018 05 05 09:39:45.543    34785.543  0.2720 30.9305 111.2005   4.00   -inf  -nan   4   2   6   2 280.08
   11   2018 05 05 09:49:19.220    35359.220  0.1851 31.0505 110.1905   4.00   -inf  -nan   5   4   9   4 263.14
   12   2018 05 05 14:15:19.118    51319.118  0.2590 31.1705 110.3405   2.00   -inf  -nan   3   2   5   2 281.77
   13   2018 05 05 20:48:43.139    74923.139  0.2398 30.8905 111.0005   6.00   -inf  -nan   4   2   6   2 221.03
   14   2018 05 05 21:54:35.570    78875.570  0.1659 30.8905 111.0105   4.00   -inf  -nan   6   3   9   3  93.56
   15   2018 05 05 23:33:06.929    84786.929  0.1842 30.8505 111.1305   4.00   -inf  -nan  10   4  14   4 210.25
    1   2018 05 06 00:01:46.090      106.090  0.2078 30.9005 110.7805   0.00   -inf  -nan   3   3   6   2 136.65
    2   2018 05 06 02:27:31.492     8851.492  0.2477 30.8505 111.1305   6.00   -inf  -nan  10   9  19   7 210.25
    3   2018 05 06 05:50:53.419    21053.419  0.4825 31.1305 110.5005   6.00   -inf  -nan   3   2   5   1 209.64
    4   2018 05 06 06:13:29.608    22409.608  0.1433 30.8505 111.1305   6.00   -inf  -nan   4   4   8   4 210.75
    5   2018 05 06 06:30:13.231    23413.231  0.1549 30.8505 111.1305   6.00   -inf  -nan   5   5  10   5 210.75
    6   2018 05 06 08:44:21.808    31461.808  0.2212 30.8505 111.1305   6.00   -inf  -nan   7   7  14   6 210.25
    7   2018 05 06 09:59:42.342    35982.342  0.2019 31.1305 110.1105   2.00   -inf  -nan   4   4   8   2 237.40
    8   2018 05 06 12:14:40.208    44080.208  0.2730 30.9705 111.1605   0.00   -inf  -nan   3   2   5   2 260.18
    9   2018 05 06 14:25:39.257    51939.257  0.1980 31.2105 110.5105   0.00   -inf  -nan   4   2   6   1 274.41
   10   2018 05 06 18:22:49.963    66169.963  0.1032 31.1305 110.2705  16.00   -inf  -nan   3   2   5   1 128.64
   11   2018 05 06 19:25:35.872    69935.872  0.2564 30.9705 111.2005   4.00   -inf  -nan   3   2   5   2 295.63
   12   2018 05 06 23:11:47.141    83507.141  0.1891 30.8505 111.1305   6.00   -inf  -nan  11   6  17   6 210.25
    1   2018 05 07 00:04:29.288      269.288  0.3240 30.8705 110.8205   2.00   -inf  -nan  14  12  26  12  86.67
    2   2018 05 07 00:24:38.677     1478.677  0.3859 31.0505 110.1505   6.00   -inf  -nan   6   5  11   3 204.15
    3   2018 05 07 00:55:03.497     3303.497  0.1716 30.8505 111.1305   4.00   -inf  -nan   8   4  12   4 210.75
    4   2018 05 07 00:56:19.225     3379.225  0.1969 30.8505 111.1305   4.00   -inf  -nan   9   3  12   3 210.75
    5   2018 05 07 02:00:58.665     7258.665  0.2699 30.8505 111.1305   4.00   -inf  -nan  13  10  23  10 210.25
    6   2018 05 07 02:29:23.805     8963.805  0.4279 30.8505 110.8405   0.00   -inf  -nan   5   4   9   4 143.29
    7   2018 05 07 04:47:06.533    17226.533  0.2017 30.8705 110.8205   8.00   -inf  -nan   4   4   8   3 193.83
    8   2018 05 07 04:51:18.967    17478.967  0.0817 30.8705 110.8205   6.00   -inf  -nan   4   2   6   2 193.83
    9   2018 05 07 09:16:35.183    33395.183  0.1902 30.8505 111.1305   4.00   -inf  -nan  11   7  18   7 210.25
   10   2018 05 07 09:22:12.093    33732.093  0.1983 30.8605 111.0905   4.00   -inf  -nan  10   4  14   4 128.67
   11   2018 05 07 09:32:36.303    34356.303  0.1439 30.8505 111.1305   6.00   -inf  -nan   4   3   7   3 210.75
   12   2018 05 07 09:40:48.991    34848.991  0.1827 30.8505 111.1605   6.00   -inf  -nan   9   5  14   4 225.53
   13   2018 05 07 13:09:09.661    47349.661  0.3172 30.9305 111.1705   0.00   -inf  -nan   4   4   8   3 146.89
   14   2018 05 07 14:00:27.460    50427.460  0.3226 30.8905 110.7605   4.00   -inf  -nan  17  14  31  13  86.43
   15   2018 05 07 14:15:35.511    51335.511  0.3024 30.9405 110.8005   4.00   -inf  -nan   3   2   5   2 233.13
   16   2018 05 07 17:58:44.900    64724.900  0.2640 30.7005 110.9305  12.00   -inf  -nan  10   7  17   7 227.80
   17   2018 05 07 18:02:47.043    64967.043  0.2624 31.1405 110.2905   2.00   -inf  -nan   4   3   7   3 138.84
   18   2018 05 07 18:34:09.979    66849.979  0.3921 31.0505 110.4505   8.00   -inf  -nan   6   5  11   4 109.19
   19   2018 05 07 20:02:43.403    72163.403  0.3063 30.9905 110.8005   8.00   -inf  -nan   8   9  17   7 151.89
   20   2018 05 07 21:37:05.951    77825.951  0.3433 31.0105 110.5105   0.00   -inf  -nan   4   5   9   4 125.07
   21   2018 05 07 23:28:53.413    84533.413  0.3152 31.0505 110.4705   0.00   -inf  -nan   3   5   8   3 162.94
    1   2018 05 08 00:53:06.347     3186.347  0.2464 30.9705 111.2005   2.00   -inf  -nan   3   2   5   2 295.63
    2   2018 05 08 02:48:38.229    10118.229  0.1105 30.8505 111.1305   6.00   -inf  -nan   5   3   8   3 210.75
    3   2018 05 08 02:49:51.950    10191.950  0.1797 30.8505 111.1305   6.00   -inf  -nan   9   5  14   5 210.75
    4   2018 05 08 03:16:44.353    11804.353  0.2798 30.7305 110.8405   8.00   -inf  -nan   5   2   7   2 195.65
    5   2018 05 08 03:29:02.933    12542.933  0.2282 30.8505 111.1305   6.00   -inf  -nan   8   3  11   2 210.25
    6   2018 05 08 04:17:06.727    15426.727  0.1590 30.8505 111.1305   4.00   -inf  -nan  11   6  17   5 210.25
    7   2018 05 08 04:21:58.321    15718.321  0.3554 30.9805 110.4405   0.00   -inf  -nan  10   2  12   2 175.40
    8   2018 05 08 06:37:05.935    23825.935  0.2709 30.9305 109.9905   0.00   -inf  -nan   6   2   8   1 299.26
    9   2018 05 08 07:25:04.811    26704.811  0.2326 30.7705 110.8405   6.00   -inf  -nan   6   3   9   2 152.09
   10   2018 05 08 09:10:02.014    33002.014  0.1699 30.9705 111.2805   4.00   -inf  -nan   4   2   6   2 306.32
   11   2018 05 08 09:47:03.590    35223.590  0.2041 30.8505 111.1305   8.00   -inf  -nan   6   4  10   4 210.75
   12   2018 05 08 13:08:16.790    47296.790  0.3928 31.0505 110.7905   8.00   -inf  -nan   3   4   7   2 163.24
   13   2018 05 08 13:30:08.902    48608.902  0.3351 31.0505 110.4405   8.00   -inf  -nan  12  11  23  10 102.77
   14   2018 05 08 13:39:48.895    49188.895  0.1313 30.9305 111.2005   2.00   -inf  -nan   4   2   6   2 279.86
   15   2018 05 08 14:32:29.254    52349.254  0.3344 31.0105 110.7105  10.00   -inf  -nan   8   7  15   5 129.13
   16   2018 05 08 20:01:48.731    72108.731  0.2389 30.9305 111.2005   4.00   -inf  -nan   5   2   7   2 279.86
   17   2018 05 08 21:10:10.870    76210.870  0.1349 30.9305 111.2005   4.00   -inf  -nan   4   2   6   2 279.86
   18   2018 05 08 22:10:40.204    79840.204  0.3295 31.0405 110.7805  12.00   -inf  -nan  19  14  33  14  82.63
   19   2018 05 08 22:54:42.854    82482.854  0.1586 31.0205 110.4405   6.00   -inf  -nan   3   4   7   2 166.62
   20   2018 05 08 23:00:58.520    82858.520  0.1991 30.8505 111.1305   4.00   -inf  -nan  10   5  15   5 210.25
   21   2018 05 08 23:02:59.787    82979.787  0.1563 30.8505 111.1305   4.00   -inf  -nan  11   6  17   6 210.25
   22   2018 05 08 23:03:42.291    83022.291  0.2674 30.8505 111.1305   6.00   -inf  -nan  15   9  24   8 210.25
    1   2018 05 09 01:11:45.892     4305.892  0.3261 30.9805 110.7405   2.00   -inf  -nan   3   2   5   1 195.61
    2   2018 05 09 02:03:06.119     7386.119  0.2200 30.9705 110.0305  10.00   -inf  -nan   6   2   8   1 278.99
    3   2018 05 09 02:20:24.367     8424.367  0.3327 30.8905 111.3605  14.00   -inf  -nan   8   4  12   4 317.83
    4   2018 05 09 03:25:27.017    12327.017  0.2371 30.8105 111.2405   6.00   -inf  -nan   6   3   9   3 279.73
    5   2018 05 09 03:26:24.746    12384.746  0.1797 30.8505 111.1305   6.00   -inf  -nan   3   3   6   3 232.15
    6   2018 05 09 03:27:40.713    12460.713  0.1469 30.8505 111.1305   6.00   -inf  -nan   7   4  11   4 210.75
    7   2018 05 09 04:50:45.904    17445.904  0.3950 30.7105 110.8205  10.00   -inf  -nan   5   4   9   4 215.86
    8   2018 05 09 04:57:58.249    17878.249  0.2390 30.9705 111.1705   8.00   -inf  -nan   3   2   5   2 274.74
    9   2018 05 09 06:56:23.453    24983.453  0.3809 30.8705 110.9405   0.00   -inf  -nan   9   4  13   4  86.65
   10   2018 05 09 07:10:05.401    25805.401  0.2048 30.8905 111.0105   2.00   -inf  -nan   5   2   7   1  93.56
   11   2018 05 09 07:14:39.194    26079.194  0.3255 30.7105 110.8205  10.00   -inf  -nan   8   2  10   1 215.86
   12   2018 05 09 08:04:26.075    29066.075  0.1736 30.8505 111.1305   6.00   -inf  -nan   8   6  14   5 210.25
   13   2018 05 09 08:34:40.413    30880.413  0.2409 30.8505 111.1305   8.00   -inf  -nan   9   4  13   4 210.75
   14   2018 05 09 08:35:34.457    30934.457  0.1975 30.7605 110.0505   2.00   -inf  -nan   3   3   6   2 319.62
   15   2018 05 09 09:13:57.610    33237.610  0.2261 30.8505 111.1305   4.00   -inf  -nan   9   5  14   5 210.25
   16   2018 05 09 09:46:36.069    35196.069  0.2327 30.7305 111.2005   4.00   -inf  -nan   7   2   9   2 282.02
   17   2018 05 09 09:47:20.093    35240.093  0.2645 30.9405 110.7805  10.00   -inf  -nan   6   5  11   5  92.21
   18   2018 05 09 09:58:31.420    35911.420  0.1895 30.7705 111.1705   6.00   -inf  -nan   5   3   8   2 263.48
   19   2018 05 09 15:01:11.044    54071.044  0.2587 30.9705 111.2005   4.00   -inf  -nan   3   2   5   2 295.63
   20   2018 05 09 21:55:45.406    78945.406  0.2668 31.0605 110.4405   8.00   -inf  -nan   8   5  13   5 170.49
   21   2018 05 09 23:03:48.421    83028.421  0.2178 30.8505 111.1305   4.00   -inf  -nan   7   5  12   4 210.25
   22   2018 05 09 23:11:19.827    83479.827  0.3153 30.8605 110.4605   2.00   -inf  -nan   6   6  12   5 209.53
    1   2018 05 10 00:16:05.093      965.093  0.1720 30.8505 111.1305   6.00   -inf  -nan  11   7  18   7 210.25
    2   2018 05 10 01:52:55.351     6775.351  0.1797 30.8505 111.1305   6.00   -inf  -nan   4   3   7   3 210.75
    3   2018 05 10 01:54:05.104     6845.104  0.2574 30.8505 111.1305   4.00   -inf  -nan  10   6  16   6 210.25
    4   2018 05 10 03:36:26.773    12986.773  0.3288 31.0205 110.8305   2.00   -inf  -nan   4   2   6   1 140.53
    5   2018 05 10 04:38:46.061    16726.061  0.1845 31.1705 110.3405   0.00   -inf  -nan   3   3   6   2 176.84
    6   2018 05 10 08:00:32.090    28832.090  0.1749 30.8505 111.1305   8.00   -inf  -nan   6   5  11   5 210.75
    7   2018 05 10 08:28:51.057    30531.057  0.2239 30.8505 111.1305   8.00   -inf  -nan   8   6  14   6 210.25
    8   2018 05 10 09:36:36.420    34596.420  0.2504 30.8505 111.1305   4.00   -inf  -nan  10   7  17   7 210.75
    9   2018 05 10 10:03:42.534    36222.534  0.2662 30.9305 111.2505   4.00   -inf  -nan   4   4   8   4 303.28
   10   2018 05 10 11:57:11.303    43031.303  0.3784 30.9405 110.7505   8.00   -inf  -nan   7   8  15   6  68.13
   11   2018 05 10 18:28:30.488    66510.488  0.2177 30.9405 110.7805  10.00   -inf  -nan   4   4   8   4 165.87
   12   2018 05 10 18:36:01.813    66961.813  0.2678 30.9405 110.7805  10.00   -inf  -nan   4   4   8   4 165.87
   13   2018 05 10 21:52:10.693    78730.693  0.1712 30.7805 110.7705  10.00   -inf  -nan   8   9  17   8 110.23
   14   2018 05 10 21:57:56.469    79076.469  0.0827 30.9305 111.1705  12.00   -inf  -nan   4   2   6   2 276.52
   15   2018 05 10 22:16:05.433    80165.433  0.2353 31.0105 110.1905   0.00   -inf  -nan   3   3   6   3 209.70
   16   2018 05 10 23:03:29.570    83009.570  0.1822 30.8505 111.1305   4.00   -inf  -nan  11   5  16   5 210.25
   17   2018 05 10 23:09:01.521    83341.521  0.1414 30.8505 111.1305   6.00   -inf  -nan  10   5  15   5 210.25
   18   2018 05 10 23:37:12.694    85032.694  0.2190 31.0905 110.7905   2.00   -inf  -nan   3   2   5   1 192.78
    1   2018 05 11 01:50:29.790     6629.790  0.3521 30.8905 111.1205   4.00   -inf  -nan  13  10  23  10 152.93
    2   2018 05 11 04:41:55.498    16915.498  0.1740 31.0605 110.8205   0.00   -inf  -nan   3   2   5   2 271.85
    3   2018 05 11 05:17:56.703    19076.703  0.2429 30.9005 110.6005   0.00   -inf  -nan   3   2   5   1 325.24
    4   2018 05 11 06:40:13.089    24013.089  0.3435 31.0605 110.4405   8.00   -inf  -nan   7   7  14   6 113.97
    5   2018 05 11 06:40:44.746    24044.746  0.0595 31.1705 110.3505   0.00   -inf  -nan   3   2   5   1 287.26
    6   2018 05 11 08:28:57.385    30537.385  0.3814 30.8205 111.1705   8.00   -inf  -nan  14   6  20   6 240.25
    7   2018 05 11 09:00:42.984    32442.984  0.2423 30.8505 111.1305   4.00   -inf  -nan  10   5  15   4 210.25
    8   2018 05 11 09:02:19.243    32539.243  0.2656 30.8505 111.1305   6.00   -inf  -nan  12   8  20   8 210.25
    9   2018 05 11 09:27:46.993    34066.993  0.0850 31.0105 110.7205  10.00   -inf  -nan   4   2   6   2 177.20
   10   2018 05 11 10:42:45.070    38565.070  0.3967 30.9005 110.7205   0.00   -inf  -nan  18  11  29  10  94.62
   11   2018 05 11 16:22:45.406    58965.406  0.1834 30.8905 111.0105   4.00   -inf  -nan   7   2   9   2  93.56
   12   2018 05 11 17:51:07.722    64267.722  0.3901 31.0605 110.4405   6.00   -inf  -nan   8  12  20   8 108.13
   13   2018 05 11 17:54:33.638    64473.638  0.3817 31.0205 110.4405  10.00   -inf  -nan  14  15  29  13 106.55
   14   2018 05 11 18:46:56.033    67616.033  0.2164 30.9805 110.5005   0.00   -inf  -nan   3   4   7   3 149.19
   15   2018 05 11 21:33:38.430    77618.430  0.2232 30.7805 110.7705  10.00   -inf  -nan   9  11  20   9 110.23
   16   2018 05 11 22:55:30.820    82530.820  0.1109 30.8505 111.1305   6.00   -inf  -nan   9   5  14   5 210.25
   17   2018 05 11 23:17:05.686    83825.686  0.1858 30.8505 111.1305   6.00   -inf  -nan  11   4  15   4 210.25
    1   2018 05 12 02:50:45.540    10245.540  0.4086 31.0605 110.1805   6.00   -inf  -nan  10   8  18   6 185.37
    2   2018 05 12 03:19:45.581    11985.581  0.4250 30.9405 110.0105   0.00   -inf  -nan   5   3   8   2 293.10
    3   2018 05 12 03:27:14.883    12434.883  0.4320 30.6905 110.7905   4.00   -inf  -nan   3   2   5   1 260.49
    4   2018 05 12 04:25:04.246    15904.246  0.2098 30.8505 111.1305   6.00   -inf  -nan   3   3   6   3 232.15
    5   2018 05 12 04:44:10.743    17050.743  0.2098 30.8505 111.1305   4.00   -inf  -nan  12   7  19   7 210.25
    6   2018 05 12 04:45:02.063    17102.063  0.2714 30.8505 111.1305   4.00   -inf  -nan  10   8  18   6 210.25
    7   2018 05 12 04:54:12.286    17652.286  0.1328 30.8505 111.1305   6.00   -inf  -nan   6   4  10   4 210.75
    8   2018 05 12 06:46:19.037    24379.037  0.3707 31.0805 110.2505  12.00   -inf  -nan  17   4  21   4 142.63
    9   2018 05 12 07:23:24.327    26604.327  0.2471 30.9305 111.1705   0.00   -inf  -nan   4   2   6   2 146.89
   10   2018 05 12 07:50:49.825    28249.825  0.3814 30.8705 110.9405   0.00   -inf  -nan   9   6  15   6  86.65
   11   2018 05 12 15:21:17.409    55277.409  0.2586 30.9405 111.2705   0.00   -inf  -nan   5   2   7   2 306.46
   12   2018 05 12 15:38:45.778    56325.778  0.3656 31.0205 110.4405   6.00   -inf  -nan  20  16  36  16  87.12
   13   2018 05 12 16:03:51.383    57831.383  0.4063 31.1805 110.3305   0.00   -inf  -nan   6   2   8   2 181.29
   14   2018 05 12 17:29:26.569    62966.569  0.4328 31.1805 110.1305  12.00   -inf  -nan   3   3   6   2 247.42
   15   2018 05 12 18:38:48.124    67128.124  0.4035 31.0205 110.4405   8.00   -inf  -nan   7   6  13   4 101.35
   16   2018 05 12 20:11:43.215    72703.215  0.3773 31.0605 110.2805   0.00   -inf  -nan   7   4  11   4 154.54
   17   2018 05 12 20:47:20.786    74840.786  0.2744 30.8905 111.0005   4.00   -inf  -nan   6   2   8   1 131.70
   18   2018 05 12 22:44:14.204    81854.204  0.3870 31.2505 110.5105   4.00   -inf  -nan   4   2   6   1 208.22
   19   2018 05 12 22:53:01.363    82381.363  0.2081 30.8505 111.1305   6.00   -inf  -nan  11   6  17   5 210.25
   20   2018 05 12 23:20:38.599    84038.599  0.1700 30.8505 111.1305   8.00   -inf  -nan  10   4  14   4 210.25
   21   2018 05 12 23:28:44.966    84524.966  0.1407 30.8505 111.1305   6.00   -inf  -nan  11   8  19   8 210.25
    1   2018 05 13 01:55:40.797     6940.797  0.3435 31.1205 110.0905   4.00   -inf  -nan   5   3   8   2 244.79
    2   2018 05 13 04:33:21.759    16401.759  0.2859 30.7405 110.8505   8.00   -inf  -nan   4   2   6   1 190.10
    3   2018 05 13 04:55:06.809    17706.809  0.2934 31.1005 110.7905   2.00   -inf  -nan  14   6  20   6 115.10
    4   2018 05 13 05:19:37.974    19177.974  0.1460 31.2105 110.3805   6.00   -inf  -nan   3   2   5   2 261.30
    5   2018 05 13 07:08:26.441    25706.441  0.4412 30.7805 110.9305   4.00   -inf  -nan   7   6  13   6 157.56
    6   2018 05 13 08:51:36.991    31896.991  0.4486 30.7805 110.9305   4.00   -inf  -nan  10   9  19   7 157.56
    7   2018 05 13 08:53:27.892    32007.892  0.1916 30.9705 111.2405   0.00   -inf  -nan   3   2   5   2 291.14
    8   2018 05 13 09:13:50.399    33230.399  0.2367 30.7705 111.0905   4.00   -inf  -nan   5   2   7   1 227.94
    9   2018 05 13 09:52:18.412    35538.412  0.3238 30.9705 111.3605   8.00   -inf  -nan   5   4   9   3 318.51
   10   2018 05 13 10:15:45.003    36945.003  0.1818 30.8505 111.1305   6.00   -inf  -nan  10   7  17   7 210.25
   11   2018 05 13 10:41:52.608    38512.608  0.2533 30.7405 110.8505  10.00   -inf  -nan   9   4  13   4 190.10
   12   2018 05 13 16:33:25.762    59605.762  0.1523 31.0805 110.1705   2.00   -inf  -nan   5   4   9   4 193.55
   13   2018 05 13 16:46:05.298    60365.298  0.3238 31.0905 110.3105  12.00   -inf  -nan   3   3   6   3 176.89
   14   2018 05 13 17:01:44.505    61304.505  0.2756 30.9305 111.2005   4.00   -inf  -nan   4   3   7   3 279.86
   15   2018 05 13 20:01:43.551    72103.551  0.2949 31.0905 110.2305   2.00   -inf  -nan   3   6   9   3 155.26
   16   2018 05 13 20:21:35.013    73295.013  0.4156 31.1405 110.3305   0.00   -inf  -nan   4   4   8   3 175.57
   17   2018 05 13 22:50:10.023    82210.023  0.3975 31.0205 110.3205   4.00   -inf  -nan   5   4   9   4 155.62
   18   2018 05 13 23:28:48.869    84528.869  0.4356 30.9305 110.8005   6.00   -inf  -nan   3   6   9   2  98.56
   19   2018 05 13 23:42:43.743    85363.743  0.2027 30.8505 111.1305   6.00   -inf  -nan   9   8  17   8 210.25
    1   2018 05 14 00:52:15.767     3135.767  0.3450 31.0505 110.2705   0.00   -inf  -nan   3   3   6   1 140.70
    2   2018 05 14 01:30:24.505     5424.505  0.1957 31.1605 110.6205   6.00   -inf  -nan   4   3   7   1 170.78
    3   2018 05 14 02:16:22.041     8182.041  0.2782 30.8105 111.1705   8.00   -inf  -nan   9   2  11   2 242.73
    4   2018 05 14 02:16:58.709     8218.709  0.1733 30.8505 111.1305   4.00   -inf  -nan   6   3   9   3 210.75
    5   2018 05 14 02:30:47.855     9047.855  0.2995 31.0505 110.7505   0.00   -inf  -nan   3   2   5   1 160.97
    6   2018 05 14 02:50:59.926    10259.926  0.1839 30.8505 111.1305   6.00   -inf  -nan   7   5  12   5 210.25
    7   2018 05 14 02:52:33.317    10353.317  0.2953 30.8505 111.1305  10.00   -inf  -nan   3   3   6   3 232.15
    8   2018 05 14 03:50:19.030    13819.030  0.2842 30.8905 111.0405   4.00   -inf  -nan   9   4  13   4  98.74
    9   2018 05 14 07:11:08.775    25868.775  0.1501 30.8505 111.1305   6.00   -inf  -nan   6   4  10   4 210.75
   10   2018 05 14 07:23:59.909    26639.909  0.3295 30.9705 110.4905  10.00   -inf  -nan   3   2   5   2 183.73
   11   2018 05 14 08:55:56.899    32156.899  0.3803 30.9805 110.7905   0.00   -inf  -nan  14  12  26  11  62.86
   12   2018 05 14 09:13:56.924    33236.924  0.4157 31.0505 110.2105   2.00   -inf  -nan   3   2   5   1 281.93
   13   2018 05 14 09:35:51.864    34551.864  0.4359 30.9705 110.6405   2.00   -inf  -nan   3   2   5   1 143.57
   14   2018 05 14 10:12:14.598    36734.598  0.3062 31.2205 110.0505   4.00   -inf  -nan   6   5  11   4 289.11
   15   2018 05 14 10:16:16.502    36976.502  0.3708 31.2205 110.0505   0.00   -inf  -nan   6   7  13   3 289.11
   16   2018 05 14 10:26:14.043    37574.043  0.2506 30.8505 111.1305   6.00   -inf  -nan  11   8  19   7 210.25
   17   2018 05 14 13:20:30.950    48030.950  0.3665 31.0605 110.4405   2.00   -inf  -nan   3   4   7   3 210.58
   18   2018 05 14 15:36:48.396    56208.396  0.2068 30.8505 111.0905   6.00   -inf  -nan   4   5   9   4 170.85
   19   2018 05 14 16:13:43.327    58423.327  0.2102 31.2105 110.3005   0.00   -inf  -nan   4   2   6   2 289.95
   20   2018 05 14 16:37:14.764    59834.764  0.4070 31.2505 110.3805   2.00   -inf  -nan  10   9  19   8 206.67
   21   2018 05 14 17:47:12.203    64032.203  0.2213 30.8305 110.4805   0.00   -inf  -nan   6   8  14   6 189.10
   22   2018 05 14 18:19:26.774    65966.774  0.1468 31.2105 110.3005   0.00   -inf  -nan   5   3   8   3 289.52
   23   2018 05 14 19:52:35.872    71555.872  0.2278 30.7805 110.7705  10.00   -inf  -nan   9  10  19   9 110.23
   24   2018 05 14 21:04:18.239    75858.239  0.4234 31.1205 110.3705   0.00   -inf  -nan   3   3   6   2 179.98
   25   2018 05 14 23:03:50.961    83030.961  0.2273 30.8505 111.1305   6.00   -inf  -nan   6   4  10   4 210.75
   26   2018 05 14 23:04:31.390    83071.390  0.2178 30.8505 111.1305   6.00   -inf  -nan   6   4  10   4 210.75
   27   2018 05 14 23:10:35.011    83435.011  0.1862 30.8505 111.1305   6.00   -inf  -nan   6   5  11   4 210.75
    1   2018 05 15 01:33:19.245     5599.245  0.2700 30.9005 111.1505  10.00   -inf  -nan   4   2   6   2 170.57
    2   2018 05 15 02:07:51.698     7671.698  0.0755 30.8905 111.3605   8.00   -inf  -nan   4   2   6   2 324.59
    3   2018 05 15 04:40:13.594    16813.594  0.3629 30.8905 110.7205   0.00   -inf  -nan  12   7  19   6  97.68
    4   2018 05 15 05:22:47.014    19367.014  0.2003 31.0905 110.2705   0.00   -inf  -nan   5   2   7   2 220.41
    5   2018 05 15 05:32:26.861    19946.861  0.3435 30.9505 110.4405   0.00   -inf  -nan   3   2   5   1 224.70
    6   2018 05 15 05:58:52.637    21532.637  0.3229 31.0605 110.4405  10.00   -inf  -nan   4   4   8   1 154.06
    7   2018 05 15 06:18:47.086    22727.086  0.2441 30.8505 111.1305   6.00   -inf  -nan   4   3   7   1 210.75
    8   2018 05 15 07:05:24.848    25524.848  0.3961 30.9705 110.3705   4.00   -inf  -nan   5  11  16   5  88.31
    9   2018 05 15 07:22:20.670    26540.670  0.4137 30.9805 110.4005   0.00   -inf  -nan   9   7  16   6  82.74
   10   2018 05 15 08:37:48.258    31068.258  0.2015 30.9305 110.0305  18.00   -inf  -nan   3   2   5   1 293.11
   11   2018 05 15 09:08:34.979    32914.979  0.2111 30.8505 111.0905   4.00   -inf  -nan   5   2   7   2 250.85
   12   2018 05 15 09:09:41.660    32981.660  0.2095 30.8505 111.1305   4.00   -inf  -nan   7   5  12   4 210.25
   13   2018 05 15 09:29:09.042    34149.042  0.2828 30.8105 111.1705   6.00   -inf  -nan  10   4  14   4 249.55
   14   2018 05 15 10:12:12.322    36732.322  0.0756 30.9305 110.8005   8.00   -inf  -nan   3   2   5   2 224.58
   15   2018 05 15 16:42:42.378    60162.378  0.2512 30.9705 111.2405   0.00   -inf  -nan   6   2   8   2 291.14
   16   2018 05 15 16:57:19.025    61039.025  0.3263 30.9805 110.8305   4.00   -inf  -nan   6   6  12   5 139.66
   17   2018 05 15 17:24:48.895    62688.895  0.3620 31.1005 110.2105   2.00   -inf  -nan   4   4   8   3 168.87
   18   2018 05 15 19:17:24.120    69444.120  0.0732 31.1805 110.2505  14.00   -inf  -nan   3   2   5   2 229.08
   19   2018 05 15 23:13:56.212    83636.212  0.1622 30.8505 111.1305   6.00   -inf  -nan   5   5  10   4 210.75
   20   2018 05 15 23:27:33.131    84453.131  0.2340 30.8505 111.1305   4.00   -inf  -nan   7   5  12   5 210.75
    1   2018 05 16 01:32:56.348     5576.348  0.3498 30.9005 111.0305   0.00   -inf  -nan   6   4  10   3 113.69
    2   2018 05 16 01:43:18.552     6198.552  0.2278 30.8905 111.0405   6.00   -inf  -nan   4   3   7   2 135.69
    3   2018 05 16 01:46:52.364     6412.364  0.1503 30.8505 111.1305   6.00   -inf  -nan   7   5  12   4 210.25
    4   2018 05 16 02:17:11.764     8231.764  0.3719 30.9505 110.4005   0.00   -inf  -nan   8   4  12   3 144.98
    5   2018 05 16 04:39:37.935    16777.935  0.3786 30.7405 110.9105   8.00   -inf  -nan   8   3  11   3 203.46
    6   2018 05 16 08:01:37.031    28897.031  0.1724 31.2205 110.3205   2.00   -inf  -nan   7   2   9   1 189.15
    7   2018 05 16 08:44:49.324    31489.324  0.1304 31.2605 110.2105  12.00   -inf  -nan   3   2   5   1 306.06
    8   2018 05 16 08:51:58.479    31918.479  0.1378 30.8105 111.1705   2.00   -inf  -nan   3   3   6   3 249.55
    9   2018 05 16 09:11:41.277    33101.277  0.3178 30.7805 110.9305   4.00   -inf  -nan   5   5  10   4 157.56
   10   2018 05 16 14:27:40.870    52060.870  0.2306 31.1705 110.3005   4.00   -inf  -nan   8   9  17   7 158.90
   11   2018 05 16 16:05:06.358    57906.358  0.1603 31.1805 110.2505  18.00   -inf  -nan   3   3   6   3 229.08
   12   2018 05 16 19:51:35.649    71495.649  0.2866 31.0505 110.4505   8.00   -inf  -nan  18  13  31  13 106.33
   13   2018 05 16 20:22:57.483    73377.483  0.3657 31.0605 110.4805   0.00   -inf  -nan   5   6  11   5 175.68
   14   2018 05 16 23:03:44.631    83024.631  0.1900 30.8505 111.1305   6.00   -inf  -nan   8   7  15   7 210.25
   15   2018 05 16 23:21:39.086    84099.086  0.2400 30.8505 111.1305   6.00   -inf  -nan   8   5  13   4 210.25
    1   2018 05 17 01:29:40.460     5380.460  0.1957 30.8505 111.1305   4.00   -inf  -nan   6   3   9   3 210.75
    2   2018 05 17 01:30:12.962     5412.962  0.1429 30.8505 111.1305   6.00   -inf  -nan   7   2   9   2 210.25
    3   2018 05 17 01:56:11.582     6971.582  0.3176 30.8205 111.2505  10.00   -inf  -nan   6   5  11   3 277.50
    4   2018 05 17 04:01:25.129    14485.129  0.3024 30.9305 111.3605   8.00   -inf  -nan   5   4   9   3 320.89
    5   2018 05 17 04:19:24.867    15564.867  0.3486 30.9005 110.7205   0.00   -inf  -nan  11   6  17   6 100.44
    6   2018 05 17 04:34:08.708    16448.708  0.3746 30.7705 111.0505   0.00   -inf  -nan  10   9  19   7 218.21
    7   2018 05 17 04:59:12.234    17952.234  0.2263 30.8505 111.1305   6.00   -inf  -nan   7   5  12   5 210.25
    8   2018 05 17 05:12:47.742    18767.742  0.0854 31.2105 110.2605   8.00   -inf  -nan   3   2   5   1 297.86
    9   2018 05 17 06:03:46.278    21826.278  0.1559 30.8505 111.1305   6.00   -inf  -nan   7   4  11   4 210.75
   10   2018 05 17 07:58:46.561    28726.561  0.1431 30.8505 111.1305   6.00   -inf  -nan   7   5  12   5 210.75
   11   2018 05 17 08:35:48.945    30948.945  0.4045 30.9705 110.3705   6.00   -inf  -nan   8   5  13   3  88.31
   12   2018 05 17 10:07:58.466    36478.466  0.2982 30.8105 110.9205   4.00   -inf  -nan   5   5  10   4 125.83
   13   2018 05 17 10:13:19.400    36799.400  0.3803 30.9305 110.7605  14.00   -inf  -nan   4   6  10   3 118.39
   14   2018 05 17 10:13:30.152    36810.152  0.0953 30.9305 110.7605   8.00   -inf  -nan   4   3   7   3 202.63
   15   2018 05 17 10:15:26.590    36926.590  0.2052 30.9405 110.7605  10.00   -inf  -nan   4   7  11   4 124.19
   16   2018 05 17 10:20:44.735    37244.735  0.2351 30.8505 111.1305   8.00   -inf  -nan   7   6  13   6 210.75
   17   2018 05 17 10:24:51.264    37491.264  0.2167 30.9405 110.7605  10.00   -inf  -nan  10  10  20   9 124.19
   18   2018 05 17 10:25:14.249    37514.249  0.0938 30.9305 110.7605  10.00   -inf  -nan   4   5   9   3 118.39
   19   2018 05 17 10:27:05.578    37625.578  0.2078 30.9305 110.7605  10.00   -inf  -nan  15   8  23   8  70.95
   20   2018 05 17 10:27:22.716    37642.716  0.4192 30.9305 110.7605   4.00   -inf  -nan   3   9  12   1 106.14
   21   2018 05 17 10:29:51.367    37791.367  0.1675 30.9305 110.7605  10.00   -inf  -nan   5   7  12   5 118.39
   22   2018 05 17 10:30:46.348    37846.348  0.1633 30.9305 110.7605  10.00   -inf  -nan  13   9  22   9  96.54
   23   2018 05 17 10:37:25.955    38245.955  0.1913 30.9305 110.7605  10.00   -inf  -nan  13  10  23  10 118.39
   24   2018 05 17 10:40:59.842    38459.842  0.1284 30.9305 110.7605  10.00   -inf  -nan   5   7  12   5 167.92
   25   2018 05 17 10:47:53.959    38873.959  0.2474 30.9305 110.7605  10.00   -inf  -nan  15  15  30  14  70.95
   26   2018 05 17 10:51:06.039    39066.039  0.1651 30.9305 110.7605  10.00   -inf  -nan   4   7  11   4 148.41
   27   2018 05 17 10:52:38.449    39158.449  0.1866 30.9305 110.7605  10.00   -inf  -nan   8   9  17   8 118.39
   28   2018 05 17 11:05:38.265    39938.265  0.3836 30.9305 110.7605  16.00   -inf  -nan   8   9  17   8 118.39
   29   2018 05 17 11:08:39.466    40119.466  0.2232 30.9305 110.7605  12.00   -inf  -nan  16  11  27  11  70.95
   30   2018 05 17 11:51:18.405    42678.405  0.1766 30.9405 110.7605  10.00   -inf  -nan   4   5   9   4 124.19
   31   2018 05 17 12:06:48.343    43608.343  0.2031 30.9405 110.7705  10.00   -inf  -nan   3   6   9   2 175.80
   32   2018 05 17 12:07:03.974    43623.974  0.1336 30.9405 110.7605  10.00   -inf  -nan   3   2   5   1 174.15
   33   2018 05 17 12:10:52.779    43852.779  0.1155 30.9305 110.7605  10.00   -inf  -nan   5   7  12   5 118.39
   34   2018 05 17 12:21:13.910    44473.910  0.1935 30.9305 110.7605   6.00   -inf  -nan   4   5   9   2 118.39
   35   2018 05 17 14:44:13.753    53053.753  0.2980 30.9405 110.7605  12.00   -inf  -nan   3   3   6   1 152.80
   36   2018 05 17 14:59:33.323    53973.323  0.3216 30.9405 110.7605  10.00   -inf  -nan   7   7  14   4 129.58
   37   2018 05 17 15:00:44.541    54044.541  0.3898 30.8105 111.0805   8.00   -inf  -nan   3   2   5   1 215.94
   38   2018 05 17 18:23:35.278    66215.278  0.2772 30.9305 110.7605  10.00   -inf  -nan  15  15  30  15  96.54
   39   2018 05 17 18:24:15.568    66255.568  0.0795 30.9305 110.7605  10.00   -inf  -nan   3   3   6   3 223.83
   40   2018 05 17 18:52:37.748    67957.748  0.1901 30.9305 110.7605  10.00   -inf  -nan  10   8  18   7 118.39
   41   2018 05 17 20:36:39.443    74199.443  0.2086 30.9305 110.7605  12.00   -inf  -nan  14   3  17   3  70.95
   42   2018 05 17 20:45:39.378    74739.378  0.2418 30.9305 110.7605  12.00   -inf  -nan   4   6  10   4 118.39
   43   2018 05 17 20:48:12.501    74892.501  0.2183 30.9305 110.7605  12.00   -inf  -nan  15   8  23   8  86.00
   44   2018 05 17 20:56:12.491    75372.491  0.1384 30.9305 110.7605  10.00   -inf  -nan   6   5  11   5 118.39
   45   2018 05 17 22:11:21.162    79881.162  0.1504 30.9305 110.7605  12.00   -inf  -nan   4   5   9   4 197.95
    1   2018 05 18 00:55:01.856     3301.856  0.1876 30.8505 111.1305   6.00   -inf  -nan   9   6  15   6 210.25
    2   2018 05 18 01:23:42.376     5022.376  0.3056 30.8505 111.1305   4.00   -inf  -nan  10   5  15   5 210.25
    3   2018 05 18 01:44:03.882     6243.882  0.2745 30.9405 110.7605  10.00   -inf  -nan  17  14  31  14  64.29
    4   2018 05 18 01:44:53.234     6293.234  0.3609 30.9405 110.7505  12.00   -inf  -nan  17  11  28  11  64.69
    5   2018 05 18 01:46:15.167     6375.167  0.2306 30.9305 110.7605  10.00   -inf  -nan   9  10  19   9 120.80
    6   2018 05 18 01:51:16.125     6676.125  0.2099 30.9405 110.7605  10.00   -inf  -nan   6   7  13   6 127.90
    7   2018 05 18 01:56:40.002     7000.002  0.2673 30.9405 110.7605  10.00   -inf  -nan  17  10  27  10  64.29
    8   2018 05 18 02:56:15.842    10575.842  0.2002 30.9405 110.7605  10.00   -inf  -nan   5   6  11   5 128.27
    9   2018 05 18 03:01:25.199    10885.199  0.1740 30.8505 111.1305   6.00   -inf  -nan   9   5  14   5 210.75
   10   2018 05 18 03:02:08.566    10928.566  0.1755 30.8505 111.1305   6.00   -inf  -nan   9   4  13   4 210.75
   11   2018 05 18 03:22:01.899    12121.899  0.2285 30.8505 111.1305   4.00   -inf  -nan   6   6  12   5 210.75
   12   2018 05 18 03:24:06.288    12246.288  0.2331 30.9405 110.7605  14.00   -inf  -nan  12  10  22   8  98.37
   13   2018 05 18 04:05:51.962    14751.962  0.1905 30.9405 110.7605  10.00   -inf  -nan   9  10  19   9  89.30
   14   2018 05 18 04:10:41.389    15041.389  0.2493 30.7705 111.2005  10.00   -inf  -nan   7   3  10   2 261.39
   15   2018 05 18 04:17:22.113    15442.113  0.2422 30.7705 111.1705   0.00   -inf  -nan   8   7  15   5 251.57
   16   2018 05 18 06:33:52.805    23632.805  0.3583 31.2105 110.3405   0.00   -inf  -nan   4   7  11   3 250.96
   17   2018 05 18 07:10:35.590    25835.590  0.2810 31.0905 110.2305   8.00   -inf  -nan   9   8  17   6 244.80
   18   2018 05 18 07:26:52.701    26812.701  0.2841 30.9405 110.7605  12.00   -inf  -nan  16  13  29  13  64.29
   19   2018 05 18 07:27:37.540    26857.540  0.2388 30.9405 110.7805  10.00   -inf  -nan   7   6  13   5  92.21
   20   2018 05 18 07:46:38.597    27998.597  0.2628 30.9405 110.7805  10.00   -inf  -nan   4   4   8   4 210.94
   21   2018 05 18 08:44:02.530    31442.530  0.3214 30.8705 110.9405   2.00   -inf  -nan  13   2  15   2  86.65
   22   2018 05 18 09:20:59.157    33659.157  0.2949 30.9005 110.7205   0.00   -inf  -nan  16   7  23   7  94.62
   23   2018 05 18 09:53:00.306    35580.306  0.1788 30.8505 111.1305   6.00   -inf  -nan  10   6  16   5 210.25
   24   2018 05 18 11:15:52.785    40552.785  0.4085 31.0505 110.4705   8.00   -inf  -nan   5   5  10   4 159.22
   25   2018 05 18 11:19:59.518    40799.518  0.2667 30.9405 110.5005  12.00   -inf  -nan   5   4   9   3 160.73
   26   2018 05 18 16:04:06.088    57846.088  0.1273 31.2105 110.3105   0.00   -inf  -nan   3   2   5   1 273.38
   27   2018 05 18 17:50:15.895    64215.895  0.2033 30.9405 110.7605  10.00   -inf  -nan  16  15  31  15  77.93
   28   2018 05 18 17:51:24.932    64284.932  0.2805 30.9005 110.7405  10.00   -inf  -nan   7   6  13   5 135.10
   29   2018 05 18 17:51:42.612    64302.612  0.2657 30.9405 110.7605  10.00   -inf  -nan  13  12  25  11  77.93
   30   2018 05 18 17:52:29.169    64349.169  0.4523 30.9405 110.7405  10.00   -inf  -nan   5   6  11   2 110.40
   31   2018 05 18 17:54:12.445    64452.445  0.1285 30.9405 110.7405   8.00   -inf  -nan   3   3   6   2 245.54
   32   2018 05 18 17:54:35.448    64475.448  0.3160 30.9405 110.7605  10.00   -inf  -nan  16  16  32  15  64.29
   33   2018 05 18 17:57:20.178    64640.178  0.0640 30.9305 110.7605  10.00   -inf  -nan   5   2   7   2 136.38
   34   2018 05 18 17:58:47.372    64727.372  0.1243 30.9405 110.7405  10.00   -inf  -nan   3   3   6   2 188.38
   35   2018 05 18 17:59:41.870    64781.870  0.2883 30.9405 110.7605  10.00   -inf  -nan  12  11  23  10  89.30
   36   2018 05 18 17:59:56.530    64796.530  0.2824 30.9005 110.7405  10.00   -inf  -nan   7   7  14   6 135.10
   37   2018 05 18 18:00:40.380    64840.380  0.2334 30.9005 110.7605  10.00   -inf  -nan   3   4   7   3 282.23
   38   2018 05 18 18:02:43.168    64963.168  0.2708 30.9105 110.7405   8.00   -inf  -nan   4   4   8   4 156.63
   39   2018 05 18 18:32:37.699    66757.699  0.2032 30.9405 110.7605  10.00   -inf  -nan  14  14  28  13  77.93
   40   2018 05 18 18:33:57.283    66837.283  0.2063 30.9405 110.7605  10.00   -inf  -nan  13  12  25  11  77.93
   41   2018 05 18 18:35:13.907    66913.907  0.1854 30.9405 110.7605  10.00   -inf  -nan   6   6  12   4 127.90
   42   2018 05 18 18:55:06.037    68106.037  0.1976 30.9405 110.7605  10.00   -inf  -nan   7   7  14   4  89.30
   43   2018 05 18 18:55:20.873    68120.873  0.0757 30.9005 110.7405   4.00   -inf  -nan   3   2   5   1 167.27
   44   2018 05 18 19:10:09.267    69009.267  0.3372 31.2405 110.5805   2.00   -inf  -nan   7   2   9   2 237.58
   45   2018 05 18 19:11:54.952    69114.952  0.2107 30.9405 110.7605  10.00   -inf  -nan   8  10  18   8  89.30
   46   2018 05 18 19:14:34.644    69274.644  0.2106 30.9405 110.7605  10.00   -inf  -nan  11  11  22  10  89.30
   47   2018 05 18 20:01:39.577    72099.577  0.3246 30.9405 110.7805  12.00   -inf  -nan  11  11  22  10  92.21
   48   2018 05 18 23:24:35.695    84275.695  0.2780 30.8505 111.1305   4.00   -inf  -nan  10   7  17   7 210.75
   49   2018 05 18 23:25:26.319    84326.319  0.2071 30.8505 111.1305   6.00   -inf  -nan   9   6  15   6 210.75
    1   2018 05 19 00:18:01.860     1081.860  0.1818 30.8505 111.1305   6.00   -inf  -nan   9   5  14   4 210.75
    2   2018 05 19 01:07:59.495     4079.495  0.3285 30.8505 111.1305   6.00   -inf  -nan  13   9  22   7 210.75
    3   2018 05 19 01:12:33.330     4353.330  0.2544 30.8505 111.1305   4.00   -inf  -nan  11   4  15   4 210.75
    4   2018 05 19 01:59:50.876     7190.876  0.2132 30.7705 111.0905   8.00   -inf  -nan   3   3   6   2 274.19
    5   2018 05 19 03:23:35.336    12215.336  0.4747 31.1605 110.2105  12.00   -inf  -nan  16  11  27  11 270.93
    6   2018 05 19 04:05:01.790    14701.790  0.2601 30.9805 110.5605  12.00   -inf  -nan   5   2   7   1 150.86
    7   2018 05 19 06:07:24.559    22044.559  0.2695 30.8505 111.1605   8.00   -inf  -nan   8   5  13   4 227.22
    8   2018 05 19 06:21:12.611    22872.611  0.3925 31.0005 110.3705   6.00   -inf  -nan  10   4  14   3 167.53
    9   2018 05 19 06:26:07.786    23167.786  0.3473 31.1305 110.0305   4.00   -inf  -nan  13   9  22   8 297.25
   10   2018 05 19 06:26:59.944    23219.944  0.2530 30.9605 109.9705  12.00   -inf  -nan   5   2   7   2 321.13
   11   2018 05 19 06:31:32.411    23492.411  0.3846 31.1905 110.3605   0.00   -inf  -nan   8   7  15   4 245.99
   12   2018 05 19 06:33:26.020    23606.020  0.2675 30.8505 111.1605   8.00   -inf  -nan   8   2  10   2 227.22
   13   2018 05 19 07:43:47.562    27827.562  0.1085 30.9005 110.5205  16.00   -inf  -nan   3   2   5   2 183.30
   14   2018 05 19 10:33:05.691    37985.691  0.2193 30.8505 111.1205   4.00   -inf  -nan  11   5  16   5 205.95
   15   2018 05 19 13:53:19.487    49999.487  0.3308 31.0505 110.2705   0.00   -inf  -nan   4   5   9   4 140.70
   16   2018 05 19 15:07:28.462    54448.462  0.2138 30.9405 110.7605  10.00   -inf  -nan   6   7  13   6 161.80
   17   2018 05 19 18:12:36.264    65556.264  0.2269 30.9405 110.7605  10.00   -inf  -nan   8  12  20   8  89.30
   18   2018 05 19 20:32:26.271    73946.271  0.2553 31.0905 110.2605   6.00   -inf  -nan   7   6  13   6 216.07
   19   2018 05 19 22:17:57.422    80277.422  0.3763 31.1805 110.8605  14.00   -inf  -nan   3   5   8   3 237.20
   20   2018 05 19 23:01:15.652    82875.652  0.2139 30.8505 111.1605   8.00   -inf  -nan   8   2  10   2 225.53
    1   2018 05 20 01:47:50.249     6470.249  0.2488 30.7305 111.1305   6.00   -inf  -nan   5   4   9   3 302.22
    2   2018 05 20 02:13:23.289     8003.289  0.4279 30.9405 110.7805  12.00   -inf  -nan  14  10  24   8  92.21
    3   2018 05 20 02:14:47.375     8087.375  0.1478 30.9405 110.7805   6.00   -inf  -nan   3   4   7   2 118.14
    4   2018 05 20 02:16:11.537     8171.537  0.3518 30.9405 110.7805  12.00   -inf  -nan  12  11  23  11  92.21
    5   2018 05 20 02:17:05.132     8225.132  0.3149 30.9005 110.7405  10.00   -inf  -nan  10   8  18   8 135.10
    6   2018 05 20 02:20:41.017     8441.017  0.2313 30.9305 110.7605  10.00   -inf  -nan  13  11  24  11  71.27
    7   2018 05 20 02:21:04.564     8464.564  0.2347 30.9405 110.7605  10.00   -inf  -nan  12   7  19   7  89.30
    8   2018 05 20 02:25:38.676     8738.676  0.1852 30.9405 110.7505  10.00   -inf  -nan   6   2   8   1 124.67
    9   2018 05 20 02:32:50.969     9170.969  0.2430 30.8605 111.1305   0.00   -inf  -nan  11   5  16   4 204.21
   10   2018 05 20 02:36:17.412     9377.412  0.3325 30.9405 110.7805  10.00   -inf  -nan  10  10  20   9  92.21
   11   2018 05 20 02:36:28.891     9388.891  0.2956 30.9405 110.7805  10.00   -inf  -nan   6   7  13   5 146.46
   12   2018 05 20 02:37:31.028     9451.028  0.3273 30.9405 110.7505  10.00   -inf  -nan  15  15  30  14  92.19
   13   2018 05 20 02:58:00.032    10680.032  0.1817 30.9405 110.7605  10.00   -inf  -nan  10   7  17   7  89.30
   14   2018 05 20 02:58:31.882    10711.882  0.3057 30.9405 110.7805  12.00   -inf  -nan   9   3  12   3 133.23
   15   2018 05 20 03:37:07.653    13027.653  0.4490 30.9305 110.3505  12.00   -inf  -nan  10   7  17   5 160.47
   16   2018 05 20 03:39:13.012    13153.012  0.2224 30.9405 110.7805   8.00   -inf  -nan   7   9  16   7  92.21
   17   2018 05 20 04:15:25.857    15325.857  0.2450 30.8505 111.1305   4.00   -inf  -nan  10   8  18   7 210.25
   18   2018 05 20 04:29:43.713    16183.713  0.2092 31.1405 110.4405   6.00   -inf  -nan   3   4   7   3 212.89
   19   2018 05 20 04:40:53.607    16853.607  0.1685 30.9305 111.1705   0.00   -inf  -nan   4   2   6   2 146.89
   20   2018 05 20 06:11:33.710    22293.710  0.1951 30.8505 111.1305   6.00   -inf  -nan   7   4  11   4 210.75
   21   2018 05 20 06:45:55.920    24355.920  0.3058 31.1705 110.3805   2.00   -inf  -nan   3   2   5   2 313.58
   22   2018 05 20 07:46:55.027    28015.027  0.2686 30.8905 111.1305   6.00   -inf  -nan   4   2   6   2 164.15
   23   2018 05 20 08:21:35.653    30095.653  0.1217 30.8505 111.1305   6.00   -inf  -nan   4   4   8   4 210.75
   24   2018 05 20 09:27:48.928    34068.928  0.1416 30.8505 111.1305   6.00   -inf  -nan   7   4  11   4 210.75
   25   2018 05 20 10:08:32.784    36512.784  0.3679 30.8905 110.9905   2.00   -inf  -nan   4   2   6   1 111.82
   26   2018 05 20 10:34:18.807    38058.807  0.3219 30.7305 111.2505   2.00   -inf  -nan   7   2   9   2 279.54
   27   2018 05 20 21:08:14.559    76094.559  0.1349 30.8905 111.1605   8.00   -inf  -nan   5   2   7   2 195.54
   28   2018 05 20 21:23:03.262    76983.262  0.2774 31.0205 110.4805   6.00   -inf  -nan   7   5  12   5 135.90
   29   2018 05 20 21:26:35.460    77195.460  0.3179 31.1305 110.0705   0.00   -inf  -nan   3   4   7   3 297.44
   30   2018 05 20 22:57:54.189    82674.189  0.1450 30.8505 111.1305   6.00   -inf  -nan   6   4  10   4 210.75
   31   2018 05 20 23:04:33.776    83073.776  0.1290 30.8505 111.1305   6.00   -inf  -nan   6   4  10   4 210.75
    1   2018 05 21 01:55:26.345     6926.345  0.3051 30.8905 111.1205   2.00   -inf  -nan   7   4  11   4 152.94
    2   2018 05 21 02:25:20.344     8720.344  0.2923 30.8605 111.2505   8.00   -inf  -nan   5   3   8   2 285.77
    3   2018 05 21 03:38:32.427    13112.427  0.2970 30.8605 111.1305   4.00   -inf  -nan   8   4  12   4 204.21
    4   2018 05 21 03:48:10.657    13690.657  0.3088 30.8605 111.1405   0.00   -inf  -nan  10   6  16   5 209.60
    5   2018 05 21 03:48:39.249    13719.249  0.3486 30.9205 110.7805  12.00   -inf  -nan  13  15  28  11  93.78
    6   2018 05 21 03:51:10.273    13870.273  0.3117 30.9405 110.7505  10.00   -inf  -nan  13  14  27  12  68.13
    7   2018 05 21 04:00:04.693    14404.693  0.3201 30.9105 110.7405   8.00   -inf  -nan   5   5  10   4 134.43
    8   2018 05 21 04:02:33.124    14553.124  0.3201 30.9405 110.7805  12.00   -inf  -nan  10  11  21  10  92.21
    9   2018 05 21 04:03:24.885    14604.885  0.1861 30.9405 110.7605  10.00   -inf  -nan   7   8  15   6  89.30
   10   2018 05 21 06:01:19.398    21679.398  0.2990 30.9405 110.7805  10.00   -inf  -nan   5   8  13   5  92.21
   11   2018 05 21 07:54:50.677    28490.677  0.2942 31.2105 110.3505   0.00   -inf  -nan  10   3  13   3 253.60
   12   2018 05 21 08:34:12.355    30852.355  0.3603 30.9705 110.3905   0.00   -inf  -nan  10   4  14   3  92.49
   13   2018 05 21 09:10:39.951    33039.951  0.2762 30.8205 111.1705   6.00   -inf  -nan   5   4   9   4 245.81
   14   2018 05 21 10:01:17.226    36077.226  0.2058 30.8505 111.1605   8.00   -inf  -nan   9   3  12   3 227.22
   15   2018 05 21 10:21:15.970    37275.970  0.3333 30.8905 111.1205   4.00   -inf  -nan  14   7  21   6 175.98
   16   2018 05 21 11:52:59.119    42779.119  0.2431 31.2105 110.3005   4.00   -inf  -nan   3   4   7   3 289.52
   17   2018 05 21 14:19:22.631    51562.631  0.2112 30.8505 111.0405   2.00   -inf  -nan   4   2   6   1 142.83
   18   2018 05 21 17:01:17.960    61277.960  0.2716 30.9305 111.1705   0.00   -inf  -nan   4   3   7   3 146.89
   19   2018 05 21 17:54:20.316    64460.316  0.1923 31.1805 110.5405   4.00   -inf  -nan   4   2   6   1 239.92
   20   2018 05 21 19:44:47.009    71087.009  0.0760 30.9405 110.7605  10.00   -inf  -nan   5   3   8   3  89.30
   21   2018 05 21 23:03:22.941    83002.941  0.2385 30.8505 111.1305   6.00   -inf  -nan  10   5  15   5 210.25
   22   2018 05 21 23:19:40.895    83980.895  0.1478 30.8905 111.1605   8.00   -inf  -nan   5   2   7   2 195.54
    1   2018 05 22 00:23:15.269     1395.269  0.2346 30.8505 111.1305   6.00   -inf  -nan  17   9  26   9 210.25
    2   2018 05 22 06:07:43.428    22063.428  0.1494 30.8505 111.1305   6.00   -inf  -nan  15   5  20   5 210.25
    3   2018 05 22 07:56:23.057    28583.057  0.2036 30.8505 111.1305   4.00   -inf  -nan  10   6  16   6 210.25
    4   2018 05 22 09:16:53.463    33413.463  0.1841 30.8505 111.1305   4.00   -inf  -nan  10   4  14   4 210.25
    5   2018 05 22 09:52:58.607    35578.607  0.3448 30.8505 110.9605   2.00   -inf  -nan  10   2  12   1 110.18
    6   2018 05 22 13:51:29.206    49889.206  0.1181 31.0505 110.4605   0.00   -inf  -nan   5   3   8   2 147.48
    7   2018 05 22 22:57:45.374    82665.374  0.1939 30.8505 111.1305   4.00   -inf  -nan  12   3  15   3 210.25
    8   2018 05 22 23:13:08.859    83588.859  0.1992 30.8505 111.1305   6.00   -inf  -nan  11   4  15   4 210.75
    1   2018 05 23 01:21:12.126     4872.126  0.1933 30.8505 111.1305   6.00   -inf  -nan  12   7  19   5 210.25
    2   2018 05 23 04:57:11.167    17831.167  0.3128 30.9505 110.7605  12.00   -inf  -nan   5   7  12   5 154.73
    3   2018 05 23 05:05:15.320    18315.320  0.2774 30.8505 111.1305   4.00   -inf  -nan   4   4   8   4 210.75
    4   2018 05 23 05:22:34.102    19354.102  0.2392 30.9305 110.7605  10.00   -inf  -nan  15  14  29  14  69.03
    5   2018 05 23 05:35:45.220    20145.220  0.3754 30.9805 110.4005   0.00   -inf  -nan   8   3  11   2  87.50
    6   2018 05 23 05:44:51.081    20691.081  0.4845 30.9705 110.3705   2.00   -inf  -nan   7   6  13   4  88.31
    7   2018 05 23 05:50:45.692    21045.692  0.3437 30.9405 110.7505  10.00   -inf  -nan  16  14  30  13  64.69
    8   2018 05 23 06:10:37.762    22237.762  0.3673 31.0305 110.5605   0.00   -inf  -nan   8   3  11   2  80.53
    9   2018 05 23 06:46:17.289    24377.289  0.3842 31.0305 110.5605   0.00   -inf  -nan   7   3  10   1  99.40
   10   2018 05 23 06:47:17.909    24437.909  0.1579 30.8505 111.1305   4.00   -inf  -nan   4   2   6   2 210.75
   11   2018 05 23 10:24:27.395    37467.395  0.1736 30.8505 111.1305   6.00   -inf  -nan   8   5  13   5 210.25
   12   2018 05 23 22:57:43.500    82663.500  0.2360 30.8505 111.1305   4.00   -inf  -nan  11   4  15   4 210.25
   13   2018 05 23 23:22:32.066    84152.066  0.2598 30.8505 111.1305   6.00   -inf  -nan   9   5  14   5 210.25
    1   2018 05 24 00:09:56.502      596.502  0.3463 30.7905 110.7805   8.00   -inf  -nan   3   7  10   3 146.07
    2   2018 05 24 00:23:39.767     1419.767  0.4176 30.7805 110.7405   8.00   -inf  -nan   7   8  15   7 115.86
    3   2018 05 24 00:53:07.399     3187.399  0.4226 30.8205 110.6405   8.00   -inf  -nan   3   4   7   2 154.85
    4   2018 05 24 04:16:51.623    15411.623  0.1501 30.8505 111.1305   6.00   -inf  -nan   5   5  10   5 210.75
    5   2018 05 24 05:29:15.836    19755.836  0.2444 30.8505 111.1305   6.00   -inf  -nan   7   4  11   3 210.25
    6   2018 05 24 05:43:41.383    20621.383  0.1981 30.8505 111.1305   6.00   -inf  -nan   3   3   6   3 232.15
    7   2018 05 24 06:05:52.545    21952.545  0.3628 31.0105 110.4605   0.00   -inf  -nan  11   3  14   3  84.67
    8   2018 05 24 06:41:46.556    24106.556  0.1009 30.7905 110.7405  10.00   -inf  -nan   5   3   8   3 220.51
    9   2018 05 24 07:58:44.957    28724.957  0.4469 30.9005 110.7205   0.00   -inf  -nan   9   6  15   6  94.62
   10   2018 05 24 08:23:31.710    30211.710  0.1365 30.8505 111.1305   4.00   -inf  -nan   4   2   6   2 210.75
   11   2018 05 24 09:54:00.373    35640.373  0.3022 31.0005 109.9705   0.00   -inf  -nan   5   3   8   2 288.12
   12   2018 05 24 10:19:03.893    37143.893  0.1774 30.8905 111.1205   0.00   -inf  -nan   3   2   5   2 152.94
   13   2018 05 24 10:29:51.999    37791.999  0.2378 30.8505 111.1305   8.00   -inf  -nan   6   4  10   4 210.25
   14   2018 05 24 10:46:43.438    38803.438  0.3936 30.7805 110.9305   4.00   -inf  -nan  12   7  19   6 157.56
   15   2018 05 24 14:00:21.102    50421.102  0.3473 30.9405 110.8205  10.00   -inf  -nan   5   5  10   4 196.17
   16   2018 05 24 20:27:48.016    73668.016  0.2674 31.0905 110.1105   0.00   -inf  -nan   4   4   8   3 230.20
   17   2018 05 24 23:06:22.014    83182.014  0.2076 30.8505 111.1305   4.00   -inf  -nan   8   6  14   5 210.25
   18   2018 05 24 23:23:23.243    84203.243  0.1654 30.8505 111.1305   6.00   -inf  -nan  14   7  21   7 210.25
   19   2018 05 24 23:23:53.490    84233.490  0.1876 30.8505 111.1305   4.00   -inf  -nan  12   3  15   3 210.25
    1   2018 05 25 03:32:33.069    12753.069  0.4913 30.9705 110.3705   2.00   -inf  -nan  10   9  19   5  88.31
    2   2018 05 25 03:38:03.928    13083.928  0.3493 31.0005 110.0105   8.00   -inf  -nan   5   2   7   2 277.68
    3   2018 05 25 03:49:15.541    13755.541  0.1769 31.1205 110.0905   0.00   -inf  -nan   5   5  10   4 305.53
    4   2018 05 25 04:23:32.213    15812.213  0.2772 31.0605 110.4605   0.00   -inf  -nan   4   3   7   2 201.65
    5   2018 05 25 04:32:39.208    16359.208  0.2305 30.8705 110.7405   0.00   -inf  -nan   5   4   9   4 112.00
    6   2018 05 25 05:11:09.886    18669.886  0.2474 30.7905 110.3805   0.00   -inf  -nan   6   6  12   3 200.82
    7   2018 05 25 05:39:01.979    20341.979  0.2228 30.8505 111.1605   8.00   -inf  -nan   6   4  10   4 227.22
    8   2018 05 25 07:46:25.199    27985.199  0.2167 31.0905 110.1905   0.00   -inf  -nan   4   5   9   3 181.48
    9   2018 05 25 13:16:16.136    47776.136  0.2819 31.1805 110.3305   4.00   -inf  -nan   7   3  10   3 181.29
   10   2018 05 25 14:00:25.999    50425.999  0.3351 31.0505 110.4605   4.00   -inf  -nan   5   5  10   4 157.85
   11   2018 05 25 18:55:29.189    68129.189  0.3437 31.1805 110.1305   8.00   -inf  -nan   4   4   8   3 247.42
   12   2018 05 25 20:20:56.724    73256.724  0.2679 31.0605 110.3005   0.00   -inf  -nan   6   5  11   4  73.79
   13   2018 05 25 20:30:33.783    73833.783  0.3927 31.0905 110.0705   0.00   -inf  -nan  12   9  21   7 249.51
   14   2018 05 25 21:31:37.512    77497.512  0.1969 31.1805 110.5205   2.00   -inf  -nan   4   2   6   2 242.48
   15   2018 05 25 21:44:28.411    78268.411  0.3282 31.1305 110.2705   0.00   -inf  -nan   9   8  17   7 128.64
   16   2018 05 25 23:04:25.770    83065.770  0.2239 30.8505 111.1305   4.00   -inf  -nan  12   5  17   5 210.75
   17   2018 05 25 23:20:14.286    84014.286  0.2168 30.8505 111.1305   6.00   -inf  -nan  14   5  19   5 210.75
   18   2018 05 25 23:31:36.537    84696.537  0.2799 30.7905 110.7605  10.00   -inf  -nan  11  12  23  11 100.42
    1   2018 05 26 01:40:20.561     6020.561  0.2251 31.1805 110.4805   8.00   -inf  -nan   3   4   7   1 263.41
    2   2018 05 26 03:20:41.784    12041.784  0.3563 30.8705 110.9005   2.00   -inf  -nan  12   8  20   8  67.10
    3   2018 05 26 05:56:11.032    21371.032  0.3856 30.7405 110.7305  12.00   -inf  -nan  17   7  24   5 125.28
    4   2018 05 26 06:08:49.440    22129.440  0.4142 30.7505 110.7805  14.00   -inf  -nan  18  13  31  12 143.65
    5   2018 05 26 07:45:05.219    27905.219  0.4287 30.8505 111.1705   4.00   -inf  -nan   3   4   7   2 251.82
    6   2018 05 26 08:52:56.092    31976.092  0.2981 30.8505 111.1605   6.00   -inf  -nan   6   3   9   3 227.23
    7   2018 05 26 10:26:54.697    37614.697  0.2234 30.8505 110.8005   6.00   -inf  -nan   3   2   5   2 143.56
    8   2018 05 26 11:05:04.979    39904.979  0.3826 31.1705 110.3405   4.00   -inf  -nan  11   3  14   3 157.92
    9   2018 05 26 19:26:24.350    69984.350  0.1732 30.8905 111.2005   2.00   -inf  -nan   3   2   5   2 270.40
   10   2018 05 26 19:37:56.461    70676.461  0.2163 30.9305 111.1605   0.00   -inf  -nan   4   3   7   3 162.81
   11   2018 05 26 20:24:33.285    73473.285  0.2046 31.1705 110.3105   0.00   -inf  -nan   9   3  12   3 168.79
   12   2018 05 26 21:41:16.879    78076.879  0.4185 31.0605 110.4405   6.00   -inf  -nan   7   7  14   5 113.97
   13   2018 05 26 22:15:15.030    80115.030  0.3591 31.0505 110.4605   0.00   -inf  -nan  11  12  23  10 111.60
   14   2018 05 26 22:51:26.849    82286.849  0.1754 30.8505 111.1305   6.00   -inf  -nan  10   4  14   4 210.75
   15   2018 05 26 23:17:03.607    83823.607  0.3848 30.8105 111.1705   4.00   -inf  -nan   7   6  13   6 249.55
   16   2018 05 26 23:18:08.635    83888.635  0.1575 30.8505 111.1305   6.00   -inf  -nan  13   8  21   8 210.25
    1   2018 05 27 01:41:17.262     6077.262  0.2210 30.8605 111.2305   0.00   -inf  -nan   5   2   7   2 285.75
    2   2018 05 27 02:26:13.106     8773.106  0.3361 30.9405 111.2505   0.00   -inf  -nan   4   3   7   1 302.08
    3   2018 05 27 02:48:29.916    10109.916  0.3912 30.9805 110.3805   0.00   -inf  -nan   8   8  16   6  81.13
    4   2018 05 27 02:59:18.929    10758.929  0.1982 31.0005 110.0105   8.00   -inf  -nan   7   3  10   3 277.68
    5   2018 05 27 04:02:26.593    14546.593  0.2418 31.0705 110.4805   0.00   -inf  -nan   4   3   7   3 223.56
    6   2018 05 27 04:30:46.511    16246.511  0.1749 30.8505 111.1305   6.00   -inf  -nan   7   3  10   3 210.75
    7   2018 05 27 07:07:54.738    25674.738  0.1770 30.8505 111.1305   6.00   -inf  -nan   4   4   8   3 210.75
    8   2018 05 27 09:05:36.818    32736.818  0.1731 30.8505 111.1305   4.00   -inf  -nan   8   7  15   5 210.25
    9   2018 05 27 10:02:24.078    36144.078  0.3068 30.8605 110.7705  20.00   -inf  -nan   3   3   6   1 157.96
   10   2018 05 27 10:03:35.592    36215.592  0.1587 30.9405 110.7805  10.00   -inf  -nan   3   3   6   2 118.73
   11   2018 05 27 10:04:43.692    36283.692  0.2709 30.9405 110.7505  10.00   -inf  -nan  11  10  21   8  68.13
   12   2018 05 27 10:06:47.884    36407.884  0.2271 30.9405 110.7605   8.00   -inf  -nan  12  12  24  11  89.29
   13   2018 05 27 10:08:24.751    36504.751  0.3169 30.8705 110.7605   0.00   -inf  -nan   4   3   7   2 191.75
   14   2018 05 27 10:13:57.208    36837.208  0.1367 30.9405 110.7805   8.00   -inf  -nan   3   2   5   1 149.06
   15   2018 05 27 10:22:27.879    37347.879  0.0971 30.9305 110.7605  10.00   -inf  -nan   3   2   5   1 183.29
   16   2018 05 27 10:22:42.275    37362.275  0.2632 30.7405 110.5005   0.00   -inf  -nan   4   4   8   3 203.66
   17   2018 05 27 17:06:42.819    61602.819  0.4399 31.0605 110.4405   2.00   -inf  -nan   6   7  13   6 144.26
   18   2018 05 27 17:27:51.061    62871.061  0.1679 30.9305 110.7605  10.00   -inf  -nan  15  12  27  12  96.54
   19   2018 05 27 17:29:28.749    62968.749  0.3134 30.9405 110.7505  12.00   -inf  -nan  15  13  28  12  92.19
   20   2018 05 27 17:31:28.792    63088.792  0.1675 30.9005 110.7805  10.00   -inf  -nan   3   3   6   2 293.44
   21   2018 05 27 17:34:33.789    63273.789  0.3333 31.1605 110.3305   0.00   -inf  -nan   6   3   9   3 267.60
   22   2018 05 27 19:00:10.816    68410.816  0.2177 31.0205 110.3605   8.00   -inf  -nan   4   3   7   3 166.16
   23   2018 05 27 23:33:34.036    84814.036  0.1337 30.8505 111.1305   6.00   -inf  -nan   7   6  13   5 210.75
   24   2018 05 27 23:58:56.479    86336.479  0.2246 30.8505 111.1305   6.00   -inf  -nan   7   6  13   6 210.75
    1   2018 05 28 00:17:45.612     1065.612  0.2440 30.8105 111.1605   6.00   -inf  -nan   7   5  12   5 261.22
    2   2018 05 28 01:30:59.700     5459.700  0.3451 31.0005 110.0105  12.00   -inf  -nan   6   2   8   2 277.68
    3   2018 05 28 03:00:44.874    10844.874  0.2299 30.9605 110.0905  10.00   -inf  -nan   5   5  10   3 261.05
    4   2018 05 28 04:00:48.252    14448.252  0.3820 30.7705 111.2005   0.00   -inf  -nan   5   5  10   1 261.39
    5   2018 05 28 04:04:20.550    14660.550  0.4221 30.9605 110.3705   0.00   -inf  -nan  13   6  19   5 100.60
    6   2018 05 28 08:29:42.360    30582.360  0.2189 30.8505 111.1305   4.00   -inf  -nan   9   6  15   5 210.75
    7   2018 05 28 09:27:51.568    34071.568  0.3035 30.8505 111.1305   6.00   -inf  -nan   5   4   9   4 232.15
    8   2018 05 28 10:43:50.368    38630.368  0.3218 31.0005 109.9705   4.00   -inf  -nan   7   5  12   5 288.12
    9   2018 05 28 10:48:17.203    38897.203  0.2188 30.9605 109.9705   8.00   -inf  -nan   5   5  10   4 295.22
   10   2018 05 28 13:31:22.549    48682.549  0.0798 31.1705 110.3405   4.00   -inf  -nan   3   2   5   2 281.77
   11   2018 05 28 23:02:35.679    82955.679  0.2967 31.0505 110.4705  10.00   -inf  -nan   4   4   8   2 159.22
    1   2018 05 29 00:41:17.093     2477.093  0.2550 31.0005 110.1705   0.00   -inf  -nan   6   2   8   1 188.51
    2   2018 05 29 00:57:02.404     3422.404  0.3300 30.8505 110.8005   6.00   -inf  -nan   5   5  10   3 117.26
    3   2018 05 29 01:17:49.868     4669.868  0.3916 31.0005 110.2105  10.00   -inf  -nan   4   4   8   4 156.46
    4   2018 05 29 01:20:39.590     4839.590  0.2953 31.0105 110.1905   6.00   -inf  -nan   8   8  16   6 173.54
    5   2018 05 29 02:28:07.295     8887.295  0.2615 30.8105 110.6405   0.00   -inf  -nan   3   2   5   1 209.49
    6   2018 05 29 03:25:58.549    12358.549  0.1908 30.7305 111.1305   0.00   -inf  -nan   4   5   9   1 282.74
    7   2018 05 29 04:42:41.100    16961.100  0.4081 30.7405 110.8505   2.00   -inf  -nan   8   7  15   5 190.10
    8   2018 05 29 04:53:37.398    17617.398  0.2808 31.1205 110.8205   4.00   -inf  -nan  10   4  14   2 159.94
    9   2018 05 29 04:55:47.629    17747.629  0.3926 30.9305 110.1905   8.00   -inf  -nan   3   4   7   3 141.75
   10   2018 05 29 05:33:26.449    20006.449  0.1401 30.8505 111.1305   6.00   -inf  -nan   8   8  16   7 210.25
   11   2018 05 29 06:07:56.477    22076.477  0.2116 30.8505 111.1305   4.00   -inf  -nan   5   4   9   3 210.25
   12   2018 05 29 06:20:58.593    22858.593  0.2089 30.8505 111.1305   6.00   -inf  -nan  13   7  20   7 210.75
   13   2018 05 29 09:24:56.069    33896.069  0.4323 30.9005 110.7205   2.00   -inf  -nan  17  10  27  10  94.62
   14   2018 05 29 11:31:35.167    41495.167  0.1953 30.7005 110.8905  14.00   -inf  -nan   5   5  10   4 224.73
   15   2018 05 29 12:01:59.719    43319.719  0.1442 30.7405 110.8905  12.00   -inf  -nan   3   2   5   2 215.94
   16   2018 05 29 12:49:07.515    46147.515  0.1413 31.0105 110.1905   4.00   -inf  -nan   3   3   6   3 209.70
   17   2018 05 29 13:03:07.593    46987.593  0.1871 30.7105 110.9005  10.00   -inf  -nan   6   6  12   5 220.02
   18   2018 05 29 14:06:08.515    50768.515  0.3802 31.0105 110.5605   8.00   -inf  -nan  11  12  23  10  70.20
   19   2018 05 29 14:25:36.382    51936.382  0.1307 30.7505 110.7805   6.00   -inf  -nan   3   2   5   2 143.65
   20   2018 05 29 14:41:39.883    52899.883  0.1154 31.0605 110.2205   4.00   -inf  -nan   3   7  10   3 159.57
   21   2018 05 29 16:02:24.858    57744.858  0.1536 30.6605 110.9305  10.00   -inf  -nan   5   3   8   1 245.82
   22   2018 05 29 16:40:06.541    60006.541  0.3481 31.0505 110.4205  12.00   -inf  -nan  18  11  29  11  94.28
   23   2018 05 29 22:26:27.681    80787.681  0.3829 31.0605 110.4405   0.00   -inf  -nan  13  12  25  11 122.52
   24   2018 05 29 23:22:04.387    84124.387  0.3376 30.8105 111.1605   2.00   -inf  -nan  12   5  17   5 238.50
   25   2018 05 29 23:22:53.077    84173.077  0.2915 30.8605 111.1305   4.00   -inf  -nan  12   7  19   7 204.21
    1   2018 05 30 02:10:12.361     7812.361  0.4128 30.8505 111.1305   6.00   -inf  -nan   6   5  11   3 232.15
    2   2018 05 30 02:36:14.014     9374.014  0.2129 30.8505 111.1305   4.00   -inf  -nan   9   4  13   4 210.75
    3   2018 05 30 06:50:36.105    24636.105  0.2016 30.8505 111.1305   6.00   -inf  -nan   6   4  10   4 232.15
    4   2018 05 30 07:22:45.990    26565.990  0.1665 30.9005 110.7805   8.00   -inf  -nan   3   3   6   3 293.44
    5   2018 05 30 07:46:12.963    27972.963  0.4761 30.7905 110.4205   0.00   -inf  -nan   4   3   7   2 194.53
    6   2018 05 30 08:15:47.896    29747.896  0.2182 30.8505 111.1305   6.00   -inf  -nan  11   8  19   7 210.25
    7   2018 05 30 10:54:24.363    39264.363  0.1881 30.8505 111.1305   6.00   -inf  -nan   5   3   8   3 210.75
    8   2018 05 30 11:13:24.253    40404.253  0.1408 31.0105 110.1905   6.00   -inf  -nan   3   3   6   3 209.70
    9   2018 05 30 12:08:00.933    43680.933  0.3285 31.1205 110.0505   4.00   -inf  -nan  12   5  17   4 261.22
   10   2018 05 30 16:38:28.082    59908.082  0.3197 30.7005 110.9305   6.00   -inf  -nan   7  12  19   7 227.80
   11   2018 05 30 17:22:52.142    62572.142  0.2737 30.9005 110.5205   8.00   -inf  -nan  10  11  21   9 134.23
   12   2018 05 30 23:13:41.277    83621.277  0.1427 31.0205 110.8205   8.00   -inf  -nan   3   2   5   2 169.17
   13   2018 05 30 23:15:36.573    83736.573  0.1673 30.8505 111.1305   6.00   -inf  -nan  14   7  21   6 210.25
   14   2018 05 30 23:16:34.331    83794.331  0.2057 30.8505 111.1305   6.00   -inf  -nan  12   5  17   5 210.75
   15   2018 05 30 23:36:16.696    84976.696  0.2370 30.8505 111.1305   4.00   -inf  -nan  10   6  16   6 210.75
   16   2018 05 30 23:37:13.793    85033.793  0.2124 30.8505 111.1305   6.00   -inf  -nan  12   4  16   4 210.75
    1   2018 05 31 02:40:07.862     9607.862  0.2063 30.9405 110.7805  10.00   -inf  -nan   3   4   7   3 210.94
    2   2018 05 31 03:43:59.584    13439.584  0.2724 30.8905 111.4005   8.00   -inf  -nan   6   2   8   1 327.85
    3   2018 05 31 03:51:18.529    13878.529  0.2879 30.9305 110.6405   8.00   -inf  -nan   7   3  10   3  78.06
    4   2018 05 31 04:46:24.618    17184.618  0.3228 30.8705 110.9405   0.00   -inf  -nan  10   2  12   2  86.65
    5   2018 05 31 04:52:05.682    17525.682  0.2126 30.9705 111.2005   4.00   -inf  -nan   3   2   5   2 295.63
    6   2018 05 31 05:46:12.949    20772.949  0.2757 30.8505 111.1705   8.00   -inf  -nan  11   5  16   4 231.43
    7   2018 05 31 06:00:26.452    21626.452  0.1928 31.0805 110.1705   0.00   -inf  -nan   6   6  12   5 193.55
    8   2018 05 31 06:24:16.868    23056.868  0.2193 31.0005 110.0905  10.00   -inf  -nan   7   2   9   2 245.52
    9   2018 05 31 06:32:30.729    23550.729  0.1038 30.8505 111.1305   6.00   -inf  -nan  12   3  15   3 210.25
   10   2018 05 31 06:37:37.171    23857.171  0.1822 30.7005 110.9305  10.00   -inf  -nan   3   3   6   3 273.56
   11   2018 05 31 07:06:44.601    25604.601  0.1575 30.8505 111.1305   6.00   -inf  -nan   5   4   9   3 210.75
   12   2018 05 31 07:17:41.821    26261.821  0.1725 30.8105 111.1705   8.00   -inf  -nan   3   2   5   1 249.55
   13   2018 05 31 08:44:51.370    31491.370  0.3418 31.0005 110.0505   8.00   -inf  -nan  10   4  14   4 264.01
   14   2018 05 31 10:58:06.354    39486.354  0.3662 30.8105 111.1705   8.00   -inf  -nan  10   6  16   5 242.73
   15   2018 05 31 17:41:18.423    63678.423  0.2512 31.0205 110.4405   8.00   -inf  -nan   7   5  12   5  87.12
   16   2018 05 31 19:02:40.171    68560.171  0.2097 31.2105 110.2705   4.00   -inf  -nan   4   2   6   1 199.48
   17   2018 05 31 23:04:17.994    83057.994  0.2957 30.8105 111.1705   6.00   -inf  -nan  14   7  21   7 242.73
   18   2018 05 31 23:30:52.655    84652.655  0.1826 30.8505 111.1305   4.00   -inf  -nan  10   7  17   7 210.25
    1   2018 06 01 00:14:25.753      865.753  0.1014 30.8205 110.6605   8.00   -inf  -nan   6   5  11   5 146.47
    2   2018 06 01 00:33:25.832     2005.832  0.1556 30.8505 111.1305   6.00   -inf  -nan   9   3  12   3 210.25
    3   2018 06 01 01:25:48.096     5148.096  0.1697 30.7005 110.9305  12.00   -inf  -nan   4   3   7   3 308.47
    4   2018 06 01 05:34:17.513    20057.513  0.3180 30.7505 110.6205  16.00   -inf  -nan   3   2   5   1 205.70
    5   2018 06 01 06:18:35.015    22715.015  0.2833 30.8705 110.9405   2.00   -inf  -nan   9   3  12   3 128.04
    6   2018 06 01 06:59:21.635    25161.635  0.3042 30.7805 111.0505   0.00   -inf  -nan  13  10  23  10 214.37
    7   2018 06 01 07:21:37.649    26497.649  0.2796 30.9105 110.9005   2.00   -inf  -nan  10   4  14   4  79.30
    8   2018 06 01 08:01:26.551    28886.551  0.2022 30.8505 111.1305   6.00   -inf  -nan   9   6  15   4 210.25
    9   2018 06 01 09:29:14.241    34154.241  0.4297 31.2205 110.0105   4.00   -inf  -nan   8   5  13   5 294.73
   10   2018 06 01 09:37:12.850    34632.850  0.3959 31.2205 110.0505   0.00   -inf  -nan   8   5  13   5 289.11
   11   2018 06 01 10:25:43.337    37543.337  0.3515 31.2505 110.0305   6.00   -inf  -nan   5   5  10   4 301.16
   12   2018 06 01 10:27:53.094    37673.094  0.2224 30.8505 111.1305   4.00   -inf  -nan  12   6  18   6 210.75
   13   2018 06 01 10:52:49.036    39169.036  0.1337 31.0205 110.3605   6.00   -inf  -nan   3   3   6   2 166.16
   14   2018 06 01 13:56:10.172    50170.172  0.2831 30.8305 110.8205   6.00   -inf  -nan   6   6  12   5  91.82
   15   2018 06 01 16:27:40.846    59260.846  0.3656 31.0205 110.3605   2.00   -inf  -nan   3   5   8   1  84.04
   16   2018 06 01 17:43:09.738    63789.738  0.4632 31.1605 110.5805   6.00   -inf  -nan   5   2   7   1 200.43
   17   2018 06 01 18:39:16.466    67156.466  0.2839 30.9405 110.7805  12.00   -inf  -nan   9   9  18   8  92.21
   18   2018 06 01 19:25:55.431    69955.431  0.3231 30.9205 110.2505   6.00   -inf  -nan  10   8  18   6 152.96
   19   2018 06 01 21:33:24.010    77604.010  0.2859 30.6505 110.9705   6.00   -inf  -nan   4   4   8   4 259.19
   20   2018 06 01 23:20:40.718    84040.718  0.2519 30.8505 111.1305   4.00   -inf  -nan  13   5  18   5 283.92
    1   2018 06 02 01:43:06.549     6186.549  0.2800 31.0305 110.5605   4.00   -inf  -nan   4   4   8   3 117.50
    2   2018 06 02 02:02:58.430     7378.430  0.1721 30.8505 111.1305   4.00   -inf  -nan   9   5  14   5 210.25
    3   2018 06 02 02:43:01.085     9781.085  0.3530 30.9705 110.3705   0.00   -inf  -nan   8   7  15   5  88.31
    4   2018 06 02 03:10:38.439    11438.439  0.1227 30.8505 111.1305   6.00   -inf  -nan   6   4  10   4 232.15
    5   2018 06 02 03:13:30.180    11610.180  0.2318 30.8105 110.9205   0.00   -inf  -nan   7   2   9   1 125.84
    6   2018 06 02 03:19:51.545    11991.545  0.1451 30.8905 111.1605   8.00   -inf  -nan   5   2   7   2 195.54
    7   2018 06 02 04:41:19.947    16879.947  0.3039 30.7805 110.9305   6.00   -inf  -nan   8   5  13   5 157.56
    8   2018 06 02 07:16:56.743    26216.743  0.2990 30.8505 110.4805   0.00   -inf  -nan   9   6  15   5 162.32
    9   2018 06 02 07:51:50.982    28310.982  0.2320 31.0505 110.5505   0.00   -inf  -nan   3   2   5   1 247.84
   10   2018 06 02 07:53:28.846    28408.846  0.3835 30.8605 111.3505   0.00   -inf  -nan   5   2   7   1 327.33
   11   2018 06 02 08:50:28.515    31828.515  0.2345 30.8605 111.1405   6.00   -inf  -nan  10   4  14   4 209.60
   12   2018 06 02 08:53:55.330    32035.330  0.2082 30.7005 110.9305  12.00   -inf  -nan   5   3   8   3 230.56
   13   2018 06 02 09:10:22.043    33022.043  0.2024 30.8505 111.1305   4.00   -inf  -nan   9   3  12   3 210.75
   14   2018 06 02 09:15:14.452    33314.452  0.0910 30.7805 110.8905  14.00   -inf  -nan   3   2   5   2 186.58
   15   2018 06 02 09:26:19.206    33979.206  0.4109 31.0005 110.0505  18.00   -inf  -nan   4   2   6   2 304.25
   16   2018 06 02 09:33:25.258    34405.258  0.2115 30.9805 110.0505  12.00   -inf  -nan   8   2  10   2 269.40
   17   2018 06 02 09:39:53.640    34793.640  0.1521 30.8505 111.1305   6.00   -inf  -nan   5   3   8   3 210.75
   18   2018 06 02 09:59:00.671    35940.671  0.2927 30.7005 110.9305   8.00   -inf  -nan  17  14  31  14 227.80
   19   2018 06 02 11:32:03.251    41523.251  0.2057 30.7005 110.9305  10.00   -inf  -nan   5   3   8   3 230.56
   20   2018 06 02 11:43:55.406    42235.406  0.3111 31.1205 110.0505   6.00   -inf  -nan   9   7  16   6 261.22
   21   2018 06 02 14:32:09.715    52329.715  0.3259 30.9705 110.2905  12.00   -inf  -nan   3   3   6   3 173.21
   22   2018 06 02 15:10:10.223    54610.223  0.1543 30.8305 110.6205   6.00   -inf  -nan   5   5  10   5 157.17
   23   2018 06 02 16:07:30.522    58050.522  0.2602 30.9805 110.8205   0.00   -inf  -nan   5   2   7   2 141.74
   24   2018 06 02 16:21:57.293    58917.293  0.2029 30.6705 110.9405  10.00   -inf  -nan   3   6   9   3 269.60
   25   2018 06 02 19:35:27.653    70527.653  0.2936 31.1705 110.3105   6.00   -inf  -nan   7   3  10   3 168.79
   26   2018 06 02 19:37:24.858    70644.858  0.2040 30.7005 110.9305  10.00   -inf  -nan   5   5  10   4 230.56
   27   2018 06 02 20:56:41.171    75401.171  0.3234 30.6705 110.9405   4.00   -inf  -nan   4   3   7   2 247.03
   28   2018 06 02 21:37:02.136    77822.136  0.4598 30.7605 110.9005  20.00   -inf  -nan   3   2   5   2 188.59
   29   2018 06 02 23:01:00.405    82860.405  0.2134 30.7005 110.9305  10.00   -inf  -nan   5   3   8   3 230.56
   30   2018 06 02 23:48:39.573    85719.573  0.1638 30.8505 111.1305   6.00   -inf  -nan   7   3  10   3 210.25
    1   2018 06 03 01:21:26.363     4886.363  0.2865 30.8505 111.1305   4.00   -inf  -nan   9   4  13   2 310.20
    2   2018 06 03 01:58:26.632     7106.632  0.2408 30.7705 111.0905   0.00   -inf  -nan   5   7  12   2 227.94
    3   2018 06 03 03:14:52.702    11692.702  0.3623 30.8505 111.1305   4.00   -inf  -nan  14  12  26  10 210.25
    4   2018 06 03 03:29:24.109    12564.109  0.2335 31.1305 110.6305   0.00   -inf  -nan   6   2   8   2 196.29
    5   2018 06 03 03:54:39.414    14079.414  0.3602 31.1705 110.3805   0.00   -inf  -nan  11   5  16   5 174.23
    6   2018 06 03 04:25:10.639    15910.639  0.3090 30.7005 110.9305   8.00   -inf  -nan   6   6  12   6 230.56
    7   2018 06 03 05:03:30.829    18210.829  0.2365 30.7005 110.9305   8.00   -inf  -nan  10  11  21  10 227.80
    8   2018 06 03 05:26:52.133    19612.133  0.2508 31.2605 110.3605  18.00   -inf  -nan   5   3   8   2 238.31
    9   2018 06 03 06:37:39.514    23859.514  0.2501 31.0605 110.4405   6.00   -inf  -nan   3   2   5   2 256.49
   10   2018 06 03 06:49:38.949    24578.949  0.2780 30.8505 111.1305   6.00   -inf  -nan   7   6  13   5 210.75
   11   2018 06 03 06:50:33.162    24633.162  0.4028 31.0505 110.0705   6.00   -inf  -nan  11  14  25  10 274.63
   12   2018 06 03 07:17:09.231    26229.231  0.1707 30.8505 111.1305   6.00   -inf  -nan   7   5  12   4 210.25
   13   2018 06 03 07:51:53.588    28313.588  0.3072 30.8705 110.9405   0.00   -inf  -nan  11   3  14   3  86.65
   14   2018 06 03 07:58:19.743    28699.743  0.3570 31.0505 110.4605   6.00   -inf  -nan  19  18  37  17 109.45
   15   2018 06 03 09:21:23.079    33683.079  0.2705 30.9805 110.7805   0.00   -inf  -nan  14   6  20   5  61.61
   16   2018 06 03 09:29:23.449    34163.449  0.4554 30.7805 110.8905   0.00   -inf  -nan   6   6  12   5 150.65
   17   2018 06 03 10:00:10.833    36010.833  0.2137 30.8505 111.1305   4.00   -inf  -nan  11  10  21   9 210.25
   18   2018 06 03 10:21:55.621    37315.621  0.3329 30.7805 110.9305   4.00   -inf  -nan   7   4  11   4 192.08
   19   2018 06 03 17:24:33.399    62673.399  0.1807 30.9005 110.5405   6.00   -inf  -nan   5   3   8   3 204.33
   20   2018 06 03 18:00:18.242    64818.242  0.2865 31.1305 110.3405   0.00   -inf  -nan   4   2   6   1 142.29
   21   2018 06 03 18:59:29.283    68369.283  0.1815 30.6605 110.9305   4.00   -inf  -nan   4   3   7   3 286.89
   22   2018 06 03 20:55:10.075    75310.075  0.2998 31.1505 110.3205   0.00   -inf  -nan   7   3  10   3 165.67
   23   2018 06 03 21:15:19.604    76519.604  0.3759 31.1705 110.5105   0.00   -inf  -nan   4   2   6   2 171.89
   24   2018 06 03 23:00:01.061    82801.061  0.4318 31.0605 110.4405   4.00   -inf  -nan   9   9  18   7 108.13
   25   2018 06 03 23:01:04.026    82864.026  0.2314 30.8505 111.1305   6.00   -inf  -nan   9   5  14   5 283.92
    1   2018 06 04 00:37:26.040     2246.040  0.3344 30.7505 110.8205  18.00   -inf  -nan  17  17  34  15 167.07
    2   2018 06 04 00:46:55.457     2815.457  0.1608 30.7505 110.8205  18.00   -inf  -nan   5   4   9   4 167.07
    3   2018 06 04 00:51:08.033     3068.033  0.1981 30.7505 110.8205  20.00   -inf  -nan  10  11  21  10 167.07
    4   2018 06 04 01:26:14.343     5174.343  0.2157 30.8505 111.1305   6.00   -inf  -nan  10   6  16   4 283.92
    5   2018 06 04 01:27:39.909     5259.909  0.1472 30.8505 111.1705   4.00   -inf  -nan   6   4  10   4 311.84
    6   2018 06 04 02:39:51.261     9591.261  0.3276 30.7505 110.8205  18.00   -inf  -nan  18   8  26   7 167.07
    7   2018 06 04 04:24:09.888    15849.888  0.1677 30.8505 111.1305   6.00   -inf  -nan   4   4   8   3 232.15
    8   2018 06 04 04:50:43.533    17443.533  0.3830 31.0505 110.4405  10.00   -inf  -nan   8  11  19   8 138.60
    9   2018 06 04 05:43:43.726    20623.726  0.1834 30.8505 111.1305   6.00   -inf  -nan   5   4   9   3 210.75
   10   2018 06 04 06:31:39.057    23499.057  0.4267 31.0105 110.4505   0.00   -inf  -nan  11   6  17   5 106.99
   11   2018 06 04 07:00:58.927    25258.927  0.4378 30.8705 110.8205   8.00   -inf  -nan   4   2   6   1 159.10
   12   2018 06 04 07:18:04.032    26284.032  0.4638 31.1705 110.8405   8.00   -inf  -nan  10   3  13   3 229.36
   13   2018 06 04 07:55:54.655    28554.655  0.2716 30.8905 110.7205   4.00   -inf  -nan  13   4  17   4  97.68
   14   2018 06 04 08:00:44.861    28844.861  0.3909 30.9705 110.3705   2.00   -inf  -nan   9   6  15   4  88.31
   15   2018 06 04 08:39:32.687    31172.687  0.3554 30.8605 110.4405   4.00   -inf  -nan  12   6  18   5 163.97
   16   2018 06 04 09:09:21.181    32961.181  0.1577 30.8505 111.1305   6.00   -inf  -nan  10   5  15   5 210.25
   17   2018 06 04 09:50:00.462    35400.462  0.4224 31.0305 110.4405  10.00   -inf  -nan   4   5   9   2  92.86
   18   2018 06 04 13:36:24.041    48984.041  0.3281 31.0205 110.4405   4.00   -inf  -nan  14  10  24   8  90.01
   19   2018 06 04 14:45:18.599    53118.599  0.3270 30.7005 110.9305  10.00   -inf  -nan   9   8  17   7 230.56
   20   2018 06 04 16:03:37.722    57817.722  0.2855 31.1005 110.3605   4.00   -inf  -nan   3   4   7   1 167.41
   21   2018 06 04 18:56:14.721    68174.721  0.3228 31.0305 110.5205   6.00   -inf  -nan   3   4   7   2 140.98
   22   2018 06 04 22:47:08.248    82028.248  0.3094 30.6605 110.9705   8.00   -inf  -nan   3   3   6   2 300.12
   23   2018 06 04 22:56:20.933    82580.933  0.1467 30.8505 111.1305   6.00   -inf  -nan   8   5  13   5 283.92
    1   2018 06 05 00:10:44.380      644.380  0.1697 30.8505 111.1705   6.00   -inf  -nan   9   3  12   2 291.45
    2   2018 06 05 00:11:55.701      715.701  0.1343 30.8505 111.1705   6.00   -inf  -nan   4   4   8   2 291.45
    3   2018 06 05 03:05:15.792    11115.792  0.2851 31.1705 110.3805   0.00   -inf  -nan   7   3  10   2 174.23
    4   2018 06 05 04:15:54.648    15354.648  0.2351 30.8905 110.6405   4.00   -inf  -nan   5   2   7   2 167.01
    5   2018 06 05 05:06:50.106    18410.106  0.3621 30.8705 110.9405   0.00   -inf  -nan  10   2  12   1  94.77
    6   2018 06 05 06:11:55.749    22315.749  0.1254 30.8505 111.1305   6.00   -inf  -nan   7   3  10   3 210.75
    7   2018 06 05 08:00:38.693    28838.693  0.2904 31.2505 110.3105   0.00   -inf  -nan   7   5  12   3 269.21
    8   2018 06 05 08:06:30.571    29190.571  0.1803 30.8505 111.1305   6.00   -inf  -nan  10   8  18   6 210.25
    9   2018 06 05 09:23:41.479    33821.479  0.1641 30.7005 110.9305  10.00   -inf  -nan   3   3   6   3 230.56
   10   2018 06 05 09:34:30.435    34470.435  0.0417 30.9305 110.7605  10.00   -inf  -nan   3   4   7   3 176.71
   11   2018 06 05 09:58:20.416    35900.416  0.2115 30.9005 110.7605   8.00   -inf  -nan   4   3   7   3 158.53
   12   2018 06 05 10:03:04.560    36184.560  0.2252 30.9105 110.7605  10.00   -inf  -nan   9   8  17   8 113.59
   13   2018 06 05 10:34:16.752    38056.752  0.1804 30.9405 110.7505  10.00   -inf  -nan   5   4   9   4 191.70
   14   2018 06 05 10:34:34.953    38074.953  0.1276 30.9405 110.7605  10.00   -inf  -nan   3   2   5   1 144.50
   15   2018 06 05 10:46:32.767    38792.767  0.1710 30.9405 110.7605  10.00   -inf  -nan   6   8  14   6  89.30
   16   2018 06 05 11:01:46.248    39706.248  0.2685 30.9405 110.7405  12.00   -inf  -nan   4   3   7   2 127.75
   17   2018 06 05 11:13:21.702    40401.702  0.2848 31.1405 110.0505   6.00   -inf  -nan  10   5  15   5 264.93
   18   2018 06 05 11:14:10.148    40450.148  0.1842 30.7005 110.9305   6.00   -inf  -nan   6   5  11   5 230.56
   19   2018 06 05 11:45:01.185    42301.185  0.2070 31.1705 110.3405   2.00   -inf  -nan   3   2   5   1 270.76
   20   2018 06 05 16:47:12.655    60432.655  0.1502 30.9305 110.7605  10.00   -inf  -nan  10   9  19   9  96.54
   21   2018 06 05 16:48:24.728    60504.728  0.3292 30.9405 110.7505  10.00   -inf  -nan  12  14  26  10  64.69
   22   2018 06 05 16:54:47.816    60887.816  0.3241 30.8905 110.8005  14.00   -inf  -nan  12  11  23   7  91.17
   23   2018 06 05 17:00:05.839    61205.839  0.1123 30.9305 110.7605  10.00   -inf  -nan   7   5  12   4  96.54
   24   2018 06 05 17:00:27.526    61227.526  0.3650 30.9405 110.7805  12.00   -inf  -nan  11  11  22   9  92.21
   25   2018 06 05 17:08:10.994    61690.994  0.2594 30.8905 111.1305   4.00   -inf  -nan   7   3  10   2 164.15
   26   2018 06 05 17:25:46.158    62746.158  0.2670 30.9405 110.7605  10.00   -inf  -nan  14  14  28  11  89.30
   27   2018 06 05 18:26:58.358    66418.358  0.3493 30.9405 110.7405  12.00   -inf  -nan   9  10  19   8  94.47
   28   2018 06 05 18:29:09.058    66549.058  0.2462 30.9405 110.7605  10.00   -inf  -nan  11  12  23  10  77.93
   29   2018 06 05 19:21:41.607    69701.607  0.2910 30.8305 110.8205   6.00   -inf  -nan  12  12  24  10  91.82
   30   2018 06 05 23:00:04.830    82804.830  0.2359 30.8505 111.1305   8.00   -inf  -nan   9   6  15   6 210.25
   31   2018 06 05 23:01:09.187    82869.187  0.1785 30.8505 111.1305   4.00   -inf  -nan   9   6  15   6 210.75
   32   2018 06 05 23:17:56.244    83876.244  0.2462 30.8505 111.1305   4.00   -inf  -nan  10   6  16   6 210.25
   33   2018 06 05 23:19:17.029    83957.029  0.1514 30.8105 111.1705   2.00   -inf  -nan   3   2   5   2 286.32
    1   2018 06 06 00:10:16.190      616.190  0.3533 31.1705 110.3405   4.00   -inf  -nan   6   2   8   2 206.23
    2   2018 06 06 01:28:32.050     5312.050  0.2627 30.7305 111.1705   6.00   -inf  -nan   5   2   7   2 320.22
    3   2018 06 06 02:11:03.648     7863.648  0.2515 30.8505 110.8005   8.00   -inf  -nan   3   2   5   1 128.27
    4   2018 06 06 02:55:54.443    10554.443  0.1468 30.9005 110.7805   8.00   -inf  -nan   3   2   5   2 293.44
    5   2018 06 06 03:06:51.515    11211.515  0.1576 30.8505 111.1305   6.00   -inf  -nan   5   3   8   3 232.15
    6   2018 06 06 03:13:56.084    11636.084  0.3244 31.1805 110.3405  18.00   -inf  -nan   8  10  18   5 163.85
    7   2018 06 06 03:29:12.637    12552.637  0.3942 30.8105 111.1705   6.00   -inf  -nan   9   8  17   8 242.73
    8   2018 06 06 04:04:21.302    14661.302  0.3710 30.9705 110.3705   4.00   -inf  -nan   9   6  15   4  88.31
    9   2018 06 06 04:58:27.315    17907.315  0.4230 30.7305 111.1705   2.00   -inf  -nan   4   5   9   3 276.06
   10   2018 06 06 05:32:24.234    19944.234  0.1822 30.8505 111.1305   6.00   -inf  -nan   5   3   8   3 210.75
   11   2018 06 06 05:36:22.829    20182.829  0.3875 31.0505 110.4305  16.00   -inf  -nan  18  14  32  13  98.76
   12   2018 06 06 07:16:37.938    26197.938  0.2059 31.2205 110.0505   2.00   -inf  -nan   6   2   8   2 289.11
   13   2018 06 06 07:53:12.464    28392.464  0.3320 30.7005 110.9305   6.00   -inf  -nan  10   7  17   6 230.56
   14   2018 06 06 10:50:11.493    39011.493  0.2611 30.8505 111.1305   6.00   -inf  -nan  10   7  17   6 210.25
   15   2018 06 06 11:06:29.538    39989.538  0.2449 30.7005 110.9305  10.00   -inf  -nan   7   7  14   6 227.80
   16   2018 06 06 19:53:09.158    71589.158  0.1706 30.7005 110.9305  10.00   -inf  -nan   3   4   7   3 255.67
   17   2018 06 06 23:07:21.157    83241.157  0.2848 30.8505 111.1305   4.00   -inf  -nan  11  10  21   8 210.25
   18   2018 06 06 23:15:58.771    83758.771  0.1648 30.8505 111.1305   6.00   -inf  -nan   3   3   6   3 232.15
   19   2018 06 06 23:17:10.391    83830.391  0.1840 30.8505 111.1305   6.00   -inf  -nan   4   3   7   3 210.75
    1   2018 06 07 02:27:53.255     8873.255  0.2164 30.9405 110.7605  10.00   -inf  -nan   5   9  14   5  77.93
    2   2018 06 07 06:42:34.892    24154.892  0.1555 30.7505 110.8205  18.00   -inf  -nan  12  12  24  12 167.07
    3   2018 06 07 07:03:04.001    25384.001  0.2650 30.8905 110.7205   0.00   -inf  -nan  10   4  14   4  97.68
    4   2018 06 07 07:10:59.518    25859.518  0.1994 30.8505 111.1305   6.00   -inf  -nan  11   5  16   5 210.75
    5   2018 06 07 08:13:01.136    29581.136  0.4281 31.1305 110.3805   0.00   -inf  -nan   8   9  17   6 207.10
    6   2018 06 07 09:06:00.332    32760.332  0.2433 30.9705 111.2805   2.00   -inf  -nan   7   5  12   5 306.32
    7   2018 06 07 09:43:06.886    34986.886  0.3674 30.8105 110.9205   0.00   -inf  -nan   8   4  12   4  90.01
    8   2018 06 07 10:51:18.830    39078.830  0.2320 31.1605 110.6205  14.00   -inf  -nan   3   2   5   2 264.35
    9   2018 06 07 10:52:49.056    39169.056  0.2886 30.8905 110.6805   0.00   -inf  -nan   6   2   8   2 108.68
   10   2018 06 07 18:16:25.888    65785.888  0.2447 31.0605 110.2205   2.00   -inf  -nan   4   5   9   3 159.57
   11   2018 06 07 18:35:09.807    66909.807  0.2108 31.2005 110.2905  14.00   -inf  -nan   3   3   6   3 273.33
   12   2018 06 07 19:15:17.531    69317.531  0.2687 31.2105 110.3005   0.00   -inf  -nan   5   2   7   2 289.52
   13   2018 06 07 20:56:49.504    75409.504  0.2487 30.7005 110.9305  10.00   -inf  -nan   3   3   6   2 230.56
   14   2018 06 07 23:06:50.688    83210.688  0.2003 30.8505 111.1305   6.00   -inf  -nan  13   6  19   6 210.25
   15   2018 06 07 23:07:19.987    83239.987  0.2009 30.8505 111.1305   4.00   -inf  -nan  10   8  18   8 210.25
    1   2018 06 08 01:57:05.147     7025.147  0.1187 30.9305 111.3205  12.00   -inf  -nan   3   2   5   2 338.20
    2   2018 06 08 02:02:24.279     7344.279  0.3158 30.9805 110.0005   8.00   -inf  -nan   7   2   9   2 284.49
    3   2018 06 08 02:14:51.288     8091.288  0.2286 30.8505 111.1305   6.00   -inf  -nan   3   3   6   3 232.15
    4   2018 06 08 02:16:16.793     8176.793  0.2364 30.8505 111.1305   4.00   -inf  -nan   4   5   9   4 210.75
    5   2018 06 08 03:13:40.406    11620.406  0.2810 30.7805 110.8905   8.00   -inf  -nan   4   5   9   2 208.04
    6   2018 06 08 03:31:11.105    12671.105  0.1024 30.9305 111.4005   8.00   -inf  -nan   3   2   5   1 324.85
    7   2018 06 08 04:57:04.165    17824.165  0.2586 30.8705 110.9005   2.00   -inf  -nan  13   4  17   4  67.10
    8   2018 06 08 05:52:20.849    21140.849  0.1502 30.8505 111.1305   6.00   -inf  -nan  11   6  17   5 210.25
    9   2018 06 08 06:03:27.708    21807.708  0.4747 31.0505 110.3105   2.00   -inf  -nan   5   7  12   5  83.34
   10   2018 06 08 06:47:37.684    24457.684  0.1700 31.0305 110.5605   0.00   -inf  -nan   3   2   5   2 202.51
   11   2018 06 08 07:35:23.907    27323.907  0.2611 30.8905 111.1605   8.00   -inf  -nan   5   2   7   2 195.54
   12   2018 06 08 07:53:50.516    28430.516  0.3994 30.9005 110.7205   0.00   -inf  -nan  13   9  22   9  94.62
   13   2018 06 08 09:20:50.038    33650.038  0.2755 30.8505 111.2805   8.00   -inf  -nan   3   3   6   1 310.92
   14   2018 06 08 10:13:57.393    36837.393  0.2409 30.8505 111.1305   6.00   -inf  -nan  12   5  17   5 210.25
   15   2018 06 08 12:32:17.869    45137.869  0.4444 31.0905 110.0705   6.00   -inf  -nan  13   9  22   8 249.51
   16   2018 06 08 17:20:16.476    62416.476  0.2892 30.7805 110.7705  10.00   -inf  -nan   4   5   9   4 116.19
   17   2018 06 08 20:12:08.780    72728.780  0.2442 31.1705 110.5105   0.00   -inf  -nan   6   2   8   2 171.89
   18   2018 06 08 21:50:03.664    78603.664  0.3091 31.0905 110.1105   6.00   -inf  -nan   6   5  11   3 277.12
   19   2018 06 08 22:56:50.389    82610.389  0.2869 30.8505 111.1305   4.00   -inf  -nan  12   8  20   8 210.25
    1   2018 06 09 00:16:45.689     1005.689  0.3137 31.1805 110.3305   6.00   -inf  -nan   6   2   8   1 181.29
    2   2018 06 09 02:48:48.280    10128.280  0.4255 30.9705 110.3705   2.00   -inf  -nan   8   7  15   5  88.31
    3   2018 06 09 03:01:17.656    10877.656  0.1778 30.7605 110.2505   0.00   -inf  -nan   3   2   5   2 284.05
    4   2018 06 09 03:43:15.179    13395.179  0.2650 31.1605 110.8205   8.00   -inf  -nan   8   2  10   2 216.12
    5   2018 06 09 05:27:57.622    19677.622  0.3863 31.0105 110.4705   0.00   -inf  -nan  14  10  24   8  99.33
    6   2018 06 09 05:54:20.002    21260.002  0.2256 30.9705 110.1505   2.00   -inf  -nan   7   2   9   2 296.05
    7   2018 06 09 07:50:34.981    28234.981  0.2340 30.7305 111.1305   0.00   -inf  -nan   5   2   7   1 302.22
    8   2018 06 09 08:33:53.237    30833.237  0.1877 30.8705 110.9405   2.00   -inf  -nan  11   6  17   6 161.30
    9   2018 06 09 08:37:14.178    31034.178  0.4520 30.8505 111.2805  10.00   -inf  -nan   3   2   5   1 297.94
   10   2018 06 09 08:49:48.221    31788.221  0.1705 30.8505 111.1305   6.00   -inf  -nan  10   6  16   5 210.25
   11   2018 06 09 23:06:38.027    83198.027  0.1888 30.8505 111.1305   4.00   -inf  -nan   6   3   9   2 210.25
   12   2018 06 09 23:56:11.407    86171.407  0.1970 31.1705 110.3105   0.00   -inf  -nan   3   2   5   2 258.71
    1   2018 06 10 00:42:59.181     2579.181  0.1603 30.8505 111.1305   6.00   -inf  -nan  10   5  15   5 210.75
    2   2018 06 10 01:02:09.801     3729.801  0.3065 31.0005 109.9705   6.00   -inf  -nan   6   2   8   2 288.12
    3   2018 06 10 01:47:40.712     6460.712  0.1936 30.9305 111.3605  10.00   -inf  -nan   4   2   6   2 320.89
    4   2018 06 10 03:34:02.859    12842.859  0.1697 30.8105 111.1705   2.00   -inf  -nan   3   2   5   2 286.32
    5   2018 06 10 03:40:04.554    13204.554  0.3392 30.7905 110.9005   0.00   -inf  -nan   6   4  10   4 127.42
    6   2018 06 10 03:44:06.285    13446.285  0.3648 31.0205 110.3805   4.00   -inf  -nan   7   5  12   4 210.73
    7   2018 06 10 04:01:02.205    14462.205  0.2096 30.9505 110.8205   0.00   -inf  -nan   7   7  14   6 112.54
    8   2018 06 10 04:02:09.508    14529.508  0.3362 30.8505 110.9605   0.00   -inf  -nan  12   4  16   4 110.18
    9   2018 06 10 04:07:05.567    14825.567  0.3795 30.7405 110.5005   0.00   -inf  -nan   3   3   6   2 265.02
   10   2018 06 10 05:04:47.755    18287.755  0.2420 30.9405 110.7805  12.00   -inf  -nan   5   4   9   2 182.72
   11   2018 06 10 05:05:24.532    18324.532  0.2731 31.0105 110.6705  12.00   -inf  -nan   3   2   5   2 158.10
   12   2018 06 10 05:06:47.155    18407.155  0.1954 30.9405 110.7805  10.00   -inf  -nan   3   3   6   3 292.94
   13   2018 06 10 05:09:02.501    18542.501  0.1562 30.9405 110.7605  10.00   -inf  -nan   7   5  12   5 144.50
   14   2018 06 10 05:09:51.977    18591.977  0.2793 30.9405 110.7605  10.00   -inf  -nan  16  16  32  16  64.29
   15   2018 06 10 05:15:40.431    18940.431  0.2194 30.9405 110.7705  10.00   -inf  -nan   5   6  11   4 110.74
   16   2018 06 10 05:16:04.756    18964.756  0.3267 30.9005 110.7405   0.00   -inf  -nan   3   3   6   3 269.95
   17   2018 06 10 05:22:11.344    19331.344  0.1838 30.9405 110.7605  10.00   -inf  -nan   9   9  18   9 115.79
   18   2018 06 10 06:47:49.664    24469.664  0.4174 30.9905 110.4805   0.00   -inf  -nan  12   6  18   4  88.96
   19   2018 06 10 08:52:27.763    31947.763  0.3837 30.8205 110.9105   0.00   -inf  -nan   8   9  17   5  78.16
   20   2018 06 10 10:26:18.414    37578.414  0.2672 30.8105 111.1605   8.00   -inf  -nan   5   4   9   3 238.50
   21   2018 06 10 11:01:21.756    39681.756  0.1440 30.8505 111.1305   6.00   -inf  -nan  10   3  13   2 210.25
   22   2018 06 10 13:40:34.856    49234.856  0.4658 31.1405 110.2905   8.00   -inf  -nan   3   3   6   3 138.84
   23   2018 06 10 23:07:16.279    83236.279  0.1993 30.8505 111.1305   6.00   -inf  -nan   7   5  12   5 210.25
    1   2018 06 11 00:47:30.793     2850.793  0.1756 30.8505 111.1305   4.00   -inf  -nan  10   7  17   6 210.25
    2   2018 06 11 02:16:48.000     8208.000  0.2713 30.8505 111.1305   8.00   -inf  -nan   3   3   6   3 232.15
    3   2018 06 11 02:55:40.242    10540.242  0.3194 30.8505 110.9205   4.00   -inf  -nan   4   3   7   3 197.88
    4   2018 06 11 03:40:23.707    13223.707  0.2165 31.1005 110.0505   0.00   -inf  -nan   8   5  13   4 258.64
    5   2018 06 11 03:59:47.914    14387.914  0.1743 30.7805 110.7705  10.00   -inf  -nan   4   4   8   4 116.19
    6   2018 06 11 04:18:47.627    15527.627  0.3531 30.9805 110.1305   0.00   -inf  -nan   7   3  10   3 225.33
    7   2018 06 11 05:29:09.260    19749.260  0.2694 31.1305 110.8005  12.00   -inf  -nan   7   9  16   6 149.61
    8   2018 06 11 05:31:11.866    19871.866  0.3618 31.1205 110.8205  12.00   -inf  -nan   6   6  12   4 159.94
    9   2018 06 11 05:33:55.595    20035.595  0.3671 31.1405 110.8005  10.00   -inf  -nan  12  11  23  11 163.67
   10   2018 06 11 05:34:13.098    20053.098  0.2249 31.1205 110.8205  10.00   -inf  -nan   3   5   8   3 187.60
   11   2018 06 11 05:35:09.960    20109.960  0.2856 31.1205 110.8205  12.00   -inf  -nan   4   6  10   4 161.74
   12   2018 06 11 05:35:45.235    20145.235  0.3524 31.1305 110.8005  12.00   -inf  -nan  18  19  37  18 149.62
   13   2018 06 11 05:36:05.702    20165.702  0.4132 31.1405 110.8205  14.00   -inf  -nan   3  12  15   2 183.64
   14   2018 06 11 05:37:13.082    20233.082  0.3849 31.1205 110.7805  12.00   -inf  -nan  13  13  26  12 113.18
   15   2018 06 11 05:37:50.198    20270.198  0.3883 31.1205 110.7805  10.00   -inf  -nan  11  14  25  10 113.18
   16   2018 06 11 05:39:10.833    20350.833  0.4147 31.1005 110.7905  10.00   -inf  -nan   8   6  14   3 115.10
   17   2018 06 11 05:40:25.951    20425.951  0.4430 31.1205 110.7805  12.00   -inf  -nan  19  11  30  11 113.18
   18   2018 06 11 05:41:02.293    20462.293  0.2836 31.1105 110.8005  12.00   -inf  -nan   9  10  19   8 131.07
   19   2018 06 11 05:43:09.860    20589.860  0.2263 31.1205 110.8205  12.00   -inf  -nan   4   5   9   4 187.60
   20   2018 06 11 05:46:11.382    20771.382  0.2150 31.1205 110.8205  10.00   -inf  -nan   6   4  10   3 161.74
   21   2018 06 11 05:47:21.450    20841.450  0.3147 31.1405 110.8205   8.00   -inf  -nan   7   6  13   4 223.13
   22   2018 06 11 05:48:59.877    20939.877  0.3734 31.1205 110.7805  12.00   -inf  -nan  13  14  27  13 113.18
   23   2018 06 11 05:50:10.645    21010.645  0.4270 31.1105 110.8005  18.00   -inf  -nan   3   4   7   3 298.25
   24   2018 06 11 05:54:56.325    21296.325  0.3493 31.1405 110.8205  14.00   -inf  -nan   6   7  13   5 209.12
   25   2018 06 11 05:55:36.725    21336.725  0.2828 31.1205 110.8205  12.00   -inf  -nan   8   9  17   7 161.74
   26   2018 06 11 05:59:14.310    21554.310  0.2068 31.1105 110.8005  10.00   -inf  -nan   3   3   6   2 221.35
   27   2018 06 11 06:02:03.629    21723.629  0.4279 31.1205 110.7805  12.00   -inf  -nan  17  16  33  14 113.18
   28   2018 06 11 06:03:21.088    21801.088  0.4275 31.1205 110.7805  12.00   -inf  -nan  14  16  30  13 113.18
   29   2018 06 11 06:12:10.002    22330.002  0.4130 31.1205 110.7805  12.00   -inf  -nan   8   9  17   7 113.18
   30   2018 06 11 06:17:02.760    22622.760  0.3292 31.1305 110.8005  12.00   -inf  -nan  15  16  31  13 151.19
   31   2018 06 11 06:17:21.726    22641.726  0.0745 30.8505 111.1305   6.00   -inf  -nan   3   3   6   2 210.75
   32   2018 06 11 06:19:02.595    22742.595  0.2691 31.1105 110.8005  12.00   -inf  -nan   9   9  18   9 131.07
   33   2018 06 11 06:21:40.355    22900.355  0.3451 31.0905 110.1505   0.00   -inf  -nan   6   3   9   3 207.20
   34   2018 06 11 06:28:11.282    23291.282  0.4432 31.1005 110.7805  10.00   -inf  -nan   9  11  20   8 105.96
   35   2018 06 11 06:33:01.307    23581.307  0.1882 30.8605 111.1505   6.00   -inf  -nan   9   3  12   3 227.05
   36   2018 06 11 06:36:10.049    23770.049  0.2031 31.1205 110.7805  10.00   -inf  -nan   3   2   5   1 117.36
   37   2018 06 11 07:16:37.630    26197.630  0.1673 31.1205 110.7805  10.00   -inf  -nan   5   2   7   2 113.18
   38   2018 06 11 07:24:40.655    26680.655  0.1884 31.1205 110.7805  10.00   -inf  -nan   3   2   5   1 117.36
   39   2018 06 11 07:29:04.634    26944.634  0.3164 31.0905 110.8705  12.00   -inf  -nan   3   3   6   2 162.30
   40   2018 06 11 07:33:06.424    27186.424  0.2408 31.2005 110.7405  10.00   -inf  -nan   3   3   6   3 270.54
   41   2018 06 11 07:43:49.308    27829.308  0.3080 31.1305 110.8005  12.00   -inf  -nan  19  19  38  18 149.62
   42   2018 06 11 07:47:06.248    28026.248  0.4061 31.1005 110.7905  10.00   -inf  -nan   5   6  11   4 115.10
   43   2018 06 11 07:53:37.109    28417.109  0.3346 31.1105 110.8005  14.00   -inf  -nan  10  13  23  10 131.07
   44   2018 06 11 07:58:31.557    28711.557  0.3648 31.1205 110.7805  12.00   -inf  -nan  12  14  26  11 113.18
   45   2018 06 11 07:59:10.355    28750.355  0.2929 31.1005 110.7905  10.00   -inf  -nan   6   6  12   4 115.10
   46   2018 06 11 09:29:42.011    34182.011  0.3017 30.8605 110.4805   0.00   -inf  -nan  10   8  18   7 190.19
   47   2018 06 11 09:43:30.481    35010.481  0.2588 31.1005 110.7905   6.00   -inf  -nan   4   3   7   3 129.51
   48   2018 06 11 10:04:07.850    36247.850  0.1604 30.8905 111.1205   2.00   -inf  -nan   3   2   5   2 152.94
   49   2018 06 11 10:45:14.177    38714.177  0.3253 31.1105 110.8005  14.00   -inf  -nan  10  11  21  10 131.07
   50   2018 06 11 11:33:30.208    41610.208  0.2755 31.1405 110.8005  14.00   -inf  -nan   9  10  19   9 163.67
   51   2018 06 11 11:38:59.335    41939.335  0.3989 31.1205 110.7805  10.00   -inf  -nan   5   4   9   4 113.18
   52   2018 06 11 13:16:03.732    47763.732  0.1872 30.6705 110.9405   6.00   -inf  -nan   4   4   8   3 247.03
   53   2018 06 11 15:51:46.819    57106.819  0.2997 30.8105 110.8005   4.00   -inf  -nan   6   5  11   5 197.55
   54   2018 06 11 18:13:25.682    65605.682  0.4317 31.1205 110.7805  12.00   -inf  -nan   6   9  15   6 113.18
   55   2018 06 11 21:51:53.050    78713.050  0.3794 31.0605 110.4405   6.00   -inf  -nan   6   5  11   3 170.49
   56   2018 06 11 22:54:50.917    82490.917  0.2227 31.1205 110.8205  18.00   -inf  -nan   3   3   6   1 159.94
   57   2018 06 11 23:20:33.421    84033.421  0.2024 30.8505 111.1305   6.00   -inf  -nan  13  10  23   9 210.25
    1   2018 06 12 01:58:00.127     7080.127  0.1597 30.8505 111.1305   6.00   -inf  -nan   5   5  10   5 210.75
    2   2018 06 12 01:58:59.096     7139.096  0.2434 30.8505 111.1305   6.00   -inf  -nan   3   3   6   3 232.15
    3   2018 06 12 02:04:54.373     7494.373  0.4506 30.7305 111.2105   6.00   -inf  -nan   7   2   9   1 291.13
    4   2018 06 12 02:27:40.588     8860.588  0.3576 31.1405 110.3605   6.00   -inf  -nan  12   4  16   3 145.48
    5   2018 06 12 03:09:39.746    11379.746  0.2287 30.9305 111.2505   6.00   -inf  -nan   7   5  12   5 303.28
    6   2018 06 12 03:31:48.339    12708.339  0.2663 30.9005 110.9105   0.00   -inf  -nan   8   3  11   3  88.41
    7   2018 06 12 03:41:06.989    13266.989  0.3613 30.9305 110.7105   4.00   -inf  -nan  11   2  13   2  69.92
    8   2018 06 12 04:51:43.280    17503.280  0.1824 30.8905 110.4105   4.00   -inf  -nan   7   3  10   2 190.73
    9   2018 06 12 05:13:35.554    18815.554  0.3310 30.9005 110.4205   4.00   -inf  -nan   3   4   7   1 184.26
   10   2018 06 12 05:14:54.812    18894.812  0.3813 30.7305 111.2105   2.00   -inf  -nan   3   3   6   2 291.45
   11   2018 06 12 05:22:54.364    19374.364  0.2847 30.7305 111.2005   2.00   -inf  -nan   5   4   9   2 282.02
   12   2018 06 12 05:36:31.234    20191.234  0.3592 30.7305 111.2105   2.00   -inf  -nan   6   2   8   1 284.08
   13   2018 06 12 05:41:57.539    20517.539  0.2251 30.7305 111.2105   0.00   -inf  -nan   8   5  13   4 284.08
   14   2018 06 12 06:14:16.484    22456.484  0.4110 30.9905 110.4805   0.00   -inf  -nan  11   5  16   3 121.56
   15   2018 06 12 08:34:51.541    30891.541  0.1239 30.8505 111.1305   6.00   -inf  -nan   5   4   9   3 210.25
   16   2018 06 12 08:44:34.432    31474.432  0.1537 30.8505 111.1305   6.00   -inf  -nan   9   5  14   5 210.75
   17   2018 06 12 08:57:43.570    32263.570  0.3971 30.9805 110.3605   0.00   -inf  -nan  10   4  14   3  99.05
   18   2018 06 12 09:53:35.041    35615.041  0.3168 31.0205 110.4405   4.00   -inf  -nan   9   7  16   2 145.37
   19   2018 06 12 21:28:07.228    77287.228  0.3787 31.1005 110.1305   0.00   -inf  -nan   3   2   5   1 220.46
   20   2018 06 12 22:58:10.318    82690.318  0.1910 30.8505 111.1305   6.00   -inf  -nan   9   4  13   4 210.25
   21   2018 06 12 23:31:24.994    84684.994  0.1352 30.8505 111.1305   6.00   -inf  -nan   6   5  11   5 210.75
   22   2018 06 12 23:31:55.703    84715.703  0.0853 30.8505 111.1305   6.00   -inf  -nan   4   2   6   2 210.75
    1   2018 06 13 01:33:37.649     5617.649  0.3341 30.8505 111.1305   8.00   -inf  -nan   6   4  10   3 232.15
    2   2018 06 13 02:14:49.548     8089.548  0.1879 30.8505 111.1305   6.00   -inf  -nan   3   3   6   3 232.15
    3   2018 06 13 04:15:30.677    15330.677  0.2728 30.8505 110.9505   0.00   -inf  -nan   7   3  10   3 103.81
    4   2018 06 13 04:20:30.616    15630.616  0.1578 30.8505 111.1305   6.00   -inf  -nan  10   4  14   4 210.75
    5   2018 06 13 05:48:36.620    20916.620  0.2675 31.2205 110.0505   0.00   -inf  -nan   6   7  13   5 289.11
    6   2018 06 13 06:06:34.182    21994.182  0.4304 31.2205 110.0105   4.00   -inf  -nan   3   3   6   3 294.73
    7   2018 06 13 07:14:29.077    26069.077  0.2298 30.8505 111.1305   4.00   -inf  -nan   6   2   8   2 210.25
    8   2018 06 13 08:33:04.373    30784.373  0.1588 30.8505 111.1305   4.00   -inf  -nan   8   5  13   5 210.75
    9   2018 06 13 09:36:23.071    34583.071  0.1945 30.8505 111.1305   6.00   -inf  -nan   8   3  11   3 232.15
   10   2018 06 13 13:56:46.572    50206.572  0.4447 31.0505 110.4505   0.00   -inf  -nan  11  12  23   9 106.33
   11   2018 06 13 18:18:12.943    65892.943  0.1213 30.7505 110.8205  18.00   -inf  -nan   4   4   8   4 167.07
   12   2018 06 13 19:53:38.023    71618.023  0.3699 31.1805 110.0905   6.00   -inf  -nan   4   2   6   2 263.70
   13   2018 06 13 20:46:23.161    74783.161  0.4491 30.8105 110.7605  10.00   -inf  -nan  18   9  27   8  92.00
   14   2018 06 13 22:57:00.938    82620.938  0.3084 31.1705 110.3105   4.00   -inf  -nan   3   2   5   1 186.20
   15   2018 06 13 23:20:58.748    84058.748  0.3895 30.8605 110.4605   0.00   -inf  -nan   6   4  10   4 191.15
    1   2018 06 14 00:28:35.682     1715.682  0.1753 30.8505 111.1305   6.00   -inf  -nan   5   3   8   3 210.75
    2   2018 06 14 00:59:13.343     3553.343  0.2502 30.8505 111.1305   8.00   -inf  -nan   4   3   7   3 210.75
    3   2018 06 14 02:01:04.490     7264.490  0.1631 30.8505 111.1305   4.00   -inf  -nan   9   4  13   4 210.75
    4   2018 06 14 02:04:29.483     7469.483  0.1757 30.8505 111.1305   6.00   -inf  -nan  10   4  14   4 210.75
    5   2018 06 14 02:46:54.055    10014.055  0.4552 30.9305 111.0505   0.00   -inf  -nan   5   2   7   2 124.05
    6   2018 06 14 03:12:29.894    11549.894  0.1946 30.9105 110.6405   4.00   -inf  -nan   4   2   6   1 279.73
    7   2018 06 14 03:46:15.260    13575.260  0.3416 30.9005 110.7405   0.00   -inf  -nan  13   7  20   5  89.68
    8   2018 06 14 04:54:02.584    17642.584  0.2624 31.1305 110.6305   0.00   -inf  -nan   5   2   7   2 196.29
    9   2018 06 14 06:49:07.241    24547.241  0.2329 30.8505 111.1305   8.00   -inf  -nan   4   3   7   3 210.75
   10   2018 06 14 08:04:00.420    29040.420  0.4393 30.8505 111.2405   4.00   -inf  -nan   4   3   7   2 278.91
   11   2018 06 14 08:19:49.461    29989.461  0.1279 30.8505 111.1305   6.00   -inf  -nan   7   2   9   2 210.75
   12   2018 06 14 23:07:48.559    83268.559  0.3347 30.8905 111.1205   4.00   -inf  -nan  13   5  18   5 152.93
    1   2018 06 15 01:59:13.101     7153.101  0.1956 30.8505 111.1305   6.00   -inf  -nan   4   3   7   3 232.15
    2   2018 06 15 02:00:03.289     7203.289  0.2365 30.8905 111.1305   0.00   -inf  -nan   5   3   8   3 164.15
    3   2018 06 15 02:29:29.043     8969.043  0.1063 30.8505 111.1305   6.00   -inf  -nan  10   5  15   5 210.25
    4   2018 06 15 04:22:19.097    15739.097  0.3951 30.9705 110.3905   0.00   -inf  -nan  13   8  21   7  92.49
    5   2018 06 15 04:26:13.800    15973.800  0.4233 31.2105 110.3505   0.00   -inf  -nan   9  10  19   6 245.07
    6   2018 06 15 05:05:20.763    18320.763  0.1869 30.8505 111.1305   6.00   -inf  -nan   9   6  15   5 210.75
    7   2018 06 15 05:47:21.227    20841.227  0.3431 30.9705 110.3905   0.00   -inf  -nan   8   3  11   2  92.49
    8   2018 06 15 06:54:58.638    24898.638  0.2999 31.1305 110.0705   0.00   -inf  -nan   8   2  10   2 255.43
    9   2018 06 15 07:21:15.077    26475.077  0.1368 30.8505 111.1305   6.00   -inf  -nan   3   3   6   2 210.75
   10   2018 06 15 08:41:30.597    31290.597  0.3074 30.8505 111.2405   6.00   -inf  -nan   5   3   8   2 278.91
   11   2018 06 15 09:56:33.259    35793.259  0.1663 30.8505 111.1305   6.00   -inf  -nan   4   3   7   3 210.75
   12   2018 06 15 09:56:46.027    35806.027  0.3067 30.9805 110.7805   0.00   -inf  -nan  10   8  18   7  83.09
   13   2018 06 15 10:06:32.325    36392.325  0.3491 30.8705 110.9405   0.00   -inf  -nan  11   4  15   4  86.65
   14   2018 06 15 11:15:50.529    40550.529  0.1304 31.0905 110.1905   2.00   -inf  -nan   3   4   7   2 181.48
   15   2018 06 15 22:26:10.016    80770.016  0.1901 30.9305 111.1705   0.00   -inf  -nan   4   2   6   2 146.89
   16   2018 06 15 22:53:14.420    82394.420  0.2167 31.0505 110.1905   4.00   -inf  -nan   6   7  13   6 177.95
   17   2018 06 15 23:19:59.998    83999.998  0.1814 30.8505 111.1305   6.00   -inf  -nan   5   3   8   3 210.75
   18   2018 06 15 23:20:59.050    84059.050  0.2192 30.8505 111.1305   4.00   -inf  -nan   6   4  10   4 210.75
    1   2018 06 16 00:06:12.093      372.093  0.4268 30.8605 111.1105   2.00   -inf  -nan   4   3   7   3 191.29
    2   2018 06 16 00:06:59.012      419.012  0.1699 30.8205 111.1505   4.00   -inf  -nan   3   3   6   3 236.62
    3   2018 06 16 02:17:37.728     8257.728  0.2948 30.8205 110.3305   8.00   -inf  -nan   4   3   7   1 251.70
    4   2018 06 16 02:29:50.775     8990.775  0.3315 31.1205 110.0505   6.00   -inf  -nan  12   9  21   8 261.22
    5   2018 06 16 02:40:16.926     9616.926  0.1390 30.8505 111.1305   6.00   -inf  -nan   8   4  12   4 210.75
    6   2018 06 16 03:30:09.831    12609.831  0.2228 30.8505 111.1305   6.00   -inf  -nan   3   2   5   2 210.75
    7   2018 06 16 03:44:00.098    13440.098  0.2687 31.1305 110.0305   0.00   -inf  -nan  10   5  15   4 269.61
    8   2018 06 16 03:54:54.080    14094.080  0.3903 30.8905 110.7205   0.00   -inf  -nan  11   5  16   5  97.68
    9   2018 06 16 05:13:11.936    18791.936  0.1655 31.0305 110.6005   6.00   -inf  -nan   4   3   7   3 170.76
   10   2018 06 16 05:55:38.422    21338.422  0.2391 30.9705 110.3505  10.00   -inf  -nan   4   4   8   2 125.19
   11   2018 06 16 08:27:21.850    30441.850  0.3985 30.7405 110.9305   2.00   -inf  -nan   7   4  11   2 207.91
   12   2018 06 16 08:31:33.499    30693.499  0.3972 31.0905 110.3805   4.00   -inf  -nan  14  11  25  11  79.29
   13   2018 06 16 08:56:06.899    32166.899  0.1648 30.8505 111.1305   6.00   -inf  -nan   7   4  11   4 210.75
   14   2018 06 16 09:11:21.393    33081.393  0.2281 30.8505 111.1305   4.00   -inf  -nan   9   5  14   4 210.75
   15   2018 06 16 09:28:17.580    34097.580  0.3952 31.0605 110.3705  14.00   -inf  -nan   9   8  17   8 115.25
   16   2018 06 16 09:43:55.731    35035.731  0.1601 30.8905 110.2905  10.00   -inf  -nan   3   2   5   1 289.58
   17   2018 06 16 09:44:39.583    35079.583  0.2522 30.9305 111.4005   4.00   -inf  -nan   5   3   8   2 321.20
   18   2018 06 16 10:11:05.069    36665.069  0.4150 31.1705 110.4605   0.00   -inf  -nan   8   8  16   5 169.39
   19   2018 06 16 11:20:11.008    40811.008  0.1368 31.1405 110.4505   2.00   -inf  -nan   4   6  10   4 181.88
   20   2018 06 16 11:56:18.624    42978.624  0.2079 31.1205 110.7805  10.00   -inf  -nan   5   2   7   1 113.18
   21   2018 06 16 12:58:14.871    46694.871  0.3952 31.1705 110.4605   0.00   -inf  -nan   6   7  13   4 181.94
   22   2018 06 16 13:43:27.120    49407.120  0.3369 31.1705 110.4605   2.00   -inf  -nan   8  11  19   8 169.39
   23   2018 06 16 14:46:36.857    53196.857  0.2232 30.7705 110.7605  12.00   -inf  -nan  14  14  28  14 109.98
   24   2018 06 16 17:24:39.274    62679.274  0.3200 31.1405 110.4505   0.00   -inf  -nan   9  10  19   7 155.18
   25   2018 06 16 20:13:29.583    72809.583  0.2289 31.1005 110.2105   0.00   -inf  -nan   4   2   6   1 168.87
   26   2018 06 16 20:34:19.906    74059.906  0.1315 30.8905 111.1605   8.00   -inf  -nan   4   2   6   2 195.54
   27   2018 06 16 23:11:49.943    83509.943  0.1987 30.8505 111.1305   4.00   -inf  -nan   6   2   8   1 210.25
   28   2018 06 16 23:12:25.946    83545.946  0.1106 30.8505 111.1305   6.00   -inf  -nan  11   4  15   4 210.25
   29   2018 06 16 23:15:00.237    83700.237  0.1005 30.8205 111.1705   6.00   -inf  -nan   3   2   5   2 245.81
   30   2018 06 16 23:16:00.306    83760.306  0.3160 30.8105 111.1705   6.00   -inf  -nan   7   4  11   4 249.55
    1   2018 06 17 01:29:44.452     5384.452  0.2484 30.8505 111.2805   8.00   -inf  -nan   6   3   9   3 297.94
    2   2018 06 17 02:09:07.903     7747.903  0.3329 31.1205 110.8605  12.00   -inf  -nan   5   2   7   1 188.48
    3   2018 06 17 02:50:08.715    10208.715  0.4320 30.7405 111.0505   2.00   -inf  -nan   4   6  10   2 278.64
    4   2018 06 17 03:00:23.242    10823.242  0.2030 30.8105 111.1705   4.00   -inf  -nan   3   2   5   2 249.55
    5   2018 06 17 03:29:05.586    12545.586  0.2463 31.1105 110.8005   2.00   -inf  -nan  10   2  12   2 131.07
    6   2018 06 17 03:56:05.427    14165.427  0.3583 31.0605 110.4405   2.00   -inf  -nan   6   4  10   3 170.49
    7   2018 06 17 06:29:12.522    23352.522  0.3391 30.8505 111.2405   4.00   -inf  -nan   5   6  11   2 278.91
    8   2018 06 17 06:33:40.395    23620.395  0.2184 30.7805 110.7705  12.00   -inf  -nan  11  10  21  10 110.23
    9   2018 06 17 07:56:48.299    28608.299  0.3668 30.7905 110.9405   2.00   -inf  -nan  13   5  18   4 155.53
   10   2018 06 17 08:06:01.358    29161.358  0.1697 30.8505 111.1305   6.00   -inf  -nan   4   3   7   3 210.75
   11   2018 06 17 08:21:48.446    30108.446  0.1210 30.8505 111.1305   6.00   -inf  -nan   3   3   6   3 210.75
   12   2018 06 17 08:50:11.176    31811.176  0.1595 30.8505 111.1305   6.00   -inf  -nan   8   4  12   3 210.25
   13   2018 06 17 10:23:22.276    37402.276  0.3895 30.7705 110.7605  10.00   -inf  -nan  18  13  31  12 109.98
   14   2018 06 17 10:33:30.054    38010.054  0.1100 30.7805 110.7605  10.00   -inf  -nan   3   4   7   3 124.85
   15   2018 06 17 11:39:03.696    41943.696  0.1369 30.9605 109.9705  10.00   -inf  -nan   6   4  10   4 295.22
   16   2018 06 17 13:19:40.131    47980.131  0.2020 30.7905 110.7405  10.00   -inf  -nan   3   2   5   2 220.51
   17   2018 06 17 13:33:06.737    48786.737  0.2413 30.7805 110.7705  12.00   -inf  -nan  14  14  28  14 110.23
   18   2018 06 17 20:16:14.644    72974.644  0.1141 30.9505 110.6005   8.00   -inf  -nan   3   2   5   2 146.63
   19   2018 06 17 23:05:20.022    83120.022  0.1012 30.8505 111.1305   6.00   -inf  -nan   5   4   9   4 210.75
   20   2018 06 17 23:06:19.838    83179.838  0.0959 30.8505 111.1305   6.00   -inf  -nan   6   4  10   4 210.75
    1   2018 06 18 00:04:59.311      299.311  0.3359 30.7905 110.7805   2.00   -inf  -nan   4   3   7   3 108.79
    2   2018 06 18 01:53:04.212     6784.212  0.2105 30.8505 111.2405   4.00   -inf  -nan   6   3   9   2 278.91
    3   2018 06 18 03:06:59.340    11219.340  0.1750 30.8505 111.1305   4.00   -inf  -nan   6   3   9   3 210.75
    4   2018 06 18 03:07:36.661    11256.661  0.1904 30.8505 111.1305   6.00   -inf  -nan   3   4   7   2 210.25
    5   2018 06 18 03:18:04.918    11884.918  0.3887 31.0205 110.3605   6.00   -inf  -nan  10   5  15   5 192.20
    6   2018 06 18 04:04:22.187    14662.187  0.1970 30.8505 111.1305   4.00   -inf  -nan  11   4  15   3 210.25
    7   2018 06 18 05:21:06.319    19266.319  0.1326 30.8505 111.1305   6.00   -inf  -nan   7   5  12   5 210.75
    8   2018 06 18 07:54:05.273    28445.273  0.2240 30.8505 111.1305   6.00   -inf  -nan   9   5  14   4 210.25
    9   2018 06 18 08:07:30.085    29250.085  0.2266 30.8505 111.1305   4.00   -inf  -nan   6   4  10   3 210.75
   10   2018 06 18 10:00:48.998    36048.998  0.2296 31.1005 110.0905   0.00   -inf  -nan   5   3   8   3 241.48
   11   2018 06 18 21:52:57.449    78777.449  0.2570 31.1305 110.1105   0.00   -inf  -nan   9   4  13   4 266.99
   12   2018 06 18 22:34:55.900    81295.900  0.4312 30.9405 110.4605  10.00   -inf  -nan  10   9  19   8  84.04
   13   2018 06 18 22:54:03.541    82443.541  0.1755 30.8505 111.1305   6.00   -inf  -nan  14   5  19   5 210.25
   14   2018 06 18 23:08:39.453    83319.453  0.2199 30.8505 111.1305   6.00   -inf  -nan   5   4   9   4 210.75
   15   2018 06 18 23:10:02.869    83402.869  0.1932 30.8505 111.1305   6.00   -inf  -nan   5   4   9   4 210.75
    1   2018 06 19 01:42:54.106     6174.106  0.1775 30.8505 111.1305   6.00   -inf  -nan  10   4  14   4 210.25
    2   2018 06 19 06:06:11.122    21971.122  0.1538 30.8505 111.1305   4.00   -inf  -nan   9   5  14   5 210.25
    3   2018 06 19 08:14:17.635    29657.635  0.2157 30.8505 111.1305   6.00   -inf  -nan   9   5  14   5 210.25
    4   2018 06 19 10:07:39.019    36459.019  0.2124 30.8505 111.1305   4.00   -inf  -nan  11   9  20   8 210.25
    5   2018 06 19 13:30:57.714    48657.714  0.2838 31.0905 110.3805   6.00   -inf  -nan   4   3   7   2 160.86
    6   2018 06 19 15:12:16.483    54736.483  0.2086 30.9905 110.4805   0.00   -inf  -nan   3   2   5   2 157.27
    7   2018 06 19 16:24:59.232    59099.232  0.1963 31.1805 110.5005   2.00   -inf  -nan   3   2   5   2 315.31
    8   2018 06 19 19:52:34.876    71554.876  0.1985 31.0605 110.4405   2.00   -inf  -nan   4   3   7   2 210.58
    1   2018 06 20 00:24:42.097     1482.097  0.2818 30.8105 111.1705   6.00   -inf  -nan   8   5  13   4 242.73
    2   2018 06 20 01:17:55.621     4675.621  0.2343 30.8505 111.1305   4.00   -inf  -nan  11   5  16   5 210.25
    3   2018 06 20 01:18:34.487     4714.487  0.2550 30.8505 111.1305   4.00   -inf  -nan  11   6  17   6 210.25
    4   2018 06 20 02:53:30.338    10410.338  0.2746 31.0505 110.3105   2.00   -inf  -nan   5   2   7   1 157.96
    5   2018 06 20 03:26:56.043    12416.043  0.1734 30.8505 111.1305   6.00   -inf  -nan  12   2  14   2 210.25
    6   2018 06 20 03:51:45.565    13905.565  0.1803 31.0105 110.5505   4.00   -inf  -nan   3   3   6   2 167.98
    7   2018 06 20 04:04:21.988    14661.988  0.3891 30.7805 110.9705  10.00   -inf  -nan   7   5  12   3 213.13
    8   2018 06 20 04:13:53.007    15233.007  0.3340 30.8705 110.9405   2.00   -inf  -nan   6   2   8   2 132.87
    9   2018 06 20 05:17:48.527    19068.527  0.2093 30.9005 111.1105   0.00   -inf  -nan   4   3   7   2 130.19
   10   2018 06 20 06:47:41.055    24461.055  0.2628 30.7805 110.9305   6.00   -inf  -nan   6   2   8   2 157.56
   11   2018 06 20 09:06:35.320    32795.320  0.3616 31.0605 110.2405   0.00   -inf  -nan  12   8  20   8 129.94
   12   2018 06 20 09:20:36.784    33636.784  0.1775 30.8505 110.3705   2.00   -inf  -nan   6   5  11   4 238.52
   13   2018 06 20 09:24:46.282    33886.282  0.1131 30.8505 110.3705   0.00   -inf  -nan   5   2   7   2 250.66
   14   2018 06 20 09:25:54.208    33954.208  0.4154 30.7705 111.1705   6.00   -inf  -nan   6   2   8   1 263.48
   15   2018 06 20 09:40:40.916    34840.916  0.4441 30.9005 110.3805   0.00   -inf  -nan   3   4   7   2 185.65
   16   2018 06 20 10:06:58.523    36418.523  0.1621 30.8505 111.1305   6.00   -inf  -nan  10   4  14   4 210.75
   17   2018 06 20 10:20:05.953    37205.953  0.4523 30.9805 110.3605   0.00   -inf  -nan   9   6  15   4  74.28
   18   2018 06 20 14:05:36.937    50736.937  0.2563 31.1805 110.2505  12.00   -inf  -nan   3   2   5   2 155.81
   19   2018 06 20 14:58:21.453    53901.453  0.4479 31.0505 110.1905   4.00   -inf  -nan   4   4   8   2 230.55
   20   2018 06 20 23:12:33.134    83553.134  0.4536 30.8605 111.1505   6.00   -inf  -nan  12   7  19   7 215.32
   21   2018 06 20 23:13:04.037    83584.037  0.2032 30.8505 111.1305   4.00   -inf  -nan  12   4  16   4 210.25
   22   2018 06 20 23:13:48.341    83628.341  0.1286 30.8505 111.1305   6.00   -inf  -nan   5   3   8   3 210.75
   23   2018 06 20 23:15:09.522    83709.522  0.3463 30.8505 111.1305   4.00   -inf  -nan   8   6  14   6 210.75
    1   2018 06 21 03:04:53.770    11093.770  0.2166 30.7405 111.1305   2.00   -inf  -nan   5   3   8   2 300.52
    2   2018 06 21 03:06:50.898    11210.898  0.2606 30.7705 111.0905   0.00   -inf  -nan   4   2   6   1 274.19
    3   2018 06 21 04:05:13.604    14713.604  0.2798 30.8505 111.1305   4.00   -inf  -nan   3   5   8   1 210.25
    4   2018 06 21 04:09:29.661    14969.661  0.1206 30.7805 110.9305   4.00   -inf  -nan   4   3   7   1 217.36
    5   2018 06 21 04:33:10.441    16390.441  0.2924 31.0105 110.1505   6.00   -inf  -nan  12   2  14   2 204.26
    6   2018 06 21 05:01:02.631    18062.631  0.1321 30.8505 111.1305   6.00   -inf  -nan  11   6  17   6 210.75
    7   2018 06 21 08:38:01.321    31081.321  0.2975 30.8905 111.1305   0.00   -inf  -nan   4   2   6   1 164.15
    8   2018 06 21 09:56:32.674    35792.674  0.1681 30.8505 111.2805   4.00   -inf  -nan   7   4  11   2 310.92
    9   2018 06 21 10:34:59.947    38099.947  0.2258 30.9805 110.7205  10.00   -inf  -nan   7   7  14   6 152.95
   10   2018 06 21 12:03:03.127    43383.127  0.2193 31.0605 110.4805   6.00   -inf  -nan   3   5   8   3 217.29
   11   2018 06 21 17:39:21.999    63561.999  0.3191 31.1305 110.1105   0.00   -inf  -nan  11   9  20   8 237.40
   12   2018 06 21 22:49:20.617    82160.617  0.2124 30.8505 111.1305   4.00   -inf  -nan   8   4  12   4 210.25
   13   2018 06 21 23:09:20.527    83360.527  0.2349 30.8505 111.1305   4.00   -inf  -nan  10   5  15   3 210.25
    1   2018 06 22 04:09:02.384    14942.384  0.3649 30.8705 110.9405   4.00   -inf  -nan  10   4  14   3  86.65
    2   2018 06 22 04:51:50.831    17510.831  0.2660 30.7805 110.7705   8.00   -inf  -nan   4   7  11   4 110.23
    3   2018 06 22 07:18:21.569    26301.569  0.1436 30.8505 111.1305   6.00   -inf  -nan   5   4   9   4 210.75
    4   2018 06 22 10:04:46.609    36286.609  0.2394 30.8505 111.1305   6.00   -inf  -nan  14   8  22   8 210.25
    5   2018 06 22 12:10:41.727    43841.727  0.3523 30.8105 110.7605   8.00   -inf  -nan   8  10  18   8  98.99
    6   2018 06 22 18:32:08.876    66728.876  0.1178 31.1805 110.3705   4.00   -inf  -nan   3   3   6   2 167.50
    7   2018 06 22 19:19:40.931    69580.931  0.2896 31.1305 110.1105   0.00   -inf  -nan   6   6  12   4 237.40
    8   2018 06 22 19:21:54.522    69714.522  0.2903 31.1405 110.0905  10.00   -inf  -nan   7   5  12   5 249.53
    9   2018 06 22 21:32:58.861    77578.861  0.2871 31.1405 110.2005   0.00   -inf  -nan   7   7  14   5 179.09
   10   2018 06 22 23:10:50.850    83450.850  0.1617 30.8505 111.1305   6.00   -inf  -nan   7   3  10   3 210.75
   11   2018 06 22 23:27:47.147    84467.147  0.1950 30.8505 111.1305   6.00   -inf  -nan  12   9  21   9 210.25
    1   2018 06 23 01:55:34.156     6934.156  0.1051 30.8505 111.1305   6.00   -inf  -nan   6   5  11   4 210.25
    2   2018 06 23 02:28:03.843     8883.843  0.1410 31.1305 110.8005  10.00   -inf  -nan   6   4  10   3 175.36
    3   2018 06 23 02:41:35.786     9695.786  0.3056 31.1705 110.3805   0.00   -inf  -nan  13   4  17   3 163.23
    4   2018 06 23 02:49:28.542    10168.542  0.4119 31.0205 110.4005   4.00   -inf  -nan   6   7  13   5 106.42
    5   2018 06 23 03:11:57.446    11517.446  0.1852 30.8505 111.1305   6.00   -inf  -nan   6   2   8   2 232.15
    6   2018 06 23 03:18:26.540    11906.540  0.3227 30.9805 110.3605   0.00   -inf  -nan   8   3  11   2  99.05
    7   2018 06 23 03:31:04.591    12664.591  0.2179 30.8605 110.4005   2.00   -inf  -nan   6   3   9   2 207.37
    8   2018 06 23 05:27:21.827    19641.827  0.3900 31.1105 110.8005   0.00   -inf  -nan  10   2  12   2 131.07
    9   2018 06 23 06:23:16.564    22996.564  0.2158 30.8505 111.1305   4.00   -inf  -nan   7   6  13   5 210.25
   10   2018 06 23 06:25:14.011    23114.011  0.1919 30.8505 111.1305   6.00   -inf  -nan   3   2   5   1 284.42
   11   2018 06 23 08:02:51.399    28971.399  0.2191 30.9205 110.0905   0.00   -inf  -nan   3   2   5   2 312.47
   12   2018 06 23 08:04:03.530    29043.530  0.4130 31.0105 110.1905   0.00   -inf  -nan   8   4  12   4 173.54
   13   2018 06 23 08:06:01.669    29161.669  0.2099 30.8105 111.1305   4.00   -inf  -nan   4   2   6   1 251.14
   14   2018 06 23 08:08:12.626    29292.626  0.2938 31.1105 110.6405   0.00   -inf  -nan   6   4  10   4 181.29
   15   2018 06 23 09:14:39.877    33279.877  0.2224 30.8105 111.1705   4.00   -inf  -nan   4   2   6   2 286.32
   16   2018 06 23 10:01:12.765    36072.765  0.2280 30.8305 111.1405   4.00   -inf  -nan  13   7  20   7 223.39
   17   2018 06 23 10:45:01.771    38701.771  0.3445 31.1305 110.0305   6.00   -inf  -nan  11   7  18   5 269.61
   18   2018 06 23 18:24:48.087    66288.087  0.1609 31.2105 110.3005   2.00   -inf  -nan   5   2   7   2 298.57
    1   2018 06 24 01:22:13.272     4933.272  0.1764 30.8505 111.1305   4.00   -inf  -nan   8   5  13   5 210.25
    2   2018 06 24 01:22:47.033     4967.033  0.2218 30.8505 111.1305   6.00   -inf  -nan  10   6  16   5 210.25
    3   2018 06 24 02:52:01.871    10321.871  0.1956 30.8505 111.1305   6.00   -inf  -nan   6   6  12   4 210.25
    4   2018 06 24 03:03:36.214    11016.214  0.1379 30.8505 111.1305   4.00   -inf  -nan   4   3   7   1 210.25
    5   2018 06 24 03:51:18.945    13878.945  0.4198 30.9005 110.7205   2.00   -inf  -nan  11   7  18   6  94.62
    6   2018 06 24 04:37:53.361    16673.361  0.3198 30.8505 110.1905   0.00   -inf  -nan   5   3   8   3 267.68
    7   2018 06 24 06:41:22.016    24082.016  0.3733 30.8105 111.1705   6.00   -inf  -nan   8   8  16   5 242.73
    8   2018 06 24 08:09:50.713    29390.713  0.1126 30.8505 111.1305   6.00   -inf  -nan   6   4  10   4 210.75
    9   2018 06 24 09:26:36.394    33996.394  0.3246 30.9305 110.8005   0.00   -inf  -nan   3   4   7   3 171.71
   10   2018 06 24 09:41:06.835    34866.835  0.2191 31.1305 110.0305   0.00   -inf  -nan   7   4  11   4 269.61
   11   2018 06 24 10:21:59.323    37319.323  0.4069 30.9805 110.4005   0.00   -inf  -nan   8   7  15   5  87.50
   12   2018 06 24 10:30:40.450    37840.450  0.1940 30.8605 111.1305   4.00   -inf  -nan   9   7  16   7 204.21
   13   2018 06 24 10:45:40.836    38740.836  0.3052 30.8505 111.1305   6.00   -inf  -nan   7   4  11   3 210.25
   14   2018 06 24 12:14:40.234    44080.234  0.3058 30.9405 110.7505   8.00   -inf  -nan   8   9  17   8  92.19
   15   2018 06 24 17:48:56.841    64136.841  0.1953 31.1405 110.3605   6.00   -inf  -nan   3   4   7   3 180.51
   16   2018 06 24 21:40:37.412    78037.412  0.2935 31.1705 110.3405   8.00   -inf  -nan   6   2   8   2 206.23
   17   2018 06 24 23:15:58.411    83758.411  0.1407 30.8505 111.1305   6.00   -inf  -nan  12   4  16   4 210.25
    1   2018 06 25 00:05:32.032      332.032  0.2154 30.8505 111.1305   6.00   -inf  -nan   6   4  10   4 210.75
    2   2018 06 25 02:32:34.638     9154.638  0.2384 30.9305 111.2905   0.00   -inf  -nan   5   2   7   1 311.25
    3   2018 06 25 05:01:33.174    18093.174  0.2201 31.0205 110.6605   2.00   -inf  -nan   3   4   7   3 240.97
    4   2018 06 25 05:10:57.457    18657.457  0.3487 30.8705 110.9405   2.00   -inf  -nan   8   5  13   5  86.65
    5   2018 06 25 08:13:34.786    29614.786  0.3460 31.1705 110.3405   0.00   -inf  -nan   7   6  13   4 233.46
    6   2018 06 25 08:53:52.046    32032.046  0.2342 30.8505 111.1305   2.00   -inf  -nan   5   6  11   2 210.25
    7   2018 06 25 19:49:02.473    71342.473  0.2857 31.0105 110.4105   8.00   -inf  -nan   3   2   5   1 171.30
    8   2018 06 25 23:29:11.152    84551.152  0.3780 30.8905 111.0905   4.00   -inf  -nan   5   2   7   1 156.04
    1   2018 06 26 00:32:37.051     1957.051  0.1235 30.8505 111.1305   6.00   -inf  -nan   8   6  14   6 210.25
    2   2018 06 26 01:27:05.031     5225.031  0.1467 30.8505 111.1305   6.00   -inf  -nan   7   4  11   4 210.25
    3   2018 06 26 02:14:24.778     8064.778  0.3139 30.7705 111.1705   0.00   -inf  -nan   7   3  10   2 263.48
    4   2018 06 26 02:16:57.694     8217.694  0.1917 30.7305 111.1205   8.00   -inf  -nan   4   3   7   2 267.70
    5   2018 06 26 03:07:43.808    11263.808  0.2311 30.8505 110.9605   2.00   -inf  -nan  10   3  13   2 110.18
    6   2018 06 26 04:04:38.316    14678.316  0.3254 31.0005 109.9705   8.00   -inf  -nan  13   8  21   7 288.12
    7   2018 06 26 04:26:24.853    15984.853  0.4768 30.7005 110.9705   4.00   -inf  -nan   8   8  16   6 231.82
    8   2018 06 26 05:43:34.800    20614.800  0.3882 31.0105 110.9605   6.00   -inf  -nan   6   6  12   5 121.72
    9   2018 06 26 05:57:49.986    21469.986  0.4020 30.9705 110.3705   0.00   -inf  -nan   7   6  13   4  88.31
   10   2018 06 26 06:55:43.633    24943.633  0.3003 30.8305 110.4005   0.00   -inf  -nan   6   4  10   3 222.71
   11   2018 06 26 07:08:27.388    25707.388  0.1865 30.8505 111.1305   6.00   -inf  -nan   6   4  10   4 210.75
   12   2018 06 26 08:43:13.491    31393.491  0.1642 31.2205 110.0605   0.00   -inf  -nan   7   2   9   2 287.65
   13   2018 06 26 08:54:40.783    32080.783  0.2027 30.8505 111.2405   0.00   -inf  -nan   6   6  12   2 275.59
   14   2018 06 26 09:16:33.044    33393.044  0.1569 31.2205 110.0505   4.00   -inf  -nan   8   3  11   3 289.11
   15   2018 06 26 09:35:32.554    34532.554  0.2658 30.8205 111.1505   4.00   -inf  -nan   4   3   7   3 236.62
   16   2018 06 26 09:47:53.606    35273.606  0.2621 30.9905 110.7805   2.00   -inf  -nan   7   2   9   2 171.33
   17   2018 06 26 10:24:49.711    37489.711  0.3033 31.1305 110.0305   0.00   -inf  -nan   8   4  12   4 269.61
   18   2018 06 26 17:42:48.923    63768.923  0.3772 31.1305 110.0305   2.00   -inf  -nan  11  10  21   8 297.25
   19   2018 06 26 22:31:06.121    81066.121  0.1799 30.8505 111.1305   6.00   -inf  -nan   9   6  15   6 210.75
   20   2018 06 26 23:30:56.526    84656.526  0.1703 31.0705 110.4405   6.00   -inf  -nan   3   3   6   2 216.92
   21   2018 06 26 23:35:16.581    84916.581  0.1930 30.8505 111.1305   6.00   -inf  -nan   6   6  12   5 283.92
    1   2018 06 27 01:01:06.902     3666.902  0.2855 30.8905 111.1205   2.00   -inf  -nan   4   5   9   3 152.93
    2   2018 06 27 02:04:26.697     7466.697  0.2619 30.8505 111.1205   6.00   -inf  -nan   5   4   9   4 205.95
    3   2018 06 27 03:46:26.949    13586.949  0.3467 30.8605 110.4205   0.00   -inf  -nan   7   6  13   5 192.97
    4   2018 06 27 04:46:47.822    17207.822  0.2858 31.2905 110.2705  14.00   -inf  -nan   5   2   7   1 250.34
    5   2018 06 27 09:10:09.754    33009.754  0.2864 30.8105 111.2805   0.00   -inf  -nan   3   4   7   3 313.64
    6   2018 06 27 09:26:22.523    33982.523  0.1270 30.8505 111.1305   6.00   -inf  -nan   8   4  12   4 210.75
    7   2018 06 27 10:15:42.580    36942.580  0.1760 30.8505 111.1305   4.00   -inf  -nan   9   4  13   4 210.75
    8   2018 06 27 10:52:29.194    39149.194  0.2369 31.0605 110.8205   0.00   -inf  -nan   6   2   8   2 109.59
    9   2018 06 27 11:56:37.765    42997.765  0.4308 31.0205 110.7005   0.00   -inf  -nan   6   6  12   5 135.58
   10   2018 06 27 12:48:26.091    46106.091  0.1608 31.2005 110.3305   0.00   -inf  -nan   3   5   8   1 201.50
   11   2018 06 27 15:02:09.678    54129.678  0.2241 30.7005 110.9305  10.00   -inf  -nan   9  11  20   8 227.80
   12   2018 06 27 22:17:48.568    80268.568  0.1798 30.8505 111.1305   6.00   -inf  -nan   5   4   9   4 210.75
    1   2018 06 28 00:22:38.792     1358.792  0.2113 31.3005 110.2505  16.00   -inf  -nan   3   2   5   1 279.31
    2   2018 06 28 01:14:52.011     4492.011  0.2063 30.8505 111.1305   6.00   -inf  -nan   9   3  12   3 210.75
    3   2018 06 28 02:18:10.556     8290.556  0.3720 30.8505 111.1705   4.00   -inf  -nan   7   5  12   4 233.42
    4   2018 06 28 02:39:08.746     9548.746  0.1536 30.8905 111.0805   2.00   -inf  -nan   3   2   5   1 191.37
    5   2018 06 28 03:58:03.658    14283.658  0.3467 30.8305 110.5405   0.00   -inf  -nan   3   2   5   1 173.65
    6   2018 06 28 04:34:55.991    16495.991  0.1778 30.8505 111.1305   6.00   -inf  -nan   3   3   6   3 232.15
    7   2018 06 28 05:04:27.737    18267.737  0.3339 30.8005 110.0905   0.00   -inf  -nan   3   4   7   3 313.01
    8   2018 06 28 06:01:55.467    21715.467  0.2700 30.9405 110.7505  10.00   -inf  -nan   9   8  17   8  92.19
    9   2018 06 28 06:53:43.022    24823.022  0.1204 30.9405 110.7805  10.00   -inf  -nan   3   2   5   2 210.94
   10   2018 06 28 09:28:17.561    34097.561  0.1588 30.8505 111.1305   6.00   -inf  -nan   4   3   7   3 210.75
   11   2018 06 28 09:48:00.994    35280.994  0.3584 30.8505 111.3205   4.00   -inf  -nan  12  14  26  11 306.80
   12   2018 06 28 09:59:58.848    35998.848  0.2387 30.9805 110.8005   0.00   -inf  -nan   4   2   6   1 145.24
   13   2018 06 28 11:03:06.411    39786.411  0.3127 30.8505 111.1305   6.00   -inf  -nan   5   4   9   3 210.75
   14   2018 06 28 19:41:20.755    70880.755  0.4399 31.0305 110.4405  10.00   -inf  -nan   4   6  10   4 152.82
   15   2018 06 28 20:41:54.273    74514.273  0.2079 31.0905 110.8005  14.00   -inf  -nan   3   2   5   1 226.46
   16   2018 06 28 22:06:16.939    79576.939  0.2676 30.8505 111.1305   6.00   -inf  -nan   9  11  20   8 210.25
   17   2018 06 28 23:53:28.081    86008.081  0.4947 30.9905 110.3205  10.00   -inf  -nan   5   7  12   5  89.24
    1   2018 06 29 00:32:46.410     1966.410  0.2450 31.0205 110.3205   6.00   -inf  -nan   5   5  10   4  94.36
    2   2018 06 29 01:24:21.141     5061.141  0.2368 31.1005 110.0505  10.00   -inf  -nan   5   3   8   2 258.64
    3   2018 06 29 01:50:21.079     6621.079  0.1638 30.8505 111.1305   6.00   -inf  -nan   6   4  10   4 210.75
    4   2018 06 29 03:00:22.011    10822.011  0.1944 30.8505 111.1305   2.00   -inf  -nan   6   5  11   4 210.25
    5   2018 06 29 03:31:04.727    12664.727  0.3955 31.0905 110.0305   0.00   -inf  -nan   7   7  14   6 288.09
    6   2018 06 29 03:43:07.856    13387.856  0.4461 30.7805 110.9305   4.00   -inf  -nan  10   4  14   4 157.56
    7   2018 06 29 04:02:01.420    14521.420  0.3506 30.8705 110.9405   2.00   -inf  -nan  11   3  14   2  86.65
    8   2018 06 29 04:15:15.800    15315.800  0.2449 31.0605 110.4405   6.00   -inf  -nan   3   2   5   1 210.58
    9   2018 06 29 05:57:13.034    21433.034  0.2810 30.9805 110.4805  14.00   -inf  -nan   3   3   6   2 163.93
   10   2018 06 29 06:48:24.148    24504.148  0.3296 30.9805 110.3805   0.00   -inf  -nan   7   6  13   4  81.13
   11   2018 06 29 07:15:53.905    26153.905  0.1244 31.2105 110.3005   0.00   -inf  -nan   4   2   6   1 198.95
   12   2018 06 29 09:22:33.410    33753.410  0.2060 30.8505 111.1305   6.00   -inf  -nan   7   5  12   4 210.25
   13   2018 06 29 09:23:38.273    33818.273  0.3559 31.1305 110.4205   6.00   -inf  -nan   3   4   7   2 169.30
   14   2018 06 29 09:35:30.662    34530.662  0.1427 30.8505 111.1305   6.00   -inf  -nan   6   3   9   3 210.75
   15   2018 06 29 12:02:35.577    43355.577  0.3289 30.9005 110.7205   0.00   -inf  -nan  13   6  19   6  94.62
   16   2018 06 29 12:21:59.467    44519.467  0.0876 31.0305 110.4405   4.00   -inf  -nan   3   2   5   1 213.22
   17   2018 06 29 19:06:58.089    68818.089  0.1324 31.0805 110.1705   4.00   -inf  -nan   3   4   7   3 254.55
   18   2018 06 29 21:42:53.511    78173.511  0.1827 31.1705 110.3405  10.00   -inf  -nan   3   2   5   2 206.23
   19   2018 06 29 22:27:21.390    80841.390  0.2700 30.8505 111.1605   8.00   -inf  -nan   7   7  14   5 225.53
   20   2018 06 29 23:26:48.587    84408.587  0.2603 31.1005 110.0505   0.00   -inf  -nan   5   2   7   2 258.64
    1   2018 06 30 00:15:57.818      957.818  0.3417 30.8905 111.0505   8.00   -inf  -nan   8   2  10   2 100.08
    2   2018 06 30 00:53:20.301     3200.301  0.2694 30.8505 111.1305   4.00   -inf  -nan  11   8  19   7 210.25
    3   2018 06 30 02:21:31.977     8491.977  0.2947 31.1205 110.0505   2.00   -inf  -nan   9   8  17   8 295.31
    4   2018 06 30 03:39:30.796    13170.796  0.1848 30.8505 111.1305   4.00   -inf  -nan  12   8  20   8 210.25
    5   2018 06 30 03:57:24.167    14244.167  0.2991 31.2205 110.0505   0.00   -inf  -nan   8   6  14   5 289.11
    6   2018 06 30 04:21:14.691    15674.691  0.4320 30.9805 110.3605   0.00   -inf  -nan  11  12  23   8  74.28
    7   2018 06 30 05:58:01.992    21481.992  0.1424 30.8505 111.1305   4.00   -inf  -nan  11   5  16   5 210.25
    8   2018 06 30 08:37:43.397    31063.397  0.1265 30.8505 111.1305   6.00   -inf  -nan   3   3   6   3 232.15
    9   2018 06 30 16:44:54.026    60294.026  0.2969 31.0905 110.0705   0.00   -inf  -nan  11  12  23   9 249.51
   10   2018 06 30 22:34:02.692    81242.692  0.1794 30.8605 111.1305   4.00   -inf  -nan  10   4  14   3 204.21
   11   2018 06 30 23:03:14.134    82994.134  0.3025 31.1205 110.0505   6.00   -inf  -nan  12   8  20   7 261.22
    1   2018 07 01 04:26:27.832    15987.832  0.4197 30.9105 110.7405   0.00   -inf  -nan  10  10  20   6  82.95
    2   2018 07 01 04:54:20.123    17660.123  0.1170 30.8505 111.1305   4.00   -inf  -nan   5   2   7   2 210.75
    3   2018 07 01 04:56:57.197    17817.197  0.1647 31.1805 110.2905   8.00   -inf  -nan   3   3   6   3 183.58
    4   2018 07 01 05:43:27.459    20607.459  0.2868 30.8605 111.1305   0.00   -inf  -nan   7   3  10   1 204.21
    5   2018 07 01 05:44:26.877    20666.877  0.4332 31.0905 110.1105   4.00   -inf  -nan   8   7  15   6 230.20
    6   2018 07 01 07:03:13.847    25393.847  0.3703 30.8705 110.9405   2.00   -inf  -nan   9   9  18   8  86.65
    7   2018 07 01 11:21:57.254    40917.254  0.1700 31.1705 110.3805   2.00   -inf  -nan   8   2  10   2 185.50
    8   2018 07 01 12:04:13.902    43453.902  0.2796 31.0905 110.2205   0.00   -inf  -nan  10   9  19   8 239.68
    9   2018 07 01 12:40:09.140    45609.140  0.2842 31.1005 110.2905   6.00   -inf  -nan   4   2   6   2 104.04
   10   2018 07 01 21:19:08.869    76748.869  0.2491 30.8005 110.2105   0.00   -inf  -nan   5   4   9   4 278.44
    1   2018 07 02 00:57:31.899     3451.899  0.1457 30.8505 111.1305   6.00   -inf  -nan   5   4   9   4 210.75
    2   2018 07 02 05:33:44.066    20024.066  0.4394 31.2505 110.3505   0.00   -inf  -nan   7   6  13   4 263.13
    3   2018 07 02 05:46:03.410    20763.410  0.1361 30.8605 110.4005   4.00   -inf  -nan   6   3   9   3 239.58
    4   2018 07 02 05:50:34.423    21034.423  0.4172 30.8605 110.3805   0.00   -inf  -nan   5   4   9   3 245.52
    5   2018 07 02 06:31:50.167    23510.167  0.1288 30.8205 110.9705   4.00   -inf  -nan   4   2   6   2 271.67
    6   2018 07 02 07:15:46.486    26146.486  0.1876 30.8505 111.1305   6.00   -inf  -nan   4   3   7   3 210.75
    7   2018 07 02 07:46:23.803    27983.803  0.3772 30.8505 111.2405   8.00   -inf  -nan   6   7  13   4 278.91
    8   2018 07 02 09:09:10.543    32950.543  0.1588 30.9305 111.4005   6.00   -inf  -nan   8   3  11   3 315.60
    9   2018 07 02 09:52:01.933    35521.933  0.1271 31.1305 110.3005   0.00   -inf  -nan   3   2   5   1 200.31
   10   2018 07 02 23:19:02.480    83942.480  0.3605 31.0605 110.4405   6.00   -inf  -nan   5   6  11   5 170.49
   11   2018 07 02 23:22:01.714    84121.714  0.2230 30.8505 111.1305   4.00   -inf  -nan  10   3  13   3 210.25
    1   2018 07 03 01:48:08.159     6488.159  0.2532 30.9305 111.2005   2.00   -inf  -nan   3   4   7   1 303.77
    2   2018 07 03 02:40:34.680     9634.680  0.3999 30.9005 110.7205   0.00   -inf  -nan  12  13  25   8  94.62
    3   2018 07 03 03:22:15.780    12135.780  0.3716 30.9705 110.3705   4.00   -inf  -nan   7   9  16   6  88.31
    4   2018 07 03 03:24:31.122    12271.122  0.3109 30.8505 111.1605   4.00   -inf  -nan   3   2   5   2 246.31
    5   2018 07 03 03:39:01.539    13141.539  0.3459 30.9905 110.8005   0.00   -inf  -nan  10   5  15   4  84.27
    6   2018 07 03 04:52:23.389    17543.389  0.3359 31.1205 110.8205   0.00   -inf  -nan  16   2  18   2 159.94
    7   2018 07 03 06:43:37.056    24217.056  0.2884 30.8105 111.2805   2.00   -inf  -nan   4   6  10   3 309.21
    8   2018 07 03 07:20:55.397    26455.397  0.2056 31.1705 110.3805   0.00   -inf  -nan   9   3  12   3 174.23
    9   2018 07 03 08:37:58.033    31078.033  0.4118 30.9705 110.3705   0.00   -inf  -nan  11   8  19   7  88.31
   10   2018 07 03 08:47:50.740    31670.740  0.3646 30.9805 110.4005   0.00   -inf  -nan   9   4  13   4  87.50
   11   2018 07 03 14:26:32.500    51992.500  0.3778 31.0205 110.4805   0.00   -inf  -nan   5   3   8   2 144.86
    1   2018 07 04 05:02:02.375    18122.375  0.3403 31.1305 110.8805   0.00   -inf  -nan  13   8  21   7 197.34
    2   2018 07 04 08:59:19.130    32359.130  0.3599 30.8205 110.9305   0.00   -inf  -nan   6   4  10   4 208.60
    3   2018 07 04 09:08:19.625    32899.625  0.2628 30.9805 110.7705   4.00   -inf  -nan   7   3  10   3 149.17
    4   2018 07 04 10:20:51.408    37251.408  0.1493 30.9405 110.7605  10.00   -inf  -nan   4   4   8   3 272.77
    5   2018 07 04 10:25:42.898    37542.898  0.1591 30.9405 110.7605  10.00   -inf  -nan   3   5   8   3 194.83
    6   2018 07 04 10:31:27.240    37887.240  0.2947 30.9105 110.7605  10.00   -inf  -nan  10   9  19   9 113.59
    7   2018 07 04 10:37:40.252    38260.252  0.3111 30.9405 110.7805  12.00   -inf  -nan   8   7  15   6  92.21
    8   2018 07 04 10:55:17.901    39317.901  0.2785 30.9405 110.7605  10.00   -inf  -nan  20  18  38  18  64.29
    9   2018 07 04 10:55:57.279    39357.279  0.3006 30.9405 110.7505  10.00   -inf  -nan  12  10  22   8  68.13
   10   2018 07 04 10:56:22.660    39382.660  0.3019 30.9405 110.7805   8.00   -inf  -nan   6   5  11   5 165.87
   11   2018 07 04 10:58:07.148    39487.148  0.4479 30.9405 110.7405  12.00   -inf  -nan  16  12  28  12  64.82
   12   2018 07 04 10:59:38.434    39578.434  0.2769 30.9405 110.7605  10.00   -inf  -nan  20  18  38  18  64.29
   13   2018 07 04 11:38:08.904    41888.904  0.2581 30.9305 110.7605  12.00   -inf  -nan  18  14  32  14  71.27
   14   2018 07 04 11:38:44.371    41924.371  0.4526 30.9405 110.7405  12.00   -inf  -nan  15  13  28  12  64.82
   15   2018 07 04 11:39:01.395    41941.395  0.2599 30.9105 110.7405  10.00   -inf  -nan   6   4  10   4 123.37
   16   2018 07 04 11:50:37.484    42637.484  0.2534 30.9405 110.7505  10.00   -inf  -nan   5   6  11   5 128.23
   17   2018 07 04 11:51:10.525    42670.525  0.1626 30.9405 110.7805  12.00   -inf  -nan   3   3   6   2 292.94
   18   2018 07 04 11:51:27.587    42687.587  0.3459 30.9405 110.7605  10.00   -inf  -nan  20  17  37  17  64.29
   19   2018 07 04 11:52:56.775    42776.775  0.1962 30.9405 110.7805  10.00   -inf  -nan   3   2   5   1 127.07
   20   2018 07 04 11:53:07.653    42787.653  0.3094 30.9405 110.7805  10.00   -inf  -nan   7   8  15   6  92.21
   21   2018 07 04 11:55:12.302    42912.302  0.2636 30.9405 110.7505  10.00   -inf  -nan  10   8  18   8  92.19
   22   2018 07 04 11:58:35.838    43115.838  0.2947 30.9405 110.7605   8.00   -inf  -nan  16  13  29  13  77.93
   23   2018 07 04 14:15:18.102    51318.102  0.2751 30.9405 110.7805  12.00   -inf  -nan  10   5  15   5 165.87
   24   2018 07 04 15:05:02.139    54302.139  0.1834 30.9405 110.7805  12.00   -inf  -nan   3   3   6   3 292.94
   25   2018 07 04 15:20:02.995    55202.995  0.1883 30.9005 110.7805   8.00   -inf  -nan   3   3   6   3 293.44
   26   2018 07 04 16:41:46.332    60106.332  0.3313 30.9405 110.7805  12.00   -inf  -nan  12  10  22   9 146.46
   27   2018 07 04 16:43:15.322    60195.322  0.1844 30.9405 110.7805  12.00   -inf  -nan   3   3   6   3 292.94
   28   2018 07 04 16:57:52.400    61072.400  0.1770 30.9005 110.7805   8.00   -inf  -nan   3   3   6   3 293.44
   29   2018 07 04 19:54:32.457    71672.457  0.4497 30.9705 110.7305  10.00   -inf  -nan   5   5  10   5 187.13
   30   2018 07 04 20:15:14.229    72914.229  0.1617 30.9405 110.7805  12.00   -inf  -nan   3   3   6   2 292.94
   31   2018 07 04 20:19:05.402    73145.402  0.2907 30.9405 110.7605  10.00   -inf  -nan  18  17  35  17  87.32
   32   2018 07 04 20:27:57.519    73677.519  0.1800 30.9405 110.7805  12.00   -inf  -nan   4   5   9   3 292.94
   33   2018 07 04 21:28:48.070    77328.070  0.3843 30.9405 110.7605   6.00   -inf  -nan  16  15  31  14  64.29
   34   2018 07 04 21:31:30.657    77490.657  0.2263 30.9305 110.7605  10.00   -inf  -nan  12  11  23   9 120.80
   35   2018 07 04 23:07:46.782    83266.782  0.1735 31.0205 110.5605   0.00   -inf  -nan   5   4   9   3 188.89
   36   2018 07 04 23:29:24.073    84564.073  0.3448 30.7705 110.8005  14.00   -inf  -nan   3   2   5   2 221.11
    1   2018 07 05 03:40:11.965    13211.965  0.3012 31.0505 110.4605   8.00   -inf  -nan   6   5  11   4 157.85
    2   2018 07 05 06:22:34.814    22954.814  0.3350 30.9005 110.7205   0.00   -inf  -nan  10   7  17   7  94.62
    3   2018 07 05 07:15:27.838    26127.838  0.2171 30.9405 110.7805  12.00   -inf  -nan   3   3   6   1 292.94
    4   2018 07 05 07:16:03.453    26163.453  0.3041 30.9405 110.7605  10.00   -inf  -nan  20  16  36  16  64.29
    5   2018 07 05 07:17:20.942    26240.942  0.3104 30.9405 110.7805  12.00   -inf  -nan   9   9  18   8  92.21
    6   2018 07 05 07:22:56.419    26576.419  0.1850 30.9405 110.7805  10.00   -inf  -nan   3   3   6   3 292.94
    7   2018 07 05 07:34:42.458    27282.458  0.3580 30.9405 110.7705  12.00   -inf  -nan   8  13  21   6 120.16
    8   2018 07 05 08:59:37.864    32377.864  0.1887 30.9405 110.7805  10.00   -inf  -nan   3   3   6   3 292.94
    9   2018 07 05 16:34:21.299    59661.299  0.0805 31.2105 110.3805   6.00   -inf  -nan   4   2   6   2 266.63
   10   2018 07 05 22:19:08.818    80348.818  0.1635 30.9405 110.7805  10.00   -inf  -nan   3   3   6   3 292.94
   11   2018 07 05 22:20:21.509    80421.509  0.1943 30.9405 110.7805  12.00   -inf  -nan   3   3   6   3 292.94
   12   2018 07 05 22:23:14.483    80594.483  0.3164 30.9405 110.7605  12.00   -inf  -nan  19  17  36  17  64.29
   13   2018 07 05 22:24:10.489    80650.489  0.1357 30.9405 110.7605  10.00   -inf  -nan   7   5  12   5  89.30
   14   2018 07 05 22:25:08.734    80708.734  0.1811 30.9405 110.7805  10.00   -inf  -nan   3   3   6   3 292.94
   15   2018 07 05 22:52:45.842    82365.842  0.2991 30.9405 110.7605  12.00   -inf  -nan  18  14  32  14  64.29
   16   2018 07 05 23:09:22.902    83362.902  0.4501 31.1205 110.0505  10.00   -inf  -nan   8   6  14   5 261.22
   17   2018 07 05 23:25:12.565    84312.565  0.1510 30.9405 110.7805  12.00   -inf  -nan   3   2   5   2 292.94
   18   2018 07 05 23:30:20.436    84620.436  0.2142 30.9305 110.7605  12.00   -inf  -nan   4   3   7   3 176.71
    1   2018 07 06 03:25:42.749    12342.749  0.2915 30.9405 110.7505  10.00   -inf  -nan  12  12  24  11  68.13
    2   2018 07 06 04:21:11.611    15671.611  0.2023 31.0905 110.1105   0.00   -inf  -nan   5   3   8   2 230.20
    3   2018 07 06 07:25:35.365    26735.365  0.0990 30.9405 110.7805  10.00   -inf  -nan   3   2   5   2 292.94
    4   2018 07 06 07:38:03.442    27483.442  0.4758 30.9405 110.7405  12.00   -inf  -nan  11  11  22   9  67.18
    5   2018 07 06 08:06:46.615    29206.615  0.2719 30.9405 110.7505  10.00   -inf  -nan   8   6  14   6  92.19
    6   2018 07 06 08:36:41.033    31001.033  0.1607 30.9005 110.7805   6.00   -inf  -nan   3   3   6   3 293.44
    7   2018 07 06 11:53:20.151    42800.151  0.4076 31.1705 110.3805   0.00   -inf  -nan   7   4  11   4 237.20
    8   2018 07 06 12:32:17.535    45137.535  0.2794 30.8205 110.4605   0.00   -inf  -nan   6   4  10   4 251.31
    1   2018 07 07 05:38:25.471    20305.471  0.3912 30.9105 110.7005   8.00   -inf  -nan   6   3   9   3 144.25
    2   2018 07 07 06:50:53.703    24653.703  0.4708 31.1405 110.3705  10.00   -inf  -nan   7   6  13   4 147.03
    3   2018 07 07 08:53:01.336    31981.336  0.3599 30.7805 111.0105   8.00   -inf  -nan   5   4   9   2 299.98
    4   2018 07 07 15:19:50.828    55190.828  0.1838 30.9405 110.7805  10.00   -inf  -nan   7   5  12   3  92.21
    5   2018 07 07 15:47:07.090    56827.090  0.4105 31.0505 110.4605   4.00   -inf  -nan  16  15  31  13 109.45
    6   2018 07 07 16:07:44.396    58064.396  0.2148 31.0505 110.4605   8.00   -inf  -nan   5   6  11   4 157.85
    7   2018 07 07 16:16:42.548    58602.548  0.2747 31.0105 110.4505   4.00   -inf  -nan   4   4   8   3 126.02
    8   2018 07 07 16:52:40.058    60760.058  0.0878 31.0205 110.4405  10.00   -inf  -nan   4   2   6   2 166.62
    9   2018 07 07 17:02:18.981    61338.981  0.1397 31.0205 110.4405   6.00   -inf  -nan   3   3   6   3 166.62
   10   2018 07 07 17:47:20.422    64040.422  0.2312 30.9805 110.8305   0.00   -inf  -nan   4   3   7   2 118.07
   11   2018 07 07 18:48:15.471    67695.471  0.3368 31.0205 110.3205   0.00   -inf  -nan  11  11  22  11  58.53
   12   2018 07 07 19:44:32.179    71072.179  0.3295 31.0505 110.4305  10.00   -inf  -nan   5   6  11   5 110.61
    1   2018 07 08 00:24:06.897     1446.897  0.2247 31.1305 110.1905   2.00   -inf  -nan   8   7  15   6 262.03
    2   2018 07 08 02:03:24.953     7404.953  0.1872 30.8505 111.1305   6.00   -inf  -nan   3   2   5   2 232.15
    3   2018 07 08 08:08:22.450    29302.450  0.1486 30.7805 110.5005  12.00   -inf  -nan   3   2   5   1 296.76
    4   2018 07 08 10:30:47.795    37847.795  0.3965 31.0105 110.1505   2.00   -inf  -nan   9   3  12   3 256.21
    5   2018 07 08 16:49:14.206    60554.206  0.2940 31.0205 110.4405   2.00   -inf  -nan   5   4   9   4 128.00
    1   2018 07 09 00:40:58.261     2458.261  0.2961 31.1405 110.0505   2.00   -inf  -nan   3   2   5   2 264.93
    2   2018 07 09 04:52:52.274    17572.274  0.4667 31.0505 110.4305   0.00   -inf  -nan   9  11  20   8  98.76
    3   2018 07 09 06:43:29.778    24209.778  0.1668 30.8305 110.9405   0.00   -inf  -nan  10   3  13   3 124.07
    4   2018 07 09 07:32:58.345    27178.345  0.4630 31.0505 110.4605   4.00   -inf  -nan  11  10  21   9 109.45
    5   2018 07 09 07:34:16.958    27256.958  0.3511 31.0205 110.4405   4.00   -inf  -nan  14   9  23   7  87.12
    6   2018 07 09 09:54:21.875    35661.875  0.3516 31.0605 110.4405   2.00   -inf  -nan   3   4   7   2 210.58
    7   2018 07 09 10:58:11.688    39491.688  0.3495 31.1705 110.3505   0.00   -inf  -nan  10   2  12   2 159.49
    8   2018 07 09 11:46:52.457    42412.457  0.3392 31.1005 110.0905   0.00   -inf  -nan   5   4   9   3 241.48
    9   2018 07 09 12:30:44.559    45044.559  0.1885 30.7805 110.7705  10.00   -inf  -nan   6   6  12   6 110.23
   10   2018 07 09 14:59:58.519    53998.519  0.2549 31.0405 110.4505  10.00   -inf  -nan  18   6  24   6 101.38
   11   2018 07 09 18:03:32.377    65012.377  0.3124 31.0205 110.4405   2.00   -inf  -nan  12   8  20   8  87.12
   12   2018 07 09 19:36:55.880    70615.880  0.2364 31.1005 110.0905   2.00   -inf  -nan   6   7  13   6 241.48
   13   2018 07 09 20:26:06.764    73566.764  0.2808 31.0505 110.4505   8.00   -inf  -nan   6   7  13   6 109.19
    1   2018 07 10 00:09:23.469      563.469  0.3769 31.0605 110.4405   2.00   -inf  -nan   3   4   7   3 210.58
    2   2018 07 10 03:52:00.212    13920.212  0.0788 31.0905 110.1905   0.00   -inf  -nan   3   2   5   2 250.52
    3   2018 07 10 04:41:33.146    16893.146  0.2885 30.8705 110.9005   0.00   -inf  -nan   9   2  11   2 128.90
    4   2018 07 10 07:50:38.575    28238.575  0.3172 30.9305 110.8005   8.00   -inf  -nan   6   8  14   6 129.61
    5   2018 07 10 08:40:09.474    31209.474  0.3687 30.9705 110.3705   2.00   -inf  -nan   9   5  14   4  88.31
    6   2018 07 10 10:52:22.381    39142.381  0.3132 31.0505 110.4605   0.00   -inf  -nan  15  11  26  11 109.45
    1   2018 07 11 02:54:43.549    10483.549  0.2449 31.1205 110.4105   0.00   -inf  -nan   7   2   9   2 217.14
    2   2018 07 11 04:01:38.456    14498.456  0.3631 30.9305 110.7305   8.00   -inf  -nan  10   6  16   5 103.13
    3   2018 07 11 04:28:02.558    16082.558  0.2425 30.9805 110.3605   0.00   -inf  -nan   3   3   6   1  99.05
    4   2018 07 11 04:55:22.596    17722.596  0.0813 30.8805 110.0105   2.00   -inf  -nan   3   2   5   1 328.30
    5   2018 07 11 06:19:37.916    22777.916  0.3833 31.0605 110.4405   0.00   -inf  -nan  10   9  19   7 108.13
    6   2018 07 11 06:35:53.398    23753.398  0.4550 30.8705 110.9405   2.00   -inf  -nan   6   3   9   2 126.90
    7   2018 07 11 07:47:09.513    28029.513  0.2182 30.9205 110.0905  10.00   -inf  -nan   6   4  10   4 309.13
    8   2018 07 11 10:13:13.814    36793.814  0.2032 30.9805 110.3605   0.00   -inf  -nan   4   2   6   2  99.05
    9   2018 07 11 10:38:26.692    38306.692  0.1583 30.7905 110.7405  10.00   -inf  -nan   3   3   6   3 239.73
   10   2018 07 11 11:32:51.042    41571.042  0.2370 30.9105 110.6405   2.00   -inf  -nan   4   2   6   2 131.31
   11   2018 07 11 17:24:17.639    62657.639  0.2680 31.0905 110.3405   6.00   -inf  -nan   9   6  15   6 153.81
    1   2018 07 12 02:44:42.789     9882.789  0.1837 31.0905 110.3405   8.00   -inf  -nan   3   2   5   2 153.81
    2   2018 07 12 04:12:56.007    15176.007  0.1650 30.9005 110.7805   8.00   -inf  -nan   3   3   6   3 293.44
    3   2018 07 12 04:18:23.314    15503.314  0.0876 30.9405 110.7405  10.00   -inf  -nan   3   2   5   2 245.54
    4   2018 07 12 04:19:15.235    15555.235  0.3445 30.9405 110.7605   8.00   -inf  -nan  13  14  27  12  87.32
    5   2018 07 12 04:27:06.877    16026.877  0.3014 30.9105 110.7405  10.00   -inf  -nan   7   8  15   7 123.37
    6   2018 07 12 05:11:03.937    18663.937  0.2699 31.0205 110.4805  18.00   -inf  -nan   4   3   7   2 144.86
    7   2018 07 12 06:25:39.599    23139.599  0.2464 30.9105 110.3205   6.00   -inf  -nan   3   2   5   1 258.97
    8   2018 07 12 06:52:00.043    24720.043  0.2997 31.1305 110.0205  10.00   -inf  -nan   8   7  15   7 301.60
    9   2018 07 12 07:58:58.378    28738.378  0.3402 31.1805 110.3205   0.00   -inf  -nan   7   5  12   4 268.35
   10   2018 07 12 14:23:34.079    51814.079  0.3743 31.0205 110.4405  12.00   -inf  -nan  10   6  16   6  90.01
    1   2018 07 13 03:39:48.741    13188.741  0.2256 31.1305 110.3405   2.00   -inf  -nan   4   2   6   2 221.12
    2   2018 07 13 03:45:59.380    13559.380  0.3680 30.9705 110.3805   8.00   -inf  -nan  10   6  16   6  91.22
    3   2018 07 13 03:52:41.416    13961.416  0.2886 30.7705 110.7605  12.00   -inf  -nan  16  10  26  10 109.98
    4   2018 07 13 05:21:26.113    19286.113  0.3801 30.9405 110.9005   0.00   -inf  -nan   5   4   9   4 166.50
    5   2018 07 13 07:03:44.384    25424.384  0.1279 31.0605 110.4805  12.00   -inf  -nan   4   4   8   3 175.68
    6   2018 07 13 08:33:44.901    30824.901  0.3980 30.7805 110.9305   4.00   -inf  -nan   6   4  10   3 192.08
    7   2018 07 13 09:25:30.428    33930.428  0.1829 30.8105 110.9205   0.00   -inf  -nan   7   2   9   2 124.13
    8   2018 07 13 15:50:39.814    57039.814  0.3926 31.0205 110.4405  12.00   -inf  -nan   4   4   8   3 128.00
    9   2018 07 13 17:12:08.781    61928.781  0.1913 31.0505 110.4505  12.00   -inf  -nan   4   5   9   4 214.25
   10   2018 07 13 18:12:55.710    65575.710  0.4392 30.7405 110.7405  14.00   -inf  -nan  16  13  29  13 109.08
    1   2018 07 14 10:05:28.317    36328.317  0.3013 30.9005 110.7205   0.00   -inf  -nan   7   2   9   2  94.62
    2   2018 07 14 10:07:42.009    36462.009  0.4056 30.8005 110.1705   0.00   -inf  -nan   4   3   7   2 296.78
    3   2018 07 14 14:44:43.238    53083.238  0.1095 30.9405 110.7805  10.00   -inf  -nan   3   3   6   3 292.94
    4   2018 07 14 14:49:10.493    53350.493  0.3105 30.9405 110.7805  10.00   -inf  -nan  14  13  27  12 133.23
    5   2018 07 14 18:41:47.904    67307.904  0.3066 31.1305 110.3805   4.00   -inf  -nan   6   6  12   4 207.10
    6   2018 07 14 20:49:01.736    74941.736  0.3802 31.0505 110.1505   6.00   -inf  -nan   4   5   9   4 255.46
    7   2018 07 14 21:18:41.888    76721.888  0.2411 30.9405 110.7805  10.00   -inf  -nan   7   5  12   5 210.94
    8   2018 07 14 21:25:33.414    77133.414  0.4657 31.0105 110.1805  10.00   -inf  -nan   4   3   7   2 221.49
    9   2018 07 14 21:29:15.502    77355.502  0.1305 30.9405 110.7805  12.00   -inf  -nan   4   2   6   2 210.94
   10   2018 07 14 22:32:42.696    81162.696  0.3382 30.9305 110.7605  14.00   -inf  -nan   7   5  12   5 136.38
   11   2018 07 14 22:33:27.092    81207.092  0.1558 30.9405 110.7805  10.00   -inf  -nan   4   3   7   3 210.94
   12   2018 07 14 22:58:56.188    82736.188  0.3223 30.9405 110.7705   8.00   -inf  -nan   8   9  17   6 138.02
   13   2018 07 14 23:47:27.390    85647.390  0.2863 30.9505 110.7805  12.00   -inf  -nan   9   7  16   7 157.46
    1   2018 07 15 02:30:01.748     9001.748  0.3054 31.0205 110.4405  16.00   -inf  -nan   5   4   9   3 128.00
    2   2018 07 15 03:37:25.362    13045.362  0.3244 30.9405 110.7805  12.00   -inf  -nan   8   7  15   6 146.46
    3   2018 07 15 03:39:43.957    13183.957  0.3875 30.9405 110.7805  12.00   -inf  -nan  14   6  20   5 133.23
    4   2018 07 15 03:52:52.185    13972.185  0.1903 30.9405 110.7805  12.00   -inf  -nan   4   3   7   3 210.94
    5   2018 07 15 04:44:50.499    17090.499  0.1861 30.9405 110.7805  12.00   -inf  -nan   5   4   9   4 210.94
    6   2018 07 15 08:05:08.152    29108.152  0.1529 30.9405 110.7805  10.00   -inf  -nan   4   3   7   3 210.94
    7   2018 07 15 10:00:08.842    36008.842  0.3581 30.9005 110.7405  10.00   -inf  -nan   7   7  14   7 135.10
    8   2018 07 15 10:25:52.360    37552.360  0.1669 31.0205 110.4805  14.00   -inf  -nan   3   2   5   2 163.04
    9   2018 07 15 11:19:08.919    40748.919  0.2180 31.0005 109.9705   8.00   -inf  -nan   9   7  16   7 288.12
   10   2018 07 15 11:43:53.397    42233.397  0.2495 30.9405 110.7605  10.00   -inf  -nan  10   7  17   7 144.50
   11   2018 07 15 13:29:45.183    48585.183  0.2208 30.9405 110.7805  10.00   -inf  -nan   3   5   8   3 292.94
   12   2018 07 15 14:20:41.091    51641.091  0.3978 31.0805 110.0905   6.00   -inf  -nan  11   8  19   7 239.50
    1   2018 07 16 00:30:51.648     1851.648  0.0794 31.1805 110.3305   6.00   -inf  -nan   3   2   5   2 209.03
    2   2018 07 16 02:55:52.754    10552.754  0.3487 31.2105 110.0705   6.00   -inf  -nan   8   6  14   6 281.91
    3   2018 07 16 03:03:54.316    11034.316  0.2769 31.0005 110.1705  12.00   -inf  -nan   4   5   9   4 188.51
    4   2018 07 16 03:18:28.922    11908.922  0.2286 31.1305 110.0305   2.00   -inf  -nan   6   3   9   2 269.61
    5   2018 07 16 03:24:46.187    12286.187  0.2492 31.0505 110.4605  12.00   -inf  -nan   5   5  10   4 157.85
    6   2018 07 16 04:41:51.860    16911.860  0.4457 31.0105 110.5105  10.00   -inf  -nan   5   6  11   3 142.09
    7   2018 07 16 08:44:17.146    31457.146  0.2674 31.1205 110.6205  12.00   -inf  -nan   5   3   8   3 161.41
    8   2018 07 16 09:15:19.823    33319.823  0.2855 31.0605 110.4405  14.00   -inf  -nan   4   4   8   3 154.06
    9   2018 07 16 09:15:48.451    33348.451  0.3393 31.1305 110.0305   0.00   -inf  -nan   6   6  12   5 269.61
   10   2018 07 16 09:28:37.781    34117.781  0.3152 31.1305 110.6305  12.00   -inf  -nan   8   3  11   3 153.32
   11   2018 07 16 10:12:53.363    36773.363  0.3344 30.9405 110.3605   8.00   -inf  -nan   9   6  15   5 132.93
   12   2018 07 16 10:57:54.627    39474.627  0.4718 31.1205 110.0505   4.00   -inf  -nan   4   6  10   4 261.22
   13   2018 07 16 11:20:27.738    40827.738  0.3660 31.0205 110.4405  12.00   -inf  -nan  10   9  19   9 109.45
   14   2018 07 16 11:42:55.311    42175.311  0.4089 31.0605 110.4405  14.00   -inf  -nan   5   6  11   5 154.06
   15   2018 07 16 12:56:23.928    46583.928  0.2608 31.1105 110.6405  10.00   -inf  -nan   5   2   7   2 181.29
   16   2018 07 16 19:10:59.387    69059.387  0.3555 31.0605 110.4405  12.00   -inf  -nan   9   5  14   5 144.26
   17   2018 07 16 20:56:54.942    75414.942  0.3918 31.0105 110.1905   0.00   -inf  -nan   4   3   7   2 209.70
    1   2018 07 17 01:18:58.288     4738.288  0.3133 30.9005 110.7205   0.00   -inf  -nan   7   3  10   3  94.62
    2   2018 07 17 03:10:47.219    11447.219  0.3469 30.8705 110.5605   8.00   -inf  -nan   3   2   5   1 193.05
    3   2018 07 17 03:54:42.148    14082.148  0.2940 30.8705 110.4805   0.00   -inf  -nan   3   3   6   2 216.66
    4   2018 07 17 07:30:59.601    27059.601  0.2638 30.9405 110.7805  10.00   -inf  -nan   6   8  14   6  92.21
    5   2018 07 17 10:00:48.038    36048.038  0.3872 30.9805 110.7805   0.00   -inf  -nan  11   4  15   3  75.56
    6   2018 07 17 14:28:04.091    52084.091  0.4179 31.1405 110.1305   4.00   -inf  -nan   4   2   6   2 229.47
    7   2018 07 17 14:43:03.583    52983.583  0.2605 30.9605 110.2505   6.00   -inf  -nan   3   3   6   3 125.70
    8   2018 07 17 15:00:09.529    54009.529  0.1812 30.9605 110.2905  12.00   -inf  -nan   3   2   5   2 162.07
    9   2018 07 17 15:22:55.590    55375.590  0.2775 30.9705 110.2705  10.00   -inf  -nan   3   3   6   3 152.00
   10   2018 07 17 16:04:45.150    57885.150  0.2517 30.9605 110.2505   6.00   -inf  -nan   3   3   6   3 125.70
   11   2018 07 17 17:29:24.713    62964.713  0.3793 30.9305 110.2505   8.00   -inf  -nan   4   4   8   4 170.95
   12   2018 07 17 18:15:48.088    65748.088  0.3209 30.9305 110.2705  10.00   -inf  -nan   3   3   6   3 172.50
   13   2018 07 17 19:32:49.024    70369.024  0.4232 30.9305 110.2505  10.00   -inf  -nan   9   9  18   9 161.74
   14   2018 07 17 19:58:20.031    71900.031  0.2374 30.9605 110.2505   8.00   -inf  -nan   4   4   8   3 125.70
   15   2018 07 17 20:35:49.761    74149.761  0.1822 30.9605 110.2905  12.00   -inf  -nan   3   2   5   2 162.07
   16   2018 07 17 20:51:20.585    75080.585  0.4222 30.9305 110.2505   4.00   -inf  -nan   5   4   9   4 161.74
   17   2018 07 17 21:01:30.818    75690.818  0.3918 30.9705 110.2505   6.00   -inf  -nan   3   3   6   3 133.12
   18   2018 07 17 21:09:23.296    76163.296  0.3764 31.0205 110.3605  10.00   -inf  -nan   4   4   8   3  88.50
   19   2018 07 17 21:26:48.418    77208.418  0.1515 30.9305 110.2705  10.00   -inf  -nan   3   2   5   2 172.50
   20   2018 07 17 21:39:59.227    77999.227  0.2932 30.9305 110.2705  10.00   -inf  -nan   3   3   6   3 172.50
   21   2018 07 17 21:57:18.720    79038.720  0.2964 30.9405 110.2605  10.00   -inf  -nan   5   6  11   5 151.96
    1   2018 07 18 00:49:13.549     2953.549  0.3195 31.0005 109.9705   0.00   -inf  -nan   6   5  11   4 288.12
    2   2018 07 18 05:23:45.128    19425.128  0.1461 30.9305 110.7605   8.00   -inf  -nan   5   3   8   2 120.80
    3   2018 07 18 08:54:26.654    32066.654  0.3479 30.8805 110.0105   2.00   -inf  -nan   5   3   8   3 299.65
    4   2018 07 18 09:57:49.026    35869.026  0.4229 31.1705 110.3705   6.00   -inf  -nan   5   6  11   3 162.11
    5   2018 07 18 15:28:56.928    55736.928  0.3378 31.0705 110.4405  14.00   -inf  -nan   4   7  11   4 161.61
    6   2018 07 18 17:53:50.865    64430.865  0.2737 31.0905 110.0905   0.00   -inf  -nan   6   6  12   6 240.33
    7   2018 07 18 21:06:05.062    75965.062  0.3141 31.1405 110.1305   0.00   -inf  -nan   3   3   6   3 264.10
    1   2018 07 19 03:32:18.958    12738.958  0.4573 31.1305 110.3505  10.00   -inf  -nan   7   5  12   3 139.04
    2   2018 07 19 09:53:40.762    35620.762  0.3385 30.9705 110.3705   0.00   -inf  -nan   9   5  14   3  88.31
    3   2018 07 19 11:47:05.798    42425.798  0.1357 30.9805 110.4805   0.00   -inf  -nan   3   2   5   2 163.93
    4   2018 07 19 14:17:12.617    51432.617  0.2603 31.0405 110.4505   8.00   -inf  -nan   7   6  13   6 101.78
    5   2018 07 19 23:35:33.748    84933.748  0.2639 30.9405 110.7805  10.00   -inf  -nan   8   7  15   7  92.21
    1   2018 07 20 05:03:24.100    18204.100  0.2989 30.9005 110.7205   0.00   -inf  -nan   7   5  12   5  94.62
    2   2018 07 20 05:08:32.585    18512.585  0.2875 30.9105 110.9005   2.00   -inf  -nan  10   7  17   6  87.52
    3   2018 07 20 08:47:59.999    31679.999  0.1997 30.8105 111.2405   0.00   -inf  -nan   5   7  12   4 279.73
    4   2018 07 20 09:09:35.152    32975.152  0.2417 30.9205 110.0505   0.00   -inf  -nan   4   3   7   3 316.68
    5   2018 07 20 10:54:17.202    39257.202  0.2244 30.9405 110.9505   0.00   -inf  -nan   9  10  19   9  93.06
    6   2018 07 20 17:58:16.996    64696.996  0.2542 31.1305 110.4605  10.00   -inf  -nan   3   4   7   3 270.53
    7   2018 07 20 18:56:55.982    68215.982  0.3209 31.0605 110.4805  12.00   -inf  -nan   4   4   8   3 237.51
    8   2018 07 20 21:54:00.656    78840.656  0.2987 31.0205 110.5205  14.00   -inf  -nan   4   3   7   1 161.90
    9   2018 07 20 22:00:05.344    79205.344  0.3208 31.0305 110.5205   0.00   -inf  -nan   6   7  13   6 171.20
   10   2018 07 20 23:12:29.354    83549.354  0.2451 31.0105 110.5105   0.00   -inf  -nan   5   5  10   1  84.01
    1   2018 07 21 02:44:47.260     9887.260  0.3699 31.0705 110.5605  12.00   -inf  -nan   5   3   8   2 226.18
    2   2018 07 21 02:52:47.674    10367.674  0.3459 31.0305 110.5205   0.00   -inf  -nan   4   6  10   4 206.23
    3   2018 07 21 04:42:43.728    16963.728  0.3458 31.0505 110.4605   4.00   -inf  -nan  12   9  21   9 129.92
    4   2018 07 21 04:53:26.829    17606.829  0.2163 31.0205 110.3605  10.00   -inf  -nan   4   3   7   2 166.16
    5   2018 07 21 06:45:36.806    24336.806  0.2794 31.1205 110.2105   4.00   -inf  -nan   7   8  15   6 255.68
    6   2018 07 21 11:21:53.595    40913.595  0.3122 31.0305 110.5205   2.00   -inf  -nan   5   6  11   5 206.23
    7   2018 07 21 12:02:44.807    43364.807  0.2227 31.1005 110.1005   0.00   -inf  -nan   6   7  13   6 236.60
    8   2018 07 21 14:53:17.709    53597.709  0.0948 31.1705 110.3405  10.00   -inf  -nan   3   2   5   2 206.23
    9   2018 07 21 15:13:07.832    54787.832  0.2394 31.1705 110.3105   0.00   -inf  -nan   5   3   8   3 184.34
    1   2018 07 22 02:47:45.618    10065.618  0.2538 30.8505 110.8405   8.00   -inf  -nan   3   4   7   2 244.90
    2   2018 07 22 02:55:27.099    10527.099  0.2275 31.0305 110.5605   2.00   -inf  -nan   3   3   6   2 169.58
    3   2018 07 22 05:32:49.578    19969.578  0.3235 31.0205 110.7105  10.00   -inf  -nan  13  11  24  10  79.43
    4   2018 07 22 05:36:17.412    20177.412  0.2593 31.0205 110.7005  10.00   -inf  -nan   4   2   6   2 193.84
    5   2018 07 22 05:37:37.608    20257.608  0.1864 31.0105 110.7205  10.00   -inf  -nan   7   6  13   4 130.74
    6   2018 07 22 05:51:43.450    21103.450  0.2704 31.0205 110.7105  10.00   -inf  -nan   8   9  17   7  79.43
    7   2018 07 22 05:56:57.045    21417.045  0.2151 31.0205 110.7405  12.00   -inf  -nan   4   3   7   3 242.43
    8   2018 07 22 05:58:39.642    21519.642  0.3385 31.0205 110.7305  10.00   -inf  -nan  11  11  22   9  77.15
    9   2018 07 22 06:01:00.202    21660.202  0.2411 31.0205 110.7005   8.00   -inf  -nan   4   3   7   3 193.84
   10   2018 07 22 06:01:33.654    21693.654  0.2858 31.0105 110.7105  10.00   -inf  -nan  18  19  37  18  74.39
   11   2018 07 22 06:02:07.610    21727.610  0.1938 31.0205 110.7405  12.00   -inf  -nan   4   3   7   3 242.43
   12   2018 07 22 06:06:06.125    21966.125  0.2828 31.0205 110.7105  10.00   -inf  -nan   7   7  14   6  79.43
   13   2018 07 22 06:38:56.077    23936.077  0.4054 30.9005 110.7205   0.00   -inf  -nan  16   9  25   8  94.62
   14   2018 07 22 06:46:14.533    24374.533  0.3354 30.9905 110.7205  10.00   -inf  -nan   7   5  12   3 146.77
   15   2018 07 22 07:24:17.259    26657.259  0.4079 30.9705 110.3705   2.00   -inf  -nan  11   6  17   4  88.31
   16   2018 07 22 07:26:44.810    26804.810  0.3909 30.9705 110.3705   0.00   -inf  -nan   7   7  14   4  88.31
   17   2018 07 22 07:39:46.405    27586.405  0.4328 31.0205 110.7205  14.00   -inf  -nan   5   6  11   4  78.72
   18   2018 07 22 10:06:55.256    36415.256  0.3489 31.1305 110.0305   0.00   -inf  -nan  10   8  18   7 269.61
   19   2018 07 22 10:54:31.737    39271.737  0.2917 31.0105 110.7105   8.00   -inf  -nan  18  15  33  14  74.39
   20   2018 07 22 11:42:02.392    42122.392  0.2633 31.1805 110.3705   0.00   -inf  -nan  10   3  13   3 167.50
   21   2018 07 22 14:29:47.013    52187.013  0.4451 31.1205 110.0505  10.00   -inf  -nan   8   8  16   8 261.22
   22   2018 07 22 17:07:22.184    61642.184  0.4829 31.0505 110.5405  12.00   -inf  -nan   5   4   9   3 107.29
   23   2018 07 22 23:20:56.152    84056.152  0.1165 30.9705 110.8405   0.00   -inf  -nan   4   3   7   3 241.72
    1   2018 07 23 00:06:57.075      417.075  0.4068 31.0205 110.4405  12.00   -inf  -nan   4   5   9   4 142.48
    2   2018 07 23 01:13:48.756     4428.756  0.2937 30.9705 110.3705   0.00   -inf  -nan   7   8  15   4  88.31
    3   2018 07 23 03:53:55.989    14035.989  0.1756 30.9705 111.0805   0.00   -inf  -nan   3   2   5   1 183.30
    4   2018 07 23 03:55:45.338    14145.338  0.3160 31.1205 110.8205   0.00   -inf  -nan  11   7  18   5 161.74
    5   2018 07 23 05:31:32.906    19892.906  0.0610 30.8005 110.0905  14.00   -inf  -nan   3   2   5   2 317.11
    6   2018 07 23 05:33:47.458    20027.458  0.3315 31.1105 110.4005   0.00   -inf  -nan   9   3  12   2 123.59
    7   2018 07 23 08:36:45.830    31005.830  0.2535 30.8505 110.2905  20.00   -inf  -nan   3   2   5   1 280.54
    8   2018 07 23 10:00:19.170    36019.170  0.3349 30.9605 109.9705  10.00   -inf  -nan   8   5  13   5 295.22
    9   2018 07 23 10:27:16.134    37636.134  0.2479 30.8005 110.1705   0.00   -inf  -nan   4   2   6   2 291.44
   10   2018 07 23 11:19:28.396    40768.396  0.3095 30.9705 110.3705   2.00   -inf  -nan   9  11  20   7  88.31
   11   2018 07 23 11:24:06.881    41046.881  0.1547 31.0805 110.5405  12.00   -inf  -nan   4   2   6   1 227.97
   12   2018 07 23 12:01:49.707    43309.707  0.2016 30.8305 110.6605  10.00   -inf  -nan   5   4   9   4 141.50
   13   2018 07 23 12:41:58.620    45718.620  0.1879 30.8305 110.6605  10.00   -inf  -nan   6   6  12   5 138.81
   14   2018 07 23 12:52:51.321    46371.321  0.1982 30.8205 110.6405   6.00   -inf  -nan   4   3   7   3 219.06
   15   2018 07 23 15:24:42.755    55482.755  0.2067 30.7705 110.7605  12.00   -inf  -nan   3   2   5   2 173.08
   16   2018 07 23 18:01:42.498    64902.498  0.1632 30.8305 110.6605   8.00   -inf  -nan   5   5  10   4 141.50
   17   2018 07 23 20:27:44.352    73664.352  0.3108 31.0105 110.7205   8.00   -inf  -nan  11  15  26  10  73.67
   18   2018 07 23 20:41:50.693    74510.693  0.1749 31.0205 110.7005   8.00   -inf  -nan   3   2   5   2 193.84
   19   2018 07 23 23:30:29.336    84629.336  0.2708 31.0205 110.5205  10.00   -inf  -nan   9   7  16   7  88.62
    1   2018 07 24 03:05:43.512    11143.512  0.4183 31.2105 110.3505   0.00   -inf  -nan   8   7  15   5 245.07
    2   2018 07 24 06:25:31.427    23131.427  0.2581 30.9005 110.7205   0.00   -inf  -nan  10   4  14   4  94.62
    3   2018 07 24 08:45:25.733    31525.733  0.2618 30.8505 111.2405   6.00   -inf  -nan   4   2   6   1 293.47
    4   2018 07 24 10:32:31.884    37951.884  0.4783 30.9705 110.5505   6.00   -inf  -nan   8   4  12   4  95.43
    5   2018 07 24 10:34:36.461    38076.461  0.3072 30.9905 110.8005   0.00   -inf  -nan  14   7  21   7  67.62
    6   2018 07 24 16:13:52.156    58432.156  0.2907 30.9905 110.5205   6.00   -inf  -nan   3   2   5   2 195.41
    7   2018 07 24 16:33:07.269    59587.269  0.3489 31.0305 110.5205   0.00   -inf  -nan   6   6  12   4  95.76
    1   2018 07 25 01:00:42.644     3642.644  0.3885 30.9705 110.3705   8.00   -inf  -nan   9   5  14   3  88.31
    2   2018 07 25 03:43:41.835    13421.835  0.1631 31.1405 110.0505  10.00   -inf  -nan   6   3   9   3 264.93
    3   2018 07 25 03:59:40.876    14380.876  0.3881 31.0905 110.0305   4.00   -inf  -nan   8   9  17   6 265.19
    4   2018 07 25 04:25:51.405    15951.405  0.2462 31.2605 110.0505   2.00   -inf  -nan   4   2   6   1 303.28
    5   2018 07 25 06:55:53.432    24953.432  0.1559 31.0105 110.4705  14.00   -inf  -nan   5   4   9   4 135.90
    6   2018 07 25 07:10:51.029    25851.029  0.1944 31.1805 110.3305  12.00   -inf  -nan   7   2   9   1 188.89
    7   2018 07 25 07:19:40.732    26380.732  0.2206 31.1805 110.3605  14.00   -inf  -nan   3   2   5   2 241.11
    8   2018 07 25 09:06:22.457    32782.457  0.3968 30.8205 110.9705   0.00   -inf  -nan   9   6  15   5 159.68
    9   2018 07 25 09:15:48.978    33348.978  0.2029 31.0905 110.5505  10.00   -inf  -nan   4   2   6   2 272.68
   10   2018 07 25 09:45:21.359    35121.359  0.3325 31.0405 110.4505   6.00   -inf  -nan  12  14  26  11 116.34
   11   2018 07 25 10:11:15.047    36675.047  0.4316 31.0905 110.1905   0.00   -inf  -nan   9   8  17   6 181.48
   12   2018 07 25 11:21:10.383    40870.383  0.3372 31.2105 110.3505   0.00   -inf  -nan   7   4  11   3 253.60
   13   2018 07 25 12:13:30.535    44010.535  0.3581 31.0105 110.5505  12.00   -inf  -nan   3   4   7   2 109.02
   14   2018 07 25 12:43:36.889    45816.889  0.2874 31.0305 110.5205   4.00   -inf  -nan   3   3   6   2 216.42
   15   2018 07 25 13:19:42.535    47982.535  0.2895 31.0105 110.5105   8.00   -inf  -nan   9   5  14   5 121.53
   16   2018 07 25 15:52:19.417    57139.417  0.1247 30.9305 110.7605  10.00   -inf  -nan   3   4   7   3 176.71
   17   2018 07 25 16:00:30.891    57630.891  0.2450 31.0205 110.5205   6.00   -inf  -nan   6   5  11   5 131.04
   18   2018 07 25 19:27:58.758    70078.758  0.2587 30.8805 110.1305   0.00   -inf  -nan   4   4   8   3 285.26
   19   2018 07 25 21:24:52.558    77092.558  0.3075 31.0205 110.5205   4.00   -inf  -nan   4   5   9   4 131.04
   20   2018 07 25 22:02:26.123    79346.123  0.3351 31.0305 110.5205   0.00   -inf  -nan   7   6  13   6 130.79
   21   2018 07 25 22:29:32.990    80972.990  0.4213 31.0605 110.4405  10.00   -inf  -nan   3   4   7   2 170.49
    1   2018 07 26 01:06:18.551     3978.551  0.1712 30.8105 111.2405   8.00   -inf  -nan   4   4   8   4 303.18
    2   2018 07 26 06:35:17.440    23717.440  0.2525 31.0105 110.0305   4.00   -inf  -nan   7   2   9   2 329.70
    3   2018 07 26 11:27:36.453    41256.453  0.3711 31.0905 110.7105   2.00   -inf  -nan   3   3   6   2 257.36
    4   2018 07 26 13:07:38.676    47258.676  0.3116 31.0105 110.5505  12.00   -inf  -nan   3   4   7   3 131.30
    5   2018 07 26 14:39:12.156    52752.156  0.2518 31.0305 110.5205   0.00   -inf  -nan   3   3   6   2 140.98
    1   2018 07 27 00:55:33.217     3333.217  0.4443 30.8905 111.3205   0.00   -inf  -nan   3   2   5   1 310.11
    2   2018 07 27 03:10:33.962    11433.962  0.3168 31.0205 110.5205   6.00   -inf  -nan   4   7  11   2 124.09
    3   2018 07 27 05:19:08.757    19148.757  0.2902 31.0305 110.5205   0.00   -inf  -nan   3   3   6   2 216.42
    4   2018 07 27 08:26:51.003    30411.003  0.4281 30.8305 110.8005   2.00   -inf  -nan   3   2   5   2 169.32
    5   2018 07 27 08:41:19.872    31279.872  0.2987 30.7105 110.9005   8.00   -inf  -nan   3   3   6   2 249.61
    6   2018 07 27 20:02:52.525    72172.525  0.2104 30.8005 110.2105   4.00   -inf  -nan   3   4   7   3 278.44
    7   2018 07 27 20:08:07.658    72487.658  0.2913 31.0205 110.5205  10.00   -inf  -nan   9   7  16   7 124.09
    8   2018 07 27 20:45:40.141    74740.141  0.3579 31.0105 110.5305  14.00   -inf  -nan   4   5   9   4 118.01
    9   2018 07 27 23:31:32.559    84692.559  0.3363 30.9805 110.7805   2.00   -inf  -nan  10   9  19   7 117.79
    1   2018 07 28 00:17:20.846     1040.846  0.1536 30.9505 110.6005  16.00   -inf  -nan   3   2   5   1 265.81
    2   2018 07 28 01:45:15.425     6315.425  0.1232 30.9405 110.7805   6.00   -inf  -nan   3   3   6   3 210.94
    3   2018 07 28 04:27:44.044    16064.044  0.4249 30.9005 110.7205   0.00   -inf  -nan  13   8  21   8  94.62
    4   2018 07 28 10:42:47.121    38567.121  0.2140 30.8505 110.9605   0.00   -inf  -nan   3   2   5   1 167.27
    5   2018 07 28 17:25:53.260    62753.260  0.2038 30.7505 110.7405  14.00   -inf  -nan   5   3   8   2 149.25
    6   2018 07 28 19:03:32.867    68612.867  0.3263 30.9705 110.8405   6.00   -inf  -nan  15  16  31  14 112.92
    1   2018 07 29 02:46:06.755     9966.755  0.3550 31.2805 110.8605   0.00   -inf  -nan   5   6  11   4 270.93
    2   2018 07 29 04:30:00.549    16200.549  0.3706 30.9805 110.8205   2.00   -inf  -nan   4   4   8   3 274.90
    3   2018 07 29 21:07:39.444    76059.444  0.2284 31.1705 110.3005   0.00   -inf  -nan   3   2   5   2 273.95
    1   2018 07 30 02:17:07.193     8227.193  0.3311 30.9405 110.7805  10.00   -inf  -nan  15  15  30  15  91.88
    2   2018 07 30 05:36:23.839    20183.839  0.3678 30.9805 110.3805   6.00   -inf  -nan  11   4  15   3  81.13
    3   2018 07 30 09:00:38.448    32438.448  0.2925 30.9005 110.7405   2.00   -inf  -nan  11   2  13   2  89.52
    4   2018 07 30 10:53:17.543    39197.543  0.3203 30.9705 110.8005   0.00   -inf  -nan  12   3  15   2  60.56
    1   2018 07 31 01:38:31.872     5911.872  0.4566 30.8505 111.2405   0.00   -inf  -nan   5   6  11   2 275.59
    2   2018 07 31 03:00:24.687    10824.687  0.2779 30.8505 111.0805   4.00   -inf  -nan   3   3   6   2 189.09
    3   2018 07 31 03:50:57.613    13857.613  0.3959 31.2105 110.3505   0.00   -inf  -nan  10   8  18   5 245.07
    4   2018 07 31 04:26:48.683    16008.683  0.3107 30.9105 110.9005   2.00   -inf  -nan  10   4  14   4  79.30
    5   2018 07 31 10:26:53.655    37613.655  0.4033 30.9905 110.4005   0.00   -inf  -nan   8   6  14   4  74.63
    6   2018 07 31 10:30:21.015    37821.015  0.3488 31.0005 110.3705   0.00   -inf  -nan   5   5  10   3 120.29
    1   2018 08 01 04:43:46.427    17026.427  0.3814 30.9005 110.6405   4.00   -inf  -nan  11   5  16   4  65.02
    2   2018 08 01 07:19:06.559    26346.559  0.3395 31.2105 110.3405   0.00   -inf  -nan   8   9  17   6 247.12
    3   2018 08 01 09:36:45.074    34605.074  0.3009 30.9405 110.5005   8.00   -inf  -nan   5   3   8   3 112.11
    4   2018 08 01 11:32:51.314    41571.314  0.1465 31.0505 110.1105   0.00   -inf  -nan   3   3   6   3 291.74
    5   2018 08 01 13:18:19.969    47899.969  0.3175 31.0505 110.4605   0.00   -inf  -nan   6   7  13   6 111.60
    6   2018 08 01 17:12:17.236    61937.236  0.3335 31.0605 110.4405   6.00   -inf  -nan  17   8  25   8 164.64
    7   2018 08 01 20:06:01.151    72361.151  0.3764 30.9405 110.7805   8.00   -inf  -nan   8   8  16   3 146.46
    1   2018 08 02 03:03:18.572    10998.572  0.3404 31.1305 110.0305   0.00   -inf  -nan   9   4  13   4 297.25
    2   2018 08 02 03:52:20.116    13940.116  0.2962 30.8905 110.7205   2.00   -inf  -nan  12   8  20   7  97.68
    3   2018 08 02 05:09:09.094    18549.094  0.3188 31.0905 110.0705   0.00   -inf  -nan   8  10  18   6 288.30
    4   2018 08 02 06:10:12.352    22212.352  0.2057 30.9405 110.7805  10.00   -inf  -nan   5   3   8   1  92.21
    5   2018 08 02 07:35:12.215    27312.215  0.2258 30.8705 110.9405   0.00   -inf  -nan   7   3  10   3 183.24
    6   2018 08 02 20:18:16.622    73096.622  0.1576 31.0505 110.1905   6.00   -inf  -nan   6   5  11   5 236.36
    1   2018 08 03 02:21:35.339     8495.339  0.3918 30.8905 111.0405  14.00   -inf  -nan   3   2   5   1 146.75
    2   2018 08 03 04:16:30.448    15390.448  0.2517 30.9405 110.7805  10.00   -inf  -nan   5   4   9   3  92.21
    3   2018 08 03 04:17:34.558    15454.558  0.2046 30.9005 110.7805   8.00   -inf  -nan   4   2   6   2 227.21
    4   2018 08 03 04:30:05.199    16205.199  0.1721 30.9005 110.7805   8.00   -inf  -nan   4   4   8   3 227.21
    5   2018 08 03 05:09:17.512    18557.512  0.1894 30.9405 110.7805   8.00   -inf  -nan   5   3   8   3 118.73
    6   2018 08 03 06:39:36.393    23976.393  0.3266 31.0505 110.0705   6.00   -inf  -nan   3   4   7   2 286.74
    7   2018 08 03 08:56:15.710    32175.710  0.3914 31.1205 110.0505  12.00   -inf  -nan   7   6  13   5 293.73
    8   2018 08 03 09:19:20.102    33560.102  0.4994 30.9805 110.4005   0.00   -inf  -nan  11   4  15   2  82.74
    9   2018 08 03 09:43:09.518    34989.518  0.3684 30.8705 110.9405   0.00   -inf  -nan   6   4  10   2 126.90
   10   2018 08 03 10:10:05.045    36605.045  0.2516 31.1305 110.0305   8.00   -inf  -nan  10   5  15   4 297.25
   11   2018 08 03 10:19:02.367    37142.367  0.1794 30.9405 110.7605  10.00   -inf  -nan   8   7  15   6  77.93
   12   2018 08 03 17:37:16.333    63436.333  0.4155 31.0705 110.8005  12.00   -inf  -nan  12  11  23   9 105.85
    1   2018 08 04 08:14:49.250    29689.250  0.4095 31.1705 110.3505   0.00   -inf  -nan   7   4  11   4 169.99
    2   2018 08 04 08:30:18.783    30618.783  0.3775 31.0505 110.4605   6.00   -inf  -nan  16  15  31  12 109.45
    3   2018 08 04 11:41:40.394    42100.394  0.3634 30.9005 110.7205   2.00   -inf  -nan   8   7  15   4  94.62
    4   2018 08 04 14:09:37.029    50977.029  0.3000 31.0905 110.1905   2.00   -inf  -nan   3   6   9   3 250.52
    5   2018 08 04 18:10:35.094    65435.094  0.1652 31.0505 110.1905   6.00   -inf  -nan   5   4   9   4 230.55
    1   2018 08 05 03:20:53.875    12053.875  0.2899 30.9005 110.7205   0.00   -inf  -nan   7   7  14   6  94.62
    2   2018 08 05 06:29:10.360    23350.360  0.3756 30.7805 110.7705  14.00   -inf  -nan  19   8  27   8 110.23
    3   2018 08 05 09:59:58.354    35998.354  0.2721 31.0205 110.6805   6.00   -inf  -nan   3   3   6   2 165.45
    4   2018 08 05 20:50:59.313    75059.313  0.2772 30.9805 110.7805  14.00   -inf  -nan   3   2   5   1 238.11
    5   2018 08 05 21:54:15.845    78855.845  0.2752 30.9405 110.7805  10.00   -inf  -nan  11  11  22   9  92.21
    1   2018 08 06 03:46:46.348    13606.348  0.1891 30.7805 111.0105   0.00   -inf  -nan   4   2   6   2 257.87
    2   2018 08 06 04:12:28.333    15148.333  0.3104 31.2805 110.8605   2.00   -inf  -nan   6   7  13   6 309.15
    3   2018 08 06 05:19:04.982    19144.982  0.3036 30.8305 110.4405   0.00   -inf  -nan   5   3   8   2 229.72
    4   2018 08 06 05:43:58.824    20638.824  0.3664 31.2105 110.3505   2.00   -inf  -nan  11  13  24   8 245.07
    5   2018 08 06 05:49:57.859    20997.859  0.2532 30.9805 110.7805   0.00   -inf  -nan  14   3  17   3  61.61
    6   2018 08 06 07:29:52.576    26992.576  0.2918 30.8905 110.7205   2.00   -inf  -nan  13   5  18   5  97.68
    7   2018 08 06 08:38:54.972    31134.972  0.2396 31.1605 110.3705   2.00   -inf  -nan   5   3   8   3 296.00
    8   2018 08 06 08:41:43.675    31303.675  0.4282 31.2105 110.3505   0.00   -inf  -nan   3   3   6   3 309.69
    9   2018 08 06 10:05:25.983    36325.983  0.3366 30.8705 110.9405   0.00   -inf  -nan   3   3   6   1 194.01
   10   2018 08 06 10:54:12.166    39252.166  0.2632 30.8205 110.9705   0.00   -inf  -nan   9   2  11   2 159.68
   11   2018 08 06 11:42:00.844    42120.844  0.1514 30.8905 111.1605   8.00   -inf  -nan   4   2   6   2 200.11
   12   2018 08 06 17:04:44.835    61484.835  0.4113 31.0505 110.4605   0.00   -inf  -nan   5   6  11   4 111.60
   13   2018 08 06 21:48:26.220    78506.220  0.3241 31.0205 110.7105   8.00   -inf  -nan   5   4   9   3 135.42
    1   2018 08 07 00:59:59.992     3599.992  0.3743 30.7705 111.2005   4.00   -inf  -nan   6   4  10   1 272.42
    2   2018 08 07 03:48:44.338    13724.338  0.2480 30.7905 110.9405   2.00   -inf  -nan  10   4  14   4 155.53
    3   2018 08 07 04:09:32.274    14972.274  0.3729 30.8905 110.7205   0.00   -inf  -nan   9   9  18   6  97.68
    4   2018 08 07 04:28:07.881    16087.881  0.1825 30.9305 110.9205  12.00   -inf  -nan   6   3   9   3 109.48
    5   2018 08 07 04:42:39.659    16959.659  0.2568 30.9105 110.9005   4.00   -inf  -nan  11   4  15   4  79.30
    6   2018 08 07 13:20:47.789    48047.789  0.4463 30.8505 111.1605   8.00   -inf  -nan   5   2   7   2 227.22
    7   2018 08 07 14:38:48.081    52728.081  0.0859 30.9005 110.5805   6.00   -inf  -nan   5   4   9   3 179.13
    8   2018 08 07 14:45:54.875    53154.875  0.2519 30.9005 110.5805   6.00   -inf  -nan  10  10  20   9 125.51
    9   2018 08 07 17:10:38.761    61838.761  0.3817 31.0505 110.4505   8.00   -inf  -nan   8   7  15   7 109.19
   10   2018 08 07 17:52:42.758    64362.758  0.2627 31.0505 110.4605   0.00   -inf  -nan   8   6  14   6 111.60
   11   2018 08 07 19:19:57.310    69597.310  0.2823 30.9405 110.7605  10.00   -inf  -nan  19  17  36  17  64.29
   12   2018 08 07 22:29:36.589    80976.589  0.1330 30.8905 111.1605  10.00   -inf  -nan   4   2   6   1 195.54
   13   2018 08 07 22:32:54.605    81174.605  0.3344 31.0605 110.8205   6.00   -inf  -nan  19  16  35  16 109.59
    1   2018 08 08 02:42:35.209     9755.209  0.3668 30.9305 110.9605   6.00   -inf  -nan   9  10  19   8  94.19
    2   2018 08 08 03:29:36.956    12576.956  0.2364 31.1805 110.2405   0.00   -inf  -nan  10   8  18   8 259.57
    3   2018 08 08 05:01:32.116    18092.116  0.3675 30.9005 110.7205   0.00   -inf  -nan  16  11  27  10  94.62
    4   2018 08 08 05:38:20.064    20300.064  0.4519 30.7005 110.5405   2.00   -inf  -nan   3   4   7   2 235.56
    5   2018 08 08 06:14:37.520    22477.520  0.1925 30.9905 110.7205   8.00   -inf  -nan   4   4   8   2 160.99
    6   2018 08 08 07:19:06.885    26346.885  0.1705 30.8705 110.9405   0.00   -inf  -nan   6   3   9   3 126.90
    7   2018 08 08 08:28:40.718    30520.718  0.3260 30.7405 110.8905   4.00   -inf  -nan   7   4  11   2 199.16
    8   2018 08 08 10:04:16.158    36256.158  0.0518 30.9005 110.7205   6.00   -inf  -nan   3   2   5   2 265.15
    9   2018 08 08 11:18:28.857    40708.857  0.3748 30.9705 110.3905   0.00   -inf  -nan  10   7  17   5  92.49
   10   2018 08 08 12:17:09.085    44229.085  0.1398 31.0205 110.7405   8.00   -inf  -nan   4   3   7   3 242.43
   11   2018 08 08 20:58:05.041    75485.041  0.3952 31.0605 110.4405   0.00   -inf  -nan  10   9  19   9 113.97
   12   2018 08 08 23:23:21.149    84201.149  0.1921 31.0205 110.7405   6.00   -inf  -nan   4   3   7   3 139.53
    1   2018 08 09 01:23:27.016     5007.016  0.2110 30.8505 111.3605   0.00   -inf  -nan   6   2   8   2 317.54
    2   2018 08 09 01:29:44.494     5384.494  0.2982 30.8505 111.0905   6.00   -inf  -nan   4   4   8   4 170.85
    3   2018 08 09 01:34:21.516     5661.516  0.4279 30.8105 111.2805   4.00   -inf  -nan   4   3   7   1 310.35
    4   2018 08 09 02:05:02.267     7502.267  0.3265 30.7705 111.0905   0.00   -inf  -nan   4   4   8   3 243.22
    5   2018 08 09 02:52:56.267    10376.267  0.2909 31.1305 110.5105   0.00   -inf  -nan   3   2   5   2 329.36
    6   2018 08 09 03:16:45.897    11805.897  0.1828 30.8205 110.8905   4.00   -inf  -nan   3   2   5   2 155.60
    7   2018 08 09 04:47:23.098    17243.098  0.3352 30.9805 110.7205   6.00   -inf  -nan  12  12  24  10  75.75
    8   2018 08 09 05:16:34.211    18994.211  0.3509 31.0105 110.4705   0.00   -inf  -nan  12   4  16   4  85.46
    9   2018 08 09 08:10:21.494    29421.494  0.3395 31.0305 110.8005  10.00   -inf  -nan  15  16  31  15 114.14
   10   2018 08 09 08:32:19.477    30739.477  0.3223 30.9005 110.7205   0.00   -inf  -nan  13  11  24  11  94.62
   11   2018 08 09 21:54:36.665    78876.665  0.3502 30.9205 110.7805  12.00   -inf  -nan  18  12  30  12  70.94
   12   2018 08 09 22:23:38.957    80618.957  0.3295 30.9405 110.7805  10.00   -inf  -nan  18  15  33  15  62.87
    1   2018 08 10 00:36:54.619     2214.619  0.2318 31.1605 110.2505   0.00   -inf  -nan  10   6  16   6 254.14
    2   2018 08 10 01:48:28.844     6508.844  0.2255 30.8905 110.8805  16.00   -inf  -nan   5   2   7   2 139.40
    3   2018 08 10 03:41:59.413    13319.413  0.3302 30.9105 110.9005   2.00   -inf  -nan  10   7  17   7  79.30
    4   2018 08 10 03:57:51.301    14271.301  0.3009 31.0005 109.9705   8.00   -inf  -nan  10   8  18   7 314.79
    5   2018 08 10 03:59:14.319    14354.319  0.2602 30.9105 110.9005   2.00   -inf  -nan  11   9  20   8  69.82
    6   2018 08 10 06:46:31.201    24391.201  0.4798 30.7905 110.6405  10.00   -inf  -nan  10  14  24   9 154.42
    7   2018 08 10 06:51:52.309    24712.309  0.2591 30.8205 110.6605   8.00   -inf  -nan   5   7  12   5 146.47
    8   2018 08 10 07:42:56.203    27776.203  0.3835 30.9005 110.7205   0.00   -inf  -nan  12   8  20   7  94.62
    9   2018 08 10 15:43:02.012    56582.012  0.2815 30.7905 110.6605   8.00   -inf  -nan   6   5  11   4 156.44
   10   2018 08 10 16:09:06.393    58146.393  0.2430 31.0505 110.1905   6.00   -inf  -nan   8   7  15   7 236.36
   11   2018 08 10 16:13:27.579    58407.579  0.2255 31.0505 110.1905   6.00   -inf  -nan   8   6  14   6 236.36
   12   2018 08 10 16:20:57.050    58857.050  0.1119 31.0505 110.1905   6.00   -inf  -nan   3   2   5   2 315.73
   13   2018 08 10 18:16:57.068    65817.068  0.2539 30.9305 110.8005  10.00   -inf  -nan  14  12  26  11  91.38
   14   2018 08 10 19:19:26.415    69566.415  0.4069 30.9405 110.7805   8.00   -inf  -nan   8   6  14   5 146.46
   15   2018 08 10 19:53:33.836    71613.836  0.1599 31.0505 110.1905   6.00   -inf  -nan   7   5  12   5 236.36
    1   2018 08 11 01:36:46.609     5806.609  0.0606 30.9305 111.3605   8.00   -inf  -nan   3   2   5   1 332.48
    2   2018 08 11 02:47:10.561    10030.561  0.2552 30.8705 110.9405   2.00   -inf  -nan   8   7  15   5 128.04
    3   2018 08 11 05:13:21.974    18801.974  0.3165 31.0205 110.3205   0.00   -inf  -nan   4   3   7   2 155.62
    4   2018 08 11 06:31:11.516    23471.516  0.3163 30.9005 110.7205   0.00   -inf  -nan  13   8  21   6  94.62
    5   2018 08 11 08:06:00.899    29160.899  0.1490 30.8705 110.9405   2.00   -inf  -nan   4   4   8   3 156.76
    6   2018 08 11 12:12:25.822    43945.822  0.1347 30.8905 111.1605   8.00   -inf  -nan   6   2   8   2 195.54
    7   2018 08 11 21:33:48.614    77628.614  0.2741 30.8605 110.4805   0.00   -inf  -nan   4   3   7   3 321.66
    1   2018 08 12 00:23:15.054     1395.054  0.2289 30.9005 110.6405   4.00   -inf  -nan   5   3   8   3 123.13
    2   2018 08 12 09:48:26.949    35306.949  0.3383 30.8705 110.9405   0.00   -inf  -nan   7   3  10   2 126.90
    3   2018 08 12 14:35:58.623    52558.623  0.1968 31.0605 110.4405   0.00   -inf  -nan   4   2   6   1 170.49
    1   2018 08 13 03:28:29.361    12509.361  0.2667 31.0605 110.7405   6.00   -inf  -nan   5   3   8   2 243.53
    2   2018 08 13 04:15:32.439    15332.439  0.3947 30.7805 111.0105   0.00   -inf  -nan   7   4  11   4 205.53
    3   2018 08 13 06:42:28.192    24148.192  0.2000 30.9005 110.9505   0.00   -inf  -nan  10   5  15   5 122.19
    4   2018 08 13 09:15:40.306    33340.306  0.3141 30.8705 110.9405   0.00   -inf  -nan   8   4  12   3  86.65
    5   2018 08 13 09:23:56.827    33836.827  0.3303 31.1305 110.0305   6.00   -inf  -nan  12   5  17   5 297.25
    6   2018 08 13 10:28:28.067    37708.067  0.2856 30.9305 111.2805   4.00   -inf  -nan   8   4  12   4 309.08
    7   2018 08 13 11:55:22.325    42922.325  0.3766 30.8005 110.1705  12.00   -inf  -nan   4   3   7   3 291.44
    1   2018 08 14 00:58:00.188     3480.188  0.1016 31.0505 110.5105   0.00   -inf  -nan   3   2   5   2 276.55
    2   2018 08 14 03:36:48.278    13008.278  0.3502 30.7805 110.9705   2.00   -inf  -nan   8   3  11   1 194.39
    3   2018 08 14 03:39:04.039    13144.039  0.3266 31.0105 110.5305   0.00   -inf  -nan  11   4  15   4  80.16
    4   2018 08 14 04:06:59.009    14819.009  0.3368 31.2105 110.3305   0.00   -inf  -nan   7   5  12   4 249.28
    5   2018 08 14 08:12:34.444    29554.444  0.1175 30.8105 110.9205   0.00   -inf  -nan   7   2   9   2 124.13
    6   2018 08 14 08:34:10.684    30850.684  0.2834 30.8705 110.9405   2.00   -inf  -nan   6   4  10   3 126.90
    7   2018 08 14 09:50:51.819    35451.819  0.2827 31.2105 110.1305   4.00   -inf  -nan   8   2  10   2 293.74
    8   2018 08 14 10:28:48.877    37728.877  0.3474 30.9705 110.3805   0.00   -inf  -nan  10   5  15   3  91.22
    9   2018 08 14 19:45:34.554    71134.554  0.2960 31.0505 110.4605   4.00   -inf  -nan   5   4   9   3 157.85
   10   2018 08 14 21:35:55.451    77755.451  0.2276 31.0805 110.8205  12.00   -inf  -nan   7   6  13   6 164.65
    1   2018 08 15 05:29:13.086    19753.086  0.2558 31.0305 110.5605   4.00   -inf  -nan   3   4   7   2 169.58
    2   2018 08 15 06:23:57.948    23037.948  0.4630 30.7805 110.9305   2.00   -inf  -nan   9   8  17   7 157.56
    3   2018 08 15 07:19:40.483    26380.483  0.2749 30.9105 110.9005   2.00   -inf  -nan  11   5  16   4 126.07
    4   2018 08 15 07:31:40.319    27100.319  0.2179 30.9105 110.9005   2.00   -inf  -nan  10   5  15   5 108.37
    5   2018 08 15 10:52:13.212    39133.212  0.2459 31.0005 109.9705   8.00   -inf  -nan  11   7  18   7 314.79
    6   2018 08 15 17:34:35.528    63275.528  0.3723 30.7905 110.6605  10.00   -inf  -nan  17  14  31  14 147.34
    1   2018 08 16 05:08:22.217    18502.217  0.1424 30.7705 110.7605   0.00   -inf  -nan   7   4  11   3 109.98
    2   2018 08 16 06:59:39.972    25179.972  0.3115 30.9405 110.4405   6.00   -inf  -nan   8   9  17   7 106.23
    3   2018 08 16 07:55:17.837    28517.837  0.2182 30.7105 110.8605   8.00   -inf  -nan  11   5  16   4 214.79
    4   2018 08 16 08:22:33.426    30153.426  0.1237 30.7505 110.8205   8.00   -inf  -nan   4   2   6   2 167.07
    5   2018 08 16 08:35:54.115    30954.115  0.1381 30.7505 110.8205   2.00   -inf  -nan   3   2   5   2 167.07
    6   2018 08 16 09:49:31.293    35371.293  0.3903 30.8905 110.9205   4.00   -inf  -nan   3   2   5   1 201.75
    7   2018 08 16 15:44:10.329    56650.329  0.2403 31.0505 110.4505   6.00   -inf  -nan   5   5  10   4 109.19
    1   2018 08 17 02:34:21.045     9261.045  0.1895 31.1705 110.3805   2.00   -inf  -nan   5   3   8   2 247.10
    2   2018 08 17 02:44:04.766     9844.766  0.4130 31.1705 110.3105  12.00   -inf  -nan   5   4   9   2 241.74
    3   2018 08 17 03:33:13.975    12793.975  0.3852 31.1205 110.8605   0.00   -inf  -nan   3   7  10   2 183.48
    4   2018 08 17 03:37:11.648    13031.648  0.2938 31.2105 110.3505   0.00   -inf  -nan   6   2   8   1 267.56
    5   2018 08 17 06:41:29.590    24089.590  0.3762 31.0105 110.5405   0.00   -inf  -nan   7   7  14   6  77.39
    6   2018 08 17 06:48:50.864    24530.864  0.3023 30.9305 110.9605   4.00   -inf  -nan  10   8  18   8 153.74
    7   2018 08 17 08:46:42.775    31602.775  0.3819 31.1705 110.3505   0.00   -inf  -nan   6   2   8   2 250.72
    1   2018 08 18 04:12:54.323    15174.323  0.4132 31.1705 110.1405   0.00   -inf  -nan   3   3   6   2 286.97
    2   2018 08 18 08:16:52.654    29812.654  0.2893 30.7105 110.9005   0.00   -inf  -nan   8   3  11   2 220.02
    3   2018 08 18 10:19:01.154    37141.154  0.1523 30.9205 109.9705  10.00   -inf  -nan   7   2   9   2 329.18
    4   2018 08 18 14:18:01.834    51481.834  0.2194 31.1305 110.3005   0.00   -inf  -nan   7   4  11   4 233.45
    1   2018 08 19 04:59:05.271    17945.271  0.2257 30.9705 110.2305  14.00   -inf  -nan   5   2   7   2 133.79
    2   2018 08 19 05:47:30.623    20850.623  0.3246 31.0605 110.2805   0.00   -inf  -nan  11  10  21   9 154.54
    3   2018 08 19 05:58:36.082    21516.082  0.3525 30.9405 110.7005  12.00   -inf  -nan   3   3   6   1 119.82
    4   2018 08 19 06:46:58.383    24418.383  0.3705 30.9705 110.3705   0.00   -inf  -nan  11   7  18   6  88.31
    5   2018 08 19 07:10:43.679    25843.679  0.0816 30.7605 110.1705   4.00   -inf  -nan   4   2   6   1 298.95
    6   2018 08 19 09:33:15.748    34395.748  0.3332 31.1705 110.3805   0.00   -inf  -nan   3   3   6   2 298.80
    7   2018 08 19 09:36:47.077    34607.077  0.1593 31.1705 110.3505   0.00   -inf  -nan   3   2   5   2 287.26
    8   2018 08 19 09:42:53.841    34973.841  0.2968 31.1605 110.3705   0.00   -inf  -nan   6   2   8   2 252.13
    9   2018 08 19 12:02:37.707    43357.707  0.1901 30.8205 110.6805  10.00   -inf  -nan   4   5   9   4 137.55
   10   2018 08 19 13:50:25.050    49825.050  0.3789 31.0505 110.4605   8.00   -inf  -nan   8   7  15   6 111.60
   11   2018 08 19 17:38:23.226    63503.226  0.3048 30.9405 110.8205  10.00   -inf  -nan   3   5   8   2 264.40
   12   2018 08 19 20:51:51.819    75111.819  0.3527 31.0505 110.4205  10.00   -inf  -nan   9  11  20   8  94.28
   13   2018 08 19 21:58:00.408    79080.408  0.4428 31.0105 110.5105  10.00   -inf  -nan   8   5  13   5  96.57
    1   2018 08 20 02:20:34.696     8434.696  0.3085 30.8705 110.9805   4.00   -inf  -nan   3   5   8   3 133.10
    2   2018 08 20 03:08:48.814    11328.814  0.3674 30.7505 110.4205   4.00   -inf  -nan   3   2   5   2 274.43
    3   2018 08 20 03:32:02.848    12722.848  0.2536 30.7805 111.0105   0.00   -inf  -nan   7   3  10   3 205.53
    4   2018 08 20 03:38:17.282    13097.282  0.4264 30.9705 110.3705   4.00   -inf  -nan  11   5  16   4  88.31
    5   2018 08 20 04:07:50.398    14870.398  0.4201 31.0105 110.4705   0.00   -inf  -nan  11   5  16   4  85.46
    6   2018 08 20 07:28:55.929    26935.929  0.2797 30.7405 111.1005   0.00   -inf  -nan   3   4   7   1 260.58
    7   2018 08 20 08:15:11.808    29711.808  0.1603 30.8705 110.9405   0.00   -inf  -nan   8   3  11   2 123.28
    8   2018 08 20 08:47:03.457    31623.457  0.2786 30.9005 110.6805   2.00   -inf  -nan   7   3  10   3 104.25
    9   2018 08 20 09:31:58.716    34318.716  0.2805 31.2105 110.3005   0.00   -inf  -nan   7   3  10   2 274.79
   10   2018 08 20 10:07:00.178    36420.178  0.2237 30.8705 110.9005   2.00   -inf  -nan   7   2   9   1 127.81
   11   2018 08 20 16:28:21.734    59301.734  0.2742 30.8505 110.4605   0.00   -inf  -nan   4   2   6   1 274.26
   12   2018 08 20 17:44:14.239    63854.239  0.2381 30.9505 110.7805  10.00   -inf  -nan   6   5  11   4 177.82
   13   2018 08 20 18:54:56.673    68096.673  0.3293 31.1705 110.3005   2.00   -inf  -nan   4   2   6   1 273.95
   14   2018 08 20 21:19:20.832    76760.832  0.2493 30.9405 110.7805  12.00   -inf  -nan   3   4   7   2 169.58
    1   2018 08 21 02:38:52.128     9532.128  0.0937 30.9005 110.3805   4.00   -inf  -nan   3   2   5   2 334.30
    2   2018 08 21 04:28:43.237    16123.237  0.2593 30.9105 110.9005   0.00   -inf  -nan   9   2  11   2  79.30
    3   2018 08 21 06:46:41.663    24401.663  0.3236 31.0105 110.1505   6.00   -inf  -nan   5   3   8   3 204.26
    4   2018 08 21 07:05:27.057    25527.057  0.3199 31.1705 110.3805   0.00   -inf  -nan   8   5  13   4 163.23
    5   2018 08 21 09:04:42.220    32682.220  0.1307 30.9105 110.9005   6.00   -inf  -nan   5   3   8   2  87.52
    6   2018 08 21 09:54:04.359    35644.359  0.2033 30.7405 110.9305   6.00   -inf  -nan   5   3   8   2 256.44
    7   2018 08 21 20:37:33.729    74253.729  0.2872 31.1005 110.3305   0.00   -inf  -nan   8   7  15   7  96.26
    1   2018 08 22 02:18:03.655     8283.655  0.3643 31.0505 110.8005   4.00   -inf  -nan  18   5  23   4 118.55
    2   2018 08 22 04:40:56.842    16856.842  0.0751 31.0205 110.4405   6.00   -inf  -nan   4   2   6   2 166.62
    3   2018 08 22 06:25:29.730    23129.730  0.2542 30.8305 110.9405   0.00   -inf  -nan   7   2   9   2 124.07
    4   2018 08 22 07:07:01.995    25621.995  0.3264 30.9405 110.4605  10.00   -inf  -nan  11   7  18   7  84.04
    5   2018 08 22 09:23:16.615    33796.615  0.2852 31.0105 110.1505   0.00   -inf  -nan   7   3  10   3 204.26
    6   2018 08 22 09:54:10.601    35650.601  0.2118 31.0905 110.1905   0.00   -inf  -nan   5   4   9   2 181.48
    7   2018 08 22 16:35:46.388    59746.388  0.1864 31.1705 110.5105   2.00   -inf  -nan   3   2   5   2 313.00
    8   2018 08 22 18:34:33.187    66873.187  0.2996 31.1005 110.2605   2.00   -inf  -nan   7   6  13   6 244.75
    1   2018 08 23 04:29:48.509    16188.509  0.2186 31.3205 110.8605   2.00   -inf  -nan   8   6  14   6 306.30
    2   2018 08 23 05:08:39.818    18519.818  0.2238 31.2105 110.0705   0.00   -inf  -nan   9   5  14   5 281.91
    3   2018 08 23 05:17:26.832    19046.832  0.3352 30.8305 110.9405   0.00   -inf  -nan   3   3   6   3 320.89
    4   2018 08 23 05:25:13.137    19513.137  0.2695 31.2505 110.0505   4.00   -inf  -nan   7   4  11   4 299.84
    5   2018 08 23 06:11:06.522    22266.522  0.2984 30.9805 110.7805   0.00   -inf  -nan  13   6  19   6  98.19
    6   2018 08 23 06:20:07.951    22807.951  0.3623 31.0105 110.1505   0.00   -inf  -nan   8   3  11   3 204.26
    7   2018 08 23 10:07:11.431    36431.431  0.4022 31.1705 110.3905   0.00   -inf  -nan   5   2   7   2 187.53
    8   2018 08 23 10:56:53.793    39413.793  0.3729 30.9805 109.9705   0.00   -inf  -nan   7   2   9   2 291.34
    9   2018 08 23 19:06:39.781    68799.781  0.2908 31.0105 110.4205   6.00   -inf  -nan   6   5  11   5 126.47
   10   2018 08 23 22:38:59.999    81539.999  0.2058 31.0505 110.4505   8.00   -inf  -nan   7   7  14   7 109.19
   11   2018 08 23 23:58:53.807    86333.807  0.1893 31.0605 110.4405   0.00   -inf  -nan   4   2   6   2 210.58
    1   2018 08 24 07:13:11.416    25991.416  0.4014 30.8605 110.6605   2.00   -inf  -nan  10   5  15   5 127.32
    2   2018 08 24 07:38:51.592    27531.592  0.3638 30.9005 110.6405   4.00   -inf  -nan   8   4  12   4 110.58
    3   2018 08 24 07:50:06.233    28206.233  0.1898 31.1705 110.3805   0.00   -inf  -nan   6   2   8   2 185.50
    4   2018 08 24 07:58:28.390    28708.390  0.3150 31.1605 110.3705   0.00   -inf  -nan   5   2   7   2 177.24
    5   2018 08 24 11:04:20.113    39860.113  0.1671 31.3005 110.1305   0.00   -inf  -nan   5   2   7   1 303.27
    6   2018 08 24 11:56:38.197    42998.197  0.3856 31.0505 110.1905   4.00   -inf  -nan   8   9  17   8 177.95
    7   2018 08 24 17:34:28.107    63268.107  0.3706 30.8905 111.1305   6.00   -inf  -nan   4   2   6   2 164.15
    8   2018 08 24 19:41:51.191    70911.191  0.4381 30.8705 111.0605  16.00   -inf  -nan   3   2   5   2 206.04
    1   2018 08 25 01:28:19.960     5299.960  0.2836 31.0205 110.1205   6.00   -inf  -nan   6   3   9   2 224.11
    2   2018 08 25 01:31:44.734     5504.734  0.3700 30.9305 111.2905   0.00   -inf  -nan   4   2   6   1 334.47
    3   2018 08 25 03:43:20.345    13400.345  0.1921 30.7305 111.2105   2.00   -inf  -nan   5   2   7   2 284.08
    4   2018 08 25 04:07:35.333    14855.333  0.3131 31.1205 110.0905   4.00   -inf  -nan   3   6   9   3 286.72
    5   2018 08 25 04:21:49.549    15709.549  0.1815 30.9105 110.9005   2.00   -inf  -nan   6   4  10   4 196.20
    6   2018 08 25 08:42:25.150    31345.150  0.3713 31.0105 110.1505   2.00   -inf  -nan   7   2   9   2 204.26
    7   2018 08 25 09:56:53.709    35813.709  0.1614 30.8705 110.9405   0.00   -inf  -nan  10   8  18   8 123.28
    8   2018 08 25 10:23:30.661    37410.661  0.0972 30.8505 111.0905   6.00   -inf  -nan   3   2   5   1 170.85
    9   2018 08 25 22:11:06.393    79866.393  0.3544 31.0505 110.4605   0.00   -inf  -nan   4   5   9   3 111.60
    1   2018 08 26 01:11:09.314     4269.314  0.3333 31.0205 110.3605   2.00   -inf  -nan  11  11  22  10  60.26
    2   2018 08 26 03:12:44.335    11564.335  0.4139 31.2705 110.9205   0.00   -inf  -nan   4   5   9   3 267.87
    3   2018 08 26 04:42:54.449    16974.449  0.2911 30.9305 110.9605   4.00   -inf  -nan   9   7  16   6 169.45
    4   2018 08 26 08:01:26.951    28886.951  0.2160 30.9705 110.8005   0.00   -inf  -nan  14   4  18   4 102.13
    5   2018 08 26 09:50:46.366    35446.366  0.3704 31.0305 110.6005  10.00   -inf  -nan  10  10  20   7 109.80
    6   2018 08 26 11:25:43.712    41143.712  0.3162 31.0105 110.5905   8.00   -inf  -nan  16  15  31  14  66.57
    7   2018 08 26 15:17:13.373    55033.373  0.3582 31.0105 110.5905   6.00   -inf  -nan   9  10  19   8  84.14
    8   2018 08 26 17:22:44.804    62564.804  0.3414 31.0305 110.5605   4.00   -inf  -nan   6   7  13   5  84.35
    9   2018 08 26 19:25:18.694    69918.694  0.3765 31.1305 110.2705   0.00   -inf  -nan   5   5  10   3 126.42
   10   2018 08 26 21:05:56.204    75956.204  0.2804 31.0805 110.8205   8.00   -inf  -nan  13  11  24  10 138.49
    1   2018 08 27 01:03:02.590     3782.590  0.3498 31.0205 110.5605   6.00   -inf  -nan  13  13  26  10  74.95
    2   2018 08 27 01:22:32.566     4952.566  0.4082 31.0105 110.5905  10.00   -inf  -nan   7   6  13   5  96.97
    3   2018 08 27 01:29:22.163     5362.163  0.1683 30.8905 110.8905   0.00   -inf  -nan   7   2   9   2 145.76
    4   2018 08 27 01:54:02.999     6842.999  0.3292 31.0105 110.1505   6.00   -inf  -nan  13   8  21   8 204.26
    5   2018 08 27 05:47:42.146    20862.146  0.2808 31.0105 110.1105   6.00   -inf  -nan   9   3  12   3 231.77
    6   2018 08 27 09:09:24.498    32964.498  0.3265 31.0105 110.1505   4.00   -inf  -nan  11   5  16   5 204.26
    7   2018 08 27 09:31:54.273    34314.273  0.4562 31.0105 110.1505   2.00   -inf  -nan   8   3  11   3 204.26
    8   2018 08 27 10:05:10.712    36310.712  0.4659 31.0605 110.1405   0.00   -inf  -nan   3   2   5   1 260.24
    9   2018 08 27 10:48:28.705    38908.705  0.3335 30.9705 110.6005   8.00   -inf  -nan  15  12  27  10  84.53
   10   2018 08 27 15:52:11.318    57131.318  0.2942 31.0505 110.4505   0.00   -inf  -nan   4   5   9   3 162.03
   11   2018 08 27 20:15:21.688    72921.688  0.3466 31.0205 110.4405  12.00   -inf  -nan   3   5   8   2 101.35
   12   2018 08 27 20:33:17.035    73997.035  0.1571 31.0205 110.5805   6.00   -inf  -nan   7   5  12   4  99.74
   13   2018 08 27 21:29:40.434    77380.434  0.1961 31.0205 110.5805   6.00   -inf  -nan   6   5  11   3  69.57
   14   2018 08 27 21:51:28.366    78688.366  0.0724 31.0205 110.5805   6.00   -inf  -nan   4   4   8   3 112.81
   15   2018 08 27 22:51:08.802    82268.802  0.3436 31.0105 110.5605   8.00   -inf  -nan  11   8  19   8  70.20
   16   2018 08 27 23:07:42.047    83262.047  0.3679 31.0605 110.4405   2.00   -inf  -nan   3   4   7   2 170.49
    1   2018 08 28 02:40:39.636     9639.636  0.2463 30.7305 111.0905   0.00   -inf  -nan   5   2   7   2 240.67
    2   2018 08 28 05:16:02.076    18962.076  0.1521 30.9105 110.9005   4.00   -inf  -nan   8   5  13   5 108.37
    3   2018 08 28 05:25:24.713    19524.713  0.1801 30.9105 110.9005   0.00   -inf  -nan  10   4  14   4 149.12
    4   2018 08 28 06:25:17.368    23117.368  0.4631 30.9205 110.1705   0.00   -inf  -nan   6   4  10   3 271.72
    5   2018 08 28 06:28:30.523    23310.523  0.3492 30.9505 110.4805   2.00   -inf  -nan   8   4  12   4  89.07
    6   2018 08 28 07:57:04.277    28624.277  0.3364 31.0105 110.1505   0.00   -inf  -nan   7   6  13   5 204.26
    7   2018 08 28 07:57:34.265    28654.265  0.2114 30.6905 111.1705   2.00   -inf  -nan   3   2   5   2 317.46
    8   2018 08 28 22:07:30.540    79650.540  0.4348 31.1805 110.3305   6.00   -inf  -nan   5   4   9   3 181.29
    1   2018 08 29 04:03:09.040    14589.040  0.3921 30.9805 110.4005   0.00   -inf  -nan  12   8  20   7  82.74
    2   2018 08 29 05:31:07.579    19867.579  0.2048 30.8905 110.1305   6.00   -inf  -nan   3   2   5   1 300.12
    3   2018 08 29 05:56:29.295    21389.295  0.3757 30.9205 110.1705   6.00   -inf  -nan   3   4   7   3 160.85
    4   2018 08 29 07:10:16.965    25816.965  0.2330 31.1305 110.0305   0.00   -inf  -nan   9   6  15   6 269.61
    5   2018 08 29 07:31:54.504    27114.504  0.4337 31.1805 110.0905   8.00   -inf  -nan  11   9  20   8 263.70
    6   2018 08 29 09:03:58.420    32638.420  0.2682 30.7405 110.9305   4.00   -inf  -nan   7   5  12   5 207.91
    7   2018 08 29 11:02:31.193    39751.193  0.2517 30.7705 111.1705   0.00   -inf  -nan   9   3  12   3 251.57
    8   2018 08 29 12:03:47.195    43427.195  0.1269 30.8505 110.8005   4.00   -inf  -nan   3   3   6   2 147.59
    9   2018 08 29 16:54:47.696    60887.696  0.2138 31.1205 110.0905   0.00   -inf  -nan   3   3   6   2 286.72
   10   2018 08 29 18:46:46.139    67606.139  0.1805 31.0105 110.2305   0.00   -inf  -nan   3   3   6   2 149.45
   11   2018 08 29 20:16:47.909    73007.909  0.3563 31.0205 110.4405   6.00   -inf  -nan   5   3   8   2  87.12
    1   2018 08 30 00:23:05.899     1385.899  0.1947 30.9305 110.8405  14.00   -inf  -nan   6   2   8   1 119.25
    2   2018 08 30 01:49:44.729     6584.729  0.2212 31.2205 110.3605   4.00   -inf  -nan   7   2   9   2 270.20
    3   2018 08 30 02:27:58.969     8878.969  0.4146 30.9805 110.4005   0.00   -inf  -nan   8   4  12   3 147.78
    4   2018 08 30 03:36:51.535    13011.535  0.3430 31.3205 110.8605   4.00   -inf  -nan   5   3   8   2 299.28
    5   2018 08 30 04:15:58.030    15358.030  0.1014 30.8905 111.0905   2.00   -inf  -nan   3   2   5   2 157.71
    6   2018 08 30 04:25:31.993    15931.993  0.3621 30.9705 110.8005   0.00   -inf  -nan  16   8  24   7 102.13
    7   2018 08 30 11:49:50.593    42590.593  0.3249 31.1705 110.2305   6.00   -inf  -nan   9   7  16   7 148.67
    8   2018 08 30 16:45:25.218    60325.218  0.2295 30.7905 110.7405  10.00   -inf  -nan  11   9  20   8 104.29
    9   2018 08 30 18:16:57.532    65817.532  0.1523 31.0105 110.4605  10.00   -inf  -nan   4   3   7   3 180.61
   10   2018 08 30 23:18:40.717    83920.717  0.1136 30.8905 111.0905   0.00   -inf  -nan   3   2   5   2 157.71
    1   2018 08 31 04:29:32.156    16172.156  0.4038 30.8705 110.9005   2.00   -inf  -nan   9   7  16   6  95.28
    2   2018 08 31 04:59:10.413    17950.413  0.3270 31.0105 110.5505   0.00   -inf  -nan  11   7  18   5  74.06
    3   2018 08 31 06:55:49.513    24949.513  0.3458 31.0105 110.1505   4.00   -inf  -nan  11   6  17   6 204.26
    4   2018 08 31 08:38:55.667    31135.667  0.2560 31.1005 110.0905   0.00   -inf  -nan   6   4  10   4 241.48
    5   2018 08 31 09:13:54.382    33234.382  0.2127 31.1405 110.4905  16.00   -inf  -nan   7   3  10   1 157.42
    6   2018 08 31 10:05:00.251    36300.251  0.2092 31.1305 110.0305   0.00   -inf  -nan   5   3   8   3 269.61
    7   2018 08 31 10:41:31.236    38491.236  0.3311 30.9305 110.8905   0.00   -inf  -nan  11   4  15   3  68.57
    8   2018 08 31 14:57:39.242    53859.242  0.3261 30.9005 110.5005  10.00   -inf  -nan   6   5  11   4 168.04
    9   2018 08 31 15:27:38.879    55658.879  0.3483 31.0905 110.0705   4.00   -inf  -nan  12  13  25  10 249.51
   10   2018 08 31 17:11:11.678    61871.678  0.2422 31.1305 110.2305   8.00   -inf  -nan   3   2   5   2 168.55
   11   2018 08 31 18:18:55.034    65935.034  0.2110 30.8505 110.8005  12.00   -inf  -nan   3   3   6   2 147.49
   12   2018 08 31 20:41:34.846    74494.846  0.3605 31.0505 110.4605   8.00   -inf  -nan   6   7  13   6 111.60
   13   2018 08 31 20:52:00.778    75120.778  0.1922 31.0205 110.3205   0.00   -inf  -nan   3   3   6   1 249.98
   14   2018 08 31 21:35:48.884    77748.884  0.2921 31.0205 110.4605   0.00   -inf  -nan   4   3   7   2 122.11
    1   2018 09 01 01:57:27.459     7047.459  0.4172 30.9705 110.3705   2.00   -inf  -nan  11   6  17   5  88.31
    2   2018 09 01 02:18:24.230     8304.230  0.3728 31.0605 109.7805   0.00   -inf  -nan  11   9  20   7 279.41
    3   2018 09 01 03:29:08.668    12548.668  0.2802 31.0205 110.0605  20.00   -inf  -nan   3   2   5   2 209.72
    4   2018 09 01 03:47:04.768    13624.768  0.2932 31.0505 110.4505  10.00   -inf  -nan   4   4   8   3 152.57
    5   2018 09 01 04:25:56.302    15956.302  0.2811 30.7305 111.1705   0.00   -inf  -nan   9   3  12   3 259.46
    6   2018 09 01 05:57:11.700    21431.700  0.4045 31.2205 109.9705   8.00   -inf  -nan   9   7  16   6 259.50
    7   2018 09 01 07:47:19.654    28039.654  0.4015 31.1005 109.9805   0.00   -inf  -nan   6   8  14   4 219.81
    8   2018 09 01 08:26:57.561    30417.561  0.4259 30.7805 110.9305   4.00   -inf  -nan  12   5  17   5 157.56
    9   2018 09 01 09:23:10.630    33790.630  0.4818 31.0605 109.7805   6.00   -inf  -nan   3   3   6   2 279.41
   10   2018 09 01 09:27:16.486    34036.486  0.3640 31.0605 109.7805   6.00   -inf  -nan   3   2   5   2 279.41
   11   2018 09 01 18:10:20.523    65420.523  0.2889 31.2105 110.3805   0.00   -inf  -nan   4   3   7   2 253.92
   12   2018 09 01 21:56:13.612    78973.612  0.2949 31.1805 110.2105   2.00   -inf  -nan   7   6  13   5 171.77
    1   2018 09 02 03:06:06.541    11166.541  0.1397 31.3205 110.9005   6.00   -inf  -nan   5   2   7   1 303.59
    2   2018 09 02 03:28:32.405    12512.405  0.3178 30.9805 110.4005   4.00   -inf  -nan  11   6  17   2 105.49
    3   2018 09 02 03:51:13.477    13873.477  0.3651 31.0405 109.8805  12.00   -inf  -nan   8   5  13   5 276.98
    4   2018 09 02 05:38:50.219    20330.219  0.4115 31.0105 110.1505   4.00   -inf  -nan  14   9  23   8 130.91
    5   2018 09 02 07:14:42.537    26082.537  0.2926 31.0205 109.7805   0.00   -inf  -nan  15   6  21   6 282.24
    6   2018 09 02 07:24:32.922    26672.922  0.4364 31.0905 109.9505   8.00   -inf  -nan  10  10  20   7 227.09
    7   2018 09 02 09:44:54.057    35094.057  0.2737 31.0105 110.1505   0.00   -inf  -nan   7   5  12   4 176.06
    8   2018 09 02 16:57:24.049    61044.049  0.4733 31.0805 110.1305  12.00   -inf  -nan  12  13  25   9 158.46
    9   2018 09 02 16:59:11.796    61151.796  0.3046 31.0605 110.1705   2.00   -inf  -nan   3   4   7   2 191.86
   10   2018 09 02 21:33:18.408    77598.408  0.2916 31.0905 110.2205   0.00   -inf  -nan   3   2   5   1 120.70
    1   2018 09 03 02:28:47.979     8927.979  0.2818 31.0805 109.8805  18.00   -inf  -nan   5   4   9   4 277.89
    2   2018 09 03 03:16:28.744    11788.744  0.2359 30.7705 111.2105   6.00   -inf  -nan   3   3   6   2 275.43
    3   2018 09 03 03:41:15.351    13275.351  0.3562 31.0805 109.8405  18.00   -inf  -nan   8   7  15   7 289.41
    4   2018 09 03 03:49:46.072    13786.072  0.2275 31.0805 109.8505  18.00   -inf  -nan   5   5  10   4 286.81
    5   2018 09 03 03:53:40.934    14020.934  0.1635 31.0905 109.8705  20.00   -inf  -nan   5   4   9   4 281.98
    6   2018 09 03 04:01:57.424    14517.424  0.1811 31.0105 110.2505  10.00   -inf  -nan   3   3   6   2 210.93
    7   2018 09 03 07:00:00.889    25200.889  0.3906 31.1205 110.0005  14.00   -inf  -nan   8   6  14   5 215.71
    8   2018 09 03 07:20:48.715    26448.715  0.2464 31.0105 110.1505   0.00   -inf  -nan   5   2   7   1 176.06
    9   2018 09 03 16:39:17.510    59957.510  0.2350 31.1705 110.3105   4.00   -inf  -nan   7   2   9   1 180.98
   10   2018 09 03 16:47:30.822    60450.822  0.1082 31.0205 110.4405   8.00   -inf  -nan   3   3   6   2 166.62
    1   2018 09 04 01:11:56.364     4316.364  0.2355 31.0605 110.3205  16.00   -inf  -nan   3   2   5   1 218.32
    2   2018 09 04 02:38:12.560     9492.560  0.4990 30.7805 110.2205  14.00   -inf  -nan   6   6  12   3 276.58
    3   2018 09 04 03:33:51.216    12831.216  0.1235 30.9805 110.7105   0.00   -inf  -nan   3   2   5   2 193.48
    4   2018 09 04 03:35:00.890    12900.890  0.3884 31.0605 109.7405   0.00   -inf  -nan  10   7  17   4 278.60
    5   2018 09 04 04:28:34.863    16114.863  0.2007 31.3205 110.0405   2.00   -inf  -nan   3   2   5   2 288.57
    6   2018 09 04 05:26:04.523    19564.523  0.3179 30.9905 110.3205  12.00   -inf  -nan   5   2   7   2 180.34
    7   2018 09 04 06:37:51.469    23871.469  0.2849 30.7505 110.7805  12.00   -inf  -nan   6  10  16   6 143.65
    8   2018 09 04 07:59:43.581    28783.581  0.4326 30.9905 110.2005   8.00   -inf  -nan  10   5  15   5  81.95
    9   2018 09 04 09:27:41.498    34061.498  0.4679 31.1205 110.0105  10.00   -inf  -nan   4   4   8   3 207.90
   10   2018 09 04 14:53:38.783    53618.783  0.3110 31.1805 110.1305   6.00   -inf  -nan   3   2   5   2 140.16
   11   2018 09 04 15:27:46.659    55666.659  0.3237 31.0505 110.4605   8.00   -inf  -nan   7   7  14   7 111.60
   12   2018 09 04 21:27:16.926    77236.926  0.3563 30.7805 110.7405   6.00   -inf  -nan  21   7  28   7  98.80
   13   2018 09 04 22:26:10.038    80770.038  0.2051 30.7505 110.7405  14.00   -inf  -nan   3   2   5   2 149.25
    1   2018 09 05 03:18:00.829    11880.829  0.2751 31.3005 110.0905   0.00   -inf  -nan   4   3   7   2 266.79
    2   2018 09 05 04:27:48.510    16068.510  0.3548 31.0905 110.7505   4.00   -inf  -nan   8  13  21   6 109.44
    3   2018 09 05 04:39:14.845    16754.845  0.2401 31.3105 110.8805   2.00   -inf  -nan   6   4  10   3 322.71
    4   2018 09 05 05:36:34.660    20194.660  0.4427 31.1405 110.3705   0.00   -inf  -nan  10  11  21   6 147.03
    5   2018 09 05 06:24:18.456    23058.456  0.2835 31.1205 110.0405   6.00   -inf  -nan  12   7  19   6 185.39
    6   2018 09 05 07:30:16.306    27016.306  0.3388 30.9805 110.4005   0.00   -inf  -nan  12   3  15   1 105.49
    7   2018 09 05 07:44:12.031    27852.031  0.1643 30.9005 109.7805  14.00   -inf  -nan   4   3   7   3 302.00
    8   2018 09 05 09:32:20.785    34340.785  0.2385 31.0605 109.7405  10.00   -inf  -nan   4   2   6   1 278.60
    9   2018 09 05 10:00:55.304    36055.304  0.3695 30.9005 109.7405  14.00   -inf  -nan   3   2   5   2 306.54
   10   2018 09 05 10:09:00.772    36540.772  0.2283 31.0205 109.8205  10.00   -inf  -nan   3   2   5   2 250.36
   11   2018 09 05 13:04:10.000    47050.000  0.1914 30.7705 110.7605  10.00   -inf  -nan   6   7  13   6 109.98
   12   2018 09 05 13:04:47.111    47087.111  0.2454 30.7905 110.7805   4.00   -inf  -nan   3   3   6   2 108.79
   13   2018 09 05 13:12:40.916    47560.916  0.1643 30.7805 110.7605   8.00   -inf  -nan   3   3   6   3 131.29
   14   2018 09 05 13:32:42.773    48762.773  0.2231 30.7705 110.7605  10.00   -inf  -nan   5   5  10   4 124.90
   15   2018 09 05 13:40:57.789    49257.789  0.2826 30.7905 110.7805   8.00   -inf  -nan   7   8  15   6 108.79
   16   2018 09 05 13:41:49.750    49309.750  0.1792 30.7805 110.7705  10.00   -inf  -nan   8   8  16   8 110.23
    1   2018 09 06 02:56:27.596    10587.596  0.4104 31.0605 109.7805   2.00   -inf  -nan   9   6  15   5 279.41
    2   2018 09 06 05:18:58.242    19138.242  0.4079 31.0005 110.1705   2.00   -inf  -nan  14   8  22   6  77.02
    3   2018 09 06 08:51:20.628    31880.628  0.2335 31.1305 110.0605   0.00   -inf  -nan   8   4  12   3 167.28
    4   2018 09 06 09:40:14.538    34814.538  0.2329 31.1605 109.8005   2.00   -inf  -nan   6   4  10   4 309.90
    5   2018 09 06 12:19:17.741    44357.741  0.1861 31.1605 110.0805  12.00   -inf  -nan   3   2   5   2 169.00
    6   2018 09 06 16:00:31.686    57631.686  0.2827 31.1005 110.0605  12.00   -inf  -nan   3   3   6   1 192.58
    7   2018 09 06 17:31:50.056    63110.056  0.4774 31.0605 110.4405   4.00   -inf  -nan   6   6  12   5 113.97
    8   2018 09 06 17:42:07.039    63727.039  0.2875 31.1805 110.3405   0.00   -inf  -nan   3   2   5   2 290.03
    1   2018 09 07 01:15:45.639     4545.639  0.3492 31.0905 110.1505   0.00   -inf  -nan   6   5  11   5 207.20
    2   2018 09 07 03:42:28.145    13348.145  0.1136 30.8505 110.2505   0.00   -inf  -nan   3   2   5   2 238.42
    3   2018 09 07 06:06:56.577    22016.577  0.1776 31.0505 110.2305  10.00   -inf  -nan   3   2   5   2 283.87
    4   2018 09 07 07:38:24.433    27504.433  0.2450 31.0105 110.1505   6.00   -inf  -nan  12   8  20   8 130.91
    5   2018 09 07 07:42:19.684    27739.684  0.2681 31.1305 110.0505   0.00   -inf  -nan   6   4  10   3 262.94
    6   2018 09 07 10:31:16.227    37876.227  0.2291 31.0105 110.1905   4.00   -inf  -nan   5   5  10   5 128.05
    7   2018 09 07 15:22:06.535    55326.535  0.2009 30.7705 110.7605  10.00   -inf  -nan   7   8  15   7 109.98
    8   2018 09 07 15:57:18.504    57438.504  0.1651 30.8505 111.0905   6.00   -inf  -nan   4   2   6   2 170.85
    9   2018 09 07 23:34:25.241    84865.241  0.2937 30.9305 110.8005  10.00   -inf  -nan  10  10  20   9 136.68
    1   2018 09 08 02:17:56.451     8276.451  0.2409 30.7705 111.0905   0.00   -inf  -nan   4   3   7   3 243.22
    2   2018 09 08 02:48:16.549    10096.549  0.1491 30.8105 111.2505   2.00   -inf  -nan   3   2   5   2 333.50
    3   2018 09 08 04:25:02.933    15902.933  0.3671 31.0205 109.8205   8.00   -inf  -nan   3   2   5   2 268.94
    4   2018 09 08 04:27:09.335    16029.335  0.3491 31.2805 110.8605   0.00   -inf  -nan   6   3   9   2 316.59
    5   2018 09 08 04:28:39.929    16119.929  0.2830 31.0205 109.8605   0.00   -inf  -nan   3   2   5   1 229.57
    6   2018 09 08 05:13:30.933    18810.933  0.3843 31.0205 110.4605   8.00   -inf  -nan  13   3  16   1  90.43
    7   2018 09 08 05:33:33.472    20013.472  0.2101 31.0105 110.4705   0.00   -inf  -nan   8   3  11   3  85.46
    8   2018 09 08 07:51:32.454    28292.454  0.2717 30.9505 110.9805   8.00   -inf  -nan   3   2   5   1 259.71
    9   2018 09 08 07:52:57.982    28377.982  0.3765 31.2005 110.0405   6.00   -inf  -nan  10   4  14   3 173.24
   10   2018 09 08 08:26:55.884    30415.884  0.3467 31.2005 110.0405   6.00   -inf  -nan  10   5  15   4 173.24
   11   2018 09 08 08:33:58.993    30838.993  0.3814 30.9805 110.3605   0.00   -inf  -nan   9   4  13   3  99.05
   12   2018 09 08 09:11:12.548    33072.548  0.3170 30.8505 111.1605   4.00   -inf  -nan   3   2   5   2 246.31
   13   2018 09 08 09:53:43.725    35623.725  0.4005 31.0105 110.1505   6.00   -inf  -nan  17  11  28  10  82.78
   14   2018 09 08 09:56:06.780    35766.780  0.4006 31.1205 109.7705   0.00   -inf  -nan   8   4  12   3 307.79
   15   2018 09 08 10:00:52.383    36052.383  0.4428 31.0205 109.7805   4.00   -inf  -nan   3   2   5   1 267.00
   16   2018 09 08 10:09:13.773    36553.773  0.1913 31.1005 109.8905   0.00   -inf  -nan   3   2   5   2 303.56
   17   2018 09 08 10:52:35.395    39155.395  0.3662 31.0205 109.8905   8.00   -inf  -nan   3   2   5   1 211.61
   18   2018 09 08 10:55:04.424    39304.424  0.1983 31.1205 109.8805  14.00   -inf  -nan   3   2   5   1 283.43
   19   2018 09 08 16:12:52.571    58372.571  0.2888 30.8905 110.7605   8.00   -inf  -nan   3   4   7   2 176.33
   20   2018 09 08 17:37:00.786    63420.786  0.3412 31.0505 110.4505   4.00   -inf  -nan  16  16  32  14 106.33
   21   2018 09 08 18:46:00.874    67560.874  0.1162 30.8105 111.1305   4.00   -inf  -nan   3   2   5   2 233.30
   22   2018 09 08 19:09:27.312    68967.312  0.2266 30.8905 111.1305   0.00   -inf  -nan   3   2   5   2 164.15
   23   2018 09 08 22:01:07.352    79267.352  0.2876 30.9905 110.6005   6.00   -inf  -nan  14  15  29  12  61.36
   24   2018 09 08 22:59:53.304    82793.304  0.2046 30.8905 111.1305   2.00   -inf  -nan   3   3   6   3 164.15
   25   2018 09 08 23:38:19.697    85099.697  0.1973 30.8905 111.0005   6.00   -inf  -nan   3   2   5   1 216.34
    1   2018 09 09 03:08:13.571    11293.571  0.3567 31.0805 109.8505  12.00   -inf  -nan   9   4  13   4 286.81
    2   2018 09 09 03:34:16.830    12856.830  0.3166 31.0605 109.8105   0.00   -inf  -nan  10   6  16   3 255.13
    3   2018 09 09 04:00:32.766    14432.766  0.2779 30.7705 111.2005   8.00   -inf  -nan   5   2   7   2 309.05
    4   2018 09 09 04:24:08.379    15848.379  0.3201 30.7805 110.3805   0.00   -inf  -nan   5   3   8   2 204.59
    5   2018 09 09 04:48:54.986    17334.986  0.2437 31.2305 110.8005   4.00   -inf  -nan   4   2   6   2 287.41
    6   2018 09 09 06:36:41.497    23801.497  0.2946 30.7805 110.9305   6.00   -inf  -nan   9   5  14   5 157.56
    7   2018 09 09 08:28:02.200    30482.200  0.2903 31.0205 109.7805  12.00   -inf  -nan   3   2   5   2 267.00
    8   2018 09 09 08:29:54.156    30594.156  0.2840 30.7705 110.8405   4.00   -inf  -nan   5   2   7   1 152.09
    9   2018 09 09 09:24:22.333    33862.333  0.2315 30.7305 111.2105   0.00   -inf  -nan   4   2   6   1 322.55
   10   2018 09 09 09:37:22.732    34642.732  0.2600 30.8105 111.2505   2.00   -inf  -nan   5   2   7   2 309.78
   11   2018 09 09 10:33:11.584    37991.584  0.4630 30.9805 109.9805  14.00   -inf  -nan  10  10  20   9 143.64
   12   2018 09 09 13:59:54.050    50394.050  0.3415 31.0105 110.5105  12.00   -inf  -nan   5   3   8   2  96.57
   13   2018 09 09 14:22:56.511    51776.511  0.0795 31.0905 110.4205   0.00   -inf  -nan   3   2   5   2 297.50
   14   2018 09 09 15:54:11.044    57251.044  0.3799 31.0505 110.4705   0.00   -inf  -nan   4   5   9   4 208.71
   15   2018 09 09 17:46:44.125    64004.125  0.1726 30.9305 110.2505   6.00   -inf  -nan   7   6  13   6 161.74
   16   2018 09 09 18:28:13.225    66493.225  0.1816 30.8905 111.0405   2.00   -inf  -nan   3   2   5   1 158.22
   17   2018 09 09 19:05:28.574    68728.574  0.3656 30.9005 111.1105   6.00   -inf  -nan   4   2   6   2 240.25
   18   2018 09 09 19:09:13.312    68953.312  0.3124 31.0505 110.4505   8.00   -inf  -nan  16  14  30  13 106.33
   19   2018 09 09 19:24:04.794    69844.794  0.2041 31.1805 110.1305  10.00   -inf  -nan   3   2   5   2 140.16
   20   2018 09 09 22:26:50.285    80810.285  0.3193 31.1705 110.3105   0.00   -inf  -nan   4   2   6   1 184.34
    1   2018 09 10 03:30:46.682    12646.682  0.3600 30.9705 110.3905   8.00   -inf  -nan   8   5  13   4 115.41
    2   2018 09 10 03:39:43.342    13183.342  0.4459 31.1005 109.9405  10.00   -inf  -nan  12   6  18   5 232.93
    3   2018 09 10 04:19:05.389    15545.389  0.3348 30.8105 111.0005   6.00   -inf  -nan   4   2   6   1 219.88
    4   2018 09 10 04:22:39.793    15759.793  0.3825 30.9705 110.8005   0.00   -inf  -nan  15   5  20   4  60.56
    5   2018 09 10 05:09:03.574    18543.574  0.3703 30.9005 110.7205   0.00   -inf  -nan  15   5  20   5  94.62
    6   2018 09 10 05:16:48.349    19008.349  0.2376 31.2405 109.8805   4.00   -inf  -nan   6   4  10   4 325.36
    7   2018 09 10 05:47:48.020    20868.020  0.3611 31.1005 109.7805   2.00   -inf  -nan   4   2   6   2 269.41
    8   2018 09 10 07:21:02.806    26462.806  0.2623 30.7305 110.8405   8.00   -inf  -nan   8   5  13   5 195.65
    9   2018 09 10 07:23:44.804    26624.804  0.1768 30.8105 111.2105   6.00   -inf  -nan   5   2   7   2 304.80
   10   2018 09 10 07:46:30.870    27990.870  0.0980 30.8905 111.1305   8.00   -inf  -nan   3   2   5   2 311.06
   11   2018 09 10 08:23:34.647    30214.647  0.4657 30.7405 110.2405   0.00   -inf  -nan   4   4   8   3 293.05
   12   2018 09 10 08:26:02.579    30362.579  0.3804 30.8505 111.2105   2.00   -inf  -nan   4   2   6   2 300.74
   13   2018 09 10 09:46:02.074    35162.074  0.3853 30.8305 110.9805   4.00   -inf  -nan   4   3   7   2 161.45
   14   2018 09 10 09:48:14.856    35294.856  0.4894 31.0605 110.3205   8.00   -inf  -nan   3   3   6   1 185.98
   15   2018 09 10 10:01:01.822    36061.822  0.4236 31.1205 109.7705   0.00   -inf  -nan   5   5  10   4 307.79
   16   2018 09 10 11:40:27.218    42027.218  0.3813 31.0105 110.1505   4.00   -inf  -nan  17  10  27  10  82.78
   17   2018 09 10 15:51:20.403    57080.403  0.4488 31.0505 110.1505   4.00   -inf  -nan  10  10  20  10 107.08
   18   2018 09 10 16:36:22.838    59782.838  0.3606 30.8605 111.0305   8.00   -inf  -nan   4   2   6   1 125.54
   19   2018 09 10 16:56:48.391    61008.391  0.2340 30.8905 111.1305   4.00   -inf  -nan   5   3   8   3 263.35
   20   2018 09 10 19:41:56.836    70916.836  0.1304 31.2105 110.5505   2.00   -inf  -nan   4   2   6   2 223.23
   21   2018 09 10 21:58:22.825    79102.825  0.2515 31.2005 110.5405   2.00   -inf  -nan   5   2   7   1 187.34
    1   2018 09 11 01:49:02.340     6542.340  0.3966 30.7705 111.1205   0.00   -inf  -nan   5   2   7   1 291.59
    2   2018 09 11 05:50:24.407    21024.407  0.4072 31.0505 110.1505   6.00   -inf  -nan   3   4   7   2 141.77
    3   2018 09 11 05:55:26.662    21326.662  0.1608 31.0805 110.1705   2.00   -inf  -nan   4   5   9   3 193.55
    4   2018 09 11 07:31:22.648    27082.648  0.3983 31.0105 110.5305   0.00   -inf  -nan  14   9  23   7  80.16
    5   2018 09 11 08:05:50.507    29150.507  0.3886 31.0905 110.1905   4.00   -inf  -nan  10   9  19   8 117.80
    6   2018 09 11 08:08:23.532    29303.532  0.2750 30.8605 110.9305   2.00   -inf  -nan   8   5  13   5  85.90
    7   2018 09 11 08:59:24.236    32364.236  0.3906 31.1405 110.3705   0.00   -inf  -nan  13   6  19   4 147.03
    8   2018 09 11 09:01:01.193    32461.193  0.1988 30.8905 111.0405   4.00   -inf  -nan   5   4   9   4 158.22
    9   2018 09 11 09:27:48.737    34068.737  0.3070 30.8905 111.1305  20.00   -inf  -nan   3   3   6   3 263.35
   10   2018 09 11 10:28:33.780    37713.780  0.1781 30.8505 111.1305   4.00   -inf  -nan   5   5  10   5 283.92
   11   2018 09 11 10:29:12.575    37752.575  0.3692 31.0105 110.1505   4.00   -inf  -nan  14   4  18   4  82.78
   12   2018 09 11 16:32:43.884    59563.884  0.3229 31.0805 110.7805   6.00   -inf  -nan   5   3   8   3 160.57
   13   2018 09 11 17:06:09.159    61569.159  0.1455 30.8505 111.0805   6.00   -inf  -nan   3   3   6   3 153.82
   14   2018 09 11 18:45:41.412    67541.412  0.2383 30.8305 110.6805  10.00   -inf  -nan   4   4   8   4 210.70
   15   2018 09 11 20:23:05.274    73385.274  0.2369 31.0905 110.4205   0.00   -inf  -nan   4   5   9   3 131.66
    1   2018 09 12 01:22:54.139     4974.139  0.1571 30.8905 111.0405   4.00   -inf  -nan   5   2   7   1 204.51
    2   2018 09 12 02:22:46.516     8566.516  0.2411 30.8105 111.1705   0.00   -inf  -nan   4   2   6   2 321.97
    3   2018 09 12 02:40:31.189     9631.189  0.3623 31.0605 109.8105   0.00   -inf  -nan   6   5  11   2 255.13
    4   2018 09 12 03:46:45.774    13605.774  0.3965 31.0805 109.8505  20.00   -inf  -nan   5   7  12   4 286.81
    5   2018 09 12 03:50:38.253    13838.253  0.3801 31.0205 109.7805   8.00   -inf  -nan   7   7  14   4 267.00
    6   2018 09 12 04:10:14.198    15014.198  0.3643 31.2405 110.8205   0.00   -inf  -nan  14   5  19   4 254.73
    7   2018 09 12 05:16:04.102    18964.102  0.3270 30.9805 109.8605   4.00   -inf  -nan   5   2   7   1 231.63
    8   2018 09 12 05:17:22.282    19042.282  0.3428 31.2005 110.8205   0.00   -inf  -nan   7   3  10   3 248.28
    9   2018 09 12 05:24:33.805    19473.805  0.3027 30.8605 110.8905   4.00   -inf  -nan  15   3  18   3  63.71
   10   2018 09 12 05:35:09.633    20109.633  0.3002 31.0105 110.1505   6.00   -inf  -nan   8   5  13   5 204.26
   11   2018 09 12 05:45:02.853    20702.853  0.1927 30.8705 110.9005   2.00   -inf  -nan   8   4  12   4  87.07
   12   2018 09 12 06:51:52.783    24712.783  0.2206 31.2105 110.0705   0.00   -inf  -nan   7   3  10   3 185.34
   13   2018 09 12 06:54:10.909    24850.909  0.1059 30.8505 111.0905   6.00   -inf  -nan   5   2   7   2 250.85
   14   2018 09 12 08:39:17.516    31157.516  0.1597 31.0205 109.9005   2.00   -inf  -nan   3   2   5   2 205.32
   15   2018 09 12 08:42:17.270    31337.270  0.3303 31.0605 109.7805   0.00   -inf  -nan   3   2   5   1 266.25
   16   2018 09 12 08:45:54.220    31554.220  0.2340 30.9405 109.9805  12.00   -inf  -nan   3   2   5   2 155.59
   17   2018 09 12 09:28:34.079    34114.079  0.4367 30.9305 110.9205   8.00   -inf  -nan  10   2  12   2 109.48
   18   2018 09 12 09:47:19.571    35239.571  0.2542 30.8505 111.1305   6.00   -inf  -nan  11   5  16   5 283.92
   19   2018 09 12 17:42:21.677    63741.677  0.3331 31.1305 110.2305   0.00   -inf  -nan   7   7  14   7 101.40
   20   2018 09 12 19:22:23.957    69743.957  0.0750 30.8905 111.1305   6.00   -inf  -nan   3   2   5   2 311.06
    1   2018 09 13 00:00:27.235       27.235  0.4816 31.0805 109.9605  10.00   -inf  -nan  11  10  21   8 179.79
    2   2018 09 13 02:12:40.423     7960.423  0.1775 30.7705 111.0905   0.00   -inf  -nan   3   5   8   2 258.92
    3   2018 09 13 03:44:23.299    13463.299  0.4112 31.1505 110.3205  16.00   -inf  -nan   9   9  18   8 142.58
    4   2018 09 13 03:59:42.938    14382.938  0.4854 31.1905 110.3605   0.00   -inf  -nan   7   6  13   2 194.23
    5   2018 09 13 04:09:10.685    14950.685  0.3624 31.1305 110.8805   0.00   -inf  -nan  14   9  23   8 197.34
    6   2018 09 13 04:13:54.441    15234.441  0.3779 31.2405 110.0805   0.00   -inf  -nan   5   4   9   3 220.83
    7   2018 09 13 04:15:28.475    15328.475  0.2642 30.9305 110.9605   4.00   -inf  -nan  10   5  15   4 153.74
    8   2018 09 13 04:53:18.543    17598.543  0.2856 31.0205 109.7805   6.00   -inf  -nan   9   6  15   5 267.00
    9   2018 09 13 05:06:40.592    18400.592  0.3603 31.0205 110.1405   4.00   -inf  -nan  14   7  21   7  86.24
   10   2018 09 13 05:23:06.973    19386.973  0.2712 30.8505 110.4805   0.00   -inf  -nan   5   4   9   3 222.49
   11   2018 09 13 05:57:53.419    21473.419  0.2767 31.0205 109.7805   4.00   -inf  -nan   8   5  13   3 267.00
   12   2018 09 13 06:05:11.286    21911.286  0.4040 31.0205 109.8205   0.00   -inf  -nan  10   8  18   5 250.36
   13   2018 09 13 06:35:13.179    23713.179  0.2656 30.9805 109.8205  16.00   -inf  -nan   4   2   6   2 255.57
   14   2018 09 13 06:47:54.213    24474.213  0.1551 30.7805 111.2505   2.00   -inf  -nan   4   2   6   2 286.07
   15   2018 09 13 06:53:56.343    24836.343  0.3306 30.7405 110.4405   0.00   -inf  -nan   7   4  11   3 234.55
   16   2018 09 13 08:37:11.548    31031.548  0.3496 30.9705 109.9505   6.00   -inf  -nan   4   2   6   1 158.85
   17   2018 09 13 08:39:24.973    31164.973  0.2642 30.8505 111.1305   6.00   -inf  -nan  11   5  16   5 210.25
   18   2018 09 13 08:44:33.746    31473.746  0.2857 30.9405 109.9005  14.00   -inf  -nan   6   2   8   2 197.69
   19   2018 09 13 08:55:06.443    32106.443  0.1428 30.8905 111.2405   6.00   -inf  -nan   3   2   5   1 294.12
   20   2018 09 13 08:59:06.562    32346.562  0.4134 31.0205 109.8605   2.00   -inf  -nan   3   2   5   2 229.57
   21   2018 09 13 09:53:36.907    35616.907  0.2789 30.7305 110.8005   6.00   -inf  -nan   8   3  11   3 182.42
   22   2018 09 13 10:53:19.380    39199.380  0.3973 30.7105 110.8205   8.00   -inf  -nan   8   3  11   3 215.86
   23   2018 09 13 15:47:04.285    56824.285  0.3661 31.0805 110.0405  12.00   -inf  -nan  13   9  22   8 198.51
   24   2018 09 13 15:50:37.261    57037.261  0.3927 31.0505 110.4305   8.00   -inf  -nan  17  14  31  12  98.75
   25   2018 09 13 17:02:17.210    61337.210  0.3378 31.1705 110.3405   0.00   -inf  -nan   3   2   5   2 281.77
   26   2018 09 13 17:40:40.118    63640.118  0.1128 30.8605 111.0905   6.00   -inf  -nan   4   3   7   3 128.67
   27   2018 09 13 19:16:14.191    69374.191  0.2248 31.1605 110.1205  14.00   -inf  -nan   3   2   5   2 151.27
   28   2018 09 13 22:04:18.686    79458.686  0.2010 30.8905 111.1305   4.00   -inf  -nan   4   4   8   3 164.15
   29   2018 09 13 23:01:30.071    82890.071  0.2536 30.8505 111.1305   6.00   -inf  -nan  15   7  22   7 210.25
    1   2018 09 14 00:58:55.929     3535.929  0.4141 31.0805 109.9605  10.00   -inf  -nan  11   9  20   7 179.79
    2   2018 09 14 02:30:12.145     9012.145  0.1671 30.9405 110.7805  10.00   -inf  -nan   5   4   9   4 146.46
    3   2018 09 14 02:47:03.229    10023.229  0.2527 31.1805 109.9305   0.00   -inf  -nan   4   3   7   3 246.60
    4   2018 09 14 03:00:12.253    10812.253  0.3491 31.1705 109.9105   2.00   -inf  -nan   3   2   5   1 247.13
    5   2018 09 14 03:18:27.155    11907.155  0.1125 30.9205 110.2105   8.00   -inf  -nan   3   2   5   2 184.42
    6   2018 09 14 05:05:27.063    18327.063  0.3568 31.0505 110.2705   6.00   -inf  -nan   9   8  17   7  87.70
    7   2018 09 14 06:25:24.259    23124.259  0.2291 30.9805 109.7005   2.00   -inf  -nan   3   2   5   2 294.52
    8   2018 09 14 06:43:53.710    24233.710  0.1879 31.1105 110.6005  10.00   -inf  -nan   3   2   5   1 189.99
    9   2018 09 14 06:53:05.286    24785.286  0.3867 31.1205 110.6205   0.00   -inf  -nan   5   2   7   1 148.34
   10   2018 09 14 07:10:12.415    25812.415  0.4799 30.8105 110.9205   4.00   -inf  -nan   7   6  13   5  90.01
   11   2018 09 14 07:23:32.017    26612.017  0.2899 31.0105 110.1505   4.00   -inf  -nan  15   2  17   1  82.78
   12   2018 09 14 07:30:47.308    27047.308  0.2577 30.9405 110.7605  10.00   -inf  -nan   5   5  10   5 161.80
   13   2018 09 14 08:10:26.828    29426.828  0.2864 31.0005 110.0505  10.00   -inf  -nan   5   2   7   2 200.10
   14   2018 09 14 08:22:06.750    30126.750  0.3362 30.8505 111.2805  12.00   -inf  -nan   6   3   9   2 294.25
   15   2018 09 14 08:37:39.755    31059.755  0.4346 30.8205 110.8905   4.00   -inf  -nan   5   2   7   1 150.77
   16   2018 09 14 10:24:26.300    37466.300  0.3042 31.1205 110.0405   4.00   -inf  -nan   8   2  10   2 185.39
   17   2018 09 14 13:09:19.695    47359.695  0.3733 31.0505 110.4605   0.00   -inf  -nan  15  15  30  12 109.45
   18   2018 09 14 14:05:06.621    50706.621  0.4760 31.1805 110.2505  20.00   -inf  -nan   3   2   5   2 166.46
   19   2018 09 14 14:05:15.685    50715.685  0.3315 30.7905 110.7805   6.00   -inf  -nan   5   4   9   3 108.79
   20   2018 09 14 15:16:41.713    55001.713  0.1818 30.8505 111.1305   8.00   -inf  -nan   5   2   7   2 210.75
   21   2018 09 14 15:43:31.401    56611.401  0.3224 31.0305 110.5605   4.00   -inf  -nan  10   8  18   8 109.29
   22   2018 09 14 22:14:16.521    80056.521  0.2413 30.8505 111.1305   8.00   -inf  -nan   3   3   6   3 232.15
   23   2018 09 14 23:16:16.581    83776.581  0.1765 30.8505 111.1305   4.00   -inf  -nan   7   4  11   3 210.25
    1   2018 09 15 02:44:17.455     9857.455  0.3584 31.2005 110.0005  12.00   -inf  -nan   8   6  14   5 223.19
    2   2018 09 15 02:45:29.879     9929.879  0.1732 30.9805 109.7405  14.00   -inf  -nan   3   2   5   2 285.17
    3   2018 09 15 03:21:35.888    12095.888  0.2394 30.8205 110.8905   0.00   -inf  -nan   4   2   6   1 139.82
    4   2018 09 15 03:56:56.777    14216.777  0.4735 30.6905 111.2505  10.00   -inf  -nan   6   4  10   3 298.16
    5   2018 09 15 06:12:59.111    22379.111  0.3620 31.1005 109.9705   0.00   -inf  -nan  10  10  20   6 223.11
    6   2018 09 15 07:31:07.446    27067.446  0.2802 30.7705 110.9205   6.00   -inf  -nan   5   4   9   4 187.23
    7   2018 09 15 07:44:47.811    27887.811  0.4121 31.0405 109.8405   8.00   -inf  -nan   3   2   5   1 240.78
    8   2018 09 15 08:02:39.380    28959.380  0.2337 31.0305 110.4405   8.00   -inf  -nan   3   2   5   1 146.78
    9   2018 09 15 08:35:06.836    30906.836  0.1919 30.8505 111.1305   6.00   -inf  -nan   9   8  17   5 210.25
   10   2018 09 15 09:03:34.774    32614.774  0.2104 30.9105 110.9005   2.00   -inf  -nan   8   4  12   4 149.12
   11   2018 09 15 09:23:47.177    33827.177  0.2225 30.7905 110.7405  12.00   -inf  -nan   3   3   6   2 220.51
   12   2018 09 15 11:13:18.906    40398.906  0.3033 31.0105 110.1505   6.00   -inf  -nan  19   4  23   4  82.78
   13   2018 09 15 23:06:01.273    83161.273  0.1946 30.8105 111.1305   2.00   -inf  -nan   3   2   5   2 233.30
   14   2018 09 15 23:10:33.240    83433.240  0.1827 30.8505 111.1305   6.00   -inf  -nan  12   5  17   5 210.25
    1   2018 09 16 00:41:49.094     2509.094  0.3344 30.9405 110.4605   6.00   -inf  -nan   5   5  10   5 114.02
    2   2018 09 16 02:15:48.215     8148.215  0.2845 30.7805 110.9705  10.00   -inf  -nan   3   3   6   2 213.13
    3   2018 09 16 02:47:25.766    10045.766  0.3160 30.9805 110.4005   0.00   -inf  -nan   6   3   9   2 111.47
    4   2018 09 16 03:10:36.604    11436.604  0.3975 30.9705 110.3705   0.00   -inf  -nan   3   2   5   1 105.26
    5   2018 09 16 03:29:10.500    12550.500  0.2170 31.1205 110.0405   4.00   -inf  -nan  10   4  14   3 185.39
    6   2018 09 16 04:08:53.714    14933.714  0.3049 31.0205 110.4405   0.00   -inf  -nan  10   2  12   1 101.35
    7   2018 09 16 04:17:06.254    15426.254  0.1218 30.8505 111.0905   4.00   -inf  -nan   5   2   7   2 170.85
    8   2018 09 16 04:29:03.969    16143.969  0.3687 30.9705 110.3705   2.00   -inf  -nan  10   4  14   3  88.31
    9   2018 09 16 04:33:04.618    16384.618  0.3688 31.0205 109.8205   4.00   -inf  -nan   7   4  11   3 250.36
   10   2018 09 16 04:52:57.938    17577.938  0.1353 31.0805 109.9205   0.00   -inf  -nan   7   2   9   2 262.99
   11   2018 09 16 05:23:35.492    19415.492  0.3021 30.9005 110.7205   0.00   -inf  -nan  14   7  21   7  94.62
   12   2018 09 16 05:47:37.014    20857.014  0.2415 31.3205 110.0405   4.00   -inf  -nan  11   4  15   4 268.27
   13   2018 09 16 09:05:30.088    32730.088  0.2610 30.9705 110.5905   0.00   -inf  -nan   9   2  11   1  84.20
   14   2018 09 16 09:26:29.576    33989.576  0.1065 30.8505 111.1305   6.00   -inf  -nan   4   4   8   3 210.75
   15   2018 09 16 09:29:57.877    34197.877  0.1802 30.8505 111.0905   4.00   -inf  -nan   5   4   9   4 170.85
   16   2018 09 16 10:26:02.397    37562.397  0.2111 30.9705 110.3305   0.00   -inf  -nan   5   2   7   1 131.94
   17   2018 09 16 10:35:57.605    38157.605  0.3615 31.1605 109.7705  18.00   -inf  -nan   6   2   8   2 313.68
   18   2018 09 16 16:27:31.644    59251.644  0.2799 30.8505 111.0405   4.00   -inf  -nan   4   2   6   1 142.83
   19   2018 09 16 22:47:12.167    82032.167  0.1933 30.8505 111.0905   4.00   -inf  -nan   3   4   7   2 170.85
   20   2018 09 16 23:16:50.903    83810.903  0.2478 31.1305 110.0505   4.00   -inf  -nan   9   2  11   2 174.02
    1   2018 09 17 03:28:38.877    12518.877  0.2886 31.0105 110.1505   4.00   -inf  -nan  15   3  18   3  82.78
    2   2018 09 17 03:51:05.586    13865.586  0.4355 31.0205 109.8205   0.00   -inf  -nan   6   4  10   2 250.36
    3   2018 09 17 03:56:54.327    14214.327  0.4237 30.9805 110.4005   0.00   -inf  -nan  14   7  21   6  82.74
    4   2018 09 17 04:00:14.390    14414.390  0.3581 31.0205 109.7405  10.00   -inf  -nan   8   4  12   3 279.99
    5   2018 09 17 04:24:29.689    15869.689  0.1336 30.7005 110.4605   2.00   -inf  -nan   5   2   7   1 262.89
    6   2018 09 17 04:45:37.949    17137.949  0.2428 30.7305 111.0505   2.00   -inf  -nan   3   3   6   2 279.47
    7   2018 09 17 05:19:29.979    19169.979  0.3393 30.8305 110.7405   6.00   -inf  -nan   8   4  12   3 105.75
    8   2018 09 17 05:22:35.021    19355.021  0.2269 30.9605 109.6805   8.00   -inf  -nan   5   2   7   2 301.24
    9   2018 09 17 06:56:53.767    25013.767  0.2496 30.8505 111.1305   6.00   -inf  -nan  11   5  16   5 210.75
   10   2018 09 17 07:06:19.526    25579.526  0.3001 31.1705 110.3805   0.00   -inf  -nan   8   7  15   4 185.50
   11   2018 09 17 08:25:44.552    30344.552  0.2927 31.1205 110.0405   6.00   -inf  -nan  13   8  21   6 185.39
   12   2018 09 17 08:50:21.256    31821.256  0.4467 30.7705 111.0905   4.00   -inf  -nan   3   2   5   1 243.22
   13   2018 09 17 08:57:21.500    32241.500  0.3391 30.9405 110.6005   8.00   -inf  -nan  13   5  18   4 111.54
   14   2018 09 17 13:30:24.538    48624.538  0.2137 30.8905 111.1705  12.00   -inf  -nan   5   2   7   2 206.94
   15   2018 09 17 14:43:48.340    53028.340  0.1083 31.0205 110.8205   4.00   -inf  -nan   4   2   6   2 275.84
   16   2018 09 17 15:43:49.323    56629.323  0.2422 31.0905 110.0705   0.00   -inf  -nan  10   5  15   5 177.67
   17   2018 09 17 21:28:42.525    77322.525  0.1775 30.8905 111.1605  10.00   -inf  -nan   6   2   8   2 195.54
    1   2018 09 18 00:10:58.084      658.084  0.3981 31.0505 110.4305   6.00   -inf  -nan   3   4   7   2 213.27
    2   2018 09 18 02:31:29.556     9089.556  0.3858 31.0505 110.1505   6.00   -inf  -nan  11   9  20   9 107.08
    3   2018 09 18 02:34:02.791     9242.791  0.2450 31.1205 109.8005   2.00   -inf  -nan   4   3   7   3 266.40
    4   2018 09 18 03:06:31.450    11191.450  0.2034 30.8105 111.2805  10.00   -inf  -nan   6   3   9   3 294.33
    5   2018 09 18 03:18:20.810    11900.810  0.1343 30.8505 111.0905   4.00   -inf  -nan   6   4  10   4 170.85
    6   2018 09 18 03:19:04.239    11944.239  0.2159 30.8505 111.0905   6.00   -inf  -nan   5   2   7   2 170.85
    7   2018 09 18 03:28:10.609    12490.609  0.1981 30.8505 111.0905   8.00   -inf  -nan   5   2   7   2 170.85
    8   2018 09 18 03:37:48.780    13068.780  0.3543 31.0305 110.4805   0.00   -inf  -nan   6   3   9   3 196.40
    9   2018 09 18 03:44:28.936    13468.936  0.2117 31.2405 111.0205  12.00   -inf  -nan   3   2   5   1 287.51
   10   2018 09 18 03:57:05.970    14225.970  0.3087 30.8905 110.7205   0.00   -inf  -nan   5   3   8   2  97.68
   11   2018 09 18 07:02:56.975    25376.975  0.1307 30.8105 111.2805   6.00   -inf  -nan   4   3   7   2 294.33
   12   2018 09 18 07:27:44.965    26864.965  0.1285 30.7805 111.2905   2.00   -inf  -nan   4   2   6   2 297.41
   13   2018 09 18 08:33:04.223    30784.223  0.1305 30.8705 110.9005   2.00   -inf  -nan   5   2   7   2 128.90
   14   2018 09 18 08:52:11.624    31931.624  0.3053 30.8905 111.0905   0.00   -inf  -nan   9   3  12   3 132.62
   15   2018 09 18 09:24:43.151    33883.151  0.1315 30.8505 111.1305   4.00   -inf  -nan   9   5  14   4 210.25
   16   2018 09 18 09:43:37.600    35017.600  0.3412 30.9405 110.6005   8.00   -inf  -nan  15   5  20   4  99.02
   17   2018 09 18 14:53:12.884    53592.884  0.2208 30.8505 111.1305   6.00   -inf  -nan   5   2   7   2 210.75
   18   2018 09 18 15:23:31.609    55411.609  0.3815 31.1705 110.3405   6.00   -inf  -nan   5   2   7   2 206.23
   19   2018 09 18 17:32:25.311    63145.311  0.1903 30.8905 111.1305   6.00   -inf  -nan   5   3   8   3 164.15
   20   2018 09 18 18:47:29.709    67649.709  0.3176 31.0805 110.2905   0.00   -inf  -nan  12   8  20   7  83.70
   21   2018 09 18 21:31:06.256    77466.256  0.2223 31.1805 110.1305  12.00   -inf  -nan   3   2   5   2 140.16
    1   2018 09 19 00:15:33.530      933.530  0.2352 30.8505 111.0805   4.00   -inf  -nan   4   4   8   3 153.82
    2   2018 09 19 02:55:16.049    10516.049  0.2726 30.8905 111.0505   4.00   -inf  -nan   5   3   8   3 163.66
    3   2018 09 19 03:07:46.019    11266.019  0.2285 30.9805 110.5805   2.00   -inf  -nan   7   4  11   3 136.30
    4   2018 09 19 03:36:58.082    13018.082  0.2650 31.0205 110.1405   6.00   -inf  -nan  15   4  19   4  86.24
    5   2018 09 19 03:45:15.879    13515.879  0.2262 30.8205 111.1305   4.00   -inf  -nan   5   3   8   3 228.06
    6   2018 09 19 04:29:57.584    16197.584  0.4473 31.0205 110.4405   0.00   -inf  -nan  13  10  23   8  90.01
    7   2018 09 19 04:34:51.924    16491.924  0.3958 31.0205 109.8205   0.00   -inf  -nan  10   7  17   6 250.36
    8   2018 09 19 04:36:44.129    16604.129  0.4150 31.0205 109.7805   4.00   -inf  -nan   9   6  15   5 267.00
    9   2018 09 19 04:42:15.729    16935.729  0.3374 30.8705 110.9205   0.00   -inf  -nan  15   6  21   6 128.66
   10   2018 09 19 04:51:35.011    17495.011  0.3382 31.2405 110.0405   8.00   -inf  -nan  12   8  20   7 237.39
   11   2018 09 19 05:06:19.497    18379.497  0.4161 31.2005 109.8805   2.00   -inf  -nan   4   3   7   3 269.34
   12   2018 09 19 05:22:13.977    19333.977  0.3556 31.2005 109.8805   2.00   -inf  -nan   3   3   6   2 269.34
   13   2018 09 19 05:55:47.335    21347.335  0.2884 30.8505 111.1605   6.00   -inf  -nan   4   3   7   2 227.22
   14   2018 09 19 05:56:37.013    21397.013  0.3735 30.8905 111.1605  10.00   -inf  -nan   3   2   5   2 195.54
   15   2018 09 19 06:21:11.411    22871.411  0.2297 30.8505 111.1305   8.00   -inf  -nan   3   2   5   2 232.15
   16   2018 09 19 07:50:01.312    28201.312  0.2137 30.9005 110.7205   6.00   -inf  -nan   7   2   9   1  94.62
   17   2018 09 19 07:58:45.713    28725.713  0.3596 31.2905 110.8405   6.00   -inf  -nan  17   7  24   7 236.82
   18   2018 09 19 08:07:29.672    29249.672  0.3781 30.8805 110.0905   6.00   -inf  -nan   8   5  13   4 302.35
   19   2018 09 19 08:17:40.838    29860.838  0.2278 30.8105 111.2405   4.00   -inf  -nan   5   4   9   3 279.73
   20   2018 09 19 08:28:25.165    30505.165  0.4265 30.9705 110.3705   0.00   -inf  -nan   8   5  13   4  88.31
   21   2018 09 19 08:48:54.280    31734.280  0.2368 30.8105 111.2105   0.00   -inf  -nan   4   3   7   2 329.16
   22   2018 09 19 08:55:15.915    32115.915  0.3694 30.9905 110.8205   0.00   -inf  -nan   8   8  16   4 112.21
   23   2018 09 19 09:08:42.923    32922.923  0.1571 30.8505 111.1305   6.00   -inf  -nan  10   7  17   7 210.25
   24   2018 09 19 09:28:05.967    34085.967  0.3166 30.8505 111.1305   6.00   -inf  -nan   4   4   8   3 210.75
   25   2018 09 19 09:37:15.018    34635.018  0.4551 31.0105 109.9105   0.00   -inf  -nan   3   2   5   2 226.29
   26   2018 09 19 09:40:17.328    34817.328  0.3764 31.0205 109.8605   6.00   -inf  -nan   3   2   5   2 252.29
   27   2018 09 19 10:02:17.011    36137.011  0.1688 31.2005 110.8605   0.00   -inf  -nan   3   2   5   1 270.99
   28   2018 09 19 10:13:53.351    36833.351  0.2631 30.9705 110.5905   0.00   -inf  -nan  10   5  15   4  89.07
   29   2018 09 19 10:21:12.648    37272.648  0.3734 31.0105 110.1505   4.00   -inf  -nan  13   5  18   5  82.78
   30   2018 09 19 13:55:28.220    50128.220  0.3167 31.0505 110.2205   6.00   -inf  -nan   4   3   7   2 111.77
   31   2018 09 19 15:06:05.564    54365.564  0.1926 31.2105 110.5505   0.00   -inf  -nan   6   2   8   2 192.64
   32   2018 09 19 16:43:48.056    60228.056  0.1243 31.1705 110.3405   0.00   -inf  -nan   3   2   5   2 281.77
   33   2018 09 19 17:27:53.384    62873.384  0.3819 30.8505 111.1705  10.00   -inf  -nan   7   3  10   3 233.42
   34   2018 09 19 17:46:49.402    64009.402  0.2706 31.2005 109.7605   0.00   -inf  -nan   3   2   5   2 336.67
   35   2018 09 19 23:42:38.596    85358.596  0.3055 30.9405 110.7705  12.00   -inf  -nan  19  17  36  16  89.60
    1   2018 09 20 00:04:35.199      275.199  0.3305 30.8505 111.0405   4.00   -inf  -nan   4   2   6   2 142.83
    2   2018 09 20 01:24:48.814     5088.814  0.2153 30.8205 111.2505   2.00   -inf  -nan   7   3  10   3 277.50
    3   2018 09 20 01:35:52.156     5752.156  0.2094 30.7705 111.0905   0.00   -inf  -nan   6   4  10   3 258.92
    4   2018 09 20 02:08:30.656     7710.656  0.4710 31.1405 110.3405   0.00   -inf  -nan   9   8  17   4 141.87
    5   2018 09 20 02:35:07.228     9307.228  0.2840 30.7805 110.7705  12.00   -inf  -nan  15  14  29  13 110.23
    6   2018 09 20 02:39:21.711     9561.711  0.1833 30.8505 111.0905   4.00   -inf  -nan   5   4   9   4 170.85
    7   2018 09 20 03:31:00.487    12660.487  0.3202 31.3105 110.8805   4.00   -inf  -nan  10   6  16   3 264.83
    8   2018 09 20 05:33:42.527    20022.527  0.1717 30.8505 111.0905   4.00   -inf  -nan   5   4   9   4 170.85
    9   2018 09 20 06:04:37.264    21877.264  0.1714 30.8505 110.8005   6.00   -inf  -nan   6   6  12   5  99.08
   10   2018 09 20 06:35:05.786    23705.786  0.3949 30.9705 110.5905   6.00   -inf  -nan  18   9  27   8  84.20
   11   2018 09 20 06:43:30.613    24210.613  0.2024 31.0905 110.1305   8.00   -inf  -nan   5   2   7   2 295.36
   12   2018 09 20 06:58:42.114    25122.114  0.3576 30.8905 111.1305   8.00   -inf  -nan   7   2   9   1 164.15
   13   2018 09 20 07:28:11.365    26891.365  0.2373 30.8105 111.2405   6.00   -inf  -nan  10   7  17   6 279.73
   14   2018 09 20 08:56:30.704    32190.704  0.3736 30.8905 110.7205   0.00   -inf  -nan  10   9  19   8  97.68
   15   2018 09 20 09:42:06.376    34926.376  0.2111 30.8505 111.1305   6.00   -inf  -nan   9   8  17   8 210.25
   16   2018 09 20 09:51:10.812    35470.812  0.3205 30.9805 110.6005   6.00   -inf  -nan  14   4  18   4  92.84
   17   2018 09 20 12:50:28.370    46228.370  0.3662 31.0505 110.4605   0.00   -inf  -nan   7   8  15   7 147.48
   18   2018 09 20 17:24:28.384    62668.384  0.1873 30.8905 111.0105   8.00   -inf  -nan   5   2   7   2 169.59
   19   2018 09 20 18:29:05.139    66545.139  0.2844 31.0905 110.3405   2.00   -inf  -nan   3   4   7   3 217.50
   20   2018 09 20 19:02:53.986    68573.986  0.4113 30.9305 111.2405   0.00   -inf  -nan   4   2   6   1 328.98
   21   2018 09 20 23:09:15.038    83355.038  0.2165 30.8605 111.1305   4.00   -inf  -nan   4   3   7   2 204.21
    1   2018 09 21 01:22:08.997     4928.997  0.2495 30.8905 111.0405   4.00   -inf  -nan   3   3   6   2 224.31
    2   2018 09 21 02:24:23.184     8663.184  0.4206 31.1705 110.4605   6.00   -inf  -nan   3   3   6   3 246.23
    3   2018 09 21 02:24:51.175     8691.175  0.3193 31.0505 110.4605   0.00   -inf  -nan   6   6  12   4 147.48
    4   2018 09 21 03:01:26.089    10886.089  0.1645 30.8505 111.0905   4.00   -inf  -nan   4   3   7   2 170.85
    5   2018 09 21 05:07:02.075    18422.075  0.1490 31.0505 110.4605   0.00   -inf  -nan   3   5   8   3 157.85
    6   2018 09 21 07:00:18.867    25218.867  0.4397 30.9505 110.6005   0.00   -inf  -nan  15   5  20   5 126.29
    7   2018 09 21 08:10:44.183    29444.183  0.3164 30.8605 110.8605   2.00   -inf  -nan   7   2   9   1 137.89
    8   2018 09 21 08:41:36.488    31296.488  0.1848 30.8505 111.1305   6.00   -inf  -nan  10   6  16   5 210.25
    9   2018 09 21 08:50:03.689    31803.689  0.2413 30.8905 111.1605   8.00   -inf  -nan   5   2   7   2 195.54
   10   2018 09 21 09:16:05.051    33365.051  0.1753 30.8505 111.0905   4.00   -inf  -nan   4   4   8   3 170.85
   11   2018 09 21 10:17:16.667    37036.667  0.3848 30.9505 110.6005   0.00   -inf  -nan  18   6  24   6  93.89
   12   2018 09 21 16:06:06.727    57966.727  0.2382 30.8905 111.1205   8.00   -inf  -nan   4   4   8   4 152.94
   13   2018 09 21 17:08:30.563    61710.563  0.2530 31.0805 110.2105   6.00   -inf  -nan   5   3   8   3 127.92
   14   2018 09 21 17:15:01.767    62101.767  0.1778 30.8505 111.0905   8.00   -inf  -nan   4   3   7   3 170.85
   15   2018 09 21 17:36:04.752    63364.752  0.3006 31.0405 110.8205  12.00   -inf  -nan  15  14  29  13 125.03
   16   2018 09 21 20:11:56.776    72716.776  0.4414 31.0505 110.0705   0.00   -inf  -nan   8   7  15   5 113.64
   17   2018 09 21 22:46:55.976    82015.976  0.0830 30.7705 110.7605  10.00   -inf  -nan   3   2   5   1 124.90
   18   2018 09 21 23:06:45.323    83205.323  0.1753 30.8105 111.1305   2.00   -inf  -nan   3   2   5   2 233.30
   19   2018 09 21 23:07:30.680    83250.680  0.1312 30.8505 111.0905   4.00   -inf  -nan   4   2   6   2 283.97
   20   2018 09 21 23:51:06.791    85866.791  0.2733 30.9305 110.3505  10.00   -inf  -nan   5   6  11   5 158.17
    1   2018 09 22 00:52:39.676     3159.676  0.2227 30.8505 111.1305   8.00   -inf  -nan   7   3  10   3 210.75
    2   2018 09 22 02:23:37.625     8617.625  0.2895 31.0105 110.1505   6.00   -inf  -nan  12   5  17   5 204.26
    3   2018 09 22 03:01:39.185    10899.185  0.3554 30.8105 111.1705   4.00   -inf  -nan   8   4  12   4 249.55
    4   2018 09 22 03:40:35.175    13235.175  0.3549 31.0105 110.1105  16.00   -inf  -nan   7   3  10   1 130.33
    5   2018 09 22 04:03:15.173    14595.173  0.3381 30.8605 110.4405   0.00   -inf  -nan  10   6  16   4 183.33
    6   2018 09 22 04:31:14.044    16274.044  0.1731 31.2405 109.8005  12.00   -inf  -nan   3   2   5   2 336.05
    7   2018 09 22 04:54:51.346    17691.346  0.4305 31.0605 110.7805   0.00   -inf  -nan  13   9  22   8 128.60
    8   2018 09 22 06:49:21.924    24561.924  0.3480 30.9705 110.6005   8.00   -inf  -nan  11   5  16   4  86.77
    9   2018 09 22 08:30:02.129    30602.129  0.2516 30.9705 111.3605   8.00   -inf  -nan   6   2   8   2 331.75
   10   2018 09 22 08:31:23.313    30683.313  0.2631 30.9705 111.3605   6.00   -inf  -nan   6   3   9   3 331.75
   11   2018 09 22 08:31:33.887    30693.887  0.3074 31.1205 110.0405   0.00   -inf  -nan   9   6  15   6 185.39
   12   2018 09 22 08:34:21.693    30861.693  0.3956 30.7405 111.0905  10.00   -inf  -nan   5   6  11   4 259.34
   13   2018 09 22 08:55:40.065    32140.065  0.2296 31.2005 109.7605   0.00   -inf  -nan   4   3   7   1 288.98
   14   2018 09 22 09:45:06.240    35106.240  0.2025 30.7705 111.1705   2.00   -inf  -nan   5   3   8   3 263.48
   15   2018 09 22 09:46:52.638    35212.638  0.3994 31.1605 109.8405  10.00   -inf  -nan   4   3   7   3 303.60
   16   2018 09 22 10:03:45.633    36225.633  0.1506 30.7705 111.1705   0.00   -inf  -nan   5   4   9   4 263.48
   17   2018 09 22 10:28:39.669    37719.669  0.3986 30.9405 110.6005  10.00   -inf  -nan  14   6  20   5 111.54
   18   2018 09 22 11:03:59.270    39839.270  0.2681 30.9405 110.7205  12.00   -inf  -nan  12  11  23  11  96.85
   19   2018 09 22 13:20:41.871    48041.871  0.4264 31.2605 110.4205   6.00   -inf  -nan   3   2   5   1 233.15
   20   2018 09 22 13:53:12.954    49992.954  0.2643 31.0205 110.4405   0.00   -inf  -nan   4   4   8   3 197.51
   21   2018 09 22 16:17:25.842    58645.842  0.0981 31.2805 109.8805  12.00   -inf  -nan   3   2   5   2 334.02
   22   2018 09 22 16:17:33.300    58653.300  0.2688 30.8505 111.1305   8.00   -inf  -nan   3   2   5   2 232.15
   23   2018 09 22 20:25:17.846    73517.846  0.2472 31.0105 111.1205   2.00   -inf  -nan   4   2   6   1 219.88
   24   2018 09 22 21:37:17.011    77837.011  0.3080 31.0205 110.4405   4.00   -inf  -nan   9   4  13   2 107.52
   25   2018 09 22 22:30:46.807    81046.807  0.2425 31.0505 110.4605   4.00   -inf  -nan   4   6  10   4 157.85
   26   2018 09 22 23:14:05.947    83645.947  0.1599 30.8505 111.0905   4.00   -inf  -nan   5   4   9   4 170.85
   27   2018 09 22 23:18:02.766    83882.766  0.2559 30.8605 111.1305   2.00   -inf  -nan  13   5  18   5 204.21
    1   2018 09 23 00:42:24.585     2544.585  0.4364 31.0105 110.1505   4.00   -inf  -nan  11   8  19   7 130.91
    2   2018 09 23 01:16:40.749     4600.749  0.3563 31.0205 110.1705   0.00   -inf  -nan   8   4  12   3 140.46
    3   2018 09 23 02:41:32.946     9692.946  0.3475 30.9405 110.4605   8.00   -inf  -nan  16  17  33  14  84.04
    4   2018 09 23 03:47:24.416    13644.416  0.4791 31.0605 109.7405   6.00   -inf  -nan   4   4   8   2 289.10
    5   2018 09 23 03:48:54.622    13734.622  0.3390 31.0805 109.8805  16.00   -inf  -nan   9   6  15   6 277.89
    6   2018 09 23 03:54:17.492    14057.492  0.3156 31.1005 109.8905  20.00   -inf  -nan   8   4  12   4 276.52
    7   2018 09 23 04:10:11.152    15011.152  0.1555 31.0105 111.3205   2.00   -inf  -nan   7   2   9   2 325.82
    8   2018 09 23 04:29:25.823    16165.823  0.2408 30.8505 111.1305   6.00   -inf  -nan  14   8  22   8 210.75
    9   2018 09 23 04:47:58.837    17278.837  0.4386 31.0605 110.4405   8.00   -inf  -nan   3   7  10   3 144.26
   10   2018 09 23 04:54:00.272    17640.272  0.2363 30.7405 111.1305   0.00   -inf  -nan   5   4   9   4 265.22
   11   2018 09 23 05:05:20.783    18320.783  0.3330 31.0505 110.4605   6.00   -inf  -nan   9   7  16   5 111.60
   12   2018 09 23 08:48:52.127    31732.127  0.3748 31.1005 109.9405  12.00   -inf  -nan  14   8  22   7 197.37
   13   2018 09 23 08:51:10.693    31870.693  0.4054 30.9405 110.6005   6.00   -inf  -nan  14   5  19   4 111.54
   14   2018 09 23 09:06:00.919    32760.919  0.2912 31.0505 110.4605   0.00   -inf  -nan   4   4   8   3 111.60
   15   2018 09 23 09:13:56.530    33236.530  0.2886 30.8605 110.9305   0.00   -inf  -nan  10   6  16   6 115.87
   16   2018 09 23 16:35:54.121    59754.121  0.1944 30.8505 111.1305   8.00   -inf  -nan   3   2   5   2 232.15
   17   2018 09 23 17:23:14.277    62594.277  0.1847 31.0905 110.2705   6.00   -inf  -nan   5   4   9   4 206.57
   18   2018 09 23 17:56:58.361    64618.361  0.3936 31.2105 110.5405   0.00   -inf  -nan   8   2  10   2 231.54
   19   2018 09 23 23:11:01.843    83461.843  0.1964 30.8505 111.1305   4.00   -inf  -nan  16   6  22   6 210.25
   20   2018 09 23 23:29:13.497    84553.497  0.1519 30.8105 111.1305   4.00   -inf  -nan   3   2   5   1 233.30
    1   2018 09 24 00:27:55.545     1675.545  0.3736 30.7305 110.0505   0.00   -inf  -nan   5   3   8   2 306.17
    2   2018 09 24 01:46:52.996     6412.996  0.4065 30.7605 109.9705   4.00   -inf  -nan  10  10  20   7 268.78
    3   2018 09 24 02:46:18.655     9978.655  0.2019 30.8105 111.2405   0.00   -inf  -nan  10   5  15   3 273.09
    4   2018 09 24 03:30:49.014    12649.014  0.3656 31.0005 110.1705   4.00   -inf  -nan  14   6  20   6  77.02
    5   2018 09 24 03:54:42.127    14082.127  0.2744 31.1205 109.8805  12.00   -inf  -nan   3   3   6   2 283.43
    6   2018 09 24 03:56:47.220    14207.220  0.2806 31.1205 109.8805  14.00   -inf  -nan   3   2   5   2 309.02
    7   2018 09 24 04:48:42.527    17322.527  0.4098 30.8105 111.1305   0.00   -inf  -nan   7   2   9   1 233.30
    8   2018 09 24 06:53:36.142    24816.142  0.1170 31.2905 109.9505  18.00   -inf  -nan   3   2   5   1 305.75
    9   2018 09 24 07:07:22.536    25642.536  0.3788 30.7805 110.9305   6.00   -inf  -nan   9   6  15   5 157.56
   10   2018 09 24 07:09:54.681    25794.681  0.2044 31.1605 109.8005   6.00   -inf  -nan   3   2   5   2 330.33
   11   2018 09 24 07:21:19.764    26479.764  0.3223 31.0605 109.8605   2.00   -inf  -nan   4   2   6   2 232.70
   12   2018 09 24 07:49:31.596    28171.596  0.2470 31.1005 109.9805   2.00   -inf  -nan   7   3  10   3 219.81
   13   2018 09 24 08:14:04.357    29644.357  0.2997 30.9405 110.6005   8.00   -inf  -nan  19   6  25   5  99.02
   14   2018 09 24 08:14:55.411    29695.411  0.2414 30.8505 111.1305   6.00   -inf  -nan  14   7  21   7 210.25
   15   2018 09 24 09:49:01.818    35341.818  0.1799 30.8105 111.1305   2.00   -inf  -nan   4   2   6   2 233.30
   16   2018 09 24 17:47:03.332    64023.332  0.2471 30.8505 111.1305   8.00   -inf  -nan   5   2   7   2 210.75
   17   2018 09 24 20:30:27.721    73827.721  0.1037 30.7805 110.7605   8.00   -inf  -nan   4   3   7   3 124.85
   18   2018 09 24 23:11:39.189    83499.189  0.4120 30.8505 111.1205   4.00   -inf  -nan   3   3   6   2 205.95
    1   2018 09 25 00:25:43.203     1543.203  0.1606 30.8905 111.1605  10.00   -inf  -nan   3   2   5   2 195.54
    2   2018 09 25 01:00:33.242     3633.242  0.3624 30.8505 110.8005   4.00   -inf  -nan   4   4   8   2  98.52
    3   2018 09 25 01:29:23.845     5363.845  0.1309 30.8505 111.1305   6.00   -inf  -nan  15   7  22   6 210.25
    4   2018 09 25 03:14:32.606    11672.606  0.1549 30.8505 111.0905   8.00   -inf  -nan   4   2   6   2 170.85
    5   2018 09 25 04:21:10.004    15670.004  0.2808 30.9405 110.7805  10.00   -inf  -nan   6   7  13   6 110.23
    6   2018 09 25 09:04:26.040    32666.040  0.2182 30.8105 111.0905   6.00   -inf  -nan   3   2   5   2 277.15
    7   2018 09 25 10:55:02.483    39302.483  0.1622 30.8505 111.1305   6.00   -inf  -nan  15   9  24   9 210.25
    8   2018 09 25 12:05:52.310    43552.310  0.1033 30.9405 110.7805  10.00   -inf  -nan   3   2   5   2 165.87
    9   2018 09 25 17:22:55.773    62575.773  0.3066 30.8905 110.7605   2.00   -inf  -nan   4   3   7   2 135.27
   10   2018 09 25 17:25:20.456    62720.456  0.2069 31.0905 110.3105   8.00   -inf  -nan   5   5  10   5 176.89
   11   2018 09 25 18:49:40.450    67780.450  0.2449 31.1805 110.5305   0.00   -inf  -nan   7   2   9   2 177.44
   12   2018 09 25 22:15:49.463    80149.463  0.3281 31.0205 110.4805   0.00   -inf  -nan   4   6  10   4 144.86
    1   2018 09 26 05:47:04.618    20824.618  0.3540 30.8105 110.2105   0.00   -inf  -nan   3   3   6   2 287.49
    2   2018 09 26 07:15:46.444    26146.444  0.1146 30.9105 110.9005   4.00   -inf  -nan   5   4   9   4 232.33
    3   2018 09 26 07:34:31.442    27271.442  0.3783 30.8905 110.7205   0.00   -inf  -nan  14   7  21   7 150.87
    4   2018 09 26 07:53:15.317    28395.317  0.3042 31.0805 110.0805   2.00   -inf  -nan  10   9  19   9 175.53
    5   2018 09 26 07:56:33.061    28593.061  0.1727 30.8905 110.7605   8.00   -inf  -nan   4   3   7   3 135.27
    6   2018 09 26 08:18:04.959    29884.959  0.2030 30.8505 111.1305   6.00   -inf  -nan  15   9  24   8 210.75
    7   2018 09 26 08:55:20.413    32120.413  0.2803 30.9105 110.7805   8.00   -inf  -nan   8  10  18   8  75.13
    8   2018 09 26 09:44:34.628    35074.628  0.4123 30.9005 110.7805  14.00   -inf  -nan   8   9  17   7  79.34
    9   2018 09 26 10:24:19.547    37459.547  0.2140 30.8905 110.7605   6.00   -inf  -nan   3   3   6   3 208.90
   10   2018 09 26 10:26:59.341    37619.341  0.3273 30.9005 110.7705  10.00   -inf  -nan  12   7  19   7  81.85
   11   2018 09 26 10:47:52.531    38872.531  0.1532 30.9105 110.7805   8.00   -inf  -nan   4   3   7   3 138.16
   12   2018 09 26 11:20:16.018    40816.018  0.3171 30.9305 111.2405   4.00   -inf  -nan  12  12  24   9 300.87
   13   2018 09 26 12:25:23.886    44723.886  0.2587 30.9005 110.7805   8.00   -inf  -nan  10  12  22  10 109.16
   14   2018 09 26 12:37:23.309    45443.309  0.2144 31.0505 110.1905   6.00   -inf  -nan   6   5  11   4 177.22
   15   2018 09 26 13:30:05.451    48605.451  0.2155 30.9105 110.7805  12.00   -inf  -nan   3   4   7   2 122.91
   16   2018 09 26 13:35:42.441    48942.441  0.3091 30.9105 110.7805  10.00   -inf  -nan  11  13  24  10  75.13
   17   2018 09 26 13:40:07.261    49207.261  0.1760 30.8505 111.1305   8.00   -inf  -nan   5   2   7   2 210.75
   18   2018 09 26 13:59:17.351    50357.351  0.2820 30.8905 111.0005   8.00   -inf  -nan   5   3   8   3 131.70
   19   2018 09 26 14:31:44.825    52304.825  0.3020 30.9105 110.7805   8.00   -inf  -nan   9  10  19   9  75.13
   20   2018 09 26 15:20:55.896    55255.896  0.1618 30.8605 111.0905  10.00   -inf  -nan   5   2   7   2 128.67
   21   2018 09 26 23:15:00.585    83700.585  0.2739 30.8505 111.1305   4.00   -inf  -nan  17   9  26   8 210.25
    1   2018 09 27 01:45:29.107     6329.107  0.2925 30.8905 111.0905   0.00   -inf  -nan   4   3   7   3 157.71
    2   2018 09 27 01:51:32.422     6692.422  0.2976 30.8905 111.1305   4.00   -inf  -nan   4   2   6   1 164.15
    3   2018 09 27 02:04:47.068     7487.068  0.2263 30.8905 111.4005   6.00   -inf  -nan   9   4  13   3 318.79
    4   2018 09 27 02:10:11.379     7811.379  0.2911 30.8605 111.2505  10.00   -inf  -nan   5   4   9   4 285.77
    5   2018 09 27 02:12:55.528     7975.528  0.4458 31.1005 109.9405  10.00   -inf  -nan  11   9  20   6 232.93
    6   2018 09 27 03:03:33.496    11013.496  0.2550 30.8605 110.6005  10.00   -inf  -nan   5   5  10   4 146.66
    7   2018 09 27 03:30:18.080    12618.080  0.2889 30.8505 111.1605   4.00   -inf  -nan   5   3   8   3 227.22
    8   2018 09 27 04:31:26.437    16286.437  0.1776 31.0605 109.7005   6.00   -inf  -nan   3   2   5   1 288.56
    9   2018 09 27 04:32:25.764    16345.764  0.4294 30.9405 110.4605  20.00   -inf  -nan   3   2   5   1 218.31
   10   2018 09 27 04:35:28.595    16528.595  0.3094 31.2205 109.9405  16.00   -inf  -nan   9   3  12   2 263.99
   11   2018 09 27 04:35:39.206    16539.206  0.2993 30.9305 110.7605  14.00   -inf  -nan   8   5  13   5  86.74
   12   2018 09 27 04:43:42.698    17022.698  0.1795 30.8505 111.1305   4.00   -inf  -nan  11   7  18   6 210.25
   13   2018 09 27 04:44:38.551    17078.551  0.3638 30.7805 110.4405   0.00   -inf  -nan  11  11  22   8 195.48
   14   2018 09 27 04:54:48.386    17688.386  0.4481 31.2505 110.3505   0.00   -inf  -nan  10   6  16   5 242.66
   15   2018 09 27 05:12:56.721    18776.721  0.2922 31.1805 110.6805  10.00   -inf  -nan   3   2   5   1 217.79
   16   2018 09 27 05:24:44.579    19484.579  0.3389 30.9405 110.4605  12.00   -inf  -nan   3   3   6   3 146.14
   17   2018 09 27 05:54:12.114    21252.114  0.4212 31.1205 109.7705   0.00   -inf  -nan   5   4   9   4 307.79
   18   2018 09 27 06:32:32.852    23552.852  0.3638 31.2105 110.3405   0.00   -inf  -nan  11  10  21   8 235.59
   19   2018 09 27 06:34:07.274    23647.274  0.1674 30.8105 111.1305   4.00   -inf  -nan   4   2   6   2 233.30
   20   2018 09 27 08:11:34.605    29494.605  0.3680 30.9805 110.3805   0.00   -inf  -nan   6   4  10   2  84.88
   21   2018 09 27 08:13:13.598    29593.598  0.3821 31.2405 110.0405   2.00   -inf  -nan   6   4  10   4 256.97
   22   2018 09 27 08:17:57.079    29877.079  0.2633 30.8105 111.2505   8.00   -inf  -nan   6   5  11   4 283.67
   23   2018 09 27 08:42:05.488    31325.488  0.3015 30.9705 110.6305   0.00   -inf  -nan   9  11  20   7  88.34
   24   2018 09 27 09:32:53.127    34373.127  0.2969 30.9705 111.2805   8.00   -inf  -nan   5   2   7   1 310.32
   25   2018 09 27 10:18:15.803    37095.803  0.3073 30.7905 110.9405   2.00   -inf  -nan  13   3  16   3 155.53
   26   2018 09 27 12:02:50.358    43370.358  0.1311 30.8905 111.1605   8.00   -inf  -nan   5   2   7   2 195.54
   27   2018 09 27 14:05:25.361    50725.361  0.1302 30.8205 110.6405   6.00   -inf  -nan   4   3   7   3 219.06
   28   2018 09 27 16:28:03.089    59283.089  0.1470 30.8905 111.1305   4.00   -inf  -nan   6   3   9   3 164.15
   29   2018 09 27 18:34:21.158    66861.158  0.1807 31.1705 110.5105   0.00   -inf  -nan   5   2   7   2 243.89
    1   2018 09 28 00:10:59.067      659.067  0.2103 30.8505 111.1305   4.00   -inf  -nan  12   6  18   5 210.25
    2   2018 09 28 00:36:08.634     2168.634  0.2336 30.9805 110.8205   0.00   -inf  -nan  10  12  22  10 141.74
    3   2018 09 28 02:19:56.944     8396.944  0.3311 30.7305 111.1305   8.00   -inf  -nan   3   3   6   2 302.22
    4   2018 09 28 02:44:09.381     9849.381  0.3123 30.7405 111.2105   0.00   -inf  -nan   5   2   7   1 268.33
    5   2018 09 28 03:16:29.040    11789.040  0.4589 31.0805 109.9605  12.00   -inf  -nan  13   7  20   5 179.79
    6   2018 09 28 03:40:17.388    13217.388  0.2002 30.8705 110.9005   2.00   -inf  -nan  13   5  18   5  67.10
    7   2018 09 28 04:00:09.162    14409.162  0.1932 30.8905 111.1305   2.00   -inf  -nan   6   2   8   2 164.15
    8   2018 09 28 04:04:43.610    14683.610  0.2566 31.0205 109.8205   0.00   -inf  -nan   9   5  14   3 250.36
    9   2018 09 28 04:11:05.256    15065.256  0.2389 31.0205 109.8205   2.00   -inf  -nan   7   3  10   3 250.36
   10   2018 09 28 04:11:40.512    15100.512  0.1599 30.8605 111.1305  10.00   -inf  -nan   5   2   7   1 204.21
   11   2018 09 28 04:12:14.936    15134.936  0.1998 30.9705 111.3605   6.00   -inf  -nan   6   2   8   2 329.54
   12   2018 09 28 04:32:39.034    16359.034  0.2412 30.7405 111.0505   2.00   -inf  -nan   4   4   8   4 273.45
   13   2018 09 28 04:37:42.306    16662.306  0.4404 30.9705 110.3905   0.00   -inf  -nan  11   5  16   5  92.49
   14   2018 09 28 04:42:54.012    16974.012  0.3153 31.0205 109.8205   2.00   -inf  -nan  12   5  17   5 250.36
   15   2018 09 28 05:07:19.885    18439.885  0.3697 30.5005 110.7305   2.00   -inf  -nan   3   5   8   2 279.02
   16   2018 09 28 07:02:25.910    25345.910  0.2408 30.9805 110.6005   8.00   -inf  -nan  11   9  20   5  79.27
   17   2018 09 28 07:35:45.896    27345.896  0.1706 31.1605 109.7605   0.00   -inf  -nan   4   2   6   2 283.92
   18   2018 09 28 08:38:07.988    31087.988  0.4010 30.8105 111.1605   6.00   -inf  -nan   8   4  12   2 238.50
   19   2018 09 28 08:49:29.736    31769.736  0.1693 30.7305 110.8405   8.00   -inf  -nan   6   4  10   4 195.65
   20   2018 09 28 09:26:34.699    33994.699  0.2380 30.8205 111.2505   0.00   -inf  -nan   8   3  11   3 283.29
   21   2018 09 28 09:49:40.543    35380.543  0.1754 30.7705 111.0005   8.00   -inf  -nan   4   2   6   2 234.66
   22   2018 09 28 09:59:16.588    35956.588  0.3756 30.9605 110.0005   8.00   -inf  -nan   5   4   9   3 129.51
   23   2018 09 28 10:08:08.039    36488.039  0.3526 30.9705 109.9905  10.00   -inf  -nan   8   3  11   3 134.17
   24   2018 09 28 10:25:30.863    37530.863  0.2479 31.0805 109.8505  14.00   -inf  -nan   7   3  10   3 286.81
   25   2018 09 28 10:29:06.910    37746.910  0.3493 31.0205 109.7805   8.00   -inf  -nan   9   3  12   2 267.00
   26   2018 09 28 22:35:05.401    81305.401  0.3959 31.0305 110.4405  12.00   -inf  -nan   5   6  11   5 149.14
   27   2018 09 28 23:14:15.574    83655.574  0.1583 30.8505 111.1305   4.00   -inf  -nan   9   8  17   6 210.25
    1   2018 09 29 00:46:24.377     2784.377  0.1673 30.9805 110.8205   4.00   -inf  -nan   4   3   7   3 144.98
    2   2018 09 29 01:12:53.327     4373.327  0.3610 31.1205 110.0405   6.00   -inf  -nan  10   6  16   5 185.39
    3   2018 09 29 02:50:17.820    10217.820  0.1617 30.7305 111.1305   2.00   -inf  -nan   3   2   5   2 302.22
    4   2018 09 29 04:06:47.554    14807.554  0.2250 30.9405 110.9505   0.00   -inf  -nan  12   7  19   7  93.06
    5   2018 09 29 04:09:14.638    14954.638  0.4649 31.2105 110.3505   2.00   -inf  -nan   7   7  14   6 264.62
    6   2018 09 29 05:27:28.036    19648.036  0.3095 30.9105 110.7405   0.00   -inf  -nan  14   7  21   7  82.95
    7   2018 09 29 06:01:29.492    21689.492  0.2772 30.7705 110.2905   0.00   -inf  -nan   5   2   7   2 250.44
    8   2018 09 29 06:49:34.700    24574.700  0.3747 30.7805 110.9305   2.00   -inf  -nan   8   3  11   3 157.56
    9   2018 09 29 07:54:03.355    28443.355  0.3478 31.1705 110.1505   0.00   -inf  -nan  13   8  21   7 123.14
   10   2018 09 29 09:36:31.026    34591.026  0.1054 30.8505 111.1305   6.00   -inf  -nan   6   5  11   5 210.75
   11   2018 09 29 10:50:44.301    39044.301  0.4242 31.1805 110.9905  10.00   -inf  -nan   4   2   6   1 252.32
   12   2018 09 29 11:34:57.344    41697.344  0.2179 31.0105 110.8005   0.00   -inf  -nan   6   2   8   1 111.15
   13   2018 09 29 12:48:51.626    46131.626  0.2120 31.1805 110.1305  12.00   -inf  -nan   3   2   5   2 140.16
   14   2018 09 29 13:12:59.618    47579.618  0.3848 31.0705 110.4405  14.00   -inf  -nan   3   4   7   3 144.43
   15   2018 09 29 17:23:25.622    62605.622  0.2111 30.8505 111.1305   6.00   -inf  -nan   5   4   9   4 210.75
    1   2018 09 30 01:10:02.573     4202.573  0.2129 30.8505 111.1305   6.00   -inf  -nan  10   5  15   5 210.25
    2   2018 09 30 02:47:12.081    10032.081  0.3343 30.8505 111.1705   8.00   -inf  -nan   7   2   9   1 233.42
    3   2018 09 30 03:03:55.217    11035.217  0.2413 31.1205 110.0405   8.00   -inf  -nan  13   7  20   5 185.39
    4   2018 09 30 03:59:06.422    14346.422  0.4197 30.9005 110.7205   6.00   -inf  -nan  11   8  19   7  94.62
    5   2018 09 30 04:17:24.000    15444.000  0.2759 31.0605 110.4605   0.00   -inf  -nan   7   2   9   2 227.94
    6   2018 09 30 04:56:52.367    17812.367  0.3610 30.9905 110.8005   0.00   -inf  -nan  15  10  25   8 106.01
    7   2018 09 30 06:51:04.001    24664.001  0.4474 30.9005 109.9805  18.00   -inf  -nan   3   2   5   1 179.35
    8   2018 09 30 06:57:33.410    25053.410  0.4023 30.8205 110.3805   8.00   -inf  -nan   3   2   5   1 185.72
    9   2018 09 30 08:05:04.748    29104.748  0.3055 31.0805 109.8405   0.00   -inf  -nan   3   2   5   2 244.82
   10   2018 09 30 08:13:27.163    29607.163  0.1597 30.9105 110.9005   4.00   -inf  -nan   4   3   7   3 164.67
   11   2018 09 30 08:24:52.302    30292.302  0.2781 30.8005 110.2105   2.00   -inf  -nan   4   4   8   4 278.44
   12   2018 09 30 08:31:31.494    30691.494  0.3880 31.0905 109.8305   2.00   -inf  -nan   3   2   5   1 250.56
   13   2018 09 30 08:57:30.580    32250.580  0.3427 30.9805 110.4005   0.00   -inf  -nan   8   6  14   3 105.49
   14   2018 09 30 09:05:07.537    32707.537  0.1939 30.8505 111.0905   4.00   -inf  -nan   4   3   7   3 250.85
   15   2018 09 30 09:11:55.279    33115.279  0.2766 30.7805 110.8505   0.00   -inf  -nan   4   2   6   1 143.09
   16   2018 09 30 10:11:13.217    36673.217  0.2146 31.2005 109.8405   6.00   -inf  -nan   7   3  10   3 323.76
   17   2018 09 30 10:21:45.041    37305.041  0.1888 31.0605 109.7405   6.00   -inf  -nan   3   2   5   1 278.60
   18   2018 09 30 14:43:02.289    52982.289  0.1736 30.8505 111.1305   8.00   -inf  -nan   5   3   8   3 210.75
   19   2018 09 30 15:46:09.015    56769.015  0.1219 30.9805 110.5005   4.00   -inf  -nan   3   4   7   3 192.71
   20   2018 09 30 20:14:24.623    72864.623  0.1851 30.8505 111.0905   8.00   -inf  -nan   5   4   9   4 170.85
   21   2018 09 30 20:50:45.870    75045.870  0.2706 30.8905 111.2005   2.00   -inf  -nan   3   2   5   1 247.57
   22   2018 09 30 23:22:07.890    84127.890  0.2822 30.8505 111.1305   4.00   -inf  -nan  13   8  21   7 210.25
    1   2018 10 01 02:59:54.058    10794.058  0.1256 30.9005 110.5405   6.00   -inf  -nan   3   2   5   2 239.74
    2   2018 10 01 03:40:39.249    13239.249  0.2425 31.1205 110.0105   6.00   -inf  -nan  14   5  19   4 274.31
    3   2018 10 01 03:49:47.120    13787.120  0.3193 31.0805 109.8405   8.00   -inf  -nan   9   6  15   5 289.41
    4   2018 10 01 03:52:00.059    13920.059  0.3132 31.0205 109.7805   6.00   -inf  -nan   7   4  11   3 267.00
    5   2018 10 01 04:15:48.521    15348.521  0.2361 31.0805 109.8805  10.00   -inf  -nan   4   4   8   3 277.89
    6   2018 10 01 04:54:55.797    17695.797  0.1755 30.9305 111.2805   0.00   -inf  -nan   3   2   5   2 309.47
    7   2018 10 01 06:54:18.054    24858.054  0.1943 30.8905 111.1605   8.00   -inf  -nan   4   2   6   2 195.54
    8   2018 10 01 10:05:14.191    36314.191  0.1154 30.8505 111.1305   6.00   -inf  -nan  10   6  16   6 210.25
    9   2018 10 01 10:41:46.340    38506.340  0.3385 31.1205 110.0105   6.00   -inf  -nan  13   7  20   6 207.90
   10   2018 10 01 11:24:06.000    41046.000  0.1723 31.2105 110.5505   0.00   -inf  -nan   3   2   5   2 300.15
   11   2018 10 01 14:03:44.128    50624.128  0.2005 31.1705 110.5505   0.00   -inf  -nan   3   2   5   1 206.79
   12   2018 10 01 16:01:27.620    57687.620  0.3942 30.7905 110.7805   8.00   -inf  -nan   4   4   8   4 108.79
   13   2018 10 01 16:19:26.825    58766.825  0.3097 30.8905 111.2805   6.00   -inf  -nan   8   7  15   6 309.16
   14   2018 10 01 17:14:11.826    62051.826  0.2632 30.9105 110.7605   4.00   -inf  -nan   4   4   8   4 164.88
   15   2018 10 01 18:42:25.624    67345.624  0.3178 30.8905 111.0405   2.00   -inf  -nan   5   2   7   1  98.74
   16   2018 10 01 18:44:27.691    67467.691  0.1687 31.0805 110.2005   4.00   -inf  -nan   3   3   6   2 195.54
    1   2018 10 02 01:05:15.695     3915.695  0.1520 30.8505 111.1305   6.00   -inf  -nan  10   6  16   6 210.25
    2   2018 10 02 03:41:31.820    13291.820  0.4078 31.0205 109.7805   6.00   -inf  -nan   7   5  12   3 267.00
    3   2018 10 02 03:51:56.146    13916.146  0.4951 31.0405 109.8405  10.00   -inf  -nan   8   6  14   5 287.67
    4   2018 10 02 05:08:31.753    18511.753  0.1014 31.2005 109.9605   0.00   -inf  -nan   3   3   6   2 297.55
    5   2018 10 02 05:53:26.416    21206.416  0.1574 31.2705 111.0605   8.00   -inf  -nan   4   2   6   2 316.35
    6   2018 10 02 06:26:29.159    23189.159  0.3650 31.0105 110.1505  10.00   -inf  -nan  14   9  23   9  82.78
    7   2018 10 02 08:21:30.072    30090.072  0.4377 31.1305 109.9505   6.00   -inf  -nan  13  11  24   8 237.54
    8   2018 10 02 09:03:14.199    32594.199  0.2482 30.8505 111.1305   6.00   -inf  -nan  11   8  19   8 210.25
    9   2018 10 02 10:25:28.217    37528.217  0.2040 30.8805 110.0105   2.00   -inf  -nan   4   2   6   2 320.96
   10   2018 10 02 15:09:38.736    54578.736  0.1318 30.9405 110.7605  12.00   -inf  -nan   6   2   8   1  89.30
   11   2018 10 02 15:41:37.502    56497.502  0.2622 30.8505 111.1605   0.00   -inf  -nan   5   2   7   2 227.22
   12   2018 10 02 16:31:38.150    59498.150  0.4002 30.9405 110.4605  12.00   -inf  -nan  12  10  22   8  84.04
   13   2018 10 02 17:50:08.919    64208.919  0.2045 31.0205 110.7405  10.00   -inf  -nan   6   5  11   5 139.53
   14   2018 10 02 21:19:53.349    76793.349  0.3059 30.9305 110.7305   8.00   -inf  -nan  16  15  31  13  70.76
   15   2018 10 02 22:59:07.452    82747.452  0.1684 30.8105 111.1305   4.00   -inf  -nan   3   2   5   2 233.30
   16   2018 10 02 23:27:24.383    84444.383  0.1682 30.8505 111.1305   4.00   -inf  -nan   9   7  16   5 210.25
    1   2018 10 03 01:14:54.623     4494.623  0.3802 30.8905 111.1205   0.00   -inf  -nan   3   3   6   2 152.93
    2   2018 10 03 03:18:20.153    11900.153  0.1878 30.8505 111.1205   6.00   -inf  -nan   5   2   7   2 205.95
    3   2018 10 03 06:45:25.080    24325.080  0.1879 30.8505 111.1305   6.00   -inf  -nan   9   7  16   6 210.75
    4   2018 10 03 07:07:11.942    25631.942  0.4441 31.0605 110.4405   4.00   -inf  -nan   3   5   8   3 154.06
    5   2018 10 03 08:24:06.104    30246.104  0.3886 30.9405 110.0205   0.00   -inf  -nan   3   2   5   2 152.46
    6   2018 10 03 08:25:35.540    30335.540  0.4344 31.0405 109.8005   8.00   -inf  -nan   4   2   6   1 258.52
    7   2018 10 03 08:46:17.288    31577.288  0.4599 31.0205 109.8505   6.00   -inf  -nan   3   2   5   1 235.15
    8   2018 10 03 08:52:35.384    31955.384  0.4711 31.0005 109.7205   4.00   -inf  -nan   3   2   5   1 287.34
    9   2018 10 03 09:03:08.003    32588.003  0.1974 31.1305 109.8305   2.00   -inf  -nan   3   2   5   1 259.09
   10   2018 10 03 09:54:56.971    35696.971  0.1701 31.1305 110.0705   0.00   -inf  -nan   7   2   9   2 186.92
   11   2018 10 03 10:04:30.553    36270.553  0.2842 31.1205 110.0105  10.00   -inf  -nan  12   5  17   3 207.90
   12   2018 10 03 10:30:59.103    37859.103  0.3261 31.1605 109.8405  14.00   -inf  -nan   6   3   9   3 303.60
   13   2018 10 03 11:48:01.423    42481.423  0.1629 30.8905 111.1305   4.00   -inf  -nan   6   3   9   3 164.15
   14   2018 10 03 14:51:08.500    53468.500  0.2548 30.9605 110.2505  10.00   -inf  -nan   5   5  10   5 125.70
   15   2018 10 03 14:56:12.165    53772.165  0.2510 31.1805 110.4505   0.00   -inf  -nan   6   6  12   5 206.30
   16   2018 10 03 16:48:47.071    60527.071  0.2968 31.1805 110.4505   0.00   -inf  -nan  21  14  35  14 173.46
   17   2018 10 03 17:24:32.817    62672.817  0.2085 31.1705 110.3105   0.00   -inf  -nan  10   2  12   2 168.79
   18   2018 10 03 19:36:13.939    70573.939  0.1930 31.1705 110.4205   6.00   -inf  -nan   3   2   5   2 295.44
   19   2018 10 03 20:34:38.413    74078.413  0.4382 31.0605 110.4405   2.00   -inf  -nan   4   3   7   2 216.40
   20   2018 10 03 23:28:47.727    84527.727  0.1946 31.0505 110.1905   6.00   -inf  -nan   5   4   9   4 177.95
    1   2018 10 04 00:53:39.243     3219.243  0.2029 30.9305 111.2805   2.00   -inf  -nan   3   2   5   2 309.47
    2   2018 10 04 01:10:49.766     4249.766  0.1546 30.8505 111.1305   6.00   -inf  -nan   9   4  13   4 210.25
    3   2018 10 04 03:54:00.052    14040.052  0.2845 30.9805 110.3605   2.00   -inf  -nan  10   7  17   4  99.05
    4   2018 10 04 07:57:12.831    28632.831  0.1208 30.8505 111.1305   6.00   -inf  -nan   8   6  14   5 210.25
    5   2018 10 04 10:04:17.297    36257.297  0.3145 30.9305 111.2805   0.00   -inf  -nan   4   2   6   2 309.47
    6   2018 10 04 11:49:49.519    42589.519  0.2163 30.9805 110.8205   0.00   -inf  -nan   8   9  17   8 141.74
    7   2018 10 04 14:37:04.522    52624.522  0.2935 31.1805 110.1305   8.00   -inf  -nan   3   2   5   2 140.16
    8   2018 10 04 18:29:12.613    66552.613  0.1491 31.1305 110.3005   0.00   -inf  -nan   7   2   9   2 131.46
    9   2018 10 04 21:56:02.859    78962.859  0.1954 30.8905 111.1605  10.00   -inf  -nan   4   2   6   1 195.54
   10   2018 10 04 23:21:03.603    84063.603  0.1235 30.8505 111.1305   6.00   -inf  -nan  12   6  18   5 210.25
    1   2018 10 05 04:40:22.268    16822.268  0.4044 31.2405 110.0405  12.00   -inf  -nan   3   2   5   1 237.39
    2   2018 10 05 05:41:47.081    20507.081  0.1327 30.8505 111.1305   6.00   -inf  -nan  13   5  18   5 210.25
    3   2018 10 05 09:13:45.484    33225.484  0.3092 31.1205 110.0405  10.00   -inf  -nan  14   7  21   5 185.39
    4   2018 10 05 09:59:25.307    35965.307  0.1704 31.0105 110.5505   0.00   -inf  -nan   5   4   9   3 105.11
    5   2018 10 05 11:50:57.677    42657.677  0.3109 30.8305 110.4805   0.00   -inf  -nan  10   7  17   6 225.16
    6   2018 10 05 11:51:53.517    42713.517  0.1575 31.0105 110.5505   0.00   -inf  -nan   4   3   7   3 167.98
    7   2018 10 05 12:12:40.863    43960.863  0.2802 30.9905 110.6005  10.00   -inf  -nan   4   4   8   3 225.94
    8   2018 10 05 14:46:50.941    53210.941  0.1182 31.1605 110.1305   6.00   -inf  -nan   3   2   5   2 147.11
    9   2018 10 05 19:00:32.412    68432.412  0.4137 31.0205 110.4405   6.00   -inf  -nan  15  10  25  10  87.12
   10   2018 10 05 23:20:32.716    84032.716  0.2508 30.8505 111.1305   6.00   -inf  -nan   9   5  14   3 210.25
    1   2018 10 06 04:15:21.613    15321.613  0.2058 31.1605 109.8005   2.00   -inf  -nan   5   3   8   3 309.90
    2   2018 10 06 04:33:08.095    16388.095  0.3948 31.1205 109.7705   0.00   -inf  -nan   5   3   8   3 307.79
    3   2018 10 06 07:55:57.354    28557.354  0.3190 31.0805 109.9205  18.00   -inf  -nan   9   7  16   5 204.22
    4   2018 10 06 07:57:42.337    28662.337  0.2205 30.7805 110.7705  12.00   -inf  -nan  12  14  26  12 110.23
    5   2018 10 06 08:36:09.002    30969.002  0.3400 31.0105 109.9505   8.00   -inf  -nan   3   2   5   2 325.13
    6   2018 10 06 12:19:41.013    44381.013  0.1922 31.0905 110.4605   0.00   -inf  -nan   3   2   5   2 317.46
    7   2018 10 06 14:31:07.468    52267.468  0.3203 30.9405 110.7805   8.00   -inf  -nan   9   9  18   9  92.21
    8   2018 10 06 16:04:55.347    57895.347  0.3379 30.7705 110.7605   8.00   -inf  -nan  18  17  35  16 109.98
    9   2018 10 06 19:48:24.297    71304.297  0.4036 31.1705 110.3105   0.00   -inf  -nan   9   2  11   2 168.79
    1   2018 10 07 00:59:46.081     3586.081  0.2036 30.7905 110.7405  10.00   -inf  -nan   3   3   6   3 220.51
    2   2018 10 07 01:30:11.357     5411.357  0.2095 30.7805 110.7705  12.00   -inf  -nan   8   7  15   6 110.23
    3   2018 10 07 01:34:53.756     5693.756  0.3219 30.7505 110.7805  12.00   -inf  -nan   3   4   7   2 143.65
    4   2018 10 07 01:37:55.422     5875.422  0.2245 30.7805 110.7705  10.00   -inf  -nan   4   5   9   3 116.19
    5   2018 10 07 03:21:07.721    12067.721  0.4413 30.9305 111.2005   4.00   -inf  -nan   4   2   6   1 279.86
    6   2018 10 07 03:49:49.741    13789.741  0.3833 31.0205 110.4405   6.00   -inf  -nan   6   6  12   4 101.35
    7   2018 10 07 05:09:26.055    18566.055  0.3045 31.0605 110.4405   6.00   -inf  -nan   4   4   8   3 216.40
    8   2018 10 07 07:20:03.612    26403.612  0.3887 31.2005 110.0405  14.00   -inf  -nan   7   5  12   4 184.66
    9   2018 10 07 07:22:12.007    26532.007  0.3917 31.0505 110.4505   0.00   -inf  -nan  21  19  40  18 106.33
   10   2018 10 07 08:52:46.336    31966.336  0.2643 31.0505 110.4305  12.00   -inf  -nan   3   3   6   1 110.61
   11   2018 10 07 14:30:17.814    52217.814  0.4763 31.0205 110.4805   0.00   -inf  -nan   3   2   5   1 144.06
   12   2018 10 07 15:02:52.272    54172.272  0.2266 31.1705 110.3005   0.00   -inf  -nan  10   5  15   5 191.55
   13   2018 10 07 15:56:51.469    57411.469  0.0830 31.2005 109.8005   6.00   -inf  -nan   3   2   5   2 334.66
   14   2018 10 07 21:08:45.542    76125.542  0.3142 31.1805 110.1305   8.00   -inf  -nan   5   2   7   2 140.16
   15   2018 10 07 23:11:44.972    83504.972  0.1919 30.8505 111.1305   2.00   -inf  -nan  11   7  18   7 210.25
    1   2018 10 08 00:55:03.023     3303.023  0.1489 30.8505 111.1305   6.00   -inf  -nan  13   6  19   5 210.25
    2   2018 10 08 01:14:43.189     4483.189  0.3907 31.0605 110.4605   0.00   -inf  -nan  15  11  26  10 115.11
    3   2018 10 08 02:03:49.581     7429.581  0.4913 30.7805 111.1405  12.00   -inf  -nan   7   5  12   4 290.48
    4   2018 10 08 03:02:24.057    10944.057  0.1441 30.8105 111.2405   0.00   -inf  -nan   9   2  11   2 279.73
    5   2018 10 08 03:06:42.901    11202.901  0.4001 31.2605 110.8305   4.00   -inf  -nan  12  10  22   8 247.40
    6   2018 10 08 03:20:47.519    12047.519  0.3630 31.1805 110.3705   8.00   -inf  -nan  13   9  22   6 177.80
    7   2018 10 08 04:35:25.252    16525.252  0.1204 30.8205 110.9705   2.00   -inf  -nan  11   4  15   3 146.73
    8   2018 10 08 05:20:21.877    19221.877  0.3801 30.9805 110.4005   0.00   -inf  -nan  10   7  17   7  82.74
    9   2018 10 08 05:25:06.494    19506.494  0.1486 31.1505 110.2805   8.00   -inf  -nan   4   2   6   2 161.45
   10   2018 10 08 06:08:49.838    22129.838  0.4746 30.7305 111.2005   0.00   -inf  -nan   6   7  13   3 267.06
   11   2018 10 08 07:01:10.486    25270.486  0.4061 31.2505 110.3905   0.00   -inf  -nan   7   3  10   3 230.72
   12   2018 10 08 07:35:11.246    27311.246  0.2120 30.9105 110.9005   4.00   -inf  -nan   5   2   7   2 153.03
   13   2018 10 08 07:51:50.950    28310.950  0.1914 30.8505 111.1305   8.00   -inf  -nan   8   4  12   4 210.75
   14   2018 10 08 08:01:28.641    28888.641  0.3879 31.0805 110.8205  10.00   -inf  -nan  16  16  32  14 124.12
   15   2018 10 08 08:20:33.092    30033.092  0.4292 31.0205 110.3605   0.00   -inf  -nan   3   2   5   1 166.16
   16   2018 10 08 08:29:27.541    30567.541  0.3961 30.8905 110.7205   0.00   -inf  -nan   7   9  16   7  97.68
   17   2018 10 08 09:03:06.384    32586.384  0.1639 30.8505 111.1305   4.00   -inf  -nan  12   5  17   5 210.25
   18   2018 10 08 10:36:09.504    38169.504  0.1992 31.0905 110.2505   0.00   -inf  -nan   6   6  12   5 133.63
   19   2018 10 08 11:58:06.975    43086.975  0.1969 31.1705 110.5905   0.00   -inf  -nan   6   2   8   2 205.06
   20   2018 10 08 12:09:37.360    43777.360  0.3159 31.0505 110.4305   8.00   -inf  -nan   9   9  18   9 102.66
   21   2018 10 08 12:16:23.314    44183.314  0.2256 31.0605 110.4005   4.00   -inf  -nan   3   2   5   1 259.19
   22   2018 10 08 12:45:51.039    45951.039  0.3494 31.0905 110.3805   4.00   -inf  -nan   9   9  18   6  79.29
   23   2018 10 08 13:47:41.620    49661.620  0.3165 31.0205 110.4005   2.00   -inf  -nan   7   8  15   6 107.13
   24   2018 10 08 18:22:29.351    66149.351  0.2169 31.1705 110.3805   0.00   -inf  -nan   5   2   7   2 298.80
   25   2018 10 08 21:05:12.230    75912.230  0.2291 31.0605 110.3605   8.00   -inf  -nan   3   3   6   3 235.35
   26   2018 10 08 21:25:21.597    77121.597  0.3937 31.0205 110.4505   8.00   -inf  -nan  21  15  36  15  88.98
   27   2018 10 08 23:13:47.603    83627.603  0.3219 30.8505 111.1305   4.00   -inf  -nan  13   8  21   8 210.25
    1   2018 10 09 02:55:43.163    10543.163  0.2320 30.7305 111.0805   8.00   -inf  -nan   3   2   5   2 286.88
    2   2018 10 09 03:04:25.052    11065.052  0.3040 30.8105 111.1705   6.00   -inf  -nan  11   4  15   4 242.73
    3   2018 10 09 03:43:53.319    13433.319  0.3510 31.1705 110.3805   0.00   -inf  -nan  14   7  21   6 174.23
    4   2018 10 09 04:36:04.590    16564.590  0.3587 31.2105 110.0705   0.00   -inf  -nan  14   6  20   6 185.34
    5   2018 10 09 06:22:58.410    22978.410  0.3565 30.7405 110.8505   2.00   -inf  -nan  10   6  16   6 190.10
    6   2018 10 09 07:01:28.989    25288.989  0.4913 30.9705 110.3705   2.00   -inf  -nan  10  13  23   8  88.31
    7   2018 10 09 07:02:47.514    25367.514  0.3925 31.1405 109.8905   8.00   -inf  -nan  13   6  19   5 255.89
    8   2018 10 09 07:09:59.787    25799.787  0.3114 31.1305 110.0705   0.00   -inf  -nan   6   3   9   2 161.01
    9   2018 10 09 07:30:20.845    27020.845  0.2838 30.9305 111.0505   0.00   -inf  -nan   3   2   5   1 205.29
   10   2018 10 09 07:49:24.491    28164.491  0.3601 30.8105 110.9205   0.00   -inf  -nan   8   4  12   4 162.22
   11   2018 10 09 08:47:50.497    31670.497  0.3431 31.1205 110.0405   6.00   -inf  -nan  12   4  16   3 185.39
   12   2018 10 09 09:07:59.098    32879.098  0.1857 30.8305 111.1405   6.00   -inf  -nan   9   5  14   5 223.39
   13   2018 10 09 09:21:18.174    33678.174  0.2695 31.2805 109.9605  14.00   -inf  -nan   7   3  10   2 278.05
   14   2018 10 09 09:27:33.896    34053.896  0.2525 31.2105 110.3505   2.00   -inf  -nan   7   3  10   3 253.60
   15   2018 10 09 09:28:18.186    34098.186  0.4521 30.9705 111.3605  10.00   -inf  -nan   6   3   9   3 318.51
   16   2018 10 09 12:43:22.108    45802.108  0.2633 31.0205 110.8205   8.00   -inf  -nan   8   5  13   5 141.28
   17   2018 10 09 13:10:12.333    47412.333  0.3926 30.9405 110.4605   6.00   -inf  -nan   9   9  18   8  84.04
   18   2018 10 09 23:09:32.127    83372.127  0.2408 30.8505 111.1305   4.00   -inf  -nan  10   3  13   2 210.25
   19   2018 10 09 23:14:54.332    83694.332  0.3029 30.8505 111.1305   4.00   -inf  -nan  11   7  18   6 210.25
    1   2018 10 10 02:08:40.663     7720.663  0.2972 30.8605 111.3505   4.00   -inf  -nan   7   2   9   1 317.46
    2   2018 10 10 04:11:07.514    15067.514  0.3434 31.0205 110.3205   6.00   -inf  -nan   8   7  15   3 213.80
    3   2018 10 10 04:15:27.526    15327.526  0.4594 31.0205 109.7405   8.00   -inf  -nan   8   6  14   5 279.99
    4   2018 10 10 06:18:38.230    22718.230  0.2956 31.2405 109.8405   0.00   -inf  -nan   4   2   6   1 315.21
    5   2018 10 10 06:23:34.197    23014.197  0.4351 31.1805 110.2905   6.00   -inf  -nan   4   4   8   2 169.73
    6   2018 10 10 06:32:54.905    23574.905  0.3603 30.8605 110.7205   2.00   -inf  -nan   8   6  14   5 165.86
    7   2018 10 10 07:57:17.260    28637.260  0.2578 30.8505 111.1305   4.00   -inf  -nan   9   3  12   3 210.75
    8   2018 10 10 08:31:54.401    30714.401  0.2293 31.1405 109.8105  14.00   -inf  -nan   3   2   5   2 325.81
    9   2018 10 10 08:48:52.056    31732.056  0.2277 31.1605 109.8805   0.00   -inf  -nan   3   2   5   2 318.74
   10   2018 10 10 09:24:11.283    33851.283  0.3798 31.1405 109.9705   8.00   -inf  -nan  11   8  19   7 286.82
   11   2018 10 10 09:25:25.630    33925.630  0.3184 31.1205 109.8805   2.00   -inf  -nan   3   2   5   2 309.02
   12   2018 10 10 10:01:13.814    36073.814  0.2780 30.9805 110.7905   0.00   -inf  -nan  12   4  16   4 117.64
   13   2018 10 10 10:04:19.705    36259.705  0.1866 31.0205 109.7405   6.00   -inf  -nan   3   2   5   2 279.99
   14   2018 10 10 12:58:13.929    46693.929  0.2199 30.7705 110.7605  12.00   -inf  -nan  11  13  24  11 199.88
   15   2018 10 10 14:10:27.372    51027.372  0.3080 30.9305 111.2005   2.00   -inf  -nan   3   2   5   2 279.86
   16   2018 10 10 20:01:17.836    72077.836  0.1430 31.1805 110.1305  12.00   -inf  -nan   3   2   5   2 140.16
   17   2018 10 10 22:27:22.718    80842.718  0.1678 30.8505 111.0905   8.00   -inf  -nan   4   2   6   2 170.85
   18   2018 10 10 23:19:51.116    83991.116  0.0875 30.8505 111.1305   6.00   -inf  -nan   5   3   8   3 210.75
    1   2018 10 11 00:05:19.361      319.361  0.3572 31.0505 110.4305   8.00   -inf  -nan  15  12  27  10 142.11
    2   2018 10 11 03:31:30.886    12690.886  0.0871 30.8905 111.0405   6.00   -inf  -nan   5   2   7   2  98.74
    3   2018 10 11 04:01:38.166    14498.166  0.1757 30.8505 111.1305   6.00   -inf  -nan   9   6  15   5 210.25
    4   2018 10 11 04:25:42.793    15942.793  0.4184 31.2905 110.3305   2.00   -inf  -nan   8   3  11   2 279.04
    5   2018 10 11 04:43:40.918    17020.918  0.4558 31.0605 109.8105   2.00   -inf  -nan   9   7  16   6 270.85
    6   2018 10 11 04:49:29.746    17369.746  0.3215 31.1005 109.8505  10.00   -inf  -nan   9   4  13   3 288.96
    7   2018 10 11 05:37:12.636    20232.636  0.1560 30.9705 111.3205   8.00   -inf  -nan   5   2   7   1 313.14
    8   2018 10 11 06:18:56.320    22736.320  0.1498 31.2605 110.0905   8.00   -inf  -nan   4   2   6   2 239.46
    9   2018 10 11 07:11:51.256    25911.256  0.3645 31.0505 110.4305   8.00   -inf  -nan  16  12  28   9  98.75
   10   2018 10 11 07:12:48.725    25968.725  0.4613 31.0505 110.4605  16.00   -inf  -nan   4   5   9   4 111.60
   11   2018 10 11 07:13:16.723    25996.723  0.2141 31.0305 110.4405  12.00   -inf  -nan   3   3   6   3 225.90
   12   2018 10 11 07:14:59.006    26099.006  0.2250 31.0205 110.4405   0.00   -inf  -nan   5   3   8   3 166.62
   13   2018 10 11 07:16:16.194    26176.194  0.4592 31.0305 110.4405   8.00   -inf  -nan   3   5   8   2  92.86
   14   2018 10 11 07:16:55.939    26215.939  0.3483 31.0105 110.4205   0.00   -inf  -nan  12  10  22   9 118.48
   15   2018 10 11 07:17:41.755    26261.755  0.3366 31.0505 110.4605   4.00   -inf  -nan  11   8  19   6 111.60
   16   2018 10 11 07:18:57.526    26337.526  0.3777 31.0505 110.4505   0.00   -inf  -nan  13   7  20   7 106.33
   17   2018 10 11 07:19:29.002    26369.002  0.3797 31.0505 110.4505   6.00   -inf  -nan  14  14  28  10 106.33
   18   2018 10 11 07:21:00.839    26460.839  0.3672 31.0205 110.4405   6.00   -inf  -nan  14  11  25   9 115.05
   19   2018 10 11 07:23:12.279    26592.279  0.2405 31.0205 110.4805  10.00   -inf  -nan   3   2   5   2 163.04
   20   2018 10 11 07:24:20.383    26660.383  0.4244 31.0305 110.4805   8.00   -inf  -nan   3   4   7   2  98.79
   21   2018 10 11 07:26:11.046    26771.046  0.3463 31.0505 110.4505   0.00   -inf  -nan  15  12  27  12 106.33
   22   2018 10 11 07:30:20.307    27020.307  0.1101 31.0205 110.4405   8.00   -inf  -nan   5   3   8   3 166.62
   23   2018 10 11 07:36:02.931    27362.931  0.3018 31.0505 110.4605   0.00   -inf  -nan  11  10  21   7 109.45
   24   2018 10 11 07:37:54.514    27474.514  0.1985 30.9405 110.4405  10.00   -inf  -nan   3   4   7   2 143.62
   25   2018 10 11 07:42:47.335    27767.335  0.3393 31.0605 110.4605   4.00   -inf  -nan  12   8  20   5 135.12
   26   2018 10 11 07:43:26.986    27806.986  0.4130 31.0705 110.4405  16.00   -inf  -nan   4   5   9   4 122.61
   27   2018 10 11 07:50:04.537    28204.537  0.1672 31.0305 110.5205  14.00   -inf  -nan   3   3   6   2 140.98
   28   2018 10 11 07:53:56.245    28436.245  0.2713 31.0205 110.4405   6.00   -inf  -nan  10   2  12   2 101.35
   29   2018 10 11 08:00:16.724    28816.724  0.1886 30.9805 110.4805   8.00   -inf  -nan   3   4   7   2 128.30
   30   2018 10 11 08:00:43.436    28843.436  0.2902 30.9305 110.4705   6.00   -inf  -nan   4   3   7   3 267.05
   31   2018 10 11 08:03:29.633    29009.633  0.4273 31.0205 110.4405   4.00   -inf  -nan   6   7  13   5 121.53
   32   2018 10 11 08:04:28.113    29068.113  0.2888 31.0605 110.4405   8.00   -inf  -nan   3   3   6   2 216.40
   33   2018 10 11 08:05:26.091    29126.091  0.4177 30.9805 110.4405  14.00   -inf  -nan   3   4   7   3 204.84
   34   2018 10 11 08:06:59.910    29219.910  0.3743 31.0505 110.4505   8.00   -inf  -nan  18  20  38  17 106.33
   35   2018 10 11 08:14:04.256    29644.256  0.3714 31.0605 110.4605  10.00   -inf  -nan   6   8  14   5 120.13
   36   2018 10 11 08:19:30.178    29970.178  0.2655 31.0405 110.4505   8.00   -inf  -nan  17  18  35  14 101.38
   37   2018 10 11 08:21:27.414    30087.414  0.3732 31.0205 110.4405   6.00   -inf  -nan  16  13  29  11  87.12
   38   2018 10 11 08:28:51.130    30531.130  0.3790 31.0605 110.4605   8.00   -inf  -nan  19  16  35  14 115.11
   39   2018 10 11 08:31:44.249    30704.249  0.3483 31.0505 110.4305  10.00   -inf  -nan   3   5   8   3 110.61
   40   2018 10 11 08:35:18.463    30918.463  0.4280 31.0205 110.4805   0.00   -inf  -nan   3   4   7   3 163.04
   41   2018 10 11 08:38:14.891    31094.891  0.4132 31.0205 110.4405   6.00   -inf  -nan  12  11  23   9  87.12
   42   2018 10 11 08:39:43.426    31183.426  0.4868 31.0305 110.4005  18.00   -inf  -nan   3   3   6   2 191.38
   43   2018 10 11 08:42:39.060    31359.060  0.4378 30.9705 110.3705   4.00   -inf  -nan  12   7  19   6  88.31
   44   2018 10 11 08:42:56.290    31376.290  0.2758 31.0505 110.4605   8.00   -inf  -nan   6   6  12   6 111.60
   45   2018 10 11 08:45:20.527    31520.527  0.3213 31.0505 110.4705  10.00   -inf  -nan   6   7  13   6 113.45
   46   2018 10 11 08:49:39.870    31779.870  0.3628 31.0505 110.4505   4.00   -inf  -nan  14  13  27  11 109.19
   47   2018 10 11 08:51:22.030    31882.030  0.1770 31.0205 110.4405   8.00   -inf  -nan   3   3   6   2 144.10
   48   2018 10 11 08:53:09.355    31989.355  0.3829 30.7105 110.8605   6.00   -inf  -nan   8   3  11   2 214.79
   49   2018 10 11 08:54:29.750    32069.750  0.4152 31.0505 110.4605   4.00   -inf  -nan  13  11  24  10 111.60
   50   2018 10 11 08:59:00.487    32340.487  0.2933 31.0505 110.4605   6.00   -inf  -nan   7   6  13   6 111.60
   51   2018 10 11 09:03:29.882    32609.882  0.3322 31.0605 110.4605   8.00   -inf  -nan  10   9  19   8 120.13
   52   2018 10 11 09:24:46.519    33886.519  0.3892 31.0505 110.4705   0.00   -inf  -nan   4   4   8   3 124.80
   53   2018 10 11 09:26:03.165    33963.165  0.4202 31.0205 110.4405   8.00   -inf  -nan  17  12  29  12 101.35
   54   2018 10 11 09:29:15.310    34155.310  0.2403 31.0805 110.0005   4.00   -inf  -nan  10   2  12   2 154.20
   55   2018 10 11 09:30:55.671    34255.671  0.2070 31.0605 110.4805   6.00   -inf  -nan   3   3   6   3 279.12
   56   2018 10 11 09:32:38.682    34358.682  0.1298 31.0205 110.4405   4.00   -inf  -nan   3   3   6   1 207.51
   57   2018 10 11 09:35:22.228    34522.228  0.3164 31.0505 110.4705   8.00   -inf  -nan   6   5  11   5 113.45
   58   2018 10 11 09:35:49.910    34549.910  0.2154 31.0605 110.4405   8.00   -inf  -nan   3   2   5   2 170.49
   59   2018 10 11 09:36:11.798    34571.798  0.3121 31.0505 110.4605   8.00   -inf  -nan  10   9  19   9 111.60
   60   2018 10 11 09:37:29.682    34649.682  0.3386 31.0205 110.4805  10.00   -inf  -nan   6   5  11   5  91.96
   61   2018 10 11 09:39:25.902    34765.902  0.3591 31.0205 110.4405   6.00   -inf  -nan  16  14  30  12  87.12
   62   2018 10 11 09:44:02.836    35042.836  0.4094 31.0605 110.4605   8.00   -inf  -nan  14  13  27  12 120.13
   63   2018 10 11 09:44:57.970    35097.970  0.4371 31.0505 110.4305  10.00   -inf  -nan   5   5  10   4 102.66
   64   2018 10 11 09:51:55.793    35515.793  0.2835 31.0205 110.4805   0.00   -inf  -nan   3   2   5   2 163.04
   65   2018 10 11 09:54:59.172    35699.172  0.4129 31.0205 110.4405   6.00   -inf  -nan  10   8  18   6  87.12
   66   2018 10 11 10:06:13.095    36373.095  0.3204 31.0905 110.4605   2.00   -inf  -nan   4   4   8   3 190.27
   67   2018 10 11 10:08:36.589    36516.589  0.4192 31.0505 110.4605   4.00   -inf  -nan   8  10  18   8 111.60
   68   2018 10 11 10:09:21.303    36561.303  0.2436 31.0305 110.4405   6.00   -inf  -nan  11   4  15   2  92.86
   69   2018 10 11 10:11:53.860    36713.860  0.3059 31.0505 110.4505   8.00   -inf  -nan  19  16  35  14 106.33
   70   2018 10 11 10:22:14.397    37334.397  0.3456 31.0505 110.4505  10.00   -inf  -nan   7   5  12   3 109.19
   71   2018 10 11 10:26:12.052    37572.052  0.3567 31.0205 110.4405   6.00   -inf  -nan   8   5  13   5  87.12
   72   2018 10 11 10:29:56.157    37796.157  0.3102 31.0205 110.4805   2.00   -inf  -nan   4   3   7   2 128.52
   73   2018 10 11 10:31:00.073    37860.073  0.4016 31.0305 110.4405  12.00   -inf  -nan   4   4   8   3 116.96
   74   2018 10 11 10:32:09.312    37929.312  0.4085 31.0505 110.4605   8.00   -inf  -nan  10   9  19   7 111.60
   75   2018 10 11 10:34:36.121    38076.121  0.2793 31.0205 110.4405   6.00   -inf  -nan   3   2   5   2 166.62
   76   2018 10 11 10:37:44.964    38264.964  0.3923 31.0305 110.4805  12.00   -inf  -nan   7   6  13   5  98.79
   77   2018 10 11 10:38:01.377    38281.377  0.2628 31.0505 110.4605   8.00   -inf  -nan   7   5  12   5 111.60
   78   2018 10 11 10:43:09.626    38589.626  0.3311 31.0205 110.4405   6.00   -inf  -nan   7   5  12   4  87.12
   79   2018 10 11 10:48:55.093    38935.093  0.3788 31.0505 110.4605   6.00   -inf  -nan  13  12  25  11 111.60
   80   2018 10 11 10:51:04.213    39064.213  0.0662 31.0205 110.4405   8.00   -inf  -nan   3   3   6   2 152.49
   81   2018 10 11 10:52:07.699    39127.699  0.3464 31.0205 110.4405   6.00   -inf  -nan  16  12  28  11  87.12
   82   2018 10 11 10:54:02.944    39242.944  0.3297 31.0505 110.4605   8.00   -inf  -nan  16  16  32  14 109.45
   83   2018 10 11 10:56:23.109    39383.109  0.2599 31.0205 110.4805   0.00   -inf  -nan   3   2   5   1 163.04
   84   2018 10 11 10:56:54.075    39414.075  0.3532 31.0605 110.4405  12.00   -inf  -nan   3   6   9   2 113.97
   85   2018 10 11 11:03:31.869    39811.869  0.3175 31.0505 110.4605   6.00   -inf  -nan   9  13  22   8 111.60
   86   2018 10 11 11:27:30.545    41250.545  0.2294 30.8005 110.0105   6.00   -inf  -nan   3   4   7   1 260.34
   87   2018 10 11 11:35:59.344    41759.344  0.3037 31.0505 110.4605   6.00   -inf  -nan  12  14  26  10 109.45
   88   2018 10 11 11:46:12.312    42372.312  0.3184 31.0505 110.4605   0.00   -inf  -nan   3   4   7   1 111.60
   89   2018 10 11 12:01:53.139    43313.139  0.3050 31.0205 110.4605   6.00   -inf  -nan   6   6  12   3  90.43
   90   2018 10 11 12:02:35.153    43355.153  0.4130 31.0605 110.4405  10.00   -inf  -nan   4   8  12   4 198.28
   91   2018 10 11 12:10:29.709    43829.709  0.3067 31.0505 110.4605   0.00   -inf  -nan   6   7  13   5 111.60
   92   2018 10 11 12:12:18.792    43938.792  0.4285 31.0205 110.4405   6.00   -inf  -nan   5   6  11   3  87.12
   93   2018 10 11 12:37:13.208    45433.208  0.2993 31.0605 110.4605  10.00   -inf  -nan  21  12  33  11 115.11
   94   2018 10 11 12:51:42.425    46302.425  0.2230 31.0205 110.4405  10.00   -inf  -nan   4   3   7   2 166.62
   95   2018 10 11 12:55:33.592    46533.592  0.3164 31.0605 110.4605  10.00   -inf  -nan  13   8  21   8 120.13
   96   2018 10 11 13:07:38.020    47258.020  0.2590 31.0505 110.4605  10.00   -inf  -nan   6   6  12   6 111.60
   97   2018 10 11 13:18:39.891    47919.891  0.2708 31.0505 110.4605  12.00   -inf  -nan   4   4   8   2 111.60
   98   2018 10 11 13:27:24.699    48444.699  0.3140 31.0505 110.4605   6.00   -inf  -nan   6   8  14   6 111.60
   99   2018 10 11 13:39:31.180    49171.180  0.4031 31.0505 110.4505   2.00   -inf  -nan  13  15  28  12 106.33
  100   2018 10 11 13:45:33.087    49533.087  0.4525 31.0205 110.4405   6.00   -inf  -nan  11   8  19   8  87.12
  101   2018 10 11 13:46:40.732    49600.732  0.4274 31.0205 110.4405   6.00   -inf  -nan   9   8  17   6  87.12
  102   2018 10 11 13:54:35.068    50075.068  0.3217 31.0605 110.4605  14.00   -inf  -nan   6   5  11   4 120.13
  103   2018 10 11 13:54:58.986    50098.986  0.3845 31.0505 110.4605   8.00   -inf  -nan   6   7  13   6 111.60
  104   2018 10 11 14:04:39.269    50679.269  0.3535 31.0205 110.4405   6.00   -inf  -nan   7   6  13   6  87.12
  105   2018 10 11 14:05:12.178    50712.178  0.3229 31.0305 110.4405   6.00   -inf  -nan  14  13  27  11  92.86
  106   2018 10 11 14:26:00.878    51960.878  0.2871 31.0505 110.4605  10.00   -inf  -nan  20   9  29   8 109.45
  107   2018 10 11 14:39:53.191    52793.191  0.1310 31.1005 110.4505   2.00   -inf  -nan   3   2   5   1 237.70
  108   2018 10 11 14:49:11.444    53351.444  0.3675 31.0505 110.4705   0.00   -inf  -nan  14  11  25  10 112.16
  109   2018 10 11 14:51:05.806    53465.806  0.3157 31.0505 110.4605   0.00   -inf  -nan   4   4   8   3 111.60
  110   2018 10 11 14:51:16.935    53476.935  0.3333 31.0505 110.4605   0.00   -inf  -nan   4   5   9   3 111.60
  111   2018 10 11 15:04:13.138    54253.138  0.2284 31.0705 110.4405   6.00   -inf  -nan   4   5   9   4 243.34
  112   2018 10 11 15:08:11.185    54491.185  0.4385 31.0305 110.4805   6.00   -inf  -nan   7   7  14   5  98.79
  113   2018 10 11 15:11:30.807    54690.807  0.2293 31.0405 110.4505   6.00   -inf  -nan   4   6  10   4 101.78
  114   2018 10 11 15:30:16.140    55816.140  0.3261 31.0205 110.4405   8.00   -inf  -nan  17  15  32  10  87.12
  115   2018 10 11 15:33:19.453    55999.453  0.2116 31.0505 110.4305  12.00   -inf  -nan   4   4   8   3 102.66
  116   2018 10 11 15:44:51.951    56691.951  0.2684 31.0505 110.4305  12.00   -inf  -nan   3   4   7   1 110.61
  117   2018 10 11 15:51:57.566    57117.566  0.2705 31.0505 110.4605   8.00   -inf  -nan   8   7  15   7 111.60
  118   2018 10 11 15:53:29.741    57209.741  0.2909 31.0505 110.4505   8.00   -inf  -nan   6   5  11   4 109.19
  119   2018 10 11 15:55:20.921    57320.921  0.3386 31.0505 110.4605   0.00   -inf  -nan   7   8  15   6 111.60
  120   2018 10 11 16:11:34.956    58294.956  0.1747 31.0105 110.4705   0.00   -inf  -nan   3   2   5   1 135.90
  121   2018 10 11 16:25:36.070    59136.070  0.3627 31.0205 110.4405   6.00   -inf  -nan  18  16  34  14  87.12
  122   2018 10 11 16:29:29.347    59369.347  0.4313 31.0205 110.4405   6.00   -inf  -nan  14   9  23   9  87.12
  123   2018 10 11 16:33:51.881    59631.881  0.2961 31.0505 110.4505  12.00   -inf  -nan   4   4   8   2 109.19
  124   2018 10 11 16:35:49.566    59749.566  0.2352 31.0505 110.4605   4.00   -inf  -nan   4   4   8   1 111.60
  125   2018 10 11 16:59:50.877    61190.877  0.3941 31.0505 110.4505   6.00   -inf  -nan  21  15  36  14 106.33
  126   2018 10 11 17:00:30.659    61230.659  0.3807 31.0205 110.4405   6.00   -inf  -nan  14   8  22   5  87.12
  127   2018 10 11 17:04:31.753    61471.753  0.3103 31.0205 110.4405   4.00   -inf  -nan  10   7  17   6  87.12
  128   2018 10 11 17:07:02.704    61622.704  0.3524 31.0505 110.4505   8.00   -inf  -nan  18  19  37  16 106.33
  129   2018 10 11 17:10:01.432    61801.432  0.2705 31.0505 110.4605  10.00   -inf  -nan   6   5  11   4 111.60
  130   2018 10 11 17:22:10.790    62530.790  0.1115 31.0605 110.4805  12.00   -inf  -nan   4   2   6   2 217.29
  131   2018 10 11 17:39:22.469    63562.469  0.4215 31.0505 110.4505   8.00   -inf  -nan  20  15  35  13 106.33
  132   2018 10 11 17:47:05.316    64025.316  0.3190 31.1005 110.4405   4.00   -inf  -nan   3   3   6   2 187.83
  133   2018 10 11 17:49:14.597    64154.597  0.2851 30.8905 111.0905   6.00   -inf  -nan   4   2   6   2 157.71
  134   2018 10 11 17:53:22.509    64402.509  0.2946 31.0505 110.4905  10.00   -inf  -nan   8   7  15   7 172.84
  135   2018 10 11 17:56:26.664    64586.664  0.4284 31.0605 110.4805   0.00   -inf  -nan   3   5   8   3 175.68
  136   2018 10 11 17:57:06.805    64626.805  0.3275 31.0505 110.4605   4.00   -inf  -nan   4   5   9   4 157.85
  137   2018 10 11 18:19:26.587    65966.587  0.3291 31.0505 110.4605   4.00   -inf  -nan  11  10  21   8 129.92
  138   2018 10 11 18:21:04.562    66064.562  0.4904 31.0105 110.4405  10.00   -inf  -nan  10   8  18   6  86.55
  139   2018 10 11 18:26:17.883    66377.883  0.2666 31.0505 110.4605   8.00   -inf  -nan   5   5  10   5 157.85
  140   2018 10 11 18:26:44.947    66404.947  0.2070 31.0605 110.4805   8.00   -inf  -nan   4   4   8   2 175.68
  141   2018 10 11 18:31:44.338    66704.338  0.4246 31.0605 110.4805   4.00   -inf  -nan   3   5   8   3 237.51
  142   2018 10 11 18:35:51.415    66951.415  0.3671 31.0605 110.4605   8.00   -inf  -nan  20  16  36  15 115.11
  143   2018 10 11 18:40:09.581    67209.581  0.2212 31.0205 110.4505  10.00   -inf  -nan   6   3   9   3 102.42
  144   2018 10 11 18:40:34.200    67234.200  0.4095 31.0205 110.4405   8.00   -inf  -nan  20  10  30   9  87.12
  145   2018 10 11 18:41:41.416    67301.416  0.3743 31.0505 110.4505   0.00   -inf  -nan  10  12  22  10 106.33
  146   2018 10 11 18:42:45.021    67365.021  0.2397 31.0505 110.4605  12.00   -inf  -nan   4   4   8   3 111.60
  147   2018 10 11 18:44:08.148    67448.148  0.3052 31.0505 110.4605   0.00   -inf  -nan   9   9  18   7 111.60
  148   2018 10 11 18:44:20.882    67460.882  0.3815 31.0205 110.4405   6.00   -inf  -nan  10   8  18   7  87.12
  149   2018 10 11 18:44:46.597    67486.597  0.3378 31.0505 110.4605   0.00   -inf  -nan   9   8  17   6 109.45
  150   2018 10 11 18:48:07.883    67687.883  0.3233 31.0205 110.4405   6.00   -inf  -nan   8   6  14   6  87.12
  151   2018 10 11 18:48:23.937    67703.937  0.3456 31.0605 110.4605  12.00   -inf  -nan   7   6  13   6 120.13
  152   2018 10 11 18:50:32.816    67832.816  0.3970 31.0205 110.4505  12.00   -inf  -nan  20   5  25   5  88.98
  153   2018 10 11 18:52:25.037    67945.037  0.4164 31.0205 110.4405   8.00   -inf  -nan  21  14  35  13  87.12
  154   2018 10 11 18:53:11.918    67991.918  0.2353 31.0505 110.4505  10.00   -inf  -nan   7   6  13   6 109.19
  155   2018 10 11 18:53:51.126    68031.126  0.3587 31.0505 110.4605   8.00   -inf  -nan  14  13  27  13 111.60
  156   2018 10 11 18:54:39.929    68079.929  0.2025 31.0205 110.4605  10.00   -inf  -nan  10   2  12   2  90.43
  157   2018 10 11 18:55:19.882    68119.882  0.2856 31.0405 110.4505   4.00   -inf  -nan  13   6  19   4 101.38
  158   2018 10 11 18:56:19.869    68179.869  0.3049 31.0205 110.4405   8.00   -inf  -nan   8   3  11   2  90.01
  159   2018 10 11 18:56:54.171    68214.171  0.3343 31.0505 110.4505  10.00   -inf  -nan   7   9  16   7 109.19
  160   2018 10 11 18:58:14.860    68294.860  0.3076 31.0205 110.4405   8.00   -inf  -nan  19  11  30  10  87.12
  161   2018 10 11 18:58:49.858    68329.858  0.3504 31.0505 110.4505  10.00   -inf  -nan  13  10  23  10 109.19
  162   2018 10 11 18:59:19.892    68359.892  0.3540 31.0205 110.4405   6.00   -inf  -nan   7   4  11   4  87.12
  163   2018 10 11 19:02:09.768    68529.768  0.3984 31.0205 110.4505  10.00   -inf  -nan  10   7  17   7  88.98
  164   2018 10 11 19:04:05.369    68645.369  0.2056 30.9105 111.0205   6.00   -inf  -nan   4   2   6   1 128.01
  165   2018 10 11 19:05:16.550    68716.550  0.1860 31.0505 110.4705   0.00   -inf  -nan   3   4   7   2 159.22
  166   2018 10 11 19:08:30.277    68910.277  0.2603 31.0505 110.4605  10.00   -inf  -nan   7   4  11   4 111.60
  167   2018 10 11 19:08:56.526    68936.526  0.4023 31.0505 110.4505   0.00   -inf  -nan  14   9  23   8 106.33
  168   2018 10 11 19:09:49.668    68989.668  0.4392 31.0305 110.4805   8.00   -inf  -nan   8   7  15   6  98.79
  169   2018 10 11 19:11:19.363    69079.363  0.3920 31.0205 110.4405   6.00   -inf  -nan  16  15  31  13  87.12
  170   2018 10 11 19:11:44.231    69104.231  0.2418 31.0305 110.4405  10.00   -inf  -nan   4   3   7   3 134.10
  171   2018 10 11 19:12:23.246    69143.246  0.2665 31.0505 110.4605   8.00   -inf  -nan   7   5  12   5 111.60
  172   2018 10 11 19:14:01.407    69241.407  0.1194 31.0505 110.4605   4.00   -inf  -nan   5   2   7   1 157.85
  173   2018 10 11 19:15:19.926    69319.926  0.3334 31.0505 110.4605   6.00   -inf  -nan  13   9  22   8 109.45
  174   2018 10 11 19:18:19.783    69499.783  0.3791 31.0605 110.4605   6.00   -inf  -nan  19  19  38  16 115.11
  175   2018 10 11 19:18:36.528    69516.528  0.2467 31.0505 110.4305  14.00   -inf  -nan   6   2   8   2 110.61
  176   2018 10 11 19:23:32.605    69812.605  0.3671 31.0305 110.4805  12.00   -inf  -nan   6   6  12   6  98.79
  177   2018 10 11 19:25:34.984    69934.984  0.3007 31.0605 110.4805  16.00   -inf  -nan   5   5  10   4 123.88
  178   2018 10 11 19:28:06.932    70086.932  0.2950 31.0505 110.4605   6.00   -inf  -nan   7   7  14   7 111.60
  179   2018 10 11 19:29:15.063    70155.063  0.4582 31.0205 110.4405   8.00   -inf  -nan  19  12  31   9  87.12
  180   2018 10 11 19:33:23.134    70403.134  0.3699 31.0505 110.4505   8.00   -inf  -nan  17  13  30  12 106.33
  181   2018 10 11 19:34:16.268    70456.268  0.3192 31.0605 110.4405  10.00   -inf  -nan   4   2   6   2 216.40
  182   2018 10 11 19:35:31.891    70531.891  0.3195 31.0505 110.4505  10.00   -inf  -nan  14   8  22   8 109.19
  183   2018 10 11 19:36:51.512    70611.512  0.4064 31.0205 110.4405   6.00   -inf  -nan  14   9  23   9  87.12
  184   2018 10 11 19:40:53.604    70853.604  0.2745 31.0505 110.4605   8.00   -inf  -nan  10   8  18   7 111.60
  185   2018 10 11 19:43:01.945    70981.945  0.3261 31.0505 110.4605   8.00   -inf  -nan   7   6  13   6 111.60
  186   2018 10 11 19:43:37.704    71017.704  0.3242 31.0505 110.4605   4.00   -inf  -nan  14  13  27  11 111.60
  187   2018 10 11 19:44:48.652    71088.652  0.4326 31.0605 110.4605   8.00   -inf  -nan   6   7  13   6 120.13
  188   2018 10 11 19:45:47.641    71147.641  0.2584 31.0505 110.4605   0.00   -inf  -nan   4   6  10   4 111.60
  189   2018 10 11 19:47:43.201    71263.201  0.3989 31.0205 110.4805  20.00   -inf  -nan   6   3   9   3  91.96
  190   2018 10 11 19:49:24.594    71364.594  0.3753 31.0605 110.4605  10.00   -inf  -nan  10   8  18   8 120.13
  191   2018 10 11 19:55:05.066    71705.066  0.3371 31.0505 110.4605   6.00   -inf  -nan  14   9  23   9 109.45
  192   2018 10 11 20:00:24.303    72024.303  0.2870 31.0505 110.4605   8.00   -inf  -nan  13   9  22   8 111.60
  193   2018 10 11 20:01:08.416    72068.416  0.2590 31.0505 110.4605  14.00   -inf  -nan   5   3   8   3 111.60
  194   2018 10 11 20:05:21.749    72321.749  0.2953 31.0505 110.4605   0.00   -inf  -nan   6   5  11   4 111.60
  195   2018 10 11 20:07:16.378    72436.378  0.3928 31.0205 110.4405   8.00   -inf  -nan  16  14  30  12  87.12
  196   2018 10 11 20:08:32.020    72512.020  0.3421 31.0505 110.4605   0.00   -inf  -nan   3   5   8   1 111.60
  197   2018 10 11 20:13:56.484    72836.484  0.4323 31.0205 110.4605  14.00   -inf  -nan  18  17  35  16 105.36
  198   2018 10 11 20:22:13.892    73333.892  0.3449 31.0205 110.4405   6.00   -inf  -nan  12   6  18   6  87.12
  199   2018 10 11 20:25:38.928    73538.928  0.2364 31.0605 110.4605   6.00   -inf  -nan   9   2  11   2 135.12
  200   2018 10 11 20:27:43.619    73663.619  0.2713 31.0605 110.4405   6.00   -inf  -nan   5   4   9   3 170.49
  201   2018 10 11 20:32:47.016    73967.016  0.3398 31.0605 110.4605   8.00   -inf  -nan  15  15  30  11 115.11
  202   2018 10 11 20:34:35.358    74075.358  0.3591 31.0305 110.4405  10.00   -inf  -nan   5   6  11   4  92.86
  203   2018 10 11 20:35:12.108    74112.108  0.4446 31.0105 110.4705   2.00   -inf  -nan   4   5   9   3 150.22
  204   2018 10 11 20:35:57.924    74157.924  0.3580 31.0505 110.4505   0.00   -inf  -nan  12  12  24   9 106.33
  205   2018 10 11 20:41:40.384    74500.384  0.2742 31.0605 110.4405   6.00   -inf  -nan   6   3   9   3 170.49
  206   2018 10 11 20:43:22.881    74602.881  0.3227 31.0505 110.4705  12.00   -inf  -nan   6   5  11   4 113.45
  207   2018 10 11 20:46:56.772    74816.772  0.4832 31.0605 110.4605   0.00   -inf  -nan   4   6  10   4 120.13
  208   2018 10 11 20:56:35.513    75395.513  0.0682 31.0205 110.4405   8.00   -inf  -nan   3   3   6   3 166.62
  209   2018 10 11 20:57:17.506    75437.506  0.4115 31.0505 110.4605   4.00   -inf  -nan   4   2   6   2 169.12
  210   2018 10 11 20:57:59.441    75479.441  0.2803 31.0505 110.4605   6.00   -inf  -nan   7   4  11   4 111.60
  211   2018 10 11 21:01:07.439    75667.439  0.3977 31.0505 110.4605   0.00   -inf  -nan   6   7  13   6 111.60
  212   2018 10 11 21:02:27.665    75747.665  0.2761 31.0505 110.4605   0.00   -inf  -nan   6   3   9   2 111.60
  213   2018 10 11 21:09:40.544    76180.544  0.4651 31.0305 110.4805   6.00   -inf  -nan   6   5  11   5 142.66
  214   2018 10 11 21:10:07.640    76207.640  0.2766 31.0605 110.4405   6.00   -inf  -nan   4   3   7   2 170.49
  215   2018 10 11 21:16:17.617    76577.617  0.1038 31.0605 110.4405   6.00   -inf  -nan   3   2   5   2 216.40
  216   2018 10 11 21:21:31.350    76891.350  0.2394 31.0505 110.4705   0.00   -inf  -nan   6   4  10   4 114.41
  217   2018 10 11 21:22:03.193    76923.193  0.3773 31.0305 110.4805  12.00   -inf  -nan   4   5   9   4 152.53
  218   2018 10 11 21:23:54.919    77034.919  0.4673 31.0205 110.4405   6.00   -inf  -nan   7   7  14   7  87.12
  219   2018 10 11 21:40:52.795    78052.795  0.3104 31.0505 110.4605   0.00   -inf  -nan   8   8  16   7 111.60
  220   2018 10 11 21:45:15.141    78315.141  0.3662 31.0505 110.4605   6.00   -inf  -nan   6   6  12   5 111.60
  221   2018 10 11 21:48:33.237    78513.237  0.3013 31.0505 110.4705   0.00   -inf  -nan   4   3   7   2 208.71
  222   2018 10 11 21:49:31.022    78571.022  0.2622 31.1005 110.4805   0.00   -inf  -nan   4   3   7   3 240.32
  223   2018 10 11 22:04:49.146    79489.146  0.3624 31.0505 110.4605   0.00   -inf  -nan   3   2   5   1 122.88
  224   2018 10 11 22:23:32.623    80612.623  0.2777 31.0505 110.4605   8.00   -inf  -nan   5   4   9   3 111.60
  225   2018 10 11 22:28:13.428    80893.428  0.1823 31.0305 110.4405   8.00   -inf  -nan   4   3   7   3 149.14
  226   2018 10 11 22:30:00.528    81000.528  0.3262 31.0505 110.4705  10.00   -inf  -nan   8   8  16   6 112.16
  227   2018 10 11 22:40:14.878    81614.878  0.1680 31.0205 110.4805  14.00   -inf  -nan   4   3   7   2 135.90
  228   2018 10 11 22:47:12.873    82032.873  0.4236 31.0205 110.4405   8.00   -inf  -nan  16  14  30  12  87.12
  229   2018 10 11 22:54:31.425    82471.425  0.2079 31.0505 110.4705  12.00   -inf  -nan   7   6  13   6 113.45
  230   2018 10 11 22:58:31.826    82711.826  0.3132 30.9905 110.4405   8.00   -inf  -nan   3   2   5   1 197.87
  231   2018 10 11 23:01:55.632    82915.632  0.2709 31.0505 110.4605   8.00   -inf  -nan   7   7  14   5 111.60
  232   2018 10 11 23:03:51.761    83031.761  0.1388 30.8505 111.1305   6.00   -inf  -nan   5   6  11   5 210.25
  233   2018 10 11 23:06:23.081    83183.081  0.2468 31.0505 110.4605   0.00   -inf  -nan   6   5  11   5 111.60
  234   2018 10 11 23:13:57.161    83637.161  0.4367 31.0205 110.4405   6.00   -inf  -nan   4   5   9   3 166.62
  235   2018 10 11 23:31:07.848    84667.848  0.3010 31.0605 110.4405   6.00   -inf  -nan   6   2   8   1 170.49
    1   2018 10 12 00:09:31.264      571.264  0.2074 31.0505 110.4705   0.00   -inf  -nan   5   5  10   5 162.94
    2   2018 10 12 00:11:47.161      707.161  0.2140 31.0705 110.4805  12.00   -inf  -nan   3   3   6   3 223.56
    3   2018 10 12 00:13:53.853      833.853  0.4246 31.0205 110.4405   8.00   -inf  -nan  19  20  39  17  87.12
    4   2018 10 12 00:15:53.788      953.788  0.1933 31.0105 110.5405  20.00   -inf  -nan   3   2   5   2 160.99
    5   2018 10 12 00:16:34.486      994.486  0.3251 31.1805 110.3605   4.00   -inf  -nan   3   2   5   1 205.86
    6   2018 10 12 00:21:05.744     1265.744  0.3779 31.0605 110.4805   0.00   -inf  -nan   4   5   9   4 175.68
    7   2018 10 12 00:22:22.638     1342.638  0.2304 31.0505 110.4705   6.00   -inf  -nan   8   6  14   6 162.94
    8   2018 10 12 00:29:01.376     1741.376  0.3073 31.0705 110.4805   0.00   -inf  -nan   3   2   5   1 223.56
    9   2018 10 12 00:31:01.132     1861.132  0.1825 31.0505 110.4705   0.00   -inf  -nan   6   2   8   2 151.40
   10   2018 10 12 00:31:18.373     1878.373  0.3739 31.0505 110.4505   6.00   -inf  -nan  14   9  23   7 106.33
   11   2018 10 12 00:34:01.695     2041.695  0.1662 31.1005 110.4005  10.00   -inf  -nan   3   2   5   2 302.50
   12   2018 10 12 00:40:52.826     2452.826  0.2270 31.1005 110.4405   4.00   -inf  -nan   3   3   6   3 285.45
   13   2018 10 12 00:56:06.154     3366.154  0.1966 30.8105 111.2805   2.00   -inf  -nan   5   2   7   1 294.33
   14   2018 10 12 01:20:08.714     4808.714  0.2591 31.0605 110.4805   0.00   -inf  -nan   3   3   6   1 175.68
   15   2018 10 12 01:29:43.433     5383.433  0.3120 31.1705 110.4205  14.00   -inf  -nan   3   2   5   1 177.48
   16   2018 10 12 01:42:33.727     6153.727  0.3427 31.0705 110.4805  18.00   -inf  -nan   3   3   6   2 183.55
   17   2018 10 12 01:44:17.909     6257.909  0.2827 31.0605 110.4805   0.00   -inf  -nan   3   3   6   2 175.68
   18   2018 10 12 02:09:02.350     7742.350  0.3575 31.0605 110.4605   8.00   -inf  -nan  20  18  38  16 115.11
   19   2018 10 12 02:27:45.863     8865.863  0.1517 30.8505 111.1305   6.00   -inf  -nan   6   4  10   4 210.75
   20   2018 10 12 02:52:45.940    10365.940  0.2273 31.0505 110.4605   0.00   -inf  -nan   4   4   8   3 157.85
   21   2018 10 12 03:20:09.738    12009.738  0.2090 31.1005 110.4805   0.00   -inf  -nan   6   2   8   2 235.63
   22   2018 10 12 03:36:26.058    12986.058  0.2742 30.8905 111.4005  10.00   -inf  -nan   6   3   9   3 327.85
   23   2018 10 12 03:38:01.452    13081.452  0.1653 30.9305 111.4005  12.00   -inf  -nan   4   3   7   3 324.85
   24   2018 10 12 04:10:02.274    15002.274  0.3010 31.0505 110.4605   8.00   -inf  -nan   4   4   8   3 157.85
   25   2018 10 12 04:14:07.710    15247.710  0.3871 31.0205 110.4405   6.00   -inf  -nan  19  16  35  14  87.12
   26   2018 10 12 04:28:27.808    16107.808  0.2956 31.2005 110.0005  10.00   -inf  -nan  10   6  16   5 239.32
   27   2018 10 12 04:30:43.548    16243.548  0.2990 31.0505 110.4505   8.00   -inf  -nan  20  14  34  12 106.33
   28   2018 10 12 04:37:27.393    16647.393  0.3949 30.8605 110.7205   0.00   -inf  -nan  14   8  22   8 165.86
   29   2018 10 12 04:52:21.213    17541.213  0.3140 31.0605 110.4805   0.00   -inf  -nan   3   2   5   2 217.29
   30   2018 10 12 05:02:30.251    18150.251  0.4317 31.0605 110.4405   2.00   -inf  -nan   4   5   9   3 113.97
   31   2018 10 12 05:14:49.745    18889.745  0.2408 30.9005 110.4605  10.00   -inf  -nan   4   4   8   4 167.40
   32   2018 10 12 05:22:24.704    19344.704  0.1966 31.2005 110.6605   0.00   -inf  -nan   4   2   6   2 223.77
   33   2018 10 12 05:25:10.546    19510.546  0.3601 31.0305 110.4405  10.00   -inf  -nan   4   6  10   4 149.14
   34   2018 10 12 05:37:03.003    20223.003  0.2825 31.0105 110.4705  12.00   -inf  -nan   3   2   5   1 178.44
   35   2018 10 12 05:49:53.514    20993.514  0.3460 31.0205 110.4405   6.00   -inf  -nan  16  15  31  13  87.12
   36   2018 10 12 05:56:51.675    21411.675  0.4831 31.0605 110.4405   8.00   -inf  -nan   4   4   8   2 113.97
   37   2018 10 12 05:57:15.495    21435.495  0.3429 31.0505 110.4705  10.00   -inf  -nan   5   4   9   4 124.80
   38   2018 10 12 06:01:24.838    21684.838  0.3567 31.0305 110.4405  10.00   -inf  -nan   4   6  10   4  92.86
   39   2018 10 12 06:04:53.560    21893.560  0.1743 31.0205 110.4405   6.00   -inf  -nan   4   3   7   3 166.62
   40   2018 10 12 06:07:14.423    22034.423  0.3319 31.0605 110.4605  12.00   -inf  -nan   5   4   9   3 120.13
   41   2018 10 12 06:15:46.609    22546.609  0.2205 31.0505 110.4605   8.00   -inf  -nan   5   3   8   2 111.60
   42   2018 10 12 06:21:54.900    22914.900  0.3340 31.0505 110.4405   8.00   -inf  -nan   9  11  20   8 106.21
   43   2018 10 12 06:25:53.340    23153.340  0.3068 31.0505 110.4605  10.00   -inf  -nan   6   6  12   6 111.60
   44   2018 10 12 06:32:17.709    23537.709  0.1346 31.0305 110.4805  14.00   -inf  -nan   4   2   6   2 142.66
   45   2018 10 12 06:35:15.860    23715.860  0.3454 31.0305 110.4805  14.00   -inf  -nan   4   6  10   3 142.66
   46   2018 10 12 06:45:02.578    24302.578  0.3512 31.0505 110.4605   0.00   -inf  -nan  15  11  26  10 109.45
   47   2018 10 12 07:12:14.746    25934.746  0.2226 31.0105 110.4705   4.00   -inf  -nan   3   3   6   2 178.44
   48   2018 10 12 07:13:41.792    26021.792  0.4103 30.7905 110.8205   2.00   -inf  -nan   3   2   5   1 180.02
   49   2018 10 12 07:15:29.274    26129.274  0.3576 30.7505 110.9005   8.00   -inf  -nan   8   4  12   3 194.94
   50   2018 10 12 07:47:01.042    28021.042  0.1108 31.0205 110.4405   8.00   -inf  -nan   3   2   5   2 166.62
   51   2018 10 12 08:07:51.689    29271.689  0.1593 30.8505 111.1305   6.00   -inf  -nan   5   4   9   4 210.75
   52   2018 10 12 08:15:27.349    29727.349  0.3751 30.9805 110.4005   0.00   -inf  -nan   7   2   9   1  87.50
   53   2018 10 12 08:19:09.614    29949.614  0.3594 31.0005 110.1705   0.00   -inf  -nan  11   8  19   6  77.02
   54   2018 10 12 08:28:11.013    30491.013  0.3791 31.0205 109.7805   0.00   -inf  -nan   8   8  16   4 282.24
   55   2018 10 12 08:42:56.354    31376.354  0.4460 31.0605 110.4605  10.00   -inf  -nan   8   6  14   6 120.13
   56   2018 10 12 09:02:07.588    32527.588  0.1107 30.8505 111.1305   6.00   -inf  -nan   6   4  10   4 210.75
   57   2018 10 12 09:36:23.111    34583.111  0.3881 31.1305 110.5305  12.00   -inf  -nan   3   2   5   1 291.51
   58   2018 10 12 09:51:45.654    35505.654  0.3629 31.1005 109.9405  10.00   -inf  -nan  14   9  23   7 232.93
   59   2018 10 12 09:55:52.360    35752.360  0.2463 31.3005 110.1305   6.00   -inf  -nan   9   4  13   4 240.96
   60   2018 10 12 10:10:42.160    36642.160  0.3649 31.3805 110.1305   0.00   -inf  -nan   9   4  13   3 274.66
   61   2018 10 12 10:33:13.211    37993.211  0.3374 30.9405 109.7405  16.00   -inf  -nan   5   2   7   2 294.34
   62   2018 10 12 10:42:52.154    38572.154  0.3557 31.0505 110.4505   6.00   -inf  -nan  18  14  32  12 106.33
   63   2018 10 12 10:47:20.860    38840.860  0.3920 31.0505 110.4505   0.00   -inf  -nan   5   5  10   3 162.03
   64   2018 10 12 11:09:00.064    40140.064  0.2521 31.0505 110.4505   8.00   -inf  -nan  12   9  21   8 109.19
   65   2018 10 12 12:06:04.717    43564.717  0.0928 31.0605 110.4805   0.00   -inf  -nan   4   3   7   2 165.50
   66   2018 10 12 12:11:34.202    43894.202  0.2518 31.0505 110.4605  10.00   -inf  -nan   4   5   9   4 157.85
   67   2018 10 12 12:12:24.648    43944.648  0.2835 31.0505 110.4605  10.00   -inf  -nan   6   6  12   4 111.60
   68   2018 10 12 12:15:04.431    44104.431  0.4869 31.0205 110.4405   8.00   -inf  -nan  13  10  23  10  87.12
   69   2018 10 12 12:40:48.609    45648.609  0.2323 31.0605 110.4805   0.00   -inf  -nan   3   4   7   2 175.68
   70   2018 10 12 13:30:10.585    48610.585  0.1536 31.0705 110.4405   8.00   -inf  -nan   3   3   6   2 265.80
   71   2018 10 12 13:58:15.407    50295.407  0.1960 31.2605 110.2905  10.00   -inf  -nan   3   4   7   3 253.20
   72   2018 10 12 14:19:52.810    51592.810  0.3039 31.0505 110.4605  10.00   -inf  -nan   5   6  11   4 111.60
   73   2018 10 12 14:20:58.927    51658.927  0.3313 31.0205 110.5205  20.00   -inf  -nan   3   2   5   2 204.33
   74   2018 10 12 14:27:53.807    52073.807  0.2510 31.0505 110.4605  10.00   -inf  -nan  20   8  28   7 109.45
   75   2018 10 12 14:31:43.100    52303.100  0.2691 31.0505 110.4605   8.00   -inf  -nan   8   8  16   8 111.60
   76   2018 10 12 14:33:54.463    52434.463  0.1795 31.0505 110.4705   2.00   -inf  -nan   5   5  10   4 113.45
   77   2018 10 12 14:49:25.470    53365.470  0.3228 31.0605 110.4205  10.00   -inf  -nan   5   4   9   4 105.25
   78   2018 10 12 15:19:31.609    55171.609  0.4172 31.0205 110.4405   8.00   -inf  -nan  15  15  30  13  87.12
   79   2018 10 12 15:47:32.810    56852.810  0.4035 31.0505 110.4605   0.00   -inf  -nan  11   9  20   9 111.60
   80   2018 10 12 16:00:16.155    57616.155  0.4317 31.0605 110.4405  10.00   -inf  -nan   4   5   9   4 154.06
   81   2018 10 12 16:07:28.170    58048.170  0.3704 31.0205 110.4405   6.00   -inf  -nan   7   5  12   5  87.12
   82   2018 10 12 16:14:04.897    58444.897  0.3055 31.0505 110.4305   6.00   -inf  -nan   5   4   9   3 110.61
   83   2018 10 12 16:43:11.372    60191.372  0.3948 31.0605 110.4605   6.00   -inf  -nan  17  15  32  13 115.11
   84   2018 10 12 16:50:36.558    60636.558  0.3552 31.0505 110.4605   4.00   -inf  -nan   8   9  17   8 111.60
   85   2018 10 12 16:56:37.667    60997.667  0.2634 31.0805 110.8205   4.00   -inf  -nan  13  10  23   6 124.12
   86   2018 10 12 18:11:40.004    65500.004  0.3443 31.0505 110.4505  10.00   -inf  -nan  19  16  35  15 106.33
   87   2018 10 12 18:20:17.974    66017.974  0.3322 31.0405 110.4505   8.00   -inf  -nan   9   9  18   8 101.78
   88   2018 10 12 18:49:15.106    67755.106  0.4056 31.0305 110.4805   8.00   -inf  -nan   7   7  14   7  98.79
   89   2018 10 12 19:00:25.562    68425.562  0.3368 31.0605 110.4405   4.00   -inf  -nan   8   8  16   7 113.97
   90   2018 10 12 19:17:47.428    69467.428  0.4119 31.0205 110.4405   4.00   -inf  -nan  15  14  29  11  87.12
   91   2018 10 12 19:45:47.969    71147.969  0.0624 31.0605 110.4805   0.00   -inf  -nan   3   2   5   1 217.29
   92   2018 10 12 19:49:52.034    71392.034  0.3177 31.0205 110.4405   6.00   -inf  -nan  12   7  19   6  87.12
   93   2018 10 12 20:03:37.863    72217.863  0.3563 31.0605 110.4805   0.00   -inf  -nan  11   7  18   7 141.43
   94   2018 10 12 20:50:22.987    75022.987  0.4596 31.0605 110.4405  12.00   -inf  -nan   6   5  11   4 154.06
   95   2018 10 12 21:23:37.057    77017.057  0.3567 31.0505 110.4605   6.00   -inf  -nan  11  11  22   9 111.60
   96   2018 10 12 21:54:43.098    78883.098  0.4322 31.0605 110.4605   6.00   -inf  -nan  19  18  37  15 115.11
   97   2018 10 12 21:55:02.235    78902.235  0.3226 31.0605 110.4805  10.00   -inf  -nan   3   2   5   1 175.68
   98   2018 10 12 21:57:11.606    79031.606  0.2351 31.0505 110.4605   6.00   -inf  -nan   7   6  13   6 157.85
   99   2018 10 12 22:32:30.741    81150.741  0.4360 31.0605 110.4405   2.00   -inf  -nan   5   6  11   3 128.37
  100   2018 10 12 22:36:44.534    81404.534  0.3457 31.0505 110.4605   8.00   -inf  -nan   8   7  15   7 111.60
  101   2018 10 12 23:13:12.938    83592.938  0.1563 30.8505 111.1305   4.00   -inf  -nan  10   5  15   4 210.25
  102   2018 10 12 23:37:47.474    85067.474  0.2766 31.0405 110.4605   6.00   -inf  -nan  14  13  27  11 103.85
  103   2018 10 12 23:51:03.642    85863.642  0.3629 31.0605 110.4405   4.00   -inf  -nan   8   6  14   6 113.97
    1   2018 10 13 00:39:36.466     2376.466  0.2618 31.0505 110.4705   0.00   -inf  -nan   6   6  12   5 162.94
    2   2018 10 13 00:41:59.705     2519.705  0.3343 31.0505 110.4605   0.00   -inf  -nan  12  10  22   9 111.60
    3   2018 10 13 00:50:56.885     3056.885  0.3475 31.0205 110.4405   8.00   -inf  -nan  17   8  25   6  87.12
    4   2018 10 13 00:52:31.237     3151.237  0.2289 31.0605 110.4805   0.00   -inf  -nan   3   4   7   3 217.29
    5   2018 10 13 01:09:53.197     4193.197  0.4416 30.8105 111.1705  10.00   -inf  -nan   9   4  13   4 249.55
    6   2018 10 13 01:37:30.717     5850.717  0.2100 31.0505 110.4605  12.00   -inf  -nan   6   6  12   5 111.60
    7   2018 10 13 01:39:31.601     5971.601  0.2634 30.8505 111.2805  12.00   -inf  -nan   7   4  11   4 297.94
    8   2018 10 13 03:49:09.089    13749.089  0.1198 31.0505 110.4605   0.00   -inf  -nan   3   2   5   1 221.25
    9   2018 10 13 04:32:12.081    16332.081  0.2621 31.2905 110.8805   2.00   -inf  -nan   8   6  14   5 276.22
   10   2018 10 13 04:47:00.546    17220.546  0.4136 31.0105 110.4705   0.00   -inf  -nan  13   2  15   2  85.46
   11   2018 10 13 04:55:58.496    17758.496  0.1941 31.0505 110.4705   0.00   -inf  -nan   5   6  11   5 162.94
   12   2018 10 13 05:05:59.422    18359.422  0.2338 30.9905 110.4405   8.00   -inf  -nan   3   3   6   2 140.02
   13   2018 10 13 05:11:24.809    18684.809  0.3162 31.0505 110.4605  10.00   -inf  -nan   6   5  11   4 111.60
   14   2018 10 13 06:10:18.006    22218.006  0.1183 30.8505 111.1305   6.00   -inf  -nan   6   4  10   4 210.75
   15   2018 10 13 06:23:26.741    23006.741  0.2811 30.9405 110.4405   0.00   -inf  -nan   4   3   7   3 230.84
   16   2018 10 13 06:29:05.480    23345.480  0.3718 31.0605 110.4405   6.00   -inf  -nan   3   5   8   3 170.49
   17   2018 10 13 06:50:20.419    24620.419  0.2161 30.8705 110.9405   0.00   -inf  -nan  10   2  12   2 161.30
   18   2018 10 13 07:15:59.828    26159.828  0.3441 31.0505 110.4605   0.00   -inf  -nan  13  11  24   8 109.45
   19   2018 10 13 07:17:11.943    26231.943  0.1496 30.8505 111.1305   6.00   -inf  -nan   6   4  10   4 210.75
   20   2018 10 13 07:36:59.319    27419.319  0.3936 31.0705 110.4805   6.00   -inf  -nan   7   6  13   5 183.55
   21   2018 10 13 07:40:14.469    27614.469  0.3965 30.8605 110.6805   0.00   -inf  -nan   3   2   5   1 200.36
   22   2018 10 13 08:26:14.306    30374.306  0.4112 31.0205 110.4405   6.00   -inf  -nan  14   8  22   7  87.12
   23   2018 10 13 08:43:47.743    31427.743  0.2203 31.0605 110.4405   0.00   -inf  -nan   3   3   6   2 143.60
   24   2018 10 13 08:52:23.696    31943.696  0.2353 31.0505 110.4705   6.00   -inf  -nan   4   3   7   3 208.71
   25   2018 10 13 08:53:18.177    31998.177  0.2774 31.1205 110.0405   6.00   -inf  -nan  10   5  15   5 185.39
   26   2018 10 13 08:54:05.606    32045.606  0.4090 31.0605 110.4605   8.00   -inf  -nan   8   8  16   6 165.36
   27   2018 10 13 09:27:43.147    34063.147  0.2054 30.8605 111.1705   8.00   -inf  -nan   5   3   8   3 228.63
   28   2018 10 13 09:48:12.124    35292.124  0.3466 31.0505 110.4505   6.00   -inf  -nan  14  13  27  11 106.33
   29   2018 10 13 10:00:07.316    36007.316  0.3096 30.9605 110.0005  12.00   -inf  -nan   9   3  12   3 129.51
   30   2018 10 13 10:43:11.214    38591.214  0.3815 31.0105 110.4705  10.00   -inf  -nan   6   4  10   4 135.90
   31   2018 10 13 11:16:51.306    40611.306  0.4023 31.0405 110.6605  20.00   -inf  -nan   5   2   7   1 107.03
   32   2018 10 13 11:40:07.270    42007.270  0.3939 31.0605 110.4605   4.00   -inf  -nan  18  16  34  14 115.11
   33   2018 10 13 11:40:55.612    42055.612  0.4085 31.0105 110.4705   6.00   -inf  -nan   6   7  13   3 109.20
   34   2018 10 13 11:42:05.543    42125.543  0.4214 31.0205 110.4405   8.00   -inf  -nan  18  15  33  13  87.12
   35   2018 10 13 11:42:43.593    42163.593  0.4531 31.0505 110.4705  10.00   -inf  -nan   7   6  13   6 159.22
   36   2018 10 13 12:10:46.282    43846.282  0.4086 31.0505 110.4505  10.00   -inf  -nan   7   7  14   7 152.57
   37   2018 10 13 13:10:09.553    47409.553  0.3411 31.0305 110.4405   8.00   -inf  -nan   5   4   9   3 134.10
   38   2018 10 13 13:23:16.858    48196.858  0.3380 31.0505 110.4605  10.00   -inf  -nan  20  16  36  15 109.45
   39   2018 10 13 13:24:59.792    48299.792  0.2769 31.0505 110.4605   2.00   -inf  -nan   8   8  16   8 111.60
   40   2018 10 13 13:50:21.416    49821.416  0.4341 31.0205 110.4405   6.00   -inf  -nan   7   7  14   6 101.35
   41   2018 10 13 14:13:24.866    51204.866  0.3017 31.0505 110.4605   6.00   -inf  -nan  15  15  30  13 109.45
   42   2018 10 13 14:29:57.359    52197.359  0.2737 31.0605 110.4805   0.00   -inf  -nan   4   2   6   1 217.29
   43   2018 10 13 14:32:56.050    52376.050  0.2489 31.0505 110.4605   6.00   -inf  -nan  10  10  20   8 129.92
   44   2018 10 13 14:46:58.767    53218.767  0.2953 31.0505 110.4605   4.00   -inf  -nan   7   4  11   4 111.60
   45   2018 10 13 15:05:45.051    54345.051  0.3360 31.0505 110.4605   2.00   -inf  -nan  15   9  24   7 111.60
   46   2018 10 13 15:28:52.689    55732.689  0.2532 30.9405 110.4405   0.00   -inf  -nan   4   3   7   3 230.84
   47   2018 10 13 15:33:37.103    56017.103  0.3313 31.0505 110.4605   8.00   -inf  -nan   7   7  14   6 111.60
   48   2018 10 13 15:58:40.477    57520.477  0.3451 31.0505 110.4505   0.00   -inf  -nan   9   3  12   3 109.19
   49   2018 10 13 16:33:11.762    59591.762  0.2699 31.0505 110.5005  20.00   -inf  -nan   5   2   7   1 177.80
   50   2018 10 13 17:05:58.484    61558.484  0.2647 31.0505 110.4605   6.00   -inf  -nan   9   8  17   8 111.60
   51   2018 10 13 17:07:32.694    61652.694  0.3752 31.0605 110.4805  10.00   -inf  -nan   5   6  11   4 175.68
   52   2018 10 13 17:07:47.330    61667.330  0.2991 31.0505 110.4605   0.00   -inf  -nan   5   5  10   4 157.85
   53   2018 10 13 17:37:18.543    63438.543  0.4422 31.0505 110.4605   0.00   -inf  -nan   7   8  15   7 147.48
   54   2018 10 13 17:59:55.531    64795.531  0.2699 31.0505 110.4605   0.00   -inf  -nan   8   9  17   8 111.60
   55   2018 10 13 19:58:16.732    71896.732  0.1408 31.1705 110.1505  12.00   -inf  -nan   3   2   5   2 132.37
   56   2018 10 13 20:01:31.659    72091.659  0.1310 31.1705 110.1505  14.00   -inf  -nan   3   2   5   2 132.37
   57   2018 10 13 20:22:56.563    73376.563  0.2748 31.0605 110.4805   0.00   -inf  -nan   4   5   9   4 175.68
   58   2018 10 13 20:36:19.005    74179.005  0.4291 31.0205 110.4405   6.00   -inf  -nan  15  11  26  10  87.12
   59   2018 10 13 21:30:27.039    77427.039  0.1302 31.0505 110.4705  12.00   -inf  -nan   3   3   6   2 162.94
   60   2018 10 13 22:40:17.741    81617.741  0.2947 31.0505 110.4605   6.00   -inf  -nan   4   4   8   3 157.85
   61   2018 10 13 23:09:28.038    83368.038  0.2438 31.0505 110.4505   6.00   -inf  -nan   8   4  12   4 152.57
   62   2018 10 13 23:10:55.700    83455.700  0.2626 30.8605 111.1305   4.00   -inf  -nan  14   6  20   6 204.21
   63   2018 10 13 23:20:17.226    84017.226  0.2318 31.0105 110.4705   0.00   -inf  -nan   4   2   6   2 178.44
   64   2018 10 13 23:25:31.955    84331.955  0.1969 31.0305 110.4405   6.00   -inf  -nan   5   3   8   3 149.14
    1   2018 10 14 00:09:24.715      564.715  0.1787 30.9305 110.7605  10.00   -inf  -nan   7   6  13   5  96.54
    2   2018 10 14 00:23:22.004     1402.004  0.3130 30.9405 110.7605  10.00   -inf  -nan   6   7  13   6 110.97
    3   2018 10 14 00:23:43.905     1423.905  0.2194 30.9405 110.7605  10.00   -inf  -nan   5   7  12   4  89.30
    4   2018 10 14 00:41:00.669     2460.669  0.3409 31.0505 110.4605   8.00   -inf  -nan   8   8  16   7 111.60
    5   2018 10 14 01:09:01.447     4141.447  0.1956 30.9305 110.7605  10.00   -inf  -nan   5   7  12   4  96.54
    6   2018 10 14 01:39:53.797     5993.797  0.3376 31.0005 110.0505   6.00   -inf  -nan   7   2   9   2 115.51
    7   2018 10 14 02:50:23.967    10223.967  0.3329 30.8105 111.1705  10.00   -inf  -nan   5   3   8   3 249.55
    8   2018 10 14 04:18:08.244    15488.244  0.3777 30.9805 110.0205   6.00   -inf  -nan  15   6  21   5 123.21
    9   2018 10 14 04:20:29.918    15629.918  0.1964 31.0505 110.4705   6.00   -inf  -nan   5   5  10   4 162.94
   10   2018 10 14 04:30:46.637    16246.637  0.2106 30.8505 110.8005  10.00   -inf  -nan   3   3   6   2 147.59
   11   2018 10 14 04:43:55.023    17035.023  0.2278 30.8905 110.8005   4.00   -inf  -nan   3   4   7   3 216.67
   12   2018 10 14 04:51:38.122    17498.122  0.2130 31.0105 110.1905   6.00   -inf  -nan   4   3   7   2 209.70
   13   2018 10 14 04:53:28.965    17608.965  0.3634 31.0605 109.7405   8.00   -inf  -nan   6   5  11   3 278.60
   14   2018 10 14 05:02:36.044    18156.044  0.2264 30.9805 109.9005   2.00   -inf  -nan   5   3   8   2 201.03
   15   2018 10 14 05:10:41.798    18641.798  0.4184 31.0805 109.9205   0.00   -inf  -nan   7   6  13   5 262.99
   16   2018 10 14 05:17:32.744    19052.744  0.2880 30.9805 109.8105  18.00   -inf  -nan   4   2   6   2 260.42
   17   2018 10 14 05:19:08.651    19148.651  0.3075 31.0405 109.7205   8.00   -inf  -nan   8   4  12   3 284.22
   18   2018 10 14 05:21:24.046    19284.046  0.2960 31.1605 110.0405   4.00   -inf  -nan  10   3  13   3 137.45
   19   2018 10 14 05:26:06.830    19566.830  0.3484 31.0205 109.7405  12.00   -inf  -nan   6   4  10   2 279.99
   20   2018 10 14 05:32:40.966    19960.966  0.3323 31.3205 110.0405   0.00   -inf  -nan  11   7  18   7 272.57
   21   2018 10 14 05:55:36.342    21336.342  0.4652 31.0105 110.4605  14.00   -inf  -nan   5   4   9   2  84.67
   22   2018 10 14 05:58:43.052    21523.052  0.3020 30.9005 110.7505   0.00   -inf  -nan  11   5  16   4  86.96
   23   2018 10 14 06:05:34.297    21934.297  0.4015 31.3205 110.0505   0.00   -inf  -nan   9   4  13   4 276.78
   24   2018 10 14 06:57:39.711    25059.711  0.2671 31.0505 110.4605   8.00   -inf  -nan  19   4  23   4 109.45
   25   2018 10 14 07:11:23.555    25883.555  0.2714 31.0505 110.4605   4.00   -inf  -nan  11  11  22   9 111.60
   26   2018 10 14 07:11:53.314    25913.314  0.3393 30.8105 110.9305   0.00   -inf  -nan   9   2  11   1 106.77
   27   2018 10 14 07:46:27.718    27987.718  0.2968 30.7805 110.9505   6.00   -inf  -nan   3   4   7   2 248.84
   28   2018 10 14 07:51:34.326    28294.326  0.4362 31.3205 110.0405   2.00   -inf  -nan   3   2   5   1 288.57
   29   2018 10 14 08:02:39.234    28959.234  0.3450 31.0505 110.4505   6.00   -inf  -nan  18  14  32  13 106.33
   30   2018 10 14 08:36:24.797    30984.797  0.2929 31.0505 110.4605  10.00   -inf  -nan   8   8  16   8 111.60
   31   2018 10 14 08:48:59.978    31739.978  0.4075 31.0705 110.5605   0.00   -inf  -nan  13   5  18   5 116.19
   32   2018 10 14 09:18:30.719    33510.719  0.4152 31.0205 110.4505   8.00   -inf  -nan  19  17  36  14  88.98
   33   2018 10 14 09:51:31.745    35491.745  0.3883 31.0505 110.4605   0.00   -inf  -nan   7   8  15   6 111.60
   34   2018 10 14 10:02:34.507    36154.507  0.3666 31.1205 110.0405   6.00   -inf  -nan  10   6  16   5 185.39
   35   2018 10 14 10:12:39.220    36759.220  0.2445 30.8505 111.1305   2.00   -inf  -nan  11   8  19   7 210.25
   36   2018 10 14 11:04:47.871    39887.871  0.3713 31.0605 110.4405   0.00   -inf  -nan   3   5   8   3 113.97
   37   2018 10 14 11:26:41.724    41201.724  0.3952 31.0605 110.4405   8.00   -inf  -nan   3   4   7   3 216.40
   38   2018 10 14 11:27:35.656    41255.656  0.2891 31.0105 110.4705   0.00   -inf  -nan   3   3   6   2 178.44
   39   2018 10 14 11:59:46.743    43186.743  0.3033 31.0505 110.4605  12.00   -inf  -nan   6   5  11   4 111.60
   40   2018 10 14 12:49:11.669    46151.669  0.3195 31.0805 110.8205   6.00   -inf  -nan  15  14  29  11 124.12
   41   2018 10 14 13:03:33.896    47013.896  0.3404 31.0305 110.4405   6.00   -inf  -nan   5   5  10   5 149.14
   42   2018 10 14 13:33:46.972    48826.972  0.3702 31.0505 110.4705  12.00   -inf  -nan   6   7  13   5 113.45
   43   2018 10 14 13:48:52.390    49732.390  0.2374 31.0505 110.2105   6.00   -inf  -nan   3   3   6   1 142.20
   44   2018 10 14 16:02:43.218    57763.218  0.1770 31.0905 110.3805   0.00   -inf  -nan   3   2   5   1 173.93
   45   2018 10 14 16:19:47.241    58787.241  0.3696 31.0505 110.4605   6.00   -inf  -nan   5   3   8   3 111.60
   46   2018 10 14 16:28:34.122    59314.122  0.3264 31.1705 110.3805   2.00   -inf  -nan  15  12  27  10 163.23
   47   2018 10 14 16:32:31.747    59551.747  0.3687 31.0505 110.4605   8.00   -inf  -nan   8   6  14   5 111.60
   48   2018 10 14 17:19:07.146    62347.146  0.1935 31.1805 110.1305  12.00   -inf  -nan   3   2   5   2 140.16
   49   2018 10 14 17:22:48.986    62568.986  0.1651 31.1805 110.1305  12.00   -inf  -nan   3   2   5   2 140.16
   50   2018 10 14 19:29:02.353    70142.353  0.2040 30.8905 111.1305   4.00   -inf  -nan   6   2   8   2 164.15
   51   2018 10 14 20:22:03.309    73323.309  0.2645 31.0605 110.4805   8.00   -inf  -nan   5   4   9   4 175.68
   52   2018 10 14 20:33:41.290    74021.290  0.3397 30.9305 111.2005   2.00   -inf  -nan   3   3   6   2 279.86
   53   2018 10 14 21:23:04.625    76984.625  0.1813 31.1705 110.3105   4.00   -inf  -nan   6   2   8   2 184.34
   54   2018 10 14 21:36:59.708    77819.708  0.2782 31.0405 110.4505  10.00   -inf  -nan  13  12  25  11 101.78
   55   2018 10 14 21:43:29.884    78209.884  0.3202 31.0505 110.4505   8.00   -inf  -nan  14  11  25  11 109.19
   56   2018 10 14 21:45:56.535    78356.535  0.2655 31.0205 110.4405   6.00   -inf  -nan   6   4  10   3 144.10
   57   2018 10 14 23:27:22.460    84442.460  0.2605 31.0205 110.4405   8.00   -inf  -nan  11   3  14   2  87.12
   58   2018 10 14 23:27:43.966    84463.966  0.3725 31.0205 110.4405   8.00   -inf  -nan  19  19  38  16  87.12
   59   2018 10 14 23:28:14.348    84494.348  0.4159 31.0505 110.4505   4.00   -inf  -nan  14  18  32  12 106.33
   60   2018 10 14 23:32:11.601    84731.601  0.1651 30.9505 110.4405   0.00   -inf  -nan   3   2   5   2 224.70
   61   2018 10 14 23:33:21.340    84801.340  0.2749 30.8505 111.1305   4.00   -inf  -nan  11   7  18   7 210.25
   62   2018 10 14 23:34:00.784    84840.784  0.2248 30.8505 111.1305   4.00   -inf  -nan  11   5  16   3 210.25
   63   2018 10 14 23:40:29.497    85229.497  0.3578 31.0205 110.4405   6.00   -inf  -nan  14  11  25  11  87.12
    1   2018 10 15 00:32:45.463     1965.463  0.4194 31.0105 111.0805   4.00   -inf  -nan   3   2   5   1 188.09
    2   2018 10 15 01:28:18.410     5298.410  0.2911 30.8505 111.2405   4.00   -inf  -nan   7   3  10   2 275.59
    3   2018 10 15 02:07:30.945     7650.945  0.2928 30.9005 111.3105   0.00   -inf  -nan   8   5  13   3 311.62
    4   2018 10 15 02:29:40.935     8980.935  0.3297 30.7305 111.1305   8.00   -inf  -nan   6   3   9   3 269.15
    5   2018 10 15 03:10:52.427    11452.427  0.2530 31.0205 110.4405   6.00   -inf  -nan   5   4   9   4 144.05
    6   2018 10 15 03:14:22.964    11662.964  0.3482 31.0205 110.4405   6.00   -inf  -nan  16  15  31  13  87.12
    7   2018 10 15 03:15:51.160    11751.160  0.3132 31.0205 110.4605  12.00   -inf  -nan   5   4   9   4 136.62
    8   2018 10 15 03:23:30.834    12210.834  0.3719 31.0505 110.4505   0.00   -inf  -nan  10  12  22   9 106.33
    9   2018 10 15 03:48:12.761    13692.761  0.3542 30.9705 110.3905   0.00   -inf  -nan   9   3  12   3  92.49
   10   2018 10 15 03:48:49.983    13729.983  0.3628 31.0505 110.4605   2.00   -inf  -nan   9  12  21   8 109.45
   11   2018 10 15 04:05:09.874    14709.874  0.4882 30.6805 110.3705   2.00   -inf  -nan   3   2   5   1 256.47
   12   2018 10 15 04:10:08.898    15008.898  0.4214 31.1705 110.7905   2.00   -inf  -nan   3   2   5   1 243.95
   13   2018 10 15 04:24:44.867    15884.867  0.2233 30.8505 111.1305   6.00   -inf  -nan  11   7  18   5 210.25
   14   2018 10 15 05:20:21.550    19221.550  0.3788 30.8605 111.2105  12.00   -inf  -nan   5   2   7   2 258.96
   15   2018 10 15 06:07:34.395    22054.395  0.3974 31.0205 110.4405   8.00   -inf  -nan  19  18  37  16  87.12
   16   2018 10 15 06:19:11.804    22751.804  0.3131 31.0205 110.4405   6.00   -inf  -nan  12   9  21   7  87.12
   17   2018 10 15 06:21:31.954    22891.954  0.4098 31.0605 110.4605  10.00   -inf  -nan   7   7  14   6 120.13
   18   2018 10 15 06:28:09.648    23289.648  0.3385 31.0605 110.4605  10.00   -inf  -nan   7   6  13   6 120.13
   19   2018 10 15 06:41:40.009    24100.009  0.3680 31.0205 110.4405   8.00   -inf  -nan  18  16  34  13  87.12
   20   2018 10 15 06:44:45.333    24285.333  0.2166 31.0605 110.4805   8.00   -inf  -nan   3   3   6   2 217.29
   21   2018 10 15 06:49:33.522    24573.522  0.1167 30.8205 111.2505  10.00   -inf  -nan   4   4   8   2 283.29
   22   2018 10 15 07:03:48.962    25428.962  0.1729 30.8505 111.1305   4.00   -inf  -nan   6   4  10   3 210.25
   23   2018 10 15 07:22:04.336    26524.336  0.3885 31.0505 110.4505  12.00   -inf  -nan  21  16  37  16 106.33
   24   2018 10 15 07:25:32.261    26732.261  0.3084 31.0505 110.4505  10.00   -inf  -nan  17  16  33  14 106.33
   25   2018 10 15 07:43:07.386    27787.386  0.3293 31.0505 110.4505   8.00   -inf  -nan  19  13  32  11 106.33
   26   2018 10 15 07:54:25.606    28465.606  0.3508 31.0505 110.4505   8.00   -inf  -nan  14  13  27  12 106.33
   27   2018 10 15 08:34:01.828    30841.828  0.3436 31.0605 110.4805   0.00   -inf  -nan   4   5   9   4 175.68
   28   2018 10 15 09:16:55.924    33415.924  0.3395 31.0205 110.7005   4.00   -inf  -nan   7   7  14   6 133.52
   29   2018 10 15 09:20:40.750    33640.750  0.2455 31.0505 110.4605   4.00   -inf  -nan   5   5  10   5 157.85
   30   2018 10 15 09:23:09.744    33789.744  0.3148 31.0505 110.4505   8.00   -inf  -nan  15  10  25   9 106.33
   31   2018 10 15 09:24:24.416    33864.416  0.3015 31.0505 110.4605   8.00   -inf  -nan   6   6  12   5 111.60
   32   2018 10 15 09:24:41.406    33881.406  0.3071 31.0605 110.4605  10.00   -inf  -nan   7   3  10   3 120.13
   33   2018 10 15 09:47:41.784    35261.784  0.3371 31.1205 110.0405   6.00   -inf  -nan  13   4  17   3 185.39
   34   2018 10 15 11:03:56.220    39836.220  0.2898 31.0605 110.4805   0.00   -inf  -nan   4   3   7   3 217.29
   35   2018 10 15 11:37:59.962    41879.962  0.2909 31.0505 110.4705   6.00   -inf  -nan   5   3   8   3 162.94
   36   2018 10 15 12:08:10.747    43690.747  0.2124 31.0305 110.4805  14.00   -inf  -nan   4   4   8   4 142.66
   37   2018 10 15 12:15:16.118    44116.118  0.4304 31.0305 110.4805   8.00   -inf  -nan   8   8  16   7  98.79
   38   2018 10 15 12:20:10.956    44410.956  0.4087 31.0505 110.4505  12.00   -inf  -nan   7   7  14   7 109.19
   39   2018 10 15 12:38:09.730    45489.730  0.2746 31.1305 110.3005   0.00   -inf  -nan   4   2   6   1 131.46
   40   2018 10 15 12:43:28.290    45808.290  0.3672 31.0205 110.4405  10.00   -inf  -nan  14  13  27  12  87.11
   41   2018 10 15 12:55:38.549    46538.549  0.1948 31.0505 110.4605   0.00   -inf  -nan   6   4  10   3 111.60
   42   2018 10 15 13:08:27.823    47307.823  0.2291 31.0205 110.4805  18.00   -inf  -nan   4   2   6   2 188.81
   43   2018 10 15 13:27:59.317    48479.317  0.0974 31.0505 110.5505  14.00   -inf  -nan   3   2   5   2 237.36
   44   2018 10 15 13:35:20.289    48920.289  0.3389 31.0305 110.4805  12.00   -inf  -nan   6   5  11   4  98.79
   45   2018 10 15 14:09:30.503    50970.503  0.2692 31.0505 110.4605   8.00   -inf  -nan   8   7  15   7 111.60
   46   2018 10 15 14:09:44.357    50984.357  0.3583 31.0505 110.4505   0.00   -inf  -nan   3   3   6   2 196.88
   47   2018 10 15 14:15:00.525    51300.525  0.3067 31.0605 110.4605   6.00   -inf  -nan   3   4   7   2 213.52
   48   2018 10 15 14:59:28.378    53968.378  0.3585 31.0605 110.4605  10.00   -inf  -nan  11   9  20   9 120.13
   49   2018 10 15 15:10:25.095    54625.095  0.2609 31.0505 110.4505   0.00   -inf  -nan   6   5  11   5 109.19
   50   2018 10 15 16:03:58.453    57838.453  0.2752 31.0505 110.4605   8.00   -inf  -nan   9   8  17   8 111.60
   51   2018 10 15 16:04:22.323    57862.323  0.3178 31.0505 110.4605   4.00   -inf  -nan   7   5  12   5 111.60
   52   2018 10 15 17:40:50.131    63650.131  0.4210 31.0505 110.4505  10.00   -inf  -nan   6   5  11   5 152.57
   53   2018 10 15 19:00:08.750    68408.750  0.3810 31.0605 110.4405   6.00   -inf  -nan   4   3   7   2 113.97
   54   2018 10 15 19:04:25.368    68665.368  0.3718 31.0505 110.4705  10.00   -inf  -nan   6   6  12   5 113.45
   55   2018 10 15 20:57:32.021    75452.021  0.3009 31.1605 110.3305   4.00   -inf  -nan  10   3  13   3 167.75
   56   2018 10 15 21:18:16.541    76696.541  0.3090 31.0205 110.7805   4.00   -inf  -nan   5   4   9   3 141.98
   57   2018 10 15 21:52:35.655    78755.655  0.2591 31.0505 110.4605   0.00   -inf  -nan   4   5   9   4 157.85
   58   2018 10 15 22:13:58.886    80038.886  0.3266 31.0505 110.4605   0.00   -inf  -nan  14  15  29  13 111.60
   59   2018 10 15 22:24:41.554    80681.554  0.2499 31.0505 110.4505   6.00   -inf  -nan   5   3   8   2 109.19
   60   2018 10 15 23:28:45.273    84525.273  0.1535 30.8505 111.1305   4.00   -inf  -nan   7   5  12   5 210.75
    1   2018 10 16 00:20:16.344     1216.344  0.1949 31.0605 110.4805   0.00   -inf  -nan   3   3   6   3 244.76
    2   2018 10 16 01:29:08.944     5348.944  0.4091 30.8105 111.2905   8.00   -inf  -nan   5   4   9   2 297.49
    3   2018 10 16 01:44:39.246     6279.246  0.1893 30.8505 111.1305   6.00   -inf  -nan   4   4   8   4 210.75
    4   2018 10 16 01:45:05.663     6305.663  0.3524 30.8505 111.1305   6.00   -inf  -nan   5   4   9   4 210.75
    5   2018 10 16 02:02:33.351     7353.351  0.1220 30.8905 111.0405   6.00   -inf  -nan   6   2   8   2  98.74
    6   2018 10 16 03:25:51.388    12351.388  0.2246 31.2405 110.6605   0.00   -inf  -nan   3   3   6   1 294.29
    7   2018 10 16 03:35:40.119    12940.119  0.3104 31.0605 110.4805   8.00   -inf  -nan   3   4   7   2 175.68
    8   2018 10 16 03:36:24.692    12984.692  0.4042 30.9205 110.0505   0.00   -inf  -nan   3   4   7   1 309.39
    9   2018 10 16 03:43:34.506    13414.506  0.3588 31.0605 110.4805   0.00   -inf  -nan   3   2   5   1 175.68
   10   2018 10 16 04:11:27.435    15087.435  0.3332 31.0905 110.4705  10.00   -inf  -nan   5   3   8   2 195.18
   11   2018 10 16 04:45:20.233    17120.233  0.2931 31.0505 110.4605   8.00   -inf  -nan   3   5   8   3 157.85
   12   2018 10 16 05:17:15.969    19035.969  0.3231 31.2105 109.9905  14.00   -inf  -nan   4   3   7   3 295.14
   13   2018 10 16 05:26:18.910    19578.910  0.2876 31.2005 110.0405   6.00   -inf  -nan   9   3  12   3 173.24
   14   2018 10 16 05:27:54.969    19674.969  0.2750 30.8205 110.3405   0.00   -inf  -nan   3   2   5   1 229.57
   15   2018 10 16 05:39:19.930    20359.930  0.2886 31.0505 110.4505   0.00   -inf  -nan  12  11  23   9 106.33
   16   2018 10 16 05:46:32.891    20792.891  0.2627 30.8505 110.4005   0.00   -inf  -nan   8   4  12   3 173.52
   17   2018 10 16 07:31:37.424    27097.424  0.3731 31.0505 110.4505   8.00   -inf  -nan  18  19  37  17 106.33
   18   2018 10 16 07:33:04.247    27184.247  0.3520 31.0605 110.4605   8.00   -inf  -nan  10   8  18   6 115.11
   19   2018 10 16 07:33:20.489    27200.489  0.4029 30.9005 110.7205   2.00   -inf  -nan  11   8  19   6  94.62
   20   2018 10 16 07:49:39.526    28179.526  0.3246 31.0505 110.4605   6.00   -inf  -nan  15  14  29  11 109.45
   21   2018 10 16 08:04:55.623    29095.623  0.3375 30.8605 110.4005   0.00   -inf  -nan   5   2   7   1 194.76
   22   2018 10 16 08:58:48.389    32328.389  0.4821 31.2805 110.0405   2.00   -inf  -nan   9   5  14   4 268.74
   23   2018 10 16 10:06:33.126    36393.126  0.2691 30.8505 111.1305   6.00   -inf  -nan   9   4  13   4 210.25
   24   2018 10 16 10:26:24.047    37584.047  0.4283 31.0605 110.4405  10.00   -inf  -nan   5   2   7   2 216.40
   25   2018 10 16 10:39:33.024    38373.024  0.2952 31.0505 110.4705  12.00   -inf  -nan  10  11  21  10 113.45
   26   2018 10 16 11:10:03.463    40203.463  0.3162 31.0905 110.1805   4.00   -inf  -nan  10   6  16   6 122.12
   27   2018 10 16 11:41:16.943    42076.943  0.2521 30.9005 111.1505  10.00   -inf  -nan   5   2   7   2 170.57
   28   2018 10 16 12:02:54.153    43374.153  0.3308 31.0605 110.4605   0.00   -inf  -nan  15  17  32  13 115.11
   29   2018 10 16 14:49:32.837    53372.837  0.1332 31.1705 110.3805   0.00   -inf  -nan   3   2   5   2 262.06
   30   2018 10 16 15:46:09.585    56769.585  0.4809 31.1705 110.3105   0.00   -inf  -nan   3   2   5   2 274.27
   31   2018 10 16 17:39:32.704    63572.704  0.3188 31.0505 110.4605   6.00   -inf  -nan   9   8  17   8 111.60
   32   2018 10 16 18:09:56.612    65396.612  0.2162 30.8505 111.1305   8.00   -inf  -nan   5   2   7   2 210.75
   33   2018 10 16 19:33:43.525    70423.525  0.2913 31.0505 110.4305   8.00   -inf  -nan   4   5   9   3 102.66
   34   2018 10 16 19:35:15.700    70515.700  0.2847 30.9005 110.4605  10.00   -inf  -nan   4   4   8   3 167.40
   35   2018 10 16 21:11:03.076    76263.076  0.2865 31.0505 110.4505   6.00   -inf  -nan   5   4   9   4 109.19
   36   2018 10 16 23:24:08.931    84248.931  0.2254 30.9405 110.7505  12.00   -inf  -nan   7   4  11   4  92.19
   37   2018 10 16 23:24:46.253    84286.253  0.3732 31.0605 110.4805   0.00   -inf  -nan   3   3   6   2 175.68
   38   2018 10 16 23:25:43.841    84343.841  0.1597 30.8505 111.1305   6.00   -inf  -nan   7   6  13   5 210.25
    1   2018 10 17 02:23:59.465     8639.465  0.3271 31.2105 111.0005   6.00   -inf  -nan   5   2   7   1 253.55
    2   2018 10 17 02:34:42.817     9282.817  0.1485 30.8505 111.1305   4.00   -inf  -nan   6   3   9   3 210.25
    3   2018 10 17 03:42:38.930    13358.930  0.2252 30.7805 110.3205   0.00   -inf  -nan   4   2   6   1 242.71
    4   2018 10 17 04:18:55.889    15535.889  0.2566 31.0605 110.4805   0.00   -inf  -nan   6   3   9   3 217.29
    5   2018 10 17 04:32:45.912    16365.912  0.3842 31.0805 109.9305  20.00   -inf  -nan   4   3   7   1 258.65
    6   2018 10 17 05:39:54.077    20394.077  0.2332 30.9805 110.7905   8.00   -inf  -nan   4   4   8   3 150.64
    7   2018 10 17 06:03:52.656    21832.656  0.4256 31.1005 110.0905   0.00   -inf  -nan  12   2  14   1 192.31
    8   2018 10 17 06:18:26.142    22706.142  0.3676 31.0505 110.4605  12.00   -inf  -nan  10   9  19   9 111.60
    9   2018 10 17 06:28:25.689    23305.689  0.3161 31.0505 110.4705  10.00   -inf  -nan   5   6  11   5 113.45
   10   2018 10 17 07:08:28.760    25708.760  0.2583 31.1305 110.3105  10.00   -inf  -nan   4   2   6   1 134.51
   11   2018 10 17 07:15:21.141    26121.141  0.3368 30.8105 111.2805   4.00   -inf  -nan  10   6  16   6 287.89
   12   2018 10 17 07:59:24.105    28764.105  0.3539 31.0605 110.4605   4.00   -inf  -nan  16  16  32  14 115.11
   13   2018 10 17 08:00:59.518    28859.518  0.2836 31.1205 110.0405   4.00   -inf  -nan   9   5  14   4 185.39
   14   2018 10 17 09:07:19.081    32839.081  0.2051 30.8505 111.1205   6.00   -inf  -nan   4   5   9   4 205.95
   15   2018 10 17 09:10:46.179    33046.179  0.1521 30.8505 111.1305   6.00   -inf  -nan   8   4  12   3 210.75
   16   2018 10 17 09:34:00.287    34440.287  0.3549 30.7405 110.9705   0.00   -inf  -nan   6   4  10   1 251.56
   17   2018 10 17 09:43:24.098    35004.098  0.4774 31.0205 110.4405   4.00   -inf  -nan   5   3   8   1  87.12
   18   2018 10 17 10:09:43.285    36583.285  0.2147 31.0805 109.8505  14.00   -inf  -nan  10   5  15   5 286.81
   19   2018 10 17 10:15:46.261    36946.261  0.3457 31.0405 109.8005   2.00   -inf  -nan   7   4  11   2 258.52
   20   2018 10 17 10:55:44.159    39344.159  0.2345 31.0505 110.4605   6.00   -inf  -nan  14   9  23   9 111.60
   21   2018 10 17 11:11:41.545    40301.545  0.3064 31.0505 110.4605   6.00   -inf  -nan  14  12  26   8 109.45
   22   2018 10 17 14:11:39.537    51099.537  0.2503 31.1705 110.4605   6.00   -inf  -nan   7   3  10   3 181.94
   23   2018 10 17 18:46:44.912    67604.912  0.0806 31.1805 110.4505   6.00   -inf  -nan   3   2   5   1 173.46
   24   2018 10 17 19:00:27.987    68427.987  0.2761 31.1405 110.2905   0.00   -inf  -nan   3   2   5   2 138.84
   25   2018 10 17 19:09:51.812    68991.812  0.3609 31.0605 110.4605   8.00   -inf  -nan  12  10  22   9 120.13
   26   2018 10 17 21:01:37.537    75697.537  0.2924 30.9805 110.8505   0.00   -inf  -nan   9   9  18   8 111.22
   27   2018 10 17 22:14:08.585    80048.585  0.3305 31.0605 110.4605   6.00   -inf  -nan  19  16  35  14 120.13
   28   2018 10 17 23:06:14.206    83174.206  0.1523 30.8505 111.1305   6.00   -inf  -nan   7   5  12   4 210.25
   29   2018 10 17 23:30:50.260    84650.260  0.2947 31.0305 110.4405   8.00   -inf  -nan   4   4   8   3 171.98
    1   2018 10 18 01:41:22.578     6082.578  0.1041 31.1605 109.8405   8.00   -inf  -nan   4   2   6   2 303.60
    2   2018 10 18 03:04:01.073    11041.073  0.2459 30.8505 111.1305   4.00   -inf  -nan  11  10  21   8 210.25
    3   2018 10 18 04:06:46.573    14806.573  0.3843 31.0805 109.8905  12.00   -inf  -nan  10   4  14   4 274.51
    4   2018 10 18 04:22:14.315    15734.315  0.2860 31.0805 109.8105  14.00   -inf  -nan  10   4  14   4 296.31
    5   2018 10 18 04:57:39.783    17859.783  0.1895 31.3005 110.4105  20.00   -inf  -nan   7   2   9   1 229.06
    6   2018 10 18 05:28:41.980    19721.980  0.4191 31.3205 110.9005  10.00   -inf  -nan   3   4   7   1 277.55
    7   2018 10 18 05:39:09.611    20349.611  0.3118 30.8505 111.1305   6.00   -inf  -nan   7   7  14   5 210.25
    8   2018 10 18 05:52:22.351    21142.351  0.2891 31.2505 110.1005   0.00   -inf  -nan   4   3   7   2 228.32
    9   2018 10 18 07:36:57.812    27417.812  0.1836 31.0105 111.0805  20.00   -inf  -nan   3   2   5   1 276.17
   10   2018 10 18 07:51:55.783    28315.783  0.3003 30.9505 110.8005   2.00   -inf  -nan   8   5  13   4 110.17
   11   2018 10 18 07:52:45.314    28365.314  0.2852 31.0505 110.7105   8.00   -inf  -nan   7   3  10   3 156.60
   12   2018 10 18 07:59:23.267    28763.267  0.2992 31.1205 110.0405   6.00   -inf  -nan  15   6  21   6 185.39
   13   2018 10 18 09:25:55.588    33955.588  0.4699 30.8905 110.7605   4.00   -inf  -nan   6   6  12   4 138.28
   14   2018 10 18 09:33:16.409    34396.409  0.4343 30.7405 111.0705  16.00   -inf  -nan   4   2   6   1 233.26
   15   2018 10 18 09:40:33.093    34833.093  0.2997 30.7305 111.2105  10.00   -inf  -nan   8   4  12   3 269.60
   16   2018 10 18 09:48:45.512    35325.512  0.3200 30.9905 110.8005   0.00   -inf  -nan  15   2  17   2  77.29
   17   2018 10 18 10:24:33.021    37473.021  0.2402 31.2005 109.7605   0.00   -inf  -nan   3   2   5   2 336.67
   18   2018 10 18 11:09:06.381    40146.381  0.3417 31.0505 110.4605   8.00   -inf  -nan   6   5  11   4 157.85
   19   2018 10 18 13:34:31.462    48871.462  0.4597 31.0205 110.4405   6.00   -inf  -nan   9   5  14   5  87.12
   20   2018 10 18 15:18:07.008    55087.008  0.4409 31.0205 110.4005   8.00   -inf  -nan   3   3   6   1 109.27
   21   2018 10 18 16:27:51.763    59271.763  0.2756 31.0505 110.4605  12.00   -inf  -nan  21   9  30   9 109.45
   22   2018 10 18 17:50:15.367    64215.367  0.3653 31.0505 110.4205   6.00   -inf  -nan  13  12  25  11  94.28
   23   2018 10 18 17:54:12.115    64452.115  0.3689 31.0605 110.4405   6.00   -inf  -nan   3   4   7   3 210.88
   24   2018 10 18 19:51:35.023    71495.023  0.4281 31.0605 110.4405   4.00   -inf  -nan   7   6  13   6 154.06
   25   2018 10 18 19:53:53.572    71633.572  0.2989 31.0605 110.4405   6.00   -inf  -nan   4   4   8   4 210.88
   26   2018 10 18 20:19:32.707    73172.707  0.2938 31.0505 110.4605   4.00   -inf  -nan   8   9  17   7 109.45
   27   2018 10 18 21:42:39.680    78159.680  0.1733 31.1805 110.1305  12.00   -inf  -nan   3   2   5   2 140.16
   28   2018 10 18 21:51:51.779    78711.779  0.3305 31.0505 110.4605   6.00   -inf  -nan   8   8  16   7 111.60
   29   2018 10 18 21:59:32.100    79172.100  0.3001 31.0605 110.4805   0.00   -inf  -nan   4   5   9   3 175.68
    1   2018 10 19 00:25:36.808     1536.808  0.3630 31.0605 110.4805   0.00   -inf  -nan   7   8  15   5 141.43
    2   2018 10 19 00:52:39.914     3159.914  0.3990 31.0205 110.4405   6.00   -inf  -nan  11   9  20   8  87.12
    3   2018 10 19 01:11:38.099     4298.099  0.2676 31.0505 110.4605  10.00   -inf  -nan   6   3   9   3 111.60
    4   2018 10 19 01:31:43.540     5503.540  0.2282 30.8505 111.1305   4.00   -inf  -nan  12   7  19   6 210.25
    5   2018 10 19 01:43:47.411     6227.411  0.3938 30.8505 111.2805  10.00   -inf  -nan   8   5  13   4 297.94
    6   2018 10 19 03:08:31.720    11311.720  0.2090 30.8505 111.1305   6.00   -inf  -nan  10   6  16   6 210.25
    7   2018 10 19 03:23:17.379    12197.379  0.3534 31.2905 110.8405   0.00   -inf  -nan  10   4  14   4 266.26
    8   2018 10 19 03:24:10.412    12250.412  0.4115 31.2005 110.8205   0.00   -inf  -nan   5   6  11   4 258.24
    9   2018 10 19 03:49:32.605    13772.605  0.1890 30.8505 111.1305   4.00   -inf  -nan  10   5  15   4 210.25
   10   2018 10 19 04:03:38.926    14618.926  0.2525 31.0505 110.4605   8.00   -inf  -nan   7   6  13   5 111.60
   11   2018 10 19 04:10:39.536    15039.536  0.2678 30.9805 109.9305  12.00   -inf  -nan   3   3   6   3 177.19
   12   2018 10 19 04:13:56.586    15236.586  0.3165 31.1705 110.3805   0.00   -inf  -nan  12   4  16   4 174.23
   13   2018 10 19 04:28:32.463    16112.463  0.2899 30.9905 110.8005   0.00   -inf  -nan  14   4  18   4 122.96
   14   2018 10 19 04:46:52.566    17212.566  0.4161 31.0205 110.4405  10.00   -inf  -nan  10   8  18   7  87.11
   15   2018 10 19 07:04:43.614    25483.614  0.3566 31.0805 109.8805   0.00   -inf  -nan   4   2   6   1 289.38
   16   2018 10 19 07:12:14.338    25934.338  0.1969 30.8105 111.2805   2.00   -inf  -nan   7   2   9   2 294.33
   17   2018 10 19 07:13:15.262    25995.262  0.4226 31.0405 109.8405   4.00   -inf  -nan   4   2   6   1 240.78
   18   2018 10 19 07:17:06.391    26226.391  0.4588 31.0205 109.8605   4.00   -inf  -nan   3   2   5   1 229.57
   19   2018 10 19 07:18:58.182    26338.182  0.1532 30.9005 110.0605   4.00   -inf  -nan   3   2   5   1 175.04
   20   2018 10 19 07:25:56.822    26756.822  0.3773 30.8205 111.1705   4.00   -inf  -nan   8   8  16   6 240.25
   21   2018 10 19 07:43:12.270    27792.270  0.1852 31.0605 110.4805   0.00   -inf  -nan   3   2   5   2 244.76
   22   2018 10 19 07:52:18.863    28338.863  0.3388 31.0605 110.4805   0.00   -inf  -nan   4   4   8   3 175.68
   23   2018 10 19 08:07:20.792    29240.792  0.3377 31.0505 110.4605   6.00   -inf  -nan  14  16  30  13 109.45
   24   2018 10 19 09:08:45.705    32925.705  0.1988 31.2205 110.6105   0.00   -inf  -nan   3   2   5   1 332.57
   25   2018 10 19 09:55:53.999    35753.999  0.2505 31.0505 110.4605   0.00   -inf  -nan   5   6  11   5 111.60
   26   2018 10 19 11:03:10.869    39790.869  0.3161 30.8705 110.8205   2.00   -inf  -nan   8   6  14   5 121.99
   27   2018 10 19 11:51:16.008    42676.008  0.3638 31.0505 110.4505   8.00   -inf  -nan  13  13  26  13 106.33
   28   2018 10 19 15:02:36.896    54156.896  0.3803 31.0505 110.4505   0.00   -inf  -nan  11   9  20   8 106.33
   29   2018 10 19 15:13:59.393    54839.393  0.2776 31.1405 110.4405   4.00   -inf  -nan   3   2   5   1 297.54
   30   2018 10 19 15:37:13.399    56233.399  0.3434 31.0505 110.4605   6.00   -inf  -nan   9   8  17   7 111.60
   31   2018 10 19 16:57:31.935    61051.935  0.0794 30.9405 110.7805   2.00   -inf  -nan   3   2   5   2 165.87
   32   2018 10 19 17:04:56.303    61496.303  0.2315 31.0205 110.4805   2.00   -inf  -nan   3   2   5   1 144.86
   33   2018 10 19 17:37:58.380    63478.380  0.3012 31.0505 110.4605   0.00   -inf  -nan   7   8  15   7 111.60
   34   2018 10 19 17:42:03.839    63723.839  0.4550 31.0205 110.4005   6.00   -inf  -nan   4   3   7   3 130.11
   35   2018 10 19 18:44:26.160    67466.160  0.3015 31.0505 110.4605   8.00   -inf  -nan  11   8  19   8 111.60
   36   2018 10 19 19:05:44.865    68744.865  0.4335 31.0205 110.4405   2.00   -inf  -nan  14  13  27  12  87.12
   37   2018 10 19 20:18:54.033    73134.033  0.2870 31.1705 110.3005   0.00   -inf  -nan   7   3  10   2 178.20
   38   2018 10 19 21:05:22.239    75922.239  0.3202 30.9405 110.7805   6.00   -inf  -nan  15  10  25  10 133.23
   39   2018 10 19 21:55:51.037    78951.037  0.4066 31.0505 110.4505  10.00   -inf  -nan   6   7  13   6 109.19
   40   2018 10 19 23:51:10.287    85870.287  0.3417 30.8105 111.1705   6.00   -inf  -nan  15   7  22   7 242.73
    1   2018 10 20 00:53:03.007     3183.007  0.2343 30.8505 111.1305   4.00   -inf  -nan  12   8  20   7 210.25
    2   2018 10 20 01:15:45.622     4545.622  0.3195 31.0305 110.4805   0.00   -inf  -nan   4   3   7   3 156.39
    3   2018 10 20 02:34:38.073     9278.073  0.2939 31.0305 110.4405   6.00   -inf  -nan   5   6  11   4  92.86
    4   2018 10 20 03:56:17.441    14177.441  0.3337 31.2405 110.0405   6.00   -inf  -nan   9   6  15   6 237.39
    5   2018 10 20 04:30:39.016    16239.016  0.3136 31.1505 110.8805   4.00   -inf  -nan  14   9  23   7 212.54
    6   2018 10 20 06:53:36.303    24816.303  0.2204 30.8505 111.1305   6.00   -inf  -nan  12   4  16   4 210.75
    7   2018 10 20 07:58:15.796    28695.796  0.2097 30.7505 110.8205  10.00   -inf  -nan   6   4  10   4 167.07
    8   2018 10 20 07:58:47.559    28727.559  0.4235 31.0505 110.4305   8.00   -inf  -nan   5   4   9   4 164.20
    9   2018 10 20 08:25:12.129    30312.129  0.3773 30.8905 110.7605   8.00   -inf  -nan  18  17  35  16  86.43
   10   2018 10 20 08:44:26.215    31466.215  0.2756 30.8505 111.1305   4.00   -inf  -nan  10   6  16   5 210.25
   11   2018 10 20 11:51:30.295    42690.295  0.3306 30.8905 110.2705   2.00   -inf  -nan   3   2   5   2 259.26
   12   2018 10 20 13:25:14.426    48314.426  0.3401 31.0505 110.4605   4.00   -inf  -nan  11   9  20   9 109.45
   13   2018 10 20 16:19:10.275    58750.275  0.2105 31.0605 110.4605   4.00   -inf  -nan   3   4   7   3 248.32
   14   2018 10 20 17:03:26.062    61406.062  0.3865 31.0605 110.4605  10.00   -inf  -nan   8   5  13   5 120.13
   15   2018 10 20 17:33:11.307    63191.307  0.2630 31.0905 110.2705   6.00   -inf  -nan   5   3   8   3 206.57
   16   2018 10 20 17:42:00.075    63720.075  0.4250 31.0305 110.4805   0.00   -inf  -nan   4   5   9   3  98.79
   17   2018 10 20 20:46:45.786    74805.786  0.3037 31.1705 110.5505   0.00   -inf  -nan   7   2   9   1 173.59
   18   2018 10 20 21:48:46.370    78526.370  0.4041 31.0605 110.4405  10.00   -inf  -nan   5   4   9   3 113.97
   19   2018 10 20 22:54:12.432    82452.432  0.1965 31.1305 110.3405   8.00   -inf  -nan   4   2   6   1 162.38
   20   2018 10 20 23:19:33.643    83973.643  0.2577 30.8505 111.1305   6.00   -inf  -nan  14   9  23   8 210.25
   21   2018 10 20 23:33:22.460    84802.460  0.2248 30.8505 111.1305   6.00   -inf  -nan  16   6  22   6 210.25
    1   2018 10 21 00:29:16.663     1756.663  0.2593 31.0505 110.4605   0.00   -inf  -nan   3   6   9   3 111.60
    2   2018 10 21 01:37:42.734     5862.734  0.3497 31.0505 110.4205  10.00   -inf  -nan  17  16  33  14  94.28
    3   2018 10 21 02:21:52.737     8512.737  0.3518 30.9005 111.3505   0.00   -inf  -nan  10   7  17   6 315.26
    4   2018 10 21 02:25:22.088     8722.088  0.3037 31.0505 110.4605   8.00   -inf  -nan   7   4  11   4 111.60
    5   2018 10 21 02:52:13.880    10333.880  0.2202 31.1705 110.3405   0.00   -inf  -nan   3   2   5   2 270.76
    6   2018 10 21 03:24:37.345    12277.345  0.2785 31.0505 110.4505   8.00   -inf  -nan  20  18  38  16 106.33
    7   2018 10 21 03:49:18.861    13758.861  0.1689 31.0305 110.4805  14.00   -inf  -nan   3   2   5   2 230.06
    8   2018 10 21 04:24:28.073    15868.073  0.1779 31.0605 110.4405   4.00   -inf  -nan   5   3   8   3 170.49
    9   2018 10 21 05:36:39.422    20199.422  0.3236 31.0205 110.7005   6.00   -inf  -nan  13  11  24   9 133.52
   10   2018 10 21 06:10:41.528    22241.528  0.3898 31.2205 110.4105   4.00   -inf  -nan   3   2   5   1 238.62
   11   2018 10 21 07:01:07.580    25267.580  0.3123 31.0505 110.4605   6.00   -inf  -nan  18  17  35  15 109.45
   12   2018 10 21 08:02:37.847    28957.847  0.0835 30.8105 111.2805  16.00   -inf  -nan   4   2   6   2 294.33
   13   2018 10 21 08:18:45.176    29925.176  0.1931 30.8505 111.1305   4.00   -inf  -nan  10   6  16   6 210.25
   14   2018 10 21 08:34:01.239    30841.239  0.1368 30.8505 111.1305   6.00   -inf  -nan   8   6  14   6 210.25
   15   2018 10 21 09:53:35.250    35615.250  0.3262 31.1605 109.7605   6.00   -inf  -nan   3   2   5   2 283.92
   16   2018 10 21 10:30:52.484    37852.484  0.1676 31.1405 110.3005   0.00   -inf  -nan   6   2   8   2 143.15
   17   2018 10 21 13:47:18.653    49638.653  0.3111 31.0205 110.4805   0.00   -inf  -nan   6   4  10   4 135.90
   18   2018 10 21 14:15:09.668    51309.668  0.2792 31.0505 110.4605   8.00   -inf  -nan   7   7  14   7 111.60
   19   2018 10 21 14:46:34.143    53194.143  0.3218 31.0505 110.4605   0.00   -inf  -nan   6   6  12   5 111.60
   20   2018 10 21 15:53:29.494    57209.494  0.2634 31.2005 110.2505  20.00   -inf  -nan   4   2   6   2 171.56
   21   2018 10 21 19:09:25.913    68965.913  0.2147 31.0205 110.4805   0.00   -inf  -nan   5   4   9   4 135.90
   22   2018 10 21 19:33:19.823    70399.823  0.3796 31.1805 110.2105  10.00   -inf  -nan   4   2   6   2 109.76
   23   2018 10 21 20:00:01.174    72001.174  0.2588 31.1705 110.1505  12.00   -inf  -nan   5   2   7   2 123.14
   24   2018 10 21 20:05:10.011    72310.011  0.3435 31.0505 110.4605   0.00   -inf  -nan  15  15  30  13 109.45
   25   2018 10 21 20:09:51.922    72591.922  0.3421 31.0205 110.4405   6.00   -inf  -nan   7   5  12   5  87.12
   26   2018 10 21 21:24:20.132    77060.132  0.3359 31.0505 110.4505  10.00   -inf  -nan  22  15  37  15 106.33
   27   2018 10 21 23:23:50.133    84230.133  0.2890 31.0505 110.2305   8.00   -inf  -nan   4   3   7   3 133.27
   28   2018 10 21 23:24:04.606    84244.606  0.3349 31.0505 110.4505   2.00   -inf  -nan  11  10  21   7 106.33
    1   2018 10 22 01:17:55.685     4675.685  0.2804 30.8205 111.2705   2.00   -inf  -nan  11   9  20   8 285.36
    2   2018 10 22 01:24:44.678     5084.678  0.3557 30.8105 111.1705   6.00   -inf  -nan  14   9  23   9 242.73
    3   2018 10 22 03:22:58.006    12178.006  0.3535 31.1305 109.9905   2.00   -inf  -nan  12   9  21   7 280.93
    4   2018 10 22 04:28:09.399    16089.399  0.2339 30.8205 110.9305   0.00   -inf  -nan   7   4  11   3 104.05
    5   2018 10 22 07:23:17.951    26597.951  0.2108 30.8205 110.9305   0.00   -inf  -nan   8   3  11   3 102.66
    6   2018 10 22 08:15:28.920    29728.920  0.1226 30.8505 111.1305   6.00   -inf  -nan   9   5  14   5 210.25
    7   2018 10 22 08:33:24.379    30804.379  0.3964 31.0205 110.4405   2.00   -inf  -nan  11  10  21   7  87.12
    8   2018 10 22 08:47:54.942    31674.942  0.3926 30.8505 111.2805  14.00   -inf  -nan   8   2  10   1 294.25
    9   2018 10 22 08:49:44.017    31784.017  0.2332 30.8505 111.1305   4.00   -inf  -nan   6   7  13   6 210.25
   10   2018 10 22 10:28:28.540    37708.540  0.2294 31.1705 110.3105   6.00   -inf  -nan   4   2   6   1 184.34
   11   2018 10 22 11:13:09.439    40389.439  0.3262 31.0605 110.4405   0.00   -inf  -nan   6   3   9   1 170.49
   12   2018 10 22 15:05:37.403    54337.403  0.2276 31.0905 110.1105   0.00   -inf  -nan   5   3   8   2 155.73
   13   2018 10 22 16:08:11.764    58091.764  0.3480 31.0505 110.4605   8.00   -inf  -nan   8   7  15   6 111.60
   14   2018 10 22 17:03:48.494    61428.494  0.2212 30.8905 111.1605  10.00   -inf  -nan   3   2   5   2 195.55
   15   2018 10 22 18:23:03.672    66183.672  0.2287 31.0505 110.4605   0.00   -inf  -nan   4   3   7   2 111.60
   16   2018 10 22 19:10:31.712    69031.712  0.4593 31.2005 110.4105  16.00   -inf  -nan   5   2   7   2 283.99
   17   2018 10 22 19:42:23.000    70943.000  0.1434 31.2005 110.0805  12.00   -inf  -nan   3   2   5   2 229.95
   18   2018 10 22 20:04:30.146    72270.146  0.2157 31.1805 110.1305  12.00   -inf  -nan   3   2   5   2 140.16
   19   2018 10 22 20:20:49.446    73249.446  0.2297 31.0505 110.4705   0.00   -inf  -nan   4   3   7   2 162.94
   20   2018 10 22 20:29:39.995    73779.995  0.2876 31.1405 110.3705   0.00   -inf  -nan   4   2   6   1 202.17
    1   2018 10 23 01:54:19.264     6859.264  0.4361 30.8905 111.3205   0.00   -inf  -nan   7   5  12   3 312.17
    2   2018 10 23 02:19:58.636     8398.636  0.2631 31.3405 110.0905   0.00   -inf  -nan   4   2   6   1 279.86
    3   2018 10 23 02:29:16.372     8956.372  0.4996 30.8105 111.1305   6.00   -inf  -nan  12   9  21   8 226.65
    4   2018 10 23 03:45:23.203    13523.203  0.2002 30.8505 111.1305   6.00   -inf  -nan  11   8  19   8 210.25
    5   2018 10 23 03:45:43.047    13543.047  0.4820 30.8105 111.1705   6.00   -inf  -nan   7   7  14   6 242.73
    6   2018 10 23 04:33:33.002    16413.002  0.1799 30.7405 110.8305  10.00   -inf  -nan   8   4  12   3 183.33
    7   2018 10 23 04:58:14.134    17894.134  0.4014 31.2005 110.0405   6.00   -inf  -nan  10   5  15   5 173.24
    8   2018 10 23 06:34:34.945    23674.945  0.1971 30.8905 111.1605   8.00   -inf  -nan   5   2   7   2 195.54
    9   2018 10 23 07:13:51.181    26031.181  0.1590 31.2605 110.1305   8.00   -inf  -nan   4   2   6   2 239.06
   10   2018 10 23 07:30:51.309    27051.309  0.3466 30.9005 110.7205   6.00   -inf  -nan  12   8  20   8  94.62
   11   2018 10 23 07:50:22.798    28222.798  0.2793 30.8605 110.4605   0.00   -inf  -nan   4   5   9   4 221.45
   12   2018 10 23 08:02:52.483    28972.483  0.2203 30.8505 111.1305   6.00   -inf  -nan   9   8  17   8 210.25
   13   2018 10 23 08:04:38.388    29078.388  0.4181 30.9005 110.4405   2.00   -inf  -nan   3   2   5   2 291.00
   14   2018 10 23 08:21:17.578    30077.578  0.3772 31.0505 110.4605  10.00   -inf  -nan   6   7  13   6 157.85
   15   2018 10 23 09:48:11.384    35291.384  0.3259 30.9005 110.5005   8.00   -inf  -nan   5   7  12   4 168.04
   16   2018 10 23 14:50:33.797    53433.797  0.2264 31.1605 110.3205   0.00   -inf  -nan   7   2   9   2 178.77
   17   2018 10 23 15:13:27.158    54807.158  0.3473 31.0305 110.4405  10.00   -inf  -nan   5   4   9   4 134.10
   18   2018 10 23 15:18:59.159    55139.159  0.1693 31.0605 110.4405   6.00   -inf  -nan   3   3   6   2 256.49
   19   2018 10 23 19:27:01.494    70021.494  0.2040 31.1705 110.3505  10.00   -inf  -nan   5   2   7   2 215.69
   20   2018 10 23 20:52:17.472    75137.472  0.2925 30.8905 111.1305   6.00   -inf  -nan   6   4  10   3 164.15
   21   2018 10 23 21:06:13.821    75973.821  0.2421 31.0505 110.4605   4.00   -inf  -nan   6   6  12   5 157.85
   22   2018 10 23 22:08:08.252    79688.252  0.2545 31.0605 110.2805   0.00   -inf  -nan   6   4  10   2  82.75
   23   2018 10 23 23:07:14.195    83234.195  0.3409 31.0505 110.4305  10.00   -inf  -nan   6   5  11   5 102.66
   24   2018 10 23 23:14:44.497    83684.497  0.1293 30.8505 111.1305   4.00   -inf  -nan   8   5  13   5 210.25
    1   2018 10 24 00:53:30.680     3210.680  0.1520 30.8605 111.1305   6.00   -inf  -nan   6   3   9   3 204.21
    2   2018 10 24 01:58:19.511     7099.511  0.2689 31.0305 110.4405   6.00   -inf  -nan   5   5  10   5 190.37
    3   2018 10 24 02:02:35.753     7355.753  0.1925 31.0605 110.4405   6.00   -inf  -nan   4   2   6   2 210.58
    4   2018 10 24 02:45:17.854     9917.854  0.4252 30.9705 110.0305   0.00   -inf  -nan   5   2   7   2 125.08
    5   2018 10 24 03:04:38.572    11078.572  0.3756 31.1005 109.9405   8.00   -inf  -nan  11   8  19   5 232.93
    6   2018 10 24 03:47:04.984    13624.984  0.2907 31.2905 110.0705  14.00   -inf  -nan   3   3   6   3 266.72
    7   2018 10 24 03:50:25.115    13825.115  0.4336 31.0205 109.8205   0.00   -inf  -nan   7   2   9   1 250.36
    8   2018 10 24 03:59:39.924    14379.924  0.3515 31.1705 110.3505  12.00   -inf  -nan  10   8  18   5 159.49
    9   2018 10 24 04:17:36.052    15456.052  0.2572 31.0205 109.7805   6.00   -inf  -nan   9   6  15   5 267.00
   10   2018 10 24 04:34:39.763    16479.763  0.4488 31.0605 110.4605   6.00   -inf  -nan  11   8  19   8 140.90
   11   2018 10 24 05:07:03.380    18423.380  0.2937 30.9705 110.1905   0.00   -inf  -nan   9   3  12   2  90.63
   12   2018 10 24 05:21:32.519    19292.519  0.3113 31.0605 110.4805   0.00   -inf  -nan   5   6  11   5 217.29
   13   2018 10 24 07:03:29.606    25409.606  0.3409 31.0205 110.7005   0.00   -inf  -nan   7   9  16   4 133.52
   14   2018 10 24 07:11:10.938    25870.938  0.1893 30.8505 111.1305   6.00   -inf  -nan   5   4   9   4 210.75
   15   2018 10 24 07:49:38.682    28178.682  0.2115 30.9305 110.7605   4.00   -inf  -nan   5   7  12   5 136.38
   16   2018 10 24 08:38:16.440    31096.440  0.4946 31.0605 109.9805   2.00   -inf  -nan   5   2   7   1 163.51
   17   2018 10 24 09:24:01.851    33841.851  0.1361 30.8505 111.1305   6.00   -inf  -nan   7   6  13   5 210.25
   18   2018 10 24 14:18:38.285    51518.285  0.3876 31.0105 110.4505  12.00   -inf  -nan  17  15  32  14 101.24
   19   2018 10 24 14:43:30.810    53010.810  0.1033 31.0605 110.4405   6.00   -inf  -nan   4   3   7   3 216.40
   20   2018 10 24 15:56:11.056    57371.056  0.1852 31.1805 110.1305  12.00   -inf  -nan   3   2   5   2 140.16
   21   2018 10 24 16:02:06.508    57726.508  0.2549 31.0405 110.4505   6.00   -inf  -nan   6   6  12   6 154.82
   22   2018 10 24 16:20:28.467    58828.467  0.4968 31.0205 110.4405   6.00   -inf  -nan   7   6  13   6 142.48
   23   2018 10 24 17:25:33.525    62733.525  0.1301 30.8905 111.1305   4.00   -inf  -nan   5   2   7   2 164.15
   24   2018 10 24 17:28:35.165    62915.165  0.4797 31.1605 110.0505  12.00   -inf  -nan   4   2   6   2 155.43
   25   2018 10 24 19:17:39.327    69459.327  0.3398 31.0605 110.4605   4.00   -inf  -nan   4   3   7   3 168.29
   26   2018 10 24 22:14:50.652    80090.652  0.4709 31.0605 110.5205  14.00   -inf  -nan   4   3   7   3 290.45
   27   2018 10 24 23:09:04.176    83344.176  0.2086 30.8505 111.1305   6.00   -inf  -nan  12   9  21   8 210.75
   28   2018 10 24 23:09:38.261    83378.261  0.2398 30.8505 111.1305   6.00   -inf  -nan  12   7  19   7 210.75
   29   2018 10 24 23:51:10.733    85870.733  0.2232 30.8505 111.1305   6.00   -inf  -nan   9   8  17   6 210.25
    1   2018 10 27 01:26:35.423     5195.423  0.3840 31.0505 110.4505   8.00   -inf  -nan  17  13  30  11 106.33
    2   2018 10 27 03:52:03.790    13923.790  0.4388 31.1005 109.8205   4.00   -inf  -nan   3   2   5   2 256.08
    3   2018 10 27 06:36:05.094    23765.094  0.1542 30.8905 111.1605  10.00   -inf  -nan   3   2   5   1 200.11
    4   2018 10 27 06:57:27.313    25047.313  0.2820 31.1205 110.0005   2.00   -inf  -nan   5   2   7   2 215.71
    5   2018 10 27 07:52:02.881    28322.881  0.1176 31.0505 110.1905   6.00   -inf  -nan   4   2   6   2 263.14
    6   2018 10 27 07:59:34.363    28774.363  0.3438 30.6905 110.4105   6.00   -inf  -nan   4   6  10   4 276.69
    7   2018 10 27 09:47:27.471    35247.471  0.1939 30.8505 111.1305   6.00   -inf  -nan  10   8  18   7 210.25
    8   2018 10 27 15:38:20.464    56300.464  0.2209 31.1205 109.9605  12.00   -inf  -nan   6   5  11   5 245.08
    9   2018 10 27 15:40:05.230    56405.230  0.1451 31.1205 109.9605  10.00   -inf  -nan   9   5  14   5 245.08
   10   2018 10 27 15:52:14.784    57134.784  0.3557 30.9505 110.8005   8.00   -inf  -nan  13   9  22   8 110.17
   11   2018 10 27 16:15:33.870    58533.870  0.2708 31.0505 110.1905   8.00   -inf  -nan   8   8  16   7 124.62
   12   2018 10 27 16:50:03.657    60603.657  0.3393 31.0205 110.4405   4.00   -inf  -nan   6   4  10   4 123.87
   13   2018 10 27 17:28:35.830    62915.830  0.4577 31.0205 110.4505   2.00   -inf  -nan   7   5  12   4 132.37
   14   2018 10 27 19:01:54.609    68514.609  0.3160 30.9505 110.8005   0.00   -inf  -nan   3   5   8   2 169.93
   15   2018 10 27 19:27:42.279    70062.279  0.1840 31.0605 110.4805   0.00   -inf  -nan   3   3   6   3 244.76
   16   2018 10 27 20:07:02.658    72422.658  0.1607 31.1705 110.3505   0.00   -inf  -nan   4   2   6   2 232.44
   17   2018 10 27 21:12:18.550    76338.550  0.4470 31.1305 110.2705   8.00   -inf  -nan   5   2   7   2 120.51
   18   2018 10 27 22:51:18.552    82278.552  0.3278 31.0605 110.4405   8.00   -inf  -nan   5   4   9   4 170.49
    1   2018 10 28 00:00:16.823       16.823  0.1645 31.0605 110.4805   0.00   -inf  -nan   4   3   7   3 217.29
    2   2018 10 28 00:05:37.390      337.390  0.1474 30.8505 111.1305   6.00   -inf  -nan  14   6  20   6 210.75
    3   2018 10 28 00:06:20.796      380.796  0.1832 30.8505 111.1305   4.00   -inf  -nan   7   2   9   2 210.75
    4   2018 10 28 02:41:46.302     9706.302  0.1051 30.8505 111.1305   4.00   -inf  -nan   6   3   9   3 210.75
    5   2018 10 28 02:59:03.522    10743.522  0.2183 30.8105 111.2805  10.00   -inf  -nan   4   3   7   2 294.33
    6   2018 10 28 03:19:15.326    11955.326  0.2874 31.2205 111.0305   0.00   -inf  -nan   5   3   8   1 274.79
    7   2018 10 28 03:43:21.685    13401.685  0.4666 30.9005 109.7405  16.00   -inf  -nan   4   2   6   2 306.54
    8   2018 10 28 05:02:36.288    18156.288  0.1933 31.1605 110.1205   8.00   -inf  -nan   3   2   5   2 151.27
    9   2018 10 28 06:23:36.557    23016.557  0.4305 30.7305 111.0005   0.00   -inf  -nan   9   2  11   2 256.92
   10   2018 10 28 06:26:31.748    23191.748  0.2845 31.0505 110.4605   4.00   -inf  -nan  12   9  21   7 109.45
   11   2018 10 28 06:46:09.411    24369.411  0.1068 30.8505 111.1305   6.00   -inf  -nan   5   4   9   4 210.75
   12   2018 10 28 09:18:45.949    33525.949  0.1850 31.0605 110.4805   0.00   -inf  -nan   3   2   5   2 244.76
   13   2018 10 28 17:50:14.983    64214.983  0.3449 31.0905 110.2205   6.00   -inf  -nan   3   5   8   3 131.38
   14   2018 10 28 23:23:59.437    84239.437  0.1440 30.8505 111.1305   6.00   -inf  -nan  13   5  18   5 210.25
    1   2018 10 29 01:55:18.272     6918.272  0.4017 30.9805 110.0205   0.00   -inf  -nan  12   7  19   6 123.21
    2   2018 10 29 02:58:02.776    10682.776  0.4019 30.8105 111.1705   8.00   -inf  -nan  10   8  18   6 242.73
    3   2018 10 29 02:58:45.210    10725.210  0.1672 30.8505 111.1305   4.00   -inf  -nan   9   4  13   4 210.25
    4   2018 10 29 03:47:14.355    13634.355  0.1774 31.1205 109.8805  20.00   -inf  -nan   4   2   6   2 283.43
    5   2018 10 29 03:50:51.219    13851.219  0.3384 31.0205 109.7805   6.00   -inf  -nan   9   6  15   4 267.00
    6   2018 10 29 04:58:20.363    17900.363  0.4655 31.0505 110.4605   0.00   -inf  -nan   9   7  16   6 111.60
    7   2018 10 29 05:22:57.426    19377.426  0.3881 31.0305 110.6805   8.00   -inf  -nan   9   6  15   5 135.47
    8   2018 10 29 06:08:38.399    22118.399  0.4822 31.0105 110.4205  20.00   -inf  -nan   3   4   7   1 120.61
    9   2018 10 29 06:16:08.016    22568.016  0.3651 31.2105 110.0705   0.00   -inf  -nan  11   6  17   4 185.34
   10   2018 10 29 06:35:07.290    23707.290  0.2790 31.0805 110.0805   0.00   -inf  -nan   5   5  10   3 175.53
   11   2018 10 29 06:37:44.808    23864.808  0.4161 30.9405 110.7805   2.00   -inf  -nan   7   5  12   4  92.21
   12   2018 10 29 06:47:26.368    24446.368  0.4454 31.0205 110.4805   0.00   -inf  -nan   7   7  14   6  91.96
   13   2018 10 29 07:54:28.937    28468.937  0.3721 31.0305 110.4805   0.00   -inf  -nan   8   9  17   7  98.79
   14   2018 10 29 07:55:35.623    28535.623  0.1647 30.8505 111.1205   8.00   -inf  -nan   4   3   7   2 205.95
   15   2018 10 29 08:55:45.509    32145.509  0.3987 31.1305 110.0705   0.00   -inf  -nan   5   4   9   2 297.44
   16   2018 10 29 09:30:35.960    34235.960  0.2342 30.8505 111.1305   6.00   -inf  -nan  12   8  20   6 210.25
   17   2018 10 29 09:53:46.072    35626.072  0.3164 30.7405 110.9305   6.00   -inf  -nan   5   3   8   3 207.91
   18   2018 10 29 10:14:19.157    36859.157  0.2135 30.8105 111.1305   0.00   -inf  -nan   4   2   6   2 233.30
   19   2018 10 29 10:22:06.441    37326.441  0.3166 30.7505 110.9805   0.00   -inf  -nan  11   3  14   2 212.32
   20   2018 10 29 15:37:38.172    56258.172  0.0695 30.8605 110.5605  10.00   -inf  -nan   3   2   5   2 234.40
   21   2018 10 29 16:44:09.959    60249.959  0.2985 31.0505 110.4305   8.00   -inf  -nan   6   5  11   5 110.61
   22   2018 10 29 17:20:34.537    62434.537  0.0967 31.0505 110.4305   6.00   -inf  -nan   3   4   7   3 213.27
   23   2018 10 29 18:11:36.063    65496.063  0.1689 30.8605 110.5605   6.00   -inf  -nan   9   9  18   7 145.72
   24   2018 10 29 18:29:40.783    66580.783  0.3805 31.0505 110.4605   6.00   -inf  -nan  12  10  22   8 109.45
   25   2018 10 29 18:47:49.349    67669.349  0.1338 30.8905 111.1305   4.00   -inf  -nan   6   2   8   2 164.15
   26   2018 10 29 18:59:33.378    68373.378  0.4005 30.9405 111.1905   2.00   -inf  -nan   4   2   6   2 202.10
   27   2018 10 29 20:21:07.334    73267.334  0.2422 30.8605 110.5605   6.00   -inf  -nan  11  11  22  10 145.72
   28   2018 10 29 21:48:09.632    78489.632  0.2538 31.0205 110.4805   6.00   -inf  -nan   5   4   9   4 144.86
   29   2018 10 29 21:55:14.663    78914.663  0.2612 31.1605 110.3205   0.00   -inf  -nan   5   2   7   2 202.73
   30   2018 10 29 23:15:23.018    83723.018  0.1795 30.8705 111.1405   4.00   -inf  -nan  10   2  12   2 202.68
   31   2018 10 29 23:15:58.800    83758.800  0.1939 30.8505 111.1305   6.00   -inf  -nan  12   5  17   5 210.25
   32   2018 10 29 23:18:23.711    83903.711  0.3435 31.0505 110.4605   6.00   -inf  -nan  10   5  15   3 111.60
    1   2018 10 30 02:18:14.848     8294.848  0.1366 30.8505 111.1305   6.00   -inf  -nan   5   4   9   3 210.75
    2   2018 10 30 02:39:29.608     9569.608  0.3222 31.1305 110.4205   8.00   -inf  -nan   4   3   7   2 252.80
    3   2018 10 30 03:23:18.664    12198.664  0.2097 30.8605 110.5605   8.00   -inf  -nan   7   7  14   5 145.72
    4   2018 10 30 04:56:49.596    17809.596  0.2844 30.8905 110.7305   0.00   -inf  -nan  13   5  18   4  94.86
    5   2018 10 30 05:13:08.467    18788.467  0.3418 31.1705 110.8405   0.00   -inf  -nan   8   5  13   3 231.02
    6   2018 10 30 05:58:35.307    21515.307  0.2638 30.9305 111.1305  10.00   -inf  -nan   3   2   5   2 200.32
    7   2018 10 30 06:10:37.481    22237.481  0.3762 31.0505 110.4505  10.00   -inf  -nan  21  17  38  17 106.33
    8   2018 10 30 06:30:26.951    23426.951  0.3037 31.0605 110.4405   6.00   -inf  -nan   3   4   7   3 170.49
    9   2018 10 30 06:31:31.027    23491.027  0.3571 31.0605 110.4605   8.00   -inf  -nan   8   4  12   3 163.27
   10   2018 10 30 07:16:34.181    26194.181  0.2260 30.9805 110.3605   0.00   -inf  -nan   8   2  10   1  99.05
   11   2018 10 30 08:45:43.758    31543.758  0.1906 30.8105 111.2805  10.00   -inf  -nan   3   6   9   3 294.33
   12   2018 10 30 09:46:12.459    35172.459  0.1818 30.8505 111.1305   6.00   -inf  -nan   9   6  15   5 210.25
   13   2018 10 30 10:37:19.653    38239.653  0.4550 30.9805 110.7805   0.00   -inf  -nan  16   5  21   5  98.19
   14   2018 10 30 14:25:22.441    51922.441  0.3132 30.9405 110.8005   0.00   -inf  -nan   9   8  17   7  97.72
   15   2018 10 30 14:37:27.619    52647.619  0.1344 30.9405 110.7805   2.00   -inf  -nan   3   3   6   2 165.87
   16   2018 10 30 17:18:52.338    62332.338  0.3502 31.0605 110.4405   8.00   -inf  -nan   6   4  10   4 170.49
   17   2018 10 30 17:23:10.597    62590.597  0.1446 30.8505 111.2005  10.00   -inf  -nan   4   2   6   1 253.44
   18   2018 10 30 17:25:33.756    62733.756  0.3354 31.0805 110.8205   8.00   -inf  -nan  21  20  41  20 124.12
   19   2018 10 30 20:18:20.144    73100.144  0.2867 30.9805 110.8205   4.00   -inf  -nan   8   6  14   5 181.54
   20   2018 10 30 20:35:36.137    74136.137  0.3334 31.0305 110.4405   6.00   -inf  -nan   3   3   6   1 134.10
   21   2018 10 30 21:00:50.546    75650.546  0.2161 31.1705 110.3405  10.00   -inf  -nan   3   2   5   2 206.23
   22   2018 10 30 22:45:18.067    81918.067  0.2553 31.0105 110.4705   0.00   -inf  -nan   4   2   6   2 178.44
   23   2018 10 30 23:15:36.235    83736.235  0.1475 30.8505 111.1305   4.00   -inf  -nan  11   4  15   4 210.25
    1   2018 10 31 00:01:09.257       69.257  0.1453 31.0605 110.4805   0.00   -inf  -nan   4   3   7   3 279.12
    2   2018 10 31 01:38:28.442     5908.442  0.3264 30.9705 111.3205  12.00   -inf  -nan   7   5  12   5 343.88
    3   2018 10 31 03:40:49.293    13249.293  0.1877 30.8505 111.1305   6.00   -inf  -nan  10   7  17   7 210.25
    4   2018 10 31 04:10:27.715    15027.715  0.3072 31.2505 110.7105   0.00   -inf  -nan   4   2   6   1 240.77
    5   2018 10 31 04:46:00.124    17160.124  0.3229 30.8905 111.1305   4.00   -inf  -nan   5   4   9   4 164.15
    6   2018 10 31 04:48:49.240    17329.240  0.2178 30.7305 111.0505   4.00   -inf  -nan   6   4  10   4 262.48
    7   2018 10 31 07:06:43.418    25603.418  0.3087 31.1205 110.0005  12.00   -inf  -nan  10   6  16   6 215.71
    8   2018 10 31 07:31:10.852    27070.852  0.2649 30.9805 110.3605   0.00   -inf  -nan   7   4  11   1  99.05
    9   2018 10 31 07:35:36.932    27336.932  0.1697 30.8105 111.2805  12.00   -inf  -nan   5   3   8   3 294.33
   10   2018 10 31 08:13:20.570    29600.570  0.2782 30.9705 110.1805   2.00   -inf  -nan   9   2  11   2 135.71
   11   2018 10 31 08:38:10.591    31090.591  0.2962 31.0105 110.1505   0.00   -inf  -nan  10   4  14   4 130.91
   12   2018 10 31 09:42:00.499    34920.499  0.2513 30.8505 111.1305   8.00   -inf  -nan  11   7  18   7 210.25
   13   2018 10 31 16:35:05.915    59705.915  0.3008 31.0905 110.3405   6.00   -inf  -nan  13   9  22   9 110.30
   14   2018 10 31 16:55:33.506    60933.506  0.2040 31.1805 110.1305  12.00   -inf  -nan   3   2   5   2 140.16
   15   2018 10 31 18:10:29.083    65429.083  0.2434 30.8905 110.8005   4.00   -inf  -nan   4   4   8   3 216.67
   16   2018 10 31 21:00:20.747    75620.747  0.3542 31.0605 110.4405   6.00   -inf  -nan   5   5  10   4 170.49
   17   2018 10 31 22:50:44.903    82244.903  0.1790 31.0905 110.3405   4.00   -inf  -nan   7   3  10   2 110.30
   18   2018 10 31 23:14:10.249    83650.249  0.1308 30.8505 111.1305   6.00   -inf  -nan   5   4   9   4 210.75
    1   2018 11 01 03:59:00.764    14340.764  0.3552 31.3005 110.8305   2.00   -inf  -nan   9   3  12   2 255.64
    2   2018 11 01 04:03:10.387    14590.387  0.2402 31.1805 110.0205   8.00   -inf  -nan   7   3  10   3 118.51
    3   2018 11 01 04:11:02.453    15062.453  0.3078 31.1905 110.4005   0.00   -inf  -nan   4   4   8   1 228.00
    4   2018 11 01 04:46:49.558    17209.558  0.2186 30.9705 110.3705   2.00   -inf  -nan  10   3  13   2  88.31
    5   2018 11 01 05:44:54.805    20694.805  0.1679 30.8505 111.1305   6.00   -inf  -nan   5   4   9   4 210.75
    6   2018 11 01 05:51:52.463    21112.463  0.0973 30.8605 110.5605   8.00   -inf  -nan   5   3   8   3 201.51
    7   2018 11 01 06:58:03.233    25083.233  0.3129 31.1205 110.0405   6.00   -inf  -nan  12   4  16   3 185.39
    8   2018 11 01 07:32:03.294    27123.294  0.4109 31.1205 109.8805   4.00   -inf  -nan   3   2   5   2 309.51
    9   2018 11 01 07:38:44.819    27524.819  0.2023 30.8505 111.1305   6.00   -inf  -nan   6   4  10   4 210.75
   10   2018 11 01 08:38:30.643    31110.643  0.2381 30.8505 111.1205   8.00   -inf  -nan   6   2   8   2 205.95
   11   2018 11 01 09:41:37.361    34897.361  0.1758 31.0905 110.1105   0.00   -inf  -nan   5   4   9   4 230.20
   12   2018 11 01 10:37:13.167    38233.167  0.2643 31.0505 110.1905   4.00   -inf  -nan   8   6  14   6 124.62
   13   2018 11 01 12:38:26.864    45506.864  0.3316 30.8905 110.7605   8.00   -inf  -nan  20   9  29   9  86.43
   14   2018 11 01 15:10:51.444    54651.444  0.2799 30.9305 111.2005   4.00   -inf  -nan   3   2   5   1 280.08
   15   2018 11 01 15:31:52.869    55912.869  0.3991 30.8905 110.7605   8.00   -inf  -nan  19  14  33  14 132.10
   16   2018 11 01 23:07:06.815    83226.815  0.2087 31.1305 110.3405  10.00   -inf  -nan   3   2   5   1 142.29
   17   2018 11 01 23:12:07.302    83527.302  0.2318 30.8505 111.1305   6.00   -inf  -nan  12   6  18   6 210.25
    1   2018 11 02 00:48:03.648     2883.648  0.2582 30.8505 111.1305   6.00   -inf  -nan   8   3  11   3 210.25
    2   2018 11 02 00:55:59.584     3359.584  0.0987 31.0605 110.4805   0.00   -inf  -nan   4   2   6   2 217.29
    3   2018 11 02 01:46:41.577     6401.577  0.2866 30.8905 111.0805   4.00   -inf  -nan   3   2   5   1 202.15
    4   2018 11 02 04:09:56.403    14996.403  0.4382 30.9705 110.3905   0.00   -inf  -nan  10   5  15   5  92.49
    5   2018 11 02 04:50:20.479    17420.479  0.2332 31.2605 109.9705  10.00   -inf  -nan   6   2   8   1 271.66
    6   2018 11 02 05:38:21.221    20301.221  0.1601 30.8505 111.1305   6.00   -inf  -nan   7   5  12   4 210.25
    7   2018 11 02 06:52:54.839    24774.839  0.2866 30.7905 110.9405   6.00   -inf  -nan   9   5  14   5 155.52
    8   2018 11 02 08:15:09.934    29709.934  0.4536 31.2805 110.9005   0.00   -inf  -nan   6  10  16   5 255.71
    9   2018 11 02 08:51:15.714    31875.714  0.4464 31.2905 110.3405   2.00   -inf  -nan   6   4  10   3 269.10
   10   2018 11 02 08:55:52.723    32152.723  0.3417 30.9005 110.7205   0.00   -inf  -nan  14   7  21   7  94.62
   11   2018 11 02 08:58:36.994    32316.994  0.1156 30.9305 111.4005  10.00   -inf  -nan   5   2   7   2 321.20
   12   2018 11 02 08:59:01.837    32341.837  0.4301 30.9305 111.3605   0.00   -inf  -nan   5   4   9   1 317.45
   13   2018 11 02 09:54:13.183    35653.183  0.2598 31.1005 109.9405   8.00   -inf  -nan   9   6  15   5 232.93
   14   2018 11 02 10:54:28.365    39268.365  0.3955 31.0505 110.4605   0.00   -inf  -nan  12   7  19   5 109.45
   15   2018 11 02 11:07:00.331    40020.331  0.3703 31.0005 110.8605   8.00   -inf  -nan   6   2   8   1 156.11
   16   2018 11 02 11:53:19.464    42799.464  0.2022 30.9705 110.4705   6.00   -inf  -nan   3   4   7   3 130.95
   17   2018 11 02 12:42:13.217    45733.217  0.3768 31.0905 110.3105   0.00   -inf  -nan  10   6  16   6  90.31
   18   2018 11 02 13:50:07.829    49807.829  0.1779 30.8605 110.5605   6.00   -inf  -nan   8   5  13   4 145.72
   19   2018 11 02 16:43:25.532    60205.532  0.1919 31.0505 110.4605   0.00   -inf  -nan   3   2   5   1 157.85
   20   2018 11 02 17:53:43.263    64423.263  0.3408 31.0505 110.4605   8.00   -inf  -nan  20  14  34  13 109.45
   21   2018 11 02 18:18:19.570    65899.570  0.1707 31.0505 110.4605   2.00   -inf  -nan   3   3   6   2 221.25
   22   2018 11 02 18:31:33.057    66693.057  0.2649 30.7805 110.7705  12.00   -inf  -nan  12  11  23  10 110.23
   23   2018 11 02 20:07:54.232    72474.232  0.0925 30.8605 110.5605  10.00   -inf  -nan   3   2   5   2 234.40
   24   2018 11 02 20:57:59.529    75479.529  0.2853 30.9505 110.7605   8.00   -inf  -nan  13   6  19   6  87.10
   25   2018 11 02 21:46:15.802    78375.802  0.1771 31.1305 110.4205   6.00   -inf  -nan   4   2   6   2 307.54
   26   2018 11 02 23:25:50.037    84350.037  0.1695 30.8505 111.1305   4.00   -inf  -nan   9   6  15   6 210.25
    1   2018 11 03 00:32:47.742     1967.742  0.1751 30.8505 111.1305   6.00   -inf  -nan   7   7  14   6 210.25
    2   2018 11 03 00:33:31.001     2011.001  0.2329 30.8505 111.1305   6.00   -inf  -nan   7   6  13   6 210.25
    3   2018 11 03 01:42:10.312     6130.312  0.1773 30.8905 111.3605   6.00   -inf  -nan   7   4  11   4 317.83
    4   2018 11 03 03:42:39.800    13359.800  0.1803 30.7805 110.7705  10.00   -inf  -nan   9   5  14   5 116.19
    5   2018 11 03 03:45:47.445    13547.445  0.4136 31.3005 110.0105   0.00   -inf  -nan  12   5  17   5 301.99
    6   2018 11 03 04:00:15.319    14415.319  0.4651 31.0105 110.6805   0.00   -inf  -nan   7   3  10   3 122.47
    7   2018 11 03 04:24:21.245    15861.245  0.4130 30.9705 110.3705   2.00   -inf  -nan  10   6  16   4  88.31
    8   2018 11 03 04:55:54.067    17754.067  0.2578 30.8605 111.2105  12.00   -inf  -nan   5   2   7   2 258.96
    9   2018 11 03 06:14:24.180    22464.180  0.4934 31.1405 110.3405  10.00   -inf  -nan   9   4  13   2 209.64
   10   2018 11 03 06:26:17.054    23177.054  0.2121 31.2105 110.3405   0.00   -inf  -nan   7   3  10   3 235.59
   11   2018 11 03 07:41:12.637    27672.637  0.1196 30.7105 110.9005   8.00   -inf  -nan   4   2   6   1 244.16
   12   2018 11 03 08:55:15.167    32115.167  0.2557 30.8505 111.1305   4.00   -inf  -nan  11   6  17   6 210.25
   13   2018 11 03 09:15:16.005    33316.005  0.3112 31.0205 109.7405   4.00   -inf  -nan   4   2   6   1 292.56
   14   2018 11 03 09:37:51.097    34671.097  0.2296 30.8505 111.1305   6.00   -inf  -nan  10   7  17   6 210.25
   15   2018 11 03 09:41:12.805    34872.805  0.2378 31.2405 110.0405   6.00   -inf  -nan  10   5  15   5 237.39
   16   2018 11 03 12:56:07.936    46567.936  0.2590 31.0505 110.4605   8.00   -inf  -nan   8   6  14   5 111.60
   17   2018 11 03 13:11:49.016    47509.016  0.1080 30.9305 110.7605   8.00   -inf  -nan   3   3   6   3 176.71
   18   2018 11 03 18:03:11.145    64991.145  0.1844 30.8905 111.1605   8.00   -inf  -nan   5   2   7   2 195.54
   19   2018 11 03 20:40:11.949    74411.949  0.3162 31.1205 110.2105   4.00   -inf  -nan  10  15  25  10  85.78
   20   2018 11 03 20:46:32.413    74792.413  0.3360 31.1505 110.3205   0.00   -inf  -nan   7   3  10   3 165.67
   21   2018 11 03 20:54:54.406    75294.406  0.1057 31.1305 110.2305   0.00   -inf  -nan   6   4  10   3 101.40
    1   2018 11 04 02:46:19.926     9979.926  0.1672 30.8505 111.1305   6.00   -inf  -nan   7   6  13   6 210.25
    2   2018 11 04 03:22:05.197    12125.197  0.2979 30.8705 110.7405   0.00   -inf  -nan   6   2   8   2 108.62
    3   2018 11 04 04:28:29.153    16109.153  0.4614 31.0205 109.6605   4.00   -inf  -nan   3   3   6   2 306.92
    4   2018 11 04 05:49:23.436    20963.436  0.3033 30.9005 110.7205   6.00   -inf  -nan  13   6  19   6  94.62
    5   2018 11 04 05:56:21.371    21381.371  0.2008 30.9405 110.0205  12.00   -inf  -nan   8   3  11   3 169.95
    6   2018 11 04 08:35:38.380    30938.380  0.3099 30.9405 110.0005  18.00   -inf  -nan   4   3   7   2 147.96
    7   2018 11 04 08:45:09.144    31509.144  0.4253 30.9405 110.0205  10.00   -inf  -nan   6   5  11   3 149.60
    8   2018 11 04 09:20:37.232    33637.232  0.2144 30.8505 111.1305   6.00   -inf  -nan   8   8  16   7 210.25
    9   2018 11 04 13:13:42.276    47622.276  0.3387 31.0305 110.4805   8.00   -inf  -nan   7   7  14   6  98.79
   10   2018 11 04 19:40:11.207    70811.207  0.2763 31.0505 110.4605   6.00   -inf  -nan   8   6  14   6 111.60
   11   2018 11 04 19:56:44.325    71804.325  0.1589 30.8905 111.1605   8.00   -inf  -nan   5   2   7   2 195.54
   12   2018 11 04 20:34:12.474    74052.474  0.3240 31.0105 110.4705  20.00   -inf  -nan   3   2   5   2 285.19
   13   2018 11 04 23:16:14.813    83774.813  0.2453 30.8505 111.1305   6.00   -inf  -nan  12   6  18   6 210.25
   14   2018 11 04 23:31:06.321    84666.321  0.1849 30.8505 111.1305   6.00   -inf  -nan  13   5  18   4 210.25
    1   2018 11 05 01:06:49.459     4009.459  0.3015 31.0305 110.5605   4.00   -inf  -nan   6   8  14   5  80.53
    2   2018 11 05 03:24:18.414    12258.414  0.3078 31.0305 110.5605   6.00   -inf  -nan  13  15  28  10  80.53
    3   2018 11 05 03:53:44.067    14024.067  0.1897 30.9805 109.9005   0.00   -inf  -nan   5   2   7   1 201.03
    4   2018 11 05 04:59:37.604    17977.604  0.3288 30.8505 111.1705   4.00   -inf  -nan  10   9  19   8 231.43
    5   2018 11 05 06:32:42.484    23562.484  0.3977 31.0605 110.4405   0.00   -inf  -nan   5   5  10   3 170.49
    6   2018 11 05 06:38:38.546    23918.546  0.2342 31.0905 110.3405   0.00   -inf  -nan   4   3   7   1  95.27
    7   2018 11 05 07:55:45.354    28545.354  0.2873 30.8005 110.2105   2.00   -inf  -nan   5   8  13   5 242.37
    8   2018 11 05 08:06:12.780    29172.780  0.1521 30.8905 111.0805   4.00   -inf  -nan   3   2   5   1 263.16
    9   2018 11 05 08:19:17.884    29957.884  0.1738 31.2905 109.9905  20.00   -inf  -nan   8   2  10   2 280.16
   10   2018 11 05 08:35:12.723    30912.723  0.3648 31.2605 110.1305   0.00   -inf  -nan   6   3   9   3 299.15
   11   2018 11 05 08:38:42.580    31122.580  0.1308 30.8505 111.1305   4.00   -inf  -nan   6   3   9   3 210.75
   12   2018 11 05 12:24:51.727    44691.727  0.2498 30.8205 110.6405   8.00   -inf  -nan   4   4   8   4 219.06
   13   2018 11 05 15:43:37.400    56617.400  0.2303 31.1705 110.3405   0.00   -inf  -nan   3   2   5   2 281.77
   14   2018 11 05 15:47:37.937    56857.937  0.4663 31.0205 110.4405   6.00   -inf  -nan   8   7  15   7  87.12
   15   2018 11 05 16:54:34.009    60874.009  0.1694 30.8605 110.5605   8.00   -inf  -nan   7   4  11   3 155.01
   16   2018 11 05 20:36:52.137    74212.137  0.4305 31.0205 110.4405   6.00   -inf  -nan  13  10  23   9  87.12
   17   2018 11 05 21:08:52.125    76132.125  0.3496 31.0905 110.1105   0.00   -inf  -nan   4   4   8   3 169.95
   18   2018 11 05 22:00:56.396    79256.396  0.2334 31.1805 110.1305  12.00   -inf  -nan   3   2   5   2 140.16
   19   2018 11 05 22:19:36.828    80376.828  0.1742 31.1405 110.2105   4.00   -inf  -nan   4   4   8   2 190.20
   20   2018 11 05 23:44:47.527    85487.527  0.1660 30.8505 111.1305   4.00   -inf  -nan   8   4  12   4 210.75
    1   2018 11 06 01:30:19.999     5419.999  0.3451 31.0205 110.4805   0.00   -inf  -nan   6   6  12   5  91.96
    2   2018 11 06 04:09:43.157    14983.157  0.2601 30.9805 110.0605  16.00   -inf  -nan   6   2   8   1 148.51
    3   2018 11 06 05:19:47.236    19187.236  0.3930 30.8905 110.7205   0.00   -inf  -nan  11   8  19   7 150.87
    4   2018 11 06 05:29:16.458    19756.458  0.3174 30.8605 110.5605   8.00   -inf  -nan  14  14  28  12 175.66
    5   2018 11 06 05:31:55.714    19915.714  0.2568 30.8605 111.1305   2.00   -inf  -nan  15   5  20   5 204.21
    6   2018 11 06 05:37:26.138    20246.138  0.2187 30.8205 111.1705   6.00   -inf  -nan  10   5  15   5 245.81
    7   2018 11 06 05:49:54.713    20994.713  0.1999 30.8905 111.1305   6.00   -inf  -nan   3   2   5   2 164.15
    8   2018 11 06 06:03:14.349    21794.349  0.3317 31.0505 110.4605   8.00   -inf  -nan   6   7  13   6 111.60
    9   2018 11 06 07:35:43.278    27343.278  0.2323 30.9405 110.7805   4.00   -inf  -nan   9   7  16   7  92.21
   10   2018 11 06 08:27:10.592    30430.592  0.4021 30.8605 110.7205   6.00   -inf  -nan  11   9  20   6 181.19
   11   2018 11 06 09:25:33.482    33933.482  0.1365 30.8505 111.1305   6.00   -inf  -nan   9   5  14   5 210.75
   12   2018 11 06 12:49:01.067    46141.067  0.2739 31.1605 110.6205   0.00   -inf  -nan   6   2   8   1 170.78
   13   2018 11 06 14:59:35.003    53975.003  0.3873 31.0605 110.4605  12.00   -inf  -nan   6   7  13   6 120.13
   14   2018 11 06 16:40:24.344    60024.344  0.2143 30.8905 111.1305   2.00   -inf  -nan   3   2   5   2 164.15
   15   2018 11 06 16:59:43.669    61183.669  0.2767 30.9705 110.8005   4.00   -inf  -nan   3   3   6   1 229.33
   16   2018 11 06 17:20:25.156    62425.156  0.3440 31.0605 110.4405  14.00   -inf  -nan   5   5  10   4 113.97
   17   2018 11 06 17:37:39.211    63459.211  0.3911 31.2005 110.1605  18.00   -inf  -nan   3   2   5   2 155.63
   18   2018 11 06 17:43:50.410    63830.410  0.1452 30.9405 110.4605   6.00   -inf  -nan   4   2   6   2 163.02
   19   2018 11 06 20:37:00.861    74220.861  0.2533 30.9405 111.1905   2.00   -inf  -nan   6   2   8   2 202.10
   20   2018 11 06 20:38:16.482    74296.482  0.1603 30.8205 110.6005   6.00   -inf  -nan   3   3   6   3 280.01
   21   2018 11 06 20:57:48.390    75468.390  0.1594 30.8905 111.2405   6.00   -inf  -nan   3   2   5   2 311.28
   22   2018 11 06 22:15:10.881    80110.881  0.1070 31.0905 110.1505   6.00   -inf  -nan   3   3   6   2 189.56
   23   2018 11 06 23:29:05.397    84545.397  0.1694 30.8505 111.1305   4.00   -inf  -nan  12   5  17   5 210.25
    1   2018 11 07 01:21:27.513     4887.513  0.1314 30.8505 111.1305   6.00   -inf  -nan   9   3  12   3 210.75
    2   2018 11 07 02:51:27.150    10287.150  0.2972 30.8105 111.1705   0.00   -inf  -nan   3   2   5   2 249.55
    3   2018 11 07 04:07:41.243    14861.243  0.2892 31.2805 110.8605   0.00   -inf  -nan  10   7  17   5 236.71
    4   2018 11 07 05:06:16.104    18376.104  0.2132 30.8905 111.1605  10.00   -inf  -nan   5   2   7   2 195.54
    5   2018 11 07 06:25:18.036    23118.036  0.3619 30.8105 111.1605   2.00   -inf  -nan  12   8  20   8 245.30
    6   2018 11 07 09:05:09.087    32709.087  0.1690 30.8505 111.1305   4.00   -inf  -nan  11   9  20   7 210.25
    7   2018 11 07 09:35:25.559    34525.559  0.4186 31.0305 110.4805   6.00   -inf  -nan   9   8  17   8  98.79
    8   2018 11 07 10:51:39.545    39099.545  0.1791 30.8905 111.1605   8.00   -inf  -nan   5   2   7   2 195.54
    9   2018 11 07 10:51:54.407    39114.407  0.4241 30.8905 110.8005   2.00   -inf  -nan   4   4   8   2 143.33
   10   2018 11 07 12:14:12.657    44052.657  0.4294 31.1605 110.0405  12.00   -inf  -nan   3   2   5   1 163.44
   11   2018 11 07 12:18:00.092    44280.092  0.2294 30.8005 110.2105   2.00   -inf  -nan   4   4   8   4 278.44
   12   2018 11 07 12:37:28.884    45448.884  0.3762 31.0605 110.4405   6.00   -inf  -nan   9   7  16   6 113.97
   13   2018 11 07 13:29:02.613    48542.613  0.2866 31.0905 110.4205   6.00   -inf  -nan   4   3   7   1 131.66
   14   2018 11 07 15:07:23.314    54443.314  0.3408 31.0205 110.4805   0.00   -inf  -nan  15  13  28  12  91.96
   15   2018 11 07 15:25:21.055    55521.055  0.3856 31.1405 110.2905   0.00   -inf  -nan   9   3  12   3 138.84
   16   2018 11 07 16:21:29.818    58889.818  0.2514 31.0605 110.4805   0.00   -inf  -nan   3   3   6   3 217.29
   17   2018 11 07 16:55:03.469    60903.469  0.1987 31.0205 110.4405  10.00   -inf  -nan   4   3   7   3 166.62
   18   2018 11 07 18:00:51.632    64851.632  0.2812 31.0205 110.4605   6.00   -inf  -nan   4   6  10   3  90.43
   19   2018 11 07 19:55:39.803    71739.803  0.2569 31.0505 110.4605   8.00   -inf  -nan   5   2   7   2 157.85
   20   2018 11 07 20:02:14.999    72134.999  0.1146 30.8905 111.1605  10.00   -inf  -nan   3   2   5   2 195.54
   21   2018 11 07 20:49:06.608    74946.608  0.2552 31.1705 110.3105   0.00   -inf  -nan   5   2   7   1 241.74
   22   2018 11 07 23:31:33.126    84693.126  0.2052 30.8505 111.1305   4.00   -inf  -nan  14   6  20   5 210.25
    1   2018 11 08 00:32:56.164     1976.164  0.1926 30.8505 111.1305   4.00   -inf  -nan   7   3  10   3 210.25
    2   2018 11 08 00:33:35.210     2015.210  0.2591 30.8105 111.1705   4.00   -inf  -nan   9   5  14   5 242.73
    3   2018 11 08 01:57:46.801     7066.801  0.2781 30.9305 111.3705  10.00   -inf  -nan   7   6  13   6 318.22
    4   2018 11 08 03:57:38.060    14258.060  0.4450 31.0205 109.7805  12.00   -inf  -nan   5   4   9   2 267.00
    5   2018 11 08 04:09:32.479    14972.479  0.3526 31.0205 109.7805   8.00   -inf  -nan   8   7  15   5 267.00
    6   2018 11 08 04:47:33.633    17253.633  0.4218 30.9705 110.4005   0.00   -inf  -nan  12   4  16   3  92.32
    7   2018 11 08 05:02:56.403    18176.403  0.4237 31.2005 110.0405   6.00   -inf  -nan   8   6  14   5 173.24
    8   2018 11 08 05:49:11.846    20951.846  0.1570 30.8505 111.1305   6.00   -inf  -nan   6   4  10   4 210.75
    9   2018 11 08 06:23:41.029    23021.029  0.3359 30.9305 110.9605   4.00   -inf  -nan  13   6  19   6  94.19
   10   2018 11 08 07:28:05.568    26885.568  0.4299 30.8505 111.2005   0.00   -inf  -nan   3   2   5   2 269.98
   11   2018 11 08 08:01:03.667    28863.667  0.4562 31.1005 109.9405   8.00   -inf  -nan  12  10  22   5 232.93
   12   2018 11 08 09:08:22.035    32902.035  0.1650 30.8505 111.1305   4.00   -inf  -nan  10   5  15   5 210.25
   13   2018 11 08 12:12:51.570    43971.570  0.3900 31.0505 110.4705   8.00   -inf  -nan   3   4   7   3 159.22
   14   2018 11 08 12:57:59.260    46679.260  0.2301 31.1805 110.3405   0.00   -inf  -nan   4   2   6   2 256.88
   15   2018 11 08 14:01:31.605    50491.605  0.3786 31.1705 110.3405  12.00   -inf  -nan   5   2   7   2 206.23
   16   2018 11 08 14:29:00.718    52140.718  0.2209 30.8105 110.2105   0.00   -inf  -nan   3   2   5   1 274.81
   17   2018 11 08 14:51:40.360    53500.360  0.4995 31.0905 110.1905   6.00   -inf  -nan   4   4   8   2 132.72
   18   2018 11 08 15:22:18.744    55338.744  0.1517 30.6705 110.7005   2.00   -inf  -nan   3   2   5   2 306.32
   19   2018 11 08 21:16:45.057    76605.057  0.2526 30.9705 110.7205  12.00   -inf  -nan  12   9  21   9 103.78
   20   2018 11 08 21:58:33.882    79113.882  0.4587 31.1305 110.4305   6.00   -inf  -nan   4   2   6   1 181.05
   21   2018 11 08 22:01:27.341    79287.341  0.3123 31.0505 110.4605   4.00   -inf  -nan   7   7  14   7 111.60
   22   2018 11 08 22:11:45.255    79905.255  0.0766 30.8605 110.5605  10.00   -inf  -nan   3   3   6   3 234.40
   23   2018 11 08 23:19:28.680    83968.680  0.1452 30.8505 111.1305   6.00   -inf  -nan  12   3  15   3 210.25
   24   2018 11 08 23:34:43.804    84883.804  0.3324 31.0205 109.7405   2.00   -inf  -nan   5   2   7   2 292.56
    1   2018 11 09 04:19:50.428    15590.428  0.1669 30.8505 111.1305   6.00   -inf  -nan   5   3   8   3 210.75
    2   2018 11 09 04:21:18.884    15678.884  0.2375 30.8505 111.1305   4.00   -inf  -nan  10   5  15   5 210.25
    3   2018 11 09 04:27:28.976    16048.976  0.2302 31.1705 110.3405   6.00   -inf  -nan   3   2   5   2 206.23
    4   2018 11 09 05:09:50.271    18590.271  0.4429 30.8205 110.5405   0.00   -inf  -nan   8   3  11   3 187.81
    5   2018 11 09 06:14:11.175    22451.175  0.2283 30.8605 110.5605   6.00   -inf  -nan   9   9  18   7 145.72
    6   2018 11 09 06:44:13.019    24253.019  0.4091 31.1605 109.8805  10.00   -inf  -nan   7   5  12   4 294.95
    7   2018 11 09 07:14:31.141    26071.141  0.1448 30.9305 111.3605   4.00   -inf  -nan   6   2   8   2 317.82
    8   2018 11 09 07:40:06.330    27606.330  0.3656 30.9705 110.3705   6.00   -inf  -nan   9   2  11   1  88.31
    9   2018 11 09 09:51:09.124    35469.124  0.1870 30.8505 111.1305   4.00   -inf  -nan   8   5  13   4 210.75
   10   2018 11 09 09:58:16.300    35896.300  0.4250 31.1205 109.7705   0.00   -inf  -nan   8   4  12   4 307.79
   11   2018 11 09 14:47:26.826    53246.826  0.2105 30.8505 111.1605   2.00   -inf  -nan   4   3   7   3 227.22
   12   2018 11 09 17:28:59.910    62939.910  0.1723 30.9305 110.7605   4.00   -inf  -nan   4   2   6   1 176.71
   13   2018 11 09 19:00:43.574    68443.574  0.4031 31.0605 110.4805  14.00   -inf  -nan   5   4   9   4 123.88
   14   2018 11 09 19:23:29.805    69809.805  0.4252 31.0105 110.4505  12.00   -inf  -nan  19  15  34  14  83.47
   15   2018 11 09 23:11:19.754    83479.754  0.2959 30.8105 111.1705   6.00   -inf  -nan  14   9  23   9 242.73
   16   2018 11 09 23:15:09.571    83709.571  0.2532 30.8505 111.1305   6.00   -inf  -nan  11   8  19   6 210.25
   17   2018 11 09 23:32:01.496    84721.496  0.3008 31.0105 110.4505   4.00   -inf  -nan   6   5  11   4 108.06
   18   2018 11 09 23:52:09.067    85929.067  0.1745 30.8905 111.1705  10.00   -inf  -nan   4   2   6   1 206.94
    1   2018 11 10 02:34:08.047     9248.047  0.4546 31.0205 110.4405   6.00   -inf  -nan   7   7  14   6  87.12
    2   2018 11 10 02:45:06.767     9906.767  0.2771 31.0605 110.4805  16.00   -inf  -nan   3   3   6   2 192.96
    3   2018 11 10 04:47:24.755    17244.755  0.2798 31.1605 109.7705  16.00   -inf  -nan   5   2   7   1 313.68
    4   2018 11 10 04:57:11.428    17831.428  0.4173 31.0205 109.7805   2.00   -inf  -nan   8   3  11   2 267.00
    5   2018 11 10 05:04:30.952    18270.952  0.2369 31.1705 110.3105   2.00   -inf  -nan   6   2   8   2 168.79
    6   2018 11 10 05:38:19.522    20299.522  0.2950 30.8505 111.1305   4.00   -inf  -nan   9   5  14   5 210.75
    7   2018 11 10 06:22:41.899    22961.899  0.2570 30.9805 109.8605   6.00   -inf  -nan   4   2   6   2 231.63
    8   2018 11 10 07:03:14.870    25394.870  0.2334 30.8505 111.1305   4.00   -inf  -nan   9   7  16   6 210.75
    9   2018 11 10 07:51:56.646    28316.646  0.2738 31.0205 110.4805   0.00   -inf  -nan   4   3   7   3 144.06
   10   2018 11 10 09:26:18.872    33978.872  0.3181 31.1205 110.7805   8.00   -inf  -nan   5   7  12   4 113.18
   11   2018 11 10 10:52:02.933    39122.933  0.3766 31.0505 110.4505   6.00   -inf  -nan   8   9  17   8 109.19
   12   2018 11 10 12:32:47.755    45167.755  0.1877 30.8905 111.1705  10.00   -inf  -nan   4   3   7   2 206.94
   13   2018 11 10 15:20:57.998    55257.998  0.3161 31.0505 110.4605   0.00   -inf  -nan   3   5   8   3 221.25
   14   2018 11 10 16:01:57.950    57717.950  0.1128 30.8705 110.5205   8.00   -inf  -nan   3   4   7   3 260.01
   15   2018 11 10 17:28:09.052    62889.052  0.2531 30.9005 110.5005   6.00   -inf  -nan   5   5  10   4 225.38
   16   2018 11 10 18:10:33.319    65433.319  0.2406 30.9005 110.5005   6.00   -inf  -nan   4   4   8   4 225.38
   17   2018 11 10 19:48:46.026    71326.026  0.4033 31.1805 110.1305   8.00   -inf  -nan   5   2   7   2 140.16
   18   2018 11 10 20:42:32.846    74552.846  0.3428 31.0505 110.4505   2.00   -inf  -nan   5   5  10   4 152.57
   19   2018 11 10 21:50:58.999    78658.999  0.3686 31.0605 110.4805  16.00   -inf  -nan   6   4  10   2 175.68
   20   2018 11 10 21:53:17.455    78797.455  0.3080 31.0505 110.4605   8.00   -inf  -nan   9   7  16   7 111.60
   21   2018 11 10 22:16:23.816    80183.816  0.3505 31.0305 110.4805  12.00   -inf  -nan   9   7  16   7  98.79
   22   2018 11 10 23:16:04.030    83764.030  0.1650 30.8505 111.1305   2.00   -inf  -nan   9   5  14   5 210.25
   23   2018 11 10 23:24:04.911    84244.911  0.2854 31.1705 110.3405  10.00   -inf  -nan   3   2   5   2 206.23
    1   2018 11 11 01:58:23.589     7103.589  0.2341 30.8205 111.2305   2.00   -inf  -nan   6   2   8   2 274.56
    2   2018 11 11 01:59:08.365     7148.365  0.3469 30.8105 111.2805   4.00   -inf  -nan   8   5  13   4 294.33
    3   2018 11 11 02:16:44.982     8204.982  0.2142 30.9405 111.2305   4.00   -inf  -nan   5   3   8   3 296.96
    4   2018 11 11 02:50:56.504    10256.504  0.2874 30.8505 111.1305   6.00   -inf  -nan  13   9  22   8 210.25
    5   2018 11 11 03:14:57.233    11697.233  0.3734 31.0205 109.7805   8.00   -inf  -nan   9   5  14   4 267.00
    6   2018 11 11 05:27:08.512    19628.512  0.2512 31.2605 109.9405  10.00   -inf  -nan   7   4  11   2 274.48
    7   2018 11 11 07:14:42.683    26082.683  0.1578 30.8205 111.2705   8.00   -inf  -nan   5   3   8   2 291.13
    8   2018 11 11 08:28:32.132    30512.132  0.2827 30.9005 110.5205   8.00   -inf  -nan   4   4   8   3 179.14
    9   2018 11 11 08:58:12.331    32292.331  0.2780 31.0905 110.3505   4.00   -inf  -nan   6   4  10   4 144.09
   10   2018 11 11 09:36:49.607    34609.607  0.2203 30.8505 111.1305   4.00   -inf  -nan  11   6  17   6 210.75
   11   2018 11 11 09:41:07.255    34867.255  0.4041 31.0605 110.4605   0.00   -inf  -nan   4   4   8   3 168.29
   12   2018 11 11 11:56:58.712    43018.712  0.2386 31.0505 110.4605   0.00   -inf  -nan   4   3   7   2 111.60
   13   2018 11 11 13:00:17.298    46817.298  0.2322 31.0505 110.4605  10.00   -inf  -nan  10   9  19   9 111.60
   14   2018 11 11 13:13:31.167    47611.167  0.3448 31.0605 110.4605  10.00   -inf  -nan  12   9  21   9 120.13
   15   2018 11 11 13:15:56.647    47756.647  0.2876 31.0605 110.4405   6.00   -inf  -nan   4   4   8   4 170.49
   16   2018 11 11 13:45:21.294    49521.294  0.4952 31.0205 110.4405   6.00   -inf  -nan  10   9  19   8  87.12
   17   2018 11 11 13:49:50.448    49790.448  0.2935 31.1305 110.3105   2.00   -inf  -nan   4   2   6   1 134.51
   18   2018 11 11 16:06:35.160    57995.160  0.2564 31.2505 110.2605   0.00   -inf  -nan   7   3  10   2 244.73
   19   2018 11 11 16:16:06.891    58566.891  0.2272 31.1305 110.2705   6.00   -inf  -nan   3   2   5   2 275.76
   20   2018 11 11 16:25:34.146    59134.146  0.2320 31.0905 110.4205   6.00   -inf  -nan   3   3   6   3 131.66
   21   2018 11 11 17:19:29.084    62369.084  0.2552 31.1805 110.1305   8.00   -inf  -nan   3   2   5   2 140.16
   22   2018 11 11 17:44:59.854    63899.854  0.3375 31.0505 110.4605  12.00   -inf  -nan   8   7  15   7 111.60
   23   2018 11 11 18:37:13.023    67033.023  0.2332 30.8905 111.1305   4.00   -inf  -nan   5   3   8   3 164.15
   24   2018 11 11 19:53:23.787    71603.787  0.3230 31.0505 110.4205   0.00   -inf  -nan   7   5  12   4  98.57
   25   2018 11 11 20:06:30.618    72390.618  0.3202 30.7905 110.7405   8.00   -inf  -nan   4   5   9   4 113.97
   26   2018 11 11 20:48:08.270    74888.270  0.2542 31.0405 110.4605   0.00   -inf  -nan  15  13  28   9 103.85
   27   2018 11 11 22:37:02.133    81422.133  0.2098 30.8905 111.1305   4.00   -inf  -nan   5   2   7   2 164.15
   28   2018 11 11 23:17:28.057    83848.057  0.1630 30.8505 111.1305   6.00   -inf  -nan   8   7  15   6 210.25
    1   2018 11 12 02:10:40.490     7840.490  0.3814 30.9505 110.4805   6.00   -inf  -nan   3   2   5   1 166.27
    2   2018 11 12 02:15:05.443     8105.443  0.2712 30.8505 111.2405   8.00   -inf  -nan   6   3   9   2 275.59
    3   2018 11 12 03:43:32.309    13412.309  0.3375 31.1005 109.9805   2.00   -inf  -nan  13   9  22   7 219.81
    4   2018 11 12 04:02:56.801    14576.801  0.3566 30.9705 110.3705   6.00   -inf  -nan  11   4  15   3  88.31
    5   2018 11 12 05:10:14.246    18614.246  0.2356 30.8505 111.1305   6.00   -inf  -nan   7   7  14   6 210.25
    6   2018 11 12 07:30:24.989    27024.989  0.1673 30.9005 111.3305   8.00   -inf  -nan   7   4  11   4 314.83
    7   2018 11 12 08:33:53.707    30833.707  0.2414 30.7805 110.7705  14.00   -inf  -nan   3   3   6   2 226.42
    8   2018 11 12 08:43:16.828    31396.828  0.3030 31.1205 110.0405   6.00   -inf  -nan  11   7  18   4 185.39
    9   2018 11 12 09:36:32.026    34592.026  0.3532 31.0905 110.8905  16.00   -inf  -nan  20   4  24   4 174.64
   10   2018 11 12 09:52:02.783    35522.783  0.4564 31.1205 109.7705  12.00   -inf  -nan   7   4  11   4 307.79
   11   2018 11 12 09:55:19.524    35719.524  0.3751 31.1205 109.7705   0.00   -inf  -nan   6   4  10   4 307.79
   12   2018 11 12 10:34:20.399    38060.399  0.2558 30.7705 110.7605  12.00   -inf  -nan  10  11  21  10 109.98
   13   2018 11 12 10:39:01.051    38341.051  0.4114 30.7505 110.7805  14.00   -inf  -nan   7  12  19   6 143.65
   14   2018 11 12 12:52:50.026    46370.026  0.2356 31.1805 110.1305  12.00   -inf  -nan   3   2   5   2 140.16
   15   2018 11 12 17:49:25.878    64165.878  0.3424 31.0505 110.4505  10.00   -inf  -nan  21  14  35  14 106.33
   16   2018 11 12 20:02:05.546    72125.546  0.2860 31.0205 110.4405   6.00   -inf  -nan  10   3  13   2 110.43
   17   2018 11 12 21:15:29.090    76529.090  0.0699 31.1705 110.3505   0.00   -inf  -nan   3   2   5   2 250.72
   18   2018 11 12 21:24:10.827    77050.827  0.4831 30.9705 111.2005   0.00   -inf  -nan   3   2   5   1 243.08
   19   2018 11 12 22:06:35.479    79595.479  0.3959 31.0205 110.4405   6.00   -inf  -nan   7   6  13   6  87.12
    1   2018 11 15 00:40:25.322     2425.322  0.4161 30.8905 111.1605   6.00   -inf  -nan   3   3   6   1 228.98
    2   2018 11 15 01:35:35.467     5735.467  0.2074 30.8505 111.1305   4.00   -inf  -nan   8   6  14   5 210.25
    3   2018 11 15 01:36:02.374     5762.374  0.3305 30.8505 111.1305   4.00   -inf  -nan   6   5  11   3 210.75
    4   2018 11 15 02:26:29.210     8789.210  0.1023 30.8105 111.2805   6.00   -inf  -nan   6   3   9   3 294.33
    5   2018 11 15 03:33:44.640    12824.640  0.3899 31.1005 109.7805   2.00   -inf  -nan   5   2   7   1 269.41
    6   2018 11 15 03:37:01.027    13021.027  0.2916 31.0205 110.0605   4.00   -inf  -nan   3   2   5   1 127.55
    7   2018 11 15 03:40:25.103    13225.103  0.2842 31.2005 109.8405  14.00   -inf  -nan   8   4  12   4 311.82
    8   2018 11 15 03:43:18.373    13398.373  0.3492 31.1205 109.8405   6.00   -inf  -nan   4   4   8   3 294.62
    9   2018 11 15 03:45:54.980    13554.980  0.2854 30.9705 110.0205   0.00   -inf  -nan   9   2  11   2 124.37
   10   2018 11 15 03:47:23.554    13643.554  0.1713 30.8605 111.0505   4.00   -inf  -nan   3   2   5   1 125.10
   11   2018 11 15 04:59:46.911    17986.911  0.3308 31.3005 110.0505   2.00   -inf  -nan  13  12  25  10 259.48
   12   2018 11 15 05:46:26.238    20786.238  0.2764 30.9005 110.7205   0.00   -inf  -nan  12   6  18   6  94.62
   13   2018 11 15 07:48:59.437    28139.437  0.3847 30.9005 110.7205   0.00   -inf  -nan  11   4  15   3  94.62
   14   2018 11 15 08:28:32.453    30512.453  0.2253 30.9305 111.2005   2.00   -inf  -nan   5   2   7   2 279.86
   15   2018 11 15 09:11:33.390    33093.390  0.1599 30.8505 111.1305   4.00   -inf  -nan  11   5  16   4 210.25
   16   2018 11 15 09:47:45.427    35265.427  0.2257 30.9005 110.7205   0.00   -inf  -nan  13   3  16   3  94.62
   17   2018 11 15 11:52:40.872    42760.872  0.2437 31.1805 110.4505   6.00   -inf  -nan   3   2   5   2 206.30
   18   2018 11 15 13:00:18.246    46818.246  0.1292 31.0605 110.4405   2.00   -inf  -nan   3   3   6   2 210.58
   19   2018 11 15 17:06:21.507    61581.507  0.1315 31.0005 110.8205   0.00   -inf  -nan   7   6  13   6  80.88
   20   2018 11 15 17:44:38.307    63878.307  0.1486 31.0505 110.0705   0.00   -inf  -nan   5   3   8   2 223.65
   21   2018 11 15 18:47:03.559    67623.559  0.4510 30.9705 111.2905   0.00   -inf  -nan   4   2   6   2 308.19
   22   2018 11 15 19:25:54.346    69954.346  0.1945 30.8905 111.1205   0.00   -inf  -nan   5   3   8   2 152.93
   23   2018 11 15 23:16:46.173    83806.173  0.1836 30.8505 111.1305   4.00   -inf  -nan  12   5  17   4 210.75
    1   2018 11 16 01:49:40.363     6580.363  0.4125 31.1205 110.0005  12.00   -inf  -nan   9   3  12   3 215.71
    2   2018 11 16 02:04:20.004     7460.004  0.4950 30.8505 111.3605   2.00   -inf  -nan   7   7  14   6 318.62
    3   2018 11 16 02:11:06.484     7866.484  0.3613 30.9005 110.7205   0.00   -inf  -nan  13   5  18   5  94.62
    4   2018 11 16 02:34:56.263     9296.263  0.1094 30.7405 111.1905  14.00   -inf  -nan   3   3   6   1 298.45
    5   2018 11 16 04:11:09.172    15069.172  0.2186 30.9005 110.7205   4.00   -inf  -nan  14   3  17   3 143.19
    6   2018 11 16 04:51:11.812    17471.812  0.2615 30.9305 111.2105  10.00   -inf  -nan   7   4  11   3 292.28
    7   2018 11 16 06:35:38.891    23738.891  0.3246 30.9005 110.7205   0.00   -inf  -nan  12   6  18   6  94.62
    8   2018 11 16 07:15:17.249    26117.249  0.2093 30.8505 111.1305   6.00   -inf  -nan   9   7  16   6 210.25
    9   2018 11 16 07:25:46.866    26746.866  0.1542 31.2005 109.8405   6.00   -inf  -nan   3   2   5   1 323.76
   10   2018 11 16 07:55:08.919    28508.919  0.2077 30.8105 111.2505   2.00   -inf  -nan   5   2   7   2 309.78
   11   2018 11 16 09:08:28.776    32908.776  0.3544 30.8605 110.7205   0.00   -inf  -nan  13   4  17   4 162.95
   12   2018 11 16 09:31:50.776    34310.776  0.0669 31.2405 109.7605  12.00   -inf  -nan   3   2   5   2 337.78
   13   2018 11 16 09:44:45.843    35085.843  0.1468 30.8505 111.1305   6.00   -inf  -nan   7   6  13   4 210.25
   14   2018 11 16 11:47:56.486    42476.486  0.1175 31.2105 110.3805   0.00   -inf  -nan   6   3   9   3 210.16
   15   2018 11 16 11:51:03.761    42663.761  0.2684 31.2105 110.3005   0.00   -inf  -nan   6   2   8   2 275.22
   16   2018 11 16 14:31:53.402    52313.402  0.4030 31.1005 110.9105  20.00   -inf  -nan   4   4   8   3 186.54
   17   2018 11 16 14:44:53.853    53093.853  0.2342 30.8905 111.1305   6.00   -inf  -nan   3   2   5   2 164.15
   18   2018 11 16 18:13:41.758    65621.758  0.1993 31.3205 110.6605   6.00   -inf  -nan   4   2   6   2 275.81
   19   2018 11 16 19:01:54.456    68514.456  0.1618 30.8905 111.1305   4.00   -inf  -nan   5   2   7   2 164.15
   20   2018 11 16 22:12:16.141    79936.141  0.3719 31.0905 110.2305   0.00   -inf  -nan   5   6  11   5 155.26
   21   2018 11 16 23:19:23.826    83963.826  0.1972 30.8505 111.1305   4.00   -inf  -nan  14   5  19   5 210.25
    1   2018 11 17 02:04:26.058     7466.058  0.3530 30.9005 110.7205   2.00   -inf  -nan  13  10  23   9  94.62
    2   2018 11 17 02:18:44.793     8324.793  0.2271 30.8505 111.1305   6.00   -inf  -nan  12   9  21   8 210.25
    3   2018 11 17 02:19:27.996     8367.996  0.2735 30.8505 111.1305   4.00   -inf  -nan  11   6  17   5 210.25
    4   2018 11 17 03:41:35.748    13295.748  0.2184 31.2105 110.0705   0.00   -inf  -nan   7   4  11   4 185.34
    5   2018 11 17 05:19:57.874    19197.874  0.3793 30.9005 110.7205   0.00   -inf  -nan  16   7  23   7  94.62
    6   2018 11 17 08:21:07.677    30067.677  0.2100 30.8505 111.1305   6.00   -inf  -nan  10   8  18   6 210.25
    7   2018 11 17 08:33:20.939    30800.939  0.2257 30.8905 111.2105  10.00   -inf  -nan   4   2   6   2 298.40
    8   2018 11 17 09:29:27.758    34167.758  0.2898 30.9005 110.7205   0.00   -inf  -nan  17   9  26   9  94.62
    9   2018 11 17 10:58:44.296    39524.296  0.2553 31.0205 110.4805   8.00   -inf  -nan   4   3   7   3 144.06
   10   2018 11 17 11:58:25.013    43105.013  0.1805 30.9205 110.2505   8.00   -inf  -nan   3   3   6   3 187.45
   11   2018 11 17 12:46:26.178    45986.178  0.3351 31.0505 110.4605   8.00   -inf  -nan  18  17  35  15 109.45
   12   2018 11 17 16:34:50.589    59690.589  0.2331 31.1705 110.3005   0.00   -inf  -nan   8   3  11   3 165.54
   13   2018 11 17 16:44:08.761    60248.761  0.3261 30.9705 111.2105   0.00   -inf  -nan   5   2   7   2 260.90
   14   2018 11 17 16:57:05.854    61025.854  0.1181 31.1305 110.3005  14.00   -inf  -nan   3   2   5   2 131.46
   15   2018 11 17 22:54:10.768    82450.768  0.2641 31.1805 110.3705   0.00   -inf  -nan   3   2   5   1 189.73
    1   2018 11 18 00:20:39.875     1239.875  0.2653 31.1305 110.3005   0.00   -inf  -nan   4   2   6   2 131.46
    2   2018 11 18 01:45:36.808     6336.808  0.2244 31.2105 110.4205   6.00   -inf  -nan   4   2   6   1 272.33
    3   2018 11 18 03:10:10.327    11410.327  0.4156 30.8905 111.3605   6.00   -inf  -nan   8   7  15   4 315.72
    4   2018 11 18 04:00:09.774    14409.774  0.2493 30.8105 111.2805   6.00   -inf  -nan   8   8  16   7 287.89
    5   2018 11 18 04:01:15.932    14475.932  0.3219 30.8105 111.2805   2.00   -inf  -nan   9   8  17   6 287.89
    6   2018 11 18 04:29:52.667    16192.667  0.1385 30.8505 111.1305   4.00   -inf  -nan   8   5  13   4 210.25
    7   2018 11 18 05:19:07.517    19147.517  0.2998 31.1705 110.3805   6.00   -inf  -nan   3   3   6   1 163.23
    8   2018 11 18 06:39:15.395    23955.395  0.1480 30.8905 111.1305   4.00   -inf  -nan   5   2   7   2 164.15
    9   2018 11 18 08:10:59.802    29459.802  0.1982 30.8105 111.2405   0.00   -inf  -nan   9   6  15   5 273.09
   10   2018 11 18 08:28:33.232    30513.232  0.2103 30.8505 111.1305   6.00   -inf  -nan  11   7  18   6 210.25
   11   2018 11 18 09:05:19.865    32719.865  0.2227 30.9005 111.2905   6.00   -inf  -nan   6   2   8   1 310.29
   12   2018 11 18 09:52:13.109    35533.109  0.3361 30.9005 110.7205   0.00   -inf  -nan  16  11  27  10  94.62
   13   2018 11 18 10:13:53.936    36833.936  0.3196 31.0505 110.4505   8.00   -inf  -nan  20  18  38  16 106.33
   14   2018 11 18 10:19:59.043    37199.043  0.3748 31.2205 110.3705   0.00   -inf  -nan   5   3   8   2 263.04
   15   2018 11 18 11:17:50.458    40670.458  0.2749 31.1705 110.3005   0.00   -inf  -nan   7   2   9   2 191.55
   16   2018 11 18 11:45:17.725    42317.725  0.2257 30.9805 110.8305  18.00   -inf  -nan   4   3   7   2 114.54
   17   2018 11 18 13:46:38.677    49598.677  0.1907 31.0905 110.3405   8.00   -inf  -nan   3   3   6   3 153.81
   18   2018 11 18 14:04:33.108    50673.108  0.1415 30.8905 111.1305   2.00   -inf  -nan   5   2   7   2 164.15
   19   2018 11 18 15:34:54.612    56094.612  0.1445 31.1305 110.3005   2.00   -inf  -nan   6   2   8   1 131.46
   20   2018 11 18 16:22:17.629    58937.629  0.2147 31.2105 110.5005   0.00   -inf  -nan   4   2   6   1 235.34
   21   2018 11 18 21:44:16.566    78256.566  0.2758 31.1705 110.3005   0.00   -inf  -nan  10   4  14   4 165.54
   22   2018 11 18 21:52:46.746    78766.746  0.2645 31.1705 110.3005   0.00   -inf  -nan   9   4  13   4 191.55
   23   2018 11 18 22:37:18.936    81438.936  0.3117 31.0205 110.4805   0.00   -inf  -nan   7   5  12   5  91.96
   24   2018 11 18 23:14:50.273    83690.273  0.2813 30.8505 111.1305   4.00   -inf  -nan  12   9  21   8 210.75
    1   2018 11 19 02:42:53.039     9773.039  0.4221 30.9305 110.8005  12.00   -inf  -nan   8   5  13   5  93.59
    2   2018 11 19 03:45:13.040    13513.040  0.2296 31.1005 110.7205   0.00   -inf  -nan   4   2   6   1 172.57
    3   2018 11 19 04:05:49.906    14749.906  0.4064 31.0905 109.9505   0.00   -inf  -nan  11  10  21   7 227.09
    4   2018 11 19 04:15:25.915    15325.915  0.2882 30.9805 110.7905   8.00   -inf  -nan   6   6  12   6 150.64
    5   2018 11 19 05:20:50.922    19250.922  0.2308 31.0605 110.3005   4.00   -inf  -nan   8   4  12   3  73.79
    6   2018 11 19 06:04:53.143    21893.143  0.2862 30.9805 110.7905  10.00   -inf  -nan   5   3   8   3 150.64
    7   2018 11 19 06:08:50.470    22130.470  0.4470 31.2605 109.9705   8.00   -inf  -nan   8   4  12   3 271.66
    8   2018 11 19 07:50:38.179    28238.179  0.4022 31.1005 109.9805   0.00   -inf  -nan  11   7  18   5 219.81
    9   2018 11 19 08:01:47.118    28907.118  0.2419 30.8505 111.1305   4.00   -inf  -nan   9   4  13   3 210.75
   10   2018 11 19 08:20:58.282    30058.282  0.2259 30.8505 110.7105   8.00   -inf  -nan  13   6  19   5 167.88
   11   2018 11 19 08:33:28.264    30808.264  0.4285 30.8405 110.0105  14.00   -inf  -nan   3   2   5   2 346.26
   12   2018 11 19 09:25:35.289    33935.289  0.3739 31.1305 110.6205   0.00   -inf  -nan   3   3   6   1 227.52
   13   2018 11 19 09:33:20.256    34400.256  0.2726 30.9705 110.0305   8.00   -inf  -nan   4   2   6   1 278.99
   14   2018 11 19 09:44:16.231    35056.231  0.1971 30.8505 111.1305   6.00   -inf  -nan   6   6  12   6 210.75
   15   2018 11 19 10:30:15.610    37815.610  0.2323 31.1705 110.3405   0.00   -inf  -nan   3   2   5   2 281.77
   16   2018 11 19 11:40:36.473    42036.473  0.2685 31.1005 110.2805   8.00   -inf  -nan  13  12  25   9 192.56
   17   2018 11 19 14:18:11.428    51491.428  0.2367 31.2505 110.4705   8.00   -inf  -nan   5   2   7   1 206.69
   18   2018 11 19 16:33:55.341    59635.341  0.3609 31.1405 110.2905   0.00   -inf  -nan   6   2   8   2 138.84
   19   2018 11 19 19:13:32.654    69212.654  0.3167 31.0505 110.3105   0.00   -inf  -nan   8   8  16   7  64.02
   20   2018 11 19 19:54:25.689    71665.689  0.3353 31.0505 110.3105   0.00   -inf  -nan   3   4   7   2 127.40
   21   2018 11 19 20:17:04.430    73024.430  0.2511 30.8905 111.1305   6.00   -inf  -nan   6   4  10   4 164.15
   22   2018 11 19 20:52:22.922    75142.922  0.2737 31.0505 110.4505   8.00   -inf  -nan  18  14  32  12 106.33
   23   2018 11 19 21:32:11.830    77531.830  0.3957 31.0605 110.3005  12.00   -inf  -nan  10   7  17   7 109.36
   24   2018 11 19 21:33:42.637    77622.637  0.3237 30.9405 110.7805   6.00   -inf  -nan  12   9  21   8  92.21
   25   2018 11 19 22:02:09.332    79329.332  0.3533 31.0605 110.2505   6.00   -inf  -nan  11  10  21   9  70.41
   26   2018 11 19 22:09:26.345    79766.345  0.2750 31.1805 110.3705  12.00   -inf  -nan   3   2   5   2 244.87
   27   2018 11 19 22:22:49.901    80569.901  0.2948 31.0505 110.4605   6.00   -inf  -nan  16  13  29  11 109.45
   28   2018 11 19 23:19:09.302    83949.302  0.1905 30.8505 111.1305   6.00   -inf  -nan   8   7  15   7 210.25
    1   2018 11 20 00:42:00.667     2520.667  0.1926 30.8505 111.1305   4.00   -inf  -nan   8   5  13   5 210.25
    2   2018 11 20 01:05:46.427     3946.427  0.3902 30.8505 111.2005   8.00   -inf  -nan   7   6  13   4 250.73
    3   2018 11 20 01:13:44.423     4424.423  0.4011 31.0805 110.2905   6.00   -inf  -nan  16  16  32  13  83.70
    4   2018 11 20 03:49:17.524    13757.524  0.4085 30.9805 110.4005   0.00   -inf  -nan  11   6  17   5  82.74
    5   2018 11 20 04:55:48.437    17748.437  0.4498 31.0205 109.8605   6.00   -inf  -nan   4   2   6   2 229.57
    6   2018 11 20 05:05:38.753    18338.753  0.3248 31.1205 109.8805  10.00   -inf  -nan   3   2   5   1 283.43
    7   2018 11 20 05:50:12.249    21012.249  0.2617 31.2205 110.9905   0.00   -inf  -nan   8   2  10   1 266.94
    8   2018 11 20 07:00:09.328    25209.328  0.3045 30.8905 111.2905   6.00   -inf  -nan   4   2   6   1 310.42
    9   2018 11 20 07:05:27.374    25527.374  0.3177 30.9405 111.3305   6.00   -inf  -nan  14   9  23   8 310.27
   10   2018 11 20 07:26:27.316    26787.316  0.2760 30.8105 111.2505   2.00   -inf  -nan   5   5  10   4 309.78
   11   2018 11 20 07:27:36.154    26856.154  0.2290 30.9305 111.3605  10.00   -inf  -nan   7   5  12   5 317.82
   12   2018 11 20 07:38:54.160    27534.160  0.2925 30.9405 110.7605   4.00   -inf  -nan  12  12  24  10  77.93
   13   2018 11 20 07:39:31.017    27571.017  0.3983 31.1305 110.3105   0.00   -inf  -nan   3   2   5   1 229.80
   14   2018 11 20 07:45:34.128    27934.128  0.2502 31.2605 110.0205   4.00   -inf  -nan   3   2   5   2 268.00
   15   2018 11 20 07:52:20.367    28340.367  0.3174 31.1205 110.0405   6.00   -inf  -nan  13   5  18   5 185.39
   16   2018 11 20 08:05:58.713    29158.713  0.1124 30.8505 111.1305   4.00   -inf  -nan   5   3   8   2 210.75
   17   2018 11 20 08:42:25.076    31345.076  0.3695 30.9005 110.7205   0.00   -inf  -nan  11   9  20   9  94.62
   18   2018 11 20 09:13:34.278    33214.278  0.1713 30.8905 111.1305   6.00   -inf  -nan   5   2   7   2 164.15
   19   2018 11 20 09:25:49.685    33949.685  0.2327 30.8505 111.1305   4.00   -inf  -nan   9   7  16   7 210.25
   20   2018 11 20 09:31:23.428    34283.428  0.2045 30.8905 111.0405   2.00   -inf  -nan   6   2   8   1  98.74
   21   2018 11 20 12:08:42.657    43722.657  0.4488 31.0605 110.0205  10.00   -inf  -nan  12  10  22   8 139.93
   22   2018 11 20 12:11:44.464    43904.464  0.3627 31.0605 110.0205   8.00   -inf  -nan   7   7  14   6 192.80
   23   2018 11 20 13:57:08.305    50228.305  0.3465 31.0505 110.4305  10.00   -inf  -nan   5   6  11   4 102.66
   24   2018 11 20 14:32:09.094    52329.094  0.2085 30.8705 111.0605   6.00   -inf  -nan   3   2   5   1 155.56
   25   2018 11 20 15:46:54.240    56814.240  0.3283 31.0605 110.4605  12.00   -inf  -nan   3   2   5   2 248.32
   26   2018 11 20 16:32:01.456    59521.456  0.1700 31.1805 110.1305  12.00   -inf  -nan   3   2   5   2 140.16
   27   2018 11 20 17:25:37.744    62737.744  0.2277 30.8905 111.1605  10.00   -inf  -nan   6   3   9   3 195.54
   28   2018 11 20 17:41:49.144    63709.144  0.4938 31.1405 110.3305   0.00   -inf  -nan   4   2   6   1 156.38
   29   2018 11 20 19:50:29.353    71429.353  0.3423 31.0505 110.4605   8.00   -inf  -nan   7   6  13   5 111.60
   30   2018 11 20 20:29:42.975    73782.975  0.3038 31.0505 110.4305  10.00   -inf  -nan   7   6  13   6 102.66
   31   2018 11 20 20:37:08.749    74228.749  0.1288 30.8905 111.1305   4.00   -inf  -nan   6   2   8   2 164.15
   32   2018 11 20 20:38:57.360    74337.360  0.2840 30.8905 111.0405   2.00   -inf  -nan   5   2   7   1  98.74
   33   2018 11 20 20:57:55.069    75475.069  0.3996 31.1405 110.2905   0.00   -inf  -nan   9   4  13   3 138.84
   34   2018 11 20 22:24:01.785    80641.785  0.2588 31.1305 110.3005   0.00   -inf  -nan   6   2   8   1 131.46
   35   2018 11 20 23:14:46.076    83686.076  0.1280 30.8505 111.1305   6.00   -inf  -nan  11   6  17   6 210.25
   36   2018 11 20 23:26:39.644    84399.644  0.1172 31.0105 110.4705   0.00   -inf  -nan   7   5  12   5 135.90
    1   2018 11 21 01:39:15.620     5955.620  0.4992 31.0705 110.4805   0.00   -inf  -nan   3   5   8   2 183.55
    2   2018 11 21 02:34:07.943     9247.943  0.4340 30.9005 110.7005   6.00   -inf  -nan  11   8  19   7  99.58
    3   2018 11 21 03:53:02.251    13982.251  0.3080 31.2905 110.0705   0.00   -inf  -nan   6   3   9   3 266.72
    4   2018 11 21 04:53:31.804    17611.804  0.3728 30.9705 110.3705   8.00   -inf  -nan   6   5  11   4  88.31
    5   2018 11 21 06:41:33.730    24093.730  0.2414 30.8505 111.1305   8.00   -inf  -nan   6   6  12   6 210.75
    6   2018 11 21 06:42:31.705    24151.705  0.1957 30.8505 111.1305   4.00   -inf  -nan   8   4  12   4 210.25
    7   2018 11 21 07:31:26.728    27086.728  0.2902 31.3205 110.0405   0.00   -inf  -nan   6   3   9   2 287.14
    8   2018 11 21 07:38:39.409    27519.409  0.3056 31.3005 110.1305   2.00   -inf  -nan   7   3  10   3 250.08
    9   2018 11 21 08:17:32.554    29852.554  0.1692 30.8505 111.1305   4.00   -inf  -nan  10   3  13   3 210.25
   10   2018 11 21 09:03:52.463    32632.463  0.3263 30.9305 111.4005   8.00   -inf  -nan   8   4  12   4 320.10
   11   2018 11 21 10:39:56.367    38396.367  0.3987 30.8505 110.2505   0.00   -inf  -nan   9   5  14   5 206.50
   12   2018 11 21 11:18:04.447    40684.447  0.2470 30.9005 110.7205   0.00   -inf  -nan   9   5  14   5 100.44
   13   2018 11 21 13:11:16.055    47476.055  0.3340 30.8905 111.0405   4.00   -inf  -nan   5   2   7   2 146.75
   14   2018 11 21 13:31:10.241    48670.241  0.1693 31.0605 110.4805   2.00   -inf  -nan   5   3   8   3 175.68
   15   2018 11 21 15:22:11.032    55331.032  0.1791 30.8605 111.1705   8.00   -inf  -nan   4   3   7   2 228.63
   16   2018 11 21 16:03:19.856    57799.856  0.2873 31.0505 110.4705  14.00   -inf  -nan   8   7  15   7 113.45
   17   2018 11 21 16:24:34.273    59074.273  0.3811 31.0505 110.4505   0.00   -inf  -nan  16  15  31  13 106.33
   18   2018 11 21 16:41:10.694    60070.694  0.2244 31.2105 110.3005   2.00   -inf  -nan   3   2   5   1 275.22
   19   2018 11 21 17:23:30.291    62610.291  0.3536 31.0505 110.3005   0.00   -inf  -nan  10   8  18   8  65.42
   20   2018 11 21 17:45:12.609    63912.609  0.4475 30.8505 111.2805   2.00   -inf  -nan   4   2   6   1 314.45
   21   2018 11 21 19:09:49.285    68989.285  0.2570 30.8905 111.0405   4.00   -inf  -nan   5   2   7   1  98.74
   22   2018 11 21 20:41:01.353    74461.353  0.2215 31.0505 110.4605   8.00   -inf  -nan   5   6  11   5 157.85
   23   2018 11 21 20:41:27.465    74487.465  0.2664 31.1705 110.3405   8.00   -inf  -nan   7   3  10   3 206.23
   24   2018 11 21 21:20:28.297    76828.297  0.3903 31.1805 110.3705  10.00   -inf  -nan   5   2   7   2 244.87
   25   2018 11 21 23:29:13.456    84553.456  0.1836 30.8505 111.1305   4.00   -inf  -nan   8   6  14   6 210.25
   26   2018 11 21 23:47:59.122    85679.122  0.1715 30.8505 111.1305   2.00   -inf  -nan  11   7  18   7 210.25
    1   2018 11 22 02:49:23.077    10163.077  0.3545 30.9005 110.7205   0.00   -inf  -nan  12  10  22   9  94.62
    2   2018 11 22 03:33:53.540    12833.540  0.2809 31.2405 110.0405   6.00   -inf  -nan   5   5  10   3 237.39
    3   2018 11 22 03:44:28.353    13468.353  0.3723 31.2405 110.8205   0.00   -inf  -nan  13   7  20   6 254.73
    4   2018 11 22 04:48:50.248    17330.248  0.1456 30.9305 110.7605   0.00   -inf  -nan   3   3   6   2 176.71
    5   2018 11 22 06:32:33.649    23553.649  0.2478 30.8105 111.2505   6.00   -inf  -nan   6   5  11   3 283.67
    6   2018 11 22 06:54:30.229    24870.229  0.4413 31.2005 110.2905  20.00   -inf  -nan   3   2   5   1 178.35
    7   2018 11 22 07:10:52.162    25852.162  0.3620 30.9005 110.7205   0.00   -inf  -nan   5   7  12   5 141.36
    8   2018 11 22 07:38:29.360    27509.360  0.2716 31.0205 110.4405   6.00   -inf  -nan  11   9  20   8 130.28
    9   2018 11 22 07:40:32.003    27632.003  0.1261 30.8505 111.1305   6.00   -inf  -nan   8   3  11   3 210.25
   10   2018 11 22 07:45:49.982    27949.982  0.2790 31.1805 110.2905  10.00   -inf  -nan   3   2   5   2 183.58
   11   2018 11 22 09:53:12.217    35592.217  0.2035 30.8505 111.1305   6.00   -inf  -nan  10   6  16   6 210.25
   12   2018 11 22 12:19:19.046    44359.046  0.2272 31.1305 110.4605   6.00   -inf  -nan   3   2   5   2 315.35
   13   2018 11 22 13:11:28.253    47488.253  0.1715 30.8905 111.1305   4.00   -inf  -nan   5   2   7   2 164.15
   14   2018 11 22 13:55:12.323    50112.323  0.3021 31.0505 110.4605   0.00   -inf  -nan  10   9  19   9 111.60
   15   2018 11 22 14:35:18.363    52518.363  0.3681 31.0305 110.4805   4.00   -inf  -nan  13   7  20   4  98.79
   16   2018 11 22 15:27:03.859    55623.859  0.3739 31.0505 110.4605   4.00   -inf  -nan   9   8  17   8 111.60
   17   2018 11 22 16:59:55.654    61195.654  0.2393 30.7805 110.7705  10.00   -inf  -nan   7  10  17   7 110.23
   18   2018 11 22 17:01:40.663    61300.663  0.1482 30.7805 110.7705   8.00   -inf  -nan   6   5  11   5 116.19
   19   2018 11 22 17:03:25.459    61405.459  0.0421 30.7805 110.7605   8.00   -inf  -nan   3   3   6   2 124.85
   20   2018 11 22 21:56:19.024    78979.024  0.4105 31.1405 110.2905   0.00   -inf  -nan   7   2   9   2 138.84
   21   2018 11 22 23:12:54.821    83574.821  0.2222 30.8505 111.1305   6.00   -inf  -nan   6   6  12   5 210.25
   22   2018 11 22 23:17:50.051    83870.051  0.1487 30.8505 111.1305   6.00   -inf  -nan   9   4  13   4 210.25
    1   2018 11 23 01:03:39.000     3819.000  0.3835 31.0905 110.2705   0.00   -inf  -nan   8   5  13   4 117.39
    2   2018 11 23 02:14:33.360     8073.360  0.2356 30.9005 111.3105   6.00   -inf  -nan   5   2   7   2 311.62
    3   2018 11 23 03:22:29.185    12149.185  0.2635 31.0905 110.2305   6.00   -inf  -nan   3   5   8   3 171.64
    4   2018 11 23 03:33:30.224    12810.224  0.2819 31.0605 109.8205  16.00   -inf  -nan   3   2   5   2 267.73
    5   2018 11 23 06:33:01.234    23581.234  0.2629 31.0605 110.3205  10.00   -inf  -nan   3   4   7   3 218.32
    6   2018 11 23 07:19:16.272    26356.272  0.2033 30.8105 111.2405   6.00   -inf  -nan   5   3   8   3 279.73
    7   2018 11 23 07:25:17.339    26717.339  0.1744 30.8505 111.1305   4.00   -inf  -nan   8   4  12   4 210.25
    8   2018 11 23 08:02:44.901    28964.901  0.3253 31.1305 109.9905   6.00   -inf  -nan  12   5  17   4 280.93
    9   2018 11 23 08:57:03.414    32223.414  0.1443 30.8505 111.1305   6.00   -inf  -nan   8   7  15   6 210.25
   10   2018 11 23 09:34:00.528    34440.528  0.1186 30.9005 110.7205   0.00   -inf  -nan   4   3   7   2 150.46
   11   2018 11 23 12:50:01.299    46201.299  0.1519 31.0605 110.4805  14.00   -inf  -nan   4   2   6   2 217.29
   12   2018 11 23 13:29:02.741    48542.741  0.2638 30.8605 111.0305   0.00   -inf  -nan   4   2   6   1 125.54
   13   2018 11 23 14:44:36.314    53076.314  0.2880 31.0605 110.4805   0.00   -inf  -nan   3   3   6   2 237.51
   14   2018 11 23 16:29:30.750    59370.750  0.2527 31.1705 110.3405   0.00   -inf  -nan   3   2   5   2 281.77
   15   2018 11 23 18:29:29.361    66569.361  0.2414 31.1705 110.2705   0.00   -inf  -nan   5   2   7   2 277.18
   16   2018 11 23 19:41:25.519    70885.519  0.0947 31.0005 109.9605   2.00   -inf  -nan   6   2   8   1 162.28
   17   2018 11 23 22:25:30.643    80730.643  0.3624 31.0305 110.5605   6.00   -inf  -nan  18  17  35  15  80.53
   18   2018 11 23 23:15:19.534    83719.534  0.2283 30.8505 111.1305   4.00   -inf  -nan  11   4  15   4 210.25
    1   2018 11 24 01:17:33.107     4653.107  0.3415 31.0505 110.4605   4.00   -inf  -nan  10  11  21   7 109.45
    2   2018 11 24 01:48:34.226     6514.226  0.2706 30.9005 110.7205   4.00   -inf  -nan  15   6  21   6  94.62
    3   2018 11 24 02:56:57.139    10617.139  0.3183 31.2905 110.0305   6.00   -inf  -nan   4   4   8   4 278.47
    4   2018 11 24 03:56:08.013    14168.013  0.3781 31.0105 109.8305  10.00   -inf  -nan   3   3   6   1 246.07
    5   2018 11 24 03:57:03.468    14223.468  0.4050 31.0205 109.8205   4.00   -inf  -nan   7   7  14   6 250.36
    6   2018 11 24 04:03:43.912    14623.912  0.3891 31.0705 110.4805   0.00   -inf  -nan   6   4  10   3 183.55
    7   2018 11 24 04:05:51.574    14751.574  0.2946 31.0205 109.7805   6.00   -inf  -nan   7   2   9   1 267.00
    8   2018 11 24 04:06:45.198    14805.198  0.2360 31.0105 111.2405   0.00   -inf  -nan   9   2  11   2 282.31
    9   2018 11 24 04:18:20.270    15500.270  0.2210 30.8505 111.1305   4.00   -inf  -nan  11   7  18   6 210.25
   10   2018 11 24 04:19:05.348    15545.348  0.1983 30.8505 111.1305   4.00   -inf  -nan  10   5  15   5 210.25
   11   2018 11 24 07:01:13.483    25273.483  0.3093 31.2005 109.8805   8.00   -inf  -nan   4   2   6   2 269.34
   12   2018 11 24 07:49:26.860    28166.860  0.1479 30.8505 111.1305   8.00   -inf  -nan   6   5  11   5 210.75
   13   2018 11 24 07:57:52.406    28672.406  0.3720 31.1205 110.0505   0.00   -inf  -nan  17  12  29  10 293.73
   14   2018 11 24 08:20:07.266    30007.266  0.2686 31.3205 110.0405   0.00   -inf  -nan  11   4  15   4 280.06
   15   2018 11 24 08:26:07.654    30367.654  0.3898 31.1205 110.0405   6.00   -inf  -nan  11   4  15   4 185.39
   16   2018 11 24 08:45:57.849    31557.849  0.3579 31.2505 110.3105   0.00   -inf  -nan   7   3  10   1 244.14
   17   2018 11 24 09:14:13.872    33253.872  0.4157 31.1605 109.8805   6.00   -inf  -nan   3   3   6   2 252.68
   18   2018 11 24 09:20:07.576    33607.576  0.4030 31.2005 109.8805  10.00   -inf  -nan   4   2   6   2 269.34
   19   2018 11 24 10:25:58.396    37558.396  0.3570 30.9805 110.7805   2.00   -inf  -nan  17   5  22   5  61.61
   20   2018 11 24 10:45:16.191    38716.191  0.4926 31.2405 110.0805   0.00   -inf  -nan   3   2   5   1 218.17
   21   2018 11 24 12:27:16.899    44836.899  0.1558 31.1605 109.8005   2.00   -inf  -nan   4   2   6   2 275.26
   22   2018 11 24 14:07:34.318    50854.318  0.3588 30.7905 110.7405   8.00   -inf  -nan   6   6  12   6 113.97
   23   2018 11 24 15:33:11.368    55991.368  0.3031 31.0505 110.1505   0.00   -inf  -nan   6   4  10   3 204.15
   24   2018 11 24 18:13:28.841    65608.841  0.1762 30.8905 111.1305   6.00   -inf  -nan   6   2   8   2 164.15
   25   2018 11 24 18:37:29.238    67049.238  0.2425 30.9305 111.0805   2.00   -inf  -nan   3   2   5   1 285.47
   26   2018 11 24 19:05:07.229    68707.229  0.2717 30.7005 110.9305  10.00   -inf  -nan   8   8  16   5 227.80
   27   2018 11 24 21:08:57.091    76137.091  0.3193 31.1705 110.3005   2.00   -inf  -nan   5   5  10   5 178.20
   28   2018 11 24 23:18:20.373    83900.373  0.2902 30.8505 111.1305   6.00   -inf  -nan  13   6  19   6 210.25
    1   2018 11 25 00:54:28.424     3268.424  0.2660 30.8505 111.1305   4.00   -inf  -nan   7   7  14   7 210.75
    2   2018 11 25 00:55:06.615     3306.615  0.2602 30.8505 111.1305   8.00   -inf  -nan   7   7  14   5 210.25
    3   2018 11 25 01:47:44.517     6464.517  0.1406 30.8105 111.2505  14.00   -inf  -nan   4   5   9   4 309.78
    4   2018 11 25 02:34:02.243     9242.243  0.3531 31.0905 110.1905   0.00   -inf  -nan   5   4   9   1 117.80
    5   2018 11 25 03:27:21.721    12441.721  0.2853 31.3405 110.0905   4.00   -inf  -nan   3   4   7   3 290.68
    6   2018 11 25 04:03:07.339    14587.339  0.1684 31.2105 110.0705   0.00   -inf  -nan   7   2   9   2 185.34
    7   2018 11 25 04:19:41.094    15581.094  0.2276 30.9705 111.2805   6.00   -inf  -nan  12   5  17   5 300.07
    8   2018 11 25 04:24:18.687    15858.687  0.4162 30.9805 110.4005   0.00   -inf  -nan   6   3   9   2  87.50
    9   2018 11 25 04:56:19.552    17779.552  0.4736 31.0205 110.4405   6.00   -inf  -nan   6   4  10   3 121.53
   10   2018 11 25 05:24:29.590    19469.590  0.3486 30.6305 110.7805   8.00   -inf  -nan   7   5  12   5 285.04
   11   2018 11 25 06:34:30.011    23670.011  0.2681 30.9005 110.7205   0.00   -inf  -nan  12   7  19   7  94.62
   12   2018 11 25 07:29:41.076    26981.076  0.2420 30.8205 111.2505  18.00   -inf  -nan   5   3   8   3 283.29
   13   2018 11 25 09:07:41.238    32861.238  0.2253 30.9905 110.7205   8.00   -inf  -nan   5   7  12   3 119.19
   14   2018 11 25 09:15:31.182    33331.182  0.3889 30.7805 110.9305   4.00   -inf  -nan   8   6  14   6 157.56
   15   2018 11 25 09:51:31.663    35491.663  0.2851 31.1605 109.7705  20.00   -inf  -nan   4   2   6   2 313.68
   16   2018 11 25 10:04:13.427    36253.427  0.2936 30.8305 110.9405   0.00   -inf  -nan   8   4  12   3 108.73
   17   2018 11 25 14:16:33.091    51393.091  0.3970 30.9705 110.1905   0.00   -inf  -nan   9   4  13   3  90.63
   18   2018 11 25 15:23:11.360    55391.360  0.1937 31.1705 110.3005   0.00   -inf  -nan   8   2  10   2 165.54
   19   2018 11 25 17:49:58.017    64198.017  0.3488 31.0505 110.4505   8.00   -inf  -nan  13   9  22   8 109.19
   20   2018 11 25 21:57:07.674    79027.674  0.1453 31.1705 110.3805   4.00   -inf  -nan   3   2   5   2 265.54
    1   2018 11 26 00:43:26.691     2606.691  0.3488 31.0205 110.4405   2.00   -inf  -nan   7   7  14   3  90.01
    2   2018 11 26 02:03:06.063     7386.063  0.1846 30.8505 111.1305   6.00   -inf  -nan   7   7  14   6 210.25
    3   2018 11 26 02:03:31.598     7411.598  0.1610 30.8505 111.1305   6.00   -inf  -nan   6   6  12   5 210.25
    4   2018 11 26 02:33:23.533     9203.533  0.3964 31.1005 109.8105   6.00   -inf  -nan   8   4  12   3 259.66
    5   2018 11 26 02:37:13.150     9433.150  0.2246 31.1605 109.8405  12.00   -inf  -nan   6   3   9   3 303.60
    6   2018 11 26 02:41:36.459     9696.459  0.2432 30.9305 111.3305   0.00   -inf  -nan   7   2   9   2 314.90
    7   2018 11 26 02:45:45.909     9945.909  0.4252 30.9005 110.9905  20.00   -inf  -nan   3   2   5   1 282.17
    8   2018 11 26 03:05:53.083    11153.083  0.1552 30.8505 111.1305   6.00   -inf  -nan   7   7  14   6 210.25
    9   2018 11 26 03:06:42.978    11202.978  0.1924 30.8305 111.1405   2.00   -inf  -nan   7   4  11   4 223.39
   10   2018 11 26 03:32:13.526    12733.526  0.1569 30.8905 111.4005  14.00   -inf  -nan   4   4   8   3 327.85
   11   2018 11 26 03:34:18.498    12858.498  0.4236 31.2805 110.8205   0.00   -inf  -nan   3   2   5   2 300.15
   12   2018 11 26 04:45:22.835    17122.835  0.3454 30.9705 110.3705   8.00   -inf  -nan   9   6  15   5  88.31
   13   2018 11 26 05:44:03.219    20643.219  0.2875 31.1605 109.8005   0.00   -inf  -nan   3   5   8   3 309.90
   14   2018 11 26 05:53:57.191    21237.191  0.3080 31.1205 109.8805  10.00   -inf  -nan   4   3   7   2 236.66
   15   2018 11 26 06:39:22.044    23962.044  0.4646 31.1205 110.0405   6.00   -inf  -nan  12   6  18   5 185.39
   16   2018 11 26 06:54:43.456    24883.456  0.2983 30.8305 110.7805   6.00   -inf  -nan   9   7  16   6  87.86
   17   2018 11 26 07:20:40.503    26440.503  0.4176 30.8205 110.7605   0.00   -inf  -nan   9   9  18   6  91.81
   18   2018 11 26 07:31:06.452    27066.452  0.3183 30.8605 111.2705  14.00   -inf  -nan   6   3   9   3 292.87
   19   2018 11 26 07:50:31.946    28231.946  0.2170 31.1805 110.1305  12.00   -inf  -nan   3   2   5   2 140.16
   20   2018 11 26 11:48:46.827    42526.827  0.1606 30.8505 111.2105  10.00   -inf  -nan   3   2   5   1 260.19
   21   2018 11 26 12:14:32.150    44072.150  0.2402 30.9205 110.2505   6.00   -inf  -nan   4   4   8   4 173.05
   22   2018 11 26 12:41:24.578    45684.578  0.2614 30.9205 110.2505   4.00   -inf  -nan   5   5  10   5 173.05
   23   2018 11 26 14:04:01.720    50641.720  0.1954 31.1205 109.8005   0.00   -inf  -nan   3   2   5   2 324.28
   24   2018 11 26 14:46:22.843    53182.843  0.2769 31.0505 110.4605   8.00   -inf  -nan   7   6  13   6 111.60
   25   2018 11 26 15:02:38.961    54158.961  0.2240 30.9205 110.2505   4.00   -inf  -nan   6   6  12   6 173.05
   26   2018 11 26 15:52:22.305    57142.305  0.2210 31.1705 110.3005   0.00   -inf  -nan   5   2   7   2 261.29
   27   2018 11 26 19:47:28.943    71248.943  0.0358 31.1205 109.8405   2.00   -inf  -nan   3   2   5   2 317.97
   28   2018 11 26 20:01:59.297    72119.297  0.1535 30.8905 111.1305   4.00   -inf  -nan   8   2  10   2 164.15
   29   2018 11 26 21:51:39.943    78699.943  0.3965 30.7505 110.7805   8.00   -inf  -nan  19  18  37  17 143.65
   30   2018 11 26 21:53:33.493    78813.493  0.3617 30.7505 110.7805   8.00   -inf  -nan  12  13  25  12 143.65
   31   2018 11 26 22:48:19.221    82099.221  0.3576 31.0505 110.4605  10.00   -inf  -nan   9  10  19   9 111.60
   32   2018 11 26 23:06:02.430    83162.430  0.2829 30.7305 110.8005  10.00   -inf  -nan   4   3   7   3 182.42
   33   2018 11 26 23:17:41.623    83861.623  0.2300 30.8505 111.1305   4.00   -inf  -nan   8   3  11   3 210.25
    1   2018 11 27 00:32:20.693     1940.693  0.1810 30.9005 110.7205   6.00   -inf  -nan   9   2  11   2 100.44
    2   2018 11 27 00:37:39.782     2259.782  0.3330 30.9105 110.8205   6.00   -inf  -nan  15  14  29  14  67.00
    3   2018 11 27 00:38:59.961     2339.961  0.2794 30.9105 110.8205   2.00   -inf  -nan  11  12  23  11  81.74
    4   2018 11 27 01:32:38.435     5558.435  0.2033 30.7505 110.7805  10.00   -inf  -nan   4   4   8   3 148.80
    5   2018 11 27 02:07:30.069     7650.069  0.1735 30.8505 111.1305   6.00   -inf  -nan  11   4  15   4 210.25
    6   2018 11 27 02:07:54.771     7674.771  0.1771 30.8505 111.1305   6.00   -inf  -nan   6   3   9   3 210.75
    7   2018 11 27 03:16:28.941    11788.941  0.2892 30.9005 110.7205   6.00   -inf  -nan  14   9  23   8  94.62
    8   2018 11 27 03:31:00.024    12660.024  0.1466 30.9705 111.4005   6.00   -inf  -nan   6   2   8   1 321.86
    9   2018 11 27 04:19:12.201    15552.201  0.3270 30.8705 110.9005   0.00   -inf  -nan  15   5  20   5  67.10
   10   2018 11 27 04:25:06.781    15906.781  0.2666 30.7405 110.8005  10.00   -inf  -nan   8  10  18   8 169.14
   11   2018 11 27 04:28:21.751    16101.751  0.3232 31.1205 109.8805   0.00   -inf  -nan   5   4   9   4 283.43
   12   2018 11 27 04:34:25.239    16465.239  0.4658 30.8305 110.7405   2.00   -inf  -nan   4   3   7   3 218.05
   13   2018 11 27 04:35:29.516    16529.516  0.2463 31.1205 109.8805   0.00   -inf  -nan   5   5  10   5 283.43
   14   2018 11 27 04:44:44.571    17084.571  0.2475 31.2005 109.8405  14.00   -inf  -nan   5   3   8   3 311.82
   15   2018 11 27 04:47:47.218    17267.218  0.2555 30.9805 110.8005   6.00   -inf  -nan   6   4  10   4 208.36
   16   2018 11 27 06:02:10.074    21730.074  0.3516 31.2005 110.0505   4.00   -inf  -nan   7   5  12   4 172.61
   17   2018 11 27 08:50:59.900    31859.900  0.3140 30.8505 111.1305   6.00   -inf  -nan   7   5  12   4 210.25
   18   2018 11 27 09:12:28.965    33148.965  0.4292 30.9305 111.0105  20.00   -inf  -nan   4   2   6   1 161.53
   19   2018 11 27 09:23:14.137    33794.137  0.4387 31.1205 109.7705  12.00   -inf  -nan   6   3   9   3 307.79
   20   2018 11 27 10:03:21.635    36201.635  0.1432 30.8505 111.1305   4.00   -inf  -nan   8   5  13   5 210.25
   21   2018 11 27 14:47:57.879    53277.879  0.2110 31.0605 110.4805   0.00   -inf  -nan   3   3   6   2 175.68
   22   2018 11 27 15:24:00.019    55440.019  0.3029 31.0205 110.4805  10.00   -inf  -nan   3   2   5   2 163.04
   23   2018 11 27 16:27:13.586    59233.586  0.4471 30.9405 111.2105   8.00   -inf  -nan   4   2   6   1 282.80
   24   2018 11 27 16:52:52.821    60772.821  0.2896 31.0905 110.3805   4.00   -inf  -nan   5   5  10   4 106.78
   25   2018 11 27 18:04:43.971    65083.971  0.1581 30.8905 111.1305   4.00   -inf  -nan   5   2   7   2 164.15
   26   2018 11 27 18:39:45.426    67185.426  0.2238 31.2105 110.3405   0.00   -inf  -nan   4   2   6   1 226.84
   27   2018 11 27 18:44:22.313    67462.313  0.3367 31.1705 110.2705   0.00   -inf  -nan   4   3   7   2 159.72
   28   2018 11 27 20:34:41.677    74081.677  0.4482 31.0205 110.4405   6.00   -inf  -nan  13  12  25  10  87.12
   29   2018 11 27 20:50:44.112    75044.112  0.3079 30.9405 110.5405   8.00   -inf  -nan   3   3   6   3 166.31
   30   2018 11 27 20:52:51.613    75171.613  0.2955 31.0505 110.4605  12.00   -inf  -nan   6   3   9   3 111.60
   31   2018 11 27 20:56:12.810    75372.810  0.1629 31.1705 110.3505   0.00   -inf  -nan   4   2   6   2 232.44
   32   2018 11 27 21:05:34.601    75934.601  0.3809 31.0505 110.4605   2.00   -inf  -nan  11  10  21   9 111.60
   33   2018 11 27 22:12:24.626    79944.626  0.1856 31.1805 110.1305  12.00   -inf  -nan   3   2   5   2 140.16
   34   2018 11 27 23:17:14.721    83834.721  0.3555 30.8605 111.1505   4.00   -inf  -nan  13   9  22   8 215.32
   35   2018 11 27 23:37:18.266    85038.266  0.1789 30.8505 111.1305   4.00   -inf  -nan  17   6  23   6 210.25
    1   2018 11 28 00:32:36.550     1956.550  0.2727 31.1405 110.3705  16.00   -inf  -nan   3   2   5   2 202.17
    2   2018 11 28 02:43:04.442     9784.442  0.3727 30.8505 111.3205   2.00   -inf  -nan   6   3   9   2 306.80
    3   2018 11 28 03:23:20.851    12200.851  0.1377 30.8605 111.1305   8.00   -inf  -nan   4   2   6   2 282.99
    4   2018 11 28 04:06:04.654    14764.654  0.3523 31.0805 109.8405  12.00   -inf  -nan   8   4  12   3 289.41
    5   2018 11 28 04:07:59.476    14879.476  0.4490 31.0205 109.7805   8.00   -inf  -nan   8   3  11   2 267.00
    6   2018 11 28 04:18:45.830    15525.830  0.2804 31.0805 109.8505  14.00   -inf  -nan   7   3  10   3 286.81
    7   2018 11 28 04:22:15.158    15735.158  0.2634 31.0905 109.9305  14.00   -inf  -nan   7   3  10   2 259.02
    8   2018 11 28 04:41:49.315    16909.315  0.2099 31.1305 110.3105   6.00   -inf  -nan   3   2   5   1 134.51
    9   2018 11 28 04:53:58.885    17638.885  0.3105 31.3205 110.0805   2.00   -inf  -nan   4   2   6   2 276.75
   10   2018 11 28 05:18:25.084    19105.084  0.1620 31.1605 109.8405   8.00   -inf  -nan   4   2   6   1 315.17
   11   2018 11 28 05:28:27.718    19707.718  0.2169 31.2205 110.9905  10.00   -inf  -nan   6   4  10   4 289.44
   12   2018 11 28 07:06:13.749    25573.749  0.1904 30.8105 111.2505   8.00   -inf  -nan   4   4   8   3 309.78
   13   2018 11 28 07:12:32.685    25952.685  0.3874 31.0205 110.1405   0.00   -inf  -nan  13   3  16   3 182.32
   14   2018 11 28 07:21:35.711    26495.711  0.3489 30.8905 111.0905   2.00   -inf  -nan   8   2  10   2 216.17
   15   2018 11 28 07:35:34.951    27334.951  0.3195 30.8205 111.2505   4.00   -inf  -nan   9   5  14   5 283.29
   16   2018 11 28 07:47:42.957    28062.957  0.2678 30.9005 110.7205   8.00   -inf  -nan  14  10  24  10  94.62
   17   2018 11 28 08:28:10.457    30490.457  0.2702 30.8505 111.1705   6.00   -inf  -nan   6   6  12   5 291.45
   18   2018 11 28 08:30:02.689    30602.689  0.3269 30.7105 110.4605   0.00   -inf  -nan   3   2   5   1 260.23
   19   2018 11 28 09:17:34.442    33454.442  0.2599 30.8505 111.1305   4.00   -inf  -nan  14   9  23   9 210.25
   20   2018 11 28 09:49:29.990    35369.990  0.3392 30.9005 110.0405  20.00   -inf  -nan   3   2   5   2 189.61
   21   2018 11 28 10:01:08.035    36068.035  0.2561 30.8905 111.0405   4.00   -inf  -nan   5   2   7   1  98.74
   22   2018 11 28 10:19:56.825    37196.825  0.4022 31.0305 110.5605   6.00   -inf  -nan  16  14  30  12  80.53
   23   2018 11 28 11:13:55.422    40435.422  0.3247 30.7805 110.9305   2.00   -inf  -nan   5   4   9   3 192.08
   24   2018 11 28 11:59:35.374    43175.374  0.1507 30.8905 111.1305   4.00   -inf  -nan   4   2   6   1 164.15
   25   2018 11 28 15:59:50.450    57590.450  0.2326 30.8505 111.1305   8.00   -inf  -nan   6   3   9   3 210.75
   26   2018 11 28 18:47:11.240    67631.240  0.3394 31.1705 110.2705   0.00   -inf  -nan   3   3   6   2 252.47
   27   2018 11 28 19:02:15.167    68535.167  0.3272 31.0205 110.4405   4.00   -inf  -nan  11   4  15   4  87.12
   28   2018 11 28 19:51:33.718    71493.718  0.3306 31.0505 110.4605   4.00   -inf  -nan  13  13  26  12 111.60
   29   2018 11 28 20:53:33.946    75213.946  0.3228 31.0505 110.4605   4.00   -inf  -nan  14  11  25  11 109.45
   30   2018 11 28 21:43:29.908    78209.908  0.2979 31.0305 110.4405   8.00   -inf  -nan   7   7  14   6  92.86
   31   2018 11 28 21:45:09.418    78309.418  0.2615 31.1605 110.3205   0.00   -inf  -nan   6   2   8   2 188.91
   32   2018 11 28 23:16:25.970    83785.970  0.2154 30.8505 111.1305   4.00   -inf  -nan  13   5  18   5 210.25
    1   2018 11 29 01:43:03.697     6183.697  0.3061 30.8505 111.2505   8.00   -inf  -nan   6   5  11   4 284.34
    2   2018 11 29 01:54:05.568     6845.568  0.4203 30.8505 111.2405  12.00   -inf  -nan   5   5  10   3 278.91
    3   2018 11 29 02:17:09.862     8229.862  0.2123 30.8505 111.1305   4.00   -inf  -nan  10   6  16   6 210.25
    4   2018 11 29 03:19:52.431    11992.431  0.4362 31.3005 110.8305   0.00   -inf  -nan  15   7  22   7 255.64
    5   2018 11 29 03:28:45.973    12525.973  0.3532 31.0205 110.3005   4.00   -inf  -nan  10  10  20   7  67.73
    6   2018 11 29 03:38:35.414    13115.414  0.3319 30.8605 110.8605   0.00   -inf  -nan   3   2   5   1 158.00
    7   2018 11 29 04:12:18.464    15138.464  0.3391 31.1805 110.2505   4.00   -inf  -nan   5   2   7   2 163.83
    8   2018 11 29 04:20:14.586    15614.586  0.3419 30.7805 110.9305   4.00   -inf  -nan   9   4  13   4 157.56
    9   2018 11 29 04:26:48.235    16008.235  0.4304 30.9705 110.3705   4.00   -inf  -nan   7   5  12   4  88.31
   10   2018 11 29 06:03:21.628    21801.628  0.2453 30.8505 111.1305   4.00   -inf  -nan  10   6  16   5 210.25
   11   2018 11 29 06:25:56.999    23156.999  0.1618 31.0605 110.3605   2.00   -inf  -nan   3   2   5   2 235.35
   12   2018 11 29 07:06:26.196    25586.196  0.1350 30.8905 111.3605   8.00   -inf  -nan   7   3  10   2 315.72
   13   2018 11 29 07:29:52.870    26992.870  0.3722 30.8205 110.9705   4.00   -inf  -nan   7   5  12   5 146.73
   14   2018 11 29 09:04:24.967    32664.967  0.2053 30.8505 111.1305   4.00   -inf  -nan   6   5  11   5 210.25
   15   2018 11 29 09:59:11.454    35951.454  0.2806 31.0605 110.8205   4.00   -inf  -nan  17  15  32  14 109.59
   16   2018 11 29 11:26:03.796    41163.796  0.3741 30.7005 110.5005   0.00   -inf  -nan   5   7  12   4 262.62
   17   2018 11 29 12:13:40.960    44020.960  0.2166 30.9205 110.2505   8.00   -inf  -nan   9  10  19   9 152.96
   18   2018 11 29 14:20:45.879    51645.879  0.2279 30.8505 111.0405   4.00   -inf  -nan   4   2   6   1 142.83
   19   2018 11 29 15:46:57.431    56817.431  0.3103 30.7505 110.7805  14.00   -inf  -nan  12  14  26  10 143.65
   20   2018 11 29 17:20:30.835    62430.835  0.1774 30.8905 111.1305   4.00   -inf  -nan   6   3   9   3 164.15
   21   2018 11 29 17:28:53.606    62933.606  0.0801 31.0905 110.2705   6.00   -inf  -nan   3   4   7   2 206.57
   22   2018 11 29 18:42:52.590    67372.590  0.2419 30.8505 111.1305   8.00   -inf  -nan   6   4  10   4 210.75
   23   2018 11 29 19:27:25.217    70045.217  0.1833 30.8905 111.1305   6.00   -inf  -nan   6   3   9   3 164.15
   24   2018 11 29 22:04:03.238    79443.238  0.3616 31.0505 110.4605   6.00   -inf  -nan  15  13  28  11 109.45
   25   2018 11 29 22:05:12.310    79512.310  0.1300 31.0305 110.4805  14.00   -inf  -nan   4   3   7   3 131.27
   26   2018 11 29 23:11:48.844    83508.844  0.2107 30.8505 111.1305   6.00   -inf  -nan  11   4  15   4 210.25
   27   2018 11 29 23:25:20.904    84320.904  0.2570 31.1605 110.1205  16.00   -inf  -nan   3   2   5   2 151.27
   28   2018 11 29 23:27:04.010    84424.010  0.2326 30.8505 111.1305   2.00   -inf  -nan   8   5  13   5 210.25
    1   2018 11 30 02:01:30.311     7290.311  0.3131 30.9005 110.7205   0.00   -inf  -nan  14   9  23   9  94.62
    2   2018 11 30 03:09:22.976    11362.976  0.4231 31.1405 110.8705   4.00   -inf  -nan  14   8  22   7 202.61
    3   2018 11 30 03:33:07.134    12787.134  0.3085 30.9305 111.4005   6.00   -inf  -nan   6   3   9   3 321.20
    4   2018 11 30 03:35:14.468    12914.468  0.2360 30.9305 111.3605  12.00   -inf  -nan   4   2   6   2 320.89
    5   2018 11 30 03:39:24.268    13164.268  0.3389 31.0205 109.7805   8.00   -inf  -nan   8   4  12   3 267.00
    6   2018 11 30 03:45:53.525    13553.525  0.2411 30.8405 110.2905   2.00   -inf  -nan   5   5  10   5 198.69
    7   2018 11 30 03:47:24.343    13644.343  0.2281 31.2005 109.8405   8.00   -inf  -nan   3   2   5   1 279.91
    8   2018 11 30 03:51:01.363    13861.363  0.3930 31.0205 109.7805   6.00   -inf  -nan   9   5  14   4 267.00
    9   2018 11 30 03:55:45.112    14145.112  0.4024 30.9705 110.3705   4.00   -inf  -nan  13   8  21   5  88.31
   10   2018 11 30 04:29:27.160    16167.160  0.1812 31.2205 110.0505   4.00   -inf  -nan  10   3  13   3 205.54
   11   2018 11 30 06:14:55.569    22495.569  0.3075 31.0205 110.6405   0.00   -inf  -nan   3   2   5   2 328.08
   12   2018 11 30 06:17:05.053    22625.053  0.3601 31.1405 110.3705   0.00   -inf  -nan  11   7  18   4 147.03
   13   2018 11 30 06:35:46.861    23746.861  0.2988 30.7405 110.8905   2.00   -inf  -nan   5   3   8   2 199.16
   14   2018 11 30 07:21:41.042    26501.042  0.3075 30.8105 111.2805  12.00   -inf  -nan   5   2   7   2 287.89
   15   2018 11 30 07:40:04.593    27604.593  0.2932 30.9005 110.7205   0.00   -inf  -nan   9   8  17   7 100.44
   16   2018 11 30 07:51:28.100    28288.100  0.1247 30.8105 111.2505  10.00   -inf  -nan   5   2   7   2 303.18
   17   2018 11 30 08:02:21.661    28941.661  0.2271 30.8505 111.1305   4.00   -inf  -nan  11   7  18   6 210.25
   18   2018 11 30 08:08:32.683    29312.683  0.1831 30.8705 111.1005   4.00   -inf  -nan   6   5  11   4 148.55
   19   2018 11 30 09:34:24.127    34464.127  0.2113 30.8505 111.1305   2.00   -inf  -nan  12   5  17   5 210.25
   20   2018 11 30 10:32:39.517    37959.517  0.3250 31.0105 110.7505  12.00   -inf  -nan   4   7  11   4 134.10
   21   2018 11 30 11:27:22.756    41242.756  0.1882 30.9005 111.1305   4.00   -inf  -nan   5   2   7   2 150.86
   22   2018 11 30 17:30:43.328    63043.328  0.1929 31.1705 110.3405   0.00   -inf  -nan   4   2   6   2 194.95
   23   2018 11 30 20:46:09.607    74769.607  0.2126 31.1705 110.3405  10.00   -inf  -nan   5   2   7   2 206.23
   24   2018 11 30 23:17:31.473    83851.473  0.1722 30.8505 111.1305   6.00   -inf  -nan  12   6  18   6 210.25
    1   2018 12 01 01:34:27.194     5667.194  0.0864 30.8905 111.1705  10.00   -inf  -nan   3   2   5   1 288.05
    2   2018 12 01 01:37:57.222     5877.222  0.1724 30.8505 111.1305   6.00   -inf  -nan  10   6  16   6 283.92
    3   2018 12 01 03:32:12.687    12732.687  0.3314 30.8705 110.9405   2.00   -inf  -nan   7   5  12   4  86.65
    4   2018 12 01 03:55:54.396    14154.396  0.4606 31.0405 109.8805   0.00   -inf  -nan   3   3   6   1 276.98
    5   2018 12 01 04:04:52.504    14692.504  0.1600 31.0205 111.2505   0.00   -inf  -nan   4   4   8   3 322.24
    6   2018 12 01 04:05:59.836    14759.836  0.2600 31.2505 110.1105   0.00   -inf  -nan   8   3  11   3 227.68
    7   2018 12 01 04:06:47.416    14807.416  0.3737 31.0805 109.8105  14.00   -inf  -nan   9   4  13   4 296.31
    8   2018 12 01 04:09:16.948    14956.948  0.4444 31.0205 109.8205   0.00   -inf  -nan  10   5  15   2 250.36
    9   2018 12 01 04:17:56.305    15476.305  0.1941 31.0105 110.1105  12.00   -inf  -nan   3   2   5   1 220.22
   10   2018 12 01 04:30:34.053    16234.053  0.4401 31.0105 111.3605   2.00   -inf  -nan   8   5  13   3 317.52
   11   2018 12 01 06:49:43.490    24583.490  0.3201 31.1705 110.3405   4.00   -inf  -nan   3   2   5   2 206.23
   12   2018 12 01 08:29:34.870    30574.870  0.2712 30.8905 111.3605   8.00   -inf  -nan   9   7  16   5 313.04
   13   2018 12 01 08:41:41.641    31301.641  0.2418 30.8905 111.3205  10.00   -inf  -nan   6   6  12   3 312.17
   14   2018 12 01 09:16:08.215    33368.215  0.3079 31.1305 109.8305   6.00   -inf  -nan   4   4   8   2 259.09
   15   2018 12 01 09:20:16.874    33616.874  0.2335 31.1005 109.8205  12.00   -inf  -nan   3   2   5   1 256.08
   16   2018 12 01 09:25:28.442    33928.442  0.2044 30.8505 111.1205   6.00   -inf  -nan   6   3   9   3 205.95
   17   2018 12 01 09:40:48.576    34848.576  0.1929 30.8505 111.1305   2.00   -inf  -nan   7   5  12   5 210.25
   18   2018 12 01 13:08:23.180    47303.180  0.3013 30.8905 110.7605   0.00   -inf  -nan  14  14  28  12  86.43
   19   2018 12 01 15:14:54.461    54894.461  0.2716 30.9705 111.2105   0.00   -inf  -nan   5   2   7   2 260.90
   20   2018 12 01 16:20:04.244    58804.244  0.2879 31.0505 110.4605   8.00   -inf  -nan   8   7  15   7 111.60
   21   2018 12 01 16:43:13.337    60193.337  0.2898 31.0205 110.4405   6.00   -inf  -nan   5   4   9   4 128.00
   22   2018 12 01 16:47:38.655    60458.655  0.3688 31.0505 110.4605   6.00   -inf  -nan  20  15  35  15 109.45
   23   2018 12 01 16:54:52.212    60892.212  0.1883 31.0105 110.4705   2.00   -inf  -nan   3   5   8   3 135.90
   24   2018 12 01 18:28:59.329    66539.329  0.1810 31.0905 110.1905   4.00   -inf  -nan   3   2   5   1 224.17
   25   2018 12 01 18:48:40.572    67720.572  0.2583 30.8505 111.1205   8.00   -inf  -nan   7   3  10   3 205.95
   26   2018 12 01 19:25:53.307    69953.307  0.2320 31.0605 110.4805   6.00   -inf  -nan   3   2   5   2 244.76
   27   2018 12 01 19:57:59.075    71879.075  0.2346 30.8905 111.1305   4.00   -inf  -nan   6   3   9   3 164.15
   28   2018 12 01 20:21:59.071    73319.071  0.1776 31.1605 110.0805   0.00   -inf  -nan   4   3   7   3 137.44
   29   2018 12 01 21:13:55.029    76435.029  0.4370 31.0205 110.4405   6.00   -inf  -nan   7   9  16   7  87.12
   30   2018 12 01 22:15:29.275    80129.275  0.2394 30.8905 111.0405   4.00   -inf  -nan   6   5  11   4  98.74
   31   2018 12 01 22:36:55.942    81415.942  0.1966 30.8905 111.0105   6.00   -inf  -nan   6   2   8   2  93.56
   32   2018 12 01 23:15:54.436    83754.436  0.1236 31.1605 110.0805   4.00   -inf  -nan   5   2   7   2 137.44
    1   2018 12 02 00:59:39.054     3579.054  0.4722 30.9705 110.2305  20.00   -inf  -nan   3   3   6   2 115.61
    2   2018 12 02 01:00:30.745     3630.745  0.2637 30.8505 111.1305   4.00   -inf  -nan   9   8  17   5 210.25
    3   2018 12 02 01:29:29.961     5369.961  0.4753 31.0205 110.4405   4.00   -inf  -nan   6   7  13   5 121.53
    4   2018 12 02 02:22:25.423     8545.423  0.1789 30.8505 111.1305   6.00   -inf  -nan   8   4  12   4 210.25
    5   2018 12 02 03:29:58.536    12598.536  0.3856 31.2805 110.8205   0.00   -inf  -nan   7   4  11   3 249.98
    6   2018 12 02 04:08:38.380    14918.380  0.4535 30.9705 110.3705   4.00   -inf  -nan  14   9  23   6  88.31
    7   2018 12 02 04:14:33.036    15273.036  0.3022 30.8605 111.1505   4.00   -inf  -nan   9   8  17   8 215.32
    8   2018 12 02 04:17:07.080    15427.080  0.0575 31.0605 110.4805   0.00   -inf  -nan   3   2   5   2 244.76
    9   2018 12 02 04:26:30.352    15990.352  0.2035 31.1605 109.8805   8.00   -inf  -nan   4   4   8   3 311.29
   10   2018 12 02 08:18:57.123    29937.123  0.2838 31.1405 111.0005   6.00   -inf  -nan   3   2   5   1 291.88
   11   2018 12 02 09:30:21.954    34221.954  0.2346 30.8505 111.1305   4.00   -inf  -nan   5   3   8   3 210.75
   12   2018 12 02 09:41:40.984    34900.984  0.4617 30.9405 110.0205  12.00   -inf  -nan   4   2   6   2 149.60
   13   2018 12 02 10:17:55.513    37075.513  0.3895 30.9905 110.8005   0.00   -inf  -nan  15   8  23   8  67.62
   14   2018 12 02 12:25:23.189    44723.189  0.3176 31.0105 110.5005  14.00   -inf  -nan   5   3   8   3  94.05
   15   2018 12 02 13:22:04.784    48124.784  0.2088 31.2505 110.4705   4.00   -inf  -nan   4   2   6   1 206.69
   16   2018 12 02 13:32:20.403    48740.403  0.2634 30.8905 111.0405   4.00   -inf  -nan   5   2   7   2 158.22
   17   2018 12 02 14:09:09.703    50949.703  0.1544 30.8905 111.1305   4.00   -inf  -nan   5   2   7   2 164.15
   18   2018 12 02 15:23:35.264    55415.264  0.2318 30.8905 111.0405   4.00   -inf  -nan   4   2   6   1 158.22
   19   2018 12 02 16:41:20.828    60080.828  0.4267 31.0105 110.5505   6.00   -inf  -nan  19  19  38  17  74.06
   20   2018 12 02 18:29:43.111    66583.111  0.2056 30.9305 111.2005   4.00   -inf  -nan   5   2   7   2 279.86
   21   2018 12 02 19:23:43.986    69823.986  0.1313 30.8605 110.5605  10.00   -inf  -nan   4   5   9   4 160.27
   22   2018 12 02 19:44:08.263    71048.263  0.1729 30.8605 110.5605   8.00   -inf  -nan   3   3   6   3 234.40
   23   2018 12 02 20:17:53.958    73073.958  0.0857 30.9705 111.2005   2.00   -inf  -nan   3   2   5   2 279.05
   24   2018 12 02 21:35:45.397    77745.397  0.2957 30.8905 111.0405   2.00   -inf  -nan   4   3   7   2  98.74
   25   2018 12 02 23:25:58.497    84358.497  0.1513 30.8505 111.1305   4.00   -inf  -nan   9   7  16   7 210.25
    1   2018 12 03 00:13:55.384      835.384  0.3375 31.0505 110.4505   8.00   -inf  -nan   8   8  16   8 109.19
    2   2018 12 03 00:36:50.697     2210.697  0.3553 30.8905 110.7205   0.00   -inf  -nan  10   5  15   5  97.68
    3   2018 12 03 03:45:10.103    13510.103  0.2852 30.8505 111.1305   2.00   -inf  -nan  10   6  16   6 210.25
    4   2018 12 03 04:13:27.361    15207.361  0.2335 31.0205 110.5905   6.00   -inf  -nan   6   3   9   2  83.17
    5   2018 12 03 04:25:59.537    15959.537  0.1168 31.1805 110.1705  10.00   -inf  -nan   3   2   5   2 123.15
    6   2018 12 03 04:56:56.224    17816.224  0.1460 30.5905 110.5805  16.00   -inf  -nan   3   2   5   1 263.67
    7   2018 12 03 06:30:36.594    23436.594  0.1334 30.8905 111.1305   8.00   -inf  -nan   4   2   6   2 263.35
    8   2018 12 03 06:40:51.980    24051.980  0.3740 31.0905 110.1105   0.00   -inf  -nan  15  11  26   9 155.73
    9   2018 12 03 06:49:38.432    24578.432  0.3454 30.8905 110.8905   2.00   -inf  -nan   7   4  11   4 104.39
   10   2018 12 03 06:56:08.350    24968.350  0.3197 30.8605 110.9305   8.00   -inf  -nan   9   4  13   4 116.49
   11   2018 12 03 08:17:12.214    29832.214  0.3008 31.1405 110.3605   0.00   -inf  -nan   7   2   9   2 184.66
   12   2018 12 03 09:31:58.779    34318.779  0.3187 30.8105 111.1705   4.00   -inf  -nan   6   4  10   4 249.55
   13   2018 12 03 10:40:53.769    38453.769  0.3829 31.0505 110.4505   8.00   -inf  -nan  16  15  31  13 106.33
   14   2018 12 03 10:43:28.032    38608.032  0.4160 31.0205 110.4405   6.00   -inf  -nan   9   6  15   6  87.12
   15   2018 12 03 12:49:36.611    46176.611  0.1685 30.9705 111.2405   4.00   -inf  -nan   3   2   5   2 332.03
   16   2018 12 03 14:30:07.833    52207.833  0.1694 30.8905 111.1305   4.00   -inf  -nan   5   2   7   2 164.15
   17   2018 12 03 14:40:48.228    52848.228  0.3308 30.8605 110.4805   0.00   -inf  -nan  10  10  20   8 158.49
   18   2018 12 03 17:04:37.228    61477.228  0.3038 30.8905 110.7605   6.00   -inf  -nan   3   4   7   3 138.28
   19   2018 12 03 17:13:57.764    62037.764  0.2833 31.1705 110.3405  10.00   -inf  -nan   5   2   7   2 206.23
   20   2018 12 03 17:18:31.106    62311.106  0.2078 30.8505 111.1305   8.00   -inf  -nan   3   2   5   2 232.15
   21   2018 12 03 17:26:33.218    62793.218  0.2755 30.8905 111.0405   2.00   -inf  -nan   4   2   6   1  98.74
   22   2018 12 03 22:18:30.697    80310.697  0.3495 31.0505 110.4505  12.00   -inf  -nan  20  15  35  15 106.33
   23   2018 12 03 22:33:26.647    81206.647  0.2816 30.8905 111.0405   2.00   -inf  -nan   4   2   6   1  98.74
   24   2018 12 03 23:56:26.254    86186.254  0.3175 30.8905 111.0405   6.00   -inf  -nan   5   2   7   2  98.74
    1   2018 12 04 02:36:36.965     9396.965  0.3355 30.9005 110.7205   0.00   -inf  -nan   9   8  17   7  94.62
    2   2018 12 04 02:46:28.565     9988.565  0.4264 30.9505 110.3805   0.00   -inf  -nan  11   7  18   6 116.90
    3   2018 12 04 03:03:21.587    11001.587  0.2739 30.8505 111.1305   4.00   -inf  -nan  12   5  17   3 210.25
    4   2018 12 04 03:03:58.996    11038.996  0.1655 30.8505 111.1305   4.00   -inf  -nan   3   3   6   2 210.75
    5   2018 12 04 03:50:39.967    13839.967  0.1539 30.9905 110.7205  10.00   -inf  -nan   4   4   8   2 160.99
    6   2018 12 04 04:35:12.207    16512.207  0.2942 30.8905 111.1305   6.00   -inf  -nan   5   3   8   3 164.15
    7   2018 12 04 05:33:33.978    20013.978  0.4234 31.2005 110.0005  10.00   -inf  -nan  11   7  18   5 239.32
    8   2018 12 04 05:36:12.551    20172.551  0.4353 31.2605 109.9405   8.00   -inf  -nan   3   2   5   1 281.63
    9   2018 12 04 05:54:46.025    21286.025  0.2127 31.3205 110.0405   0.00   -inf  -nan   6   5  11   5 287.14
   10   2018 12 04 06:13:40.832    22420.832  0.2322 30.9705 111.2405   0.00   -inf  -nan   3   2   5   2 291.14
   11   2018 12 04 07:05:21.755    25521.755  0.3043 30.8105 111.2505   4.00   -inf  -nan   9   5  14   4 303.18
   12   2018 12 04 07:49:10.638    28150.638  0.3368 30.8505 111.2405   2.00   -inf  -nan   6   7  13   4 278.91
   13   2018 12 04 07:50:15.422    28215.422  0.2515 30.8105 111.2505   0.00   -inf  -nan   8   4  12   3 303.18
   14   2018 12 04 08:46:16.696    31576.696  0.2759 30.9705 110.0305  12.00   -inf  -nan   9   3  12   3 125.08
   15   2018 12 04 10:04:21.191    36261.191  0.2934 31.0505 110.4605   0.00   -inf  -nan   4   5   9   3 111.60
   16   2018 12 04 10:05:29.265    36329.265  0.2286 30.9405 110.9505   2.00   -inf  -nan  13   7  20   7  93.06
   17   2018 12 04 10:45:38.994    38738.994  0.1022 31.2105 110.3805   0.00   -inf  -nan   3   2   5   2 266.63
   18   2018 12 04 14:54:47.560    53687.560  0.0790 31.2105 110.3405   0.00   -inf  -nan   3   2   5   1 219.89
   19   2018 12 04 14:55:46.247    53746.247  0.3108 30.8605 110.8305   8.00   -inf  -nan   9   8  17   6  74.24
   20   2018 12 04 16:46:35.156    60395.156  0.2767 31.0405 110.4605   6.00   -inf  -nan  13  13  26  11 103.85
   21   2018 12 04 16:59:15.494    61155.494  0.3510 30.9805 110.7805   8.00   -inf  -nan   6   5  11   5 152.29
   22   2018 12 04 18:19:13.462    65953.462  0.2677 31.1705 110.1505   0.00   -inf  -nan   4   3   7   2 123.14
   23   2018 12 04 18:19:40.598    65980.598  0.2094 30.8905 111.0105   6.00   -inf  -nan   5   2   7   2 137.69
   24   2018 12 04 22:32:51.463    81171.463  0.4717 31.0305 110.4805   0.00   -inf  -nan   5   6  11   5  98.79
   25   2018 12 04 22:54:32.178    82472.178  0.1915 30.9905 110.7205  10.00   -inf  -nan   7   7  14   6 160.99
   26   2018 12 04 23:11:11.904    83471.904  0.2286 30.8505 111.1305   4.00   -inf  -nan  11   6  17   6 210.25
   27   2018 12 04 23:13:19.780    83599.780  0.2571 30.8505 111.1305   4.00   -inf  -nan  10   5  15   5 210.25
   28   2018 12 04 23:32:51.241    84771.241  0.1722 30.8505 111.1305   6.00   -inf  -nan   9   7  16   6 210.25
    1   2018 12 07 00:50:15.799     3015.799  0.1855 31.0605 110.4405   6.00   -inf  -nan   3   3   6   3 256.49
    2   2018 12 07 01:28:13.572     5293.572  0.0859 30.8705 110.9005   2.00   -inf  -nan   3   2   5   2 267.62
    3   2018 12 07 02:25:44.210     8744.210  0.2092 31.0405 110.2005   6.00   -inf  -nan   3   2   5   2 243.21
    4   2018 12 07 02:42:35.569     9755.569  0.1649 31.0105 110.1905   4.00   -inf  -nan   4   2   6   1 232.06
    5   2018 12 07 03:36:00.735    12960.735  0.4938 30.9005 110.5005  10.00   -inf  -nan   7   2   9   1 136.46
    6   2018 12 07 03:53:49.967    14029.967  0.2278 31.0505 110.4605   8.00   -inf  -nan   6   7  13   5 111.60
    7   2018 12 07 04:17:11.820    15431.820  0.2292 31.0205 110.6005   2.00   -inf  -nan   3   2   5   1 205.13
    8   2018 12 07 05:26:38.109    19598.109  0.2403 30.9305 111.4005   6.00   -inf  -nan   8   4  12   3 324.85
    9   2018 12 07 05:27:43.193    19663.193  0.2105 30.9305 111.3605   2.00   -inf  -nan   5   3   8   2 313.32
   10   2018 12 07 05:28:21.060    19701.060  0.2697 30.9305 111.4005   6.00   -inf  -nan   8   5  13   4 316.45
   11   2018 12 07 05:58:47.583    21527.583  0.2881 30.8205 111.2505   8.00   -inf  -nan   7   8  15   4 303.12
   12   2018 12 07 07:21:13.151    26473.151  0.3386 31.0505 110.2305   6.00   -inf  -nan   6   4  10   4 111.37
   13   2018 12 07 07:51:31.799    28291.799  0.1257 30.8605 110.5605   2.00   -inf  -nan   3   2   5   1 286.52
   14   2018 12 07 08:51:41.044    31901.044  0.2905 30.8505 111.1305   4.00   -inf  -nan  10   7  17   7 210.75
   15   2018 12 07 08:56:51.428    32211.428  0.2182 30.8505 111.1305   6.00   -inf  -nan  10   7  17   7 210.75
   16   2018 12 07 09:26:48.559    34008.559  0.2761 31.0805 110.2105   2.00   -inf  -nan   6   3   9   3 127.92
   17   2018 12 07 11:11:27.199    40287.199  0.3815 30.8905 111.1705  10.00   -inf  -nan   5   2   7   2 206.94
   18   2018 12 07 11:54:55.285    42895.285  0.3843 31.0505 110.4605   0.00   -inf  -nan   8   7  15   7 111.60
   19   2018 12 07 12:48:06.255    46086.255  0.2253 31.0205 110.4405   8.00   -inf  -nan   4   4   8   3  97.11
   20   2018 12 07 13:25:33.780    48333.780  0.2448 31.0505 110.4605   8.00   -inf  -nan   7   4  11   4 111.60
   21   2018 12 07 13:52:27.127    49947.127  0.4724 31.0505 110.4305   6.00   -inf  -nan  15  15  30  13  98.75
   22   2018 12 07 13:57:35.602    50255.602  0.3842 31.0505 110.4405  12.00   -inf  -nan  13  14  27  10 138.12
   23   2018 12 07 14:37:03.063    52623.063  0.3309 31.0505 110.4305  10.00   -inf  -nan  13  11  24  10 102.66
   24   2018 12 07 16:36:09.616    59769.616  0.3111 30.9305 111.2005   2.00   -inf  -nan   5   2   7   2 279.86
   25   2018 12 07 17:54:05.079    64445.079  0.3100 31.0505 110.4505   8.00   -inf  -nan   6   6  12   5 109.19
   26   2018 12 07 17:55:17.984    64517.984  0.3236 31.0505 110.4605   6.00   -inf  -nan  15  12  27  10 109.45
   27   2018 12 07 18:31:46.718    66706.718  0.2929 31.0305 110.4405  14.00   -inf  -nan   6   2   8   2  92.86
   28   2018 12 07 19:32:07.830    70327.830  0.2427 31.1305 110.3005   0.00   -inf  -nan   6   4  10   4 233.45
   29   2018 12 07 20:05:01.071    72301.071  0.3721 31.0505 110.2205   4.00   -inf  -nan  10   6  16   6 221.54
   30   2018 12 07 20:08:01.676    72481.676  0.2080 31.0905 110.1905   6.00   -inf  -nan   5   3   8   3 293.21
   31   2018 12 07 21:30:47.373    77447.373  0.3695 31.0205 110.4405   6.00   -inf  -nan  15  15  30  13  87.12
   32   2018 12 07 22:09:46.884    79786.884  0.3689 30.9305 110.7605   6.00   -inf  -nan   7   7  14   7 120.80
   33   2018 12 07 22:47:54.228    82074.228  0.0880 30.8905 111.0405   4.00   -inf  -nan   4   2   6   2 245.49
   34   2018 12 07 23:33:26.210    84806.210  0.2956 31.0505 110.1905   4.00   -inf  -nan   3   4   7   3 288.95
   35   2018 12 07 23:43:26.153    85406.153  0.1640 30.8505 111.1305   6.00   -inf  -nan  14   7  21   6 210.25
    1   2018 12 08 01:53:59.464     6839.464  0.2709 30.8505 111.1305   4.00   -inf  -nan  10   8  18   6 210.25
    2   2018 12 08 03:16:19.900    11779.900  0.1822 30.9305 111.2505   6.00   -inf  -nan  11   3  14   3 303.28
    3   2018 12 08 03:44:46.098    13486.098  0.3059 31.0005 109.9305   6.00   -inf  -nan   8   6  14   5 327.85
    4   2018 12 08 04:17:15.751    15435.751  0.3628 31.2105 110.0705   2.00   -inf  -nan  10   7  17   6 249.66
    5   2018 12 08 04:50:36.461    17436.461  0.3947 31.0605 110.4405   4.00   -inf  -nan   5   8  13   5 170.49
    6   2018 12 08 06:08:11.600    22091.600  0.3334 31.0605 110.4405   6.00   -inf  -nan   4   3   7   3 216.40
    7   2018 12 08 06:39:30.490    23970.490  0.2854 30.8505 111.2405   6.00   -inf  -nan   7   3  10   2 278.91
    8   2018 12 08 07:16:45.333    26205.333  0.4616 31.1005 109.9805   0.00   -inf  -nan  11  13  24   7 246.14
    9   2018 12 08 07:48:02.874    28082.874  0.2485 30.8105 111.1705   6.00   -inf  -nan  11   5  16   4 242.73
   10   2018 12 08 08:50:54.686    31854.686  0.3355 31.2105 110.3405   0.00   -inf  -nan  12   8  20   7 227.15
   11   2018 12 08 09:13:49.714    33229.714  0.2489 30.8505 111.0905   6.00   -inf  -nan   3   4   7   3 170.85
   12   2018 12 08 15:33:52.512    56032.512  0.2277 31.2205 110.5505   0.00   -inf  -nan   5   2   7   2 273.47
   13   2018 12 08 19:42:39.416    70959.416  0.2142 30.8505 111.1705   8.00   -inf  -nan   6   3   9   3 233.42
   14   2018 12 08 20:04:00.489    72240.489  0.1969 30.9205 110.2505   8.00   -inf  -nan   3   3   6   3 187.45
   15   2018 12 08 22:36:43.990    81403.990  0.2027 30.9005 110.7705   8.00   -inf  -nan   8   7  15   6 116.46
   16   2018 12 08 22:48:13.131    82093.131  0.2043 30.9005 110.7705   8.00   -inf  -nan  14  13  27  13  81.85
   17   2018 12 08 22:53:06.329    82386.329  0.2001 30.8905 111.0405   2.00   -inf  -nan   5   2   7   1  98.74
   18   2018 12 08 22:59:27.100    82767.100  0.3434 31.0505 110.2305   4.00   -inf  -nan   5   8  13   5 111.37
   19   2018 12 08 23:33:10.790    84790.790  0.1219 30.8505 111.1305   6.00   -inf  -nan  14   3  17   3 210.25
    1   2018 12 09 00:28:39.975     1719.975  0.1555 30.8505 111.1305   4.00   -inf  -nan  10   5  15   5 210.25
    2   2018 12 09 01:36:58.024     5818.024  0.4586 31.0605 110.4405   8.00   -inf  -nan   5   4   9   3 170.49
    3   2018 12 09 01:55:13.570     6913.570  0.2551 30.8105 111.2505   0.00   -inf  -nan   5   2   7   2 309.78
    4   2018 12 09 03:08:52.340    11332.340  0.3736 31.0805 109.9605  10.00   -inf  -nan  14  11  25   9 179.79
    5   2018 12 09 03:51:30.791    13890.791  0.3175 31.1605 109.8405  10.00   -inf  -nan   8   5  13   4 303.60
    6   2018 12 09 03:54:52.575    14092.575  0.3292 31.2005 109.8405  14.00   -inf  -nan   6   4  10   3 311.82
    7   2018 12 09 03:57:37.997    14257.997  0.4214 31.1605 109.8505   6.00   -inf  -nan   7   4  11   4 301.71
    8   2018 12 09 06:53:36.665    24816.665  0.1575 30.8505 111.1305   6.00   -inf  -nan   9   5  14   4 210.75
    9   2018 12 09 07:22:43.978    26563.978  0.4110 31.1005 109.9705   0.00   -inf  -nan   7   7  14   5 223.11
   10   2018 12 09 07:46:41.325    28001.325  0.3761 30.8505 111.2105   0.00   -inf  -nan   9   5  14   3 297.85
   11   2018 12 09 08:52:31.124    31951.124  0.3216 30.8905 111.1305   4.00   -inf  -nan   6   4  10   2 164.15
   12   2018 12 09 09:18:05.423    33485.423  0.3286 31.0605 110.3605   6.00   -inf  -nan   7   7  14   5 113.80
   13   2018 12 09 09:28:19.385    34099.385  0.2900 30.9005 110.7205   2.00   -inf  -nan  16   9  25   9  94.62
   14   2018 12 09 14:02:41.693    50561.693  0.0970 30.8905 111.0405   4.00   -inf  -nan   5   2   7   2 146.75
   15   2018 12 09 15:29:58.293    55798.293  0.2236 30.8905 111.1305   4.00   -inf  -nan   5   2   7   2 164.15
   16   2018 12 09 15:33:44.106    56024.106  0.4269 31.0605 110.4405  10.00   -inf  -nan   4   6  10   4 154.06
   17   2018 12 09 15:36:11.441    56171.441  0.4208 30.9505 110.8205  10.00   -inf  -nan  11   7  18   7 112.54
   18   2018 12 09 17:13:45.919    62025.919  0.3071 31.0905 110.1905   4.00   -inf  -nan   7   8  15   7 250.52
   19   2018 12 09 17:14:45.549    62085.549  0.1830 31.0005 110.1705   4.00   -inf  -nan   5   3   8   3 225.70
   20   2018 12 09 20:30:42.106    73842.106  0.2903 31.2105 110.3505   0.00   -inf  -nan   6   2   8   2 221.36
   21   2018 12 09 22:04:32.401    79472.401  0.3576 31.0605 110.4605   8.00   -inf  -nan  19  17  36  15 115.11
   22   2018 12 09 22:12:59.776    79979.776  0.3400 30.8905 111.0405   6.00   -inf  -nan   5   3   8   2 164.83
   23   2018 12 09 23:23:43.091    84223.091  0.1831 30.8505 111.1305   6.00   -inf  -nan   9   6  15   6 210.25
   24   2018 12 09 23:26:00.313    84360.313  0.3020 30.8105 111.1705   6.00   -inf  -nan  12   6  18   6 242.73
    1   2018 12 10 01:54:00.579     6840.579  0.3556 31.0505 110.1905   6.00   -inf  -nan   8   8  16   7 115.89
    2   2018 12 10 03:00:48.935    10848.935  0.1377 30.7705 111.2505   4.00   -inf  -nan   3   2   5   1 313.79
    3   2018 12 10 03:48:47.357    13727.357  0.3215 30.9705 110.5105  20.00   -inf  -nan   4   2   6   2 135.85
    4   2018 12 10 04:36:53.667    16613.667  0.1855 31.1205 109.8805   8.00   -inf  -nan   3   2   5   1 283.43
    5   2018 12 10 05:45:30.448    20730.448  0.2943 30.8605 111.1305   2.00   -inf  -nan   8   7  15   6 204.21
    6   2018 12 10 07:09:42.518    25782.518  0.4009 31.0205 109.8205  10.00   -inf  -nan   5   2   7   2 250.36
    7   2018 12 10 07:15:25.276    26125.276  0.2590 31.0805 109.8805   0.00   -inf  -nan   5   2   7   2 277.89
    8   2018 12 10 07:16:54.213    26214.213  0.3909 31.0605 109.7805   4.00   -inf  -nan   5   4   9   3 266.25
    9   2018 12 10 07:39:32.771    27572.771  0.2165 31.1705 109.8305   0.00   -inf  -nan   3   2   5   1 307.92
   10   2018 12 10 07:52:38.598    28358.598  0.2749 31.1405 109.8205   4.00   -inf  -nan   4   2   6   2 264.83
   11   2018 12 10 08:10:38.734    29438.734  0.1641 30.8505 111.1305   2.00   -inf  -nan   7   2   9   1 283.92
   12   2018 12 10 09:09:05.564    32945.564  0.2868 31.1005 110.4005   6.00   -inf  -nan   4   2   6   1 219.61
   13   2018 12 10 13:42:35.737    49355.737  0.1294 31.1805 110.1705  10.00   -inf  -nan   3   2   5   2 123.15
   14   2018 12 10 14:41:27.196    52887.196  0.2453 31.1805 110.1305  12.00   -inf  -nan   3   2   5   2 140.16
   15   2018 12 10 16:13:38.008    58418.008  0.3257 30.9005 110.7805  10.00   -inf  -nan   9   8  17   8 109.16
   16   2018 12 10 16:41:21.614    60081.614  0.2997 30.9005 110.7805  10.00   -inf  -nan  12   9  21   9 108.16
   17   2018 12 10 16:56:01.662    60961.662  0.1242 30.8905 110.2905  10.00   -inf  -nan   3   2   5   2 309.79
   18   2018 12 10 18:00:47.867    64847.867  0.3030 31.0905 110.2305   2.00   -inf  -nan   4   4   8   3 195.14
   19   2018 12 10 19:10:41.884    69041.884  0.2190 31.1405 110.2905   0.00   -inf  -nan   6   2   8   2 138.84
   20   2018 12 10 19:48:42.049    71322.049  0.3541 31.0505 110.4505   8.00   -inf  -nan  13  11  24   9 109.19
   21   2018 12 10 20:14:05.460    72845.460  0.1642 30.8905 111.1305   6.00   -inf  -nan   6   4  10   4 164.15
   22   2018 12 10 20:16:39.906    72999.906  0.2236 30.8905 111.1305   6.00   -inf  -nan   6   3   9   3 164.15
   23   2018 12 10 21:53:52.206    78832.206  0.1436 31.1305 110.3805   6.00   -inf  -nan   3   2   5   2 279.34
   24   2018 12 10 22:37:38.866    81458.866  0.2012 31.1705 110.3405   0.00   -inf  -nan   3   2   5   2 252.38
   25   2018 12 10 23:42:26.317    85346.317  0.3791 30.8505 111.1605   6.00   -inf  -nan   8   7  15   7 227.23
    1   2018 12 11 03:44:14.617    13454.617  0.2824 31.1005 109.8605   8.00   -inf  -nan   5   2   7   1 239.99
    2   2018 12 11 03:51:06.399    13866.399  0.2096 30.9005 110.7205   0.00   -inf  -nan   7   5  12   4 143.19
    3   2018 12 11 03:58:39.896    14319.896  0.1340 30.9305 111.2505  14.00   -inf  -nan   5   3   8   3 303.28
    4   2018 12 11 04:00:52.234    14452.234  0.2966 31.1205 109.8405   4.00   -inf  -nan   4   3   7   3 253.01
    5   2018 12 11 04:15:07.286    15307.286  0.3750 31.1005 109.7405   4.00   -inf  -nan   7   2   9   2 280.42
    6   2018 12 11 04:26:00.050    15960.050  0.3770 31.1005 109.8105   0.00   -inf  -nan  11   3  14   2 259.66
    7   2018 12 11 04:40:06.194    16806.194  0.4541 31.1005 109.7805   0.00   -inf  -nan   8   3  11   3 269.41
    8   2018 12 11 04:47:19.884    17239.884  0.3031 31.0105 111.2505   6.00   -inf  -nan   9   4  13   4 287.63
    9   2018 12 11 04:49:56.043    17396.043  0.4644 31.0605 110.4405   6.00   -inf  -nan   7  11  18   4 108.13
   10   2018 12 11 05:34:09.597    20049.597  0.2593 30.7705 111.1705   0.00   -inf  -nan   9   3  12   3 294.00
   11   2018 12 11 05:59:03.510    21543.510  0.2651 31.2105 110.3405   0.00   -inf  -nan   8   3  11   3 248.80
   12   2018 12 11 07:16:37.247    26197.247  0.4030 30.8205 111.2905   0.00   -inf  -nan   4   4   8   3 313.37
   13   2018 12 11 09:07:38.236    32858.236  0.2334 31.0305 110.5205  20.00   -inf  -nan   3   3   6   3 203.41
   14   2018 12 11 09:12:11.808    33131.808  0.4361 31.0605 110.4605   6.00   -inf  -nan  16  14  30  12 115.11
   15   2018 12 11 09:12:57.158    33177.158  0.3624 31.0205 109.8205   4.00   -inf  -nan   8   2  10   2 250.36
   16   2018 12 11 09:26:10.280    33970.280  0.3197 31.0205 109.8205   2.00   -inf  -nan   9   3  12   3 250.36
   17   2018 12 11 09:35:36.076    34536.076  0.3674 31.0205 109.8205   0.00   -inf  -nan   8   4  12   4 250.36
   18   2018 12 11 09:35:49.524    34549.524  0.4636 31.0205 109.8205   0.00   -inf  -nan   4   4   8   2 250.36
   19   2018 12 11 09:45:52.660    35152.660  0.2647 31.0905 109.8305   4.00   -inf  -nan   4   2   6   2 250.56
   20   2018 12 11 09:49:07.193    35347.193  0.3061 31.0805 109.8805   4.00   -inf  -nan   4   3   7   3 226.05
   21   2018 12 11 09:52:16.106    35536.106  0.1907 31.1205 109.8405   0.00   -inf  -nan   3   2   5   2 253.01
   22   2018 12 11 09:56:04.846    35764.846  0.1821 31.1205 109.8405   6.00   -inf  -nan   4   2   6   2 253.01
   23   2018 12 11 10:00:57.035    36057.035  0.3249 31.0905 109.9105   0.00   -inf  -nan   3   2   5   1 212.41
   24   2018 12 11 12:12:27.767    43947.767  0.2426 31.0505 110.4605  10.00   -inf  -nan   8   7  15   7 111.60
   25   2018 12 11 12:24:22.954    44662.954  0.3266 31.0505 110.4305   6.00   -inf  -nan   3   2   5   1 213.27
   26   2018 12 11 13:44:25.772    49465.772  0.3026 30.9805 109.9405  12.00   -inf  -nan   4   4   8   3 169.71
   27   2018 12 11 14:16:02.275    51362.275  0.1087 31.1805 110.1705  10.00   -inf  -nan   3   2   5   2 123.15
   28   2018 12 11 15:17:31.023    55051.023  0.3692 31.0205 110.4405   4.00   -inf  -nan   8   4  12   2  87.12
   29   2018 12 11 15:31:29.466    55889.466  0.2185 30.6905 110.5905   6.00   -inf  -nan   7   5  12   4 250.25
   30   2018 12 11 16:25:57.546    59157.546  0.2999 30.9805 110.7805  14.00   -inf  -nan  11   9  20   9 117.79
   31   2018 12 11 18:01:20.844    64880.844  0.2177 30.8905 111.1305   8.00   -inf  -nan   6   2   8   2 164.15
   32   2018 12 11 19:23:09.621    69789.621  0.2462 30.8905 111.0005   6.00   -inf  -nan   5   2   7   2 131.70
   33   2018 12 11 19:42:42.587    70962.587  0.1754 30.8905 111.1305   6.00   -inf  -nan   6   2   8   2 164.15
   34   2018 12 11 23:07:41.651    83261.651  0.3063 31.0905 110.2705   4.00   -inf  -nan   6   7  13   5  89.18
   35   2018 12 11 23:20:00.932    84000.932  0.2257 30.8505 111.1305   6.00   -inf  -nan  13   8  21   7 210.75
   36   2018 12 11 23:23:09.874    84189.874  0.3105 30.8105 111.1605   6.00   -inf  -nan  13   5  18   5 245.30
   37   2018 12 11 23:41:15.875    85275.875  0.4355 31.0205 110.5305  12.00   -inf  -nan   3   2   5   1 149.69
    1   2018 12 12 02:03:06.535     7386.535  0.2988 30.9805 109.9805  18.00   -inf  -nan   8   2  10   2 143.64
    2   2018 12 12 02:25:27.660     8727.660  0.1780 30.8105 111.2505  10.00   -inf  -nan   6   2   8   2 309.78
    3   2018 12 12 02:31:12.790     9072.790  0.2061 30.8105 111.2405   0.00   -inf  -nan   6   2   8   2 279.73
    4   2018 12 12 03:46:08.077    13568.077  0.1917 31.3005 110.0905   6.00   -inf  -nan   4   2   6   2 264.22
    5   2018 12 12 03:46:15.606    13575.606  0.1767 30.9305 111.3605  10.00   -inf  -nan   4   4   8   4 320.89
    6   2018 12 12 05:57:33.517    21453.517  0.1710 30.8505 111.1305   6.00   -inf  -nan   8   7  15   5 210.25
    7   2018 12 12 06:48:43.766    24523.766  0.1700 30.7305 111.1305  12.00   -inf  -nan   3   2   5   1 302.22
    8   2018 12 12 07:27:50.165    26870.165  0.3405 31.1005 109.9805   0.00   -inf  -nan  13  10  23   8 219.81
    9   2018 12 12 08:49:29.303    31769.303  0.1499 30.8505 111.1305   4.00   -inf  -nan  10   8  18   7 210.25
   10   2018 12 12 09:56:33.069    35793.069  0.3467 30.8905 110.6305   6.00   -inf  -nan  12   4  16   4 160.43
   11   2018 12 12 11:36:33.306    41793.306  0.4094 31.1405 110.2905   4.00   -inf  -nan   9   2  11   2 138.84
   12   2018 12 12 16:27:49.275    59269.275  0.3330 30.9405 110.9705   4.00   -inf  -nan   3   2   5   1 232.34
   13   2018 12 12 17:23:21.972    62601.972  0.3654 31.0605 110.3205   6.00   -inf  -nan  13  13  26  11  69.59
   14   2018 12 12 17:25:50.213    62750.213  0.2566 31.1405 110.4005   4.00   -inf  -nan  10   7  17   7 150.83
   15   2018 12 12 18:39:50.524    67190.524  0.4576 31.0605 110.4805   0.00   -inf  -nan   3   5   8   2 175.68
   16   2018 12 12 21:48:40.469    78520.469  0.2481 31.1705 110.3405   0.00   -inf  -nan   4   2   6   2 224.34
   17   2018 12 12 23:41:42.583    85302.583  0.1389 30.8505 111.1305   6.00   -inf  -nan  12   5  17   5 210.25
   18   2018 12 12 23:54:52.232    86092.232  0.1901 30.8505 111.1305   4.00   -inf  -nan  12   8  20   7 210.25
    1   2018 12 13 00:20:30.573     1230.573  0.2306 30.7905 110.7405  12.00   -inf  -nan   7   5  12   5 213.58
    2   2018 12 13 02:45:22.265     9922.265  0.4433 30.8505 110.8005  18.00   -inf  -nan   3   3   6   2 216.34
    3   2018 12 13 02:54:52.924    10492.924  0.2683 30.7805 110.7705  10.00   -inf  -nan   4   7  11   4 116.19
    4   2018 12 13 04:00:12.832    14412.832  0.3879 31.3005 110.8305   0.00   -inf  -nan  13   5  18   5 251.92
    5   2018 12 13 04:30:08.806    16208.806  0.3093 31.0105 111.2405   2.00   -inf  -nan   7   4  11   4 272.88
    6   2018 12 13 04:34:01.235    16441.235  0.3922 31.1605 109.9605  10.00   -inf  -nan   8   5  13   5 209.41
    7   2018 12 13 05:32:37.680    19957.680  0.2802 31.2805 110.2005   0.00   -inf  -nan   5   2   7   1 234.83
    8   2018 12 13 07:46:26.632    27986.632  0.1493 30.8505 111.1305   4.00   -inf  -nan   8   2  10   2 284.42
    9   2018 12 13 09:13:41.882    33221.882  0.3066 30.8105 110.9205   0.00   -inf  -nan   4   2   6   1 125.83
   10   2018 12 13 11:08:07.866    40087.866  0.4546 31.0605 110.2105   6.00   -inf  -nan   7   7  14   5  97.20
   11   2018 12 13 13:45:46.946    49546.946  0.3305 31.1405 110.2905   0.00   -inf  -nan   8   2  10   2 138.84
   12   2018 12 13 22:38:25.768    81505.768  0.2908 30.9705 111.2105   0.00   -inf  -nan   3   2   5   1 260.90
   13   2018 12 13 22:58:55.005    82735.005  0.2252 30.8905 111.0405   4.00   -inf  -nan   6   3   9   2  98.74
   14   2018 12 13 23:38:53.543    85133.543  0.1893 30.8505 111.1305   6.00   -inf  -nan  10   3  13   2 210.75
   15   2018 12 13 23:58:06.298    86286.298  0.1637 30.8905 111.1305   6.00   -inf  -nan   5   2   7   2 164.15
    1   2018 12 14 00:47:11.085     2831.085  0.2843 31.0505 110.4605   8.00   -inf  -nan  11  10  21   8 111.60
    2   2018 12 14 00:51:18.258     3078.258  0.3268 30.8105 111.1705   6.00   -inf  -nan  10   7  17   6 242.73
    3   2018 12 14 00:58:26.754     3506.754  0.2972 31.0505 110.4705  12.00   -inf  -nan   4   5   9   4 113.45
    4   2018 12 14 01:05:32.557     3932.557  0.3939 31.0205 110.4405   6.00   -inf  -nan  11   8  19   5  87.12
    5   2018 12 14 03:48:56.275    13736.275  0.1529 30.8905 111.1305   4.00   -inf  -nan   5   2   7   2 164.15
    6   2018 12 14 03:55:22.399    14122.399  0.2669 31.0605 109.9805   6.00   -inf  -nan   8   6  14   4 163.51
    7   2018 12 14 04:28:20.666    16100.666  0.3967 31.0805 109.8005   2.00   -inf  -nan   9   5  14   3 260.58
    8   2018 12 14 04:48:29.389    17309.389  0.4503 31.1005 109.7805   4.00   -inf  -nan   6   4  10   3 269.41
    9   2018 12 14 05:07:36.575    18456.575  0.2582 31.1005 109.7805   2.00   -inf  -nan   4   2   6   2 269.41
   10   2018 12 14 06:41:33.196    24093.196  0.1448 31.0205 109.9005   2.00   -inf  -nan   3   2   5   2 205.32
   11   2018 12 14 06:45:55.884    24355.884  0.1578 30.8505 111.1305   4.00   -inf  -nan   8   4  12   3 210.25
   12   2018 12 14 07:46:57.740    28017.740  0.1516 30.8105 111.2805   8.00   -inf  -nan   8   2  10   2 287.89
   13   2018 12 14 11:22:41.402    40961.402  0.1332 31.0205 110.4005  18.00   -inf  -nan   3   2   5   1 130.11
   14   2018 12 14 12:30:43.089    45043.089  0.2605 30.9405 109.8605   8.00   -inf  -nan   4   3   7   3 244.93
   15   2018 12 14 14:24:06.393    51846.393  0.3903 31.0505 110.4605   0.00   -inf  -nan  12  14  26  12 109.45
   16   2018 12 14 14:37:33.912    52653.912  0.3184 31.1405 110.2905   0.00   -inf  -nan   8   2  10   2 138.84
   17   2018 12 14 15:32:21.062    55941.062  0.3574 30.8505 111.2005  10.00   -inf  -nan   5   3   8   3 253.44
   18   2018 12 14 18:18:23.226    65903.226  0.2379 31.1705 110.3405   0.00   -inf  -nan   3   2   5   2 252.38
   19   2018 12 14 20:00:30.773    72030.773  0.2564 31.1305 110.3005   0.00   -inf  -nan   6   2   8   1 131.46
   20   2018 12 14 20:44:00.296    74640.296  0.1371 31.1605 109.8005   0.00   -inf  -nan   3   2   5   2 330.33
   21   2018 12 14 22:11:53.434    79913.434  0.2926 30.8505 111.1705   8.00   -inf  -nan   5   2   7   2 233.42
   22   2018 12 14 23:32:51.696    84771.696  0.2490 30.8505 111.1305   4.00   -inf  -nan  13   6  19   5 210.25
    1   2018 12 15 01:13:27.496     4407.496  0.1915 30.8505 111.1305   6.00   -inf  -nan   9   4  13   4 210.75
    2   2018 12 15 02:03:21.426     7401.426  0.2961 30.8105 111.2405   0.00   -inf  -nan   7   3  10   3 279.73
    3   2018 12 15 02:19:12.170     8352.170  0.2639 30.8105 111.2805   2.00   -inf  -nan   8   6  14   5 287.89
    4   2018 12 15 02:25:56.715     8756.715  0.4604 31.0205 110.4405   8.00   -inf  -nan   9  11  20   7  87.12
    5   2018 12 15 02:42:22.526     9742.526  0.1636 30.8105 111.3305   0.00   -inf  -nan   3   2   5   1 322.31
    6   2018 12 15 03:07:12.163    11232.163  0.4409 31.0805 109.8805   0.00   -inf  -nan   3   3   6   2 226.05
    7   2018 12 15 03:41:25.636    13285.636  0.4181 31.2705 110.8405   4.00   -inf  -nan  16   5  21   5 233.32
    8   2018 12 15 04:08:59.408    14939.408  0.1638 30.8905 111.4005  10.00   -inf  -nan   5   4   9   4 331.90
    9   2018 12 15 04:09:36.496    14976.496  0.2504 30.8105 111.4005   6.00   -inf  -nan   7   4  11   2 320.99
   10   2018 12 15 04:10:16.111    15016.111  0.1265 30.9305 111.4005  10.00   -inf  -nan   6   2   8   2 321.20
   11   2018 12 15 04:24:22.036    15862.036  0.2696 31.1305 110.2305   0.00   -inf  -nan   7   4  11   3 101.40
   12   2018 12 15 04:34:34.799    16474.799  0.3863 31.0105 110.4505   0.00   -inf  -nan  16   8  24   7  83.47
   13   2018 12 15 05:04:44.376    18284.376  0.2257 31.0605 109.8605   4.00   -inf  -nan   4   2   6   2 232.70
   14   2018 12 15 05:07:05.191    18425.191  0.2119 31.2405 109.8405   6.00   -inf  -nan   3   3   6   1 331.07
   15   2018 12 15 05:08:32.568    18512.568  0.1946 30.9405 110.7805   6.00   -inf  -nan   6   6  12   6 182.72
   16   2018 12 15 06:23:36.812    23016.812  0.2603 31.2105 110.3505   4.00   -inf  -nan   7   2   9   2 267.56
   17   2018 12 15 06:29:37.405    23377.405  0.3048 31.1605 110.3605   0.00   -inf  -nan   6   4  10   3 175.05
   18   2018 12 15 06:32:54.342    23574.342  0.4986 31.0505 110.2305   4.00   -inf  -nan   5   6  11   4 111.37
   19   2018 12 15 06:40:53.308    24053.308  0.2482 31.2105 110.3805   0.00   -inf  -nan   6   2   8   2 210.16
   20   2018 12 15 07:04:26.638    25466.638  0.3033 31.1205 110.0405   6.00   -inf  -nan  12   5  17   4 185.39
   21   2018 12 15 07:18:48.345    26328.345  0.1361 30.8505 111.1305   4.00   -inf  -nan   9   4  13   4 210.25
   22   2018 12 15 07:21:47.611    26507.611  0.3068 31.1305 110.2305   0.00   -inf  -nan   8   4  12   4 101.40
   23   2018 12 15 08:30:53.390    30653.390  0.3793 30.7705 110.9205   4.00   -inf  -nan   6   8  14   6 187.23
   24   2018 12 15 09:08:00.271    32880.271  0.2121 30.9305 111.2805   6.00   -inf  -nan  11   5  16   5 305.54
   25   2018 12 15 09:25:56.747    33956.747  0.3913 30.7005 111.0505   2.00   -inf  -nan   4   4   8   2 242.57
   26   2018 12 15 10:05:16.731    36316.731  0.3956 31.0605 110.4405   0.00   -inf  -nan   4   4   8   4 210.88
   27   2018 12 15 10:56:20.504    39380.504  0.3261 31.0505 110.4505   8.00   -inf  -nan   6   6  12   5 109.19
   28   2018 12 15 11:03:29.705    39809.705  0.4529 31.0605 110.7505   8.00   -inf  -nan   6   4  10   3  92.31
   29   2018 12 15 14:08:27.295    50907.295  0.2249 31.0805 110.2505   0.00   -inf  -nan   6   4  10   3 127.13
   30   2018 12 15 14:13:32.408    51212.408  0.1605 31.1405 110.2905   0.00   -inf  -nan   6   2   8   2 138.84
   31   2018 12 15 14:41:57.236    52917.236  0.4679 30.9705 110.4605  20.00   -inf  -nan   4   2   6   1 111.42
   32   2018 12 15 15:24:55.080    55495.080  0.2036 31.1805 110.3305   4.00   -inf  -nan   9   2  11   2 181.29
   33   2018 12 15 16:25:06.418    59106.418  0.3235 31.0105 110.4705   6.00   -inf  -nan   8   7  15   7  85.46
   34   2018 12 15 17:29:49.656    62989.656  0.2308 31.1605 110.3605   2.00   -inf  -nan   5   2   7   2 192.54
   35   2018 12 15 22:09:27.614    79767.614  0.1958 30.8505 111.1305   6.00   -inf  -nan   3   2   5   2 232.15
   36   2018 12 15 23:42:05.082    85325.082  0.3009 30.8105 111.1705   4.00   -inf  -nan  11   4  15   4 249.55
    1   2018 12 16 00:42:46.209     2566.209  0.2092 30.8905 111.1305   0.00   -inf  -nan   5   2   7   2 164.15
    2   2018 12 16 02:18:05.042     8285.042  0.2972 30.8605 111.2305  10.00   -inf  -nan   4   3   7   2 289.00
    3   2018 12 16 02:28:01.827     8881.827  0.3213 30.8105 111.2405   4.00   -inf  -nan   5   2   7   2 279.73
    4   2018 12 16 02:50:20.926    10220.926  0.3397 30.8905 110.7205   0.00   -inf  -nan  12   9  21   8  97.68
    5   2018 12 16 03:05:12.928    11112.928  0.4619 31.3205 110.2405   0.00   -inf  -nan   4   3   7   3 268.17
    6   2018 12 16 03:40:09.440    13209.440  0.3915 31.1005 109.7805   6.00   -inf  -nan   5   4   9   4 269.41
    7   2018 12 16 03:47:31.726    13651.726  0.3950 31.0805 109.8005   2.00   -inf  -nan   9   4  13   3 260.58
    8   2018 12 16 05:02:36.985    18156.985  0.3019 31.2405 110.0405   8.00   -inf  -nan   7   2   9   2 237.39
    9   2018 12 16 05:57:17.443    21437.443  0.3741 30.9805 110.4005   0.00   -inf  -nan   9   6  15   4 105.50
   10   2018 12 16 06:15:33.921    22533.921  0.3297 31.3305 110.9105   0.00   -inf  -nan   9   6  15   4 262.08
   11   2018 12 16 06:24:10.703    23050.703  0.3967 31.1205 110.0005  12.00   -inf  -nan  11   7  18   5 215.71
   12   2018 12 16 06:24:33.075    23073.075  0.4104 31.2505 110.7205   0.00   -inf  -nan   3   2   5   1 280.10
   13   2018 12 16 06:38:03.847    23883.847  0.2448 30.8105 111.2505   8.00   -inf  -nan   7   4  11   4 321.05
   14   2018 12 16 06:59:13.828    25153.828  0.1825 30.8105 111.2405   6.00   -inf  -nan   5   4   9   4 279.73
   15   2018 12 16 07:35:02.467    27302.467  0.4459 31.0505 110.4705  14.00   -inf  -nan  16  14  30  12 112.16
   16   2018 12 16 09:17:47.570    33467.570  0.1510 30.8505 111.1305   4.00   -inf  -nan   9   4  13   3 210.25
   17   2018 12 16 10:02:30.413    36150.413  0.2445 31.0505 110.4605   0.00   -inf  -nan   7   2   9   2 111.60
   18   2018 12 16 10:02:43.886    36163.886  0.1405 30.8505 111.1305   6.00   -inf  -nan   7   6  13   5 210.75
   19   2018 12 16 11:42:09.266    42129.266  0.3837 31.0305 110.4805   0.00   -inf  -nan   6   4  10   3  98.79
   20   2018 12 16 14:53:53.652    53633.652  0.3392 31.0605 110.4605  10.00   -inf  -nan   7   4  11   4 120.13
   21   2018 12 16 14:55:49.593    53749.593  0.2137 30.8505 111.1605   4.00   -inf  -nan   3   2   5   2 227.22
   22   2018 12 16 16:27:02.691    59222.691  0.3247 30.7505 110.7805  14.00   -inf  -nan   7   6  13   4 143.65
   23   2018 12 16 16:50:01.672    60601.672  0.1626 30.7805 110.7705   8.00   -inf  -nan   5   5  10   4 110.23
   24   2018 12 16 17:57:40.435    64660.435  0.3980 31.1805 110.3405   0.00   -inf  -nan   5   3   8   3 199.20
   25   2018 12 16 19:08:12.294    68892.294  0.0813 31.1805 110.1705  10.00   -inf  -nan   3   2   5   2 123.15
   26   2018 12 16 22:53:04.751    82384.751  0.1249 31.1605 110.1305   2.00   -inf  -nan   3   2   5   2 147.11
   27   2018 12 16 23:27:53.867    84473.867  0.1523 30.8505 111.1305   4.00   -inf  -nan   7   6  13   5 210.25
    1   2018 12 17 01:34:46.765     5686.765  0.3564 31.0805 110.8205   8.00   -inf  -nan  12  13  25  10 124.12
    2   2018 12 17 01:37:55.949     5875.949  0.2813 31.0105 110.3805   0.00   -inf  -nan   3   2   5   2 208.58
    3   2018 12 17 02:22:24.226     8544.226  0.3762 30.8105 111.1705   2.00   -inf  -nan   9   6  15   5 242.73
    4   2018 12 17 03:37:28.216    13048.216  0.2643 31.0205 110.9905  20.00   -inf  -nan   4   2   6   1 158.12
    5   2018 12 17 04:02:14.627    14534.627  0.2479 30.9305 111.2805   6.00   -inf  -nan   4   4   8   2 309.47
    6   2018 12 17 05:01:13.413    18073.413  0.3016 31.0905 110.3005   0.00   -inf  -nan   6   2   8   1  91.04
    7   2018 12 17 06:18:11.603    22691.603  0.2904 30.8205 111.2505   0.00   -inf  -nan  11   6  17   5 277.50
    8   2018 12 17 06:33:48.078    23628.078  0.2960 31.1205 110.0405   6.00   -inf  -nan  15   6  21   6 185.39
    9   2018 12 17 06:41:37.288    24097.288  0.3544 30.9005 110.7205   2.00   -inf  -nan  14   8  22   8  94.62
   10   2018 12 17 07:16:12.008    26172.008  0.2183 30.8505 111.1305   8.00   -inf  -nan   7   5  12   4 210.25
   11   2018 12 17 07:42:05.206    27725.206  0.4129 30.9705 110.3705   0.00   -inf  -nan  13   7  20   6  88.31
   12   2018 12 17 07:58:04.533    28684.533  0.4520 31.1005 109.7805   4.00   -inf  -nan   4   3   7   3 269.41
   13   2018 12 17 08:04:04.372    29044.372  0.1526 31.2005 109.8805  14.00   -inf  -nan   5   3   8   2 307.69
   14   2018 12 17 08:07:50.543    29270.543  0.1736 31.1305 109.8705  10.00   -inf  -nan   4   3   7   3 313.39
   15   2018 12 17 09:01:00.585    32460.585  0.2621 31.0905 110.6205   2.00   -inf  -nan   3   2   5   1 175.47
   16   2018 12 17 09:03:44.434    32624.434  0.3805 31.3405 110.0105   2.00   -inf  -nan   5   4   9   3 284.70
   17   2018 12 17 09:15:03.041    33303.041  0.2207 31.3405 110.0905   2.00   -inf  -nan   6   2   8   2 271.46
   18   2018 12 17 10:31:04.353    37864.353  0.0851 30.9305 110.8005   8.00   -inf  -nan   4   2   6   1  98.56
   19   2018 12 17 14:58:00.908    53880.908  0.2336 30.8605 110.7405  10.00   -inf  -nan  10   8  18   7  99.04
   20   2018 12 17 16:23:27.244    59007.244  0.3908 31.0505 110.4605   6.00   -inf  -nan  18  13  31  13 109.45
   21   2018 12 17 16:28:15.600    59295.600  0.3218 30.8505 111.1605   6.00   -inf  -nan   6   2   8   2 227.22
   22   2018 12 17 18:04:34.667    65074.667  0.2065 31.1405 110.2905   0.00   -inf  -nan   9   2  11   2 138.84
   23   2018 12 17 19:26:40.991    70000.991  0.2740 31.1705 110.3405   0.00   -inf  -nan   5   2   7   2 206.23
   24   2018 12 17 19:56:22.499    71782.499  0.1397 31.1705 110.3805   4.00   -inf  -nan   3   2   5   2 265.54
   25   2018 12 17 20:25:04.838    73504.838  0.2930 31.0505 110.4505   0.00   -inf  -nan   7   6  13   6 109.19
   26   2018 12 17 23:06:51.472    83211.472  0.1621 31.0205 110.8705  16.00   -inf  -nan   5   4   9   3 220.43
    1   2018 12 18 01:10:57.100     4257.100  0.2257 30.8505 111.1305   6.00   -inf  -nan   8   6  14   5 210.25
    2   2018 12 18 01:11:42.148     4302.148  0.2096 30.8505 111.1305   4.00   -inf  -nan   7   7  14   5 210.25
    3   2018 12 18 03:55:05.748    14105.748  0.3069 31.3005 110.2505   0.00   -inf  -nan   4   3   7   3 261.99
    4   2018 12 18 04:16:18.435    15378.435  0.4715 31.0605 110.3205   0.00   -inf  -nan   7   8  15   6  85.89
    5   2018 12 18 04:41:10.302    16870.302  0.3332 30.9805 110.4005   2.00   -inf  -nan  12   4  16   3  82.74
    6   2018 12 18 05:49:31.093    20971.093  0.3182 31.2005 109.7605   0.00   -inf  -nan   4   4   8   3 288.98
    7   2018 12 18 06:02:57.058    21777.058  0.3251 31.1205 110.0405   6.00   -inf  -nan  13   4  17   4 185.39
    8   2018 12 18 06:14:05.625    22445.625  0.2421 30.8605 111.1305   8.00   -inf  -nan  11   4  15   4 204.21
    9   2018 12 18 06:15:40.791    22540.791  0.1250 30.8505 111.1305   6.00   -inf  -nan   7   4  11   4 210.75
   10   2018 12 18 06:18:01.930    22681.930  0.1920 30.8505 111.1305   4.00   -inf  -nan   9  10  19   7 210.25
   11   2018 12 18 06:18:56.548    22736.548  0.4186 30.6305 110.7805   6.00   -inf  -nan   6   3   9   2 263.47
   12   2018 12 18 11:11:22.756    40282.756  0.1819 31.1405 110.1605  14.00   -inf  -nan   3   2   5   1 146.73
   13   2018 12 18 12:32:30.213    45150.213  0.3330 30.8905 111.1305   8.00   -inf  -nan   6   4  10   4 164.15
   14   2018 12 18 15:32:14.543    55934.543  0.3850 31.0205 110.4405  20.00   -inf  -nan   5   3   8   2 128.00
   15   2018 12 18 18:22:30.605    66150.605  0.3446 30.8505 111.1605   4.00   -inf  -nan   7   3  10   3 227.22
   16   2018 12 18 20:06:00.943    72360.943  0.2936 31.1705 110.3005   0.00   -inf  -nan   9   2  11   2 191.55
   17   2018 12 18 20:07:28.600    72448.600  0.2581 31.1705 110.3405   0.00   -inf  -nan   5   2   7   2 224.34
   18   2018 12 18 21:03:19.674    75799.674  0.3047 31.0505 110.4605  10.00   -inf  -nan   7   5  12   5 111.60
   19   2018 12 18 23:18:01.387    83881.387  0.1543 30.8505 111.1305   4.00   -inf  -nan   8   6  14   5 210.25
   20   2018 12 18 23:19:00.719    83940.719  0.2851 30.8505 111.1305   4.00   -inf  -nan   9   9  18   6 210.25
   21   2018 12 18 23:20:46.087    84046.087  0.1598 30.8505 111.1305   6.00   -inf  -nan  13   7  20   7 210.75
    1   2018 12 19 00:36:28.760     2188.760  0.1800 30.8805 110.1305   8.00   -inf  -nan   3   2   5   2 234.76
    2   2018 12 19 02:20:10.376     8410.376  0.2025 31.2105 110.3805   0.00   -inf  -nan   7   2   9   2 210.16
    3   2018 12 19 02:21:57.055     8517.055  0.4325 31.0505 110.2305   6.00   -inf  -nan  14  14  28  11  64.90
    4   2018 12 19 02:24:51.814     8691.814  0.2483 30.8505 111.2405   8.00   -inf  -nan   5   2   7   2 278.91
    5   2018 12 19 02:55:24.233    10524.233  0.3505 30.9405 110.8205  12.00   -inf  -nan   4   2   6   1 103.42
    6   2018 12 19 03:38:15.190    13095.190  0.0815 31.2105 110.2205   2.00   -inf  -nan   3   2   5   1 163.94
    7   2018 12 19 03:41:09.952    13269.952  0.3429 30.9305 110.8805   2.00   -inf  -nan   9   5  14   4  65.36
    8   2018 12 19 03:54:20.713    14060.713  0.4141 30.8505 110.7205   2.00   -inf  -nan   7   4  11   3 109.19
    9   2018 12 19 04:14:42.516    15282.516  0.2214 30.9405 110.7805  10.00   -inf  -nan   6   3   9   3  92.21
   10   2018 12 19 04:16:45.473    15405.473  0.2371 30.9405 111.3505  10.00   -inf  -nan   4   2   6   1 318.99
   11   2018 12 19 04:17:27.559    15447.559  0.2107 30.9305 111.3605   6.00   -inf  -nan   8   4  12   4 317.82
   12   2018 12 19 04:19:39.552    15579.552  0.3533 31.0805 109.8405   2.00   -inf  -nan  10   3  13   3 244.82
   13   2018 12 19 04:21:51.298    15711.298  0.3474 31.1605 109.8405  10.00   -inf  -nan  10   5  15   5 303.60
   14   2018 12 19 04:25:34.086    15934.086  0.3467 30.7805 110.9305   4.00   -inf  -nan  11   2  13   2 157.56
   15   2018 12 19 04:27:18.244    16038.244  0.1829 31.1805 109.8505  12.00   -inf  -nan   6   3   9   3 323.13
   16   2018 12 19 04:39:43.139    16783.139  0.3076 30.7805 110.9305   6.00   -inf  -nan   8   4  12   4 157.56
   17   2018 12 19 06:12:10.562    22330.562  0.3257 31.1205 109.8005   8.00   -inf  -nan   4   3   7   3 266.40
   18   2018 12 19 06:17:44.223    22664.223  0.3909 31.1205 110.0005  12.00   -inf  -nan  11   3  14   3 215.71
   19   2018 12 19 08:57:33.176    32253.176  0.2405 30.8105 111.1705   2.00   -inf  -nan   8   6  14   5 242.73
   20   2018 12 19 09:35:34.989    34534.989  0.2461 30.8505 111.1305   4.00   -inf  -nan  14   8  22   8 210.75
   21   2018 12 19 10:41:59.906    38519.906  0.1871 31.1005 110.0205  14.00   -inf  -nan   3   2   5   1 142.61
   22   2018 12 19 12:26:00.258    44760.258  0.3345 30.9405 110.5005   0.00   -inf  -nan   3   2   5   2 199.27
   23   2018 12 19 13:03:49.203    47029.203  0.2749 30.8905 111.0405   2.00   -inf  -nan   4   2   6   1 158.22
   24   2018 12 19 13:16:04.143    47764.143  0.1487 30.8905 111.1305   4.00   -inf  -nan   8   3  11   3 164.15
   25   2018 12 19 16:19:02.877    58742.877  0.2096 31.0505 110.4605   0.00   -inf  -nan   5   5  10   3 111.60
   26   2018 12 19 17:42:35.845    63755.845  0.4251 30.8505 111.1205  10.00   -inf  -nan   3   4   7   3 228.13
   27   2018 12 19 18:29:31.703    66571.703  0.3634 31.0505 110.4605   6.00   -inf  -nan   8   8  16   7 111.60
   28   2018 12 19 19:52:40.991    71560.991  0.2951 30.9005 110.7605  12.00   -inf  -nan   4   3   7   1  84.40
   29   2018 12 19 20:55:00.636    75300.636  0.2355 31.1705 110.3505   0.00   -inf  -nan   5   2   7   2 215.69
   30   2018 12 19 23:13:02.815    83582.815  0.2032 30.8505 111.1305   4.00   -inf  -nan   9   7  16   6 210.25
   31   2018 12 19 23:32:17.358    84737.358  0.2222 30.8505 111.1305   6.00   -inf  -nan   8   4  12   4 210.75
    1   2018 12 20 02:29:33.137     8973.137  0.3574 30.8505 111.2405   6.00   -inf  -nan   9   6  15   5 278.91
    2   2018 12 20 02:38:32.818     9512.818  0.3008 30.8105 111.2405   4.00   -inf  -nan   3   3   6   1 308.61
    3   2018 12 20 02:43:11.407     9791.407  0.4109 31.2905 110.2605   0.00   -inf  -nan   6   3   9   3 237.46
    4   2018 12 20 02:49:21.930    10161.930  0.4821 31.3205 109.7705   2.00   -inf  -nan   3   2   5   1 342.02
    5   2018 12 20 04:30:19.904    16219.904  0.1289 31.0105 111.2405   2.00   -inf  -nan   5   2   7   2 282.31
    6   2018 12 20 05:24:00.010    19440.010  0.0919 31.2005 109.9305  10.00   -inf  -nan   3   2   5   1 306.75
    7   2018 12 20 06:28:48.746    23328.746  0.4214 31.1305 109.9505   6.00   -inf  -nan  11   7  18   6 237.54
    8   2018 12 20 06:38:06.616    23886.616  0.4597 30.9005 111.2305  16.00   -inf  -nan   6   3   9   3 286.71
    9   2018 12 20 07:18:03.804    26283.804  0.4140 31.0505 110.8805   2.00   -inf  -nan   3   3   6   2 201.25
   10   2018 12 20 07:35:23.374    27323.374  0.2516 30.8505 111.1305   4.00   -inf  -nan  12   7  19   6 210.25
   11   2018 12 20 07:59:22.932    28762.932  0.3627 30.7205 110.1305   2.00   -inf  -nan   3   2   5   1 278.41
   12   2018 12 20 08:01:40.463    28900.463  0.1650 30.8505 111.1305   4.00   -inf  -nan   7   4  11   4 210.75
   13   2018 12 20 08:04:38.476    29078.476  0.4431 30.8105 111.2005   4.00   -inf  -nan   4   2   6   1 262.70
   14   2018 12 20 08:22:32.011    30152.011  0.1952 30.9805 109.9805  20.00   -inf  -nan   3   2   5   1 178.83
   15   2018 12 20 08:53:12.125    31992.125  0.4374 31.1605 109.7605   0.00   -inf  -nan  10   5  15   5 283.92
   16   2018 12 20 09:19:16.256    33556.256  0.3136 30.9905 110.8005   0.00   -inf  -nan  13   3  16   3  67.62
   17   2018 12 20 09:53:43.355    35623.355  0.4971 31.1205 109.7705   0.00   -inf  -nan   6   4  10   4 307.79
   18   2018 12 20 12:31:49.292    45109.292  0.3115 31.0505 110.4605   8.00   -inf  -nan   7   6  13   5 111.60
   19   2018 12 20 14:29:46.050    52186.050  0.4541 31.0505 110.2305   6.00   -inf  -nan  14  14  28  12  64.90
   20   2018 12 20 14:45:16.843    53116.843  0.2700 31.1305 110.3005   0.00   -inf  -nan   5   2   7   1 131.46
   21   2018 12 20 15:47:24.795    56844.795  0.3287 31.2105 110.5905   2.00   -inf  -nan   5   2   7   2 268.33
   22   2018 12 20 17:06:43.433    61603.433  0.1319 30.9305 110.7605   6.00   -inf  -nan   3   4   7   3 176.71
   23   2018 12 20 20:57:19.678    75439.678  0.2336 30.9305 111.2105   4.00   -inf  -nan   4   2   6   2 292.28
   24   2018 12 20 23:17:38.130    83858.130  0.2016 30.8505 111.1305   6.00   -inf  -nan  12   9  21   8 210.25
   25   2018 12 20 23:35:32.687    84932.687  0.2559 30.8505 111.1305   4.00   -inf  -nan  13   8  21   8 210.75
   26   2018 12 20 23:46:38.597    85598.597  0.4368 31.0505 110.2305   6.00   -inf  -nan  14  14  28  11  64.90
   27   2018 12 20 23:47:50.254    85670.254  0.3217 31.0505 110.4505   0.00   -inf  -nan   9   7  16   6 109.19
    1   2018 12 21 00:06:41.146      401.146  0.1740 31.0205 110.8605  16.00   -inf  -nan   7   5  12   5 136.33
    2   2018 12 21 03:02:33.622    10953.622  0.3988 30.9805 110.4005   0.00   -inf  -nan  14   9  23   6  82.74
    3   2018 12 21 03:44:49.489    13489.489  0.2563 31.2205 110.0505   6.00   -inf  -nan   8   6  14   6 205.54
    4   2018 12 21 04:17:25.222    15445.222  0.3816 30.8405 110.3705   0.00   -inf  -nan   4   7  11   3 182.30
    5   2018 12 21 05:29:58.817    19798.817  0.2452 30.9805 110.8005   0.00   -inf  -nan  16   3  19   3 117.26
    6   2018 12 21 06:02:15.606    21735.606  0.1668 30.8505 111.1305   4.00   -inf  -nan   4   6  10   4 210.25
    7   2018 12 21 07:57:49.594    28669.594  0.2329 31.0505 110.4605   6.00   -inf  -nan   6   3   9   3 111.60
    8   2018 12 21 08:11:50.861    29510.861  0.1845 31.3405 110.0905   8.00   -inf  -nan   4   2   6   1 290.68
    9   2018 12 21 08:32:00.163    30720.163  0.3553 31.3005 110.0905   6.00   -inf  -nan   4   2   6   2 266.79
   10   2018 12 21 08:33:29.631    30809.631  0.1245 30.6705 110.9405  20.00   -inf  -nan   3   2   5   1 241.93
   11   2018 12 21 08:35:14.706    30914.706  0.1391 30.8505 111.1305   6.00   -inf  -nan  10   4  14   4 210.75
   12   2018 12 21 08:53:44.784    32024.784  0.3463 31.1205 109.7705   0.00   -inf  -nan   6   4  10   4 307.79
   13   2018 12 21 09:03:39.420    32619.420  0.2118 30.9705 111.2905   2.00   -inf  -nan   6   3   9   2 308.19
   14   2018 12 21 11:53:27.880    42807.880  0.2825 31.0505 110.4605   0.00   -inf  -nan   7   7  14   6 111.60
   15   2018 12 21 14:12:40.128    51160.128  0.2311 30.8905 111.0005   6.00   -inf  -nan   4   2   6   2 131.70
   16   2018 12 21 15:50:39.090    57039.090  0.2758 30.8505 111.1705   8.00   -inf  -nan   7   3  10   2 233.42
   17   2018 12 21 21:18:26.861    76706.861  0.1473 30.8905 111.1305   4.00   -inf  -nan   6   2   8   2 164.15
   18   2018 12 21 23:37:48.187    85068.187  0.1933 30.8505 111.1305   4.00   -inf  -nan   9   7  16   6 210.25
    1   2018 12 22 00:14:10.462      850.462  0.3461 31.1605 110.3205   0.00   -inf  -nan   7   2   9   2 188.91
    2   2018 12 22 00:41:33.044     2493.044  0.3821 31.0205 110.4405   6.00   -inf  -nan  16  18  34  13  87.12
    3   2018 12 22 02:54:52.040    10492.040  0.4870 30.9705 110.3805   0.00   -inf  -nan  10   7  17   5 118.57
    4   2018 12 22 03:11:21.135    11481.135  0.3238 31.1005 109.9805   0.00   -inf  -nan  12  10  22   7 219.81
    5   2018 12 22 03:17:59.487    11879.487  0.3821 31.2605 110.8205   0.00   -inf  -nan  10   3  13   3 263.65
    6   2018 12 22 05:18:41.480    19121.480  0.4653 31.1805 110.1705  20.00   -inf  -nan   3   2   5   2 123.15
    7   2018 12 22 06:26:30.668    23190.668  0.1938 30.7705 111.3205  14.00   -inf  -nan   8   2  10   1 304.64
    8   2018 12 22 06:42:34.556    24154.556  0.2763 30.8205 111.2705   2.00   -inf  -nan   9   9  18   7 285.36
    9   2018 12 22 07:02:39.130    25359.130  0.1864 30.8505 111.1305   4.00   -inf  -nan  13   4  17   4 210.75
   10   2018 12 22 08:35:02.528    30902.528  0.3695 30.8505 111.2805   0.00   -inf  -nan   3   4   7   1 294.25
   11   2018 12 22 08:57:08.384    32228.384  0.1780 30.8505 111.1305   2.00   -inf  -nan   6   6  12   5 210.25
   12   2018 12 22 12:13:32.839    44012.839  0.3066 31.1705 110.4705   8.00   -inf  -nan  14  13  27  12 169.94
   13   2018 12 22 17:49:44.515    64184.515  0.2954 31.1405 110.4105   6.00   -inf  -nan  13  12  25  11 151.87
   14   2018 12 22 19:43:33.499    71013.499  0.2074 30.9405 110.7805   6.00   -inf  -nan   8   6  14   6 146.46
   15   2018 12 22 20:10:17.379    72617.379  0.2815 31.1805 110.4805   8.00   -inf  -nan   3   3   6   2 254.20
   16   2018 12 22 20:21:27.702    73287.702  0.0839 31.0205 110.4405   8.00   -inf  -nan   4   4   8   4 166.62
   17   2018 12 22 20:39:25.481    74365.481  0.1901 31.3205 110.6605  10.00   -inf  -nan   3   3   6   2 305.17
   18   2018 12 22 21:09:59.654    76199.654  0.2031 31.1605 110.2805   0.00   -inf  -nan  11   8  19   8 150.45
   19   2018 12 22 22:02:16.495    79336.495  0.2646 31.0905 110.0705  10.00   -inf  -nan  11   7  18   7 177.67
   20   2018 12 22 23:26:14.045    84374.045  0.1519 30.8505 111.1305   4.00   -inf  -nan   8   2  10   1 210.25
    1   2018 12 23 00:51:48.925     3108.925  0.3284 30.9405 110.7805   8.00   -inf  -nan  11   9  20   8  92.21
    2   2018 12 23 01:02:54.363     3774.363  0.1005 30.8505 111.1305   6.00   -inf  -nan   7   6  13   6 210.75
    3   2018 12 23 03:24:19.741    12259.741  0.2430 30.7705 110.8805   2.00   -inf  -nan   5   3   8   1 166.00
    4   2018 12 23 03:32:29.200    12749.200  0.1676 30.8105 111.2505  12.00   -inf  -nan   4   2   6   2 309.78
    5   2018 12 23 03:34:45.001    12885.001  0.2616 30.8105 111.2405   8.00   -inf  -nan   5   4   9   3 279.73
    6   2018 12 23 03:38:25.925    13105.925  0.2235 30.9305 111.3605  14.00   -inf  -nan   3   4   7   3 320.89
    7   2018 12 23 03:53:12.800    13992.800  0.1987 30.9405 111.2305   0.00   -inf  -nan   3   2   5   1 296.96
    8   2018 12 23 03:58:26.183    14306.183  0.2496 30.9005 110.7205   0.00   -inf  -nan  18   7  25   7  94.62
    9   2018 12 23 04:07:17.882    14837.882  0.2323 30.7305 111.1705   4.00   -inf  -nan   6   3   9   3 313.39
   10   2018 12 23 04:42:41.227    16961.227  0.2586 31.1205 109.8805   2.00   -inf  -nan   3   2   5   2 309.02
   11   2018 12 23 06:51:14.201    24674.201  0.1879 31.0905 110.0605   0.00   -inf  -nan   5   2   7   2 322.84
   12   2018 12 23 07:24:16.586    26656.586  0.4042 31.2505 110.3505   0.00   -inf  -nan  10   8  18   5 242.66
   13   2018 12 23 07:39:39.002    27579.002  0.1404 30.7305 111.1705   4.00   -inf  -nan   5   4   9   3 313.39
   14   2018 12 23 07:46:33.267    27993.267  0.3148 31.1205 110.0405   8.00   -inf  -nan  14   4  18   4 185.39
   15   2018 12 23 08:22:47.661    30167.661  0.1671 30.8505 111.1305   6.00   -inf  -nan   8   7  15   7 210.75
   16   2018 12 23 10:20:25.504    37225.504  0.3242 30.9805 110.7805   0.00   -inf  -nan  16   8  24   8  63.69
   17   2018 12 23 18:12:11.087    65531.087  0.4302 31.0505 110.2705   0.00   -inf  -nan   5   2   7   2  98.99
   18   2018 12 23 19:36:28.696    70588.696  0.2021 31.1605 110.2405   6.00   -inf  -nan  10   4  14   4 127.07
   19   2018 12 23 22:33:38.017    81218.017  0.3294 30.8905 111.0405   2.00   -inf  -nan   4   3   7   2 158.22
   20   2018 12 23 23:21:06.706    84066.706  0.2027 30.8505 111.1305   6.00   -inf  -nan   8   5  13   5 210.75
   21   2018 12 23 23:39:39.166    85179.166  0.1559 30.8505 111.1305   6.00   -inf  -nan  13   8  21   7 210.75
   22   2018 12 23 23:40:36.603    85236.603  0.1237 30.9405 110.5205   6.00   -inf  -nan   3   2   5   2 182.01
    1   2018 12 24 00:32:57.012     1977.012  0.2718 31.1405 110.2905   0.00   -inf  -nan   8   2  10   2 138.84
    2   2018 12 24 01:50:30.109     6630.109  0.1469 30.7405 110.8905  10.00   -inf  -nan   3   2   5   1 215.94
    3   2018 12 24 01:59:11.960     7151.960  0.1629 31.1405 109.7805   8.00   -inf  -nan   3   2   5   1 275.70
    4   2018 12 24 02:06:46.797     7606.797  0.4641 30.9005 110.7205   0.00   -inf  -nan   5   4   9   2 143.19
    5   2018 12 24 02:27:41.158     8861.158  0.2656 30.8105 111.2405   4.00   -inf  -nan  10   5  15   4 273.09
    6   2018 12 24 03:16:24.565    11784.565  0.2782 30.8305 110.7805   4.00   -inf  -nan   5   3   8   2 127.11
    7   2018 12 24 03:19:34.079    11974.079  0.2202 31.1705 109.8305  14.00   -inf  -nan   6   3   9   3 321.92
    8   2018 12 24 03:21:30.339    12090.339  0.4499 31.1005 109.7805   2.00   -inf  -nan   7   5  12   4 269.41
    9   2018 12 24 04:06:07.033    14767.033  0.4432 31.1705 110.3805   0.00   -inf  -nan  10   5  15   5 174.23
   10   2018 12 24 04:21:40.093    15700.093  0.2040 30.8905 111.0405   2.00   -inf  -nan   4   3   7   2 146.75
   11   2018 12 24 04:33:15.923    16395.923  0.4464 30.8405 110.5305   0.00   -inf  -nan   9   6  15   4 184.20
   12   2018 12 24 05:26:22.502    19582.502  0.3395 30.8505 111.1205  12.00   -inf  -nan   7   3  10   2 205.95
   13   2018 12 24 05:56:43.899    21403.899  0.3127 31.1405 110.1305   0.00   -inf  -nan   3   2   5   2 161.30
   14   2018 12 24 06:35:47.641    23747.641  0.3732 30.7705 111.2805   2.00   -inf  -nan   6   2   8   2 295.26
   15   2018 12 24 06:40:51.247    24051.247  0.2035 30.8105 111.2805   8.00   -inf  -nan   6   6  12   6 294.33
   16   2018 12 24 07:05:52.305    25552.305  0.3778 31.1405 109.9405   6.00   -inf  -nan  11   6  17   4 212.46
   17   2018 12 24 07:51:22.266    28282.266  0.2612 31.0805 109.8805   2.00   -inf  -nan   4   2   6   2 226.05
   18   2018 12 24 08:10:04.407    29404.407  0.3438 30.9405 110.0205  14.00   -inf  -nan   5   2   7   2 149.60
   19   2018 12 24 08:15:18.984    29718.984  0.2273 30.9405 110.0205  14.00   -inf  -nan   8   3  11   3 149.60
   20   2018 12 24 08:50:05.006    31805.006  0.1596 30.8505 111.1305   6.00   -inf  -nan  11   5  16   5 210.75
   21   2018 12 24 08:59:09.273    32349.273  0.2765 31.1205 109.8005   0.00   -inf  -nan   3   3   6   3 324.28
   22   2018 12 24 19:09:45.426    68985.426  0.2831 31.1405 110.2505  10.00   -inf  -nan   4   3   7   3 119.07
   23   2018 12 24 19:49:12.010    71352.010  0.3040 31.1705 110.3505   0.00   -inf  -nan   3   2   5   2 287.26
   24   2018 12 24 22:39:48.125    81588.125  0.1619 30.8905 111.0405   4.00   -inf  -nan   5   2   7   2 146.75
   25   2018 12 24 22:58:38.089    82718.089  0.0897 31.1605 110.3205   8.00   -inf  -nan   3   2   5   2 178.77
   26   2018 12 24 23:12:00.829    83520.829  0.3887 31.0805 110.8205   6.00   -inf  -nan   9  11  20   7 124.12
   27   2018 12 24 23:15:57.294    83757.294  0.2976 30.8505 111.1305   2.00   -inf  -nan   9   6  15   5 210.25
    1   2018 12 25 00:04:02.514      242.514  0.2755 30.8605 111.1105   4.00   -inf  -nan  12   8  20   7 191.29
    2   2018 12 25 01:55:15.776     6915.776  0.3384 30.8105 111.2805   2.00   -inf  -nan   8   4  12   4 294.33
    3   2018 12 25 02:25:08.932     8708.932  0.3557 30.8205 111.3505   6.00   -inf  -nan   7   2   9   2 313.41
    4   2018 12 25 03:03:54.850    11034.850  0.4283 30.9805 110.4005   0.00   -inf  -nan  13   6  19   4 105.49
    5   2018 12 25 03:38:51.387    13131.387  0.4838 31.1305 110.5905   0.00   -inf  -nan   3   2   5   2 266.88
    6   2018 12 25 03:45:39.866    13539.866  0.3900 31.0305 110.4805   0.00   -inf  -nan  15   4  19   4  98.79
    7   2018 12 25 04:34:57.192    16497.192  0.1891 30.8505 111.1305   2.00   -inf  -nan   8   5  13   5 210.75
    8   2018 12 25 05:05:49.208    18349.208  0.3551 31.1405 110.2905   0.00   -inf  -nan   8   2  10   2 138.84
    9   2018 12 25 05:58:02.982    21482.982  0.2502 30.8605 110.9305   0.00   -inf  -nan  11   6  17   6  85.90
   10   2018 12 25 06:12:22.565    22342.565  0.2342 30.9405 110.9505   0.00   -inf  -nan  10   8  18   8  93.06
   11   2018 12 25 07:01:26.506    25286.506  0.2867 31.1805 110.1305  12.00   -inf  -nan   3   2   5   2 140.16
   12   2018 12 25 07:27:05.649    26825.649  0.3351 30.8105 111.2805   4.00   -inf  -nan   9   6  15   5 294.33
   13   2018 12 25 08:22:23.490    30143.490  0.1795 30.8505 111.1305   6.00   -inf  -nan  11   4  15   4 210.75
   14   2018 12 25 10:33:03.469    37983.469  0.4907 31.1305 110.3905  16.00   -inf  -nan   4   2   6   1 154.66
   15   2018 12 25 11:24:13.076    41053.076  0.3395 30.8805 110.1305   0.00   -inf  -nan   4   5   9   4 299.27
   16   2018 12 25 14:50:49.918    53449.918  0.1618 30.8905 111.1305   4.00   -inf  -nan   6   2   8   2 164.15
   17   2018 12 25 20:55:59.193    75359.193  0.1703 31.1805 110.1705  12.00   -inf  -nan   3   2   5   2 123.15
   18   2018 12 25 21:27:48.938    77268.938  0.1396 31.0505 110.5105  14.00   -inf  -nan   4   2   6   2 238.39
   19   2018 12 25 23:42:21.871    85341.871  0.1762 30.8505 111.1305   6.00   -inf  -nan  13   8  21   8 210.75
    1   2018 12 26 02:34:03.330     9243.330  0.4094 30.8205 110.9205   2.00   -inf  -nan   5   2   7   2 188.20
    2   2018 12 26 03:40:59.822    13259.822  0.3186 31.2005 110.0005  12.00   -inf  -nan   7   5  12   5 223.19
    3   2018 12 26 03:50:39.901    13839.901  0.3521 31.2205 110.0505   6.00   -inf  -nan  11   8  19   7 205.54
    4   2018 12 26 04:19:08.029    15548.029  0.2816 31.2605 110.2505   0.00   -inf  -nan   8   6  14   4 214.37
    5   2018 12 26 06:18:19.131    22699.131  0.2370 30.8505 111.1305   8.00   -inf  -nan   3   2   5   2 232.15
    6   2018 12 26 06:40:25.990    24025.990  0.2802 31.1205 110.8205   2.00   -inf  -nan  16   4  20   4 159.94
    7   2018 12 26 08:04:54.353    29094.353  0.1594 30.8505 111.1305   6.00   -inf  -nan  10   6  16   6 210.75
    8   2018 12 26 11:52:21.657    42741.657  0.1850 30.8305 110.2405   0.00   -inf  -nan   5   6  11   3 220.06
    9   2018 12 26 13:10:11.547    47411.547  0.3841 31.1705 110.3105   0.00   -inf  -nan   9   4  13   4 168.79
   10   2018 12 26 18:20:35.645    66035.645  0.1896 31.0205 110.4405   6.00   -inf  -nan   3   3   6   3 166.62
   11   2018 12 26 22:01:13.956    79273.956  0.2343 30.9305 111.2005   2.00   -inf  -nan   6   2   8   2 279.86
   12   2018 12 26 23:37:06.642    85026.642  0.3038 30.8205 111.1705   6.00   -inf  -nan  16   9  25   9 240.25
   13   2018 12 26 23:46:49.957    85609.957  0.2106 30.8505 111.1305   4.00   -inf  -nan  15   2  17   2 210.75
    1   2018 12 27 01:11:53.807     4313.807  0.4323 31.0205 110.4405   6.00   -inf  -nan  19  16  35  15  87.12
    2   2018 12 27 01:45:59.266     6359.266  0.2148 30.8505 111.2805  10.00   -inf  -nan   5   3   8   3 310.92
    3   2018 12 27 02:28:15.693     8895.693  0.3121 30.9105 110.5205   8.00   -inf  -nan   3   2   5   2 162.76
    4   2018 12 27 02:40:04.846     9604.846  0.3843 31.0905 109.9505   8.00   -inf  -nan  12   8  20   6 227.09
    5   2018 12 27 02:53:15.671    10395.671  0.1712 31.2005 109.8405   0.00   -inf  -nan   3   3   6   2 311.82
    6   2018 12 27 03:00:21.061    10821.061  0.3189 30.9405 110.5405   4.00   -inf  -nan   5   3   8   3 136.21
    7   2018 12 27 03:07:47.479    11267.479  0.3730 30.9805 110.4005   0.00   -inf  -nan  11   5  16   4  82.74
    8   2018 12 27 06:38:33.978    23913.978  0.1539 30.8505 111.1305   6.00   -inf  -nan   7   3  10   3 210.75
    9   2018 12 27 06:55:11.483    24911.483  0.2867 30.8105 111.2405   0.00   -inf  -nan  10   5  15   4 279.73
   10   2018 12 27 06:56:53.878    25013.878  0.1741 30.8105 111.2405   6.00   -inf  -nan   6   4  10   4 279.73
   11   2018 12 27 08:13:48.784    29628.784  0.2836 31.1605 109.8005   0.00   -inf  -nan   4   2   6   2 275.26
   12   2018 12 27 09:14:08.403    33248.403  0.3884 31.1205 109.7705  12.00   -inf  -nan   7   2   9   2 307.79
   13   2018 12 27 09:35:54.882    34554.882  0.2396 30.8205 111.1505   4.00   -inf  -nan  12   7  19   5 231.27
   14   2018 12 27 09:45:43.412    35143.412  0.2059 30.5905 110.7005   4.00   -inf  -nan   5   2   7   2 323.02
   15   2018 12 27 12:33:33.086    45213.086  0.3582 30.8205 110.9905  10.00   -inf  -nan   3   2   5   1 220.88
   16   2018 12 27 17:01:49.371    61309.371  0.2454 31.0605 110.4405  14.00   -inf  -nan   4   4   8   3 113.97
   17   2018 12 27 22:05:51.335    79551.335  0.2020 30.8905 111.0405   2.00   -inf  -nan   4   3   7   2 158.22
   18   2018 12 27 23:32:35.930    84755.930  0.2050 31.0205 110.2605   8.00   -inf  -nan   3   2   5   2 183.55
   19   2018 12 27 23:35:42.198    84942.198  0.1486 30.8505 111.1305   4.00   -inf  -nan  12   7  19   7 210.25
   20   2018 12 27 23:36:51.808    85011.808  0.2793 30.8105 111.1605   4.00   -inf  -nan  10   4  14   4 245.30
   21   2018 12 27 23:37:13.389    85033.389  0.2662 30.8505 111.1305   6.00   -inf  -nan   9   6  15   4 210.25
    1   2018 12 28 02:29:11.373     8951.373  0.3293 30.8105 111.2805   0.00   -inf  -nan   5   3   8   3 294.33
    2   2018 12 28 02:43:57.736     9837.736  0.2276 30.8505 111.1205   6.00   -inf  -nan  10   3  13   3 205.95
    3   2018 12 28 03:10:50.751    11450.751  0.2854 30.8105 111.2505   6.00   -inf  -nan   3   2   5   1 301.08
    4   2018 12 28 03:48:46.348    13726.348  0.1507 31.1405 109.8505   8.00   -inf  -nan   3   2   5   2 319.61
    5   2018 12 28 03:52:41.500    13961.500  0.2284 31.1605 109.8105   8.00   -inf  -nan   9   5  14   3 308.48
    6   2018 12 28 03:55:34.778    14134.778  0.4275 31.1205 109.9205   0.00   -inf  -nan   9   6  15   4 267.63
    7   2018 12 28 05:38:26.836    20306.836  0.2782 30.8505 111.1305   4.00   -inf  -nan   9   7  16   5 210.25
    8   2018 12 28 05:54:56.489    21296.489  0.2034 30.8505 111.1305   4.00   -inf  -nan  13   8  21   7 210.75
    9   2018 12 28 05:55:48.184    21348.184  0.3099 30.8105 111.2805   4.00   -inf  -nan   8   3  11   3 294.33
   10   2018 12 28 06:53:58.953    24838.953  0.2194 30.8505 111.1305   6.00   -inf  -nan   3   2   5   2 232.15
   11   2018 12 28 07:15:05.581    26105.581  0.2401 30.8105 111.2405   2.00   -inf  -nan   7   2   9   2 279.73
   12   2018 12 28 07:15:39.945    26139.945  0.3136 30.8505 111.2005   0.00   -inf  -nan   6   7  13   3 250.73
   13   2018 12 28 07:35:55.365    27355.365  0.2546 30.7905 110.7005  10.00   -inf  -nan   5   5  10   5 177.46
   14   2018 12 28 07:44:36.737    27876.737  0.3983 30.7005 111.1705   0.00   -inf  -nan   9   3  12   2 284.54
   15   2018 12 28 07:47:17.767    28037.767  0.3697 31.1705 110.3005   0.00   -inf  -nan   8   2  10   2 178.20
   16   2018 12 28 08:58:31.699    32311.699  0.3476 30.7905 110.7005  10.00   -inf  -nan   4   3   7   3 177.46
   17   2018 12 28 12:35:31.750    45331.750  0.4430 31.0605 110.4405  12.00   -inf  -nan   4   5   9   4 113.97
   18   2018 12 28 12:40:19.686    45619.686  0.2822 30.8905 110.8005   4.00   -inf  -nan   3   2   5   1 189.57
   19   2018 12 28 17:28:43.009    62923.009  0.1312 30.8905 111.1305   6.00   -inf  -nan   6   2   8   2 164.15
   20   2018 12 28 21:10:58.337    76258.337  0.1590 31.1605 109.8405   0.00   -inf  -nan   3   2   5   2 325.62
   21   2018 12 28 21:52:50.685    78770.685  0.2594 30.8905 111.0405   4.00   -inf  -nan   5   2   7   2 146.75
   22   2018 12 28 21:56:03.100    78963.100  0.3496 31.0505 110.4705  10.00   -inf  -nan   7   7  14   6 113.45
   23   2018 12 28 23:25:38.934    84338.934  0.2960 30.8505 111.1305   4.00   -inf  -nan  11   3  14   3 210.75
    1   2018 12 29 02:01:01.804     7261.804  0.3155 30.7905 110.7005  12.00   -inf  -nan   5   6  11   5 140.72
    2   2018 12 29 02:28:54.144     8934.144  0.1546 30.8505 111.1305   4.00   -inf  -nan   9   4  13   4 210.75
    3   2018 12 29 02:30:01.053     9001.053  0.2062 30.8505 111.1305   4.00   -inf  -nan  14   7  21   6 210.75
    4   2018 12 29 02:55:22.629    10522.629  0.3447 31.1305 110.5505   8.00   -inf  -nan   4   2   6   2 242.90
    5   2018 12 29 03:26:20.635    12380.635  0.3610 31.0605 110.4405   6.00   -inf  -nan   4   4   8   3 170.49
    6   2018 12 29 03:42:27.748    13347.748  0.3741 31.3005 110.8305   2.00   -inf  -nan  12   2  14   2 272.93
    7   2018 12 29 04:03:29.069    14609.069  0.1985 30.9805 111.2505   6.00   -inf  -nan   6   3   9   3 293.74
    8   2018 12 29 04:33:54.201    16434.201  0.2892 30.9405 110.9505   0.00   -inf  -nan  12   8  20   8  93.06
    9   2018 12 29 04:36:28.472    16588.472  0.2146 31.1605 109.8105  10.00   -inf  -nan   7   4  11   4 308.48
   10   2018 12 29 04:50:22.257    17422.257  0.3432 31.1605 109.8005  12.00   -inf  -nan   9   5  14   5 309.90
   11   2018 12 29 04:56:05.486    17765.486  0.3669 31.2405 109.8105  10.00   -inf  -nan   3   2   5   2 317.42
   12   2018 12 29 05:06:55.024    18415.024  0.2697 31.1205 109.8405   6.00   -inf  -nan   8   5  13   4 294.62
   13   2018 12 29 05:49:47.133    20987.133  0.2672 30.8105 111.2805   2.00   -inf  -nan   8   4  12   4 294.33
   14   2018 12 29 06:08:01.131    22081.131  0.1682 30.8105 111.2805  10.00   -inf  -nan   5   2   7   2 294.33
   15   2018 12 29 06:25:57.024    23157.024  0.2904 31.1705 110.3105   2.00   -inf  -nan   6   2   8   2 184.34
   16   2018 12 29 07:58:32.242    28712.242  0.2735 30.8505 111.1305   2.00   -inf  -nan  10   6  16   5 210.25
   17   2018 12 29 09:27:00.446    34020.446  0.1459 30.8505 111.1305   6.00   -inf  -nan   8   5  13   5 210.75
   18   2018 12 29 09:45:02.407    35102.407  0.1211 30.8005 110.2105   0.00   -inf  -nan   3   2   5   1 305.14
   19   2018 12 29 09:56:38.972    35798.972  0.4119 30.8505 111.2805  20.00   -inf  -nan   4   2   6   1 297.94
   20   2018 12 29 11:48:24.665    42504.665  0.1688 30.8905 111.1305   6.00   -inf  -nan   6   2   8   2 164.15
   21   2018 12 29 17:43:38.478    63818.478  0.2195 31.1705 110.3405   0.00   -inf  -nan   4   2   6   2 252.38
   22   2018 12 29 20:18:09.652    73089.652  0.1971 31.0605 110.2405   4.00   -inf  -nan   4   5   9   3 129.94
   23   2018 12 29 21:02:13.586    75733.586  0.0876 30.8805 110.1705  20.00   -inf  -nan   3   2   5   2 273.78
   24   2018 12 29 21:56:08.552    78968.552  0.1478 30.8405 110.1705  18.00   -inf  -nan   3   2   5   2 283.02
   25   2018 12 29 23:34:52.104    84892.104  0.2114 30.8505 111.1305   6.00   -inf  -nan  12   6  18   5 210.25
   26   2018 12 29 23:44:41.605    85481.605  0.2813 30.8105 111.1705   4.00   -inf  -nan  14   6  20   6 249.55
    1   2018 12 30 02:27:20.219     8840.219  0.1684 30.8905 111.1305   4.00   -inf  -nan   5   2   7   2 164.15
    2   2018 12 30 02:29:08.862     8948.862  0.4082 30.8505 111.2105   0.00   -inf  -nan   5   6  11   3 300.74
    3   2018 12 30 02:35:09.768     9309.768  0.2331 31.1105 110.2405   2.00   -inf  -nan   4   3   7   2 273.70
    4   2018 12 30 03:51:31.625    13891.625  0.2778 31.1205 109.8405   4.00   -inf  -nan   9   4  13   3 294.62
    5   2018 12 30 03:55:55.921    14155.921  0.3067 31.1605 109.8105   6.00   -inf  -nan   9   5  14   4 308.48
    6   2018 12 30 04:04:54.256    14694.256  0.3458 31.2005 110.7805  14.00   -inf  -nan   5   9  14   5 235.65
    7   2018 12 30 04:15:20.445    15320.445  0.1875 31.1705 109.8305  10.00   -inf  -nan   6   2   8   2 307.92
    8   2018 12 30 04:38:40.353    16720.353  0.1759 30.7705 110.8705  18.00   -inf  -nan   5   2   7   1 162.21
    9   2018 12 30 05:18:37.070    19117.070  0.2360 30.8705 110.9005   2.00   -inf  -nan  13   3  16   3  67.10
   10   2018 12 30 06:23:03.544    22983.544  0.2044 31.0805 110.1705   2.00   -inf  -nan   6   5  11   4 128.98
   11   2018 12 30 06:31:33.632    23493.632  0.3052 30.8105 111.2805   6.00   -inf  -nan   9   3  12   3 294.33
   12   2018 12 30 07:01:05.424    25265.424  0.4110 31.0305 110.4805   0.00   -inf  -nan   4   4   8   2  98.79
   13   2018 12 30 07:05:40.015    25540.015  0.2448 30.8505 111.1305   6.00   -inf  -nan  12   6  18   5 210.75
   14   2018 12 30 07:21:40.261    26500.261  0.3253 31.0905 110.3805   6.00   -inf  -nan   4   4   8   3 106.78
   15   2018 12 30 07:30:15.904    27015.904  0.3195 30.8905 111.0405   2.00   -inf  -nan   4   2   6   1  98.74
   16   2018 12 30 07:46:48.631    28008.631  0.3416 31.0905 110.3805   2.00   -inf  -nan  10   9  19   7  79.29
   17   2018 12 30 08:08:30.036    29310.036  0.2911 31.0505 110.4605   0.00   -inf  -nan  10   7  17   7 109.45
   18   2018 12 30 08:16:05.082    29765.082  0.2623 31.1705 110.3005   0.00   -inf  -nan   6   2   8   2 204.22
   19   2018 12 30 09:01:31.559    32491.559  0.2042 30.8505 111.1305   2.00   -inf  -nan  10   3  13   3 210.75
   20   2018 12 30 09:13:05.019    33185.019  0.4381 31.1805 109.7405   2.00   -inf  -nan   4   3   7   3 290.58
   21   2018 12 30 09:23:24.444    33804.444  0.3469 30.9005 110.7205   4.00   -inf  -nan  16   9  25   9  94.62
   22   2018 12 30 10:56:46.875    39406.875  0.2241 31.0505 110.4605   0.00   -inf  -nan   5   5  10   4 111.60
   23   2018 12 30 11:54:21.229    42861.229  0.1915 30.8905 111.0405   2.00   -inf  -nan   5   2   7   1  98.74
   24   2018 12 30 12:43:44.121    45824.121  0.1666 30.8905 111.1305   4.00   -inf  -nan   6   2   8   2 164.15
   25   2018 12 30 15:02:31.797    54151.797  0.3143 31.0305 110.5605   4.00   -inf  -nan   3   3   6   2 169.58
   26   2018 12 30 18:06:18.061    65178.061  0.1238 30.8905 111.1305   6.00   -inf  -nan   5   2   7   2 164.15
   27   2018 12 30 18:53:51.062    68031.062  0.3527 31.0605 110.4405   2.00   -inf  -nan   6   6  12   5 170.49
   28   2018 12 30 19:33:21.292    70401.292  0.2471 30.8505 111.1305   8.00   -inf  -nan   5   3   8   2 210.75
   29   2018 12 30 19:44:12.345    71052.345  0.2700 30.8905 111.0405   4.00   -inf  -nan   5   2   7   2 146.75
   30   2018 12 30 21:48:04.375    78484.375  0.3702 31.0505 110.4505   0.00   -inf  -nan  16   9  25   8 106.33
    1   2018 12 31 00:33:30.222     2010.222  0.2371 31.1805 110.1305  10.00   -inf  -nan   4   2   6   2 140.16
    2   2018 12 31 01:26:07.028     5167.028  0.1919 30.8505 111.1605   6.00   -inf  -nan  11   4  15   4 227.22
    3   2018 12 31 02:21:20.609     8480.609  0.1746 30.8105 111.2805   6.00   -inf  -nan   8   3  11   3 294.33
    4   2018 12 31 02:23:23.530     8603.530  0.1454 30.8105 111.2805   4.00   -inf  -nan   6   3   9   3 307.17
    5   2018 12 31 02:27:02.254     8822.254  0.3042 31.0905 110.1905   6.00   -inf  -nan   8   7  15   6 117.80
    6   2018 12 31 03:59:57.056    14397.056  0.1435 30.8505 111.1305   6.00   -inf  -nan  10   7  17   7 210.25
    7   2018 12 31 06:36:56.215    23816.215  0.3627 30.8505 111.2005   2.00   -inf  -nan   5   6  11   2 250.73
    8   2018 12 31 06:43:28.906    24208.906  0.2003 30.8505 111.1305   4.00   -inf  -nan  11   3  14   3 210.25
    9   2018 12 31 07:21:39.819    26499.819  0.4302 30.9805 110.0605  10.00   -inf  -nan   8   3  11   3 117.08
   10   2018 12 31 08:09:59.329    29399.329  0.4043 31.1405 109.8505  16.00   -inf  -nan   3   3   6   2 255.24
   11   2018 12 31 08:12:10.393    29530.393  0.1282 31.1305 109.8305   8.00   -inf  -nan   3   3   6   2 298.71
   12   2018 12 31 09:25:48.781    33948.781  0.3535 31.0405 110.9805   2.00   -inf  -nan   9   4  13   4 173.75
   13   2018 12 31 09:29:32.410    34172.410  0.1526 31.1205 109.8405   0.00   -inf  -nan   3   2   5   2 317.97
   14   2018 12 31 10:18:47.243    37127.243  0.2109 31.1705 110.3505   0.00   -inf  -nan   3   2   5   1 287.26
   15   2018 12 31 11:50:41.753    42641.753  0.3310 31.1005 110.2005   6.00   -inf  -nan   8   6  14   5 111.66
   16   2018 12 31 16:05:11.423    57911.423  0.1175 30.8905 111.1305   4.00   -inf  -nan   7   2   9   2 164.15
   17   2018 12 31 16:15:31.867    58531.867  0.2884 31.1005 109.8505   2.00   -inf  -nan   3   2   5   2 244.30
   18   2018 12 31 18:13:02.400    65582.400  0.2236 30.8905 111.0405   6.00   -inf  -nan   7   3  10   3  98.74
   19   2018 12 31 20:39:19.123    74359.123  0.2191 30.8905 111.0405   4.00   -inf  -nan   5   4   9   3  98.74
   20   2018 12 31 23:20:52.604    84052.604  0.2134 30.8505 111.1305   4.00   -inf  -nan  13   7  20   6 210.25
   21   2018 12 31 23:35:35.265    84935.265  0.1547 30.8505 111.1305   6.00   -inf  -nan  10   6  16   6 210.75
