    1   2018 01 01 00:22:11.735     1331.735  0.3267 31.0505 110.1705  10.00   -inf  -nan   8   6  14   6 240.06
    2   2018 01 01 00:55:22.507     3322.507  0.2626 30.8505 111.1305   4.00   -inf  -nan  13  11  24  11 210.25
    3   2018 01 01 01:31:29.104     5489.104  0.3218 31.0505 110.1505   8.00   -inf  -nan  10   9  19   9 248.85
    4   2018 01 01 01:49:05.044     6545.044  0.3174 31.0505 110.1505   8.00   -inf  -nan   8   7  15   7 248.85
    5   2018 01 01 01:59:49.022     7189.022  0.2888 31.0505 110.1905   6.00   -inf  -nan   7   7  14   6 230.55
    6   2018 01 01 02:50:18.209    10218.209  0.3054 30.9405 110.7505  10.00   -inf  -nan   8   9  17   8  92.19
    7   2018 01 01 03:18:16.811    11896.811  0.2730 31.0405 110.8205   0.00   -inf  -nan  14  12  26  12  96.38
    8   2018 01 01 05:48:17.992    20897.992  0.1678 31.0505 110.1905   8.00   -inf  -nan   3   2   5   1 265.82
    9   2018 01 01 08:15:11.436    29711.436  0.1354 30.8505 111.1305   6.00   -inf  -nan  10   6  16   6 210.75
   10   2018 01 01 08:38:22.891    31102.891  0.1909 30.9405 110.7605  10.00   -inf  -nan   5   7  12   4  89.30
   11   2018 01 01 08:51:25.696    31885.696  0.1618 30.8505 111.1305   6.00   -inf  -nan   8   3  11   3 210.25
   12   2018 01 01 10:23:42.606    37422.606  0.2411 30.8305 110.7805   8.00   -inf  -nan   6   6  12   5 150.67
   13   2018 01 01 10:34:19.711    38059.711  0.1272 30.8505 110.7605   8.00   -inf  -nan   4   4   8   4 253.65
   14   2018 01 01 11:59:32.071    43172.071  0.3425 30.9405 110.7505  12.00   -inf  -nan   3   4   7   1  92.19
   15   2018 01 01 12:37:04.567    45424.567  0.1137 30.9305 110.7605   8.00   -inf  -nan   3   3   6   2 155.51
   16   2018 01 01 19:08:07.176    68887.176  0.3319 30.8905 110.8005   4.00   -inf  -nan   3   4   7   3 267.33
   17   2018 01 01 19:14:14.635    69254.635  0.1616 30.9305 110.7605   8.00   -inf  -nan   7   2   9   2 120.80
   18   2018 01 01 19:28:49.798    70129.798  0.2851 30.9405 110.7805  10.00   -inf  -nan  11   9  20   9  92.21
   19   2018 01 01 19:54:04.795    71644.795  0.2698 31.2105 110.5505   0.00   -inf  -nan   6   2   8   1 223.23
   20   2018 01 01 20:30:22.299    73822.299  0.2096 31.0605 110.1805   8.00   -inf  -nan   7   4  11   4 233.64
   21   2018 01 01 20:41:14.517    74474.517  0.1313 30.9405 110.7605  10.00   -inf  -nan   3   4   7   1 110.97
   22   2018 01 01 20:44:59.236    74699.236  0.1560 30.9305 110.7605  10.00   -inf  -nan   8   8  16   7  96.54
   23   2018 01 01 21:48:01.703    78481.703  0.1865 30.8505 110.7605   8.00   -inf  -nan   4   4   8   4 253.65
   24   2018 01 01 22:21:24.715    80484.715  0.2612 30.8905 110.7605   8.00   -inf  -nan   4   3   7   2 163.23
   25   2018 01 01 22:34:09.497    81249.497  0.2883 30.9405 110.7805  12.00   -inf  -nan   8   8  16   7  92.21
   26   2018 01 01 23:19:44.792    83984.792  0.3947 30.9405 110.7805  10.00   -inf  -nan  19  12  31  12  62.87
   27   2018 01 01 23:25:49.284    84349.284  0.1273 30.9305 110.8005   8.00   -inf  -nan   4   2   6   1  98.56
   28   2018 01 01 23:28:02.553    84482.553  0.1389 30.9305 110.7905  10.00   -inf  -nan   8   6  14   5  88.07
    1   2018 01 02 00:19:50.588     1190.588  0.1316 30.9305 110.8005   8.00   -inf  -nan   5   3   8   2  98.56
    2   2018 01 02 00:44:46.633     2686.633  0.2942 31.0905 110.2705   0.00   -inf  -nan   5   4   9   4 206.57
    3   2018 01 02 04:22:12.737    15732.737  0.3390 31.2605 110.8305   0.00   -inf  -nan  13   6  19   6 261.63
    4   2018 01 02 04:45:52.284    17152.284  0.3534 30.9405 110.7805   8.00   -inf  -nan  10   9  19   8  92.21
    5   2018 01 02 05:13:48.560    18828.560  0.2473 31.1305 110.3805   0.00   -inf  -nan   4   5   9   1 207.10
    6   2018 01 02 05:29:15.511    19755.511  0.2409 30.7705 111.2005   6.00   -inf  -nan   3   2   5   2 272.42
    7   2018 01 02 05:42:12.241    20532.241  0.1079 30.8105 111.2405   8.00   -inf  -nan   4   3   7   2 279.73
    8   2018 01 02 07:06:40.121    25600.121  0.1702 30.7705 110.7605  10.00   -inf  -nan   3   4   7   3 186.92
    9   2018 01 02 07:49:53.959    28193.959  0.2916 30.8905 111.1605   6.00   -inf  -nan   6   2   8   1 195.54
   10   2018 01 02 09:29:17.771    34157.771  0.3317 30.9305 111.2105  12.00   -inf  -nan   4   6  10   4 292.28
   11   2018 01 02 09:30:12.719    34212.719  0.3035 31.0105 110.7105   0.00   -inf  -nan   3   2   5   1 168.79
   12   2018 01 02 09:39:40.926    34780.926  0.1594 30.8505 111.1305   6.00   -inf  -nan  13   9  22   9 210.25
   13   2018 01 02 12:54:02.766    46442.766  0.1648 30.9305 111.1705   0.00   -inf  -nan   4   2   6   2 146.89
   14   2018 01 02 15:48:00.747    56880.747  0.3049 31.0705 110.2005   8.00   -inf  -nan   7   5  12   5 221.55
   15   2018 01 02 16:14:28.097    58468.097  0.2111 30.9305 110.8005  10.00   -inf  -nan   6   5  11   4  91.38
   16   2018 01 02 17:30:25.007    63025.007  0.3144 31.0905 110.2305   4.00   -inf  -nan   7   6  13   6 171.64
   17   2018 01 02 17:36:43.346    63403.346  0.3520 30.9405 110.7805  12.00   -inf  -nan  16  14  30  13  92.21
   18   2018 01 02 17:36:57.003    63417.003  0.3937 30.9405 110.7805  12.00   -inf  -nan  16  17  33  15  62.87
   19   2018 01 02 17:37:52.010    63472.010  0.2321 30.9405 110.7605  10.00   -inf  -nan  17  15  32  15  77.93
   20   2018 01 02 17:41:45.573    63705.573  0.1478 30.9405 110.7605  10.00   -inf  -nan   7   3  10   2  89.30
   21   2018 01 02 17:42:03.924    63723.924  0.1847 30.9405 110.7605  10.00   -inf  -nan  12   9  21   9  89.30
   22   2018 01 02 17:43:10.415    63790.415  0.3846 30.9305 110.7805  14.00   -inf  -nan  13  12  25  12  83.66
   23   2018 01 02 17:43:27.978    63807.978  0.3805 30.9405 110.7605  16.00   -inf  -nan   7   9  16   6  89.30
   24   2018 01 02 17:48:04.766    64084.766  0.3382 30.9405 110.7605  10.00   -inf  -nan  19  15  34  15  64.29
   25   2018 01 02 17:51:25.105    64285.105  0.3165 30.9405 110.7805  10.00   -inf  -nan  18  17  35  16  62.87
   26   2018 01 02 18:21:43.632    66103.632  0.2131 30.9305 110.7605  10.00   -inf  -nan   3   5   8   1 136.38
   27   2018 01 02 18:30:53.408    66653.408  0.1213 30.9305 110.7605   8.00   -inf  -nan   5   2   7   1  96.54
   28   2018 01 02 18:31:19.992    66679.992  0.2220 30.9405 110.7605  12.00   -inf  -nan   4   5   9   3 148.33
   29   2018 01 02 18:52:14.716    67934.716  0.1813 30.9405 110.7805   8.00   -inf  -nan   9   7  16   7  92.21
   30   2018 01 02 19:03:15.282    68595.282  0.2225 31.0905 110.1505   4.00   -inf  -nan   7   5  12   5 245.46
   31   2018 01 02 19:46:18.311    71178.311  0.4263 31.0505 109.9905   4.00   -inf  -nan   9  10  19   7 290.17
   32   2018 01 02 20:00:51.542    72051.542  0.1914 30.9405 110.7605  10.00   -inf  -nan   3   4   7   1 110.97
   33   2018 01 02 20:33:57.878    74037.878  0.3205 31.0505 110.1505   8.00   -inf  -nan  13   7  20   7 248.85
   34   2018 01 02 20:39:21.859    74361.859  0.1768 30.9305 110.7605  10.00   -inf  -nan   5   4   9   2 120.80
   35   2018 01 02 20:48:38.002    74918.002  0.2531 30.9405 110.7605  10.00   -inf  -nan  18  15  33  15  64.29
   36   2018 01 02 20:48:54.642    74934.642  0.1620 30.9405 110.7805  10.00   -inf  -nan   4   2   6   2 210.94
   37   2018 01 02 20:52:22.475    75142.475  0.3136 30.9405 110.7805   8.00   -inf  -nan   9   9  18   9  92.21
   38   2018 01 02 21:14:20.077    76460.077  0.2657 31.0505 110.1805   6.00   -inf  -nan   6   5  11   5 235.40
   39   2018 01 02 22:00:28.088    79228.088  0.2784 30.9405 110.7805  10.00   -inf  -nan  14  10  24  10  92.21
   40   2018 01 02 22:28:42.518    80922.518  0.3153 30.9405 110.7805  10.00   -inf  -nan  11   9  20   9  92.21
    1   2018 01 03 00:49:29.929     2969.929  0.2800 30.9405 110.7505  10.00   -inf  -nan   7   6  13   6  92.19
    2   2018 01 03 01:11:43.093     4303.093  0.2283 30.8505 111.1305   6.00   -inf  -nan  11   6  17   6 210.75
    3   2018 01 03 01:57:24.304     7044.304  0.3603 30.9505 110.8005  12.00   -inf  -nan   9   8  17   8 110.17
    4   2018 01 03 02:13:00.895     7980.895  0.2550 30.9405 110.7505  12.00   -inf  -nan   4   4   8   3  99.52
    5   2018 01 03 03:21:47.282    12107.282  0.2942 30.9405 110.7805  12.00   -inf  -nan   8   8  16   8  92.21
    6   2018 01 03 03:22:21.695    12141.695  0.2883 30.9405 110.7805  10.00   -inf  -nan  10  11  21   9  92.21
    7   2018 01 03 03:52:33.938    13953.938  0.3431 31.2805 110.8205   2.00   -inf  -nan  10   9  19   7 251.69
    8   2018 01 03 04:00:10.463    14410.463  0.4345 30.8905 110.7205   0.00   -inf  -nan  15   9  24   9  97.68
    9   2018 01 03 04:59:55.357    17995.357  0.1422 30.9305 110.7605  10.00   -inf  -nan   4   4   8   1  96.54
   10   2018 01 03 05:10:21.919    18621.919  0.1436 30.9305 110.7605  10.00   -inf  -nan   6   7  13   5  96.54
   11   2018 01 03 05:54:42.227    21282.227  0.4143 30.9905 110.4805   0.00   -inf  -nan  13   6  19   4  88.58
   12   2018 01 03 06:20:43.461    22843.461  0.3254 30.9405 110.7605  10.00   -inf  -nan  17  15  32  15  64.29
   13   2018 01 03 06:50:59.324    24659.324  0.3222 31.0805 110.1705  10.00   -inf  -nan  11   8  19   7 193.55
   14   2018 01 03 07:37:10.681    27430.681  0.3820 31.0605 110.4805   6.00   -inf  -nan   4   5   9   4 175.68
   15   2018 01 03 08:30:22.928    30622.928  0.1693 30.9405 110.7605  10.00   -inf  -nan  12   9  21   9  89.30
   16   2018 01 03 08:31:12.935    30672.935  0.2154 30.9005 110.7205   6.00   -inf  -nan  12   3  15   3  94.62
   17   2018 01 03 08:31:52.989    30712.989  0.2689 31.0605 110.4805   0.00   -inf  -nan   3   3   6   2 175.68
   18   2018 01 03 11:20:30.052    40830.052  0.1802 30.8905 111.2005   4.00   -inf  -nan   3   2   5   2 270.41
   19   2018 01 03 12:42:05.958    45725.958  0.2614 30.9305 110.8005   8.00   -inf  -nan   3   4   7   2 171.71
   20   2018 01 03 13:35:59.297    48959.297  0.1771 30.9305 110.7605  10.00   -inf  -nan   6   8  14   5  96.54
   21   2018 01 03 13:51:23.404    49883.404  0.2450 30.9305 110.8005  10.00   -inf  -nan   8   8  16   7  91.38
   22   2018 01 03 15:06:37.772    54397.772  0.3528 30.9405 110.7805  12.00   -inf  -nan   9   9  18   8  92.21
   23   2018 01 03 15:08:16.494    54496.494  0.1617 30.9405 110.7605  10.00   -inf  -nan   9   8  17   8  89.30
   24   2018 01 03 18:12:13.249    65533.249  0.1686 31.0605 110.1805   8.00   -inf  -nan   5   4   9   3 292.60
   25   2018 01 03 18:54:33.984    68073.984  0.3115 31.0505 110.4505   4.00   -inf  -nan   6   5  11   4 143.23
   26   2018 01 03 18:59:05.380    68345.380  0.1586 31.0505 110.4605   8.00   -inf  -nan   4   3   7   3 157.85
    1   2018 01 04 01:35:32.879     5732.879  0.3436 30.8605 111.1305   2.00   -inf  -nan  14   9  23   9 204.21
    2   2018 01 04 02:51:38.220    10298.220  0.2154 30.9305 110.8005  10.00   -inf  -nan   5   4   9   3  91.38
    3   2018 01 04 03:24:08.984    12248.984  0.1521 30.9305 110.7605  10.00   -inf  -nan   4   6  10   2  96.54
    4   2018 01 04 07:08:50.280    25730.280  0.1953 30.8505 111.1305   6.00   -inf  -nan  13   5  18   5 210.25
    5   2018 01 04 14:18:32.408    51512.408  0.1001 31.0805 110.1705   2.00   -inf  -nan   4   6  10   4 254.55
    6   2018 01 04 15:19:18.863    55158.863  0.2313 31.0905 110.0705   0.00   -inf  -nan   3   2   5   2 288.30
    7   2018 01 04 16:24:42.619    59082.619  0.2935 31.0405 110.8205   6.00   -inf  -nan  15  11  26  10  96.38
    8   2018 01 04 19:53:17.813    71597.813  0.3289 31.1405 110.3405   0.00   -inf  -nan   4   3   7   2 240.78
    1   2018 01 05 04:26:04.843    15964.843  0.2210 30.8505 111.1305   6.00   -inf  -nan  11   7  18   5 283.92
    2   2018 01 05 06:54:48.915    24888.915  0.2464 30.9405 110.5205   0.00   -inf  -nan   8   5  13   5 120.67
    3   2018 01 05 07:04:10.316    25450.316  0.1117 31.0505 110.2305   6.00   -inf  -nan   3   2   5   2 266.60
    4   2018 01 05 08:19:00.675    29940.675  0.3589 30.9405 110.7805  10.00   -inf  -nan   3   6   9   3 146.46
    5   2018 01 05 09:50:21.306    35421.306  0.3994 30.9405 110.5405   0.00   -inf  -nan  10   6  16   4  96.42
    6   2018 01 05 10:06:18.246    36378.246  0.1807 30.8505 111.1305   6.00   -inf  -nan  13   3  16   3 283.92
    7   2018 01 05 11:55:36.325    42936.325  0.1956 30.9305 110.7605  10.00   -inf  -nan   3   4   7   1 106.14
    8   2018 01 05 23:09:19.722    83359.722  0.4089 30.9405 110.7805   8.00   -inf  -nan   8   8  16   7  92.21
    1   2018 01 06 01:57:56.652     7076.652  0.2562 30.8505 111.1305   6.00   -inf  -nan  10   5  15   5 284.42
    2   2018 01 06 04:26:39.634    15999.634  0.0880 30.9305 111.1705   6.00   -inf  -nan   4   2   6   2 276.52
    3   2018 01 06 07:29:44.659    26984.659  0.4525 31.0505 110.1505   8.00   -inf  -nan  15   8  23   8 248.85
    4   2018 01 06 07:30:59.351    27059.351  0.3411 31.0505 110.1105  10.00   -inf  -nan  14  11  25   9 264.26
    5   2018 01 06 07:32:46.081    27166.081  0.1916 31.0605 110.1605   6.00   -inf  -nan   4   4   8   4 243.13
    6   2018 01 06 07:44:26.730    27866.730  0.2178 30.7805 110.7705  12.00   -inf  -nan  11  11  22  10 110.23
    7   2018 01 06 07:48:14.202    28094.202  0.2725 31.0705 110.2005   6.00   -inf  -nan   4   4   8   2 221.55
    8   2018 01 06 07:48:58.881    28138.881  0.2207 30.8505 111.1305   6.00   -inf  -nan   9   4  13   4 284.42
    9   2018 01 06 09:25:23.681    33923.681  0.3061 30.8505 111.1705   6.00   -inf  -nan  10   5  15   5 291.45
   10   2018 01 06 10:03:25.472    36205.472  0.0386 31.0605 110.2505   8.00   -inf  -nan   3   2   5   2 218.58
   11   2018 01 06 10:43:07.249    38587.249  0.3371 31.0805 110.1705  10.00   -inf  -nan   6   7  13   6 193.55
   12   2018 01 06 10:46:59.615    38819.615  0.2712 31.0805 110.1705  12.00   -inf  -nan  12   7  19   6 193.55
   13   2018 01 06 11:33:31.250    41611.250  0.2274 31.0605 110.2105   6.00   -inf  -nan   5   3   8   2 165.91
   14   2018 01 06 11:46:43.182    42403.182  0.3887 31.0805 110.1705  10.00   -inf  -nan  15   9  24   8 193.55
   15   2018 01 06 12:35:43.852    45343.852  0.2069 31.0705 110.2005   6.00   -inf  -nan   6   4  10   4 173.24
   16   2018 01 06 12:55:16.040    46516.040  0.2865 30.9405 110.7805  10.00   -inf  -nan   8  11  19   8  62.87
   17   2018 01 06 13:02:41.209    46961.209  0.3131 31.0505 110.1905   8.00   -inf  -nan   7   5  12   5 177.95
   18   2018 01 06 13:07:30.269    47250.269  0.1651 31.0905 110.1905   6.00   -inf  -nan   4   3   7   3 303.53
   19   2018 01 06 13:32:51.775    48771.775  0.2847 31.0705 110.3205   0.00   -inf  -nan   7   5  12   5 141.03
   20   2018 01 06 14:12:58.631    51178.631  0.3092 31.0605 110.1705  10.00   -inf  -nan  10   7  17   6 191.86
   21   2018 01 06 14:43:50.876    53030.876  0.1393 31.0905 110.1905   6.00   -inf  -nan   4   3   7   3 303.53
   22   2018 01 06 17:26:54.981    62814.981  0.1819 30.9405 110.7805   8.00   -inf  -nan   7   7  14   7  92.21
   23   2018 01 06 17:53:28.348    64408.348  0.2165 31.0905 110.1505   4.00   -inf  -nan   5   5  10   4 290.29
   24   2018 01 06 17:58:32.566    64712.566  0.1358 31.0905 110.1905   6.00   -inf  -nan   4   3   7   3 303.53
   25   2018 01 06 18:32:31.026    66751.026  0.3663 31.1205 110.1705   4.00   -inf  -nan  11   8  19   6 287.97
   26   2018 01 06 18:53:43.063    68023.063  0.1994 31.0405 110.2105   4.00   -inf  -nan   4   2   6   2 224.36
   27   2018 01 06 20:42:17.016    74537.016  0.1317 31.0505 110.2305   6.00   -inf  -nan   3   2   5   2 283.87
   28   2018 01 06 20:42:52.357    74572.357  0.1370 31.0905 110.1905   6.00   -inf  -nan   5   3   8   3 280.11
   29   2018 01 06 20:43:26.946    74606.946  0.2103 30.7805 110.7605  10.00   -inf  -nan   7   9  16   7 103.86
   30   2018 01 06 20:45:59.229    74759.229  0.1392 30.7705 110.7605  10.00   -inf  -nan   4   4   8   3 124.90
   31   2018 01 06 20:54:07.477    75247.477  0.1460 31.0905 110.1905   8.00   -inf  -nan   6   3   9   3 280.11
   32   2018 01 06 20:57:41.066    75461.066  0.2091 31.1505 110.3205   0.00   -inf  -nan   6   2   8   2 266.03
   33   2018 01 06 21:04:07.773    75847.773  0.2817 30.7705 110.7605  10.00   -inf  -nan  10   8  18   6 109.98
   34   2018 01 06 21:05:42.357    75942.357  0.1620 30.7805 110.7705  10.00   -inf  -nan   7   9  16   7 110.23
   35   2018 01 06 21:11:17.772    76277.772  0.2828 30.7705 110.7605  12.00   -inf  -nan  10  12  22  10 109.98
   36   2018 01 06 21:21:28.369    76888.369  0.1440 30.7805 110.7605  10.00   -inf  -nan   6   7  13   6 103.86
   37   2018 01 06 21:57:52.049    79072.049  0.2869 30.7805 110.7605  10.00   -inf  -nan   8   8  16   5 103.86
   38   2018 01 06 23:22:11.998    84131.998  0.1415 31.0905 110.1905   6.00   -inf  -nan   6   4  10   4 280.11
   39   2018 01 06 23:35:44.335    84944.335  0.2951 31.0605 110.4405   6.00   -inf  -nan   3   4   7   3 256.49
    1   2018 01 07 01:04:28.313     3868.313  0.2065 30.9405 110.7705  12.00   -inf  -nan  13  10  23  10  85.99
    2   2018 01 07 01:15:09.442     4509.442  0.2190 30.9405 110.7805  12.00   -inf  -nan  11  11  22  10  92.21
    3   2018 01 07 01:42:15.727     6135.727  0.2968 30.9405 110.7905  10.00   -inf  -nan   7   8  15   6  96.80
    4   2018 01 07 02:35:38.846     9338.846  0.2787 31.0605 110.1705   6.00   -inf  -nan   8   7  15   7 191.86
    5   2018 01 07 02:53:15.287    10395.287  0.2483 30.8505 111.1305   4.00   -inf  -nan   8   7  15   4 283.92
    6   2018 01 07 03:34:46.271    12886.271  0.1921 30.7805 110.7705  10.00   -inf  -nan   4   6  10   2 110.23
    7   2018 01 07 04:03:51.648    14631.648  0.1789 30.7705 110.7605  10.00   -inf  -nan   6   5  11   5 136.28
    8   2018 01 07 04:32:57.158    16377.158  0.1475 30.7805 110.7605  10.00   -inf  -nan   5   5  10   4 124.85
    9   2018 01 07 05:05:01.216    18301.216  0.3120 31.0305 110.4805   6.00   -inf  -nan   4   3   7   3 156.39
   10   2018 01 07 05:06:48.920    18408.920  0.1834 30.7705 110.7605  10.00   -inf  -nan   4   4   8   4 186.92
   11   2018 01 07 05:37:30.068    20250.068  0.1695 31.0505 110.2305   8.00   -inf  -nan   4   2   6   2 240.13
   12   2018 01 07 05:44:22.007    20662.007  0.3461 31.0705 110.2005   8.00   -inf  -nan  11   7  18   7 173.24
   13   2018 01 07 05:45:08.004    20708.004  0.3410 31.0705 110.2005  10.00   -inf  -nan  13   7  20   7 173.24
   14   2018 01 07 07:23:15.008    26595.008  0.2906 30.8905 110.8005   2.00   -inf  -nan   6   7  13   5 120.46
   15   2018 01 07 07:24:35.587    26675.587  0.3634 31.0505 110.1905   8.00   -inf  -nan   9   7  16   7 177.95
   16   2018 01 07 07:48:12.013    28092.013  0.3076 30.8505 111.1305   6.00   -inf  -nan  10   9  19   7 283.92
   17   2018 01 07 08:20:56.393    30056.393  0.3171 30.8105 111.1305   4.00   -inf  -nan  10   6  16   6 301.46
   18   2018 01 07 13:18:44.644    47924.644  0.4034 31.0605 110.4405   6.00   -inf  -nan   6   6  12   5 170.49
   19   2018 01 07 14:59:56.440    53996.440  0.3271 31.0605 110.4405   6.00   -inf  -nan   6   6  12   6 170.49
   20   2018 01 07 17:11:36.732    61896.732  0.3497 31.0305 110.4805  16.00   -inf  -nan   4   4   8   4 185.58
   21   2018 01 07 19:58:21.233    71901.233  0.3483 31.0605 110.1705  10.00   -inf  -nan  10   6  16   6 191.86
   22   2018 01 07 20:25:40.530    73540.530  0.3944 31.0605 110.1705  10.00   -inf  -nan  15  10  25  10 191.86
   23   2018 01 07 20:50:29.245    75029.245  0.2975 31.0605 110.1705   8.00   -inf  -nan   7   7  14   7 191.86
   24   2018 01 07 20:53:56.866    75236.866  0.1538 31.0505 110.2305   6.00   -inf  -nan   3   2   5   2 283.87
   25   2018 01 07 23:05:40.015    83140.015  0.3277 31.1405 110.3305   0.00   -inf  -nan   6   2   8   2 175.57
    1   2018 01 08 03:08:15.977    11295.977  0.1259 30.8505 111.1305   6.00   -inf  -nan   4   3   7   3 284.42
    2   2018 01 08 03:12:41.407    11561.407  0.2265 30.9405 110.7805  12.00   -inf  -nan   7   6  13   5 110.23
    3   2018 01 08 05:48:38.737    20918.737  0.2242 30.7705 111.1705   0.00   -inf  -nan   6   2   8   1 294.00
    4   2018 01 08 07:45:09.987    27909.987  0.4227 31.0505 110.1905   6.00   -inf  -nan   9   8  17   8 177.95
    5   2018 01 08 07:49:22.873    28162.873  0.1316 30.8505 111.1305   6.00   -inf  -nan   8   3  11   3 283.92
    6   2018 01 08 08:39:11.389    31151.389  0.1483 30.9605 110.0105  12.00   -inf  -nan   7   2   9   2 287.09
    7   2018 01 08 10:54:55.524    39295.524  0.2085 31.0705 110.2005   6.00   -inf  -nan   7   4  11   4 173.24
    8   2018 01 08 15:59:26.962    57566.962  0.2449 30.9705 110.8405   0.00   -inf  -nan  11  12  23  10  72.79
    9   2018 01 08 16:25:18.493    59118.493  0.3945 31.0205 110.4605  10.00   -inf  -nan  13  10  23   9 105.36
   10   2018 01 08 23:51:58.370    85918.370  0.3039 31.1405 110.3205   0.00   -inf  -nan   5   5  10   3 280.84
    1   2018 01 09 00:37:21.163     2241.163  0.2459 30.7805 110.7705   8.00   -inf  -nan   6   7  13   6 116.19
    2   2018 01 09 01:52:56.750     6776.750  0.2203 30.7805 110.7705  10.00   -inf  -nan   3   4   7   2 116.19
    3   2018 01 09 02:22:02.481     8522.481  0.1827 30.7705 111.2505   4.00   -inf  -nan   6   3   9   3 313.79
    4   2018 01 09 03:46:48.810    13608.810  0.2383 30.9305 111.2105   4.00   -inf  -nan   4   2   6   1 292.28
    5   2018 01 09 06:15:21.153    22521.153  0.2837 30.9805 110.7805   0.00   -inf  -nan  12   5  17   5  89.06
    6   2018 01 09 06:56:13.096    24973.096  0.2230 31.2005 110.8205   6.00   -inf  -nan   8   4  12   4 258.24
    7   2018 01 09 07:11:50.339    25910.339  0.1292 30.8505 111.1305   6.00   -inf  -nan   5   4   9   4 284.42
    8   2018 01 09 07:32:11.253    27131.253  0.3747 31.1605 110.8605   6.00   -inf  -nan  14   7  21   7 232.99
    9   2018 01 09 14:43:55.741    53035.741  0.2321 30.9405 110.7605  12.00   -inf  -nan   8   5  13   5 110.97
   10   2018 01 09 14:44:42.362    53082.362  0.2022 30.9405 110.7605  10.00   -inf  -nan   7   7  14   5 110.97
   11   2018 01 09 14:45:52.637    53152.637  0.3430 30.9005 110.7605  12.00   -inf  -nan  13  11  24  10 140.17
   12   2018 01 09 14:47:05.362    53225.362  0.2009 30.9405 110.7805  10.00   -inf  -nan   5   5  10   4 146.46
   13   2018 01 09 14:47:18.379    53238.379  0.2595 30.9405 110.7605  10.00   -inf  -nan   8   8  16   7 110.97
   14   2018 01 09 14:48:14.202    53294.202  0.2746 30.9405 110.7805  12.00   -inf  -nan  10   4  14   4  92.21
   15   2018 01 09 14:48:46.923    53326.923  0.2412 30.9305 110.7505  12.00   -inf  -nan  12  10  22  10  69.87
   16   2018 01 09 14:49:01.681    53341.681  0.1847 30.9405 110.7605  10.00   -inf  -nan  10  11  21   9  77.93
   17   2018 01 09 14:50:19.735    53419.735  0.2783 30.9505 110.7605  12.00   -inf  -nan   9   8  17   8 119.47
   18   2018 01 09 14:55:31.431    53731.431  0.4190 30.9405 110.7405  12.00   -inf  -nan  10   9  19   8  80.32
   19   2018 01 09 14:57:04.466    53824.466  0.2253 30.9505 110.7605  12.00   -inf  -nan   4   5   9   4 146.48
   20   2018 01 09 15:03:27.984    54207.984  0.3145 30.9405 110.7505  12.00   -inf  -nan  12  11  23  11  68.13
   21   2018 01 09 15:08:43.635    54523.635  0.2112 30.9405 110.7605  10.00   -inf  -nan  10   9  19   8 110.97
   22   2018 01 09 17:09:07.175    61747.175  0.2067 30.9405 110.7605  10.00   -inf  -nan   9   8  17   8 110.97
   23   2018 01 09 17:12:11.384    61931.384  0.2286 30.9405 110.7605  12.00   -inf  -nan  14  13  27  13  64.29
   24   2018 01 09 17:14:11.060    62051.060  0.2415 30.9405 110.7605  12.00   -inf  -nan  11  10  21   9  64.29
   25   2018 01 09 17:20:50.302    62450.302  0.3115 30.9405 110.7605  10.00   -inf  -nan  17  14  31  14  64.29
   26   2018 01 09 17:21:57.555    62517.555  0.4522 30.9505 110.7805  16.00   -inf  -nan  16  13  29  12  59.08
   27   2018 01 09 17:34:50.823    63290.823  0.4608 30.9405 110.7405  12.00   -inf  -nan  10  10  20   9  64.82
   28   2018 01 09 17:36:38.582    63398.582  0.1959 30.9405 110.7605  10.00   -inf  -nan  10   9  19   9 110.97
   29   2018 01 09 18:08:41.817    65321.817  0.1925 30.9405 110.7605  10.00   -inf  -nan   7   7  14   7 110.97
   30   2018 01 09 23:46:12.939    85572.939  0.2449 31.0905 110.4305   0.00   -inf  -nan   3   3   6   1 193.50
    1   2018 01 10 01:43:21.869     6201.869  0.1154 30.8505 111.1305   6.00   -inf  -nan   8   5  13   4 283.92
    2   2018 01 10 05:11:07.134    18667.134  0.3789 31.0205 110.4405   8.00   -inf  -nan  12   5  17   4 106.55
    3   2018 01 10 07:21:06.687    26466.687  0.2635 30.9405 110.7805   6.00   -inf  -nan  10   7  17   7  92.21
    4   2018 01 10 07:32:34.806    27154.806  0.1348 30.8505 111.1305   6.00   -inf  -nan   5   4   9   4 284.42
    5   2018 01 10 07:49:40.341    28180.341  0.4100 31.0605 110.4405   4.00   -inf  -nan   6   7  13   5 170.49
    6   2018 01 10 10:07:27.633    36447.633  0.3582 31.0605 110.6805   0.00   -inf  -nan   3   2   5   1 216.81
    7   2018 01 10 16:55:34.799    60934.799  0.1853 30.9405 110.8205   8.00   -inf  -nan   3   3   6   1 150.10
    8   2018 01 10 21:20:24.584    76824.584  0.2722 30.8605 110.5605   6.00   -inf  -nan  10  12  22   9 145.72
    9   2018 01 10 21:22:16.877    76936.877  0.1297 30.8605 110.5605   8.00   -inf  -nan   3   2   5   2 234.40
   10   2018 01 10 21:23:12.589    76992.589  0.2187 30.8605 110.5605   8.00   -inf  -nan  13  13  26  12 145.72
    1   2018 01 11 00:34:08.586     2048.586  0.2227 31.1805 110.1805   2.00   -inf  -nan   4   3   7   2 295.94
    2   2018 01 11 00:45:57.463     2757.463  0.1679 30.8505 111.1305   6.00   -inf  -nan   7   4  11   4 210.25
    3   2018 01 11 03:35:40.141    12940.141  0.2882 30.8605 111.1505   4.00   -inf  -nan   9   5  14   4 215.32
    4   2018 01 11 03:49:06.951    13746.951  0.4791 31.0605 110.4405   4.00   -inf  -nan   4   4   8   3 170.49
    5   2018 01 11 04:29:40.269    16180.269  0.2206 30.9405 110.8005  12.00   -inf  -nan   6   8  14   4 108.46
    6   2018 01 11 04:55:10.797    17710.797  0.2198 30.8505 111.1205   6.00   -inf  -nan   6   5  11   5 205.95
    7   2018 01 11 05:21:00.264    19260.264  0.2335 30.7705 111.2105   6.00   -inf  -nan   9   6  15   4 264.66
    8   2018 01 11 05:28:52.755    19732.755  0.2272 30.7705 111.1705   0.00   -inf  -nan   7   2   9   2 251.57
    9   2018 01 11 06:02:03.791    21723.791  0.3457 31.0205 110.4805   0.00   -inf  -nan  11   3  14   3 103.09
   10   2018 01 11 06:40:56.765    24056.765  0.2113 31.0305 110.4805  12.00   -inf  -nan   4   3   7   3 156.39
   11   2018 01 11 07:41:00.949    27660.949  0.1456 30.9405 110.7605  10.00   -inf  -nan   7   5  12   4 110.97
   12   2018 01 11 08:54:04.356    32044.356  0.2811 30.8505 111.1305   4.00   -inf  -nan  14   7  21   6 210.25
   13   2018 01 11 09:11:13.079    33073.079  0.4440 30.8905 111.1305   2.00   -inf  -nan  12   7  19   7 164.15
   14   2018 01 11 10:33:54.334    38034.334  0.1631 30.9405 110.7605  10.00   -inf  -nan   5   5  10   4 124.19
   15   2018 01 11 11:20:14.882    40814.882  0.0988 30.8705 110.8205   6.00   -inf  -nan   3   2   5   2 309.08
   16   2018 01 11 11:21:03.463    40863.463  0.4228 30.9105 110.7405   8.00   -inf  -nan   8   8  16   7 134.43
   17   2018 01 11 14:01:12.319    50472.319  0.2313 31.1305 110.2705   8.00   -inf  -nan   3   3   6   2 128.64
   18   2018 01 11 14:43:33.131    53013.131  0.2127 30.9505 110.7805  10.00   -inf  -nan   5   4   9   3 141.27
   19   2018 01 11 16:05:30.435    57930.435  0.3256 30.9105 110.7405   8.00   -inf  -nan  13   6  19   6  93.66
   20   2018 01 11 17:11:21.885    61881.885  0.2953 30.9405 110.7605  10.00   -inf  -nan   4   4   8   1 128.27
   21   2018 01 11 17:20:03.637    62403.637  0.1589 30.9405 110.7605  10.00   -inf  -nan   4   3   7   2 144.50
   22   2018 01 11 18:23:20.904    66200.904  0.1161 30.9405 110.7605  10.00   -inf  -nan   7   5  12   4 110.97
   23   2018 01 11 18:26:11.892    66371.892  0.1976 30.9405 110.7605  12.00   -inf  -nan  11  10  21   9  77.93
   24   2018 01 11 19:06:06.258    68766.258  0.3875 30.9005 110.7405   0.00   -inf  -nan   5   3   8   2 143.38
   25   2018 01 11 19:23:45.852    69825.852  0.2782 30.9405 110.7405  12.00   -inf  -nan   3   3   6   3 127.75
    1   2018 01 12 01:50:43.641     6643.641  0.2884 30.8605 110.7605  10.00   -inf  -nan   8   7  15   7 108.57
    2   2018 01 12 02:33:58.273     9238.273  0.3026 31.1305 110.0305   0.00   -inf  -nan   9   5  14   5 269.61
    3   2018 01 12 02:51:18.478    10278.478  0.3389 30.8105 111.1305   4.00   -inf  -nan   9   5  14   5 285.30
    4   2018 01 12 03:24:58.369    12298.369  0.1530 30.7405 111.0505   6.00   -inf  -nan   3   2   5   1 273.45
    5   2018 01 12 04:13:17.494    15197.494  0.2569 30.9405 110.7605  10.00   -inf  -nan   7   8  15   6 110.97
    6   2018 01 12 04:46:35.116    17195.116  0.2255 30.9405 110.7605  10.00   -inf  -nan   6  10  16   6  77.93
    7   2018 01 12 04:47:08.887    17228.887  0.2182 30.9405 110.7605  10.00   -inf  -nan   6   5  11   2 110.97
    8   2018 01 12 05:01:59.387    18119.387  0.1992 30.9305 111.1705   0.00   -inf  -nan   4   2   6   2 146.89
    9   2018 01 12 06:27:01.729    23221.729  0.2029 30.7305 111.0505   6.00   -inf  -nan   3   2   5   1 279.47
   10   2018 01 12 07:25:38.776    26738.776  0.2483 30.9205 110.0905   0.00   -inf  -nan   3   3   6   3 309.13
   11   2018 01 12 07:43:17.047    27797.047  0.2370 30.9405 110.7805  10.00   -inf  -nan   9   9  18   9 110.23
   12   2018 01 12 08:46:58.687    31618.687  0.2186 30.8505 111.1305   6.00   -inf  -nan   6   5  11   5 210.75
   13   2018 01 12 09:38:27.012    34707.012  0.1721 30.8305 110.9405   0.00   -inf  -nan  10   4  14   4 108.73
   14   2018 01 12 09:58:35.227    35915.227  0.2512 31.1105 110.2405   0.00   -inf  -nan   5   4   9   4 256.33
   15   2018 01 12 15:05:06.528    54306.528  0.2044 30.9405 110.7605  12.00   -inf  -nan  15  12  27  12  77.93
   16   2018 01 12 15:52:25.904    57145.904  0.3719 31.1705 110.4305  10.00   -inf  -nan   5   6  11   4 245.42
   17   2018 01 12 17:25:32.301    62732.301  0.2913 31.0605 110.4405   2.00   -inf  -nan   7   6  13   5 170.49
   18   2018 01 12 19:42:17.992    70937.992  0.1781 30.9405 110.7605  12.00   -inf  -nan   3   4   7   2 161.80
   19   2018 01 12 21:26:53.398    77213.398  0.3797 31.0205 110.4805   0.00   -inf  -nan   7   7  14   6 135.90
   20   2018 01 12 22:35:35.819    81335.819  0.2671 30.9405 110.7805  12.00   -inf  -nan   9   8  17   7  92.21
   21   2018 01 12 23:45:13.247    85513.247  0.2558 30.8505 111.1705   8.00   -inf  -nan  12   4  16   4 231.43
    1   2018 01 13 00:09:00.268      540.268  0.3249 31.1305 110.1905   6.00   -inf  -nan  15  13  28  13 262.03
    2   2018 01 13 00:40:58.029     2458.029  0.2549 30.9405 110.7605  12.00   -inf  -nan   6   8  14   6 110.97
    3   2018 01 13 03:26:37.273    12397.273  0.2369 30.6705 111.0605   4.00   -inf  -nan  10   8  18   8 253.11
    4   2018 01 13 04:23:15.342    15795.342  0.2704 30.7705 111.1705   0.00   -inf  -nan   5   4   9   3 263.48
    5   2018 01 13 04:29:11.378    16151.378  0.2145 30.7405 111.2305  10.00   -inf  -nan   9   3  12   2 273.67
    6   2018 01 13 04:33:36.144    16416.144  0.3268 30.7305 111.2105   0.00   -inf  -nan   8   5  13   3 269.60
    7   2018 01 13 05:35:45.772    20145.772  0.2907 31.0105 110.4705   0.00   -inf  -nan   7   2   9   1 131.60
    8   2018 01 13 05:50:56.767    21056.767  0.3616 31.0205 110.4405   2.00   -inf  -nan   8   3  11   1 142.48
    9   2018 01 13 06:15:18.220    22518.220  0.2038 30.8505 111.1305   4.00   -inf  -nan   9   4  13   4 210.25
   10   2018 01 13 06:39:02.516    23942.516  0.2517 30.9805 110.7205  14.00   -inf  -nan   4   2   6   1 207.41
   11   2018 01 13 06:53:09.764    24789.764  0.1557 30.9305 110.7705  10.00   -inf  -nan   9   9  18   8 117.20
   12   2018 01 13 06:55:34.467    24934.467  0.2089 30.9405 110.7605  10.00   -inf  -nan   5   4   9   3 110.97
   13   2018 01 13 07:40:03.453    27603.453  0.3084 30.8705 110.9005   0.00   -inf  -nan  11   5  16   5  67.10
   14   2018 01 13 08:21:02.699    30062.699  0.2909 31.1005 110.2105   6.00   -inf  -nan   9   8  17   6 168.87
   15   2018 01 13 08:43:58.649    31438.649  0.2796 30.9105 110.7205  10.00   -inf  -nan  14   9  23   8  86.18
   16   2018 01 13 11:46:59.497    42419.497  0.2518 30.9805 110.7905   4.00   -inf  -nan   3   4   7   2 150.64
   17   2018 01 13 14:13:50.772    51230.772  0.3750 30.9405 110.7805  12.00   -inf  -nan  12  12  24  11  92.21
   18   2018 01 13 14:17:23.382    51443.382  0.2755 30.9405 110.7605  12.00   -inf  -nan   7   7  14   5 110.97
   19   2018 01 13 14:18:04.654    51484.654  0.1990 30.9405 110.7605  12.00   -inf  -nan   8   7  15   6 110.97
   20   2018 01 13 18:00:15.790    64815.790  0.2508 30.7005 110.9305  12.00   -inf  -nan   7   4  11   4 227.80
   21   2018 01 13 19:08:16.154    68896.154  0.2169 31.0105 110.1905   6.00   -inf  -nan   4   4   8   4 209.70
   22   2018 01 13 19:24:17.662    69857.662  0.3096 31.0705 110.2005   6.00   -inf  -nan   7   5  12   5 173.24
   23   2018 01 13 19:29:01.649    70141.649  0.3337 31.0205 110.4605  12.00   -inf  -nan  17  14  31  14 105.36
   24   2018 01 13 19:43:50.706    71030.706  0.3019 31.0205 110.4805   0.00   -inf  -nan   7   6  13   6 135.90
   25   2018 01 13 20:27:33.526    73653.526  0.1716 31.0205 110.4805   0.00   -inf  -nan   6   3   9   3 135.90
   26   2018 01 13 20:54:52.670    75292.670  0.1765 31.0605 110.4405   6.00   -inf  -nan   3   4   7   3 256.49
   27   2018 01 13 21:49:12.954    78552.954  0.1269 31.0505 110.1905   6.00   -inf  -nan   5   3   8   3 177.95
   28   2018 01 13 23:06:38.148    83198.148  0.3566 30.9405 110.7605   6.00   -inf  -nan  17  16  33  15  64.29
   29   2018 01 13 23:40:01.083    85201.083  0.2451 30.8505 111.1305   4.00   -inf  -nan  13   5  18   5 210.25
    1   2018 01 14 01:06:15.194     3975.194  0.1435 30.9305 111.2005   4.00   -inf  -nan   3   2   5   2 279.86
    2   2018 01 14 01:39:24.538     5964.538  0.2508 30.8505 111.1305   4.00   -inf  -nan  10   6  16   5 210.25
    3   2018 01 14 03:55:33.280    14133.280  0.2339 30.8905 111.0405   4.00   -inf  -nan   7   5  12   5 162.54
    4   2018 01 14 04:07:41.327    14861.327  0.1861 30.8905 111.0405   4.00   -inf  -nan   7   2   9   2 162.54
    5   2018 01 14 06:25:23.535    23123.535  0.2031 30.9805 110.8005  12.00   -inf  -nan   3   3   6   1 156.53
    6   2018 01 14 06:37:19.751    23839.751  0.2481 30.9305 110.7605  10.00   -inf  -nan   5   8  13   5 117.75
    7   2018 01 14 06:41:00.018    24060.018  0.3452 31.1705 110.3905   0.00   -inf  -nan   9   5  14   4 175.42
    8   2018 01 14 06:46:24.814    24384.814  0.1882 31.2005 110.3705   0.00   -inf  -nan   6   2   8   2 261.66
    9   2018 01 14 06:52:16.929    24736.929  0.3713 31.2105 110.3905   0.00   -inf  -nan   8   3  11   3 211.67
   10   2018 01 14 07:17:01.603    26221.603  0.2473 30.9905 110.8005   0.00   -inf  -nan  12   6  18   5  67.62
   11   2018 01 14 08:21:25.178    30085.178  0.3444 30.9405 110.7605  14.00   -inf  -nan   6   6  12   5 127.90
   12   2018 01 14 08:51:18.756    31878.756  0.2376 30.9405 110.7605  10.00   -inf  -nan   7   9  16   7 110.97
   13   2018 01 14 08:55:02.240    32102.240  0.1831 30.8505 111.1305   6.00   -inf  -nan   5   4   9   4 210.75
   14   2018 01 14 09:20:09.641    33609.641  0.2100 30.9405 110.7605  12.00   -inf  -nan   9  12  21   9  77.93
   15   2018 01 14 09:21:30.563    33690.563  0.1853 30.9405 110.7605  12.00   -inf  -nan   3   4   7   3 110.97
   16   2018 01 14 09:37:29.976    34649.976  0.3402 30.9405 110.8405   0.00   -inf  -nan  16  10  26  10  56.17
   17   2018 01 14 10:16:11.691    36971.691  0.2758 30.9405 110.7605  12.00   -inf  -nan  12  11  23  11  77.93
   18   2018 01 14 10:25:38.193    37538.193  0.2790 30.9305 110.7505  12.00   -inf  -nan  14  12  26  12  69.87
   19   2018 01 14 10:32:03.784    37923.784  0.0726 30.9405 110.7605  10.00   -inf  -nan   4   4   8   2 110.97
   20   2018 01 14 10:35:56.167    38156.167  0.2472 31.0505 110.0305   8.00   -inf  -nan   7   6  13   5 264.99
   21   2018 01 14 10:37:13.482    38233.482  0.0908 30.9405 110.7605  10.00   -inf  -nan   4   2   6   1 110.97
   22   2018 01 14 10:56:19.584    39379.584  0.1692 30.9405 110.7605  10.00   -inf  -nan   5   6  11   4 110.97
   23   2018 01 14 10:56:53.832    39413.832  0.2717 30.9405 110.7605  12.00   -inf  -nan   6   5  11   4 144.50
   24   2018 01 14 11:34:50.705    41690.705  0.2055 30.9405 110.7605  10.00   -inf  -nan   8   8  16   7 110.97
   25   2018 01 14 12:17:16.670    44236.670  0.2941 30.9405 110.7605  10.00   -inf  -nan  16  14  30  13  64.29
   26   2018 01 14 12:17:30.397    44250.397  0.2802 30.9105 110.7405  10.00   -inf  -nan   5   3   8   3 156.63
   27   2018 01 14 12:18:19.158    44299.158  0.1948 30.9405 110.7605  10.00   -inf  -nan  11  11  22  10  77.93
   28   2018 01 14 12:19:08.444    44348.444  0.1465 30.9405 110.7605  10.00   -inf  -nan   8   6  14   6 110.97
   29   2018 01 14 12:19:53.073    44393.073  0.2231 30.9005 110.7805   8.00   -inf  -nan   3   3   6   2 269.82
   30   2018 01 14 12:20:04.444    44404.444  0.1624 30.9405 110.7605  10.00   -inf  -nan   9   5  14   5 110.97
   31   2018 01 14 12:20:36.174    44436.174  0.2934 30.9405 110.7605  14.00   -inf  -nan  17  14  31  14  64.29
   32   2018 01 14 12:22:34.714    44554.714  0.2780 30.9405 110.7605  10.00   -inf  -nan   7   7  14   6  77.93
   33   2018 01 14 13:52:31.412    49951.412  0.1628 30.9405 110.7605  10.00   -inf  -nan   4   5   9   3 194.83
   34   2018 01 14 14:29:05.652    52145.652  0.2594 30.9505 110.7605  12.00   -inf  -nan  14  10  24  10  87.10
   35   2018 01 14 14:56:37.681    53797.681  0.2625 30.9505 110.7805  10.00   -inf  -nan   4   3   7   1 116.63
   36   2018 01 14 15:46:30.882    56790.882  0.1598 30.9405 110.7605  10.00   -inf  -nan   4   3   7   2 110.97
   37   2018 01 14 17:22:40.740    62560.740  0.2665 30.9405 110.7605  10.00   -inf  -nan   4   6  10   3 110.97
   38   2018 01 14 20:49:17.935    74957.935  0.3153 30.9505 110.7805  10.00   -inf  -nan   3   5   8   2 116.63
    1   2018 01 15 00:08:21.305      501.305  0.2417 30.9405 110.7805  10.00   -inf  -nan   7  10  17   6  92.21
    2   2018 01 15 00:17:00.871     1020.871  0.2823 31.0905 110.1905   6.00   -inf  -nan  14  14  28  12 224.17
    3   2018 01 15 00:22:24.242     1344.242  0.3508 31.0905 110.1905   8.00   -inf  -nan  12  11  23  10 224.17
    4   2018 01 15 01:04:24.430     3864.430  0.2690 31.1005 110.2105   2.00   -inf  -nan   5   9  14   4 168.87
    5   2018 01 15 01:08:05.564     4085.564  0.4946 30.9805 111.2105   4.00   -inf  -nan   4   2   6   1 254.42
    6   2018 01 15 01:12:25.316     4345.316  0.3183 31.1005 110.2105   6.00   -inf  -nan  11  12  23   9 168.87
    7   2018 01 15 01:35:34.132     5734.132  0.2665 31.0505 110.1905   6.00   -inf  -nan   7   4  11   4 177.95
    8   2018 01 15 03:08:06.566    11286.566  0.1753 30.8505 111.1305   4.00   -inf  -nan   7   6  13   5 210.25
    9   2018 01 15 03:44:31.761    13471.761  0.1836 30.7705 111.2105   2.00   -inf  -nan   6   2   8   2 264.66
   10   2018 01 15 03:50:24.470    13824.470  0.4485 30.7405 111.2105   0.00   -inf  -nan   5   2   7   1 268.33
   11   2018 01 15 04:16:30.489    15390.489  0.2537 30.9805 110.5005   0.00   -inf  -nan   6   3   9   3 100.66
   12   2018 01 15 04:46:14.578    17174.578  0.1988 30.9405 110.7805  10.00   -inf  -nan   6   6  12   6 146.46
   13   2018 01 15 05:04:30.762    18270.762  0.3886 31.1405 110.8705   6.00   -inf  -nan  14   9  23   8 215.61
   14   2018 01 15 05:25:20.008    19520.008  0.1863 30.8505 111.1305   4.00   -inf  -nan   4   4   8   3 210.75
   15   2018 01 15 05:28:06.738    19686.738  0.2919 31.1305 110.0705  12.00   -inf  -nan   3   3   6   2 255.43
   16   2018 01 15 05:43:06.419    20586.419  0.1649 30.9405 110.7605  10.00   -inf  -nan   6   6  12   5 144.50
   17   2018 01 15 06:04:21.506    21861.506  0.1923 30.9605 109.9705   8.00   -inf  -nan   8   3  11   3 295.22
   18   2018 01 15 06:04:52.262    21892.262  0.3963 31.0605 110.4405   4.00   -inf  -nan   3   3   6   2 216.40
   19   2018 01 15 07:05:03.275    25503.275  0.1235 30.9405 110.7605  10.00   -inf  -nan   5   6  11   4 110.97
   20   2018 01 15 10:09:31.561    36571.561  0.3390 31.0605 110.4405   4.00   -inf  -nan   8   6  14   5 170.49
   21   2018 01 15 10:10:07.261    36607.261  0.2697 30.8205 110.9505   4.00   -inf  -nan  12   5  17   5 127.33
   22   2018 01 15 13:18:32.541    47912.541  0.1696 30.9305 111.1705   0.00   -inf  -nan   4   2   6   2 146.89
   23   2018 01 15 13:54:46.680    50086.680  0.2690 31.0105 110.3705   2.00   -inf  -nan   4   6  10   3 139.19
   24   2018 01 15 16:08:42.417    58122.417  0.4636 31.0105 110.4505  10.00   -inf  -nan  13  15  28  13 101.24
   25   2018 01 15 20:26:29.710    73589.710  0.1870 31.0505 110.0705   0.00   -inf  -nan   6   4  10   4 248.61
   26   2018 01 15 23:58:50.460    86330.460  0.1861 31.0505 110.2705   8.00   -inf  -nan   3   3   6   3 230.62
    1   2018 01 16 00:07:39.270      459.270  0.1211 31.0505 110.0705   8.00   -inf  -nan   5   3   8   2 298.36
    2   2018 01 16 03:16:38.330    11798.330  0.1679 30.8505 111.1305   6.00   -inf  -nan  12   4  16   4 210.25
    3   2018 01 16 04:56:25.905    17785.905  0.3621 31.2405 110.9405  10.00   -inf  -nan  17  14  31  14 236.40
    4   2018 01 16 05:56:30.333    21390.333  0.4632 31.1405 110.3305   0.00   -inf  -nan   6   2   8   2 175.57
    5   2018 01 16 07:26:55.435    26815.435  0.3254 31.2305 110.9605   8.00   -inf  -nan   8  10  18   8 259.50
    6   2018 01 16 08:32:11.140    30731.140  0.2341 30.8505 111.1305   6.00   -inf  -nan  12   8  20   8 210.25
    7   2018 01 16 08:46:33.595    31593.595  0.3210 31.0905 110.1905   0.00   -inf  -nan   4   3   7   3 264.28
    8   2018 01 16 10:21:04.796    37264.796  0.4156 31.2405 110.9405   8.00   -inf  -nan   9  11  20   8 251.84
    9   2018 01 16 11:03:15.910    39795.910  0.3412 31.0305 110.6005   6.00   -inf  -nan   4   4   8   3 170.76
   10   2018 01 16 12:43:20.017    45800.017  0.2231 31.2405 110.9405   0.00   -inf  -nan   3   4   7   2 294.03
   11   2018 01 16 13:19:13.039    47953.039  0.2993 31.0905 110.1905   6.00   -inf  -nan   8   7  15   7 181.48
   12   2018 01 16 15:48:14.641    56894.641  0.3461 31.2505 110.9605   8.00   -inf  -nan  15  14  29  13 255.20
   13   2018 01 16 15:53:32.598    57212.598  0.2529 30.9405 110.7805  14.00   -inf  -nan   6   6  12   5 120.33
   14   2018 01 16 16:10:45.844    58245.844  0.3343 31.0805 110.8205   6.00   -inf  -nan  15  14  29  11 124.12
   15   2018 01 16 16:26:50.831    59210.831  0.2238 30.9405 110.7605  12.00   -inf  -nan  15  11  26  11  77.93
   16   2018 01 16 16:35:12.764    59712.764  0.1622 30.9405 110.7605  10.00   -inf  -nan   4   4   8   1 110.97
   17   2018 01 16 16:54:32.681    60872.681  0.2808 30.9405 110.7605  10.00   -inf  -nan   6   6  12   3 110.97
   18   2018 01 16 18:04:55.980    65095.980  0.1623 31.0905 110.1905   2.00   -inf  -nan   3   5   8   3 181.48
   19   2018 01 16 18:14:16.276    65656.276  0.0865 30.9405 110.7905  12.00   -inf  -nan   3   3   6   1 169.05
   20   2018 01 16 18:51:37.374    67897.374  0.1658 31.1805 110.2905  12.00   -inf  -nan   3   3   6   3 261.98
   21   2018 01 16 19:36:44.760    70604.760  0.1899 30.9405 110.7905  12.00   -inf  -nan   3   4   7   2 143.56
   22   2018 01 16 19:58:51.770    71931.770  0.3015 30.9305 110.8005  14.00   -inf  -nan   9  12  21   9  70.68
   23   2018 01 16 20:44:14.414    74654.414  0.2592 30.9105 110.7805  12.00   -inf  -nan   4   3   7   1 161.66
   24   2018 01 16 20:57:24.558    75444.558  0.2274 30.9405 110.7805  14.00   -inf  -nan   8   7  15   7 110.23
   25   2018 01 16 21:25:35.609    77135.609  0.4352 30.9105 110.9005  20.00   -inf  -nan   3   4   7   2 116.03
   26   2018 01 16 21:48:46.797    78526.797  0.2720 30.9405 110.7805  14.00   -inf  -nan   7   7  14   5 110.23
   27   2018 01 16 22:31:49.892    81109.892  0.2451 30.9405 110.7805  14.00   -inf  -nan   9   9  18   9  92.21
   28   2018 01 16 22:51:29.474    82289.474  0.2352 31.0905 110.1905   0.00   -inf  -nan   4   3   7   3 181.48
    1   2018 01 17 00:02:40.049      160.049  0.2533 30.9405 110.7805  14.00   -inf  -nan   6   4  10   4 146.36
    2   2018 01 17 00:33:53.623     2033.623  0.2300 30.9405 110.7805  14.00   -inf  -nan   7   7  14   6 110.23
    3   2018 01 17 01:21:28.096     4888.096  0.2154 30.8505 111.1305   6.00   -inf  -nan   9   4  13   4 210.25
    4   2018 01 17 02:11:49.522     7909.522  0.3378 30.9505 111.0205  14.00   -inf  -nan   3   2   5   1 180.70
    5   2018 01 17 03:03:13.136    10993.136  0.2901 30.9805 109.9705   2.00   -inf  -nan  11   9  20   8 288.41
    6   2018 01 17 03:27:11.530    12431.530  0.2302 31.2505 110.0505   4.00   -inf  -nan  10   6  16   6 299.84
    7   2018 01 17 03:49:43.478    13783.478  0.2143 30.9405 110.8005  12.00   -inf  -nan   4   7  11   4 159.27
    8   2018 01 17 04:48:12.456    17292.456  0.3055 30.9905 110.8005   0.00   -inf  -nan  13   7  20   7 122.96
    9   2018 01 17 05:40:28.086    20428.086  0.4464 30.8705 110.9205   2.00   -inf  -nan   6   5  11   4 140.83
   10   2018 01 17 07:04:09.830    25449.830  0.2226 30.6905 110.8905   8.00   -inf  -nan   4   2   6   2 231.24
   11   2018 01 17 10:15:20.592    36920.592  0.2226 30.8505 111.1305   4.00   -inf  -nan   6   6  12   6 210.25
   12   2018 01 17 14:15:58.498    51358.498  0.2900 31.1705 110.2105   8.00   -inf  -nan   4   2   6   1 187.43
   13   2018 01 17 17:36:54.790    63414.790  0.2950 30.9405 110.7405   8.00   -inf  -nan   5   8  13   5  67.18
   14   2018 01 17 19:59:40.781    71980.781  0.2366 30.9405 110.7805  10.00   -inf  -nan   8   8  16   8 110.23
   15   2018 01 17 22:01:59.775    79319.775  0.4299 30.9005 110.7605   0.00   -inf  -nan   3   5   8   2 140.17
   16   2018 01 17 23:57:08.173    86228.173  0.2753 30.9405 110.7805  10.00   -inf  -nan  10   9  19   8  92.21
    1   2018 01 18 00:48:49.592     2929.592  0.2877 31.0205 110.3205   0.00   -inf  -nan   3   4   7   2 159.72
    2   2018 01 18 02:34:41.569     9281.569  0.1396 30.8505 111.1305   6.00   -inf  -nan  13   6  19   6 210.25
    3   2018 01 18 04:10:32.929    15032.929  0.0976 30.9405 110.7605  10.00   -inf  -nan   3   3   6   2 110.97
    4   2018 01 18 04:55:58.220    17758.220  0.2015 30.8405 110.2505   0.00   -inf  -nan   3   3   6   2 247.02
    5   2018 01 18 05:16:57.687    19017.687  0.1731 30.7705 110.7705  12.00   -inf  -nan   8   9  17   7 117.43
    6   2018 01 18 06:21:33.584    22893.584  0.3385 30.9405 110.7405  10.00   -inf  -nan   4   7  11   4 110.40
    7   2018 01 18 06:31:35.965    23495.965  0.1937 30.8205 110.2205   2.00   -inf  -nan   3   2   5   1 331.79
    8   2018 01 18 06:36:03.582    23763.582  0.2627 30.8005 110.2105   2.00   -inf  -nan   3   2   5   1 278.44
    9   2018 01 18 07:39:59.024    27599.024  0.3693 30.8905 111.0405   4.00   -inf  -nan   5   2   7   2  98.74
   10   2018 01 18 07:45:15.912    27915.912  0.2009 30.8305 110.9405   0.00   -inf  -nan  12   6  18   6 108.73
   11   2018 01 18 09:11:04.948    33064.948  0.2364 30.8305 110.9405   0.00   -inf  -nan   8   4  12   4 108.73
   12   2018 01 18 09:43:17.570    34997.570  0.2552 30.9305 111.1705   0.00   -inf  -nan   4   3   7   3 146.89
   13   2018 01 18 09:50:05.368    35405.368  0.2299 30.9105 110.7805  14.00   -inf  -nan   4   3   7   3 191.22
   14   2018 01 18 16:16:21.201    58581.201  0.2624 30.9005 110.7805   2.00   -inf  -nan   3   4   7   2 163.31
   15   2018 01 18 16:41:38.004    60098.004  0.2401 30.9405 110.7605  10.00   -inf  -nan   5   8  13   5 110.97
   16   2018 01 18 17:16:26.537    62186.537  0.2343 30.9305 110.7605  10.00   -inf  -nan  15  12  27  12  71.26
   17   2018 01 18 17:42:17.308    63737.308  0.3511 31.0805 110.1705  10.00   -inf  -nan   9   8  17   7 193.55
   18   2018 01 18 18:05:38.135    65138.135  0.3097 30.9405 110.7805  10.00   -inf  -nan  11  11  22   9  92.21
   19   2018 01 18 18:21:15.994    66075.994  0.1878 30.9405 110.7605  10.00   -inf  -nan   4   3   7   1 110.97
   20   2018 01 18 18:21:46.328    66106.328  0.1781 30.9405 110.7605  10.00   -inf  -nan   5   7  12   5 110.97
   21   2018 01 18 19:17:33.981    69453.981  0.2227 31.0505 110.4605  14.00   -inf  -nan   3   3   6   1 111.60
   22   2018 01 18 19:34:17.052    70457.052  0.2976 30.9505 110.7805  14.00   -inf  -nan  12  12  24  11 102.85
   23   2018 01 18 19:35:01.293    70501.293  0.2895 30.9405 110.7805  10.00   -inf  -nan  10  10  20   9  92.21
   24   2018 01 18 20:08:00.817    72480.817  0.3457 30.9505 110.8205  10.00   -inf  -nan   3   5   8   2 130.65
   25   2018 01 18 21:08:12.107    76092.107  0.2396 31.1405 110.3705   4.00   -inf  -nan   3   2   5   1 202.17
   26   2018 01 18 21:21:46.308    76906.308  0.2810 31.0805 110.1705  10.00   -inf  -nan   8   5  13   5 254.55
    1   2018 01 19 00:59:55.543     3595.543  0.1475 30.9405 110.8105  10.00   -inf  -nan   3   2   5   1 155.70
    2   2018 01 19 01:43:20.357     6200.357  0.1912 30.8505 111.1705   6.00   -inf  -nan  11   4  15   4 293.45
    3   2018 01 19 02:28:27.583     8907.583  0.2811 30.9305 110.8005  10.00   -inf  -nan   4   5   9   4 149.79
    4   2018 01 19 02:38:03.538     9483.538  0.2572 30.9405 110.8005  10.00   -inf  -nan   4   4   8   2 108.46
    5   2018 01 19 03:44:51.440    13491.440  0.2752 31.0605 110.1305   6.00   -inf  -nan   7   5  12   4 216.83
    6   2018 01 19 06:25:57.830    23157.830  0.2941 30.6905 111.0805   0.00   -inf  -nan   4   4   8   4 301.56
    7   2018 01 19 06:28:24.136    23304.136  0.2255 31.0805 110.1705   0.00   -inf  -nan   4   6  10   4 193.55
    8   2018 01 19 07:11:19.293    25879.293  0.3790 31.2205 110.0905   0.00   -inf  -nan  12   8  20   7 283.12
    9   2018 01 19 07:45:31.198    27931.198  0.1583 30.8505 111.1305   6.00   -inf  -nan  10   4  14   4 210.75
   10   2018 01 19 09:54:57.240    35697.240  0.1824 30.8505 111.0905   4.00   -inf  -nan   4   2   6   2 283.97
   11   2018 01 19 10:12:19.042    36739.042  0.2782 30.9105 110.7205   8.00   -inf  -nan  15   5  20   5  86.18
   12   2018 01 19 12:31:20.801    45080.801  0.3575 31.0505 110.4605   0.00   -inf  -nan  10   9  19   9 111.60
   13   2018 01 19 14:48:09.294    53289.294  0.2407 30.9405 110.7805  10.00   -inf  -nan   9   8  17   7  92.21
   14   2018 01 19 15:13:14.886    54794.886  0.2445 30.9405 110.7805  16.00   -inf  -nan   9   6  15   6  92.21
   15   2018 01 19 17:37:53.475    63473.475  0.1621 31.0105 110.1105   8.00   -inf  -nan   6   4  10   4 231.77
   16   2018 01 19 18:17:30.909    65850.909  0.4051 30.9505 110.6805   8.00   -inf  -nan   3   2   5   1 173.45
   17   2018 01 19 22:51:56.185    82316.185  0.1439 31.1705 110.3405   0.00   -inf  -nan   3   2   5   2 252.38
   18   2018 01 19 23:31:52.049    84712.049  0.2909 30.9405 110.7405   6.00   -inf  -nan   3   3   6   2 123.56
    1   2018 01 20 00:43:33.761     2613.761  0.1513 30.8505 111.1305   6.00   -inf  -nan   9   4  13   4 210.25
    2   2018 01 20 00:43:42.945     2622.945  0.1854 31.0205 110.3605   6.00   -inf  -nan   4   4   8   3 123.86
    3   2018 01 20 03:48:15.812    13695.812  0.3278 30.9005 110.7205   6.00   -inf  -nan  11   7  18   4  94.62
    4   2018 01 20 04:44:15.654    17055.654  0.2372 30.8305 111.1405  12.00   -inf  -nan   4   3   7   2 223.39
    5   2018 01 20 04:46:23.413    17183.413  0.1778 30.7305 111.2005   6.00   -inf  -nan   4   2   6   2 282.02
    6   2018 01 20 04:54:40.573    17680.573  0.0810 30.8905 111.0905  12.00   -inf  -nan   3   2   5   2 195.95
    7   2018 01 20 05:59:40.167    21580.167  0.4468 30.7405 110.9305   6.00   -inf  -nan   6   7  13   5 207.91
    8   2018 01 20 06:23:07.730    22987.730  0.4475 30.7505 110.9005   0.00   -inf  -nan   8   8  16   7 194.94
    9   2018 01 20 07:51:22.376    28282.376  0.1662 31.0105 110.4305   2.00   -inf  -nan   3   2   5   2 290.20
   10   2018 01 20 08:42:47.616    31367.616  0.2543 30.9605 109.9705   8.00   -inf  -nan   5   3   8   2 295.22
   11   2018 01 20 08:50:44.481    31844.481  0.3325 30.7405 110.9305   0.00   -inf  -nan   7   3  10   2 237.57
   12   2018 01 20 09:15:10.498    33310.498  0.1312 30.8505 111.1305   6.00   -inf  -nan   9   7  16   7 210.25
   13   2018 01 20 11:00:44.739    39644.739  0.2310 30.9405 110.7805  14.00   -inf  -nan   6   7  13   6 110.23
   14   2018 01 20 11:32:56.315    41576.315  0.1933 30.9705 111.2005   4.00   -inf  -nan   3   3   6   3 295.63
   15   2018 01 20 11:40:19.798    42019.798  0.2423 30.9405 110.7605  10.00   -inf  -nan  12  12  24  11  77.93
   16   2018 01 20 14:31:06.335    52266.335  0.1638 30.9405 110.7905  12.00   -inf  -nan   3   5   8   2 143.56
   17   2018 01 20 14:46:56.888    53216.888  0.2333 30.9105 110.7805   8.00   -inf  -nan   3   7  10   3 129.64
   18   2018 01 20 14:52:00.873    53520.873  0.2142 30.9405 110.7805  14.00   -inf  -nan   7   7  14   7 110.23
   19   2018 01 20 14:58:22.195    53902.195  0.2329 30.9405 110.7805  14.00   -inf  -nan  12  12  24  12  92.21
   20   2018 01 20 15:05:16.599    54316.599  0.2324 30.9405 110.7805  12.00   -inf  -nan  11  11  22  10  92.21
   21   2018 01 20 15:17:24.768    55044.768  0.1580 30.9305 110.7905  10.00   -inf  -nan   9   8  17   7  88.07
   22   2018 01 20 16:16:32.571    58592.571  0.1831 30.9405 110.7805  12.00   -inf  -nan   5   5  10   4 129.92
   23   2018 01 20 16:41:08.143    60068.143  0.2136 30.9405 110.7605  10.00   -inf  -nan   8   8  16   6  77.93
   24   2018 01 20 16:50:36.720    60636.720  0.2166 30.9405 110.7605  12.00   -inf  -nan  15  12  27  12  77.93
   25   2018 01 20 17:55:37.442    64537.442  0.1607 30.9405 110.7705  10.00   -inf  -nan   3   2   5   1 149.15
   26   2018 01 20 17:56:53.538    64613.538  0.2461 30.9405 110.7805  10.00   -inf  -nan   3   3   6   2 177.28
   27   2018 01 20 18:05:44.359    65144.359  0.2426 30.9305 110.7905  12.00   -inf  -nan   9  11  20   8  88.07
   28   2018 01 20 18:14:33.078    65673.078  0.1398 30.8705 110.8205   6.00   -inf  -nan   6   4  10   3  77.29
   29   2018 01 20 18:46:33.563    67593.563  0.1229 30.9405 110.7905  12.00   -inf  -nan   4   4   8   3 169.05
   30   2018 01 20 18:49:34.867    67774.867  0.2758 30.9405 110.7605  14.00   -inf  -nan  16  13  29  13  77.93
   31   2018 01 20 18:58:46.556    68326.556  0.2342 30.9405 110.7605  10.00   -inf  -nan  10  10  20   8  77.93
   32   2018 01 20 19:50:03.822    71403.822  0.4366 31.0605 110.2105   6.00   -inf  -nan   8   6  14   6 165.91
   33   2018 01 20 21:18:19.138    76699.138  0.4397 31.2505 110.5905   4.00   -inf  -nan   4   3   7   3 273.63
   34   2018 01 20 21:35:35.510    77735.510  0.1324 30.9405 110.7905  12.00   -inf  -nan   3   4   7   2 169.05
   35   2018 01 20 22:00:12.388    79212.388  0.2283 30.9405 110.7805  12.00   -inf  -nan   7   7  14   6 110.23
   36   2018 01 20 22:34:11.420    81251.420  0.2353 30.7805 110.7705  12.00   -inf  -nan   7   8  15   6 110.23
   37   2018 01 20 22:35:44.470    81344.470  0.2753 30.7905 110.7805   0.00   -inf  -nan   3   4   7   3 146.07
   38   2018 01 20 23:02:23.777    82943.777  0.2541 30.7805 110.7705  12.00   -inf  -nan   5   6  11   4 110.23
   39   2018 01 20 23:05:27.401    83127.401  0.2620 31.0505 110.4605  12.00   -inf  -nan   7   7  14   6 111.60
   40   2018 01 20 23:15:52.784    83752.784  0.2672 30.9405 110.7805  10.00   -inf  -nan  10   9  19   8  92.21
    1   2018 01 21 00:50:09.173     3009.173  0.1836 30.9405 110.7805  12.00   -inf  -nan   8   9  17   7  92.21
    2   2018 01 21 01:14:41.623     4481.623  0.2659 30.8605 110.7305  16.00   -inf  -nan   3   4   7   1 181.72
    3   2018 01 21 01:21:57.786     4917.786  0.1427 30.8505 111.1305   6.00   -inf  -nan   6   4  10   4 210.75
    4   2018 01 21 01:34:57.580     5697.580  0.2685 30.9405 110.7805  12.00   -inf  -nan   6   7  13   5  92.21
    5   2018 01 21 01:55:13.970     6913.970  0.2268 30.9405 110.7805  12.00   -inf  -nan   8   9  17   7  92.21
    6   2018 01 21 03:09:39.127    11379.127  0.1913 30.7805 110.4405   2.00   -inf  -nan   3   3   6   2 270.71
    7   2018 01 21 05:10:00.435    18600.435  0.3310 30.9405 110.7405  10.00   -inf  -nan   3   4   7   3 117.79
    8   2018 01 21 05:10:17.556    18617.556  0.3648 30.9405 110.7405   8.00   -inf  -nan   6   7  13   4  94.47
    9   2018 01 21 06:51:56.346    24716.346  0.1408 30.7705 111.1705   4.00   -inf  -nan   6   2   8   2 274.79
   10   2018 01 21 07:04:19.608    25459.608  0.2007 30.7305 111.2005   4.00   -inf  -nan   5   2   7   1 267.06
   11   2018 01 21 07:24:01.303    26641.303  0.1807 30.9005 110.4605   8.00   -inf  -nan   5   6  11   4  92.41
   12   2018 01 21 09:36:55.239    34615.239  0.1405 30.8505 111.1305   6.00   -inf  -nan  11   6  17   5 210.25
   13   2018 01 21 11:41:56.222    42116.222  0.4532 31.0605 110.4405   6.00   -inf  -nan   4   5   9   3 113.97
   14   2018 01 21 12:58:56.590    46736.590  0.2243 31.1405 110.0105   2.00   -inf  -nan   4   2   6   2 277.06
   15   2018 01 21 13:07:00.041    47220.041  0.4266 31.1005 110.0105  12.00   -inf  -nan  13   6  19   6 272.43
   16   2018 01 21 14:48:16.257    53296.257  0.2356 31.0805 110.1705  14.00   -inf  -nan   3   2   5   1 254.55
   17   2018 01 21 16:44:17.043    60257.043  0.1322 30.9305 110.8005  10.00   -inf  -nan   4   5   9   4 149.80
   18   2018 01 21 17:22:20.583    62540.583  0.0837 31.1805 110.2905   0.00   -inf  -nan   3   2   5   2 183.58
   19   2018 01 21 21:21:04.767    76864.767  0.3971 30.8905 110.8405   0.00   -inf  -nan   3   3   6   2 137.56
   20   2018 01 21 21:27:46.959    77266.959  0.1703 30.9305 110.8005  12.00   -inf  -nan   6   5  11   5 115.93
   21   2018 01 21 23:50:48.156    85848.156  0.1939 30.8505 111.1305   6.00   -inf  -nan  12   6  18   6 210.25
    1   2018 01 22 01:16:56.247     4616.247  0.2789 30.9405 110.7405   8.00   -inf  -nan   3   4   7   2 141.64
    2   2018 01 22 03:22:45.757    12165.757  0.0909 31.1305 110.1905   0.00   -inf  -nan   3   3   6   3 213.50
    3   2018 01 22 04:28:16.327    16096.327  0.2942 31.0005 109.9705   8.00   -inf  -nan  14   7  21   7 288.12
    4   2018 01 22 04:31:25.082    16285.082  0.1881 30.9405 110.7805  12.00   -inf  -nan   3   4   7   3 165.87
    5   2018 01 22 04:37:38.174    16658.174  0.1574 30.9405 110.7805  12.00   -inf  -nan   7   4  11   4 146.46
    6   2018 01 22 04:47:51.645    17271.645  0.4424 30.9005 110.4205   8.00   -inf  -nan   7  10  17   7 150.38
    7   2018 01 22 04:56:38.110    17798.110  0.2450 31.0905 110.4705   0.00   -inf  -nan   5   3   8   2 213.76
    8   2018 01 22 05:05:05.620    18305.620  0.3540 31.0305 110.4805   0.00   -inf  -nan   7   4  11   2  98.79
    9   2018 01 22 05:17:22.475    19042.475  0.3822 31.0205 110.4405   6.00   -inf  -nan   6   6  12   4  97.11
   10   2018 01 22 05:22:00.877    19320.877  0.2552 30.9405 110.7605   8.00   -inf  -nan   5   6  11   5 144.50
   11   2018 01 22 05:58:48.333    21528.333  0.2437 30.8405 110.3305  16.00   -inf  -nan   3   2   5   1 210.47
   12   2018 01 22 06:44:05.098    24245.098  0.1517 30.7705 111.2505   4.00   -inf  -nan   6   6  12   4 332.07
   13   2018 01 22 06:47:27.493    24447.493  0.2295 30.9405 110.8005  10.00   -inf  -nan   3   5   8   3 159.27
   14   2018 01 22 06:50:30.619    24630.619  0.1129 30.7705 111.2505   6.00   -inf  -nan   3   3   6   3 332.07
   15   2018 01 22 06:54:03.267    24843.267  0.2766 30.9905 110.8005   0.00   -inf  -nan  16  11  27  10  67.62
   16   2018 01 22 07:23:10.881    26590.881  0.2555 30.8505 111.1305   6.00   -inf  -nan  13   8  21   8 210.25
   17   2018 01 22 07:34:48.999    27288.999  0.1223 30.8505 111.1305   6.00   -inf  -nan   6   3   9   3 210.75
   18   2018 01 22 09:03:16.079    32596.079  0.4595 30.9705 110.3705   6.00   -inf  -nan   9   4  13   3 109.28
   19   2018 01 22 09:46:40.996    35200.996  0.3306 31.1305 110.0305   4.00   -inf  -nan  10   7  17   5 269.61
   20   2018 01 22 09:58:38.221    35918.221  0.4010 30.6305 110.7205  12.00   -inf  -nan   4   2   6   1 288.26
   21   2018 01 22 10:32:10.699    37930.699  0.2525 30.9305 110.8005  10.00   -inf  -nan   5   5  10   4 147.35
   22   2018 01 22 12:22:31.941    44551.941  0.1715 30.9405 110.7805  12.00   -inf  -nan  10   9  19   9  92.21
   23   2018 01 22 15:13:09.844    54789.844  0.1574 30.9405 110.7805  12.00   -inf  -nan   4   5   9   4 165.87
   24   2018 01 22 16:58:20.137    61100.137  0.2306 30.9405 110.7805  12.00   -inf  -nan   8   8  16   7  92.21
   25   2018 01 22 17:01:30.081    61290.081  0.2476 31.0205 110.3205   4.00   -inf  -nan   7   6  13   6  94.36
   26   2018 01 22 19:20:37.892    69637.892  0.4202 31.0605 110.4405   8.00   -inf  -nan   4   5   9   4 113.97
   27   2018 01 22 20:17:13.068    73033.068  0.1593 30.9405 110.7805  12.00   -inf  -nan   8  10  18   7  92.21
   28   2018 01 22 22:06:07.423    79567.423  0.3696 31.0305 110.4405  12.00   -inf  -nan   5   5  10   4  92.86
   29   2018 01 22 23:03:47.536    83027.536  0.2329 31.0905 110.1105   0.00   -inf  -nan   6   4  10   4 230.20
    1   2018 01 23 00:16:25.703      985.703  0.2485 31.1005 110.4005   2.00   -inf  -nan   3   2   5   2 274.71
    2   2018 01 23 00:24:23.007     1463.007  0.2012 30.9305 111.2405   0.00   -inf  -nan   3   2   5   1 318.94
    3   2018 01 23 01:41:21.112     6081.112  0.3090 30.9405 110.7805  16.00   -inf  -nan  10  10  20   9  92.21
    4   2018 01 23 02:37:24.816     9444.816  0.4593 31.0605 110.4405   2.00   -inf  -nan   4   4   8   2 113.97
    5   2018 01 23 02:45:46.212     9946.212  0.3395 31.0505 110.4305  10.00   -inf  -nan  10  12  22  10  98.75
    6   2018 01 23 03:17:47.782    11867.782  0.4249 30.7705 111.2805   0.00   -inf  -nan   6   3   9   1 295.26
    7   2018 01 23 04:11:14.824    15074.824  0.2727 30.9405 110.7805  10.00   -inf  -nan   6   5  11   4 110.23
    8   2018 01 23 04:18:46.981    15526.981  0.2614 30.9405 110.7805  10.00   -inf  -nan   8   5  13   4  92.21
    9   2018 01 23 04:21:39.092    15699.092  0.2076 30.9405 110.7605  10.00   -inf  -nan  16  13  29  13  77.93
   10   2018 01 23 05:15:31.912    18931.912  0.2522 31.0205 110.6405  16.00   -inf  -nan   3   3   6   1 139.45
   11   2018 01 23 06:06:20.464    21980.464  0.3342 30.9405 110.7505  12.00   -inf  -nan   8   9  17   7  92.19
   12   2018 01 23 06:08:27.404    22107.404  0.1254 30.7305 111.2105   4.00   -inf  -nan   3   2   5   2 322.55
   13   2018 01 23 06:11:34.718    22294.718  0.1977 30.7305 111.2005   4.00   -inf  -nan  10   5  15   5 282.02
   14   2018 01 23 06:34:47.426    23687.426  0.1661 30.8505 111.1305   6.00   -inf  -nan   6   5  11   5 210.75
   15   2018 01 23 06:55:03.381    24903.381  0.3106 30.7805 110.9305   4.00   -inf  -nan  10   3  13   3 157.56
   16   2018 01 23 06:57:23.151    25043.151  0.2768 31.1305 110.1505   0.00   -inf  -nan   4   4   8   1 214.32
   17   2018 01 23 07:17:35.095    26255.095  0.2081 30.7405 110.8505   8.00   -inf  -nan   6   2   8   2 190.10
   18   2018 01 23 08:08:49.552    29329.552  0.2380 30.9405 110.7605  10.00   -inf  -nan  11  12  23  11  77.93
   19   2018 01 23 09:04:08.405    32648.405  0.2395 30.7505 110.8605  10.00   -inf  -nan   5   3   8   3 184.87
   20   2018 01 23 09:21:09.264    33669.264  0.3351 30.9305 110.7705  12.00   -inf  -nan   6   4  10   2 107.35
   21   2018 01 23 09:51:52.781    35512.781  0.3960 30.9405 110.7605  12.00   -inf  -nan  18  10  28   9  64.29
   22   2018 01 23 09:52:30.724    35550.724  0.2850 30.9105 110.7405   8.00   -inf  -nan   5   4   9   4 134.43
   23   2018 01 23 10:04:47.102    36287.102  0.3612 30.9005 110.7605  10.00   -inf  -nan   8   6  14   5  84.40
   24   2018 01 23 10:06:50.682    36410.682  0.1754 30.9405 110.7605  10.00   -inf  -nan  11   8  19   8 110.97
   25   2018 01 23 11:05:20.714    39920.714  0.3018 30.9405 110.7505  10.00   -inf  -nan  13  12  25  12  68.13
   26   2018 01 23 11:18:24.825    40704.825  0.1402 30.9305 110.7605  10.00   -inf  -nan   8   9  17   8 117.75
   27   2018 01 23 11:35:50.592    41750.592  0.3333 31.1205 110.0505  14.00   -inf  -nan   3   2   5   2 321.72
   28   2018 01 23 11:41:12.010    42072.010  0.2109 31.0605 110.2105   6.00   -inf  -nan   6   4  10   4 165.91
   29   2018 01 23 12:05:00.230    43500.230  0.2398 30.9405 110.7605  10.00   -inf  -nan   5   3   8   2 110.97
   30   2018 01 23 13:22:04.504    48124.504  0.1667 30.8605 110.7605  10.00   -inf  -nan   3   3   6   2 171.92
   31   2018 01 23 13:50:13.942    49813.942  0.4888 30.9405 110.7405  12.00   -inf  -nan  15  13  28  12  64.82
   32   2018 01 23 13:51:18.478    49878.478  0.3061 30.9405 110.7805  10.00   -inf  -nan   8   6  14   6  92.21
   33   2018 01 23 14:06:38.711    50798.711  0.2402 30.9405 110.7805  12.00   -inf  -nan  12  12  24  12  92.21
   34   2018 01 23 14:47:07.327    53227.327  0.4309 30.9805 110.7405  14.00   -inf  -nan   5   4   9   1  96.28
   35   2018 01 23 15:09:59.861    54599.861  0.2849 30.9405 110.7805  10.00   -inf  -nan   9   8  17   7  92.21
   36   2018 01 23 17:13:22.471    62002.471  0.1025 30.9305 110.7605  10.00   -inf  -nan   8   5  13   4  96.54
   37   2018 01 23 18:23:44.938    66224.938  0.1307 30.8505 110.7605   8.00   -inf  -nan   4   2   6   2 179.67
   38   2018 01 23 20:15:33.718    72933.718  0.2349 30.9405 110.7805  10.00   -inf  -nan   3   3   6   2 210.94
   39   2018 01 23 20:40:47.335    74447.335  0.2901 31.1705 110.2205   8.00   -inf  -nan   7   4  11   4 159.84
   40   2018 01 23 22:10:52.102    79852.102  0.3434 30.9205 110.7405  10.00   -inf  -nan  16  12  28  12  76.55
    1   2018 01 24 00:37:55.742     2275.742  0.2711 30.8505 110.7605  10.00   -inf  -nan  11   9  20   9  93.56
    2   2018 01 24 01:17:21.771     4641.771  0.1492 30.8505 111.1205  10.00   -inf  -nan   4   2   6   2 304.90
    3   2018 01 24 01:58:08.335     7088.335  0.1935 30.8505 111.1605   4.00   -inf  -nan  11   5  16   5 289.68
    4   2018 01 24 02:01:46.982     7306.982  0.3032 30.9405 110.7505  10.00   -inf  -nan  12  10  22   9  68.13
    5   2018 01 24 02:03:53.185     7433.185  0.1715 30.9405 110.7605  10.00   -inf  -nan   9   8  17   8  89.30
    6   2018 01 24 02:35:49.795     9349.795  0.1809 30.9405 110.7805  12.00   -inf  -nan   8   6  14   6  92.21
    7   2018 01 24 03:42:43.678    13363.678  0.2409 31.1305 110.0305   8.00   -inf  -nan  14   3  17   3 269.61
    8   2018 01 24 03:52:38.310    13958.310  0.3643 30.9505 110.7805  12.00   -inf  -nan  10  11  21  10  76.83
    9   2018 01 24 05:29:55.111    19795.111  0.1599 30.9405 110.7805  12.00   -inf  -nan   7   7  14   7  92.21
   10   2018 01 24 05:30:11.453    19811.453  0.1479 30.9305 110.8005  10.00   -inf  -nan   5   3   8   2 147.35
   11   2018 01 24 05:31:41.523    19901.523  0.2720 30.9305 110.8005  10.00   -inf  -nan   6   7  13   5  77.23
   12   2018 01 24 05:54:41.205    21281.205  0.2543 30.8605 110.7905  12.00   -inf  -nan  12  15  27  12  81.66
   13   2018 01 24 05:55:18.304    21318.304  0.4588 30.8905 110.7605  12.00   -inf  -nan   4   6  10   4 135.27
   14   2018 01 24 08:40:51.612    31251.612  0.1879 30.8505 111.1205   0.00   -inf  -nan   9   5  14   4 205.95
   15   2018 01 24 10:37:53.589    38273.589  0.2858 30.8505 110.7605   6.00   -inf  -nan   3   4   7   3 179.67
   16   2018 01 24 13:10:38.268    47438.268  0.2995 30.9405 110.7605  12.00   -inf  -nan   3   5   8   1 110.97
   17   2018 01 24 15:37:13.562    56233.562  0.2412 30.8505 110.7605  10.00   -inf  -nan   4   4   8   3 179.67
   18   2018 01 24 17:59:10.414    64750.414  0.3659 31.0305 110.4405   8.00   -inf  -nan   4   3   7   3 134.10
   19   2018 01 24 18:04:28.062    65068.062  0.2699 30.8505 110.7605  10.00   -inf  -nan   7   7  14   6 108.26
   20   2018 01 24 18:43:04.789    67384.789  0.2317 30.9405 110.7805  12.00   -inf  -nan  13  12  25  11  62.87
   21   2018 01 24 18:55:19.690    68119.690  0.4053 31.0505 110.4305   8.00   -inf  -nan  13  15  28  12  98.75
   22   2018 01 24 19:16:25.335    69385.335  0.1901 30.9405 110.7805  12.00   -inf  -nan   8   8  16   7  92.21
   23   2018 01 24 19:53:18.704    71598.704  0.1329 30.8505 110.7605  10.00   -inf  -nan   3   2   5   2 204.60
   24   2018 01 24 20:43:03.174    74583.174  0.2801 30.8505 110.7605  10.00   -inf  -nan   5   7  12   5 124.04
   25   2018 01 24 20:46:19.260    74779.260  0.2641 30.8905 111.0405   2.00   -inf  -nan   4   2   6   1 146.75
   26   2018 01 24 22:30:41.357    81041.357  0.1297 30.8505 110.7605   8.00   -inf  -nan   3   3   6   3 325.06
   27   2018 01 24 22:45:09.659    81909.659  0.3255 31.0505 110.4505   6.00   -inf  -nan   5   3   8   2 152.57
   28   2018 01 24 23:38:46.271    85126.271  0.3040 31.0505 110.4505   2.00   -inf  -nan   7   7  14   7 109.19
    1   2018 01 25 00:09:09.457      549.457  0.1723 30.9405 110.7805  12.00   -inf  -nan   4   5   9   4 149.06
    2   2018 01 25 00:52:32.948     3152.948  0.3296 30.9405 110.7805  12.00   -inf  -nan  17  15  32  14  72.97
    3   2018 01 25 01:52:54.366     6774.366  0.3085 30.8605 110.7905  12.00   -inf  -nan  16  14  30  13  80.04
    4   2018 01 25 02:29:21.380     8961.380  0.1544 30.9305 111.2005   2.00   -inf  -nan   3   2   5   1 278.50
    5   2018 01 25 06:35:05.823    23705.823  0.3216 31.0505 110.4505   8.00   -inf  -nan  12  12  24  10 106.33
    6   2018 01 25 07:31:45.807    27105.807  0.3495 30.8105 111.1605   6.00   -inf  -nan  11   8  19   8 238.50
    7   2018 01 25 09:41:45.579    34905.579  0.2778 30.8505 111.1205   0.00   -inf  -nan   7   6  13   6 205.95
    8   2018 01 25 09:56:28.567    35788.567  0.2633 30.9705 109.9905   8.00   -inf  -nan   7   3  10   3 289.06
    9   2018 01 25 15:12:12.912    54732.912  0.1207 30.8505 110.7605  10.00   -inf  -nan   3   3   6   3 325.06
   10   2018 01 25 15:15:41.729    54941.729  0.2317 30.8505 110.7605  10.00   -inf  -nan   4   4   8   4 199.42
   11   2018 01 25 17:26:54.821    62814.821  0.1917 30.7905 110.7405  10.00   -inf  -nan   4   4   8   4 220.51
   12   2018 01 25 17:27:10.979    62830.979  0.2153 31.1305 110.3405   0.00   -inf  -nan   3   2   5   1 152.58
   13   2018 01 25 18:19:47.988    65987.988  0.4268 31.0205 110.4405   6.00   -inf  -nan  13  11  24  10  87.12
    1   2018 01 26 03:08:56.715    11336.715  0.2312 30.8605 111.1105   0.00   -inf  -nan   9   2  11   1 194.61
    2   2018 01 26 03:54:51.291    14091.291  0.3585 31.0605 110.4205  12.00   -inf  -nan  14  11  25  10  98.90
    3   2018 01 26 03:59:49.793    14389.793  0.2157 30.9305 110.7605  10.00   -inf  -nan   7   8  15   6 106.14
    4   2018 01 26 04:54:47.872    17687.872  0.2498 30.9105 110.7805  14.00   -inf  -nan   5   6  11   4 103.28
    5   2018 01 26 05:28:17.180    19697.180  0.3442 31.0505 110.4405   8.00   -inf  -nan   6   7  13   5 106.21
    6   2018 01 26 05:55:33.324    21333.324  0.3493 30.8105 110.7605  10.00   -inf  -nan   7   6  13   5 187.16
    7   2018 01 26 06:21:03.038    22863.038  0.1692 30.8505 110.7605   8.00   -inf  -nan   3   4   7   3 199.42
    8   2018 01 26 06:22:04.351    22924.351  0.2202 30.8505 111.1605   8.00   -inf  -nan   9   3  12   3 227.22
    9   2018 01 26 07:20:02.862    26402.862  0.2572 30.8505 111.1205   4.00   -inf  -nan  12   6  18   6 205.95
   10   2018 01 26 07:46:17.329    27977.329  0.3296 30.9505 110.8005  10.00   -inf  -nan   3   4   7   1 136.03
   11   2018 01 26 08:15:13.631    29713.631  0.3483 31.2105 110.3505   2.00   -inf  -nan   9   2  11   2 253.60
   12   2018 01 26 08:31:37.773    30697.773  0.2825 31.1705 110.3405   0.00   -inf  -nan   9   4  13   4 233.46
   13   2018 01 26 10:01:17.568    36077.568  0.2088 30.9305 110.8005  10.00   -inf  -nan   3   3   6   2 171.71
   14   2018 01 26 11:41:12.858    42072.858  0.1294 30.9305 110.8005  10.00   -inf  -nan   3   3   6   2 224.58
   15   2018 01 26 12:48:33.189    46113.189  0.3509 30.8605 110.7905  14.00   -inf  -nan  16  15  31  14 134.21
   16   2018 01 26 13:09:44.441    47384.441  0.4186 31.0505 110.4605   0.00   -inf  -nan   7   5  12   5 111.60
   17   2018 01 26 13:56:54.881    50214.881  0.1742 30.9405 110.7805  12.00   -inf  -nan   7   5  12   5 118.14
   18   2018 01 26 15:05:55.051    54355.051  0.1209 31.0605 110.4405   4.00   -inf  -nan   3   3   6   3 256.49
   19   2018 01 26 15:32:13.011    55933.011  0.2402 30.9305 110.8005  12.00   -inf  -nan   5   3   8   2 108.65
   20   2018 01 26 16:43:15.759    60195.759  0.4274 31.0205 110.4405   2.00   -inf  -nan   5   7  12   5  87.12
   21   2018 01 26 16:53:57.737    60837.737  0.2732 31.2605 110.3205   2.00   -inf  -nan   3   2   5   1 271.74
   22   2018 01 26 17:32:38.840    63158.840  0.2198 30.9405 110.7805  12.00   -inf  -nan   9   8  17   8  92.21
   23   2018 01 26 17:50:39.383    64239.383  0.4046 31.2405 110.9405  10.00   -inf  -nan   8   9  17   5 259.85
   24   2018 01 26 18:03:58.952    65038.952  0.2983 31.0205 110.4405   4.00   -inf  -nan  14   8  22   8 106.63
   25   2018 01 26 18:09:19.683    65359.683  0.1769 30.9305 110.8005  10.00   -inf  -nan   6   6  12   5 108.65
   26   2018 01 26 18:18:52.767    65932.767  0.4063 31.1405 110.1405   2.00   -inf  -nan   5   3   8   3 223.51
   27   2018 01 26 18:48:01.806    67681.806  0.2653 30.9405 110.7805  10.00   -inf  -nan  10   9  19   8  92.21
   28   2018 01 26 18:49:52.297    67792.297  0.3438 30.9105 110.7805  14.00   -inf  -nan   4   6  10   3 103.28
   29   2018 01 26 20:06:09.308    72369.308  0.3973 30.9305 110.7605   6.00   -inf  -nan   6   9  15   6 106.14
   30   2018 01 26 20:51:58.476    75118.476  0.0651 30.9305 110.8005  10.00   -inf  -nan   3   2   5   1 133.20
   31   2018 01 26 21:32:36.041    77556.041  0.1637 30.9305 110.8005  12.00   -inf  -nan   7   7  14   6  91.38
    1   2018 01 27 00:27:34.287     1654.287  0.1234 30.8505 110.7605   8.00   -inf  -nan   3   3   6   3 325.06
    2   2018 01 27 00:37:48.542     2268.542  0.1719 30.9405 110.7805   8.00   -inf  -nan   8  10  18   8  92.21
    3   2018 01 27 01:25:50.485     5150.485  0.2060 30.9405 110.7905   8.00   -inf  -nan   4   6  10   3  96.80
    4   2018 01 27 02:57:53.479    10673.479  0.1865 31.0305 110.4405   6.00   -inf  -nan   5   5  10   4 116.96
    5   2018 01 27 03:00:25.747    10825.747  0.1333 31.0305 110.4405   6.00   -inf  -nan   4   4   8   3 116.96
    6   2018 01 27 04:15:15.196    15315.196  0.2614 31.0605 110.3605   2.00   -inf  -nan   9   2  11   1 168.98
    7   2018 01 27 04:41:16.343    16876.343  0.2651 31.0305 110.4405   6.00   -inf  -nan   5   5  10   4 116.96
    8   2018 01 27 05:31:35.188    19895.188  0.2114 30.8505 110.8005   8.00   -inf  -nan   3   3   6   3 216.44
    9   2018 01 27 05:35:52.803    20152.803  0.4999 31.0605 110.4405   0.00   -inf  -nan   5   6  11   4 113.97
   10   2018 01 27 05:38:31.546    20311.546  0.2543 30.8505 111.1605   6.00   -inf  -nan   9   3  12   3 227.22
   11   2018 01 27 08:16:22.959    29782.959  0.1226 31.0305 110.4405   8.00   -inf  -nan   3   4   7   3 146.78
   12   2018 01 27 08:45:03.752    31503.752  0.1878 30.9305 110.8005   8.00   -inf  -nan   5   4   9   3 171.71
   13   2018 01 27 10:30:59.465    37859.465  0.2199 30.9305 110.7605  12.00   -inf  -nan   4   4   8   3 183.29
   14   2018 01 27 13:20:08.432    48008.432  0.1366 30.8505 110.7605  10.00   -inf  -nan   3   3   6   3 325.06
   15   2018 01 27 15:10:50.143    54650.143  0.4986 31.0505 110.1105   8.00   -inf  -nan   4   3   7   2 291.74
   16   2018 01 27 20:26:00.783    73560.783  0.2662 31.0305 110.4405   4.00   -inf  -nan   5   4   9   3 116.96
   17   2018 01 27 21:47:16.626    78436.626  0.1665 30.9405 110.7905  10.00   -inf  -nan   3   3   6   2 169.05
   18   2018 01 27 23:51:58.738    85918.738  0.2705 30.9905 110.6005  16.00   -inf  -nan   4   2   6   2 300.28
    1   2018 01 28 02:25:30.290     8730.290  0.2268 30.9005 110.7505   6.00   -inf  -nan   9   4  13   4 130.03
    2   2018 01 28 04:57:12.343    17832.343  0.2391 30.8605 111.1305   6.00   -inf  -nan  10   4  14   4 204.21
    3   2018 01 28 05:18:55.710    19135.710  0.2041 30.8505 111.1205   0.00   -inf  -nan   7   3  10   3 205.95
    4   2018 01 28 05:43:35.615    20615.615  0.2812 30.7805 110.7705  12.00   -inf  -nan   3   6   9   3 234.65
    5   2018 01 28 09:42:21.376    34941.376  0.3003 31.0005 109.9705   8.00   -inf  -nan  10   6  16   6 288.12
    6   2018 01 28 10:10:47.333    36647.333  0.2197 30.9605 109.9705  10.00   -inf  -nan   7   3  10   3 295.22
    7   2018 01 28 10:57:53.359    39473.359  0.3033 31.0305 110.4405   8.00   -inf  -nan   7   6  13   5 116.96
    8   2018 01 28 21:24:43.668    77083.668  0.2092 31.1005 110.2105   4.00   -inf  -nan   7   7  14   6 168.87
    9   2018 01 28 22:47:47.174    82067.174  0.4275 31.2405 110.9405   4.00   -inf  -nan  15   9  24   8 236.40
    1   2018 01 29 01:23:56.197     5036.197  0.2311 30.8505 111.1205   0.00   -inf  -nan  10   6  16   6 205.95
    2   2018 01 29 02:03:25.248     7405.248  0.3171 30.8505 111.1205   2.00   -inf  -nan   7   5  12   5 205.95
    3   2018 01 29 06:28:55.470    23335.470  0.1547 30.8505 111.1205   6.00   -inf  -nan   3   2   5   2 205.95
    4   2018 01 29 09:04:06.278    32646.278  0.2207 30.8505 110.8005   8.00   -inf  -nan   3   4   7   3 216.34
    5   2018 01 29 09:48:10.132    35290.132  0.1231 30.8705 110.7805  10.00   -inf  -nan   4   3   7   3 303.56
    6   2018 01 29 10:15:34.132    36934.132  0.2361 30.8505 111.1205   4.00   -inf  -nan  10   4  14   4 205.95
    7   2018 01 29 12:56:07.798    46567.798  0.2270 31.1705 110.3505   0.00   -inf  -nan   4   3   7   2 231.06
    8   2018 01 29 13:03:30.925    47010.925  0.3113 31.0505 110.4305   8.00   -inf  -nan   8   7  15   7 102.66
    9   2018 01 29 13:09:30.590    47370.590  0.4487 31.0605 110.4405   8.00   -inf  -nan   3   5   8   2 154.06
   10   2018 01 29 17:28:45.144    62925.144  0.3278 30.9405 110.7805   6.00   -inf  -nan  13   7  20   7  92.21
   11   2018 01 29 20:33:43.882    74023.882  0.1289 30.8505 110.4505   2.00   -inf  -nan   5   2   7   2 264.62
    1   2018 01 30 00:35:38.072     2138.072  0.2961 30.8505 111.1605   8.00   -inf  -nan  10   4  14   4 225.53
    2   2018 01 30 04:53:46.281    17626.281  0.3822 31.1305 110.3005   4.00   -inf  -nan  11   9  20   9 131.46
    3   2018 01 30 05:36:23.117    20183.117  0.2411 31.0205 110.4405   6.00   -inf  -nan   8   2  10   1 152.49
    4   2018 01 30 09:14:43.669    33283.669  0.2620 30.8505 111.1605   8.00   -inf  -nan  10   3  13   3 227.22
    5   2018 01 30 20:35:45.513    74145.513  0.1820 30.9305 110.8005  10.00   -inf  -nan   3   2   5   1 189.94
    1   2018 01 31 01:04:56.917     3896.917  0.2679 30.8505 111.1205   0.00   -inf  -nan  14   7  21   7 205.95
    2   2018 01 31 02:52:25.723    10345.723  0.3548 31.0105 110.4705   0.00   -inf  -nan   9   2  11   1  85.46
    3   2018 01 31 04:11:05.880    15065.880  0.3038 31.2505 110.3505   2.00   -inf  -nan   4   8  12   3 263.13
    4   2018 01 31 04:36:45.359    16605.359  0.4941 31.0205 110.4405   2.00   -inf  -nan   7   2   9   1 126.81
    5   2018 01 31 05:32:33.862    19953.862  0.4095 30.8905 110.7205   0.00   -inf  -nan  13  10  23   9  98.74
    6   2018 01 31 08:09:45.469    29385.469  0.3422 31.2605 110.9505  10.00   -inf  -nan  15   9  24   9 240.89
    7   2018 01 31 09:26:19.009    33979.009  0.4304 31.2405 110.9405   6.00   -inf  -nan  16  14  30  13 236.40
    8   2018 01 31 12:31:06.810    45066.810  0.1997 31.1705 110.3805   0.00   -inf  -nan   3   2   5   1 236.02
    9   2018 01 31 16:16:04.092    58564.092  0.2478 30.9405 110.7805  12.00   -inf  -nan  12  11  23  10  92.21
   10   2018 01 31 17:14:58.884    62098.884  0.1660 30.9505 110.7805  10.00   -inf  -nan   4   2   6   1 141.27
   11   2018 01 31 19:36:43.462    70603.462  0.4752 31.0205 110.4405   6.00   -inf  -nan   8   7  15   5 107.52
    1   2018 02 01 02:35:56.405     9356.405  0.1911 30.8505 110.8005   6.00   -inf  -nan   4   3   7   3 216.34
    2   2018 02 01 02:39:40.160     9580.160  0.2291 30.8505 111.1205   2.00   -inf  -nan   9   7  16   6 205.95
    3   2018 02 01 06:55:27.955    24927.955  0.2298 31.0505 110.3505  16.00   -inf  -nan   3   3   6   3 265.48
    4   2018 02 01 09:27:50.710    34070.710  0.1892 30.8505 111.1205   0.00   -inf  -nan  11   5  16   5 205.95
    5   2018 02 01 14:20:36.726    51636.726  0.3060 31.1705 110.5105   0.00   -inf  -nan   5   2   7   1 209.27
    6   2018 02 01 18:27:30.620    66450.620  0.2707 30.7905 110.7805  10.00   -inf  -nan  11  13  24  10 108.79
    7   2018 02 01 20:18:37.281    73117.281  0.3460 31.0205 110.4405   4.00   -inf  -nan   9   9  18   6 107.52
    8   2018 02 01 20:20:23.565    73223.565  0.3574 31.0505 110.4505   6.00   -inf  -nan  12  11  23  10 109.19
    9   2018 02 01 22:15:40.390    80140.390  0.3047 31.0505 110.4505   6.00   -inf  -nan   6   5  11   5 109.19
   10   2018 02 01 22:37:44.446    81464.446  0.2264 30.7905 110.7805   4.00   -inf  -nan   4   3   7   3 172.33
   11   2018 02 01 23:31:21.356    84681.356  0.3350 31.0905 110.1905   4.00   -inf  -nan   8   7  15   7 181.48
   12   2018 02 01 23:49:49.192    85789.192  0.2979 30.7705 110.7605  10.00   -inf  -nan  13  13  26  12 109.98
    1   2018 02 02 00:15:21.494      921.494  0.3408 31.0505 110.2305   4.00   -inf  -nan   7   7  14   7 133.33
    2   2018 02 02 00:16:43.313     1003.313  0.1561 30.8505 111.1305   6.00   -inf  -nan   8   4  12   4 210.25
    3   2018 02 02 01:31:49.126     5509.126  0.4089 31.0205 110.4405   6.00   -inf  -nan   4   5   9   4 166.62
    4   2018 02 02 03:12:23.119    11543.119  0.4884 31.0905 110.0905  12.00   -inf  -nan   6   2   8   2 240.33
    5   2018 02 02 03:44:43.310    13483.310  0.3748 31.2005 110.8205   0.00   -inf  -nan   6   4  10   2 217.75
    6   2018 02 02 04:16:26.731    15386.731  0.3276 30.5805 110.6105  12.00   -inf  -nan   4   6  10   2 257.40
    7   2018 02 02 04:54:27.018    17667.018  0.3001 30.8605 111.1505   2.00   -inf  -nan   8   5  13   5 287.83
    8   2018 02 02 05:19:53.823    19193.823  0.4890 30.9205 110.4505   0.00   -inf  -nan   3   3   6   1 193.15
    9   2018 02 02 05:29:39.451    19779.451  0.3455 31.0105 110.4605   0.00   -inf  -nan  14   5  19   4 114.60
   10   2018 02 02 06:00:19.226    21619.226  0.1741 30.8505 111.1305   6.00   -inf  -nan   6   4  10   4 210.75
   11   2018 02 02 07:28:18.624    26898.624  0.2779 30.8905 111.0405   4.00   -inf  -nan   7   4  11   4  98.74
   12   2018 02 02 07:56:07.640    28567.640  0.2757 30.9805 109.9705   4.00   -inf  -nan  13   6  19   5 288.41
   13   2018 02 02 08:09:16.535    29356.535  0.3222 30.9005 110.7505  10.00   -inf  -nan   7   3  10   2 121.85
   14   2018 02 02 08:29:54.245    30594.245  0.4756 31.2505 110.3105   0.00   -inf  -nan   7   2   9   1 218.75
   15   2018 02 02 08:56:03.335    32163.335  0.2660 30.9805 110.0105   0.00   -inf  -nan  13   7  20   6 281.89
   16   2018 02 02 09:20:08.892    33608.892  0.1824 30.8505 111.1305   4.00   -inf  -nan  10   6  16   6 210.25
   17   2018 02 02 09:52:04.384    35524.384  0.2422 30.9805 109.9705   4.00   -inf  -nan  15   5  20   4 288.41
   18   2018 02 02 12:06:22.766    43582.766  0.2039 31.1705 110.3405   0.00   -inf  -nan   3   2   5   1 252.38
   19   2018 02 02 14:26:53.946    52013.946  0.1120 31.0205 110.3205   6.00   -inf  -nan   3   2   5   2 159.72
   20   2018 02 02 14:32:35.893    52355.893  0.3566 31.0505 110.4505   8.00   -inf  -nan   6   6  12   5 109.19
    1   2018 02 03 02:04:11.142     7451.142  0.2098 30.8605 111.1305   4.00   -inf  -nan   6   4  10   4 204.21
    2   2018 02 03 05:39:45.440    20385.440  0.2570 30.8505 111.1205   0.00   -inf  -nan   5   5  10   4 205.96
    3   2018 02 03 06:09:06.060    22146.060  0.3376 30.9905 110.8005   0.00   -inf  -nan  14   4  18   4  78.43
    4   2018 02 03 06:54:46.075    24886.075  0.2855 31.0505 110.4505   6.00   -inf  -nan   6  10  16   5 106.33
    5   2018 02 03 08:00:03.676    28803.676  0.3208 31.2605 110.3305   2.00   -inf  -nan   6   3   9   2 222.18
    6   2018 02 03 08:20:27.932    30027.932  0.2726 30.8505 111.1205   2.00   -inf  -nan   4   2   6   2 205.95
    7   2018 02 03 13:57:04.809    50224.809  0.4368 31.0505 110.4605   6.00   -inf  -nan   7   8  15   6 111.60
    8   2018 02 03 15:13:59.207    54839.207  0.3087 30.7905 110.7805   6.00   -inf  -nan   5   6  11   5 146.07
    1   2018 02 04 00:49:49.804     2989.804  0.2202 31.0605 110.2105   6.00   -inf  -nan   4   4   8   3 165.91
    2   2018 02 04 01:44:08.956     6248.956  0.2351 30.8505 111.1305   6.00   -inf  -nan   9   5  14   5 210.25
    3   2018 02 04 01:46:01.648     6361.648  0.4771 30.8905 111.1305   2.00   -inf  -nan  10   6  16   6 164.15
    4   2018 02 04 02:47:36.446    10056.446  0.1338 30.8905 111.0405   6.00   -inf  -nan   7   5  12   5  98.74
    5   2018 02 04 03:17:46.367    11866.367  0.4951 31.0205 110.4405   8.00   -inf  -nan   4   5   9   4 128.00
    6   2018 02 04 06:12:49.729    22369.729  0.4437 31.0505 110.1105   6.00   -inf  -nan  10   8  18   6 264.26
    7   2018 02 04 06:37:50.570    23870.570  0.2258 30.8905 111.0405   4.00   -inf  -nan   7   4  11   4  98.74
    8   2018 02 04 07:00:29.543    25229.543  0.3180 30.7705 111.2405   0.00   -inf  -nan   7   3  10   2 284.32
    9   2018 02 04 08:47:17.634    31637.634  0.1652 30.8505 111.1305   4.00   -inf  -nan  10   5  15   4 210.25
   10   2018 02 04 10:24:12.734    37452.734  0.4311 31.0905 110.1505   6.00   -inf  -nan  10   8  18   6 207.20
   11   2018 02 04 16:45:16.582    60316.582  0.3188 30.9405 110.7805  12.00   -inf  -nan  14  12  26  11  92.21
   12   2018 02 04 16:48:20.975    60500.975  0.3366 30.9105 110.7605  12.00   -inf  -nan   8   8  16   8 149.23
   13   2018 02 04 17:52:38.099    64358.099  0.2908 31.0205 110.4405   4.00   -inf  -nan   5   5  10   5 123.87
   14   2018 02 04 18:24:28.892    66268.892  0.4266 30.9405 110.8205   2.00   -inf  -nan   7   9  16   6 102.89
    1   2018 02 05 01:25:13.273     5113.273  0.1920 30.8505 111.1305   6.00   -inf  -nan   7   5  12   5 210.75
    2   2018 02 05 02:58:27.660    10707.660  0.2874 31.0605 110.4805   0.00   -inf  -nan   3   4   7   3 175.68
    3   2018 02 05 04:20:14.513    15614.513  0.4423 30.9805 110.4005   0.00   -inf  -nan   9   8  17   7 119.40
    4   2018 02 05 04:45:11.992    17111.992  0.1185 30.8505 111.1305   6.00   -inf  -nan   7   5  12   5 210.75
    5   2018 02 05 06:46:50.078    24410.078  0.2455 30.9505 110.8605   4.00   -inf  -nan  13   9  22   9  94.32
    6   2018 02 05 06:54:57.164    24897.164  0.2455 30.9405 110.8705  10.00   -inf  -nan   5   4   9   4 100.51
    7   2018 02 05 08:16:49.156    29809.156  0.3746 30.9305 110.7605  10.00   -inf  -nan  17  15  32  15  84.09
    8   2018 02 05 08:32:38.333    30758.333  0.2461 31.0605 110.2005   6.00   -inf  -nan   5   4   9   3 172.35
    9   2018 02 05 10:47:43.983    38863.983  0.3762 31.2205 110.9505  10.00   -inf  -nan   8   8  16   6 249.16
   10   2018 02 05 12:52:45.685    46365.685  0.1528 30.9305 110.7605  10.00   -inf  -nan   6   4  10   3 136.17
   11   2018 02 05 12:56:40.149    46600.149  0.1876 30.9305 110.7605  10.00   -inf  -nan   7   7  14   6 136.17
   12   2018 02 05 14:21:55.832    51715.832  0.1363 31.0605 110.4405   8.00   -inf  -nan   4   3   7   3 256.49
   13   2018 02 05 14:22:51.583    51771.583  0.2681 30.9405 110.7805  10.00   -inf  -nan  11  11  22   9  92.21
   14   2018 02 05 14:53:57.407    53637.407  0.2459 30.9305 110.7605  10.00   -inf  -nan  14  12  26  10  78.63
   15   2018 02 05 17:55:44.163    64544.163  0.2849 31.1305 110.2705   0.00   -inf  -nan   5   6  11   4 126.42
   16   2018 02 05 18:22:23.442    66143.442  0.3377 30.9405 110.7805  12.00   -inf  -nan  16  15  31  14  92.11
   17   2018 02 05 20:38:16.263    74296.263  0.3688 31.0205 110.4405   4.00   -inf  -nan   7   8  15   7 123.87
   18   2018 02 05 22:30:53.042    81053.042  0.4461 31.2505 110.9605   4.00   -inf  -nan  17  16  33  14 240.22
    1   2018 02 09 01:04:12.608     3852.608  0.2130 31.1705 110.2205   0.00   -inf  -nan   8   5  13   5 159.84
    2   2018 02 09 01:19:45.507     4785.507  0.4355 31.0505 110.1905   6.00   -inf  -nan   6   5  11   4 177.95
    3   2018 02 09 07:11:02.032    25862.032  0.3789 31.0805 110.8205   8.00   -inf  -nan   7   8  15   5 124.12
    4   2018 02 09 07:38:59.345    27539.345  0.2187 30.8505 110.8005   6.00   -inf  -nan   3   3   6   3 216.44
    5   2018 02 09 17:15:32.015    62132.015  0.3282 31.0905 110.2205   4.00   -inf  -nan   4   4   8   3 284.40
    6   2018 02 09 17:50:27.310    64227.310  0.2257 31.0205 110.4405   6.00   -inf  -nan   5   3   8   3 123.87
    1   2018 02 10 01:22:52.124     4972.124  0.3755 31.1005 110.2105   2.00   -inf  -nan   5   4   9   2 168.87
    2   2018 02 10 14:14:32.971    51272.971  0.3072 31.0905 110.1905   2.00   -inf  -nan   9   6  15   6 181.48
    3   2018 02 10 18:41:59.403    67319.403  0.3668 31.0505 110.4605   8.00   -inf  -nan  10   8  18   7 111.60
    4   2018 02 10 18:45:02.108    67502.108  0.3339 31.0305 110.4405   8.00   -inf  -nan   4   3   7   2 149.14
    5   2018 02 10 22:14:02.434    80042.434  0.2439 31.0905 110.1005   0.00   -inf  -nan   6   3   9   3 280.07
    6   2018 02 10 22:40:26.181    81626.181  0.1716 31.0605 110.4405   4.00   -inf  -nan   3   3   6   2 210.58
    1   2018 02 11 02:01:55.372     7315.372  0.3417 31.0905 110.0705   0.00   -inf  -nan   8   6  14   6 249.51
    2   2018 02 11 02:10:42.098     7842.098  0.3137 31.0505 110.4505   6.00   -inf  -nan  13  14  27  12 106.33
    3   2018 02 11 07:14:54.561    26094.561  0.2381 31.0505 110.3805   2.00   -inf  -nan   3   3   6   2 108.11
    4   2018 02 11 10:28:50.011    37730.011  0.3272 31.0505 110.4605   0.00   -inf  -nan   3   5   8   3 111.60
    5   2018 02 11 16:33:43.389    59623.389  0.3098 31.0505 110.4605  10.00   -inf  -nan   6   6  12   5 111.60
    6   2018 02 11 17:47:52.147    64072.147  0.2366 31.0605 110.1305   4.00   -inf  -nan   6   4  10   4 216.83
    1   2018 02 12 18:22:36.761    66156.761  0.2170 30.8605 110.4605   2.00   -inf  -nan   4   2   6   2 258.75
    2   2018 02 12 18:57:32.178    68252.178  0.2009 31.0805 110.1705   4.00   -inf  -nan   6   6  12   5 193.55
    1   2018 02 13 01:12:14.534     4334.534  0.1791 31.1305 110.2305   6.00   -inf  -nan   3   2   5   2 168.55
    2   2018 02 13 06:34:39.623    23679.623  0.2969 30.9405 110.7805   2.00   -inf  -nan   6   6  12   5 146.46
    3   2018 02 13 18:04:49.086    65089.086  0.3395 30.9605 110.2505  14.00   -inf  -nan   5   4   9   4 125.70
    4   2018 02 13 18:15:25.103    65725.103  0.3297 31.0505 110.4605   0.00   -inf  -nan   4   5   9   3 111.60
    5   2018 02 13 18:53:57.125    68037.125  0.3446 30.9705 110.2505   8.00   -inf  -nan   3   3   6   3 133.12
    6   2018 02 13 19:12:08.050    69128.050  0.3073 30.9705 110.2505   8.00   -inf  -nan   3   3   6   3 133.12
    7   2018 02 13 19:15:13.756    69313.756  0.2468 30.9705 110.2705   8.00   -inf  -nan   4   4   8   4 111.43
    8   2018 02 13 21:29:24.301    77364.301  0.1853 31.0105 110.1505   6.00   -inf  -nan   3   3   6   3 204.26
    9   2018 02 13 22:15:36.491    80136.491  0.4008 31.0905 110.0705   6.00   -inf  -nan  13   7  20   6 249.51
    1   2018 02 14 02:57:31.324    10651.324  0.2896 31.0605 110.4405   8.00   -inf  -nan   3   4   7   3 256.49
    2   2018 02 14 07:53:44.959    28424.959  0.3659 31.0005 110.1705   0.00   -inf  -nan   9   9  18   7 188.51
    3   2018 02 14 12:31:35.304    45095.304  0.3728 30.9405 110.4605  12.00   -inf  -nan   3   3   6   2 112.95
    4   2018 02 14 12:42:06.925    45726.925  0.2438 30.9405 110.7805  10.00   -inf  -nan   6   7  13   5  92.21
    5   2018 02 14 13:36:18.784    48978.784  0.3075 31.0305 110.4405   8.00   -inf  -nan   4   6  10   4 134.10
    6   2018 02 14 14:36:31.060    52591.060  0.2058 31.0105 110.1105  12.00   -inf  -nan   3   3   6   3 278.55
    7   2018 02 14 18:25:21.561    66321.561  0.2498 31.1405 110.3705   0.00   -inf  -nan   3   2   5   1 202.17
    8   2018 02 14 18:26:25.896    66385.896  0.1889 30.7805 110.7705  10.00   -inf  -nan   9   9  18   8 110.23
    9   2018 02 14 19:56:12.219    71772.219  0.2782 30.9605 110.2505  10.00   -inf  -nan   7   6  13   6 125.70
   10   2018 02 14 20:07:42.780    72462.780  0.1792 30.9305 110.2705  12.00   -inf  -nan   3   2   5   2 172.50
   11   2018 02 14 20:18:14.446    73094.446  0.2196 30.9705 110.2705   8.00   -inf  -nan   5   4   9   4 111.43
   12   2018 02 14 20:30:42.137    73842.137  0.2493 30.9705 110.2705   8.00   -inf  -nan   4   4   8   4 137.09
   13   2018 02 14 20:34:53.663    74093.663  0.2045 30.9705 110.2705   8.00   -inf  -nan   5   4   9   4 111.43
   14   2018 02 14 20:36:12.416    74172.416  0.2204 30.9705 110.2705   6.00   -inf  -nan   3   2   5   2 152.00
   15   2018 02 14 20:37:33.243    74253.243  0.2327 30.9705 110.2705   8.00   -inf  -nan   3   3   6   3 152.00
   16   2018 02 14 21:07:22.974    76042.974  0.3800 31.0605 110.4405   0.00   -inf  -nan   5   5  10   4 170.49
   17   2018 02 14 23:02:01.144    82921.144  0.1339 30.8605 110.5405   8.00   -inf  -nan   3   2   5   2 269.27
    1   2018 02 15 00:39:35.755     2375.755  0.3900 31.0505 110.4605   0.00   -inf  -nan  12  10  22  10 109.45
    2   2018 02 15 10:20:10.075    37210.075  0.3051 31.1005 110.8305  10.00   -inf  -nan   3   3   6   1 147.66
    3   2018 02 15 11:31:40.676    41500.676  0.2466 31.0905 110.3805   4.00   -inf  -nan   6   4  10   3 106.78
    4   2018 02 15 14:16:02.536    51362.536  0.0852 31.1005 110.2905  18.00   -inf  -nan   3   3   6   2 140.81
    5   2018 02 15 17:53:46.350    64426.350  0.2264 31.1005 110.2505   0.00   -inf  -nan   3   5   8   3 142.75
    6   2018 02 15 19:50:47.199    71447.199  0.3304 31.0505 110.4505   6.00   -inf  -nan  15  14  29  13 109.19
    7   2018 02 15 20:47:06.754    74826.754  0.3764 31.0605 110.4405   6.00   -inf  -nan   9   7  16   7 128.37
    8   2018 02 15 22:00:36.359    79236.359  0.4509 31.0205 110.4405   4.00   -inf  -nan   6   9  15   5  87.12
    9   2018 02 15 23:21:50.115    84110.115  0.3384 31.0305 110.5205  12.00   -inf  -nan   3   4   7   2 110.54
   10   2018 02 15 23:41:10.869    85270.869  0.4305 31.0605 110.4405   8.00   -inf  -nan   4   5   9   3 113.97
    1   2018 02 16 00:46:16.349     2776.349  0.2311 30.9305 110.7605  10.00   -inf  -nan   9  10  19   8  71.26
    2   2018 02 16 01:49:24.128     6564.128  0.0898 30.9305 110.7605   8.00   -inf  -nan   3   2   5   1 136.38
    3   2018 02 16 03:18:13.419    11893.419  0.3178 31.0505 110.4505   8.00   -inf  -nan  13  14  27  12 109.19
    4   2018 02 16 04:51:17.172    17477.172  0.2066 30.9405 110.7405   6.00   -inf  -nan   3   4   7   1 117.79
    5   2018 02 16 05:19:43.710    19183.710  0.3725 31.0905 110.1905   0.00   -inf  -nan   6   8  14   6 181.48
    6   2018 02 16 05:58:52.951    21532.951  0.2941 31.0905 110.1905   0.00   -inf  -nan   4   8  12   4 224.17
    7   2018 02 16 07:37:50.993    27470.993  0.2490 30.9405 110.7805  10.00   -inf  -nan   7   7  14   5  92.21
    8   2018 02 16 11:02:55.307    39775.307  0.3447 31.0305 110.4405   8.00   -inf  -nan   3   4   7   3 134.10
    9   2018 02 16 20:11:15.387    72675.387  0.4068 31.1305 110.4705   2.00   -inf  -nan   3   3   6   1 260.45
   10   2018 02 16 22:32:44.164    81164.164  0.2845 31.1005 110.2505   0.00   -inf  -nan   5   2   7   1 142.75
    1   2018 02 17 05:30:42.474    19842.474  0.2074 31.1305 110.3005   0.00   -inf  -nan   4   3   7   3 131.46
    2   2018 02 17 09:06:18.492    32778.492  0.3296 30.9305 110.7905  12.00   -inf  -nan  17  15  32  14  65.57
    3   2018 02 17 12:40:10.036    45610.036  0.2911 31.0505 110.4505   2.00   -inf  -nan   4   8  12   4 109.19
    4   2018 02 17 17:26:02.858    62762.858  0.3720 31.0805 110.1705   0.00   -inf  -nan   7   6  13   5 193.55
    5   2018 02 17 19:33:53.104    70433.104  0.3316 31.0905 110.1905   6.00   -inf  -nan   7   5  12   5 181.48
    6   2018 02 17 23:01:44.043    82904.043  0.3099 31.1305 110.3905   4.00   -inf  -nan   6   2   8   2 163.40
    1   2018 02 18 10:14:36.872    36876.872  0.2731 31.0805 110.1305   0.00   -inf  -nan   7   5  12   4 218.09
    2   2018 02 18 11:03:49.178    39829.178  0.1523 31.1705 110.3805   0.00   -inf  -nan   3   3   6   2 247.10
    3   2018 02 18 12:22:04.221    44524.221  0.3367 30.8105 110.7605   8.00   -inf  -nan   9   8  17   8  98.99
    4   2018 02 18 13:11:00.606    47460.606  0.3535 31.0505 110.4405  10.00   -inf  -nan  11  10  21   9 106.21
    5   2018 02 18 16:33:56.435    59636.435  0.2300 30.9405 110.7805  10.00   -inf  -nan   6   9  15   6  92.21
    6   2018 02 18 16:55:07.764    60907.764  0.0527 30.8205 110.5605   0.00   -inf  -nan   3   2   5   2 290.88
    7   2018 02 18 19:34:00.351    70440.351  0.3471 31.0505 110.4605   6.00   -inf  -nan   9  10  19   9 111.60
    1   2018 02 19 05:05:36.674    18336.674  0.1132 30.9005 110.5405   8.00   -inf  -nan   3   3   6   3 179.22
    2   2018 02 19 09:21:49.503    33709.503  0.4019 30.7505 110.7805  16.00   -inf  -nan   9  11  20   9 143.65
    3   2018 02 19 09:43:29.397    35009.397  0.1601 30.9305 110.7605  10.00   -inf  -nan  11   9  20   9  96.54
    4   2018 02 19 09:44:01.992    35041.992  0.3263 30.9405 110.7505  10.00   -inf  -nan   9  10  19   9  92.19
    5   2018 02 19 09:49:07.971    35347.971  0.2424 30.9405 110.7605  12.00   -inf  -nan   5   4   9   2 110.97
    6   2018 02 19 09:50:52.235    35452.235  0.2701 30.9405 110.8105   0.00   -inf  -nan   5   3   8   2 108.25
    7   2018 02 19 09:52:02.455    35522.455  0.1834 30.9305 110.7605  10.00   -inf  -nan   4   5   9   3 183.29
    8   2018 02 19 12:37:22.936    45442.936  0.3737 31.1005 110.2105   4.00   -inf  -nan   6   6  12   5 168.87
    9   2018 02 19 13:10:37.945    47437.945  0.2309 30.9405 110.7605  10.00   -inf  -nan  11  11  22  10  89.30
   10   2018 02 19 14:17:28.062    51448.062  0.2902 31.0505 110.4505   8.00   -inf  -nan  12  11  23  10 106.33
    1   2018 02 20 01:59:26.574     7166.574  0.2454 31.1305 110.3005   0.00   -inf  -nan   5   4   9   4 131.46
    2   2018 02 20 07:24:42.867    26682.867  0.4237 31.0905 110.1905   4.00   -inf  -nan   8   8  16   8 181.48
    3   2018 02 20 07:50:52.134    28252.134  0.1679 30.7805 110.7705  10.00   -inf  -nan   8   9  17   7 110.23
    4   2018 02 20 12:06:24.860    43584.860  0.2528 31.0505 110.4605   2.00   -inf  -nan   4   5   9   2 111.60
    5   2018 02 20 12:12:21.864    43941.864  0.2996 30.9405 110.7805   4.00   -inf  -nan   9   7  16   7  92.21
    6   2018 02 20 12:31:38.374    45098.374  0.3534 31.0505 110.4605   0.00   -inf  -nan   6   8  14   4 111.60
    7   2018 02 20 15:04:40.256    54280.256  0.3695 31.0505 110.4505   6.00   -inf  -nan   5   6  11   5 109.19
    8   2018 02 20 17:19:51.431    62391.431  0.3310 30.9405 110.7805  12.00   -inf  -nan  16  13  29  11  62.87
    9   2018 02 20 18:22:02.641    66122.641  0.1719 30.9505 110.7805  10.00   -inf  -nan   4   7  11   4 116.63
   10   2018 02 20 18:29:35.807    66575.807  0.1924 30.9505 110.7805  10.00   -inf  -nan   3   5   8   2 116.63
   11   2018 02 20 18:54:34.907    68074.907  0.1145 30.9505 110.7805   8.00   -inf  -nan   3   4   7   1 141.27
   12   2018 02 20 19:07:57.055    68877.055  0.2079 31.0205 110.5205   8.00   -inf  -nan   5   3   8   3  89.36
   13   2018 02 20 19:40:05.292    70805.292  0.1813 30.9405 110.7605  10.00   -inf  -nan   5   4   9   3 110.97
   14   2018 02 20 20:50:43.531    75043.531  0.2450 30.9505 110.7805  10.00   -inf  -nan   3   6   9   2 116.63
   15   2018 02 20 22:14:30.797    80070.797  0.2106 30.9405 110.7805   6.00   -inf  -nan   7   8  15   7  92.21
    1   2018 02 23 09:11:52.871    33112.871  0.2358 31.0905 110.4205   4.00   -inf  -nan   7   6  13   4 118.85
    2   2018 02 23 09:14:25.423    33265.423  0.4251 31.0505 110.4605   0.00   -inf  -nan   7   4  11   4 111.60
    3   2018 02 23 09:24:03.293    33843.293  0.3611 31.1005 110.3605  16.00   -inf  -nan   3   3   6   1 264.35
    4   2018 02 23 09:27:31.748    34051.748  0.3943 31.0205 110.4405   6.00   -inf  -nan  14  12  26  10  87.12
    5   2018 02 23 11:28:12.829    41292.829  0.2637 30.7505 110.7005  10.00   -inf  -nan  11   9  20   9 165.82
    6   2018 02 23 14:38:49.148    52729.148  0.4075 31.0205 110.4405   6.00   -inf  -nan   5   5  10   3  87.12
    7   2018 02 23 16:08:16.689    58096.689  0.3155 30.8705 110.2405   8.00   -inf  -nan   5   4   9   4 227.94
    8   2018 02 23 18:39:59.729    67199.729  0.2040 31.0605 110.1305   6.00   -inf  -nan   8   8  16   8 216.83
    9   2018 02 23 21:06:39.666    75999.666  0.1039 30.9805 110.4605   2.00   -inf  -nan   3   2   5   2 199.73
    1   2018 02 24 03:00:25.672    10825.672  0.1940 30.9305 110.8005   8.00   -inf  -nan   7   8  15   6 149.80
    2   2018 02 24 18:44:54.611    67494.611  0.2896 30.9405 110.7805  10.00   -inf  -nan   8   7  15   6  92.21
    3   2018 02 24 20:40:54.751    74454.751  0.2576 30.9405 110.7605  10.00   -inf  -nan  13  12  25  11  77.93
    4   2018 02 24 20:41:26.295    74486.295  0.2996 31.0905 110.1505   0.00   -inf  -nan   4   3   7   2 207.20
    5   2018 02 24 21:03:01.014    75781.014  0.2772 30.9405 110.7505  10.00   -inf  -nan  15  12  27  10  64.69
    6   2018 02 24 21:11:01.994    76261.994  0.2703 30.9405 110.7505  10.00   -inf  -nan   7   7  14   6  92.19
    7   2018 02 24 21:56:53.946    79013.946  0.3196 31.1305 110.3005   2.00   -inf  -nan  17  15  32  13 127.05
    8   2018 02 24 22:56:21.105    82581.105  0.1692 31.1305 110.3005   0.00   -inf  -nan   3   2   5   2 233.45
    9   2018 02 24 23:42:58.719    85378.719  0.3564 30.9405 110.7405  10.00   -inf  -nan   7   4  11   4 110.40
   10   2018 02 24 23:46:31.485    85591.485  0.2371 30.9405 110.7805  10.00   -inf  -nan   5   4   9   3 127.07
   11   2018 02 24 23:47:08.953    85628.953  0.3052 30.9405 110.7505  10.00   -inf  -nan  10   9  19   9  92.19
   12   2018 02 24 23:47:56.155    85676.155  0.2565 30.9405 110.7605  10.00   -inf  -nan   9  10  19   8  89.30
   13   2018 02 24 23:50:59.181    85859.181  0.3032 30.9405 110.7805  10.00   -inf  -nan  10   9  19   9  92.21
   14   2018 02 24 23:52:11.798    85931.798  0.3182 30.9405 110.7805  10.00   -inf  -nan  10  10  20   9  92.21
   15   2018 02 24 23:56:21.862    86181.862  0.2633 30.9405 110.7505  10.00   -inf  -nan   9   8  17   8  92.19
    1   2018 02 25 00:06:57.522      417.522  0.1622 30.9405 110.7605  10.00   -inf  -nan  12  10  22  10  89.29
    2   2018 02 25 00:28:08.616     1688.616  0.2647 30.9505 110.7805  12.00   -inf  -nan   6   6  12   4 157.58
    3   2018 02 25 00:30:42.991     1842.991  0.3016 30.9405 110.7805  10.00   -inf  -nan  13   9  22   9  92.21
    4   2018 02 25 00:34:51.955     2091.955  0.2584 30.9405 110.7805  10.00   -inf  -nan   8   8  16   7  92.21
    5   2018 02 25 02:43:13.144     9793.144  0.2799 30.9405 110.5005  10.00   -inf  -nan   4   4   8   2 154.15
    6   2018 02 25 03:07:25.265    11245.265  0.3304 30.8805 110.1305   0.00   -inf  -nan  11   4  15   4 263.31
    7   2018 02 25 03:13:43.566    11623.566  0.1606 31.0505 110.1905   8.00   -inf  -nan   3   2   5   2 236.36
    8   2018 02 25 04:02:24.097    14544.097  0.1937 31.0605 110.7805  12.00   -inf  -nan   4   2   6   1 240.79
    9   2018 02 25 06:19:22.541    22762.541  0.3836 31.0105 110.4505   8.00   -inf  -nan  12  11  23   8  89.23
   10   2018 02 25 07:30:57.862    27057.862  0.2554 30.9405 110.7805  10.00   -inf  -nan   6   6  12   5 146.46
   11   2018 02 25 07:32:58.389    27178.389  0.2376 30.9005 110.7605   4.00   -inf  -nan   5   2   7   2 142.06
   12   2018 02 25 07:50:19.736    28219.736  0.1683 30.9505 110.7605  12.00   -inf  -nan   4   3   7   1 124.62
   13   2018 02 25 08:00:23.080    28823.080  0.2110 30.9405 110.7605  10.00   -inf  -nan  12  14  26  11  77.93
   14   2018 02 25 08:15:47.051    29747.051  0.2495 30.8505 111.1305   6.00   -inf  -nan  12   6  18   6 210.25
   15   2018 02 25 11:26:17.182    41177.182  0.2950 30.9405 110.7805  12.00   -inf  -nan   7   8  15   7  92.21
   16   2018 02 25 11:35:44.576    41744.576  0.3159 31.1105 110.2805  10.00   -inf  -nan   8   9  17   8 115.34
   17   2018 02 25 11:51:09.587    42669.587  0.3057 31.0905 110.4605   6.00   -inf  -nan  11   8  19   7 149.34
   18   2018 02 25 11:54:54.905    42894.905  0.1458 30.9305 110.7605  10.00   -inf  -nan   4   5   9   2  96.54
   19   2018 02 25 13:19:30.945    47970.945  0.3771 30.9405 110.7805  12.00   -inf  -nan   5   5  10   3 127.07
   20   2018 02 25 14:09:20.650    50960.650  0.1879 30.9405 110.7605  10.00   -inf  -nan  10   8  18   7  89.30
   21   2018 02 25 17:51:11.211    64271.211  0.3302 31.0205 110.4405   0.00   -inf  -nan   3   2   5   2 197.51
   22   2018 02 25 18:54:15.657    68055.657  0.1266 31.0605 110.4405   6.00   -inf  -nan   3   3   6   2 256.49
   23   2018 02 25 19:01:51.405    68511.405  0.2487 31.2105 110.5105   2.00   -inf  -nan   5   2   7   2 274.41
   24   2018 02 25 20:35:32.623    74132.623  0.2747 31.1005 110.3605   8.00   -inf  -nan   5   5  10   4 143.87
    1   2018 02 26 06:18:33.552    22713.552  0.1394 30.8505 111.1305   6.00   -inf  -nan  11   5  16   5 210.25
    2   2018 02 26 06:51:25.063    24685.063  0.1963 30.8505 111.1305   6.00   -inf  -nan   9   7  16   5 210.25
    3   2018 02 26 07:12:39.143    25959.143  0.3272 31.0505 110.4605   0.00   -inf  -nan   4   5   9   3 111.60
    4   2018 02 26 08:02:48.362    28968.362  0.4545 31.0305 110.4405  12.00   -inf  -nan   3   5   8   2  92.86
    5   2018 02 26 15:11:17.791    54677.791  0.3306 30.9805 110.4605  10.00   -inf  -nan   5   3   8   3 156.28
    6   2018 02 26 16:03:30.611    57810.611  0.2028 30.7905 110.7405   8.00   -inf  -nan   4   3   7   3 179.57
    7   2018 02 26 16:43:38.468    60218.468  0.2505 31.0905 110.1505   4.00   -inf  -nan   3   3   6   2 302.63
    8   2018 02 26 17:02:40.808    61360.808  0.1486 30.7705 110.7605  10.00   -inf  -nan   3   3   6   2 186.92
    9   2018 02 26 19:28:01.968    70081.968  0.3577 31.0205 110.4405   8.00   -inf  -nan  14  13  27  13  87.12
   10   2018 02 26 20:29:33.600    73773.600  0.2180 30.7705 110.7605  12.00   -inf  -nan  14  13  27  12 109.98
   11   2018 02 26 21:16:10.225    76570.225  0.1910 31.1305 110.2305   0.00   -inf  -nan   6   6  12   5 154.97
   12   2018 02 26 22:22:52.055    80572.055  0.2523 31.1305 110.3005   2.00   -inf  -nan   8   7  15   6 131.46
   13   2018 02 26 22:29:00.807    80940.807  0.3299 31.1305 110.3005   2.00   -inf  -nan  15  15  30  13 127.05
    1   2018 02 27 02:09:15.785     7755.785  0.1823 30.8505 111.1305   4.00   -inf  -nan   8   6  14   6 210.75
    2   2018 02 27 03:05:54.855    11154.855  0.2087 31.1405 110.2405   6.00   -inf  -nan   8  10  18   7 146.36
    3   2018 02 27 05:53:02.731    21182.731  0.2108 30.8505 111.1305   6.00   -inf  -nan  10   6  16   5 210.25
    4   2018 02 27 06:58:33.450    25113.450  0.3891 30.9805 110.4805   0.00   -inf  -nan   7   4  11   4 101.11
    5   2018 02 27 07:14:43.498    26083.498  0.2247 30.9805 110.4805   6.00   -inf  -nan   3   3   6   3 145.10
    6   2018 02 27 07:15:33.931    26133.931  0.3276 30.9405 110.4605  12.00   -inf  -nan   3   2   5   2 146.14
    7   2018 02 27 09:13:02.398    33182.398  0.2084 30.8505 111.1305   4.00   -inf  -nan  13   9  22   9 210.25
    8   2018 02 27 11:08:18.484    40098.484  0.3490 31.1005 110.4405   8.00   -inf  -nan   3   5   8   3 155.17
    9   2018 02 27 13:21:44.429    48104.429  0.2105 31.0105 110.1905   6.00   -inf  -nan   6   6  12   5 173.54
   10   2018 02 27 13:29:56.838    48596.838  0.3405 30.9405 110.7405  12.00   -inf  -nan   3   4   7   1 110.40
   11   2018 02 27 13:34:36.464    48876.464  0.3764 30.9405 110.7805  12.00   -inf  -nan  11  11  22  10  92.21
   12   2018 02 27 13:36:10.302    48970.302  0.2746 30.9505 110.7605  10.00   -inf  -nan  13  13  26  11  87.10
   13   2018 02 27 13:36:37.927    48997.927  0.3495 30.9405 110.7805  12.00   -inf  -nan   7   9  16   7  92.21
   14   2018 02 27 13:38:39.484    49119.484  0.2503 30.9305 110.7505  10.00   -inf  -nan  16  11  27  11  69.87
   15   2018 02 27 15:20:31.166    55231.166  0.3410 31.0905 110.1105   4.00   -inf  -nan   4   4   8   3 230.20
   16   2018 02 27 16:31:39.580    59499.580  0.1453 30.9405 110.7805  12.00   -inf  -nan   3   3   6   2 292.94
   17   2018 02 27 16:32:36.307    59556.307  0.4117 30.9405 110.7505   8.00   -inf  -nan  20  15  35  15  64.69
   18   2018 02 27 16:32:52.088    59572.088  0.4386 30.9205 110.7805  12.00   -inf  -nan  13  16  29  13  70.94
   19   2018 02 27 16:33:17.724    59597.724  0.2501 30.9405 110.7605  10.00   -inf  -nan   8  11  19   5  77.93
   20   2018 02 27 16:39:25.081    59965.081  0.2990 30.9405 110.7805  10.00   -inf  -nan   8   9  17   8  92.21
   21   2018 02 27 16:41:49.532    60109.532  0.2802 30.9405 110.7605  10.00   -inf  -nan  19  16  35  15  64.29
   22   2018 02 27 16:50:21.579    60621.579  0.3232 30.9405 110.7805  12.00   -inf  -nan   9   8  17   8  92.21
   23   2018 02 27 16:55:09.173    60909.173  0.2656 30.9405 110.7505  10.00   -inf  -nan  10   9  19   9  92.19
   24   2018 02 27 17:48:31.869    64111.869  0.2629 30.9305 110.7605  10.00   -inf  -nan  16  16  32  13  69.03
   25   2018 02 27 18:10:53.430    65453.430  0.3745 31.0605 110.4405   8.00   -inf  -nan   8   6  14   5 113.97
   26   2018 02 27 18:22:41.108    66161.108  0.3604 30.9005 110.7605   4.00   -inf  -nan   7   8  15   7 123.70
   27   2018 02 27 19:03:28.069    68608.069  0.1991 31.0105 110.1905   4.00   -inf  -nan   5   6  11   5 173.54
   28   2018 02 27 19:19:44.286    69584.286  0.2247 30.9705 110.4805   4.00   -inf  -nan   5   3   8   3 114.76
   29   2018 02 27 20:26:25.040    73585.040  0.2363 30.9305 110.7605   4.00   -inf  -nan   3   2   5   2 176.71
   30   2018 02 27 21:26:38.438    77198.438  0.3181 30.9805 110.4605   4.00   -inf  -nan   5   4   9   4 138.36
   31   2018 02 27 21:31:11.648    77471.648  0.2888 30.9805 110.4605   4.00   -inf  -nan   7   4  11   4 138.36
   32   2018 02 27 21:38:57.285    77937.285  0.4718 31.0305 110.4405   8.00   -inf  -nan   4   2   6   1 171.98
   33   2018 02 27 21:48:48.425    78528.425  0.1767 31.0805 110.1705   2.00   -inf  -nan   4   4   8   1 193.55
   34   2018 02 27 21:59:10.785    79150.785  0.3719 30.9505 110.4805   4.00   -inf  -nan  15  10  25   8  85.43
   35   2018 02 27 23:45:31.539    85531.539  0.3969 30.9405 110.4605  10.00   -inf  -nan  12   9  21   7  84.04
    1   2018 02 28 00:18:15.681     1095.681  0.2211 30.9805 110.4805   0.00   -inf  -nan   4   3   7   3 145.10
    2   2018 02 28 02:16:31.119     8191.119  0.4288 30.9805 110.4805   4.00   -inf  -nan   8   7  15   5  71.99
    3   2018 02 28 02:19:16.495     8356.495  0.3206 30.9805 110.4805   0.00   -inf  -nan   6   4  10   4 145.10
    4   2018 02 28 03:23:09.525    12189.525  0.2390 30.8505 111.1305   6.00   -inf  -nan  13   3  16   3 210.25
    5   2018 02 28 03:44:57.965    13497.965  0.2139 31.1805 110.5405   0.00   -inf  -nan   3   2   5   2 300.93
    6   2018 02 28 04:19:07.836    15547.836  0.3880 30.9805 110.4805   2.00   -inf  -nan   7   6  13   4 114.84
    7   2018 02 28 07:20:30.243    26430.243  0.1898 30.8505 111.1305   6.00   -inf  -nan  11   7  18   6 210.75
    8   2018 02 28 07:24:55.024    26695.024  0.4532 31.0105 110.4505  10.00   -inf  -nan  15  17  32  14  83.47
    9   2018 02 28 07:45:44.191    27944.191  0.2704 30.9505 110.4805   6.00   -inf  -nan  16  13  29  10  85.43
   10   2018 02 28 07:53:20.271    28400.271  0.1877 30.9805 110.4805  10.00   -inf  -nan   4   2   6   2 145.10
   11   2018 02 28 07:53:38.108    28418.108  0.2967 30.9405 110.4605  12.00   -inf  -nan   7   6  13   4 100.87
   12   2018 02 28 07:54:52.699    28492.699  0.1857 30.9805 110.4805   0.00   -inf  -nan   3   2   5   2 145.10
   13   2018 02 28 08:13:11.408    29591.408  0.1863 30.9405 110.4805  10.00   -inf  -nan   3   2   5   2 139.21
   14   2018 02 28 09:07:26.367    32846.367  0.3975 31.0605 110.4405   0.00   -inf  -nan   3   5   8   3 113.97
   15   2018 02 28 09:17:40.361    33460.361  0.1906 30.8505 111.1305   6.00   -inf  -nan   9   5  14   5 210.25
   16   2018 02 28 09:45:07.170    35107.170  0.4097 31.0205 110.4405   2.00   -inf  -nan  12  13  25  10  87.12
   17   2018 02 28 10:11:36.927    36696.927  0.4341 30.8905 110.4105   2.00   -inf  -nan   3   2   5   1 240.93
   18   2018 02 28 10:43:52.495    38632.495  0.1643 30.9405 110.4805  10.00   -inf  -nan   4   3   7   3 159.02
   19   2018 02 28 11:06:44.531    40004.531  0.4154 30.9805 110.4805   0.00   -inf  -nan   5   4   9   3 145.10
   20   2018 02 28 11:08:48.950    40128.950  0.4186 30.9405 110.4605  10.00   -inf  -nan   4   3   7   2 146.14
   21   2018 02 28 12:13:32.735    44012.735  0.1904 31.0905 110.1505   2.00   -inf  -nan   4   4   8   2 264.37
   22   2018 02 28 15:51:50.919    57110.919  0.2861 31.1705 110.5005   2.00   -inf  -nan   8   6  14   5 211.66
   23   2018 02 28 18:12:04.380    65524.380  0.2088 31.0105 110.1905   4.00   -inf  -nan   3   3   6   3 209.70
   24   2018 02 28 18:38:49.459    67129.459  0.3033 31.0905 110.3405   8.00   -inf  -nan   7   4  11   3 153.81
   25   2018 02 28 21:13:09.132    76389.132  0.2806 30.9805 110.4805   4.00   -inf  -nan   8   4  12   4 145.10
   26   2018 02 28 21:33:40.423    77620.423  0.3762 30.9805 110.4605   6.00   -inf  -nan   8   4  12   4 138.36
   27   2018 02 28 22:23:42.520    80622.520  0.1900 30.9805 110.4805   0.00   -inf  -nan   3   2   5   2 145.10
   28   2018 02 28 23:27:09.508    84429.508  0.2812 30.9405 110.5005  12.00   -inf  -nan   3   2   5   2 160.73
    1   2018 03 01 01:54:05.974     6845.974  0.2951 31.0905 110.4205   8.00   -inf  -nan   6   4  10   3 118.85
    2   2018 03 01 02:14:29.174     8069.174  0.1309 31.0905 110.4205   8.00   -inf  -nan   3   3   6   3 131.66
    3   2018 03 01 04:24:05.160    15845.160  0.3321 31.2405 110.0505   0.00   -inf  -nan  10   7  17   6 296.31
    4   2018 03 01 04:59:50.651    17990.651  0.1612 30.8505 111.1305   6.00   -inf  -nan  11   6  17   6 210.25
    5   2018 03 01 12:05:50.536    43550.536  0.3701 30.9405 110.7805  12.00   -inf  -nan  20  15  35  15  62.87
    6   2018 03 01 12:06:17.175    43577.175  0.2536 30.9405 110.7605  10.00   -inf  -nan  14  15  29  13  77.93
    7   2018 03 01 12:08:02.056    43682.056  0.3273 30.9405 110.7805  12.00   -inf  -nan   3   6   9   2 146.46
    8   2018 03 01 12:15:01.576    44101.576  0.3808 30.9505 110.4805   4.00   -inf  -nan  17  15  32  14  85.43
    9   2018 03 01 12:17:17.229    44237.229  0.2142 30.9405 110.7605  10.00   -inf  -nan  10  10  20  10  89.30
   10   2018 03 01 12:25:53.687    44753.687  0.2943 30.9805 110.4605   0.00   -inf  -nan   4   3   7   3 199.73
   11   2018 03 01 14:05:00.618    50700.618  0.2175 30.9305 110.7605  10.00   -inf  -nan  16  13  29  13  71.27
   12   2018 03 01 14:12:04.511    51124.511  0.1830 30.9405 110.7605  10.00   -inf  -nan   8   8  16   6  89.30
   13   2018 03 01 15:42:27.691    56547.691  0.2384 31.1305 110.3005   0.00   -inf  -nan   3   3   6   3 233.45
   14   2018 03 01 17:26:49.110    62809.110  0.3635 30.9805 110.4605   6.00   -inf  -nan   7   5  12   5 138.36
   15   2018 03 01 18:03:14.125    64994.125  0.2874 30.9805 110.4805   0.00   -inf  -nan   7   3  10   3 102.18
   16   2018 03 01 18:18:57.770    65937.770  0.4123 30.9405 110.4605  12.00   -inf  -nan  11  11  22   9  84.65
   17   2018 03 01 18:59:51.873    68391.873  0.2206 30.9805 110.4605   0.00   -inf  -nan   4   3   7   3 199.73
   18   2018 03 01 19:11:30.877    69090.877  0.4135 30.9405 110.4605  10.00   -inf  -nan  19  16  35  15  84.04
   19   2018 03 01 19:18:58.989    69538.989  0.1697 30.9805 110.4605   2.00   -inf  -nan   3   2   5   2 199.73
   20   2018 03 01 19:30:19.524    70219.524  0.4701 30.9305 110.4705  10.00   -inf  -nan   7   4  11   3 118.48
   21   2018 03 01 19:57:52.533    71872.533  0.1629 30.9405 110.5005  10.00   -inf  -nan   3   2   5   2 160.73
   22   2018 03 01 20:17:22.938    73042.938  0.2345 30.9405 110.5005  12.00   -inf  -nan   4   2   6   2 160.73
   23   2018 03 01 20:18:30.400    73110.400  0.2876 31.1705 110.5005   0.00   -inf  -nan   3   2   5   2 321.42
   24   2018 03 01 20:40:36.279    74436.279  0.3596 30.9405 110.7505  12.00   -inf  -nan   4   6  10   4 110.87
   25   2018 03 01 20:42:09.299    74529.299  0.3765 30.9405 110.7805  12.00   -inf  -nan  18  16  34  15  62.87
   26   2018 03 01 22:11:33.402    79893.402  0.1961 30.9405 110.7605  10.00   -inf  -nan   8   7  15   6  89.30
   27   2018 03 01 22:44:44.087    81884.087  0.3910 30.9405 110.4605  10.00   -inf  -nan  17  13  30  12  84.04
    1   2018 03 02 01:34:20.107     5660.107  0.3232 30.9105 110.7405  12.00   -inf  -nan  13  10  23  10  87.65
    2   2018 03 02 05:12:53.125    18773.125  0.2046 30.9405 110.4805  10.00   -inf  -nan   4   3   7   2 105.47
    3   2018 03 02 05:33:34.796    20014.796  0.4525 31.0905 110.6205   4.00   -inf  -nan   3   2   5   2 216.32
    4   2018 03 02 05:43:27.632    20607.632  0.3177 30.9405 110.7605  10.00   -inf  -nan  18  17  35  15  64.29
    5   2018 03 02 05:43:51.661    20631.661  0.2956 30.9105 110.7405  10.00   -inf  -nan   6   4  10   4 123.37
    6   2018 03 02 05:45:56.372    20756.372  0.3172 30.9405 110.7505  10.00   -inf  -nan  14  12  26  11  68.13
    7   2018 03 02 05:47:46.886    20866.886  0.3300 31.0605 110.4405   8.00   -inf  -nan  17  15  32  14 108.13
    8   2018 03 02 05:52:50.011    21170.011  0.2267 30.9405 110.7605  10.00   -inf  -nan   8   8  16   6  89.30
    9   2018 03 02 06:05:48.402    21948.402  0.3087 30.9405 110.7805  12.00   -inf  -nan   9  10  19   9  92.21
   10   2018 03 02 06:06:48.858    22008.858  0.2781 30.9405 110.7605  10.00   -inf  -nan  14  15  29  12  77.93
   11   2018 03 02 07:20:13.894    26413.894  0.1787 30.9305 110.7605  12.00   -inf  -nan   6   4  10   3 118.39
   12   2018 03 02 07:51:10.937    28270.937  0.3497 30.9405 110.4605  10.00   -inf  -nan   4   4   8   3 100.91
   13   2018 03 02 08:16:33.555    29793.555  0.2135 30.9405 110.7405  12.00   -inf  -nan   4   2   6   2 127.75
   14   2018 03 02 09:29:09.556    34149.556  0.2313 30.9405 110.7605  10.00   -inf  -nan   8   8  16   6  89.30
   15   2018 03 02 09:35:22.469    34522.469  0.1985 30.9805 110.4805   0.00   -inf  -nan   3   2   5   2 145.10
   16   2018 03 02 09:39:43.010    34783.010  0.4406 30.8105 110.7605  10.00   -inf  -nan   6   5  11   5  98.99
   17   2018 03 02 09:46:44.520    35204.520  0.3118 30.8805 110.7805   0.00   -inf  -nan   3   2   5   2 151.16
   18   2018 03 02 10:07:18.434    36438.434  0.4618 31.1705 110.3105   0.00   -inf  -nan   5   2   7   1 274.27
   19   2018 03 02 10:23:18.968    37398.968  0.2132 30.9405 110.7605  10.00   -inf  -nan  16  14  30  13  64.29
   20   2018 03 02 10:25:47.872    37547.872  0.1114 30.9405 110.7605  10.00   -inf  -nan   7   4  11   3  89.30
   21   2018 03 02 12:07:25.763    43645.763  0.2998 30.9405 110.7505  10.00   -inf  -nan  11  10  21   9  68.13
   22   2018 03 02 12:21:36.194    44496.194  0.3640 30.9405 110.7805  12.00   -inf  -nan  19  18  37  18  62.87
   23   2018 03 02 12:29:02.318    44942.318  0.2387 30.9405 110.7805  10.00   -inf  -nan   5   3   8   2 110.23
   24   2018 03 02 12:39:44.744    45584.744  0.3072 30.9405 110.7605   8.00   -inf  -nan  15  14  29  13  77.93
   25   2018 03 02 12:40:15.572    45615.572  0.2747 30.9405 110.7805  12.00   -inf  -nan  10   5  15   4  92.21
   26   2018 03 02 12:42:01.884    45721.884  0.2475 30.9405 110.7505  10.00   -inf  -nan   8   5  13   4  92.19
   27   2018 03 02 12:52:21.241    46341.241  0.2290 30.9405 110.7805  10.00   -inf  -nan   8   9  17   7  92.21
   28   2018 03 02 13:09:43.491    47383.491  0.2414 30.9405 110.7805  10.00   -inf  -nan   8   7  15   5  92.21
   29   2018 03 02 13:10:49.981    47449.981  0.3928 30.9405 110.7505  12.00   -inf  -nan   5   2   7   2  99.52
   30   2018 03 02 13:55:32.272    50132.272  0.2244 30.9405 110.7605  10.00   -inf  -nan  10  11  21  10  77.93
   31   2018 03 02 14:03:57.152    50637.152  0.2770 30.9405 110.7405  12.00   -inf  -nan   6   3   9   2  94.47
   32   2018 03 02 14:38:37.433    52717.433  0.3011 30.9405 110.7805  12.00   -inf  -nan  10   9  19   9  92.21
   33   2018 03 02 14:42:07.358    52927.358  0.4108 30.9405 110.7405  12.00   -inf  -nan  11   9  20   8  64.82
   34   2018 03 02 14:46:15.966    53175.966  0.1447 30.7905 110.7405  10.00   -inf  -nan   3   3   6   2 220.51
   35   2018 03 02 14:57:52.456    53872.456  0.3118 30.9405 110.7805  12.00   -inf  -nan  17  14  31  14  92.21
   36   2018 03 02 14:59:39.975    53979.975  0.4032 30.9505 110.7805  12.00   -inf  -nan   3  14  17   1  59.08
   37   2018 03 02 15:00:04.018    54004.018  0.3113 30.9405 110.7805  10.00   -inf  -nan  17  17  34  15  92.21
   38   2018 03 02 15:00:28.032    54028.032  0.2838 30.9405 110.7605  10.00   -inf  -nan  15  14  29  13  77.93
   39   2018 03 02 15:01:31.082    54091.082  0.2631 30.9505 110.7605  16.00   -inf  -nan   6   7  13   4 104.62
   40   2018 03 02 15:03:04.911    54184.911  0.3038 30.9405 110.7505  10.00   -inf  -nan  11  10  21  10  92.19
   41   2018 03 02 15:03:44.323    54224.323  0.2423 30.9405 110.7805  10.00   -inf  -nan   9   8  17   7  92.21
   42   2018 03 02 15:05:25.166    54325.166  0.1883 30.9405 110.7405  12.00   -inf  -nan   4   2   6   2 188.38
   43   2018 03 02 15:10:36.956    54636.956  0.1672 30.9405 110.7605  10.00   -inf  -nan   8   6  14   4  89.30
   44   2018 03 02 15:12:00.696    54720.696  0.3367 30.9405 110.7805  12.00   -inf  -nan  17  13  30  13  92.21
   45   2018 03 02 15:33:41.862    56021.862  0.2143 30.9405 110.7605  10.00   -inf  -nan   9   8  17   7  89.30
   46   2018 03 02 15:51:12.534    57072.534  0.1532 30.9405 110.7805  10.00   -inf  -nan   3   3   6   1 146.46
   47   2018 03 02 15:56:50.204    57410.204  0.2503 30.9005 110.8605   6.00   -inf  -nan   3   2   5   1 184.43
   48   2018 03 02 16:18:09.612    58689.612  0.2242 30.9005 110.7405   0.00   -inf  -nan   3   3   6   2 143.38
   49   2018 03 02 16:27:52.888    59272.888  0.1102 30.9805 110.7405  10.00   -inf  -nan   3   2   5   1 154.47
   50   2018 03 02 17:44:00.055    63840.055  0.3529 30.9405 110.7805  12.00   -inf  -nan  17  16  33  15  92.21
   51   2018 03 02 17:45:23.514    63923.514  0.1929 30.9405 110.7805  12.00   -inf  -nan   3   2   5   1 165.87
   52   2018 03 02 17:46:01.816    63961.816  0.2988 30.9405 110.7605  14.00   -inf  -nan   7   9  16   7  89.30
   53   2018 03 02 17:55:06.356    64506.356  0.2080 30.9805 110.4605   0.00   -inf  -nan   3   3   6   3 199.73
   54   2018 03 02 18:01:21.648    64881.648  0.2281 30.9405 110.7805  10.00   -inf  -nan   8   8  16   7  92.21
   55   2018 03 02 19:06:32.928    68792.928  0.2329 30.8805 110.1305   0.00   -inf  -nan   8   5  13   5 300.70
   56   2018 03 02 19:11:12.820    69072.820  0.2892 30.9405 110.7605  10.00   -inf  -nan  18  15  33  15  77.93
   57   2018 03 02 19:11:32.313    69092.313  0.3178 30.9405 110.7505  12.00   -inf  -nan  12  10  22   9  68.13
   58   2018 03 02 19:49:31.887    71371.887  0.1317 30.9305 110.7605  10.00   -inf  -nan   8   7  15   6  96.54
   59   2018 03 02 19:52:21.585    71541.585  0.1423 30.9005 110.7405   0.00   -inf  -nan   3   2   5   2 180.00
   60   2018 03 02 23:04:07.114    83047.114  0.3285 31.1305 110.3405  12.00   -inf  -nan   6   4  10   3 221.12
   61   2018 03 02 23:23:46.432    84226.432  0.4300 31.0505 110.4705   6.00   -inf  -nan   6   6  12   5 159.22
    1   2018 03 03 04:29:04.898    16144.898  0.2806 30.9405 110.7805  10.00   -inf  -nan   5   5  10   4 165.87
    2   2018 03 03 04:30:42.780    16242.780  0.3885 30.9305 110.7605  14.00   -inf  -nan   4   2   6   1 155.51
    3   2018 03 03 04:37:20.245    16640.245  0.3011 30.9405 110.7805  10.00   -inf  -nan   6   5  11   4 165.87
    4   2018 03 03 05:03:33.504    18213.504  0.3467 30.9405 110.7805  12.00   -inf  -nan  12  12  24  10  92.21
    5   2018 03 03 05:06:02.950    18362.950  0.1862 30.9405 110.7705  12.00   -inf  -nan   4   6  10   4 155.94
    6   2018 03 03 05:06:18.218    18378.218  0.4280 31.1005 110.6605   4.00   -inf  -nan   3   2   5   2 305.19
    7   2018 03 03 05:08:48.810    18528.810  0.1656 30.8105 110.7205   0.00   -inf  -nan   3   2   5   1 192.03
    8   2018 03 03 06:15:53.802    22553.802  0.2393 30.8305 110.2805  16.00   -inf  -nan   3   2   5   2 253.16
    9   2018 03 03 06:57:43.971    25063.971  0.2576 30.9405 110.7805  10.00   -inf  -nan   5   6  11   5 182.72
   10   2018 03 03 09:06:17.208    32777.208  0.1805 30.9405 110.7605  10.00   -inf  -nan   9   8  17   8  89.30
   11   2018 03 03 10:39:17.009    38357.009  0.2564 31.1305 110.3005   2.00   -inf  -nan  13   9  22   8 127.05
   12   2018 03 03 10:39:28.025    38368.025  0.2819 31.1305 110.3005   0.00   -inf  -nan  10  10  20   8 127.05
   13   2018 03 03 11:14:01.480    40441.480  0.1883 31.1305 110.3005   0.00   -inf  -nan   4   3   7   3 131.46
   14   2018 03 03 11:29:54.502    41394.502  0.1622 31.1305 110.3005   0.00   -inf  -nan   3   2   5   2 131.46
   15   2018 03 03 14:07:22.450    50842.450  0.3321 30.9405 110.7805  12.00   -inf  -nan  16  17  33  14  92.21
   16   2018 03 03 14:31:51.709    52311.709  0.3740 30.9005 110.7405   0.00   -inf  -nan   3   3   6   1 143.21
   17   2018 03 03 15:09:14.850    54554.850  0.1690 31.1305 110.3005   0.00   -inf  -nan   6   4  10   4 131.46
   18   2018 03 03 16:05:52.668    57952.668  0.1903 30.9405 110.7805  10.00   -inf  -nan   4   2   6   2 118.73
   19   2018 03 03 16:58:47.536    61127.536  0.4103 30.9005 110.7605  12.00   -inf  -nan   7   6  13   4 123.70
   20   2018 03 03 17:28:02.364    62882.364  0.2121 30.9305 110.7605  10.00   -inf  -nan   4   4   8   3 136.17
   21   2018 03 03 17:58:17.153    64697.153  0.4078 30.9405 110.7405  14.00   -inf  -nan   6   6  12   4  94.47
   22   2018 03 03 18:10:10.810    65410.810  0.0849 30.9405 110.7805  10.00   -inf  -nan   3   2   5   2 177.28
   23   2018 03 03 18:29:10.502    66550.502  0.1556 30.9405 110.7605  10.00   -inf  -nan   6   5  11   4  89.30
   24   2018 03 03 18:33:28.174    66808.174  0.1782 30.8605 110.4605  10.00   -inf  -nan   5   3   8   3 225.94
   25   2018 03 03 18:47:12.853    67632.853  0.3646 30.9405 110.7505  12.00   -inf  -nan   4   3   7   2 124.67
   26   2018 03 03 19:17:22.894    69442.894  0.3337 30.9405 110.7605   8.00   -inf  -nan  17  14  31  14  77.93
   27   2018 03 03 20:26:15.747    73575.747  0.1361 30.9405 110.7805   8.00   -inf  -nan   5   6  11   4 118.14
   28   2018 03 03 20:44:36.067    74676.067  0.1653 30.9405 110.7605  10.00   -inf  -nan   6   3   9   2  89.30
   29   2018 03 03 23:41:27.231    85287.231  0.2764 30.9405 110.7805  10.00   -inf  -nan   8   8  16   8  92.21
    1   2018 03 04 00:19:09.167     1149.167  0.2461 31.0605 110.4405   6.00   -inf  -nan   3   3   6   3 256.49
    2   2018 03 04 02:03:34.396     7414.396  0.1363 30.9405 110.7805   8.00   -inf  -nan   4   3   7   3 149.06
    3   2018 03 04 03:27:06.784    12426.784  0.2374 30.9305 110.7605  10.00   -inf  -nan   3   3   6   2 136.17
    4   2018 03 04 05:33:23.485    20003.485  0.0982 30.7805 110.7605   8.00   -inf  -nan   5   4   9   4 124.85
    5   2018 03 04 07:03:25.397    25405.397  0.3465 30.9805 110.4605   0.00   -inf  -nan   3   3   6   3 265.21
    6   2018 03 04 07:52:29.938    28349.938  0.1394 30.9405 110.7405  12.00   -inf  -nan   5   2   7   2 114.46
    7   2018 03 04 08:25:06.437    30306.437  0.1597 30.9405 110.7605  10.00   -inf  -nan   7   5  12   5  89.30
    8   2018 03 04 09:28:58.307    34138.307  0.1115 30.9405 110.7605  10.00   -inf  -nan   5   2   7   2 110.97
    9   2018 03 04 12:14:40.692    44080.692  0.3385 31.0505 110.4605   0.00   -inf  -nan  10  11  21  10 129.92
   10   2018 03 04 12:29:42.444    44982.444  0.3174 31.0605 110.4405  10.00   -inf  -nan   4   4   8   2 154.06
   11   2018 03 04 12:55:42.256    46542.256  0.2114 30.9405 110.7605  10.00   -inf  -nan   4   4   8   3 105.54
   12   2018 03 04 14:22:50.127    51770.127  0.2235 30.9405 110.7505  10.00   -inf  -nan   4   2   6   2 128.23
   13   2018 03 04 14:59:31.451    53971.451  0.2963 30.9405 110.7605  12.00   -inf  -nan   4   4   8   2 110.97
   14   2018 03 04 16:36:42.384    59802.384  0.3446 30.9405 110.7805  10.00   -inf  -nan   3   4   7   3 137.18
   15   2018 03 04 16:45:10.136    60310.136  0.3278 30.9405 110.7805  12.00   -inf  -nan  13  10  23  10  92.21
   16   2018 03 04 17:09:18.918    61758.918  0.1485 30.9005 110.7805   6.00   -inf  -nan   3   2   5   2 227.21
   17   2018 03 04 17:10:43.388    61843.388  0.2694 30.9405 110.7805  10.00   -inf  -nan   3   3   6   2 127.07
   18   2018 03 04 17:26:14.965    62774.965  0.2993 30.9405 110.7405  12.00   -inf  -nan   3   3   6   3 127.75
   19   2018 03 04 18:00:30.171    64830.171  0.3024 31.0205 110.8205   6.00   -inf  -nan   3   4   7   3 190.83
   20   2018 03 04 19:13:57.022    69237.022  0.3154 30.9405 110.7805  12.00   -inf  -nan  10  10  20  10  92.21
   21   2018 03 04 19:17:41.216    69461.216  0.1013 30.9005 110.7805   8.00   -inf  -nan   4   2   6   2 227.21
   22   2018 03 04 19:36:08.963    70568.963  0.2584 30.9405 110.7805  10.00   -inf  -nan   4   4   8   4 165.87
   23   2018 03 04 19:55:30.045    71730.045  0.2370 30.9405 110.7805  10.00   -inf  -nan   8   8  16   8 110.23
   24   2018 03 04 19:56:36.455    71796.455  0.3016 30.9405 110.7805  10.00   -inf  -nan   8   9  17   8  92.21
   25   2018 03 04 22:01:09.241    79269.241  0.1809 30.9405 110.7605  12.00   -inf  -nan   6   7  13   5 110.97
   26   2018 03 04 22:08:44.704    79724.704  0.2608 30.9405 110.7805  10.00   -inf  -nan   6   5  11   4  92.21
   27   2018 03 04 22:09:22.472    79762.472  0.3372 31.0205 110.4405   2.00   -inf  -nan   4   4   8   2 128.00
    1   2018 03 05 01:17:26.335     4646.335  0.2742 30.9405 110.7805  10.00   -inf  -nan   9  10  19   9  92.21
    2   2018 03 05 01:30:55.133     5455.133  0.2747 30.9405 110.7805  10.00   -inf  -nan   9   9  18   9  92.21
    3   2018 03 05 03:39:47.480    13187.480  0.2832 30.9405 110.7805  10.00   -inf  -nan   5   7  12   5 110.23
    4   2018 03 05 03:42:50.678    13370.678  0.3447 31.0905 110.4605   0.00   -inf  -nan  16  16  32  14 134.94
    5   2018 03 05 13:46:23.069    49583.069  0.2444 31.0905 110.2705   6.00   -inf  -nan   4   4   8   3 206.57
    6   2018 03 05 14:46:44.687    53204.687  0.1958 31.0105 110.4505   4.00   -inf  -nan   3   2   5   1 134.21
    7   2018 03 05 18:30:34.625    66634.625  0.2296 30.9805 110.4605   0.00   -inf  -nan   4   4   8   4 199.73
    8   2018 03 05 19:11:25.386    69085.386  0.3316 30.9005 110.5005  12.00   -inf  -nan   3   3   6   3 225.38
    9   2018 03 05 19:57:04.401    71824.401  0.1944 30.9805 110.4605   0.00   -inf  -nan   3   3   6   3 199.73
    1   2018 03 06 00:12:23.422      743.422  0.2010 31.2205 110.9405  10.00   -inf  -nan   4   3   7   3 270.79
    2   2018 03 06 20:10:29.888    72629.888  0.3245 31.0505 110.1905  10.00   -inf  -nan   4   4   8   3 177.95
    1   2018 03 07 02:54:32.725    10472.725  0.1713 30.7605 110.2105   2.00   -inf  -nan   3   2   5   1 290.51
    2   2018 03 07 04:35:06.318    16506.318  0.1351 30.9005 110.5405   6.00   -inf  -nan   3   2   5   2 239.74
    3   2018 03 07 05:31:11.048    19871.048  0.4120 31.0505 110.2705   4.00   -inf  -nan   6   6  12   5  80.83
    4   2018 03 07 08:33:33.253    30813.253  0.3012 31.2205 110.9105   8.00   -inf  -nan  20  11  31  11 229.68
    5   2018 03 07 09:07:41.623    32861.623  0.4227 30.9405 110.7805  16.00   -inf  -nan   9   9  18   8  92.21
    6   2018 03 07 10:18:41.802    37121.802  0.3835 30.9405 109.9705   2.00   -inf  -nan   8   3  11   2 299.62
    7   2018 03 07 12:01:32.618    43292.618  0.2590 30.9505 110.7805   4.00   -inf  -nan   8   9  17   6 102.85
    8   2018 03 07 12:33:53.601    45233.601  0.2737 31.2105 110.5405   4.00   -inf  -nan   5   2   7   1 192.01
    9   2018 03 07 13:02:02.582    46922.582  0.2800 30.9405 110.7805   4.00   -inf  -nan   4   4   8   3 165.87
   10   2018 03 07 18:02:51.879    64971.879  0.2951 31.0305 110.4405   8.00   -inf  -nan   7   5  12   5  92.86
   11   2018 03 07 18:15:40.736    65740.736  0.2124 31.1405 110.7805  10.00   -inf  -nan   3   3   6   3 166.51
   12   2018 03 07 20:29:04.850    73744.850  0.3846 31.1605 110.8205  12.00   -inf  -nan  12  14  26  12 216.12
   13   2018 03 07 22:40:37.436    81637.436  0.3722 31.0605 110.4405   4.00   -inf  -nan   7   7  14   6 170.49
   14   2018 03 07 23:10:39.290    83439.290  0.4268 31.0305 110.4405   6.00   -inf  -nan   3   4   7   2 149.14
    1   2018 03 08 06:05:47.531    21947.531  0.2122 30.7505 110.8205   0.00   -inf  -nan   9   3  12   3 167.07
    2   2018 03 08 12:28:32.930    44912.930  0.3805 31.0605 110.4405   0.00   -inf  -nan   3   3   6   2 113.97
    3   2018 03 08 12:57:32.131    46652.131  0.2855 30.9305 110.7605  10.00   -inf  -nan   5   5  10   2  96.54
    4   2018 03 08 14:37:40.857    52660.857  0.3462 31.0505 110.4505  10.00   -inf  -nan   3   3   6   1 109.19
    5   2018 03 08 17:29:33.001    62973.001  0.2841 31.1105 110.8005   0.00   -inf  -nan   4   3   7   3 207.97
    6   2018 03 08 19:48:51.804    71331.804  0.2992 30.9405 110.7605   4.00   -inf  -nan   9   8  17   6  77.93
    7   2018 03 08 19:59:56.229    71996.229  0.4222 31.0205 110.4405   6.00   -inf  -nan  12  10  22   9  87.12
    1   2018 03 09 00:22:03.201     1323.201  0.3914 31.1405 110.3305   0.00   -inf  -nan   4   3   7   2 156.38
    2   2018 03 09 00:49:47.591     2987.591  0.4981 31.1005 110.4805  12.00   -inf  -nan   3   5   8   3 167.57
    3   2018 03 09 03:14:21.570    11661.570  0.2917 31.0605 110.8205   8.00   -inf  -nan   4   8  12   3 171.89
    4   2018 03 09 03:20:47.268    12047.268  0.3026 30.9605 109.9705  12.00   -inf  -nan   9   2  11   2 295.22
    5   2018 03 09 04:12:17.738    15137.738  0.1653 30.7405 111.0505   0.00   -inf  -nan   3   4   7   3 273.45
    6   2018 03 09 07:15:11.291    26111.291  0.3256 30.8605 111.0905   8.00   -inf  -nan   5   4   9   3 137.98
    7   2018 03 09 07:37:29.381    27449.381  0.3286 31.2405 110.0505   0.00   -inf  -nan  10   6  16   6 296.31
    8   2018 03 09 09:29:45.841    34185.841  0.2047 30.9405 110.7605  10.00   -inf  -nan   9   9  18   9  89.30
    9   2018 03 09 09:35:04.372    34504.372  0.4834 30.9405 110.7405  18.00   -inf  -nan   7  11  18   7  94.47
   10   2018 03 09 09:37:59.768    34679.768  0.2326 31.2105 110.3805   2.00   -inf  -nan   3   2   5   1 239.62
   11   2018 03 09 11:57:35.100    43055.100  0.4676 31.0905 110.3405   2.00   -inf  -nan   4   5   9   4 153.81
   12   2018 03 09 12:08:26.973    43706.973  0.2757 31.0905 110.4605   8.00   -inf  -nan   4   6  10   4 150.61
   13   2018 03 09 12:10:21.514    43821.514  0.3627 31.0605 110.4405   8.00   -inf  -nan   6   5  11   4 113.97
   14   2018 03 09 12:14:07.682    44047.682  0.3128 30.7505 110.7405  10.00   -inf  -nan   6   5  11   4 149.25
   15   2018 03 09 13:54:10.404    50050.404  0.3373 31.1205 110.8205   4.00   -inf  -nan   6   5  11   3 159.94
   16   2018 03 09 14:11:31.802    51091.802  0.4275 31.1605 110.8205  12.00   -inf  -nan  11   9  20   7 216.12
   17   2018 03 09 14:45:39.052    53139.052  0.2770 30.9705 110.4705   0.00   -inf  -nan   7   4  11   4  99.58
   18   2018 03 09 14:52:50.954    53570.954  0.1817 30.9405 110.7605  10.00   -inf  -nan  10   8  18   8  89.30
   19   2018 03 09 14:57:35.302    53855.302  0.2817 30.9405 110.7505  10.00   -inf  -nan  11   8  19   8  92.19
   20   2018 03 09 15:00:14.481    54014.481  0.2025 30.9405 110.7605  10.00   -inf  -nan  14  12  26  12  89.30
   21   2018 03 09 15:01:31.747    54091.747  0.2528 30.9405 110.7505  10.00   -inf  -nan  10   9  19   9  92.19
   22   2018 03 09 15:01:53.295    54113.295  0.1755 30.9405 110.7605  10.00   -inf  -nan  10   9  19   9  89.30
   23   2018 03 09 15:04:39.823    54279.823  0.3595 30.9405 110.7505  10.00   -inf  -nan  20  16  36  16  64.69
   24   2018 03 09 15:05:59.530    54359.530  0.2758 30.9405 110.7605  10.00   -inf  -nan  19  17  36  16  64.29
   25   2018 03 09 15:07:17.184    54437.184  0.2725 30.9405 110.7605  12.00   -inf  -nan  16  13  29  13  77.93
   26   2018 03 09 15:08:25.632    54505.632  0.1659 30.9405 110.7605  12.00   -inf  -nan   6   5  11   5 110.97
   27   2018 03 09 15:11:14.611    54674.611  0.3095 30.9305 110.7505  10.00   -inf  -nan  17  13  30  13  69.87
   28   2018 03 09 15:21:02.016    55262.016  0.1867 30.9405 110.7605  10.00   -inf  -nan  11   9  20   9  89.30
   29   2018 03 09 15:57:40.728    57460.728  0.2544 30.9405 110.7505  10.00   -inf  -nan   3   3   6   1 124.67
   30   2018 03 09 16:01:42.936    57702.936  0.4915 31.0205 110.8205  14.00   -inf  -nan   3   4   7   1 169.70
   31   2018 03 09 16:44:09.867    60249.867  0.3721 31.0205 110.4605   0.00   -inf  -nan   5   5  10   4 131.96
   32   2018 03 09 16:48:41.622    60521.622  0.2672 30.9305 110.7505  10.00   -inf  -nan  12  13  25  11  69.87
   33   2018 03 09 16:49:53.458    60593.458  0.1726 30.9305 110.7905  10.00   -inf  -nan  15  11  26  11  88.07
   34   2018 03 09 16:52:23.602    60743.602  0.1466 30.9405 110.7605  10.00   -inf  -nan   7   6  13   5 110.97
   35   2018 03 09 16:52:36.839    60756.839  0.2917 30.9405 110.7805  10.00   -inf  -nan   7   7  14   6 110.23
   36   2018 03 09 17:07:05.932    61625.932  0.3281 30.9405 110.7505   8.00   -inf  -nan  19  15  34  15  68.13
   37   2018 03 09 17:09:05.056    61745.056  0.2655 30.9505 110.8005  10.00   -inf  -nan   7   8  15   7 169.93
   38   2018 03 09 17:25:22.344    62722.344  0.3394 30.9405 110.7805  12.00   -inf  -nan  16  14  30  13  92.21
   39   2018 03 09 17:28:57.021    62937.021  0.1120 30.9005 110.7405   0.00   -inf  -nan   3   2   5   2 180.00
   40   2018 03 09 18:07:13.049    65233.049  0.2820 30.9405 110.7405  10.00   -inf  -nan   6   3   9   2 110.40
   41   2018 03 09 18:35:26.788    66926.788  0.4016 30.8205 110.4605   0.00   -inf  -nan  19  14  33  13 176.92
   42   2018 03 09 19:10:35.606    69035.606  0.1638 30.9005 110.7805   8.00   -inf  -nan   3   3   6   3 293.44
   43   2018 03 09 19:11:16.065    69076.065  0.4704 30.9405 110.7405  10.00   -inf  -nan  20  17  37  17  64.82
   44   2018 03 09 19:17:54.768    69474.768  0.1199 30.9005 110.7805   6.00   -inf  -nan   3   2   5   2 293.44
   45   2018 03 09 19:18:43.502    69523.502  0.2924 30.9405 110.7505  12.00   -inf  -nan  15  11  26  11  68.13
   46   2018 03 09 19:46:40.387    71200.387  0.3179 31.1205 110.8205   0.00   -inf  -nan   6   4  10   3 159.94
   47   2018 03 09 20:27:45.796    73665.796  0.4179 30.9405 110.7605  16.00   -inf  -nan   5   5  10   3 110.97
   48   2018 03 09 20:33:22.780    74002.780  0.3269 31.1005 110.4405   8.00   -inf  -nan   5   5  10   5 155.17
   49   2018 03 09 20:37:25.647    74245.647  0.2855 31.1005 110.4405   8.00   -inf  -nan   6   4  10   3 155.17
   50   2018 03 09 22:10:21.279    79821.279  0.2196 31.0905 110.4605   8.00   -inf  -nan   8   7  15   6 150.61
   51   2018 03 09 22:12:05.000    79925.000  0.2359 31.0905 110.4605   6.00   -inf  -nan   8   5  13   5 150.61
   52   2018 03 09 22:23:21.345    80601.345  0.3619 30.9405 110.7505  10.00   -inf  -nan  18  17  35  16  64.69
   53   2018 03 09 22:25:01.485    80701.485  0.1369 30.9405 110.7605  10.00   -inf  -nan   5   5  10   4 110.97
   54   2018 03 09 22:27:24.311    80844.311  0.2298 31.0905 110.4605   0.00   -inf  -nan   4   2   6   1 150.61
    1   2018 03 10 01:02:07.049     3727.049  0.3213 31.1005 110.0905   0.00   -inf  -nan   7   7  14   5 278.42
    2   2018 03 10 01:44:12.837     6252.837  0.1808 30.9305 110.7605  10.00   -inf  -nan   8   9  17   5  96.54
    3   2018 03 10 02:02:52.306     7372.306  0.2585 30.9405 110.7805  10.00   -inf  -nan   7   9  16   7 146.46
    4   2018 03 10 02:05:09.662     7509.662  0.2300 30.9405 110.7805  10.00   -inf  -nan   7   7  14   6 146.46
    5   2018 03 10 02:36:35.077     9395.077  0.2387 30.9105 110.8605  10.00   -inf  -nan   5   3   8   3 192.92
    6   2018 03 10 04:46:41.066    17201.066  0.1699 31.0905 110.1105   0.00   -inf  -nan   4   3   7   3 230.20
    7   2018 03 10 04:54:38.397    17678.397  0.1888 30.9405 110.7605  10.00   -inf  -nan   6   4  10   4 144.50
    8   2018 03 10 05:32:44.400    19964.400  0.0606 30.7805 110.9305   6.00   -inf  -nan   3   2   5   2 237.20
    9   2018 03 10 07:32:47.019    27167.019  0.3452 30.9605 109.9705  10.00   -inf  -nan  10   3  13   2 287.66
   10   2018 03 10 09:37:20.238    34640.238  0.1266 30.9405 110.7605  10.00   -inf  -nan   3   3   6   1 110.97
   11   2018 03 10 14:19:28.514    51568.514  0.1370 30.7805 110.7705   8.00   -inf  -nan   4   5   9   3 116.19
   12   2018 03 10 16:31:13.001    59473.001  0.1974 30.9005 110.7805  10.00   -inf  -nan  11   8  19   8  79.34
   13   2018 03 10 16:53:53.550    60833.550  0.3565 30.8905 110.7605   8.00   -inf  -nan   9   6  15   6  86.43
   14   2018 03 10 17:20:33.054    62433.054  0.2421 30.9405 110.7805  10.00   -inf  -nan   7   8  15   7  92.21
   15   2018 03 10 18:12:06.933    65526.933  0.4386 31.0605 110.7905  12.00   -inf  -nan   5   6  11   2  95.43
   16   2018 03 10 22:27:20.926    80840.926  0.4259 31.0905 110.0705   6.00   -inf  -nan  13  14  27  11 249.51
   17   2018 03 10 22:31:32.434    81092.434  0.1265 31.0705 110.4405   4.00   -inf  -nan   3   2   5   2 265.80
   18   2018 03 10 23:27:40.025    84460.025  0.2525 31.0605 110.1305   6.00   -inf  -nan  10   8  18   8 216.83
    1   2018 03 11 00:48:13.690     2893.690  0.1331 30.9305 111.2405   6.00   -inf  -nan   3   2   5   1 300.87
    2   2018 03 11 02:56:05.936    10565.936  0.2195 31.0205 110.8105   8.00   -inf  -nan   3   3   6   2 171.43
    3   2018 03 11 05:05:46.593    18346.593  0.2591 31.2005 110.9005  14.00   -inf  -nan   3   2   5   1 247.83
    4   2018 03 11 05:37:23.590    20243.590  0.2397 30.9305 110.7605   4.00   -inf  -nan   3   2   5   2 176.71
    5   2018 03 11 10:02:29.818    36149.818  0.2963 30.7105 110.9005   2.00   -inf  -nan  10   5  15   5 220.02
    6   2018 03 11 11:06:12.417    39972.417  0.2808 31.1805 110.2905   0.00   -inf  -nan   7   7  14   6 169.73
    7   2018 03 11 11:29:55.326    41395.326  0.2726 31.1005 110.2405   4.00   -inf  -nan   8   9  17   8 149.04
    8   2018 03 11 14:16:33.005    51393.005  0.2806 30.8705 110.7805  10.00   -inf  -nan   5   4   9   3 143.04
    9   2018 03 11 14:22:34.957    51754.957  0.2235 31.1805 110.2905   2.00   -inf  -nan   3   5   8   3 183.58
   10   2018 03 11 16:37:29.097    59849.097  0.3457 31.0505 110.1305   8.00   -inf  -nan   3   4   7   3 264.35
   11   2018 03 11 17:22:51.567    62571.567  0.3874 31.0205 110.4805  10.00   -inf  -nan   8   8  16   6  91.96
   12   2018 03 11 19:46:48.623    71208.623  0.3280 30.8705 110.8205   6.00   -inf  -nan  12  11  23  10  69.61
   13   2018 03 11 19:57:38.251    71858.251  0.1968 30.8205 110.6405   6.00   -inf  -nan   6   2   8   2 154.85
    1   2018 03 12 03:35:31.547    12931.547  0.2251 30.7405 110.8505   6.00   -inf  -nan   7   3  10   3 192.15
    2   2018 03 12 07:02:08.115    25328.115  0.3188 30.9605 109.9705  10.00   -inf  -nan   6   4  10   4 295.22
    3   2018 03 12 07:03:18.487    25398.487  0.2503 30.9705 111.1705   2.00   -inf  -nan   3   3   6   3 266.63
    4   2018 03 12 07:17:31.526    26251.526  0.2212 30.7405 110.8905   6.00   -inf  -nan   7   3  10   3 199.16
    5   2018 03 12 11:46:03.135    42363.135  0.3029 30.8705 110.8205   6.00   -inf  -nan  13  11  24  11  69.61
    6   2018 03 12 15:03:58.683    54238.683  0.2523 31.0905 110.2705   6.00   -inf  -nan  13   9  22   9 117.39
    7   2018 03 12 16:57:46.118    61066.118  0.2904 30.9905 110.5205   0.00   -inf  -nan   8   6  14   4 105.20
    8   2018 03 12 18:00:03.264    64803.264  0.3542 30.9405 110.7405   8.00   -inf  -nan  13  11  24  10  64.82
    9   2018 03 12 18:57:37.932    68257.932  0.2345 31.0905 110.1905   4.00   -inf  -nan   4   3   7   3 264.28
   10   2018 03 12 20:41:51.527    74511.527  0.3685 31.0605 110.4405   6.00   -inf  -nan   6   5  11   4 113.97
   11   2018 03 12 22:56:22.010    82582.010  0.1725 31.0905 110.0705   0.00   -inf  -nan   7   4  11   4 249.51
    1   2018 03 13 02:01:38.790     7298.790  0.2409 30.9405 110.7805   8.00   -inf  -nan   5   4   9   4 182.72
    2   2018 03 13 02:02:19.047     7339.047  0.1327 30.9405 110.7705  10.00   -inf  -nan   4   3   7   3 197.94
    3   2018 03 13 02:04:30.473     7470.473  0.2518 30.9405 110.7405  12.00   -inf  -nan   3   3   6   3 135.14
    4   2018 03 13 03:01:27.783    10887.783  0.1046 30.9405 110.7605  12.00   -inf  -nan   3   4   7   2 127.90
    5   2018 03 13 03:08:19.637    11299.637  0.2728 30.9805 110.5005   0.00   -inf  -nan   3   3   6   3 149.19
    6   2018 03 13 04:43:48.078    17028.078  0.4249 31.0205 110.4405   6.00   -inf  -nan  14  16  30  12 101.35
    7   2018 03 13 04:52:49.125    17569.125  0.3794 31.0105 110.4605   6.00   -inf  -nan   4   6  10   4 100.11
    8   2018 03 13 05:52:19.549    21139.549  0.3683 31.2105 110.0705   0.00   -inf  -nan   5   3   8   3 281.91
    9   2018 03 13 06:05:48.384    21948.384  0.4142 31.2205 110.4105   0.00   -inf  -nan   3   3   6   1 213.44
   10   2018 03 13 07:16:30.867    26190.867  0.2354 30.9205 110.0105  16.00   -inf  -nan   6   2   8   2 299.63
   11   2018 03 13 07:51:03.872    28263.872  0.1570 30.9405 110.7605  10.00   -inf  -nan   7   9  16   6  89.30
   12   2018 03 13 08:00:22.312    28822.312  0.3597 30.9405 110.7505  10.00   -inf  -nan  11  12  23  10  68.13
   13   2018 03 13 09:11:20.236    33080.236  0.4155 30.9805 110.4405   8.00   -inf  -nan   4   3   7   2 155.95
   14   2018 03 13 18:03:25.456    65005.456  0.1683 30.8905 110.8005   4.00   -inf  -nan   7   6  13   4  91.16
   15   2018 03 13 18:14:40.943    65680.943  0.3416 31.0305 110.4405   8.00   -inf  -nan  12  11  23  10  92.86
   16   2018 03 13 18:38:17.671    67097.671  0.3615 31.0905 110.2505   4.00   -inf  -nan   3   4   7   2 226.98
   17   2018 03 13 19:06:55.099    68815.099  0.3478 31.0305 110.4405   6.00   -inf  -nan   8  10  18   7  92.86
   18   2018 03 13 22:54:16.139    82456.139  0.1935 31.0105 110.1905   4.00   -inf  -nan   3   4   7   3 209.70
    1   2018 03 14 03:52:30.056    13950.056  0.2060 30.7805 110.7705  10.00   -inf  -nan   5   6  11   4 116.19
    2   2018 03 14 05:45:19.849    20719.849  0.4567 31.2505 109.9905   2.00   -inf  -nan   7   5  12   2 304.25
    3   2018 03 14 08:43:00.994    31380.994  0.3618 30.7005 110.8505   6.00   -inf  -nan   8   4  12   4 221.46
    4   2018 03 14 09:02:46.922    32566.922  0.2547 30.8905 111.0905   2.00   -inf  -nan   7   4  11   4 113.28
    5   2018 03 14 09:30:17.251    34217.251  0.4471 30.9305 111.2005   4.00   -inf  -nan   4   3   7   2 279.86
    6   2018 03 14 10:32:52.909    37972.909  0.2996 31.0605 110.1305   8.00   -inf  -nan   6   3   9   2 216.83
    7   2018 03 14 14:57:45.821    53865.821  0.2470 30.8705 110.9405   4.00   -inf  -nan   3   2   5   2 160.03
    8   2018 03 14 17:12:44.507    61964.507  0.2655 31.0205 110.3205   0.00   -inf  -nan   4   4   8   3 115.89
    9   2018 03 14 17:25:10.313    62710.313  0.2019 31.1705 110.3005   0.00   -inf  -nan   3   2   5   1 261.29
   10   2018 03 14 17:47:19.211    64039.211  0.1132 30.8705 110.9405   4.00   -inf  -nan   3   2   5   2 160.03
   11   2018 03 14 17:53:38.001    64418.001  0.3378 31.1705 110.3105   6.00   -inf  -nan   5   2   7   2 258.71
   12   2018 03 14 22:28:23.584    80903.584  0.2218 30.8705 110.9005   6.00   -inf  -nan   3   2   5   2 216.44
   13   2018 03 14 22:31:12.297    81072.297  0.2379 31.0205 110.4405   6.00   -inf  -nan   4   2   6   2 166.62
    1   2018 03 15 04:50:47.546    17447.546  0.1704 31.1705 110.3405   0.00   -inf  -nan   4   2   6   1 176.84
    2   2018 03 15 05:23:33.985    19413.985  0.2780 30.9405 110.7605  12.00   -inf  -nan  17  16  33  15  64.29
    3   2018 03 15 05:31:10.247    19870.247  0.1899 30.9405 110.7605  10.00   -inf  -nan   7   9  16   6  89.30
    4   2018 03 15 05:32:10.902    19930.902  0.1833 30.9305 110.7605  10.00   -inf  -nan  15  14  29  13  96.54
    5   2018 03 15 05:40:42.785    20442.785  0.2048 30.9405 110.7605  10.00   -inf  -nan   8   9  17   8 127.90
    6   2018 03 15 05:41:07.900    20467.900  0.2165 30.9405 110.7605  10.00   -inf  -nan   7   7  14   5 127.90
    7   2018 03 15 05:50:03.213    21003.213  0.1931 30.9405 110.7605  10.00   -inf  -nan  13  13  26  12  77.93
    8   2018 03 15 05:50:28.912    21028.912  0.2037 30.9405 110.7605  10.00   -inf  -nan   6   7  13   4  89.30
    9   2018 03 15 05:50:41.732    21041.732  0.2774 30.9105 110.7405   4.00   -inf  -nan   5   2   7   2 123.37
   10   2018 03 15 06:18:49.242    22729.242  0.1701 30.9405 110.7605  10.00   -inf  -nan   9   8  17   7  89.30
   11   2018 03 15 06:56:31.232    24991.232  0.2010 30.9405 110.7605  12.00   -inf  -nan   3   4   7   2 127.90
   12   2018 03 15 09:17:33.580    33453.580  0.1489 30.9405 110.1205  12.00   -inf  -nan   3   2   5   1 316.14
   13   2018 03 15 09:29:13.049    34153.049  0.2705 31.0605 110.1305   6.00   -inf  -nan  10   6  16   5 216.83
   14   2018 03 15 09:54:12.559    35652.559  0.2108 30.9205 110.0905   0.00   -inf  -nan   3   2   5   1 309.13
   15   2018 03 15 10:20:09.466    37209.466  0.3049 31.2505 110.5105   2.00   -inf  -nan   4   2   6   2 314.46
   16   2018 03 15 13:00:03.017    46803.017  0.4338 31.0205 110.4405   0.00   -inf  -nan   5   2   7   1 152.49
   17   2018 03 15 14:39:45.822    52785.822  0.4044 30.9405 110.7805   8.00   -inf  -nan   6   4  10   3  92.21
   18   2018 03 15 16:32:45.267    59565.267  0.2360 30.9005 110.8205   6.00   -inf  -nan  16  14  30  14  69.75
   19   2018 03 15 17:24:21.496    62661.496  0.2647 31.0505 110.1505   6.00   -inf  -nan   6   3   9   2 255.46
    1   2018 03 16 02:53:55.564    10435.564  0.3991 30.8905 111.1205  10.00   -inf  -nan   5   2   7   1 152.94
    2   2018 03 16 02:55:41.494    10541.494  0.2096 30.7405 111.0105   6.00   -inf  -nan   4   3   7   3 267.49
    3   2018 03 16 04:46:56.335    17216.335  0.1504 31.2205 110.0505   2.00   -inf  -nan   4   3   7   1 289.11
    4   2018 03 16 06:11:00.525    22260.525  0.3692 31.0905 110.0705   8.00   -inf  -nan   9   6  15   5 249.51
    5   2018 03 16 06:39:51.361    23991.361  0.4027 30.9005 110.8105   0.00   -inf  -nan   6   3   9   3 127.27
    6   2018 03 16 09:45:42.607    35142.607  0.3333 31.0305 110.4405  10.00   -inf  -nan   5   4   9   2  92.86
    7   2018 03 16 09:46:00.889    35160.889  0.4812 30.8905 110.2905  20.00   -inf  -nan   3   2   5   1 199.50
    8   2018 03 16 20:32:12.301    73932.301  0.0859 31.0605 110.4405   6.00   -inf  -nan   3   3   6   3 313.31
    9   2018 03 16 20:40:16.282    74416.282  0.2569 31.0605 110.4405   4.00   -inf  -nan   5   4   9   4 216.40
   10   2018 03 16 22:52:11.174    82331.174  0.2652 30.9405 110.7505  12.00   -inf  -nan   6   5  11   3 105.99
   11   2018 03 16 22:53:22.639    82402.639  0.2291 30.9405 110.7505  12.00   -inf  -nan   6   6  12   4 105.99
   12   2018 03 16 23:24:45.723    84285.723  0.2869 30.9405 110.7405  10.00   -inf  -nan   3   2   5   2 127.75
    1   2018 03 17 00:10:16.898      616.898  0.2673 30.9405 110.7605  10.00   -inf  -nan  20  18  38  18  64.29
    2   2018 03 17 00:11:02.075      662.075  0.2325 30.9405 110.7605  10.00   -inf  -nan   9  10  19   9  89.30
    3   2018 03 17 00:11:43.904      703.904  0.2023 30.9405 110.7605  12.00   -inf  -nan   7   7  14   4  89.30
    4   2018 03 17 00:12:32.392      752.392  0.3832 30.9405 110.7805  12.00   -inf  -nan  12  11  23  11  92.21
    5   2018 03 17 00:15:36.287      936.287  0.1028 30.9305 110.7605  10.00   -inf  -nan   5   3   8   2  96.54
    6   2018 03 17 00:20:56.922     1256.922  0.2540 30.9405 110.7405  12.00   -inf  -nan   6   3   9   2  98.96
    7   2018 03 17 00:33:54.434     2034.434  0.3464 30.9405 110.7405  16.00   -inf  -nan   6   4  10   3 103.40
    8   2018 03 17 00:34:31.273     2071.273  0.3017 30.9405 110.7605  10.00   -inf  -nan  20  17  37  17  64.29
    9   2018 03 17 00:46:02.896     2762.896  0.0944 30.9305 110.7605  12.00   -inf  -nan   4   3   7   2 183.49
   10   2018 03 17 01:05:02.578     3902.578  0.1755 30.9405 110.7605  10.00   -inf  -nan   7  10  17   7  89.30
   11   2018 03 17 01:07:28.832     4048.832  0.2385 30.9405 110.7605  10.00   -inf  -nan   6   5  11   3  89.30
   12   2018 03 17 01:13:26.002     4406.002  0.2480 30.9805 110.7405  12.00   -inf  -nan   3   2   5   1 178.66
   13   2018 03 17 01:16:23.141     4583.141  0.1855 30.9305 110.7705   8.00   -inf  -nan   9   8  17   6  92.34
   14   2018 03 17 01:18:25.850     4705.850  0.2256 30.9405 110.7605   8.00   -inf  -nan   7   7  14   6  89.30
   15   2018 03 17 01:45:02.149     6302.149  0.3363 30.9405 110.7605   8.00   -inf  -nan  18  16  34  15  64.29
   16   2018 03 17 01:46:53.103     6413.103  0.2371 30.9405 110.7405  12.00   -inf  -nan   6   4  10   3  98.96
   17   2018 03 17 01:54:47.848     6887.848  0.2223 30.9405 110.7605  10.00   -inf  -nan   8  11  19   8  89.30
   18   2018 03 17 02:15:10.272     8110.272  0.1920 30.9405 110.7605  10.00   -inf  -nan   9  10  19   9  89.30
   19   2018 03 17 02:21:46.785     8506.785  0.1408 30.9405 110.7605  10.00   -inf  -nan   4   5   9   4 128.27
   20   2018 03 17 02:59:08.110    10748.110  0.3710 30.9005 110.7205   0.00   -inf  -nan  15  11  26  10  94.62
   21   2018 03 17 03:37:26.914    13046.914  0.3081 30.8205 110.6405   6.00   -inf  -nan   7   6  13   6 154.85
   22   2018 03 17 04:21:02.713    15662.713  0.4524 31.0105 110.7505  16.00   -inf  -nan   3   4   7   2 179.45
   23   2018 03 17 08:33:19.733    30799.733  0.2887 30.9405 110.7805  10.00   -inf  -nan   4   4   8   3 165.87
   24   2018 03 17 08:34:21.738    30861.738  0.1944 30.9405 110.7605  10.00   -inf  -nan   8   9  17   8  89.30
   25   2018 03 17 09:00:03.849    32403.849  0.2621 30.8605 110.7005  12.00   -inf  -nan   3   3   6   2 194.94
   26   2018 03 17 09:02:09.148    32529.148  0.2420 30.9405 110.7405  14.00   -inf  -nan   6   4  10   3  94.47
   27   2018 03 17 09:18:53.031    33533.031  0.4400 30.8505 111.1205   0.00   -inf  -nan   4   2   6   2 281.83
   28   2018 03 17 09:26:46.146    34006.146  0.2128 30.9405 110.7605  10.00   -inf  -nan  10  10  20  10  89.30
   29   2018 03 17 09:27:18.138    34038.138  0.3452 30.9405 110.7605  10.00   -inf  -nan  20  19  39  19  64.29
   30   2018 03 17 09:29:16.008    34156.008  0.4167 31.0205 110.7005  10.00   -inf  -nan   3   4   7   2 189.08
   31   2018 03 17 09:31:13.525    34273.525  0.2941 30.9505 110.7605  10.00   -inf  -nan   9   9  18   8  87.10
   32   2018 03 17 10:26:23.971    37583.971  0.2243 30.9305 110.7605  12.00   -inf  -nan  15  12  27  12  71.27
   33   2018 03 17 11:43:47.021    42227.021  0.0762 30.9005 110.7805   6.00   -inf  -nan   3   2   5   2 163.22
   34   2018 03 17 14:41:09.765    52869.765  0.3441 31.0905 110.2605   0.00   -inf  -nan  12  12  24  11 128.51
   35   2018 03 17 22:59:58.206    82798.206  0.2946 31.0305 110.4805   0.00   -inf  -nan   3   4   7   3 210.13
    1   2018 03 18 00:36:49.342     2209.342  0.3981 30.8905 110.8005   8.00   -inf  -nan   6   8  14   6  93.29
    2   2018 03 18 02:55:10.731    10510.731  0.1672 30.9305 111.1705   0.00   -inf  -nan   4   2   6   2 146.89
    3   2018 03 18 09:16:07.685    33367.685  0.3350 30.9405 110.7605   6.00   -inf  -nan  14  13  27  12  77.93
    4   2018 03 18 15:36:14.724    56174.724  0.3310 31.0505 110.2905   8.00   -inf  -nan   9   8  17   7 134.67
    5   2018 03 18 20:56:07.377    75367.377  0.4312 31.0205 110.4405   6.00   -inf  -nan   6   7  13   6  87.12
    1   2018 03 19 02:00:16.006     7216.006  0.2945 30.9305 111.1705   0.00   -inf  -nan   4   4   8   4 146.89
    2   2018 03 19 05:01:24.754    18084.754  0.4338 30.9405 110.7805   8.00   -inf  -nan   4   8  12   4 165.87
    3   2018 03 19 09:43:59.197    35039.197  0.2887 30.8905 111.0005   4.00   -inf  -nan   6   3   9   2  91.53
    4   2018 03 19 10:00:36.390    36036.390  0.2388 30.8905 111.0905   6.00   -inf  -nan   3   3   6   2 157.71
    5   2018 03 19 11:34:38.896    41678.896  0.2624 31.1705 110.3405   0.00   -inf  -nan   8   2  10   2 176.84
    6   2018 03 19 21:48:22.438    78502.438  0.1536 30.9305 110.8005   8.00   -inf  -nan   6   6  12   5  91.38
    7   2018 03 19 22:04:30.289    79470.289  0.2947 31.1005 110.4005   6.00   -inf  -nan   4   5   9   3 124.60
    1   2018 03 20 00:06:14.670      374.670  0.2013 30.8505 110.1505   0.00   -inf  -nan   4   2   6   2 294.03
    2   2018 03 20 01:35:36.876     5736.876  0.3765 30.9405 110.7805  12.00   -inf  -nan  14  17  31  13  92.21
    3   2018 03 20 01:36:34.282     5794.282  0.2657 30.9405 110.7805  10.00   -inf  -nan   6   6  12   4 146.46
    4   2018 03 20 04:04:19.035    14659.035  0.4175 31.2705 110.8405   2.00   -inf  -nan  12   6  18   5 262.67
    5   2018 03 20 05:12:07.188    18727.188  0.1436 30.8905 111.0105   6.00   -inf  -nan   4   2   6   2 213.71
    6   2018 03 20 07:36:51.994    27411.994  0.2040 30.9505 110.4805   6.00   -inf  -nan   8   6  14   4  89.07
    7   2018 03 20 08:49:23.906    31763.906  0.0715 30.8905 111.2805   6.00   -inf  -nan   3   2   5   1 309.16
    8   2018 03 20 10:40:54.065    38454.065  0.1643 30.8505 111.0905   6.00   -inf  -nan   8   4  12   4 170.85
    9   2018 03 20 10:57:27.363    39447.363  0.0962 31.1705 110.3405   2.00   -inf  -nan   3   2   5   2 206.23
   10   2018 03 20 12:40:43.800    45643.800  0.2804 31.0405 110.8205  12.00   -inf  -nan  15  14  29  13  96.38
   11   2018 03 20 12:56:17.137    46577.137  0.1525 31.0805 110.8205  16.00   -inf  -nan   4   2   6   2 144.01
   12   2018 03 20 14:02:01.052    50521.052  0.3369 30.9405 110.7605   8.00   -inf  -nan  18  18  36  17  64.29
   13   2018 03 20 14:28:22.933    52102.933  0.2797 30.9105 110.7805  10.00   -inf  -nan  15  14  29  13  75.14
   14   2018 03 20 16:19:58.776    58798.776  0.3964 30.8905 110.7605   6.00   -inf  -nan  14  14  28  12  86.43
   15   2018 03 20 22:41:01.852    81661.852  0.3033 31.1005 110.1305   2.00   -inf  -nan   3   2   5   1 220.46
    1   2018 03 21 00:58:09.048     3489.048  0.2515 30.7405 110.8905   6.00   -inf  -nan   6   2   8   1 199.16
    2   2018 03 21 01:44:12.884     6252.884  0.2270 31.0005 110.0105   4.00   -inf  -nan   4   3   7   3 307.55
    3   2018 03 21 03:53:22.811    14002.811  0.2590 30.7405 110.8505   6.00   -inf  -nan   3   2   5   2 192.15
    4   2018 03 21 04:12:53.305    15173.305  0.3479 31.2605 110.8405   0.00   -inf  -nan   9  10  19   6 268.07
    5   2018 03 21 05:04:03.022    18243.022  0.3047 31.0505 110.4305   8.00   -inf  -nan   6   7  13   4 102.66
    6   2018 03 21 06:13:06.170    22386.170  0.2097 30.8905 110.4505   6.00   -inf  -nan   6   7  13   5 164.88
    7   2018 03 21 06:20:14.929    22814.929  0.4036 31.0105 110.4605   0.00   -inf  -nan   5  11  16   5  84.67
    8   2018 03 21 06:25:36.844    23136.844  0.3423 31.1805 110.3805   0.00   -inf  -nan   7   6  13   2 168.47
    9   2018 03 21 06:36:43.552    23803.552  0.3987 31.1705 110.3905   0.00   -inf  -nan   8   6  14   4 187.53
   10   2018 03 21 07:31:32.024    27092.024  0.2265 30.8505 111.1305   4.00   -inf  -nan  10   4  14   4 210.75
   11   2018 03 21 08:00:52.928    28852.928  0.2918 30.7405 110.8505   8.00   -inf  -nan   5   2   7   1 190.10
   12   2018 03 21 09:11:24.734    33084.734  0.2243 30.8505 111.1305   4.00   -inf  -nan   7   4  11   4 210.75
   13   2018 03 21 09:12:16.854    33136.854  0.1589 30.8505 111.1305   6.00   -inf  -nan   7   3  10   3 210.75
   14   2018 03 21 09:58:35.974    35915.974  0.1720 30.8905 111.0005   4.00   -inf  -nan   5   2   7   2 132.11
   15   2018 03 21 10:01:06.694    36066.694  0.3902 30.9705 110.3805   0.00   -inf  -nan  18   2  20   2  91.22
   16   2018 03 21 10:36:56.757    38216.757  0.3877 30.9405 110.8205   0.00   -inf  -nan   9   8  17   7 103.42
   17   2018 03 21 15:13:51.955    54831.955  0.2165 30.9305 111.2005   4.00   -inf  -nan   5   2   7   2 279.86
   18   2018 03 21 16:40:17.698    60017.698  0.2331 30.9305 110.3305   8.00   -inf  -nan   7   6  13   6 115.45
   19   2018 03 21 19:56:24.711    71784.711  0.1535 30.9305 110.7905   8.00   -inf  -nan   9   9  18   9  88.07
   20   2018 03 21 19:59:35.599    71975.599  0.2631 30.9105 110.7805   6.00   -inf  -nan   3   5   8   2 129.64
   21   2018 03 21 20:30:03.874    73803.874  0.2972 30.7905 110.7805   6.00   -inf  -nan   5   6  11   5 146.07
   22   2018 03 21 20:34:35.138    74075.138  0.2795 30.9305 110.3305  10.00   -inf  -nan   6   6  12   6 115.45
   23   2018 03 21 20:36:48.028    74208.028  0.2756 30.9305 110.3305  10.00   -inf  -nan   6   6  12   6 115.45
   24   2018 03 21 22:33:46.413    81226.413  0.3236 31.1705 110.3005   0.00   -inf  -nan  12  11  23  11 149.13
   25   2018 03 21 23:49:46.073    85786.073  0.1751 30.8505 111.1305   6.00   -inf  -nan   9   5  14   5 210.75
   26   2018 03 21 23:50:21.467    85821.467  0.1757 30.8505 111.1305   6.00   -inf  -nan  12   5  17   5 210.25
    1   2018 03 22 00:06:48.259      408.259  0.2790 31.1405 110.4505   2.00   -inf  -nan   4   4   8   1 181.88
    2   2018 03 22 00:47:18.136     2838.136  0.1826 30.8505 111.1305   6.00   -inf  -nan  10   4  14   4 210.25
    3   2018 03 22 00:48:09.882     2889.882  0.2501 30.8205 111.1705   4.00   -inf  -nan   5   3   8   3 245.81
    4   2018 03 22 03:47:53.825    13673.825  0.3919 31.2205 110.0505   0.00   -inf  -nan  11   8  19   7 289.11
    5   2018 03 22 04:01:58.859    14518.859  0.3681 31.2205 110.0505   0.00   -inf  -nan   9   6  15   6 289.11
    6   2018 03 22 04:04:07.939    14647.939  0.3789 31.1305 110.3805   0.00   -inf  -nan  10   6  16   3 207.10
    7   2018 03 22 04:29:15.252    16155.252  0.2841 31.0205 110.5405   0.00   -inf  -nan  11   2  13   1  83.16
    8   2018 03 22 04:37:38.645    16658.645  0.2403 31.0905 110.2605   0.00   -inf  -nan   3   3   6   2 216.07
    9   2018 03 22 05:15:04.186    18904.186  0.3601 31.0005 110.0105   0.00   -inf  -nan  12  12  24   9 277.68
   10   2018 03 22 07:20:51.524    26451.524  0.3007 30.9805 110.7805   0.00   -inf  -nan  12   7  19   7  63.69
   11   2018 03 22 07:22:23.062    26543.062  0.3231 30.9905 110.8005   0.00   -inf  -nan  13   5  18   4  67.62
   12   2018 03 22 08:04:08.525    29048.525  0.3422 30.9805 110.4005   0.00   -inf  -nan  13   4  17   3  82.74
   13   2018 03 22 08:59:54.260    32394.260  0.2069 30.7305 110.8405   6.00   -inf  -nan   9   4  13   4 195.65
   14   2018 03 22 09:11:11.299    33071.299  0.2130 30.8505 111.1305   4.00   -inf  -nan   9   6  15   5 210.75
   15   2018 03 22 10:22:24.732    37344.732  0.1689 30.8505 111.1305   4.00   -inf  -nan   9   4  13   4 210.25
   16   2018 03 22 10:23:42.854    37422.854  0.3721 30.8105 111.1705   6.00   -inf  -nan  13   8  21   8 242.73
   17   2018 03 22 16:37:26.691    59846.691  0.1687 30.9305 111.1705   0.00   -inf  -nan   4   2   6   2 146.89
   18   2018 03 22 19:52:09.122    71529.122  0.2682 30.9305 110.3305  10.00   -inf  -nan   5   6  11   5 115.45
   19   2018 03 22 21:49:17.514    78557.514  0.3096 30.9705 111.2105   0.00   -inf  -nan   5   2   7   2 260.90
   20   2018 03 22 23:09:06.384    83346.384  0.3257 31.1305 110.3005   0.00   -inf  -nan   8   7  15   4 131.46
   21   2018 03 22 23:29:54.430    84594.430  0.2502 30.8905 110.7605   8.00   -inf  -nan   3   3   6   3 151.10
    1   2018 03 23 00:01:07.701       67.701  0.1513 30.8505 111.1305   6.00   -inf  -nan   8   4  12   4 210.25
    2   2018 03 23 02:17:41.376     8261.376  0.1551 30.8505 111.1305   6.00   -inf  -nan   6   3   9   3 210.75
    3   2018 03 23 02:18:30.246     8310.246  0.1101 30.8505 111.1305   6.00   -inf  -nan   5   3   8   3 210.75
    4   2018 03 23 02:24:07.834     8647.834  0.2870 30.9505 110.8005  10.00   -inf  -nan   6   6  12   6 193.70
    5   2018 03 23 03:42:50.848    13370.848  0.3137 30.9305 110.3305   2.00   -inf  -nan   8   3  11   3 115.45
    6   2018 03 23 06:44:13.316    24253.316  0.1724 30.8505 111.1305   6.00   -inf  -nan   8   5  13   5 210.75
    7   2018 03 23 06:45:13.229    24313.229  0.3482 31.0605 110.4405   6.00   -inf  -nan   4   2   6   1 113.97
    8   2018 03 23 06:49:30.096    24570.096  0.3073 31.0605 110.4405   6.00   -inf  -nan   5   2   7   2 238.36
    9   2018 03 23 07:16:44.554    26204.554  0.3047 30.9605 109.9705  12.00   -inf  -nan   5   4   9   3 295.22
   10   2018 03 23 09:01:46.692    32506.692  0.2132 30.8505 111.1605   6.00   -inf  -nan   8   6  14   6 225.53
   11   2018 03 23 09:02:47.289    32567.289  0.2592 30.8505 111.1305   4.00   -inf  -nan  12   6  18   6 210.25
   12   2018 03 23 12:16:44.594    44204.594  0.1819 30.8905 111.0105   4.00   -inf  -nan   7   2   9   2  93.56
   13   2018 03 23 21:13:26.549    76406.549  0.3915 31.0605 110.4405   6.00   -inf  -nan   8   9  17   6 170.49
   14   2018 03 23 21:31:28.053    77488.053  0.3358 30.7905 110.7805   8.00   -inf  -nan   5   5  10   4 146.07
   15   2018 03 23 21:40:50.249    78050.249  0.2597 31.0605 110.2005   2.00   -inf  -nan   3   2   5   1 172.35
    1   2018 03 24 00:13:44.259      824.259  0.1893 30.8505 111.1305   6.00   -inf  -nan   9   5  14   5 210.75
    2   2018 03 24 00:14:16.889      856.889  0.1238 30.8505 111.1305   6.00   -inf  -nan   6   2   8   2 210.75
    3   2018 03 24 00:36:03.878     2163.878  0.3849 31.0605 110.4405   8.00   -inf  -nan   6   8  14   5 108.13
    4   2018 03 24 00:41:38.724     2498.724  0.2260 30.9405 111.1905   2.00   -inf  -nan   3   2   5   1 200.27
    5   2018 03 24 00:58:18.827     3498.827  0.3071 30.8305 111.0205  20.00   -inf  -nan   5   2   7   2 165.10
    6   2018 03 24 01:32:34.508     5554.508  0.1937 30.8505 111.1305   6.00   -inf  -nan   8   4  12   4 210.25
    7   2018 03 24 01:33:19.978     5599.978  0.2182 30.8505 111.1305   6.00   -inf  -nan   6   4  10   4 210.75
    8   2018 03 24 03:57:35.380    14255.380  0.3774 31.0905 110.4605   0.00   -inf  -nan   7   3  10   2 173.78
    9   2018 03 24 04:49:34.243    17374.243  0.2982 30.9405 110.7605   8.00   -inf  -nan  16  17  33  14  64.29
   10   2018 03 24 05:56:56.910    21416.910  0.2965 30.9905 110.4805   0.00   -inf  -nan  13   2  15   2  75.32
   11   2018 03 24 07:28:08.790    26888.790  0.3509 30.7405 110.9705  10.00   -inf  -nan   7   3  10   2 251.56
   12   2018 03 24 08:25:33.308    30333.308  0.1254 30.8505 111.1305   6.00   -inf  -nan  10   5  15   5 210.25
   13   2018 03 24 09:38:10.509    34690.509  0.4827 31.0005 110.4105  20.00   -inf  -nan   5   4   9   4 188.74
   14   2018 03 24 09:59:18.831    35958.831  0.2464 30.8505 111.1305   4.00   -inf  -nan  15   3  18   3 210.25
   15   2018 03 24 12:07:51.876    43671.876  0.4189 31.0605 110.4405   0.00   -inf  -nan   6   7  13   5 128.37
   16   2018 03 24 15:23:29.634    55409.634  0.2574 31.0905 110.4205   6.00   -inf  -nan   9   9  18   8 118.85
   17   2018 03 24 16:00:08.125    57608.125  0.3288 30.9305 111.2005   4.00   -inf  -nan   4   3   7   2 279.86
   18   2018 03 24 16:33:10.364    59590.364  0.2136 30.9505 110.7605  12.00   -inf  -nan   6   7  13   6 104.62
   19   2018 03 24 17:49:19.049    64159.049  0.1875 31.0505 110.1505   6.00   -inf  -nan   4   4   8   4 277.77
    1   2018 03 25 00:05:09.743      309.743  0.1884 30.8505 111.1305   6.00   -inf  -nan  11   4  15   4 210.25
    2   2018 03 25 00:05:56.017      356.017  0.2318 30.8505 111.1305   4.00   -inf  -nan  13   6  19   6 210.25
    3   2018 03 25 01:23:12.420     4992.420  0.1839 30.8505 111.1305   6.00   -inf  -nan  10   6  16   6 210.75
    4   2018 03 25 01:23:52.840     5032.840  0.3584 30.8205 111.1705  10.00   -inf  -nan  10   4  14   4 240.25
    5   2018 03 25 01:39:17.793     5957.793  0.2898 31.0505 110.1105   4.00   -inf  -nan   5   4   9   3 314.51
    6   2018 03 25 02:26:58.653     8818.653  0.3345 30.9405 110.7805  10.00   -inf  -nan   7   7  14   6  92.21
    7   2018 03 25 02:49:52.302    10192.302  0.4034 31.0205 110.4505   8.00   -inf  -nan  17  12  29  12  88.98
    8   2018 03 25 03:44:20.878    13460.878  0.2749 30.8905 111.0005   8.00   -inf  -nan   5   3   8   3 180.44
    9   2018 03 25 06:12:15.449    22335.449  0.2773 31.0205 110.4405   0.00   -inf  -nan   8   4  12   3 142.48
   10   2018 03 25 06:22:48.235    22968.235  0.3573 31.0205 110.4405   2.00   -inf  -nan   9   2  11   1 142.48
   11   2018 03 25 09:22:58.089    33778.089  0.3663 30.9105 110.7405   0.00   -inf  -nan  15   8  23   8  82.95
   12   2018 03 25 09:42:24.383    34944.383  0.3726 31.0105 110.7105   6.00   -inf  -nan  10  10  20   7  74.39
   13   2018 03 25 09:55:09.461    35709.461  0.1727 30.8505 111.1305   6.00   -inf  -nan  13   4  17   4 210.25
   14   2018 03 25 09:56:19.702    35779.702  0.1904 30.8505 111.1305   6.00   -inf  -nan  10   5  15   5 210.25
   15   2018 03 25 11:31:33.195    41493.195  0.2669 30.9505 110.5205   0.00   -inf  -nan   5   2   7   2 144.72
   16   2018 03 25 14:59:03.323    53943.323  0.3243 31.0905 110.4205   8.00   -inf  -nan  16  12  28  11 118.85
   17   2018 03 25 20:22:14.883    73334.883  0.3836 31.0605 110.5705   2.00   -inf  -nan   6   2   8   2 124.03
   18   2018 03 25 21:08:02.021    76082.021  0.2677 31.0105 110.7305   8.00   -inf  -nan   7   6  13   4  79.59
   19   2018 03 25 21:26:03.622    77163.622  0.2267 31.1005 110.4405   0.00   -inf  -nan   3   3   6   2 200.33
   20   2018 03 25 23:55:22.891    86122.891  0.1570 30.8505 111.1305   6.00   -inf  -nan   9   6  15   6 210.75
   21   2018 03 25 23:56:11.750    86171.750  0.1678 30.8505 111.1305   6.00   -inf  -nan  10   4  14   4 210.25
    1   2018 03 26 03:20:23.435    12023.435  0.2484 30.9005 110.7805   8.00   -inf  -nan  13  12  25  12  79.34
    2   2018 03 26 03:45:49.534    13549.534  0.3140 31.1705 110.3405   0.00   -inf  -nan  11   5  16   4 233.46
    3   2018 03 26 04:17:46.627    15466.627  0.3151 31.0105 110.5505   0.00   -inf  -nan   8   2  10   2 109.02
    4   2018 03 26 04:50:25.194    17425.194  0.2373 30.8605 110.7405   4.00   -inf  -nan   6   3   9   3  99.04
    5   2018 03 26 04:57:13.125    17833.125  0.3557 30.7505 110.7405  14.00   -inf  -nan   3   3   6   2 206.72
    6   2018 03 26 05:16:00.059    18960.059  0.3749 30.9805 110.4005   2.00   -inf  -nan  11   5  16   4  82.74
    7   2018 03 26 05:52:38.191    21158.191  0.3036 31.0605 110.7405   6.00   -inf  -nan   4   3   7   2 243.53
    8   2018 03 26 06:59:44.156    25184.156  0.3190 31.0105 110.7105  10.00   -inf  -nan   8  11  19   6  74.39
    9   2018 03 26 07:42:34.483    27754.483  0.1283 30.8505 111.1305   6.00   -inf  -nan   8   4  12   3 210.75
   10   2018 03 26 07:43:21.678    27801.678  0.1373 30.8505 111.1305   6.00   -inf  -nan  11   5  16   5 210.75
   11   2018 03 26 07:45:59.443    27959.443  0.1938 30.8605 111.1305   6.00   -inf  -nan   7   5  12   5 204.21
   12   2018 03 26 07:47:11.759    28031.759  0.2420 30.8505 111.1605   6.00   -inf  -nan   4   4   8   4 227.22
   13   2018 03 26 09:10:39.756    33039.756  0.1793 30.8905 111.0405   6.00   -inf  -nan   7   4  11   4  98.74
   14   2018 03 26 10:28:38.360    37718.360  0.2346 30.8505 111.1205   6.00   -inf  -nan  12   6  18   6 205.95
   15   2018 03 26 11:01:45.247    39705.247  0.1396 31.0205 110.7105   8.00   -inf  -nan   3   2   5   2 155.90
   16   2018 03 26 15:56:47.506    57407.506  0.2579 31.0105 110.7105  10.00   -inf  -nan   9   8  17   7 129.13
   17   2018 03 26 18:05:56.041    65156.041  0.3418 31.0505 110.4305   8.00   -inf  -nan   4   4   8   2 122.26
   18   2018 03 26 23:38:01.386    85081.386  0.2820 30.8505 111.1305   6.00   -inf  -nan  12   8  20   8 210.25
   19   2018 03 26 23:39:20.262    85160.262  0.2731 30.8505 111.1605   8.00   -inf  -nan  12   4  16   3 225.53
   20   2018 03 26 23:58:22.677    86302.677  0.1330 30.8505 111.1305   6.00   -inf  -nan   7   4  11   4 210.75
    1   2018 03 27 00:45:46.013     2746.013  0.2170 30.8905 110.7605   0.00   -inf  -nan   3   2   5   2 151.10
    2   2018 03 27 01:38:58.176     5938.176  0.2248 30.9605 110.0105  10.00   -inf  -nan   4   3   7   3 287.09
    3   2018 03 27 03:49:00.940    13740.940  0.3024 31.2205 110.0505   4.00   -inf  -nan  10   6  16   6 289.11
    4   2018 03 27 04:00:12.849    14412.849  0.3497 30.9105 110.7405   0.00   -inf  -nan  14   8  22   8  82.95
    5   2018 03 27 04:06:31.759    14791.759  0.4085 30.9705 110.3705   6.00   -inf  -nan  12   2  14   2  88.31
    6   2018 03 27 04:08:59.494    14939.494  0.2096 30.8505 111.1305   6.00   -inf  -nan  12   6  18   6 210.25
    7   2018 03 27 04:20:09.538    15609.538  0.4162 30.9705 110.3705   4.00   -inf  -nan  12  10  22   7  88.31
    8   2018 03 27 06:16:09.852    22569.852  0.2045 30.9405 110.4005   0.00   -inf  -nan   3   2   5   2 285.71
    9   2018 03 27 06:39:09.174    23949.174  0.2822 30.7005 110.9705   0.00   -inf  -nan   6   2   8   2 238.03
   10   2018 03 27 07:02:11.947    25331.947  0.3232 31.0205 110.4405   0.00   -inf  -nan   9   9  18   5 106.55
   11   2018 03 27 07:09:38.207    25778.207  0.2460 30.7005 110.9305   2.00   -inf  -nan   3   3   6   2 230.56
   12   2018 03 27 07:16:25.188    26185.188  0.1412 30.8505 111.1305   6.00   -inf  -nan   7   7  14   5 210.75
   13   2018 03 27 07:43:39.141    27819.141  0.2696 30.8505 111.1305   6.00   -inf  -nan   7   5  12   4 210.25
   14   2018 03 27 07:45:12.712    27912.712  0.1868 30.8505 111.1305   6.00   -inf  -nan   9   3  12   3 210.75
   15   2018 03 27 07:46:33.472    27993.472  0.3725 30.8205 110.9505   2.00   -inf  -nan  12   5  17   5 127.33
   16   2018 03 27 08:30:48.340    30648.340  0.2897 31.0205 110.4605   0.00   -inf  -nan   9   3  12   1  90.43
   17   2018 03 27 08:50:57.676    31857.676  0.3340 30.7805 110.9305   4.00   -inf  -nan  10   3  13   3 157.56
   18   2018 03 27 09:06:12.392    32772.392  0.2874 30.8505 111.3605   6.00   -inf  -nan   9   3  12   3 318.62
   19   2018 03 27 09:41:03.928    34863.928  0.2977 30.8905 111.0805   6.00   -inf  -nan   4   2   6   2 159.48
   20   2018 03 27 09:56:07.214    35767.214  0.3748 31.1305 110.0305   4.00   -inf  -nan  12   5  17   4 269.61
   21   2018 03 27 11:33:44.490    41624.490  0.1595 30.8905 111.0105   4.00   -inf  -nan   6   2   8   2  93.56
   22   2018 03 27 12:43:57.804    45837.804  0.2583 31.1805 110.5805   0.00   -inf  -nan   7   2   9   1 210.35
   23   2018 03 27 16:06:46.965    58006.965  0.3442 30.8505 110.4805   0.00   -inf  -nan   8   8  16   5 194.29
   24   2018 03 27 16:36:18.343    59778.343  0.3469 31.1705 110.2305   6.00   -inf  -nan   5   2   7   2 163.50
   25   2018 03 27 17:10:01.016    61801.016  0.1921 30.6705 110.9405   8.00   -inf  -nan   9   6  15   6 241.93
   26   2018 03 27 23:42:59.131    85379.131  0.1840 30.8505 111.1305   6.00   -inf  -nan  12   6  18   6 210.25
   27   2018 03 27 23:44:46.656    85486.656  0.2257 30.8505 111.1305   4.00   -inf  -nan  13   9  22   9 210.25
   28   2018 03 27 23:45:32.632    85532.632  0.2982 30.8505 111.1305   4.00   -inf  -nan   9   5  14   3 210.25
    1   2018 03 28 02:52:13.377    10333.377  0.2695 30.9605 109.9705   8.00   -inf  -nan   4   2   6   2 295.22
    2   2018 03 28 03:14:07.026    11647.026  0.4746 31.1305 110.3805   0.00   -inf  -nan  10   7  17   6 224.51
    3   2018 03 28 03:30:23.630    12623.630  0.2176 30.9705 110.8405   2.00   -inf  -nan   4   2   6   1 181.46
    4   2018 03 28 03:43:43.174    13423.174  0.3998 31.0605 110.4405   8.00   -inf  -nan   3   7  10   2 113.97
    5   2018 03 28 04:47:50.674    17270.674  0.1499 30.8905 111.0005   4.00   -inf  -nan   4   2   6   2 216.34
    6   2018 03 28 05:48:47.113    20927.113  0.1790 30.7405 110.8505   8.00   -inf  -nan   6   3   9   2 190.10
    7   2018 03 28 06:18:39.640    22719.640  0.3531 31.2105 110.3505   2.00   -inf  -nan   6   4  10   2 267.56
    8   2018 03 28 07:23:16.320    26596.320  0.1722 30.8505 111.1305   4.00   -inf  -nan   7   3  10   3 210.25
    9   2018 03 28 07:24:34.643    26674.643  0.2171 30.8505 111.1305   6.00   -inf  -nan   6   4  10   4 210.75
   10   2018 03 28 08:26:16.948    30376.948  0.1001 31.0905 110.2705  20.00   -inf  -nan   3   2   5   2 228.80
   11   2018 03 28 08:26:51.625    30411.625  0.2434 30.9405 110.4805   8.00   -inf  -nan   3   3   6   2 232.49
   12   2018 03 28 08:28:26.126    30506.126  0.2752 30.8505 111.1305   6.00   -inf  -nan  15   7  22   7 210.25
   13   2018 03 28 09:34:35.732    34475.732  0.1704 30.7805 110.7705  10.00   -inf  -nan   7   9  16   6 110.23
   14   2018 03 28 10:39:47.380    38387.380  0.2339 30.9405 110.0105  12.00   -inf  -nan   6   2   8   1 293.10
   15   2018 03 28 11:52:48.727    42768.727  0.4943 31.1405 110.6105  20.00   -inf  -nan   3   3   6   1 203.95
   16   2018 03 28 13:45:58.208    49558.208  0.2504 31.0305 110.7205  10.00   -inf  -nan  19  16  35  16  83.71
   17   2018 03 28 14:32:26.406    52346.406  0.2665 31.0105 110.7105  10.00   -inf  -nan   6   6  12   3  88.49
   18   2018 03 28 15:07:46.848    54466.848  0.0752 31.0105 110.3105   0.00   -inf  -nan   3   2   5   2 228.55
   19   2018 03 28 15:12:01.709    54721.709  0.2874 31.0905 110.1105   4.00   -inf  -nan   7   4  11   3 277.12
   20   2018 03 28 17:03:29.284    61409.284  0.3535 31.0905 110.2305   0.00   -inf  -nan   4   3   7   2 155.26
   21   2018 03 28 18:03:34.953    65014.953  0.2725 30.8905 110.7605  10.00   -inf  -nan  15  16  31  13  86.43
   22   2018 03 28 18:59:11.240    68351.240  0.0953 30.8905 110.7605   6.00   -inf  -nan   3   2   5   2 208.90
   23   2018 03 28 19:27:48.141    70068.141  0.3288 30.9005 110.7605   8.00   -inf  -nan  10  13  23   9  84.40
   24   2018 03 28 20:07:43.222    72463.222  0.2947 30.9405 110.7605  10.00   -inf  -nan  19  18  37  17  64.29
   25   2018 03 28 20:51:36.629    75096.629  0.3068 30.9405 110.7805  12.00   -inf  -nan   9   9  18   8  92.21
   26   2018 03 28 22:15:06.393    80106.393  0.1748 30.9405 110.7605  10.00   -inf  -nan   6   8  14   5  89.30
   27   2018 03 28 22:43:23.027    81803.027  0.2422 30.9405 110.7805  10.00   -inf  -nan   5   7  12   4 120.33
   28   2018 03 28 22:43:42.267    81822.267  0.1463 30.9405 110.7805   8.00   -inf  -nan   7   7  14   6 118.14
   29   2018 03 28 23:02:42.065    82962.065  0.1224 30.9405 110.7805   8.00   -inf  -nan   8   6  14   6 118.14
   30   2018 03 28 23:05:09.127    83109.127  0.1230 30.9405 110.7805   8.00   -inf  -nan   6   4  10   2  92.21
   31   2018 03 28 23:38:59.250    85139.250  0.1224 30.9405 110.7805   6.00   -inf  -nan   4   4   8   2 118.14
   32   2018 03 28 23:43:54.327    85434.327  0.1494 30.8505 111.1305   6.00   -inf  -nan   8   4  12   4 210.25
   33   2018 03 28 23:45:19.113    85519.113  0.2327 30.8505 111.1305   6.00   -inf  -nan  12   4  16   4 210.25
    1   2018 03 29 00:09:36.368      576.368  0.1424 30.9405 110.7805  10.00   -inf  -nan   3   3   6   1 292.94
    2   2018 03 29 00:53:21.569     3201.569  0.2678 30.9405 110.7805  10.00   -inf  -nan  11  11  22  10  92.21
    3   2018 03 29 01:01:04.835     3664.835  0.3374 30.8105 111.1705   4.00   -inf  -nan  14   6  20   5 242.73
    4   2018 03 29 01:22:14.985     4934.985  0.3218 31.0305 110.4405   0.00   -inf  -nan   5   8  13   5  92.86
    5   2018 03 29 02:48:31.291    10111.291  0.2822 30.9405 110.7605  10.00   -inf  -nan  11  11  22  10  77.94
    6   2018 03 29 03:39:46.814    13186.814  0.3647 30.9805 110.3805   0.00   -inf  -nan  11   5  16   3  81.13
    7   2018 03 29 03:55:14.122    14114.122  0.2342 30.9605 110.0105  10.00   -inf  -nan   6   2   8   2 287.09
    8   2018 03 29 07:34:49.040    27289.040  0.3790 30.7105 110.8605   4.00   -inf  -nan   9   4  13   4 214.79
    9   2018 03 29 12:46:23.501    45983.501  0.3717 31.1705 110.5505  10.00   -inf  -nan   3   2   5   1 292.59
   10   2018 03 29 12:49:37.017    46177.017  0.1280 30.9405 110.7705  10.00   -inf  -nan   8   7  15   5  85.99
   11   2018 03 29 16:46:35.297    60395.297  0.1134 30.9405 110.7605  10.00   -inf  -nan   3   3   6   3 161.80
   12   2018 03 29 19:15:42.632    69342.632  0.2985 30.9405 110.7805  10.00   -inf  -nan  15  14  29  14  92.21
   13   2018 03 29 20:06:09.481    72369.481  0.1607 30.9005 110.5605   4.00   -inf  -nan   3   3   6   3 179.22
   14   2018 03 29 21:32:55.198    77575.198  0.2312 30.9405 110.7805   8.00   -inf  -nan   7   8  15   6  92.21
   15   2018 03 29 23:07:17.783    83237.783  0.3406 31.0205 110.3005   8.00   -inf  -nan   8   8  16   6  95.83
    1   2018 03 30 00:31:22.908     1882.908  0.1445 31.0805 110.1305   4.00   -inf  -nan   3   4   7   2 280.70
    2   2018 03 30 02:46:24.518     9984.518  0.1663 30.9405 110.7805   8.00   -inf  -nan   5   3   8   1  92.21
    3   2018 03 30 02:59:40.123    10780.123  0.2483 30.9405 110.7805  10.00   -inf  -nan   7   7  14   5  92.21
    4   2018 03 30 03:27:13.735    12433.735  0.2759 30.7305 111.0405   4.00   -inf  -nan   3   2   5   2 277.70
    5   2018 03 30 04:12:19.802    15139.802  0.2534 30.7005 111.0105   6.00   -inf  -nan   3   2   5   1 294.13
    6   2018 03 30 04:20:08.318    15608.318  0.1078 30.8705 111.0605   8.00   -inf  -nan   5   3   8   2 155.55
    7   2018 03 30 07:15:41.418    26141.418  0.3285 31.0205 110.4605   0.00   -inf  -nan  13  13  26   9  90.43
    8   2018 03 30 07:23:38.040    26618.040  0.3719 30.8905 111.0805   8.00   -inf  -nan   5   4   9   3 102.64
    9   2018 03 30 07:50:35.652    28235.652  0.1892 30.8505 111.1305   6.00   -inf  -nan  15   8  23   8 210.25
   10   2018 03 30 10:09:16.241    36556.241  0.2068 30.8505 111.1305   6.00   -inf  -nan  11   4  15   4 210.25
   11   2018 03 30 10:10:11.809    36611.809  0.1716 30.8505 111.1605   6.00   -inf  -nan   9   4  13   4 225.53
   12   2018 03 30 12:48:48.821    46128.821  0.2169 31.0805 110.1705   0.00   -inf  -nan   5   6  11   5 254.55
   13   2018 03 30 12:52:03.464    46323.464  0.1429 31.0805 110.1705   2.00   -inf  -nan   4   5   9   2 193.55
   14   2018 03 30 14:11:13.645    51073.645  0.2537 30.9805 110.7805   0.00   -inf  -nan   5   5  10   5 228.98
   15   2018 03 30 14:20:06.172    51606.172  0.3191 30.8505 110.8005   8.00   -inf  -nan  11  10  21   9  78.11
   16   2018 03 30 15:46:18.031    56778.031  0.2573 31.0505 110.4305  12.00   -inf  -nan   3   3   6   1 110.61
   17   2018 03 30 16:41:30.058    60090.058  0.3872 31.0505 110.4705  10.00   -inf  -nan   6   6  12   5 113.45
   18   2018 03 30 17:43:19.530    63799.530  0.3263 31.1705 110.5105   0.00   -inf  -nan   5   2   7   2 171.89
   19   2018 03 30 18:34:59.518    66899.518  0.1802 31.0605 110.2905   8.00   -inf  -nan   3   2   5   2 239.91
   20   2018 03 30 19:49:26.106    71366.106  0.3245 31.2505 110.5505   2.00   -inf  -nan   4   2   6   2 308.38
   21   2018 03 30 20:26:31.129    73591.129  0.1233 31.0605 110.4405   6.00   -inf  -nan   4   3   7   3 256.49
   22   2018 03 30 23:54:59.281    86099.281  0.2461 30.8505 111.1305   6.00   -inf  -nan  14   8  22   7 210.25
    1   2018 03 31 00:55:01.060     3301.060  0.3369 31.0905 110.1505   8.00   -inf  -nan  13  11  24  10 207.20
    2   2018 03 31 02:15:52.240     8152.240  0.3300 30.9805 110.4005   0.00   -inf  -nan   8   5  13   4  82.74
    3   2018 03 31 02:36:32.849     9392.849  0.2003 30.8505 111.1205   6.00   -inf  -nan   4   2   6   2 205.95
    4   2018 03 31 02:52:14.018    10334.018  0.2153 30.8905 111.3605   6.00   -inf  -nan  10   4  14   4 315.72
    5   2018 03 31 02:55:43.052    10543.052  0.3125 30.8205 111.1705   6.00   -inf  -nan  10   5  15   5 245.81
    6   2018 03 31 02:56:51.196    10611.196  0.1774 30.8505 111.1305   6.00   -inf  -nan   8   3  11   3 210.75
    7   2018 03 31 03:39:46.624    13186.624  0.4078 30.7805 110.9305   4.00   -inf  -nan   5   5  10   3 157.56
    8   2018 03 31 04:35:49.838    16549.838  0.3446 31.0905 110.1905   2.00   -inf  -nan   7   9  16   5 181.48
    9   2018 03 31 07:05:33.930    25533.930  0.3602 30.9605 110.0105  12.00   -inf  -nan   8   6  14   5 315.59
   10   2018 03 31 08:21:59.301    30119.301  0.4353 30.7805 110.9305   4.00   -inf  -nan   8   7  15   6 192.08
   11   2018 03 31 08:59:52.229    32392.229  0.2811 30.8405 110.0905   0.00   -inf  -nan  12   8  20   8 271.94
   12   2018 03 31 09:54:46.380    35686.380  0.2730 31.0905 110.1505   0.00   -inf  -nan   3   3   6   3 207.20
   13   2018 03 31 10:02:38.685    36158.685  0.1392 30.8505 111.1305   6.00   -inf  -nan  12   6  18   6 210.25
   14   2018 03 31 21:10:04.693    76204.693  0.2920 30.9405 110.7805  10.00   -inf  -nan   6   6  12   4 110.23
   15   2018 03 31 23:40:25.186    85225.186  0.1891 30.8505 111.1305   6.00   -inf  -nan  12   5  17   5 210.25
   16   2018 03 31 23:41:32.866    85292.866  0.1504 30.8505 111.1305   6.00   -inf  -nan   8   4  12   4 210.25
   17   2018 03 31 23:55:46.485    86146.485  0.2266 30.8505 111.1305   6.00   -inf  -nan  15   9  24   9 210.25
    1   2018 04 01 02:38:05.203     9485.203  0.2017 30.9305 111.1705   0.00   -inf  -nan   3   2   5   2 196.56
    2   2018 04 01 03:07:43.987    11263.987  0.2712 30.9605 109.9705  10.00   -inf  -nan   7   5  12   5 295.22
    3   2018 04 01 03:30:26.527    12626.527  0.3121 31.2805 110.8605   0.00   -inf  -nan  10   9  19   7 259.29
    4   2018 04 01 03:54:52.751    14092.751  0.2764 30.7905 110.9405   4.00   -inf  -nan   8   3  11   3 155.53
    5   2018 04 01 07:20:54.855    26454.855  0.1263 30.8505 111.1305   6.00   -inf  -nan   8   5  13   4 210.75
    6   2018 04 01 07:49:05.691    28145.691  0.1893 30.8505 111.1305   6.00   -inf  -nan   7   3  10   3 210.75
    7   2018 04 01 07:49:41.298    28181.298  0.2001 30.8505 111.1305   6.00   -inf  -nan   7   4  11   4 210.75
    8   2018 04 01 09:17:24.723    33444.723  0.2798 30.8905 111.0405   4.00   -inf  -nan  10   5  15   5  98.74
    9   2018 04 01 11:06:08.455    39968.455  0.3633 31.0205 110.4605   0.00   -inf  -nan   9  10  19   5  90.43
   10   2018 04 01 11:18:43.057    40723.057  0.4036 31.0205 110.4605   0.00   -inf  -nan   9   4  13   4 139.70
   11   2018 04 01 13:44:09.107    49449.107  0.1708 30.9305 111.1705   0.00   -inf  -nan   4   2   6   2 146.89
   12   2018 04 01 16:40:46.641    60046.641  0.1339 30.6905 110.6405   4.00   -inf  -nan   4   4   8   2 222.11
   13   2018 04 01 18:54:34.155    68074.155  0.3014 31.0805 110.8205  10.00   -inf  -nan  14  13  27   9 124.12
   14   2018 04 01 19:16:45.670    69405.670  0.3080 31.0805 110.8205   8.00   -inf  -nan   6   6  12   5 124.12
   15   2018 04 01 20:36:59.484    74219.484  0.2097 31.0805 110.8205  10.00   -inf  -nan  12   7  19   6 124.12
   16   2018 04 01 20:57:58.770    75478.770  0.4328 31.0605 110.8205   0.00   -inf  -nan   3   4   7   2 130.43
   17   2018 04 01 22:37:18.155    81438.155  0.4331 31.0605 110.8205   0.00   -inf  -nan   3   3   6   3 200.71
   18   2018 04 01 23:31:18.563    84678.563  0.1929 30.8505 111.1305   6.00   -inf  -nan  10   6  16   5 210.25
    1   2018 04 02 01:48:28.798     6508.798  0.1840 30.8505 111.1305   6.00   -inf  -nan  12   4  16   4 210.25
    2   2018 04 02 01:49:22.346     6562.346  0.1221 30.8505 111.1305   6.00   -inf  -nan   9   3  12   3 210.75
    3   2018 04 02 03:20:01.481    12001.481  0.2323 30.8705 111.0605   6.00   -inf  -nan   5   2   7   2 133.23
    4   2018 04 02 03:25:11.482    12311.482  0.2315 31.2205 110.0905   0.00   -inf  -nan   3   2   5   1 283.12
    5   2018 04 02 04:05:25.417    14725.417  0.3040 31.0805 110.8205  10.00   -inf  -nan  17  17  34  15 124.12
    6   2018 04 02 04:05:45.654    14745.654  0.3431 31.0605 110.8005   2.00   -inf  -nan   3   4   7   1 198.51
    7   2018 04 02 04:06:22.049    14782.049  0.2088 31.0605 110.8205   0.00   -inf  -nan   4   6  10   4 204.10
    8   2018 04 02 04:07:20.142    14840.142  0.2962 31.0805 110.8205  10.00   -inf  -nan  16  17  33  15 124.12
    9   2018 04 02 04:07:33.376    14853.376  0.2485 31.0805 110.8205   8.00   -inf  -nan   5   3   8   3 124.12
   10   2018 04 02 04:08:18.719    14898.719  0.2543 31.0805 110.8205   8.00   -inf  -nan   9   3  12   3 124.12
   11   2018 04 02 04:08:37.810    14917.810  0.3449 31.0605 110.7905   8.00   -inf  -nan  12   9  21   9  95.43
   12   2018 04 02 04:09:03.282    14943.282  0.2608 31.0805 110.8205   8.00   -inf  -nan   5   4   9   4 124.12
   13   2018 04 02 04:09:27.667    14967.667  0.2316 31.0805 110.8205  10.00   -inf  -nan  16   5  21   5 124.12
   14   2018 04 02 04:10:25.193    15025.193  0.4530 31.0805 110.8205   2.00   -inf  -nan   4   3   7   2 124.12
   15   2018 04 02 04:11:36.620    15096.620  0.2969 31.0805 110.8205   8.00   -inf  -nan  13  11  24   9 124.12
   16   2018 04 02 04:19:51.355    15591.355  0.3666 31.0205 110.8205   8.00   -inf  -nan   3   3   6   1 144.23
   17   2018 04 02 04:20:38.538    15638.538  0.3390 31.0605 110.8205   0.00   -inf  -nan   3   2   5   1 171.89
   18   2018 04 02 04:20:54.299    15654.299  0.4003 31.0605 110.8205   4.00   -inf  -nan   3   6   9   2 109.59
   19   2018 04 02 04:23:49.137    15829.137  0.2904 30.9605 109.9705  12.00   -inf  -nan   9   3  12   3 295.22
   20   2018 04 02 04:43:01.902    16981.902  0.2323 31.0805 110.8205   8.00   -inf  -nan   8   9  17   7 158.52
   21   2018 04 02 04:44:22.276    17062.276  0.3200 31.0805 110.8205   8.00   -inf  -nan  13  13  26  11 124.12
   22   2018 04 02 05:03:48.543    18228.543  0.2891 31.0805 110.8205   8.00   -inf  -nan  12  12  24  10 124.12
   23   2018 04 02 05:27:32.970    19652.970  0.2002 30.8505 111.1305   4.00   -inf  -nan  11   8  19   8 210.75
   24   2018 04 02 06:37:27.565    23847.565  0.2569 30.7905 110.9005   0.00   -inf  -nan   6   6  12   3 173.56
   25   2018 04 02 07:18:52.408    26332.408  0.2760 30.9305 110.8005   6.00   -inf  -nan   8   7  15   7  91.38
   26   2018 04 02 08:22:46.306    30166.306  0.1824 30.8505 111.1305   6.00   -inf  -nan   9   6  15   6 210.75
   27   2018 04 02 08:23:45.986    30225.986  0.1843 30.8505 111.1305   6.00   -inf  -nan   9   4  13   4 210.75
   28   2018 04 02 08:37:22.284    31042.284  0.3160 31.0205 110.7405   8.00   -inf  -nan   6   9  15   5 139.53
   29   2018 04 02 09:08:15.366    32895.366  0.1254 30.8505 111.1305   6.00   -inf  -nan   6   4  10   4 210.75
   30   2018 04 02 09:18:08.477    33488.477  0.1618 31.2105 110.0305   0.00   -inf  -nan   4   3   7   3 313.39
   31   2018 04 02 10:31:20.515    37880.515  0.1277 30.9805 110.4405  10.00   -inf  -nan   3   2   5   2 232.46
   32   2018 04 02 17:57:10.937    64630.937  0.2208 31.0105 110.5505  12.00   -inf  -nan   5   6  11   5 105.11
   33   2018 04 02 21:48:55.251    78535.251  0.3055 31.0505 110.4605   0.00   -inf  -nan   7   8  15   5 111.60
   34   2018 04 02 23:37:19.004    85039.004  0.2867 30.8505 111.1705   2.00   -inf  -nan   9   4  13   3 233.42
   35   2018 04 02 23:38:09.008    85089.008  0.2281 30.8505 111.1305   4.00   -inf  -nan  10   6  16   5 210.75
    1   2018 04 03 03:38:04.759    13084.759  0.2213 30.8505 111.1305   4.00   -inf  -nan  13   7  20   7 210.75
    2   2018 04 03 03:47:10.006    13630.006  0.1788 30.9305 111.3605  12.00   -inf  -nan   3   3   6   3 341.14
    3   2018 04 03 03:57:29.689    14249.689  0.2894 30.7305 111.1305   0.00   -inf  -nan   3   5   8   3 269.15
    4   2018 04 03 04:12:00.335    15120.335  0.2252 30.9005 110.7205   0.00   -inf  -nan  14   8  22   7  94.62
    5   2018 04 03 04:27:20.961    16040.961  0.3803 31.2605 110.8605   0.00   -inf  -nan   9   7  16   6 246.27
    6   2018 04 03 05:26:40.571    19600.571  0.4629 31.0205 110.4405  10.00   -inf  -nan  12  10  22   8  87.12
    7   2018 04 03 05:29:17.746    19757.746  0.1304 30.8505 111.1305   6.00   -inf  -nan   7   3  10   3 210.75
    8   2018 04 03 05:29:52.519    19792.519  0.1864 30.8505 111.1305   4.00   -inf  -nan   6   2   8   2 210.75
    9   2018 04 03 08:54:35.063    32075.063  0.2287 31.0905 110.1905   4.00   -inf  -nan   3   6   9   3 264.28
   10   2018 04 03 09:35:06.206    34506.206  0.3705 30.9805 110.7805   0.00   -inf  -nan  14   6  20   6  63.69
   11   2018 04 03 09:58:52.544    35932.544  0.4118 31.0605 110.4405   8.00   -inf  -nan   5   2   7   1 168.45
   12   2018 04 03 10:20:10.663    37210.663  0.1530 30.8505 111.1305   6.00   -inf  -nan  13   7  20   6 210.25
   13   2018 04 03 10:34:24.125    38064.125  0.2610 30.7305 111.2105   2.00   -inf  -nan   7   4  11   4 315.83
   14   2018 04 03 10:37:46.489    38266.489  0.1213 30.8505 111.1305   6.00   -inf  -nan   5   2   7   2 210.75
   15   2018 04 03 10:39:03.087    38343.087  0.0989 30.8505 111.1305   6.00   -inf  -nan   4   3   7   2 284.42
   16   2018 04 03 10:39:54.914    38394.914  0.3697 30.9805 110.4005   0.00   -inf  -nan   7   5  12   5  87.50
   17   2018 04 03 11:03:03.835    39783.835  0.2984 30.8605 111.0905   6.00   -inf  -nan   7   5  12   4 128.67
   18   2018 04 03 11:16:50.029    40610.029  0.3291 30.9405 110.7805   8.00   -inf  -nan   6   5  11   5  92.21
   19   2018 04 03 11:17:59.604    40679.604  0.1654 30.8905 111.0905   8.00   -inf  -nan   3   2   5   1 188.23
   20   2018 04 03 11:19:23.211    40763.211  0.1966 30.8505 111.1305   6.00   -inf  -nan   4   3   7   2 284.42
   21   2018 04 03 15:33:29.868    56009.868  0.3263 31.0305 110.4405   8.00   -inf  -nan   5   4   9   3 149.14
   22   2018 04 03 15:41:45.701    56505.701  0.3913 31.0205 110.4405   6.00   -inf  -nan  10   8  18   8 142.48
   23   2018 04 03 18:24:42.923    66282.923  0.3018 31.0205 110.4405   4.00   -inf  -nan   7   7  14   4  87.12
   24   2018 04 03 21:54:21.913    78861.913  0.1516 31.1705 110.3105   2.00   -inf  -nan   6   2   8   1 168.79
   25   2018 04 03 22:06:23.555    79583.555  0.1538 31.0605 110.2905   8.00   -inf  -nan   3   2   5   2 239.91
    1   2018 04 04 00:52:20.441     3140.441  0.2377 30.8305 111.1405   4.00   -inf  -nan  12   8  20   8 223.39
    2   2018 04 04 02:02:19.772     7339.772  0.4034 30.8105 111.1705  10.00   -inf  -nan   8   4  12   4 249.55
    3   2018 04 04 02:03:02.798     7382.798  0.1790 30.8505 111.1305   6.00   -inf  -nan   8   5  13   5 210.75
    4   2018 04 04 02:30:24.519     9024.519  0.3229 30.8505 111.0905   8.00   -inf  -nan   7   4  11   4 170.85
    5   2018 04 04 03:42:42.428    13362.428  0.3504 30.7705 111.1705   4.00   -inf  -nan   9   4  13   3 263.48
    6   2018 04 04 06:07:36.421    22056.421  0.1980 30.8505 111.1305   6.00   -inf  -nan  11   7  18   6 210.75
    7   2018 04 04 06:46:04.046    24364.046  0.1455 30.9805 110.4805   8.00   -inf  -nan   3   2   5   2 163.93
    8   2018 04 04 08:27:57.371    30477.371  0.1204 30.8505 111.1305   6.00   -inf  -nan   8   3  11   3 210.75
    9   2018 04 04 08:29:04.096    30544.096  0.3653 30.8805 111.1405   8.00   -inf  -nan   6   3   9   3 188.95
   10   2018 04 04 09:31:16.256    34276.256  0.1991 30.8505 111.1305   4.00   -inf  -nan   8   6  14   4 210.75
   11   2018 04 04 09:51:02.535    35462.535  0.3485 31.2605 110.0105   4.00   -inf  -nan   9   6  15   5 305.26
   12   2018 04 04 13:49:06.234    49746.234  0.3358 30.9005 110.5005   0.00   -inf  -nan   5   8  13   5 172.70
   13   2018 04 04 21:04:55.638    75895.638  0.1723 30.9305 110.7605  10.00   -inf  -nan   6   5  11   4  96.54
   14   2018 04 04 23:43:14.620    85394.620  0.1905 30.8505 111.1305   4.00   -inf  -nan  10   6  16   6 210.25
   15   2018 04 04 23:47:08.599    85628.599  0.1594 30.8505 111.1305   6.00   -inf  -nan  12   3  15   3 210.25
    1   2018 04 05 04:40:54.077    16854.077  0.3301 31.0505 110.1405  10.00   -inf  -nan   5   5  10   4 259.98
    2   2018 04 05 05:02:09.104    18129.104  0.1874 30.8505 111.1305   4.00   -inf  -nan  13   7  20   7 210.25
    3   2018 04 05 06:14:23.842    22463.842  0.1712 30.8505 111.1305   6.00   -inf  -nan  11   2  13   2 210.25
    4   2018 04 05 06:15:03.281    22503.281  0.2175 30.8505 111.1305   6.00   -inf  -nan   5   2   7   2 210.75
    5   2018 04 05 06:53:42.250    24822.250  0.3386 30.9305 110.8005  10.00   -inf  -nan   3   3   6   2 171.71
    6   2018 04 05 08:17:38.721    29858.721  0.1016 30.8505 111.1305   6.00   -inf  -nan   6   5  11   4 210.75
    7   2018 04 05 09:22:52.724    33772.724  0.2070 30.7705 110.7605  12.00   -inf  -nan  10   8  18   8 109.98
    8   2018 04 05 11:07:38.350    40058.350  0.3679 31.0105 110.4205   8.00   -inf  -nan   6   6  12   6 185.90
    9   2018 04 05 11:33:25.034    41605.034  0.2437 30.9305 111.1305   6.00   -inf  -nan   3   2   5   1 200.32
   10   2018 04 05 12:29:25.315    44965.315  0.2355 30.9305 111.2005   4.00   -inf  -nan   4   3   7   3 279.86
   11   2018 04 05 13:52:47.571    49967.571  0.2889 30.8905 111.0005   4.00   -inf  -nan   7   3  10   3  91.53
   12   2018 04 05 16:17:14.980    58634.980  0.1781 30.7705 110.7605  12.00   -inf  -nan   6   6  12   5 124.90
   13   2018 04 05 20:18:19.324    73099.324  0.1789 31.0205 110.4605   6.00   -inf  -nan   5   2   7   2 181.22
   14   2018 04 05 21:24:08.497    77048.497  0.1880 31.0605 110.2905   0.00   -inf  -nan   7   5  12   5 107.03
   15   2018 04 05 23:40:40.620    85240.620  0.1580 30.8505 111.1305   4.00   -inf  -nan  10   2  12   2 210.25
   16   2018 04 05 23:43:26.777    85406.777  0.2041 30.8505 111.1305   4.00   -inf  -nan   9   7  16   6 210.75
    1   2018 04 06 02:06:36.773     7596.773  0.1955 30.8905 111.3605  12.00   -inf  -nan   4   2   6   1 327.43
    2   2018 04 06 06:08:36.334    22116.334  0.2841 30.8505 111.1305   6.00   -inf  -nan   5   5  10   5 210.75
    3   2018 04 06 06:09:12.971    22152.971  0.1259 30.8505 111.1305   6.00   -inf  -nan   4   3   7   3 210.75
    4   2018 04 06 07:06:05.465    25565.465  0.1212 30.8505 111.1305   6.00   -inf  -nan   7   5  12   5 210.75
    5   2018 04 06 07:48:13.747    28093.747  0.1928 30.9705 111.2005   2.00   -inf  -nan   3   2   5   2 295.63
    6   2018 04 06 07:49:18.822    28158.822  0.2829 31.0105 110.4805   0.00   -inf  -nan   5   3   8   1 130.92
    7   2018 04 06 08:13:24.882    29604.882  0.2674 30.8605 111.0905   6.00   -inf  -nan   9   3  12   3 128.67
    8   2018 04 06 08:17:11.305    29831.305  0.3206 30.9805 110.0005   8.00   -inf  -nan   5   5  10   5 284.49
    9   2018 04 06 08:18:33.335    29913.335  0.3461 31.3005 110.2905  10.00   -inf  -nan   9   4  13   1 247.95
   10   2018 04 06 09:06:20.090    32780.090  0.2838 31.1705 110.3805   0.00   -inf  -nan   9   6  15   2 163.23
   11   2018 04 06 14:35:27.391    52527.391  0.1492 30.9305 111.1705   0.00   -inf  -nan   4   2   6   2 146.89
   12   2018 04 06 17:57:33.299    64653.299  0.2509 30.8505 111.1305  10.00   -inf  -nan   3   2   5   2 232.15
   13   2018 04 06 23:58:58.827    86338.827  0.1389 30.8505 111.1305   6.00   -inf  -nan   8   4  12   4 210.25
    1   2018 04 07 02:23:16.586     8596.586  0.1458 30.8505 111.1305   4.00   -inf  -nan   6   4  10   4 317.97
    2   2018 04 07 02:23:54.177     8634.177  0.1682 30.8505 111.1305   4.00   -inf  -nan   5   5  10   5 318.48
    3   2018 04 07 02:35:45.173     9345.173  0.2743 30.9805 110.4805   6.00   -inf  -nan   9   6  15   6 145.10
    4   2018 04 07 06:34:27.545    23667.545  0.2845 30.8905 111.0405   2.00   -inf  -nan   3   3   6   1 173.33
    5   2018 04 07 06:48:39.066    24519.066  0.3142 30.8505 111.1305   8.00   -inf  -nan   6   5  11   4 284.42
    6   2018 04 07 06:49:24.459    24564.459  0.2518 30.8505 111.1705   2.00   -inf  -nan   6   3   9   2 293.45
    7   2018 04 07 08:19:26.816    29966.816  0.1184 30.8505 111.1305   6.00   -inf  -nan   4   4   8   3 284.42
    8   2018 04 07 08:32:24.552    30744.552  0.3133 30.8105 110.9305   2.00   -inf  -nan   7   5  12   5 106.77
    9   2018 04 07 08:42:52.393    31372.393  0.3764 31.0905 110.4305   8.00   -inf  -nan   3   3   6   3 137.98
   10   2018 04 07 09:20:20.836    33620.836  0.3824 31.0205 110.4405   0.00   -inf  -nan  10   3  13   3 101.35
   11   2018 04 07 16:23:51.368    59031.368  0.4835 30.8705 110.7405  10.00   -inf  -nan   4   3   7   1 130.50
   12   2018 04 07 17:55:35.901    64535.901  0.2102 31.2205 110.2905   6.00   -inf  -nan   5   3   8   3 221.38
   13   2018 04 07 20:02:20.037    72140.037  0.1040 30.9005 110.4005   6.00   -inf  -nan   6   4  10   4 185.35
   14   2018 04 07 23:32:23.851    84743.851  0.1399 30.8505 111.1305   6.00   -inf  -nan   5   3   8   2 283.92
   15   2018 04 07 23:35:17.441    84917.441  0.1729 30.8505 111.1305   6.00   -inf  -nan   9   3  12   3 283.92
    1   2018 04 08 01:05:46.556     3946.556  0.3058 30.8305 111.1005   8.00   -inf  -nan   3   5   8   3 275.93
    2   2018 04 08 01:55:35.882     6935.882  0.2981 30.7705 110.7605  14.00   -inf  -nan   4   5   9   3 124.90
    3   2018 04 08 03:41:18.713    13278.713  0.3301 31.2805 110.8605   0.00   -inf  -nan   4   3   7   2 286.40
    4   2018 04 08 06:12:43.244    22363.244  0.1922 30.8305 111.1005   4.00   -inf  -nan   5   3   8   3 273.65
    5   2018 04 08 06:13:54.963    22434.963  0.0914 30.8505 111.1305   6.00   -inf  -nan   5   3   8   3 317.97
    6   2018 04 08 07:03:32.619    25412.619  0.3602 30.9805 110.4805   0.00   -inf  -nan   7   5  12   3 136.79
    7   2018 04 08 07:11:34.280    25894.280  0.4395 30.9805 110.4905   0.00   -inf  -nan   8   7  15   5 141.43
    8   2018 04 08 08:04:42.737    29082.737  0.4748 31.2505 110.3105   0.00   -inf  -nan   7   2   9   2 218.75
    9   2018 04 08 08:57:47.067    32267.067  0.2273 30.7405 110.8905   0.00   -inf  -nan  10   4  14   4 199.16
   10   2018 04 08 10:03:18.539    36198.539  0.3200 30.8905 111.0505   4.00   -inf  -nan   9   7  16   6 167.01
   11   2018 04 08 10:09:06.524    36546.524  0.1884 30.8505 111.1305   4.00   -inf  -nan   8   5  13   5 284.42
   12   2018 04 08 10:09:48.803    36588.803  0.1827 30.8905 111.0405   6.00   -inf  -nan   5   3   8   3 158.22
   13   2018 04 08 10:25:07.196    37507.196  0.3545 31.2205 110.0505   0.00   -inf  -nan   9   7  16   6 289.11
   14   2018 04 08 12:26:59.070    44819.070  0.2189 30.8305 110.6205   4.00   -inf  -nan   4   3   7   3 214.22
   15   2018 04 08 14:24:17.533    51857.533  0.2690 31.0305 110.4405   6.00   -inf  -nan   4   4   8   2 116.96
   16   2018 04 08 14:33:04.014    52384.014  0.2881 31.0105 110.7505  10.00   -inf  -nan   9   6  15   5  69.77
   17   2018 04 08 18:27:19.930    66439.930  0.2880 30.9005 110.7205   8.00   -inf  -nan  15  12  27  12  94.62
   18   2018 04 08 23:23:29.969    84209.969  0.1034 30.8505 111.1305   6.00   -inf  -nan   6   3   9   3 283.92
   19   2018 04 08 23:24:37.211    84277.211  0.2787 30.8205 111.0905   4.00   -inf  -nan   5   4   9   3 250.69
    1   2018 04 09 00:40:10.026     2410.026  0.1205 30.8505 111.1305   6.00   -inf  -nan   5   4   9   4 318.48
    2   2018 04 09 02:10:26.132     7826.132  0.1015 30.8605 111.0105   0.00   -inf  -nan   5   2   7   2 122.06
    3   2018 04 09 03:17:31.082    11851.082  0.3997 30.7805 110.9305   6.00   -inf  -nan   6   4  10   3 157.56
    4   2018 04 09 03:59:17.076    14357.076  0.2477 30.7405 110.8505   6.00   -inf  -nan   3   2   5   2 192.15
    5   2018 04 09 05:48:09.165    20889.165  0.3585 31.0905 110.1105   0.00   -inf  -nan   3   5   8   2 230.20
    6   2018 04 09 05:50:53.450    21053.450  0.1698 30.8505 111.1305   6.00   -inf  -nan   9   5  14   4 283.92
    7   2018 04 09 06:04:50.691    21890.691  0.2815 30.7905 110.9405   4.00   -inf  -nan   8   2  10   2 155.53
    8   2018 04 09 06:22:50.935    22970.935  0.4366 31.2105 110.3505   0.00   -inf  -nan  10   7  17   5 245.07
    9   2018 04 09 06:34:23.221    23663.221  0.3787 30.8505 111.0905   6.00   -inf  -nan   4   3   7   3 283.97
   10   2018 04 09 06:35:30.979    23730.979  0.1509 30.8505 111.1305   6.00   -inf  -nan   7   5  12   5 284.42
   11   2018 04 09 08:00:25.638    28825.638  0.3568 30.9705 110.3705   8.00   -inf  -nan  11   4  15   3 109.06
   12   2018 04 09 08:58:18.252    32298.252  0.3327 30.9605 110.0105  10.00   -inf  -nan   6   2   8   2 287.09
   13   2018 04 09 09:39:39.638    34779.638  0.3527 30.7805 110.7905  12.00   -inf  -nan  15  14  29  14 121.46
   14   2018 04 09 09:52:29.172    35549.172  0.2249 30.7305 111.2105   0.00   -inf  -nan   3   2   5   2 322.55
   15   2018 04 09 10:05:39.136    36339.136  0.1776 31.0205 110.4405   8.00   -inf  -nan   3   3   6   3 207.51
   16   2018 04 09 10:25:15.191    37515.191  0.2477 30.8505 111.1305   6.00   -inf  -nan   7   5  12   4 284.42
   17   2018 04 09 10:53:24.723    39204.723  0.4360 31.0205 110.4405   8.00   -inf  -nan  10   8  18   8 101.35
   18   2018 04 09 11:29:18.327    41358.327  0.2206 30.8205 110.6405   6.00   -inf  -nan   3   3   6   3 270.41
   19   2018 04 09 18:07:04.671    65224.671  0.3510 31.0605 110.4405   2.00   -inf  -nan  11   9  20   7 108.13
   20   2018 04 09 18:54:57.106    68097.106  0.1902 30.7805 110.7605  10.00   -inf  -nan   7   7  14   7 124.85
   21   2018 04 09 18:56:36.758    68196.758  0.2982 30.7905 110.7805  12.00   -inf  -nan   3   2   5   1 108.79
   22   2018 04 09 20:25:03.149    73503.149  0.2978 30.7805 110.7605  10.00   -inf  -nan   7   8  15   6 124.85
   23   2018 04 09 20:37:23.109    74243.109  0.1463 30.7805 110.7605  10.00   -inf  -nan   4   5   9   3 124.85
   24   2018 04 09 20:44:22.397    74662.397  0.2736 30.9405 110.7505  12.00   -inf  -nan   4   2   6   2 136.10
   25   2018 04 09 21:21:50.967    76910.967  0.1669 31.2105 110.3105   2.00   -inf  -nan   5   2   7   2 273.38
   26   2018 04 09 21:29:34.205    77374.205  0.1938 30.7905 110.7805  10.00   -inf  -nan   3   3   6   2 172.33
   27   2018 04 09 22:31:10.189    81070.189  0.3431 31.0805 110.1705   0.00   -inf  -nan   3   4   7   3 193.55
   28   2018 04 09 23:25:01.641    84301.641  0.3098 30.8505 111.1705   8.00   -inf  -nan  10   3  13   2 291.45
   29   2018 04 09 23:26:15.683    84375.683  0.1097 30.8505 111.1305   6.00   -inf  -nan   5   4   9   4 284.42
    1   2018 04 10 03:01:20.970    10880.970  0.2094 30.8505 111.1305   4.00   -inf  -nan   8   5  13   5 310.71
    2   2018 04 10 03:02:03.238    10923.238  0.1054 30.8505 111.1305   6.00   -inf  -nan   3   3   6   2 318.48
    3   2018 04 10 03:03:46.725    11026.725  0.4546 30.8905 110.7205  12.00   -inf  -nan  10  10  20   8 103.10
    4   2018 04 10 06:47:31.010    24451.010  0.3131 30.9405 110.8005   0.00   -inf  -nan  10   9  19   9  97.72
    5   2018 04 10 07:13:22.501    26002.501  0.1442 30.9405 110.7605  10.00   -inf  -nan   5   5  10   4 110.97
    6   2018 04 10 07:14:16.415    26056.415  0.1718 30.9405 110.7605  10.00   -inf  -nan   7   7  14   7 110.97
    7   2018 04 10 07:26:08.351    26768.351  0.1118 30.8505 111.1305   6.00   -inf  -nan   3   2   5   2 305.82
    8   2018 04 10 07:27:05.311    26825.311  0.1412 30.8505 111.1305   6.00   -inf  -nan   7   4  11   4 284.42
    9   2018 04 10 08:22:34.249    30154.249  0.1188 30.8505 111.1305   6.00   -inf  -nan   7   4  11   4 284.42
   10   2018 04 10 08:43:37.203    31417.203  0.2152 31.0905 110.0705   0.00   -inf  -nan   3   2   5   2 296.37
   11   2018 04 10 09:09:47.659    32987.659  0.3681 31.0205 110.4405   8.00   -inf  -nan   3   4   7   3 166.62
   12   2018 04 10 10:24:30.772    37470.772  0.2615 30.9305 110.3805   6.00   -inf  -nan   5   3   8   1 168.81
   13   2018 04 10 10:31:19.310    37879.310  0.2813 30.9005 110.8005   2.00   -inf  -nan   3   4   7   3 170.46
   14   2018 04 10 11:01:30.879    39690.879  0.4800 31.0605 110.8705   4.00   -inf  -nan  13   8  21   7 128.50
   15   2018 04 10 11:40:47.329    42047.329  0.1925 30.7905 110.7405  10.00   -inf  -nan   3   3   6   2 220.51
   16   2018 04 10 17:34:42.967    63282.967  0.3908 30.9405 110.7805  14.00   -inf  -nan   4   3   7   1 146.48
   17   2018 04 10 17:35:07.367    63307.367  0.2196 30.9405 110.7605  12.00   -inf  -nan   8   2  10   2  89.30
   18   2018 04 10 17:35:21.172    63321.172  0.2109 30.9405 110.7605  10.00   -inf  -nan  11  10  21  10  77.93
   19   2018 04 10 17:36:46.492    63406.492  0.3145 30.9405 110.7505  10.00   -inf  -nan   9   8  17   8  92.19
   20   2018 04 10 17:37:39.629    63459.629  0.2512 30.9405 110.7805  10.00   -inf  -nan   5   3   8   1  92.21
   21   2018 04 10 17:43:26.560    63806.560  0.1718 30.9405 110.7605  10.00   -inf  -nan   6   6  12   4  89.30
   22   2018 04 10 17:44:10.085    63850.085  0.3488 30.9405 110.7805  12.00   -inf  -nan  16  16  32  15  62.87
   23   2018 04 10 17:44:50.192    63890.192  0.2415 30.9405 110.7605  10.00   -inf  -nan   7   7  14   6  89.30
   24   2018 04 10 17:45:46.163    63946.163  0.1903 30.9005 110.7805   0.00   -inf  -nan   3   3   6   2 176.50
   25   2018 04 10 17:47:14.808    64034.808  0.2952 30.9405 110.7605  10.00   -inf  -nan  16  15  31  15  64.29
   26   2018 04 10 17:48:30.263    64110.263  0.2249 30.9405 110.7605   8.00   -inf  -nan   7   4  11   3  89.30
   27   2018 04 10 17:50:17.953    64217.953  0.2632 30.9405 110.7605   8.00   -inf  -nan   9  10  19   8  77.93
   28   2018 04 10 17:51:19.270    64279.270  0.1660 30.9405 110.7805   6.00   -inf  -nan   3   4   7   2 142.82
   29   2018 04 10 17:53:25.053    64405.053  0.2209 30.9405 110.7605  10.00   -inf  -nan   7   9  16   7  89.30
   30   2018 04 10 17:55:10.050    64510.050  0.2342 30.9405 110.7605  10.00   -inf  -nan   9   9  18   9  89.30
   31   2018 04 10 17:56:28.073    64588.073  0.2041 30.9405 110.7605  10.00   -inf  -nan   4   4   8   2  89.30
   32   2018 04 10 17:57:55.826    64675.826  0.2211 30.9305 110.7605   8.00   -inf  -nan   5   3   8   2  96.54
   33   2018 04 10 18:00:26.642    64826.642  0.2352 30.9405 110.7605   8.00   -inf  -nan  10   9  19   9  77.93
   34   2018 04 10 18:02:12.288    64932.288  0.2192 30.9405 110.7605  10.00   -inf  -nan  12  12  24  11  77.93
   35   2018 04 10 18:06:01.932    65161.932  0.2192 30.9405 110.7805   8.00   -inf  -nan   9   8  17   8  92.21
   36   2018 04 10 18:23:03.439    66183.439  0.2250 30.9405 110.7605  10.00   -inf  -nan   8   8  16   7  89.30
   37   2018 04 10 18:26:16.542    66376.542  0.2710 30.9305 110.7605   8.00   -inf  -nan  10  10  20   8  71.27
   38   2018 04 10 18:32:49.612    66769.612  0.2555 31.0905 110.1905   6.00   -inf  -nan   6   4  10   4 181.48
   39   2018 04 10 18:54:03.079    68043.079  0.4141 31.0505 110.4305   8.00   -inf  -nan  10  11  21   8  98.76
   40   2018 04 10 18:56:05.435    68165.435  0.2335 30.9405 110.7605  10.00   -inf  -nan   4   4   8   2 127.90
   41   2018 04 10 18:56:41.929    68201.929  0.2822 30.9105 110.7605  10.00   -inf  -nan  11  11  22  11 113.59
   42   2018 04 10 19:03:49.229    68629.229  0.2015 30.9405 110.7805   8.00   -inf  -nan   6   6  12   3  92.21
   43   2018 04 10 19:09:42.805    68982.805  0.2241 30.9405 110.7605  10.00   -inf  -nan  10   6  16   5  77.93
   44   2018 04 10 19:59:28.492    71968.492  0.1754 30.9405 110.7405  12.00   -inf  -nan   3   2   5   2 151.07
   45   2018 04 10 20:00:44.456    72044.456  0.2722 30.9405 110.7405  12.00   -inf  -nan   3   3   6   2 117.79
   46   2018 04 10 20:05:29.082    72329.082  0.1926 30.9405 110.7605  10.00   -inf  -nan   7   8  15   7  89.30
   47   2018 04 10 20:09:26.135    72566.135  0.2172 30.9405 110.7605  10.00   -inf  -nan  15  12  27  12  64.29
   48   2018 04 10 20:19:24.318    73164.318  0.2278 30.9405 110.7605  10.00   -inf  -nan   8   9  17   8  89.30
   49   2018 04 10 21:25:16.441    77116.441  0.2077 30.9405 110.7605  10.00   -inf  -nan   9   7  16   7  89.30
   50   2018 04 10 21:26:03.976    77163.976  0.2060 30.9405 110.7805   8.00   -inf  -nan   9   8  17   8  92.21
   51   2018 04 10 23:26:42.029    84402.029  0.1082 30.8505 111.1305   6.00   -inf  -nan   8   4  12   4 283.92
   52   2018 04 10 23:27:52.985    84472.985  0.1450 30.8305 111.1405   6.00   -inf  -nan   8   3  11   3 286.32
   53   2018 04 10 23:35:22.902    84922.902  0.2852 30.8905 111.0005   4.00   -inf  -nan   6   2   8   2 132.11
    1   2018 04 11 02:02:11.824     7331.824  0.2762 30.8905 111.0405   4.00   -inf  -nan   7   5  12   5 158.22
    2   2018 04 11 02:20:14.721     8414.721  0.1744 30.8505 111.1305   6.00   -inf  -nan   9   5  14   5 284.42
    3   2018 04 11 03:29:09.327    12549.327  0.3896 30.9605 110.4505   0.00   -inf  -nan  11   4  15   3 118.45
    4   2018 04 11 04:15:43.041    15343.041  0.3826 30.9805 110.7805   2.00   -inf  -nan  12   6  18   5 117.79
    5   2018 04 11 04:33:57.773    16437.773  0.3124 31.0205 110.4405   8.00   -inf  -nan   6   6  12   5 123.87
    6   2018 04 11 05:22:49.914    19369.914  0.1838 31.0605 110.8605   0.00   -inf  -nan   8   3  11   2 125.25
    7   2018 04 11 06:15:41.052    22541.052  0.2997 30.8505 111.1305   4.00   -inf  -nan   7   4  11   4 284.42
    8   2018 04 11 06:16:49.673    22609.673  0.0952 30.8505 111.1305   6.00   -inf  -nan   7   3  10   3 283.92
    9   2018 04 11 10:08:33.760    36513.760  0.2215 31.1205 110.0505   0.00   -inf  -nan   8   2  10   2 261.22
   10   2018 04 11 10:37:12.490    38232.490  0.4022 30.9705 110.3705   6.00   -inf  -nan  10   6  16   5 112.61
   11   2018 04 11 14:53:32.211    53612.211  0.3526 30.9405 110.7905   0.00   -inf  -nan   3   2   5   1 184.06
   12   2018 04 11 23:04:16.662    83056.662  0.1527 30.9405 110.7405  12.00   -inf  -nan   3   2   5   2 127.75
   13   2018 04 11 23:33:44.675    84824.675  0.2371 30.9305 110.7605  10.00   -inf  -nan   5   4   9   3  96.54
   14   2018 04 11 23:53:17.676    85997.676  0.1921 30.8505 110.4305   2.00   -inf  -nan   3   3   6   1 222.33
    1   2018 04 12 00:55:39.674     3339.674  0.2594 30.9405 110.7405  10.00   -inf  -nan   5   7  12   5 114.46
    2   2018 04 12 03:34:04.061    12844.061  0.3302 30.9405 110.8205   0.00   -inf  -nan   8   7  15   7 161.19
    3   2018 04 12 03:43:59.320    13439.320  0.3018 31.2805 110.8605   0.00   -inf  -nan   7   3  10   3 292.34
    4   2018 04 12 04:06:47.938    14807.938  0.1217 30.8505 111.1305   6.00   -inf  -nan   8   3  11   3 283.92
    5   2018 04 12 04:08:11.822    14891.822  0.1168 30.8505 111.1305   6.00   -inf  -nan   9   3  12   3 284.42
    6   2018 04 12 04:32:23.038    16343.038  0.3729 31.2105 110.0305   0.00   -inf  -nan   4   4   8   3 309.03
    7   2018 04 12 04:57:13.724    17833.724  0.3283 31.1805 110.3705   4.00   -inf  -nan   8   4  12   2 177.80
    8   2018 04 12 05:24:56.030    19496.030  0.2592 30.7705 111.1705   8.00   -inf  -nan   4   4   8   3 313.73
    9   2018 04 12 06:25:29.063    23129.063  0.2851 30.8505 111.1705   4.00   -inf  -nan  10   7  17   7 293.45
   10   2018 04 12 06:44:42.550    24282.550  0.1883 30.8905 111.1305  10.00   -inf  -nan   5   2   7   2 263.35
   11   2018 04 12 06:45:57.478    24357.478  0.3994 31.0205 110.4405   6.00   -inf  -nan  14  12  26  10 142.48
   12   2018 04 12 06:52:08.939    24728.939  0.2854 31.0305 110.4405   0.00   -inf  -nan  10   2  12   2 149.14
   13   2018 04 12 07:53:39.815    28419.815  0.4367 31.0205 110.4405   0.00   -inf  -nan  12   9  21   8 106.55
   14   2018 04 12 08:41:39.167    31299.167  0.1656 30.8205 110.6805   0.00   -inf  -nan   4   3   7   2 260.86
   15   2018 04 12 09:10:45.631    33045.631  0.3384 30.9705 110.3705   6.00   -inf  -nan   8   4  12   3 112.61
   16   2018 04 12 09:55:03.416    35703.416  0.1466 30.8605 111.1105   6.00   -inf  -nan   7   2   9   2 274.08
   17   2018 04 12 10:48:32.416    38912.416  0.1873 30.8905 111.0105   4.00   -inf  -nan   6   2   8   2 137.69
   18   2018 04 12 16:16:25.718    58585.718  0.1654 30.8905 111.0105   4.00   -inf  -nan   8   3  11   3 137.69
   19   2018 04 12 17:13:24.125    62004.125  0.3069 31.0005 110.7405  12.00   -inf  -nan   9  10  19   8  67.45
   20   2018 04 12 22:34:28.488    81268.488  0.1557 30.8605 110.6405   8.00   -inf  -nan   3   3   6   3 250.50
   21   2018 04 12 23:04:16.638    83056.638  0.0637 30.9305 110.7605   8.00   -inf  -nan   3   2   5   2 176.71
    1   2018 04 13 00:39:34.556     2374.556  0.1957 30.8505 111.1305   6.00   -inf  -nan  11   4  15   4 210.75
    2   2018 04 13 00:40:51.531     2451.531  0.2686 30.8505 111.1305   6.00   -inf  -nan   8   7  15   6 210.75
    3   2018 04 13 04:28:29.063    16109.063  0.3382 31.0505 110.4505   6.00   -inf  -nan  10  11  21   9 106.33
    4   2018 04 13 04:35:14.547    16514.547  0.2288 30.9105 110.6405   2.00   -inf  -nan  11   5  16   5  91.77
    5   2018 04 13 05:51:28.090    21088.090  0.1650 30.8505 111.1305   6.00   -inf  -nan  11   7  18   7 210.25
    6   2018 04 13 08:15:27.539    29727.539  0.2476 30.9005 110.3205   0.00   -inf  -nan   3   2   5   1 248.66
    7   2018 04 13 08:48:17.956    31697.956  0.2378 30.8505 111.1305   6.00   -inf  -nan  10   5  15   5 210.75
    8   2018 04 13 14:36:06.212    52566.212  0.2092 30.9305 111.1705   0.00   -inf  -nan   4   3   7   2 146.89
    9   2018 04 13 20:11:57.203    72717.203  0.3139 30.8705 110.5605   6.00   -inf  -nan   3   2   5   1 196.43
   10   2018 04 13 23:37:19.052    85039.052  0.2212 30.8505 111.1605   8.00   -inf  -nan  11   2  13   2 225.53
   11   2018 04 13 23:38:53.376    85133.376  0.2630 30.8505 111.1305   6.00   -inf  -nan  10   6  16   6 210.25
    1   2018 04 14 02:11:04.545     7864.545  0.3177 30.9305 111.2105   4.00   -inf  -nan   7   3  10   3 292.28
    2   2018 04 14 03:43:12.966    13392.966  0.1198 30.8505 111.1305   6.00   -inf  -nan   9   5  14   5 210.25
    3   2018 04 14 03:58:40.555    14320.555  0.2391 30.9705 111.2005   4.00   -inf  -nan   3   3   6   3 295.63
    4   2018 04 14 06:48:39.619    24519.619  0.1777 30.8505 111.1305   6.00   -inf  -nan   5   4   9   4 210.75
    5   2018 04 14 06:49:48.387    24588.387  0.3015 30.8105 111.1705   4.00   -inf  -nan   8   3  11   3 249.55
    6   2018 04 14 07:16:05.834    26165.834  0.3912 31.3005 110.8605   0.00   -inf  -nan   8   5  13   4 254.39
    7   2018 04 14 08:28:32.327    30512.327  0.0815 31.0205 110.4405   8.00   -inf  -nan   3   3   6   2 166.62
    8   2018 04 14 08:32:27.837    30747.837  0.2186 30.8705 110.9005   2.00   -inf  -nan  10   4  14   4  67.10
    9   2018 04 14 11:52:15.241    42735.241  0.1760 31.1705 110.3905   4.00   -inf  -nan   4   2   6   2 264.55
   10   2018 04 14 14:30:28.389    52228.389  0.2514 30.8905 111.0005   6.00   -inf  -nan   5   2   7   2 124.82
   11   2018 04 14 15:43:08.356    56588.356  0.1723 31.1705 110.3405   0.00   -inf  -nan   5   2   7   2 252.38
   12   2018 04 14 18:07:45.126    65265.126  0.1863 30.7905 110.7805  10.00   -inf  -nan   7   8  15   6 108.79
   13   2018 04 14 18:38:07.275    67087.275  0.3461 30.8905 110.6805  10.00   -inf  -nan   4   3   7   3 146.39
   14   2018 04 14 20:17:41.615    73061.615  0.2678 30.9805 110.7405   0.00   -inf  -nan   3   2   5   1 208.39
   15   2018 04 14 20:53:09.454    75189.454  0.2968 31.1705 110.3305   6.00   -inf  -nan   7   2   9   2 174.38
   16   2018 04 14 23:09:41.579    83381.579  0.2651 30.8605 111.1505   6.00   -inf  -nan  11   5  16   5 215.32
   17   2018 04 14 23:29:05.278    84545.278  0.3501 30.8605 111.1305   2.00   -inf  -nan  13   8  21   7 204.21
   18   2018 04 14 23:30:04.311    84604.311  0.1891 30.8505 111.1305   6.00   -inf  -nan  11   7  18   7 210.25
    1   2018 04 15 02:09:05.659     7745.659  0.4570 31.0505 110.4505  12.00   -inf  -nan   7   9  16   6 109.19
    2   2018 04 15 02:46:39.549     9999.549  0.2115 30.8205 111.2705  10.00   -inf  -nan   5   7  12   5 291.13
    3   2018 04 15 03:50:47.469    13847.469  0.3616 30.9505 110.9005   4.00   -inf  -nan   3   2   5   1 191.00
    4   2018 04 15 04:25:07.608    15907.608  0.2107 30.8105 111.2405   4.00   -inf  -nan   8   5  13   3 273.09
    5   2018 04 15 05:33:50.125    20030.125  0.3203 31.0805 110.8205   8.00   -inf  -nan  15  11  26  11 124.12
    6   2018 04 15 05:34:39.624    20079.624  0.2727 31.0005 109.9705  10.00   -inf  -nan   8   4  12   4 288.12
    7   2018 04 15 06:57:17.230    25037.230  0.2179 30.7805 110.8905   2.00   -inf  -nan   4   3   7   3 220.80
    8   2018 04 15 07:33:04.171    27184.171  0.3257 31.2605 110.1305   4.00   -inf  -nan   9   2  11   2 299.15
    9   2018 04 15 07:44:25.522    27865.522  0.3044 31.2205 110.3205   0.00   -inf  -nan   6   2   8   1 279.26
   10   2018 04 15 08:10:42.589    29442.589  0.2401 31.2505 110.0305  12.00   -inf  -nan   3   2   5   2 301.16
   11   2018 04 15 08:12:01.689    29521.689  0.1849 31.0005 110.0105  10.00   -inf  -nan   3   2   5   2 277.68
   12   2018 04 15 08:23:05.460    30185.460  0.1656 31.2205 110.0505   0.00   -inf  -nan   5   2   7   2 289.11
   13   2018 04 15 09:05:47.968    32747.968  0.1655 30.8505 111.1305   6.00   -inf  -nan  11   3  14   3 210.25
   14   2018 04 15 09:49:26.090    35366.090  0.2006 30.8505 111.1305   4.00   -inf  -nan  10   6  16   5 210.75
   15   2018 04 15 10:12:44.461    36764.461  0.2432 31.0805 110.8205  10.00   -inf  -nan  10  12  22   9 124.12
   16   2018 04 15 20:57:22.881    75442.881  0.2764 30.9205 110.7805  12.00   -inf  -nan  17  13  30  13  70.94
   17   2018 04 15 23:51:47.861    85907.861  0.1109 30.8505 111.1305   6.00   -inf  -nan   7   5  12   5 210.25
   18   2018 04 15 23:54:13.136    86053.136  0.1024 30.8505 111.1305   6.00   -inf  -nan   8   3  11   3 210.25
    1   2018 04 16 01:20:18.664     4818.664  0.2721 30.8905 110.7605   6.00   -inf  -nan   4   3   7   3 135.27
    2   2018 04 16 03:13:28.418    11608.418  0.1313 30.8105 111.2805  12.00   -inf  -nan   3   4   7   2 310.35
    3   2018 04 16 03:14:13.099    11653.099  0.2349 30.8105 111.2405   6.00   -inf  -nan   9   8  17   6 279.73
    4   2018 04 16 04:13:55.034    15235.034  0.3653 30.9005 110.7205   4.00   -inf  -nan  11   7  18   5  94.62
    5   2018 04 16 05:47:15.912    20835.912  0.2340 30.8905 111.0005   4.00   -inf  -nan   4   2   6   2 132.11
    6   2018 04 16 05:56:52.723    21412.723  0.3651 30.9705 110.3905   0.00   -inf  -nan  16   3  19   2 119.75
    7   2018 04 16 07:08:49.134    25729.134  0.2249 30.8505 111.1305   4.00   -inf  -nan   8   4  12   3 210.75
    8   2018 04 16 07:39:10.409    27550.409  0.1807 30.8505 111.1305   6.00   -inf  -nan  11   2  13   2 210.75
    9   2018 04 16 07:40:04.000    27604.000  0.2289 30.8505 111.1305   4.00   -inf  -nan  10   3  13   3 210.75
   10   2018 04 16 09:16:00.037    33360.037  0.4486 31.1705 110.3905   0.00   -inf  -nan  12   6  18   5 175.42
   11   2018 04 16 10:31:19.765    37879.765  0.3878 30.9805 110.7805   0.00   -inf  -nan  13   7  20   7  61.61
   12   2018 04 16 17:14:20.945    62060.945  0.1877 31.0505 110.1905   6.00   -inf  -nan   3   3   6   2 236.36
   13   2018 04 16 19:09:17.950    68957.950  0.1960 30.9405 111.2305   0.00   -inf  -nan   3   2   5   2 296.96
   14   2018 04 16 19:52:33.066    71553.066  0.3581 31.1705 110.3405   0.00   -inf  -nan   6   3   9   2 176.84
   15   2018 04 16 23:35:29.543    84929.543  0.1939 30.8505 111.1305   4.00   -inf  -nan  10   8  18   7 210.25
   16   2018 04 16 23:45:48.844    85548.844  0.2477 30.8505 111.1605   6.00   -inf  -nan   4   4   8   3 227.22
    1   2018 04 17 03:52:11.267    13931.267  0.1626 30.9705 111.2005   2.00   -inf  -nan   3   2   5   2 295.63
    2   2018 04 17 03:57:58.073    14278.073  0.3429 30.7705 111.0905   2.00   -inf  -nan   4   5   9   3 274.19
    3   2018 04 17 04:35:28.925    16528.925  0.4962 30.8905 110.7305   8.00   -inf  -nan   9   8  17   6  94.87
    4   2018 04 17 06:46:37.036    24397.036  0.1491 30.8505 111.1305   6.00   -inf  -nan   9   5  14   5 210.75
    5   2018 04 17 08:40:49.794    31249.794  0.4302 30.9805 110.4005   0.00   -inf  -nan  14   8  22   6  82.74
    6   2018 04 17 10:09:50.276    36590.276  0.1846 30.8505 111.1305   4.00   -inf  -nan   8   5  13   5 210.75
    7   2018 04 17 10:17:35.172    37055.172  0.3800 31.0605 110.1305   6.00   -inf  -nan  13   9  22   8 216.83
    8   2018 04 17 11:15:38.332    40538.332  0.2295 30.8505 111.1305   4.00   -inf  -nan  10   6  16   6 210.75
    9   2018 04 17 12:05:03.633    43503.633  0.2802 31.0505 110.4605   8.00   -inf  -nan   5   5  10   4 111.60
   10   2018 04 17 12:31:30.711    45090.711  0.3034 31.0605 110.2805   6.00   -inf  -nan  12   9  21   9  82.75
   11   2018 04 17 12:58:14.348    46694.348  0.4084 31.0905 110.2105   0.00   -inf  -nan   3   6   9   2 277.40
   12   2018 04 17 13:43:47.528    49427.528  0.1892 30.9405 110.7805  10.00   -inf  -nan   3   2   5   2 210.94
   13   2018 04 17 17:08:26.644    61706.644  0.3349 31.0505 110.4505   6.00   -inf  -nan   6   7  13   5 109.19
   14   2018 04 17 21:05:49.304    75949.304  0.1883 30.8205 110.6205   4.00   -inf  -nan   4   3   7   2 162.84
   15   2018 04 17 22:01:00.915    79260.915  0.1639 30.9305 111.2005   4.00   -inf  -nan   3   2   5   2 279.86
   16   2018 04 17 23:13:03.176    83583.176  0.1229 30.8505 111.1305   6.00   -inf  -nan   9   5  14   5 210.25
   17   2018 04 17 23:26:00.284    84360.284  0.1676 30.9005 110.7805   8.00   -inf  -nan   3   2   5   1 293.44
   18   2018 04 17 23:37:40.688    85060.688  0.2188 30.8505 111.1305   6.00   -inf  -nan   9   5  14   5 210.25
    1   2018 04 18 03:35:15.469    12915.469  0.2796 31.0205 110.0005   0.00   -inf  -nan   5   3   8   1 306.99
    2   2018 04 18 04:20:56.239    15656.239  0.2512 30.8505 111.1305   4.00   -inf  -nan  11   7  18   7 210.75
    3   2018 04 18 06:56:05.445    24965.445  0.1227 30.8505 111.1305   6.00   -inf  -nan   8   5  13   5 210.75
    4   2018 04 18 09:08:19.733    32899.733  0.3256 30.8505 111.1305   4.00   -inf  -nan   8   7  15   5 210.75
    5   2018 04 18 09:53:39.209    35619.209  0.4350 30.9805 110.4405   4.00   -inf  -nan   9   4  13   2  91.11
    6   2018 04 18 09:55:57.211    35757.211  0.3248 30.7805 110.9305   4.00   -inf  -nan  12   5  17   5 157.56
    7   2018 04 18 10:07:54.903    36474.903  0.2769 30.8605 111.1305   6.00   -inf  -nan   7   2   9   1 204.21
    8   2018 04 18 12:49:19.064    46159.064  0.1172 30.9405 110.5005   4.00   -inf  -nan   5   3   8   3 141.53
    9   2018 04 18 15:41:50.988    56510.988  0.3857 31.1005 110.4405   8.00   -inf  -nan   3   5   8   3 155.17
   10   2018 04 18 18:40:46.027    67246.027  0.1854 31.0905 110.1905   2.00   -inf  -nan   3   3   6   1 181.48
   11   2018 04 18 19:55:46.791    71746.791  0.2788 30.8905 111.0005   4.00   -inf  -nan   8   2  10   2  91.53
   12   2018 04 18 22:37:51.173    81471.173  0.2325 31.0005 110.0105   0.00   -inf  -nan   8   3  11   3 277.68
   13   2018 04 18 23:44:58.989    85498.989  0.1944 30.8505 111.1305   6.00   -inf  -nan  10   5  15   4 210.25
    1   2018 04 19 02:21:44.810     8504.810  0.4666 30.9005 111.3305   0.00   -inf  -nan   7   6  13   4 326.01
    2   2018 04 19 03:54:33.158    14073.158  0.4580 31.2705 110.8405   0.00   -inf  -nan  11   6  17   4 265.59
    3   2018 04 19 04:00:22.768    14422.768  0.3110 31.2105 110.9105   0.00   -inf  -nan   3   4   7   2 322.31
    4   2018 04 19 04:05:42.662    14742.662  0.2842 30.7305 111.1305   2.00   -inf  -nan   3   2   5   2 302.22
    5   2018 04 19 06:48:00.819    24480.819  0.1667 30.8505 111.1305   6.00   -inf  -nan   7   5  12   4 210.75
    6   2018 04 19 07:27:01.056    26821.056  0.1863 30.8505 111.1305   6.00   -inf  -nan   8   5  13   4 210.25
    7   2018 04 19 07:52:30.780    28350.780  0.3003 31.0605 110.5905   6.00   -inf  -nan  13   5  18   4  63.29
    8   2018 04 19 08:42:47.800    31367.800  0.2191 31.0505 110.1905   6.00   -inf  -nan   7   6  13   6 177.95
    9   2018 04 19 08:58:50.468    32330.468  0.3152 30.7405 110.9305   4.00   -inf  -nan   9   6  15   5 237.57
   10   2018 04 19 10:43:02.623    38582.623  0.3891 30.9005 110.7405   2.00   -inf  -nan  12   6  18   5  89.52
   11   2018 04 19 11:16:24.306    40584.306  0.0649 30.7705 110.7605  10.00   -inf  -nan   3   4   7   2 124.90
   12   2018 04 19 20:26:05.992    73565.992  0.3671 31.0505 110.4605   0.00   -inf  -nan   9   9  18   9 111.60
   13   2018 04 19 20:27:05.340    73625.340  0.4060 31.1305 110.5105   4.00   -inf  -nan   9   2  11   2 153.79
   14   2018 04 19 22:39:29.563    81569.563  0.1448 30.8705 111.0205   6.00   -inf  -nan   6   2   8   2 111.88
   15   2018 04 19 23:41:16.578    85276.578  0.1617 30.8505 111.1305   6.00   -inf  -nan   9   4  13   4 210.25
   16   2018 04 19 23:58:46.176    86326.176  0.1900 30.8505 111.1305   6.00   -inf  -nan   9   4  13   4 210.75
    1   2018 04 20 00:52:41.090     3161.090  0.1438 30.8905 111.0805   4.00   -inf  -nan   3   3   6   2 159.48
    2   2018 04 20 02:04:49.785     7489.785  0.2709 30.9605 109.9705  10.00   -inf  -nan   8   2  10   2 295.22
    3   2018 04 20 02:56:14.699    10574.699  0.3949 30.8705 110.9405   0.00   -inf  -nan   7   3  10   2 126.90
    4   2018 04 20 03:06:17.924    11177.924  0.2843 30.7805 110.9305   2.00   -inf  -nan   3   3   6   2 192.08
    5   2018 04 20 04:44:41.929    17081.929  0.4067 31.1705 110.3805   0.00   -inf  -nan  13   9  22   8 174.23
    6   2018 04 20 06:03:36.686    21816.686  0.3274 30.8605 110.9505   0.00   -inf  -nan   8   4  12   3  97.37
    7   2018 04 20 06:33:29.027    23609.027  0.1954 31.1805 111.0305   2.00   -inf  -nan   3   2   5   1 312.60
    8   2018 04 20 07:42:34.316    27754.316  0.4070 31.0505 110.4205  12.00   -inf  -nan  18  18  36  17  94.28
    9   2018 04 20 12:03:03.545    43383.545  0.2901 31.1405 110.2105   0.00   -inf  -nan   7   8  15   6 170.72
   10   2018 04 20 13:41:39.069    49299.069  0.1468 31.0505 110.1905   6.00   -inf  -nan   3   3   6   3 263.14
   11   2018 04 20 14:17:34.930    51454.930  0.4911 31.0305 110.4405  12.00   -inf  -nan   6   6  12   5  92.86
   12   2018 04 20 15:56:09.317    57369.317  0.1663 31.0505 110.4205   4.00   -inf  -nan   4   3   7   2 123.44
   13   2018 04 20 19:03:07.175    68587.175  0.3447 30.9405 110.7805   8.00   -inf  -nan   7   8  15   6  92.21
    1   2018 04 21 06:25:55.078    23155.078  0.1606 30.9805 110.8205   0.00   -inf  -nan   3   4   7   2 144.98
    2   2018 04 21 11:51:59.336    42719.336  0.1638 30.7905 110.7805  10.00   -inf  -nan   6   9  15   5 108.79
    3   2018 04 21 12:57:19.515    46639.515  0.4142 31.1305 110.2605   6.00   -inf  -nan   7   4  11   4 133.82
    4   2018 04 21 16:22:31.503    58951.503  0.3070 31.0205 110.7905  10.00   -inf  -nan   3   4   7   2 142.11
    5   2018 04 21 20:04:48.023    72288.023  0.2892 31.0305 110.4405   6.00   -inf  -nan   6   5  11   4 128.79
    1   2018 04 22 00:31:40.846     1900.846  0.4034 31.0905 110.1905   2.00   -inf  -nan   6   6  12   5 181.48
    2   2018 04 22 03:59:40.242    14380.242  0.1827 30.9405 110.7405  12.00   -inf  -nan   3   2   5   2 151.07
    3   2018 04 22 05:24:07.901    19447.901  0.3359 31.2205 110.0905   0.00   -inf  -nan  10   5  15   3 283.12
    4   2018 04 22 08:18:23.881    29903.881  0.3598 30.9005 110.7405   0.00   -inf  -nan   5   7  12   4 135.10
    5   2018 04 22 10:35:27.874    38127.874  0.3052 31.1705 110.3805   4.00   -inf  -nan   3   2   5   2 313.58
    6   2018 04 22 15:28:00.049    55680.049  0.2664 31.1005 110.4105   6.00   -inf  -nan   3   4   7   2 209.66
    7   2018 04 22 18:32:16.424    66736.424  0.2471 31.1205 110.0505   8.00   -inf  -nan   8   6  14   5 261.22
    1   2018 04 23 02:37:50.612     9470.612  0.3923 30.7905 110.7805   8.00   -inf  -nan   4   5   9   4 125.95
    2   2018 04 23 03:20:15.592    12015.592  0.2380 30.9105 110.7605   6.00   -inf  -nan   4   4   8   4 164.88
    3   2018 04 23 09:30:22.675    34222.675  0.2115 31.1305 110.0305   6.00   -inf  -nan  11   2  13   2 269.61
    4   2018 04 23 22:02:18.652    79338.652  0.2854 30.9905 110.8205   0.00   -inf  -nan   6   6  12   5 148.31
    1   2018 04 24 04:35:11.006    16511.006  0.2461 31.0805 110.1705   0.00   -inf  -nan   5   7  12   4 193.55
    2   2018 04 24 07:34:24.231    27264.231  0.1350 30.9805 110.7805  10.00   -inf  -nan   4   4   8   3 117.79
    3   2018 04 24 08:57:47.991    32267.991  0.2315 31.3005 110.1305   2.00   -inf  -nan  10   4  14   4 303.27
    4   2018 04 24 09:18:41.728    33521.728  0.3089 30.9305 111.2405   4.00   -inf  -nan  10   9  19   7 298.21
    5   2018 04 24 14:52:04.744    53524.744  0.0833 30.9005 110.5205  10.00   -inf  -nan   4   4   8   4 179.14
    1   2018 04 25 05:41:10.911    20470.911  0.2601 30.9305 110.7605   4.00   -inf  -nan   3   3   6   3 176.71
    2   2018 04 25 09:04:31.652    32671.652  0.2279 30.8505 111.1305   4.00   -inf  -nan  10   4  14   4 210.25
    3   2018 04 25 10:05:17.871    36317.871  0.2853 30.8505 111.1305   6.00   -inf  -nan  12   8  20   7 210.25
    4   2018 04 25 12:50:53.336    46253.336  0.1987 30.9805 110.7805  10.00   -inf  -nan   6   5  11   4 148.02
    5   2018 04 25 13:33:06.299    48786.299  0.3758 30.9305 111.2005   4.00   -inf  -nan   5   4   9   4 279.86
    6   2018 04 25 14:25:15.701    51915.701  0.2581 31.0105 110.1905   0.00   -inf  -nan   3   2   5   2 276.90
    7   2018 04 25 15:30:59.118    55859.118  0.3034 30.9505 110.8005   8.00   -inf  -nan   7   5  12   5 110.17
    8   2018 04 25 15:47:39.726    56859.726  0.3525 30.9405 110.7805  10.00   -inf  -nan  12  11  23  10  92.21
    9   2018 04 25 18:30:50.527    66650.527  0.2130 31.0505 110.2705   0.00   -inf  -nan   3   3   6   3 247.79
   10   2018 04 25 18:50:08.617    67808.617  0.3283 31.0205 110.4405   6.00   -inf  -nan  19  14  33  14  87.12
   11   2018 04 25 18:52:27.852    67947.852  0.2199 31.0605 110.4405   2.00   -inf  -nan   5   5  10   3 200.78
   12   2018 04 25 18:59:34.902    68374.902  0.4446 31.1405 110.4405   6.00   -inf  -nan   3   4   7   2 277.68
   13   2018 04 25 19:04:45.087    68685.087  0.2614 31.0305 110.4405   8.00   -inf  -nan   4   6  10   4 149.14
   14   2018 04 25 19:26:52.111    70012.111  0.3311 31.1705 110.4605   6.00   -inf  -nan   4   4   8   2 246.23
   15   2018 04 25 23:12:25.155    83545.155  0.2365 30.8505 111.1305   4.00   -inf  -nan  12   9  21   8 210.75
   16   2018 04 25 23:43:44.926    85424.926  0.3491 31.0205 110.4605   2.00   -inf  -nan   5   6  11   4 131.96
    1   2018 04 26 00:10:26.738      626.738  0.1657 30.8505 111.1305   6.00   -inf  -nan   8   5  13   5 210.75
    2   2018 04 26 00:11:38.656      698.656  0.1380 30.8505 111.1305   6.00   -inf  -nan   5   4   9   4 210.75
    3   2018 04 26 00:40:53.702     2453.702  0.2243 30.8205 110.6405   6.00   -inf  -nan   4   4   8   3 219.06
    4   2018 04 26 03:21:46.971    12106.971  0.3903 30.8505 111.1305   6.00   -inf  -nan   8   7  15   7 210.75
    5   2018 04 26 04:06:13.293    14773.293  0.3793 30.9005 110.7205   2.00   -inf  -nan   9   3  12   3 143.19
    6   2018 04 26 04:36:21.152    16581.152  0.1821 30.8505 111.1305   6.00   -inf  -nan   8   3  11   3 210.75
    7   2018 04 26 04:52:16.885    17536.885  0.3487 31.3305 110.8305   0.00   -inf  -nan   7   3  10   3 277.91
    8   2018 04 26 06:11:10.668    22270.668  0.4149 30.7005 110.8505   8.00   -inf  -nan   6   3   9   2 221.46
    9   2018 04 26 08:23:01.554    30181.554  0.2229 30.8505 111.1305   4.00   -inf  -nan  11   4  15   4 210.75
   10   2018 04 26 08:45:12.494    31512.494  0.3750 30.7805 110.9305   6.00   -inf  -nan  10   3  13   3 157.56
   11   2018 04 26 09:05:22.885    32722.885  0.1769 30.8105 110.9305   4.00   -inf  -nan   5   2   7   2 106.77
   12   2018 04 26 09:51:35.215    35495.215  0.1883 30.8505 111.1305   4.00   -inf  -nan  11   7  18   7 210.75
   13   2018 04 26 15:50:12.065    57012.065  0.0846 31.0605 110.4405   6.00   -inf  -nan   3   3   6   3 313.31
   14   2018 04 26 16:14:42.836    58482.836  0.3141 31.0605 110.4605   2.00   -inf  -nan   4   6  10   3 201.65
   15   2018 04 26 18:17:11.579    65831.579  0.3755 31.0605 110.4605  10.00   -inf  -nan  14  11  25  10 128.76
   16   2018 04 26 21:41:42.526    78102.526  0.3884 31.0205 110.4405   6.00   -inf  -nan  11  10  21   8 106.55
   17   2018 04 26 22:05:41.868    79541.868  0.1830 30.9305 111.2105   4.00   -inf  -nan   5   2   7   2 292.28
   18   2018 04 26 23:10:01.657    83401.657  0.2014 30.8505 111.1305   6.00   -inf  -nan   9   5  14   5 210.25
   19   2018 04 26 23:11:24.863    83484.863  0.2098 30.8505 111.1305   6.00   -inf  -nan   9   4  13   4 210.25
   20   2018 04 26 23:20:34.997    84034.997  0.3120 30.8205 111.1705   2.00   -inf  -nan  11   6  17   6 240.25
    1   2018 04 27 03:00:26.509    10826.509  0.1823 30.9305 111.3605   6.00   -inf  -nan   7   4  11   3 317.45
    2   2018 04 27 03:06:30.076    11190.076  0.1556 30.8505 111.1305   6.00   -inf  -nan  11   6  17   5 210.25
    3   2018 04 27 03:24:31.598    12271.598  0.2052 30.8505 111.1305   6.00   -inf  -nan   4   4   8   3 210.75
    4   2018 04 27 04:29:29.508    16169.508  0.2388 30.9505 110.9805   0.00   -inf  -nan  11   3  14   3 109.73
    5   2018 04 27 05:50:36.672    21036.672  0.4534 30.9905 110.8005   0.00   -inf  -nan  12   9  21   8  67.62
    6   2018 04 27 06:50:20.293    24620.293  0.1516 30.8505 111.1305   6.00   -inf  -nan   6   5  11   5 210.75
    7   2018 04 27 07:24:06.675    26646.675  0.2030 30.8505 111.1305   6.00   -inf  -nan   7   3  10   3 210.75
    8   2018 04 27 07:36:07.080    27367.080  0.1882 30.9705 111.2405   0.00   -inf  -nan   6   2   8   2 291.14
    9   2018 04 27 08:09:07.322    29347.322  0.4491 31.2005 110.8205   0.00   -inf  -nan   3   3   6   2 260.81
   10   2018 04 27 09:26:29.143    33989.143  0.2178 30.8105 110.9305   4.00   -inf  -nan  11   6  17   5 106.77
   11   2018 04 27 09:41:17.280    34877.280  0.3358 30.9905 110.5205   0.00   -inf  -nan  18  15  33  13  72.00
   12   2018 04 27 10:28:41.442    37721.442  0.4039 31.0805 110.1705   0.00   -inf  -nan  12  12  24  10 193.55
   13   2018 04 27 10:41:51.202    38511.202  0.1551 30.8505 111.1305   6.00   -inf  -nan   9   5  14   5 210.75
   14   2018 04 27 13:23:25.186    48205.186  0.1699 30.9305 111.1705   0.00   -inf  -nan   4   2   6   2 146.89
   15   2018 04 27 15:09:01.147    54541.147  0.1742 30.8905 111.0005   4.00   -inf  -nan   6   2   8   2  91.53
   16   2018 04 27 23:34:28.277    84868.277  0.1771 30.8505 111.1305   4.00   -inf  -nan   8   4  12   4 210.25
   17   2018 04 27 23:35:36.571    84936.571  0.1976 30.8505 111.1305   6.00   -inf  -nan   7   4  11   4 210.75
   18   2018 04 27 23:49:55.003    85795.003  0.2190 30.8505 111.1305   4.00   -inf  -nan  10   5  15   4 210.25
    1   2018 04 28 02:54:05.474    10445.474  0.2202 30.7705 111.1705   0.00   -inf  -nan   5   3   8   2 263.48
    2   2018 04 28 03:06:17.755    11177.755  0.2214 30.9705 111.2005   4.00   -inf  -nan   3   3   6   3 295.63
    3   2018 04 28 04:22:32.444    15752.444  0.4076 30.9005 110.7205   2.00   -inf  -nan  17  11  28  10  94.62
    4   2018 04 28 05:04:27.410    18267.410  0.3448 30.8705 110.9405   0.00   -inf  -nan   8   2  10   2 126.90
    5   2018 04 28 08:08:32.560    29312.560  0.3203 30.9405 110.6305  14.00   -inf  -nan   8   5  13   4  96.82
    6   2018 04 28 08:57:43.252    32263.252  0.4407 30.7805 110.9305   4.00   -inf  -nan   9   6  15   5 157.56
    7   2018 04 28 09:09:51.907    32991.907  0.2290 31.1305 110.0305   8.00   -inf  -nan  11   3  14   2 269.61
    8   2018 04 28 09:29:41.295    34181.295  0.1793 30.8505 111.1205  10.00   -inf  -nan   7   4  11   4 205.95
    9   2018 04 28 09:39:48.702    34788.702  0.3122 30.8905 111.0905   2.00   -inf  -nan   3   4   7   2 157.71
   10   2018 04 28 10:54:40.255    39280.255  0.3478 31.0205 110.7005   0.00   -inf  -nan   6   9  15   5 133.52
   11   2018 04 28 14:48:06.287    53286.287  0.1490 31.0805 110.5005  12.00   -inf  -nan   4   2   6   1 132.67
   12   2018 04 28 18:29:12.667    66552.667  0.1861 30.8905 111.2005   2.00   -inf  -nan   3   2   5   2 270.40
   13   2018 04 28 19:55:33.263    71733.263  0.2254 30.8905 111.0405   2.00   -inf  -nan   6   2   8   1 158.22
   14   2018 04 28 21:20:18.625    76818.625  0.2315 30.9305 111.2005   4.00   -inf  -nan   4   3   7   3 279.86
   15   2018 04 28 21:49:45.695    78585.695  0.4152 31.0605 110.4405   0.00   -inf  -nan   6   9  15   6 113.97
    1   2018 04 29 01:26:01.334     5161.334  0.1579 31.1305 110.6305   0.00   -inf  -nan   5   2   7   2 216.42
    2   2018 04 29 03:19:40.863    11980.863  0.4631 30.9405 110.8205   4.00   -inf  -nan   3   4   7   2 251.40
    3   2018 04 29 03:22:34.633    12154.633  0.1237 31.1305 110.6305   0.00   -inf  -nan   3   2   5   2 287.26
    4   2018 04 29 03:49:14.107    13754.107  0.2510 30.9305 111.3605   8.00   -inf  -nan   9   5  14   4 313.32
    5   2018 04 29 03:57:19.919    14239.919  0.3172 30.9005 110.7205   2.00   -inf  -nan  12   7  19   6  94.62
    6   2018 04 29 04:22:13.014    15733.014  0.3514 31.0505 110.2705   4.00   -inf  -nan   3   8  11   2  73.74
    7   2018 04 29 04:51:41.297    17501.297  0.2851 30.8705 110.9405   0.00   -inf  -nan   8   5  13   4 126.90
    8   2018 04 29 06:19:20.085    22760.085  0.1797 30.9305 111.1705   0.00   -inf  -nan   5   2   7   2 146.89
    9   2018 04 29 09:33:15.860    34395.860  0.1322 30.8505 111.1305   6.00   -inf  -nan   8   7  15   6 210.75
   10   2018 04 29 09:54:43.209    35683.209  0.1575 30.8505 111.1305   6.00   -inf  -nan   9   4  13   4 210.75
   11   2018 04 29 10:00:33.466    36033.466  0.2161 30.7405 110.9105   8.00   -inf  -nan   5   2   7   1 203.46
   12   2018 04 29 14:06:32.337    50792.337  0.3316 30.9805 110.8205   2.00   -inf  -nan   6   5  11   5 144.98
   13   2018 04 29 17:42:22.158    63742.158  0.1302 30.9805 110.8205   2.00   -inf  -nan   3   2   5   2 188.05
   14   2018 04 29 22:37:41.361    81461.361  0.2776 30.8905 111.0005   4.00   -inf  -nan   5   2   7   1 131.70
   15   2018 04 29 23:14:41.291    83681.291  0.1642 30.8505 111.1305   6.00   -inf  -nan   7   4  11   4 210.75
   16   2018 04 29 23:31:25.457    84685.457  0.1389 30.9905 110.8205   0.00   -inf  -nan   9   7  16   6 121.53
    1   2018 04 30 00:25:30.189     1530.189  0.2503 30.7005 110.9305  10.00   -inf  -nan   6   4  10   4 277.51
    2   2018 04 30 01:11:33.451     4293.451  0.1211 30.8505 111.1305   6.00   -inf  -nan   5   5  10   5 210.75
    3   2018 04 30 01:12:18.260     4338.260  0.1936 30.8505 111.1305   4.00   -inf  -nan   9   6  15   6 210.75
    4   2018 04 30 02:30:15.529     9015.529  0.1927 31.3405 110.0905   0.00   -inf  -nan   6   3   9   1 322.79
    5   2018 04 30 02:58:46.347    10726.347  0.1715 30.8205 111.1705   6.00   -inf  -nan   5   3   8   3 245.81
    6   2018 04 30 03:01:51.346    10911.346  0.3736 31.0205 110.4605   2.00   -inf  -nan   6   6  12   4  90.43
    7   2018 04 30 03:10:40.235    11440.235  0.3076 31.0305 110.4405   0.00   -inf  -nan   3   5   8   2 140.98
    8   2018 04 30 03:52:41.042    13961.042  0.3600 30.7805 110.9305   4.00   -inf  -nan   6   5  11   4 157.56
    9   2018 04 30 03:55:13.141    14113.141  0.1982 31.2205 110.1305   6.00   -inf  -nan   5   3   8   1 276.88
   10   2018 04 30 05:25:10.127    19510.127  0.3629 31.0205 110.4405   4.00   -inf  -nan  12  12  24  10  87.12
   11   2018 04 30 05:29:34.121    19774.121  0.3607 31.0205 110.4405   6.00   -inf  -nan  11   8  19   7  87.12
   12   2018 04 30 05:59:03.704    21543.704  0.2427 30.8505 111.1305   4.00   -inf  -nan  10   6  16   6 210.75
   13   2018 04 30 06:26:10.361    23170.361  0.1612 31.0905 110.0705   0.00   -inf  -nan   3   2   5   2 296.86
   14   2018 04 30 06:58:51.121    25131.121  0.1494 30.8505 111.1305   6.00   -inf  -nan   8   4  12   4 210.75
   15   2018 04 30 07:56:45.944    28605.944  0.1788 30.7405 110.8105  18.00   -inf  -nan   8   6  14   5 228.63
   16   2018 04 30 07:57:02.686    28622.686  0.2442 30.7005 110.8105  16.00   -inf  -nan   9  10  19   9 245.02
   17   2018 04 30 08:27:54.716    30474.716  0.2479 30.7705 111.0905   0.00   -inf  -nan   3   4   7   2 274.19
   18   2018 04 30 11:28:30.156    41310.156  0.2150 30.9605 109.9705   8.00   -inf  -nan   9   4  13   4 295.22
   19   2018 04 30 11:54:06.459    42846.459  0.2588 30.8205 110.6605   8.00   -inf  -nan   6   6  12   6 146.47
   20   2018 04 30 12:12:03.727    43923.727  0.3517 31.0505 110.4605   0.00   -inf  -nan   6   8  14   5 111.60
   21   2018 04 30 14:08:46.571    50926.571  0.1970 30.9305 111.2105   4.00   -inf  -nan   4   2   6   2 292.28
   22   2018 04 30 14:23:51.560    51831.560  0.1830 30.9805 110.4405   8.00   -inf  -nan   3   2   5   2 232.46
   23   2018 04 30 19:24:12.475    69852.475  0.3988 31.1405 110.4505  14.00   -inf  -nan   3   2   5   1 247.08
   24   2018 04 30 23:44:35.064    85475.064  0.2520 31.0805 110.1705   0.00   -inf  -nan   6   4  10   4 193.55
   25   2018 04 30 23:48:31.429    85711.429  0.2279 30.8505 111.1605   8.00   -inf  -nan   8   4  12   4 225.53
   26   2018 04 30 23:49:36.048    85776.048  0.1391 30.8505 111.1305   6.00   -inf  -nan   7   3  10   3 210.75
    1   2018 05 01 00:02:39.059      159.059  0.1386 30.8505 111.1305   6.00   -inf  -nan   7   5  12   5 210.75
    2   2018 05 01 01:01:38.972     3698.972  0.1970 30.8905 111.0005   4.00   -inf  -nan   4   2   6   2 216.34
    3   2018 05 01 03:00:39.076    10839.076  0.3935 31.1005 110.4405  10.00   -inf  -nan   3   5   8   2 155.17
    4   2018 05 01 03:35:46.625    12946.625  0.1562 30.9305 111.3605   8.00   -inf  -nan   7   2   9   2 327.58
    5   2018 05 01 05:24:06.652    19446.652  0.2101 30.8505 111.1305   4.00   -inf  -nan  10   4  14   4 210.75
    6   2018 05 01 05:46:03.211    20763.211  0.1869 30.8505 111.1305   6.00   -inf  -nan   9   6  15   5 210.75
    7   2018 05 01 07:56:08.846    28568.846  0.1187 31.0605 110.3005   0.00   -inf  -nan   3   2   5   1 164.98
    8   2018 05 01 09:08:34.588    32914.588  0.1819 30.8505 111.1305   6.00   -inf  -nan   8   5  13   5 210.75
    9   2018 05 01 10:00:58.790    36058.790  0.1584 30.7505 110.8205  18.00   -inf  -nan  11  12  23  11 167.07
   10   2018 05 01 11:14:41.902    40481.902  0.1964 31.1805 110.2105   6.00   -inf  -nan   3   4   7   2 171.77
   11   2018 05 01 13:57:17.167    50237.167  0.1428 30.8505 110.4805   0.00   -inf  -nan   8   6  14   5 194.29
   12   2018 05 01 19:25:39.444    69939.444  0.1979 30.7805 110.7705   8.00   -inf  -nan   4   6  10   4 116.19
   13   2018 05 01 21:53:07.957    78787.957  0.2390 31.0605 110.1305   0.00   -inf  -nan   4   6  10   4 216.83
   14   2018 05 01 23:21:54.716    84114.716  0.2240 30.8505 111.1305   6.00   -inf  -nan   9   5  14   5 284.42
   15   2018 05 01 23:31:26.080    84686.080  0.2755 30.8505 111.1305   4.00   -inf  -nan   9   6  15   5 283.92
    1   2018 05 02 00:21:44.171     1304.171  0.2365 30.8505 111.1305   6.00   -inf  -nan   8   4  12   4 210.75
    2   2018 05 02 01:19:14.993     4754.993  0.4442 30.8105 110.2905   2.00   -inf  -nan   3   2   5   1 263.44
    3   2018 05 02 02:23:35.162     8615.162  0.2668 30.8205 111.1305   6.00   -inf  -nan   6   4  10   4 228.06
    4   2018 05 02 03:03:58.200    11038.200  0.4360 31.0305 110.4405  12.00   -inf  -nan   3   6   9   3  92.86
    5   2018 05 02 03:44:38.934    13478.934  0.3474 31.2805 110.8605   0.00   -inf  -nan   8   3  11   2 283.23
    6   2018 05 02 04:35:43.571    16543.571  0.3399 30.9305 111.0005   8.00   -inf  -nan   3   3   6   1 199.18
    7   2018 05 02 06:33:03.360    23583.360  0.4604 30.9005 110.6405   2.00   -inf  -nan   3   2   5   2 186.42
    8   2018 05 02 07:26:06.331    26766.331  0.3776 31.1305 110.0305  10.00   -inf  -nan   3   3   6   1 269.61
    9   2018 05 02 07:30:56.502    27056.502  0.2784 30.8105 111.0005  12.00   -inf  -nan   3   2   5   1 278.79
   10   2018 05 02 23:29:01.823    84541.823  0.1042 30.8505 111.1305   6.00   -inf  -nan   7   3  10   3 283.92
    1   2018 05 03 01:32:58.634     5578.634  0.1326 30.8505 111.1305   6.00   -inf  -nan   9   4  13   4 210.25
    2   2018 05 03 01:33:33.312     5613.312  0.1781 30.8505 111.1305   4.00   -inf  -nan   7   7  14   6 210.75
    3   2018 05 03 01:35:58.340     5758.340  0.4379 31.0605 110.4405   6.00   -inf  -nan   4   6  10   4 170.49
    4   2018 05 03 03:06:28.236    11188.236  0.2713 31.1405 110.4005   6.00   -inf  -nan   5   2   7   1 228.02
    5   2018 05 03 04:24:23.750    15863.750  0.1970 30.7405 110.8905  14.00   -inf  -nan   3   2   5   1 215.94
    6   2018 05 03 05:45:45.453    20745.453  0.2804 30.9805 110.7805   0.00   -inf  -nan  15   7  22   7  61.61
    7   2018 05 03 06:21:15.843    22875.843  0.2534 30.9405 110.7705  10.00   -inf  -nan   4   6  10   4 173.07
    8   2018 05 03 06:22:20.976    22940.976  0.0970 30.8505 111.1305   6.00   -inf  -nan   8   4  12   4 210.75
    9   2018 05 03 07:28:44.614    26924.614  0.2250 30.7405 110.8905   8.00   -inf  -nan   5   2   7   2 199.16
   10   2018 05 03 07:53:13.267    28393.267  0.3336 31.2605 110.0105   2.00   -inf  -nan  11   6  17   5 300.75
   11   2018 05 03 08:29:35.496    30575.496  0.1207 30.8505 111.1305   6.00   -inf  -nan   8   3  11   3 210.75
   12   2018 05 03 08:30:55.487    30655.487  0.2976 30.8205 111.1705   2.00   -inf  -nan   5   4   9   4 245.81
   13   2018 05 03 08:42:48.924    31368.924  0.3790 31.3005 110.8305   2.00   -inf  -nan   9   6  15   5 272.93
   14   2018 05 03 10:02:50.954    36170.954  0.2166 31.0605 110.6805   0.00   -inf  -nan   3   2   5   2 260.86
   15   2018 05 03 11:16:18.961    40578.961  0.3671 30.9005 110.7205   0.00   -inf  -nan  14  11  25  10  94.62
   16   2018 05 03 17:19:03.769    62343.769  0.3649 31.0305 110.4405   8.00   -inf  -nan   4   6  10   4 149.14
   17   2018 05 03 18:49:54.705    67794.705  0.2260 30.9305 111.2005   4.00   -inf  -nan   4   2   6   2 279.86
   18   2018 05 03 21:18:11.153    76691.153  0.2868 31.2105 110.3805   4.00   -inf  -nan   4   3   7   2 308.74
   19   2018 05 03 21:55:34.829    78934.829  0.2464 31.0905 110.1905   0.00   -inf  -nan   3   3   6   1 181.48
   20   2018 05 03 23:17:47.968    83867.968  0.2511 30.8505 111.1705   4.00   -inf  -nan  13   4  17   4 291.45
   21   2018 05 03 23:18:31.541    83911.541  0.1025 30.8505 111.1305   6.00   -inf  -nan   6   3   9   3 310.20
    1   2018 05 04 00:24:11.380     1451.380  0.1863 30.8505 111.1305   6.00   -inf  -nan   7   5  12   5 284.42
    2   2018 05 04 02:21:49.917     8509.917  0.1227 30.8105 111.2405   0.00   -inf  -nan   3   3   6   3 303.18
    3   2018 05 04 03:32:39.588    12759.588  0.1935 30.9305 111.2005   4.00   -inf  -nan   4   2   6   2 279.86
    4   2018 05 04 03:51:40.467    13900.467  0.3613 31.0605 110.4405   0.00   -inf  -nan   4   2   6   1 170.49
    5   2018 05 04 04:06:52.375    14812.375  0.1648 30.7705 111.1705   0.00   -inf  -nan   7   2   9   1 263.48
    6   2018 05 04 04:08:00.491    14880.491  0.2008 30.8105 111.1705   8.00   -inf  -nan   5   2   7   1 249.55
    7   2018 05 04 04:11:08.864    15068.864  0.2328 31.1705 110.3405   2.00   -inf  -nan   4   2   6   2 252.38
    8   2018 05 04 04:16:45.037    15405.037  0.2482 30.8505 111.1305   6.00   -inf  -nan  12   6  18   6 210.25
    9   2018 05 04 04:21:21.689    15681.689  0.1511 30.8505 110.9305   2.00   -inf  -nan   5   3   8   2 126.21
   10   2018 05 04 04:22:48.247    15768.247  0.3435 30.8605 110.9305   2.00   -inf  -nan   8   3  11   3 117.82
   11   2018 05 04 04:33:42.821    16422.821  0.1713 30.8605 110.9405   0.00   -inf  -nan   6   4  10   3 115.52
   12   2018 05 04 05:12:25.277    18745.277  0.1512 30.7805 111.0505   2.00   -inf  -nan  10   5  15   5 214.37
   13   2018 05 04 05:26:19.915    19579.915  0.3412 30.7705 111.0505   0.00   -inf  -nan  13   6  19   6 218.21
   14   2018 05 04 06:48:52.781    24532.781  0.2519 30.7705 110.7605  12.00   -inf  -nan   9   8  17   7 109.98
   15   2018 05 04 07:01:55.916    25315.916  0.3067 31.0505 110.4705   0.00   -inf  -nan   8   3  11   3 179.00
   16   2018 05 04 07:22:56.429    26576.429  0.4645 30.7705 110.9205   8.00   -inf  -nan  14   8  22   8 187.23
   17   2018 05 04 07:55:00.906    28500.906  0.3354 31.0205 110.4605   0.00   -inf  -nan  10   4  14   4 105.36
   18   2018 05 04 07:56:24.485    28584.485  0.2665 30.7705 111.1705   0.00   -inf  -nan   5   3   8   3 263.48
   19   2018 05 04 08:18:55.519    29935.519  0.1755 30.8505 111.1605   6.00   -inf  -nan   9   3  12   3 227.22
   20   2018 05 04 08:31:59.488    30719.488  0.2822 30.8505 111.1605   8.00   -inf  -nan  11   4  15   4 227.22
   21   2018 05 04 08:43:34.417    31414.417  0.3146 31.2205 110.0505   0.00   -inf  -nan  13   7  20   6 289.11
   22   2018 05 04 09:19:46.103    33586.103  0.1779 30.8505 111.1305   6.00   -inf  -nan  10   6  16   5 210.75
   23   2018 05 04 11:19:08.198    40748.198  0.4081 31.0205 110.4405   4.00   -inf  -nan   4   5   9   2 124.44
   24   2018 05 04 11:46:53.149    42413.149  0.2536 30.9705 111.2405   0.00   -inf  -nan   7   2   9   2 291.14
   25   2018 05 04 17:27:34.926    62854.926  0.3740 31.1805 110.3305   8.00   -inf  -nan   5   2   7   1 181.29
   26   2018 05 04 17:53:03.032    64383.032  0.2901 31.1705 110.3505   0.00   -inf  -nan   3   2   5   1 215.69
   27   2018 05 04 23:25:32.179    84332.179  0.1424 30.8505 111.1305   6.00   -inf  -nan   9   4  13   4 210.25
   28   2018 05 04 23:26:30.756    84390.756  0.1236 30.8505 111.1305   6.00   -inf  -nan   6   3   9   3 210.75
    1   2018 05 05 01:38:39.154     5919.154  0.1945 30.8505 111.1305   4.00   -inf  -nan  12   8  20   7 210.25
    2   2018 05 05 01:39:18.487     5958.487  0.1676 30.8505 111.1305   6.00   -inf  -nan  12   4  16   4 210.25
    3   2018 05 05 04:01:02.916    14462.916  0.3662 30.9405 110.6405   2.00   -inf  -nan   8   3  11   3  81.52
    4   2018 05 05 04:36:11.376    16571.376  0.2794 30.8505 111.1305   4.00   -inf  -nan   9   6  15   5 210.75
    5   2018 05 05 04:38:47.725    16727.725  0.3645 30.9005 110.7805   6.00   -inf  -nan   5   7  12   5 116.94
    6   2018 05 05 06:19:29.774    22769.774  0.2226 30.8505 111.1305   4.00   -inf  -nan  10   5  15   5 210.75
    7   2018 05 05 07:34:39.691    27279.691  0.1332 30.8505 111.1305   6.00   -inf  -nan   5   2   7   2 210.75
    8   2018 05 05 09:25:41.173    33941.173  0.1934 30.8505 111.1305   4.00   -inf  -nan   7   4  11   4 210.75
    9   2018 05 05 09:49:19.244    35359.244  0.1669 31.0505 110.1905   4.00   -inf  -nan   4   5   9   3 255.85
   10   2018 05 05 20:48:43.293    74923.293  0.1263 30.8705 111.0205   4.00   -inf  -nan   5   2   7   2 111.88
   11   2018 05 05 21:54:35.590    78875.590  0.1599 30.8905 111.0105   4.00   -inf  -nan   6   3   9   3  93.56
   12   2018 05 05 23:33:06.982    84786.982  0.1837 30.8505 111.1305   4.00   -inf  -nan  11   5  16   5 210.25
    1   2018 05 06 00:01:46.165      106.165  0.1988 30.9005 110.7805   0.00   -inf  -nan   3   3   6   2 136.65
    2   2018 05 06 02:27:31.512     8851.512  0.2071 30.8505 111.1305   6.00   -inf  -nan   9   8  17   6 210.25
    3   2018 05 06 06:13:29.611    22409.611  0.2312 30.8505 111.1305   6.00   -inf  -nan   4   4   8   4 210.75
    4   2018 05 06 06:18:46.460    22726.460  0.1979 31.0205 110.1305   0.00   -inf  -nan   3   3   6   2 217.65
    5   2018 05 06 06:30:13.212    23413.212  0.1551 30.8505 111.1305   6.00   -inf  -nan   5   5  10   5 210.75
    6   2018 05 06 08:44:21.786    31461.786  0.2106 30.8505 111.1305   6.00   -inf  -nan   8   5  13   5 210.25
    7   2018 05 06 09:59:42.134    35982.134  0.2333 31.1305 110.1105   0.00   -inf  -nan   3   2   5   2 237.40
    8   2018 05 06 12:14:39.404    44079.404  0.4956 31.0105 111.2005   2.00   -inf  -nan   3   2   5   1 247.96
    9   2018 05 06 19:25:35.917    69935.917  0.2264 30.9705 111.2005   2.00   -inf  -nan   3   2   5   2 295.63
   10   2018 05 06 23:11:46.626    83506.626  0.3046 30.8205 111.1705   2.00   -inf  -nan  11   5  16   5 240.25
    1   2018 05 07 00:04:29.300      269.300  0.3221 30.8705 110.8205   2.00   -inf  -nan  15  12  27  12  86.67
    2   2018 05 07 00:24:39.554     1479.554  0.1949 31.0705 110.2005   6.00   -inf  -nan   5   4   9   2 221.55
    3   2018 05 07 00:55:02.431     3302.431  0.3164 30.8105 111.1705   8.00   -inf  -nan   7   5  12   5 242.73
    4   2018 05 07 00:56:19.008     3379.008  0.0952 30.8505 111.1305   6.00   -inf  -nan   5   5  10   5 210.75
    5   2018 05 07 02:00:58.644     7258.644  0.2896 30.8505 111.1305   4.00   -inf  -nan  13   8  21   8 210.25
    6   2018 05 07 02:22:15.643     8535.643  0.1423 30.8905 111.0005   4.00   -inf  -nan   4   2   6   2 216.34
    7   2018 05 07 02:29:23.357     8963.357  0.1991 30.8505 110.8005   6.00   -inf  -nan   3   3   6   2 216.34
    8   2018 05 07 04:47:06.689    17226.689  0.0923 30.8705 110.8205   6.00   -inf  -nan   4   3   7   3 193.83
    9   2018 05 07 04:51:18.949    17478.949  0.1016 30.8705 110.8205   6.00   -inf  -nan   4   3   7   3 193.83
   10   2018 05 07 09:15:38.506    33338.506  0.3879 31.1805 110.0105   6.00   -inf  -nan   3   2   5   1 284.84
   11   2018 05 07 09:16:35.226    33395.226  0.2246 30.8505 111.1305   4.00   -inf  -nan  11   7  18   6 210.25
   12   2018 05 07 09:22:11.949    33731.949  0.2202 30.8505 111.0905   6.00   -inf  -nan   9   4  13   4 170.85
   13   2018 05 07 09:32:36.283    34356.283  0.1456 30.8505 111.1305   6.00   -inf  -nan   4   4   8   4 210.75
   14   2018 05 07 09:40:49.053    34849.053  0.2272 30.8505 111.1605   4.00   -inf  -nan  10   4  14   4 225.53
   15   2018 05 07 13:09:09.381    47349.381  0.2880 30.9305 111.2005   4.00   -inf  -nan   4   3   7   3 279.86
   16   2018 05 07 14:00:27.509    50427.509  0.3342 30.8905 110.7605   2.00   -inf  -nan  17  15  32  14  86.43
   17   2018 05 07 16:18:01.852    58681.852  0.0768 31.0105 110.1905   0.00   -inf  -nan   3   2   5   2 276.90
   18   2018 05 07 16:58:11.993    61091.993  0.0681 31.0105 110.1905   0.00   -inf  -nan   3   2   5   2 276.90
   19   2018 05 07 17:58:44.873    64724.873  0.1968 30.6905 110.9305  10.00   -inf  -nan   9   6  15   6 232.48
   20   2018 05 07 18:02:47.036    64967.036  0.3669 31.1305 110.3005   0.00   -inf  -nan   4   6  10   4 131.46
   21   2018 05 07 18:34:10.484    66850.484  0.2947 31.0205 110.4605   4.00   -inf  -nan   7   5  12   4  90.43
   22   2018 05 07 20:02:43.350    72163.350  0.3868 30.9905 110.8005   8.00   -inf  -nan   7   8  15   5 151.89
   23   2018 05 07 21:37:05.978    77825.978  0.2798 31.0205 110.5005   0.00   -inf  -nan   5   5  10   4 138.32
   24   2018 05 07 23:28:53.372    84533.372  0.2534 31.0605 110.4605   0.00   -inf  -nan   3   5   8   2 165.36
    1   2018 05 08 02:48:38.190    10118.190  0.1446 30.8505 111.1305   6.00   -inf  -nan   7   3  10   3 210.75
    2   2018 05 08 02:49:50.986    10190.986  0.3464 30.8105 111.1705   8.00   -inf  -nan   8   5  13   4 242.73
    3   2018 05 08 03:11:47.430    11507.430  0.2348 30.8505 111.1205   2.00   -inf  -nan   4   2   6   2 205.95
    4   2018 05 08 03:29:02.992    12542.992  0.1954 30.8505 111.1305   6.00   -inf  -nan   8   3  11   3 210.25
    5   2018 05 08 03:44:50.774    13490.774  0.2453 30.7805 110.8905   0.00   -inf  -nan   3   2   5   1 150.65
    6   2018 05 08 04:17:06.707    15426.707  0.1728 30.8505 111.1305   4.00   -inf  -nan   9   5  14   5 210.75
    7   2018 05 08 04:21:58.425    15718.425  0.3348 31.0205 110.4605   0.00   -inf  -nan  10   4  14   3  90.43
    8   2018 05 08 08:59:56.676    32396.676  0.2619 31.2605 110.0505   2.00   -inf  -nan   3   2   5   1 303.28
    9   2018 05 08 09:47:03.761    35223.761  0.1452 30.8505 111.1305   6.00   -inf  -nan   6   5  11   5 210.75
   10   2018 05 08 13:08:18.434    47298.434  0.1590 31.0205 110.7005   0.00   -inf  -nan   3   2   5   2 193.84
   11   2018 05 08 13:30:08.843    48608.843  0.3416 31.0605 110.4405   8.00   -inf  -nan  10   9  19   9 113.97
   12   2018 05 08 14:32:29.046    52349.046  0.1988 31.0305 110.7205  10.00   -inf  -nan   7   8  15   6 143.69
   13   2018 05 08 20:01:49.006    72109.006  0.2022 30.9305 111.1705   0.00   -inf  -nan   4   2   6   2 146.89
   14   2018 05 08 21:10:10.850    76210.850  0.1290 30.9305 111.2005   4.00   -inf  -nan   4   2   6   2 279.86
   15   2018 05 08 22:10:40.028    79840.028  0.2307 31.0505 110.8005  12.00   -inf  -nan  19  14  33  14  94.97
   16   2018 05 08 23:00:57.797    82857.797  0.2508 30.8205 111.1705   2.00   -inf  -nan  10   3  13   2 240.25
   17   2018 05 08 23:02:59.771    82979.771  0.1227 30.8505 111.1305   6.00   -inf  -nan   9   5  14   5 210.25
   18   2018 05 08 23:03:42.312    83022.312  0.3126 30.8505 111.1305   6.00   -inf  -nan  13   9  22   8 210.25
    1   2018 05 09 02:03:06.037     7386.037  0.1885 30.9705 110.0305  12.00   -inf  -nan   6   2   8   1 278.99
    2   2018 05 09 02:20:24.337     8424.337  0.3446 30.8905 111.3605  14.00   -inf  -nan   8   4  12   4 317.83
    3   2018 05 09 03:26:25.145    12385.145  0.2107 30.8905 111.1305   2.00   -inf  -nan   5   4   9   2 164.15
    4   2018 05 09 03:27:40.724    12460.724  0.1308 30.8505 111.1305   6.00   -inf  -nan   8   5  13   5 210.75
    5   2018 05 09 04:01:35.717    14495.717  0.2642 30.8605 110.9305   2.00   -inf  -nan   3   3   6   2 133.95
    6   2018 05 09 04:50:46.850    17446.850  0.2676 30.7505 110.7805   2.00   -inf  -nan   3   2   5   2 148.80
    7   2018 05 09 04:57:57.400    17877.400  0.3370 30.9705 111.2105  12.00   -inf  -nan   6   2   8   2 289.06
    8   2018 05 09 06:56:23.446    24983.446  0.4945 30.8705 110.9405   0.00   -inf  -nan   9   3  12   3  86.65
    9   2018 05 09 07:14:39.124    26079.124  0.3396 30.7105 110.8205  10.00   -inf  -nan   6   2   8   1 228.73
   10   2018 05 09 08:04:26.026    29066.026  0.1471 30.8505 111.1305   6.00   -inf  -nan   8   5  13   5 210.75
   11   2018 05 09 08:34:40.350    30880.350  0.4727 30.8105 111.1305   6.00   -inf  -nan  11   5  16   5 233.30
   12   2018 05 09 09:13:57.496    33237.496  0.1493 30.8505 111.1305   6.00   -inf  -nan   8   4  12   4 210.75
   13   2018 05 09 09:47:20.113    35240.113  0.2609 30.9405 110.7805  10.00   -inf  -nan   5   4   9   3 146.46
   14   2018 05 09 21:55:45.346    78945.346  0.3562 31.0605 110.4405  10.00   -inf  -nan   8   5  13   5 170.49
   15   2018 05 09 23:03:48.308    83028.308  0.1524 30.8505 111.1305   6.00   -inf  -nan   7   4  11   3 210.25
   16   2018 05 09 23:11:19.750    83479.750  0.3212 30.8605 110.4605   0.00   -inf  -nan   4   3   7   2 221.45
    1   2018 05 10 00:16:05.056      965.056  0.1618 30.8505 111.1305   6.00   -inf  -nan  11   6  17   6 210.25
    2   2018 05 10 01:52:55.216     6775.216  0.1683 30.8505 111.1305   6.00   -inf  -nan   4   3   7   3 210.75
    3   2018 05 10 01:54:04.914     6844.914  0.2623 30.8505 111.1305   8.00   -inf  -nan   8   5  13   5 210.25
    4   2018 05 10 03:36:29.573    12989.573  0.4644 30.9705 110.6505   0.00   -inf  -nan   3   2   5   1 148.86
    5   2018 05 10 08:00:32.273    28832.273  0.2040 30.8505 111.1305   6.00   -inf  -nan   5   5  10   4 210.75
    6   2018 05 10 08:28:51.204    30531.204  0.1301 30.8505 111.1305   6.00   -inf  -nan   8   5  13   5 210.25
    7   2018 05 10 09:36:36.393    34596.393  0.2784 30.8505 111.1305   4.00   -inf  -nan   9   7  16   6 210.75
    8   2018 05 10 10:03:41.968    36221.968  0.2824 30.9305 111.2805   4.00   -inf  -nan   4   3   7   3 309.08
    9   2018 05 10 11:32:42.277    41562.277  0.1781 31.2105 110.2605   2.00   -inf  -nan   3   2   5   1 283.85
   10   2018 05 10 11:57:11.265    43031.265  0.4385 30.9405 110.7505   8.00   -inf  -nan   9   8  17   7  68.13
   11   2018 05 10 14:04:54.027    50694.027  0.1715 30.8905 111.2005   2.00   -inf  -nan   3   2   5   2 270.40
   12   2018 05 10 18:28:30.493    66510.493  0.2062 30.9405 110.7805  10.00   -inf  -nan   4   5   9   4 149.06
   13   2018 05 10 18:36:01.813    66961.813  0.1985 30.9405 110.7805  10.00   -inf  -nan   4   4   8   4 165.87
   14   2018 05 10 21:52:10.627    78730.627  0.2148 30.7805 110.7605  10.00   -inf  -nan   6  10  16   6 103.86
   15   2018 05 10 22:16:05.555    80165.555  0.2189 31.0105 110.1905   2.00   -inf  -nan   3   4   7   3 209.70
   16   2018 05 10 23:03:28.872    83008.872  0.2710 30.8505 111.1705   2.00   -inf  -nan  11   4  15   4 291.45
   17   2018 05 10 23:09:01.541    83341.541  0.1504 30.8505 111.1305   6.00   -inf  -nan  10   5  15   5 210.25
    1   2018 05 11 01:50:29.625     6629.625  0.1828 30.8505 111.1305   4.00   -inf  -nan  12   6  18   5 210.25
    2   2018 05 11 02:35:42.683     9342.683  0.3210 30.8905 111.0005   4.00   -inf  -nan   5   2   7   2 124.82
    3   2018 05 11 06:40:12.927    24012.927  0.3690 31.0305 110.4405  10.00   -inf  -nan   7   7  14   5  92.86
    4   2018 05 11 06:40:44.731    24044.731  0.1955 31.1705 110.3405   0.00   -inf  -nan   4   2   6   1 252.38
    5   2018 05 11 08:28:57.309    30537.309  0.4092 30.8105 111.1705   8.00   -inf  -nan  14   6  20   6 242.73
    6   2018 05 11 09:00:42.959    32442.959  0.1691 30.8505 111.1305   6.00   -inf  -nan  10   4  14   4 210.25
    7   2018 05 11 09:02:18.451    32538.451  0.3095 30.8105 111.1705   4.00   -inf  -nan  11   7  18   7 249.55
    8   2018 05 11 10:42:45.437    38565.437  0.3290 30.9005 110.7505   8.00   -inf  -nan  11  13  24   7  87.09
    9   2018 05 11 16:22:45.469    58965.469  0.2071 30.8905 111.0105   4.00   -inf  -nan   7   2   9   2  93.56
   10   2018 05 11 17:51:07.684    64267.684  0.4001 31.0305 110.4405   8.00   -inf  -nan   7   9  16   6  92.86
   11   2018 05 11 17:54:33.458    64473.458  0.3807 31.0605 110.4605   8.00   -inf  -nan  12  14  26  11 120.13
   12   2018 05 11 18:46:56.055    67616.055  0.2034 30.9805 110.5005   0.00   -inf  -nan   4   4   8   4 149.19
   13   2018 05 11 21:33:38.410    77618.410  0.2754 30.7805 110.7705  10.00   -inf  -nan   9  13  22   9 110.23
   14   2018 05 11 21:33:54.606    77634.606  0.2493 30.7805 110.7705   6.00   -inf  -nan   4   4   8   3 116.19
   15   2018 05 11 22:55:30.853    82530.853  0.1215 30.8505 111.1305   6.00   -inf  -nan   9   4  13   4 210.25
   16   2018 05 11 23:17:05.744    83825.744  0.2131 30.8505 111.1305   4.00   -inf  -nan   9   4  13   4 210.25
    1   2018 05 12 02:50:44.887    10244.887  0.3494 31.0905 110.1505   6.00   -inf  -nan   8   9  17   5 207.20
    2   2018 05 12 03:19:46.154    11986.154  0.3443 30.8505 110.0705   0.00   -inf  -nan   4   2   6   1 317.08
    3   2018 05 12 04:25:03.589    15903.589  0.1690 30.8105 111.1705   2.00   -inf  -nan   6   2   8   2 249.55
    4   2018 05 12 04:44:10.740    17050.740  0.1970 30.8505 111.1305   4.00   -inf  -nan  12   5  17   5 210.25
    5   2018 05 12 04:45:02.010    17102.010  0.2336 30.8505 111.1305   4.00   -inf  -nan  10   7  17   6 210.25
    6   2018 05 12 04:54:12.258    17652.258  0.2750 30.8305 111.1405   2.00   -inf  -nan   9   5  14   4 223.39
    7   2018 05 12 06:46:19.083    24379.083  0.3479 31.0605 110.2505  12.00   -inf  -nan  17   4  21   4 141.42
    8   2018 05 12 07:23:24.362    26604.362  0.2037 30.9305 111.1705   0.00   -inf  -nan   4   2   6   2 146.89
    9   2018 05 12 07:50:49.719    28249.719  0.3150 30.8505 110.9505   0.00   -inf  -nan  11   4  15   4 103.81
   10   2018 05 12 15:38:45.778    56325.778  0.3176 31.0205 110.4405   6.00   -inf  -nan  20  16  36  16  87.12
   11   2018 05 12 17:29:26.629    62966.629  0.3438 31.1805 110.1305  10.00   -inf  -nan   3   2   5   1 247.42
   12   2018 05 12 18:38:48.280    67128.280  0.2932 31.0505 110.4705   0.00   -inf  -nan   6   5  11   4 113.45
   13   2018 05 12 20:11:42.336    72702.336  0.3072 31.0905 110.2305   6.00   -inf  -nan   5   7  12   5 252.36
   14   2018 05 12 20:47:20.841    74840.841  0.2682 30.8905 111.0005   4.00   -inf  -nan   7   2   9   2 131.70
   15   2018 05 12 22:53:01.447    82381.447  0.2006 30.8505 111.1305   6.00   -inf  -nan  11   6  17   5 210.25
   16   2018 05 12 23:20:38.579    84038.579  0.1723 30.8505 111.1305   8.00   -inf  -nan  10   4  14   4 210.25
   17   2018 05 12 23:28:44.983    84524.983  0.2520 30.8505 111.1305   6.00   -inf  -nan  13  10  23  10 210.25
    1   2018 05 13 01:55:40.319     6940.319  0.4158 31.0905 110.0705   4.00   -inf  -nan   4   4   8   3 283.16
    2   2018 05 13 03:26:20.113    12380.113  0.4990 30.9705 111.0405  16.00   -inf  -nan   3   2   5   1 244.51
    3   2018 05 13 04:33:21.570    16401.570  0.2747 30.7405 110.8505   8.00   -inf  -nan   3   2   5   2 192.15
    4   2018 05 13 04:55:06.740    17706.740  0.3123 31.0905 110.7905   0.00   -inf  -nan  14   4  18   3 109.96
    5   2018 05 13 07:08:26.361    25706.361  0.1112 30.7905 110.9405   4.00   -inf  -nan   6   4  10   4 219.06
    6   2018 05 13 08:51:37.078    31897.078  0.4892 30.7805 110.9405   4.00   -inf  -nan   7   8  15   3 186.07
    7   2018 05 13 09:13:50.465    33230.465  0.4261 30.7705 111.0905   0.00   -inf  -nan   3   4   7   3 243.22
    8   2018 05 13 09:52:18.492    35538.492  0.0646 30.9305 111.3605  10.00   -inf  -nan   4   2   6   1 320.89
    9   2018 05 13 10:04:01.609    36241.609  0.3420 30.9305 110.2105   0.00   -inf  -nan   3   2   5   1 354.02
   10   2018 05 13 10:15:44.981    36944.981  0.1764 30.8505 111.1305   6.00   -inf  -nan  10   7  17   7 210.25
   11   2018 05 13 10:41:52.553    38512.553  0.2096 30.7405 110.8305  10.00   -inf  -nan  10   3  13   3 183.33
   12   2018 05 13 16:33:25.874    59605.874  0.3258 31.0905 110.1905   2.00   -inf  -nan   4   5   9   4 250.52
   13   2018 05 13 16:46:05.963    60365.963  0.1004 31.0905 110.3105   6.00   -inf  -nan   3   3   6   3 252.80
   14   2018 05 13 17:01:44.518    61304.518  0.1549 30.9305 111.2005   4.00   -inf  -nan   4   2   6   2 279.86
   15   2018 05 13 17:29:54.536    62994.536  0.2344 31.0905 110.4605   2.00   -inf  -nan   3   2   5   2 208.04
   16   2018 05 13 20:01:43.546    72103.546  0.2065 31.0805 110.2105   2.00   -inf  -nan   5   6  11   4 167.57
   17   2018 05 13 21:49:09.635    78549.635  0.4207 31.0605 110.4405   2.00   -inf  -nan   4   7  11   4 113.97
   18   2018 05 13 22:50:09.724    82209.724  0.3678 31.0305 110.3205   8.00   -inf  -nan   5   5  10   4 151.65
   19   2018 05 13 23:28:49.065    84529.065  0.3256 30.8905 110.7605   6.00   -inf  -nan   3   2   5   2 208.90
   20   2018 05 13 23:42:43.828    85363.828  0.2828 30.8505 111.1305   4.00   -inf  -nan  12   8  20   8 210.25
    1   2018 05 14 02:16:22.009     8182.009  0.3930 30.8105 111.1705   8.00   -inf  -nan   9   7  16   7 242.73
    2   2018 05 14 02:16:58.641     8218.641  0.2293 30.8505 111.1305   6.00   -inf  -nan   6   4  10   4 210.75
    3   2018 05 14 02:30:47.090     9047.090  0.2782 31.0905 110.5105  20.00   -inf  -nan   3   2   5   1 154.00
    4   2018 05 14 02:39:11.403     9551.403  0.2633 30.5905 110.7805  12.00   -inf  -nan   4   2   6   2 255.91
    5   2018 05 14 02:50:59.896    10259.896  0.2174 30.8505 111.1305   6.00   -inf  -nan   7   4  11   4 210.25
    6   2018 05 14 02:52:33.091    10353.091  0.3217 30.8505 111.1605  10.00   -inf  -nan   4   3   7   3 227.22
    7   2018 05 14 03:49:25.062    13765.062  0.2768 30.7305 111.2105   4.00   -inf  -nan   6   5  11   4 284.08
    8   2018 05 14 03:50:15.567    13815.567  0.4822 30.7905 110.8605  14.00   -inf  -nan   4   2   6   1 158.91
    9   2018 05 14 07:11:08.775    25868.775  0.1638 30.8505 111.1305   6.00   -inf  -nan   8   6  14   6 210.25
   10   2018 05 14 08:03:36.560    29016.560  0.2095 31.0005 109.9705   6.00   -inf  -nan   3   3   6   2 288.12
   11   2018 05 14 08:55:56.794    32156.794  0.3817 30.9905 110.8005   0.00   -inf  -nan  13   8  21   7  67.62
   12   2018 05 14 10:12:14.920    36734.920  0.2239 31.2205 110.0905   0.00   -inf  -nan   6   4  10   4 283.12
   13   2018 05 14 10:16:16.272    36976.272  0.3886 31.2405 110.0505   8.00   -inf  -nan   6   3   9   2 296.31
   14   2018 05 14 10:26:13.384    37573.384  0.2653 30.8105 111.1605   4.00   -inf  -nan   9   8  17   7 238.50
   15   2018 05 14 10:47:30.828    38850.828  0.2062 30.8505 110.4105  12.00   -inf  -nan   3   2   5   1 247.67
   16   2018 05 14 13:20:30.918    48030.918  0.3618 31.0605 110.4405   2.00   -inf  -nan   4   4   8   3 210.58
   17   2018 05 14 15:36:48.416    56208.416  0.2041 30.8505 111.0905   6.00   -inf  -nan   4   5   9   4 170.85
   18   2018 05 14 16:13:43.323    58423.323  0.1883 31.2105 110.3005   0.00   -inf  -nan   3   3   6   1 289.95
   19   2018 05 14 16:37:15.129    59835.129  0.3841 31.2205 110.3705   4.00   -inf  -nan   8   8  16   6 190.10
   20   2018 05 14 17:47:12.502    64032.502  0.2682 30.8505 110.4905   0.00   -inf  -nan   6   6  12   5 176.66
   21   2018 05 14 18:19:27.786    65967.786  0.2100 31.1305 110.3005   0.00   -inf  -nan   6   2   8   2 131.46
   22   2018 05 14 19:52:35.919    71555.919  0.1942 30.7805 110.7705  10.00   -inf  -nan   8   8  16   7 116.19
   23   2018 05 14 21:04:16.911    75856.911  0.1383 31.0905 110.4305   0.00   -inf  -nan   3   2   5   2 304.48
   24   2018 05 14 23:03:50.933    83030.933  0.2223 30.8505 111.1305   6.00   -inf  -nan   6   4  10   3 210.75
   25   2018 05 14 23:04:31.317    83071.317  0.2387 30.8505 111.1305   6.00   -inf  -nan   6   4  10   4 210.75
   26   2018 05 14 23:10:35.123    83435.123  0.2518 30.8505 111.1305   4.00   -inf  -nan   7   6  13   5 210.25
    1   2018 05 15 02:07:51.663     7671.663  0.1132 30.8905 111.3605   8.00   -inf  -nan   4   2   6   2 324.59
    2   2018 05 15 04:33:38.501    16418.501  0.3126 31.1405 110.0605  10.00   -inf  -nan  10   4  14   3 261.43
    3   2018 05 15 04:40:13.617    16813.617  0.3732 30.8905 110.7205   0.00   -inf  -nan  11  10  21   9  97.68
    4   2018 05 15 05:22:47.014    19367.014  0.3735 31.0905 110.2705   0.00   -inf  -nan   4   6  10   3 206.57
    5   2018 05 15 05:32:26.971    19946.971  0.3759 31.0605 110.4405   2.00   -inf  -nan   3   3   6   2 210.58
    6   2018 05 15 05:58:52.575    21532.575  0.3547 31.0605 110.4405  10.00   -inf  -nan   4   4   8   1 154.06
    7   2018 05 15 06:18:47.151    22727.151  0.1730 30.8505 111.1305   6.00   -inf  -nan   3   4   7   1 210.75
    8   2018 05 15 07:05:24.564    25524.564  0.4292 30.9905 110.4005   0.00   -inf  -nan   8   8  16   5  74.63
    9   2018 05 15 07:22:20.659    26540.659  0.4424 30.9805 110.4005   0.00   -inf  -nan   8   7  15   6  82.74
   10   2018 05 15 08:58:11.162    32291.162  0.4924 31.1005 110.3305  10.00   -inf  -nan   3   2   5   2 135.46
   11   2018 05 15 09:08:34.341    32914.341  0.1475 30.8505 111.1305   6.00   -inf  -nan   4   3   7   1 284.42
   12   2018 05 15 09:09:41.640    32981.640  0.1812 30.8505 111.1305   4.00   -inf  -nan   4   6  10   4 210.75
   13   2018 05 15 09:13:29.587    33209.587  0.4074 30.9105 111.0205  20.00   -inf  -nan   3   2   5   2 270.81
   14   2018 05 15 09:29:10.075    34150.075  0.1934 30.8505 111.1305   4.00   -inf  -nan   7   5  12   4 210.75
   15   2018 05 15 10:12:12.312    36732.312  0.0891 30.9305 110.8005   8.00   -inf  -nan   3   2   5   2 224.58
   16   2018 05 15 16:42:42.801    60162.801  0.2586 30.9705 111.2105   0.00   -inf  -nan   7   2   9   2 260.90
   17   2018 05 15 16:57:18.796    61038.796  0.3945 30.9505 110.8605  12.00   -inf  -nan   6   5  11   2 115.25
   18   2018 05 15 17:24:48.664    62688.664  0.2604 31.1205 110.2105   2.00   -inf  -nan   4   3   7   2 169.90
   19   2018 05 15 20:45:16.386    74716.386  0.2183 31.1305 110.4305  14.00   -inf  -nan   3   2   5   2 309.72
   20   2018 05 15 23:13:56.240    83636.240  0.1143 30.8505 111.1305   6.00   -inf  -nan   7   3  10   3 210.25
   21   2018 05 15 23:27:33.163    84453.163  0.2328 30.8505 111.1305   4.00   -inf  -nan   6   4  10   4 210.75
    1   2018 05 16 01:32:56.462     5576.462  0.2340 30.8905 111.0405   2.00   -inf  -nan   5   2   7   2 125.40
    2   2018 05 16 01:43:18.756     6198.756  0.1435 30.8905 111.0405   4.00   -inf  -nan   3   2   5   1 135.69
    3   2018 05 16 01:46:52.372     6412.372  0.1892 30.8505 111.1305   6.00   -inf  -nan   7   7  14   7 210.75
    4   2018 05 16 02:17:11.893     8231.893  0.4297 30.9805 110.3805   0.00   -inf  -nan   8   6  14   4  81.13
    5   2018 05 16 02:55:52.063    10552.063  0.1427 31.0005 110.0105  12.00   -inf  -nan   4   2   6   2 277.68
    6   2018 05 16 02:58:00.627    10680.627  0.2294 31.1805 110.3705   6.00   -inf  -nan   5   2   7   1 205.95
    7   2018 05 16 04:39:38.106    16778.106  0.3138 30.7405 110.9305   4.00   -inf  -nan   7   6  13   4 207.91
    8   2018 05 16 08:01:35.564    28895.564  0.2430 31.2605 110.2105  20.00   -inf  -nan   5   4   9   4 281.15
    9   2018 05 16 08:51:58.983    31918.983  0.1427 30.8505 111.1305   6.00   -inf  -nan   4   2   6   2 210.75
   10   2018 05 16 09:11:41.136    33101.136  0.2735 30.8105 110.9205   0.00   -inf  -nan   5   5  10   3  90.01
   11   2018 05 16 14:27:40.837    52060.837  0.3291 31.1705 110.3005   4.00   -inf  -nan   9  12  21   9 158.90
   12   2018 05 16 19:51:35.501    71495.501  0.3566 31.0605 110.4805   0.00   -inf  -nan  17  14  31  14 141.43
   13   2018 05 16 20:22:57.608    73377.608  0.3617 31.0605 110.4805   4.00   -inf  -nan   4   6  10   4 175.68
   14   2018 05 16 23:03:44.632    83024.632  0.1824 30.8505 111.1305   6.00   -inf  -nan   8   7  15   7 210.25
   15   2018 05 16 23:21:39.114    84099.114  0.2109 30.8505 111.1305   6.00   -inf  -nan   9   5  14   5 210.25
    1   2018 05 17 01:29:40.476     5380.476  0.1979 30.8505 111.1305   4.00   -inf  -nan   6   3   9   3 210.75
    2   2018 05 17 01:30:12.981     5412.981  0.1626 30.8505 111.1305   6.00   -inf  -nan   6   3   9   3 210.75
    3   2018 05 17 01:56:12.335     6972.335  0.2936 30.8205 111.2105   8.00   -inf  -nan   5   4   9   4 265.16
    4   2018 05 17 04:01:24.943    14484.943  0.2709 30.8905 111.3605  12.00   -inf  -nan   3   2   5   1 324.59
    5   2018 05 17 04:19:24.867    15564.867  0.4199 30.9005 110.7205   0.00   -inf  -nan  11   4  15   3  94.62
    6   2018 05 17 04:34:08.994    16448.994  0.3935 30.8105 111.0505   0.00   -inf  -nan  11   8  19   7 202.16
    7   2018 05 17 04:44:13.725    17053.725  0.2061 31.2505 110.3505   2.00   -inf  -nan   4   2   6   1 263.13
    8   2018 05 17 04:59:12.242    17952.242  0.1790 30.8505 111.1305   6.00   -inf  -nan   8   5  13   5 210.25
    9   2018 05 17 05:03:21.343    18201.343  0.2909 30.9305 111.2405   0.00   -inf  -nan   3   2   5   2 300.87
   10   2018 05 17 06:03:46.271    21826.271  0.1944 30.8505 111.1305   6.00   -inf  -nan   8   5  13   5 210.25
   11   2018 05 17 07:58:46.571    28726.571  0.1599 30.8505 111.1305   6.00   -inf  -nan   7   5  12   5 210.75
   12   2018 05 17 08:35:49.084    30949.084  0.3724 30.9705 110.3705   6.00   -inf  -nan   8   4  12   3  88.31
   13   2018 05 17 08:47:53.345    31673.345  0.2586 30.7405 110.8105  12.00   -inf  -nan   8   3  11   3 174.30
   14   2018 05 17 10:07:57.951    36477.951  0.3887 30.7905 110.9005   0.00   -inf  -nan   8   4  12   3 127.42
   15   2018 05 17 10:13:19.828    36799.828  0.1818 30.9305 110.7605  10.00   -inf  -nan   4   6  10   4 136.17
   16   2018 05 17 10:13:29.947    36809.947  0.1040 30.9305 110.7605  10.00   -inf  -nan   4   3   7   2 183.49
   17   2018 05 17 10:20:44.899    37244.899  0.1210 30.8505 111.1305   6.00   -inf  -nan   6   5  11   4 210.75
   18   2018 05 17 10:24:51.316    37491.316  0.1850 30.9305 110.7605  10.00   -inf  -nan   9  11  20   9 118.39
   19   2018 05 17 10:25:14.334    37514.334  0.1768 30.9405 110.7605   8.00   -inf  -nan   6   4  10   3 124.19
   20   2018 05 17 10:27:05.564    37625.564  0.2077 30.9305 110.7605  10.00   -inf  -nan  13   7  20   6  70.95
   21   2018 05 17 10:27:22.552    37642.552  0.2027 30.9305 110.7605   8.00   -inf  -nan   4   7  11   2 110.38
   22   2018 05 17 10:29:50.286    37790.286  0.3912 30.9305 110.7605  18.00   -inf  -nan   3   6   9   2 148.41
   23   2018 05 17 10:30:46.187    37846.187  0.1745 30.9305 110.7605  12.00   -inf  -nan  13   5  18   4  70.95
   24   2018 05 17 10:37:25.922    38245.922  0.1982 30.9305 110.7605  10.00   -inf  -nan  14   9  23   9  96.54
   25   2018 05 17 10:40:59.879    38459.879  0.1242 30.9305 110.7605  10.00   -inf  -nan   6   7  13   6 167.92
   26   2018 05 17 10:47:53.947    38873.947  0.1995 30.9305 110.7605  10.00   -inf  -nan  14  12  26  12  96.54
   27   2018 05 17 10:51:06.022    39066.022  0.1089 30.9305 110.7605  10.00   -inf  -nan   5   5  10   4 158.01
   28   2018 05 17 10:52:38.443    39158.443  0.2091 30.9305 110.7605  10.00   -inf  -nan   7   8  15   7 118.39
   29   2018 05 17 11:05:38.779    39938.779  0.1646 30.9305 110.7605  12.00   -inf  -nan   7   8  15   7 118.39
   30   2018 05 17 11:08:39.627    40119.627  0.2612 30.9305 110.7605  10.00   -inf  -nan  16  12  28  12  70.95
   31   2018 05 17 11:51:18.122    42678.122  0.3712 30.9405 110.7605  12.00   -inf  -nan   3   4   7   2 116.03
   32   2018 05 17 12:06:48.159    43608.159  0.1170 30.9705 110.7605   8.00   -inf  -nan   4   4   8   1 193.37
   33   2018 05 17 12:07:03.926    43623.926  0.1120 30.9305 110.7605  12.00   -inf  -nan   4   5   9   2 167.92
   34   2018 05 17 12:10:52.772    43852.772  0.1348 30.9305 110.7605  10.00   -inf  -nan   4   8  12   4 118.39
   35   2018 05 17 12:21:13.622    44473.622  0.0858 30.9305 110.7605  10.00   -inf  -nan   4   4   8   2 167.92
   36   2018 05 17 14:59:33.364    53973.364  0.2213 30.9405 110.7605  10.00   -inf  -nan   7   8  15   3 124.19
   37   2018 05 17 18:23:35.242    66215.242  0.2073 30.9305 110.7605  10.00   -inf  -nan  15  13  28  13  96.54
   38   2018 05 17 18:52:37.731    67957.731  0.1979 30.9305 110.7605  10.00   -inf  -nan  10   9  19   7 118.39
   39   2018 05 17 20:45:39.240    74739.240  0.3524 30.9305 110.7605  14.00   -inf  -nan   3   6   9   3 167.92
   40   2018 05 17 20:48:12.503    74892.503  0.1958 30.9305 110.7605  12.00   -inf  -nan  15  11  26  10  70.95
   41   2018 05 17 20:56:12.502    75372.502  0.1177 30.9305 110.7605  10.00   -inf  -nan   4   6  10   4 167.92
   42   2018 05 17 22:11:21.385    79881.385  0.1469 30.9305 110.7605  10.00   -inf  -nan   3   6   9   3 197.95
    1   2018 05 18 00:55:01.871     3301.871  0.2140 30.8505 111.1305   6.00   -inf  -nan   7   6  13   5 210.25
    2   2018 05 18 01:23:42.162     5022.162  0.2869 30.8605 111.1405   6.00   -inf  -nan   9   4  13   4 209.60
    3   2018 05 18 01:44:03.721     6243.721  0.2326 30.9105 110.7605  12.00   -inf  -nan  17   8  25   8  79.17
    4   2018 05 18 01:44:53.363     6293.363  0.2600 30.9405 110.7605  10.00   -inf  -nan  17  13  30  13  64.29
    5   2018 05 18 01:46:15.098     6375.098  0.2531 30.9405 110.7605  10.00   -inf  -nan   9  10  19   9 127.90
    6   2018 05 18 01:51:16.122     6676.122  0.2305 30.9405 110.7605  10.00   -inf  -nan   7   9  16   7 127.90
    7   2018 05 18 01:56:39.995     6999.995  0.2525 30.9405 110.7605  10.00   -inf  -nan  16  15  31  14  64.29
    8   2018 05 18 02:56:15.832    10575.832  0.2155 30.9405 110.7605  10.00   -inf  -nan   5   6  11   5 128.27
    9   2018 05 18 03:01:25.284    10885.284  0.1633 30.8505 111.1305   4.00   -inf  -nan   9   4  13   4 210.75
   10   2018 05 18 03:02:08.566    10928.566  0.1769 30.8505 111.1305   6.00   -inf  -nan   8   5  13   5 210.75
   11   2018 05 18 03:22:01.887    12121.887  0.2268 30.8505 111.1305   4.00   -inf  -nan   7   6  13   5 210.75
   12   2018 05 18 03:24:06.539    12246.539  0.2614 30.9505 110.7605  10.00   -inf  -nan  13  13  26  11  87.10
   13   2018 05 18 04:05:51.963    14751.963  0.1735 30.9405 110.7605  10.00   -inf  -nan   9   9  18   8  89.30
   14   2018 05 18 04:10:41.818    15041.818  0.1499 30.7705 111.1705   0.00   -inf  -nan   7   2   9   2 251.57
   15   2018 05 18 04:17:22.213    15442.213  0.3202 30.7705 111.1705   8.00   -inf  -nan   8   5  13   4 263.48
   16   2018 05 18 06:33:53.613    23633.613  0.2242 31.1805 110.3605   0.00   -inf  -nan   7   3  10   1 232.69
   17   2018 05 18 07:10:35.952    25835.952  0.2975 31.0905 110.2705   0.00   -inf  -nan  10   8  18   8 220.41
   18   2018 05 18 07:13:41.736    26021.736  0.1784 30.9405 110.7805   8.00   -inf  -nan   4   6  10   3 146.46
   19   2018 05 18 07:26:52.857    26812.857  0.2555 30.9305 110.7505  10.00   -inf  -nan  15  14  29  12  69.87
   20   2018 05 18 07:27:37.740    26857.740  0.2152 30.9405 110.7805   8.00   -inf  -nan   8   5  13   4  92.21
   21   2018 05 18 07:46:38.715    27998.715  0.0614 30.9305 110.7605  10.00   -inf  -nan   4   3   7   3 176.71
   22   2018 05 18 09:20:59.247    33659.247  0.2685 30.9005 110.7205   4.00   -inf  -nan  14   7  21   7  94.62
   23   2018 05 18 09:53:00.269    35580.269  0.1452 30.8505 111.1305   6.00   -inf  -nan   9   5  14   5 210.25
   24   2018 05 18 11:15:53.388    40553.388  0.4128 31.0205 110.4805   0.00   -inf  -nan   4   5   9   4 144.06
   25   2018 05 18 11:20:00.324    40800.324  0.3346 30.9705 110.4705   0.00   -inf  -nan   3   4   7   2 141.87
   26   2018 05 18 17:50:15.811    64215.811  0.2251 30.9405 110.7605  10.00   -inf  -nan  17  13  30  13  64.29
   27   2018 05 18 17:51:24.894    64284.894  0.2062 30.9405 110.7605  10.00   -inf  -nan   7   7  14   5 127.90
   28   2018 05 18 17:51:42.687    64302.687  0.3778 30.9305 110.7605   8.00   -inf  -nan  13  13  26  11  71.26
   29   2018 05 18 17:51:53.342    64313.342  0.2087 30.9405 110.7605  10.00   -inf  -nan   4   2   6   2 144.50
   30   2018 05 18 17:52:28.866    64348.866  0.3139 30.9305 110.7605  12.00   -inf  -nan   7   8  15   4 109.83
   31   2018 05 18 17:53:24.242    64404.242  0.1722 30.9405 110.7405  12.00   -inf  -nan   3   2   5   2 127.75
   32   2018 05 18 17:54:35.342    64475.342  0.3962 30.9405 110.7805  12.00   -inf  -nan  15  14  29  12  62.87
   33   2018 05 18 17:58:47.178    64727.178  0.1561 30.9405 110.7605  10.00   -inf  -nan   4   3   7   3 144.50
   34   2018 05 18 17:59:27.229    64767.229  0.1639 30.9305 110.7605  10.00   -inf  -nan   7   3  10   1  96.54
   35   2018 05 18 17:59:41.830    64781.830  0.2985 30.9405 110.7605  10.00   -inf  -nan  11  11  22  10  89.30
   36   2018 05 18 17:59:56.517    64796.517  0.2953 30.9005 110.7405  10.00   -inf  -nan   7   8  15   7 135.10
   37   2018 05 18 18:00:41.171    64841.171  0.4189 30.9005 110.7205   0.00   -inf  -nan   4   3   7   1 143.19
   38   2018 05 18 18:02:43.032    64963.032  0.2205 30.9305 110.7505  10.00   -inf  -nan   5   7  12   3 111.08
   39   2018 05 18 18:03:06.262    64986.262  0.2960 30.9405 110.7405  12.00   -inf  -nan   5   4   9   3 114.46
   40   2018 05 18 18:32:37.642    66757.642  0.4167 30.9405 110.7805  12.00   -inf  -nan  15  16  31  15  92.21
   41   2018 05 18 18:33:57.266    66837.266  0.2113 30.9405 110.7605  10.00   -inf  -nan  12  12  24  10  77.93
   42   2018 05 18 18:35:13.834    66913.834  0.1809 30.9405 110.7605  10.00   -inf  -nan   6   7  13   4 110.97
   43   2018 05 18 18:55:05.689    68105.689  0.3127 30.9405 110.7805  12.00   -inf  -nan   7   8  15   5  92.21
   44   2018 05 18 18:55:20.478    68120.478  0.1652 30.9305 110.7605  10.00   -inf  -nan   6   4  10   2 120.80
   45   2018 05 18 19:11:55.018    69115.018  0.1334 30.9305 110.7605  10.00   -inf  -nan   9  11  20   9  96.54
   46   2018 05 18 19:14:34.662    69274.662  0.1954 30.9405 110.7605  10.00   -inf  -nan  12  10  22  10  89.30
   47   2018 05 18 20:01:39.462    72099.462  0.3382 30.9405 110.7805  12.00   -inf  -nan  11  11  22   9  92.21
   48   2018 05 18 23:24:34.962    84274.962  0.2642 30.8205 111.1705   6.00   -inf  -nan  11   6  17   6 245.81
   49   2018 05 18 23:25:26.252    84326.252  0.1702 30.8505 111.1305   6.00   -inf  -nan  10   6  16   5 210.25
    1   2018 05 19 00:18:01.824     1081.824  0.1930 30.8505 111.1305   6.00   -inf  -nan   9   4  13   4 210.75
    2   2018 05 19 01:07:59.408     4079.408  0.1791 30.8505 111.1305   6.00   -inf  -nan  10   4  14   4 210.75
    3   2018 05 19 01:12:33.332     4353.332  0.1633 30.8505 111.1305   4.00   -inf  -nan  10   4  14   4 210.75
    4   2018 05 19 01:51:23.993     6683.993  0.2316 30.8605 111.1905  10.00   -inf  -nan   8   2  10   1 243.51
    5   2018 05 19 03:23:36.148    12216.148  0.3813 31.1005 110.2405   6.00   -inf  -nan  14   8  22   7 244.26
    6   2018 05 19 06:07:24.601    22044.601  0.2310 30.8505 111.1605   8.00   -inf  -nan   6   3   9   3 227.22
    7   2018 05 19 06:21:12.730    22872.730  0.2808 30.9705 110.3905   0.00   -inf  -nan  11   2  13   1  92.49
    8   2018 05 19 06:26:08.318    23168.318  0.3825 31.1305 110.0705   2.00   -inf  -nan  12   7  19   7 289.54
    9   2018 05 19 06:27:00.581    23220.581  0.2988 30.9605 110.0105  12.00   -inf  -nan   5   2   7   2 318.27
   10   2018 05 19 06:31:32.854    23492.854  0.2789 31.1705 110.3805   0.00   -inf  -nan   9   7  16   4 235.83
   11   2018 05 19 06:33:25.997    23605.997  0.2549 30.8505 111.1605   8.00   -inf  -nan   8   3  11   3 227.22
   12   2018 05 19 07:06:20.403    25580.403  0.2510 30.9905 110.6405  20.00   -inf  -nan   4   2   6   2 159.27
   13   2018 05 19 07:36:48.515    27408.515  0.1070 30.8805 110.2105  10.00   -inf  -nan   3   2   5   1 261.07
   14   2018 05 19 07:43:47.552    27827.552  0.1949 30.9005 110.5205  16.00   -inf  -nan   3   2   5   2 183.30
   15   2018 05 19 09:32:25.815    34345.815  0.1734 30.9305 111.2005   4.00   -inf  -nan   3   2   5   2 279.86
   16   2018 05 19 10:33:05.458    37985.458  0.2299 30.8505 111.1205   0.00   -inf  -nan  10   6  16   6 205.95
   17   2018 05 19 13:53:19.565    49999.565  0.2695 31.0505 110.2705   2.00   -inf  -nan   3   3   6   2 223.54
   18   2018 05 19 15:06:07.490    54367.490  0.1944 30.9005 110.7805   8.00   -inf  -nan   3   3   6   3 293.44
   19   2018 05 19 15:07:28.448    54448.448  0.2185 30.9405 110.7605  10.00   -inf  -nan   6   7  13   5 127.90
   20   2018 05 19 16:19:51.159    58791.159  0.4063 31.0205 110.8205   0.00   -inf  -nan   4   3   7   2 161.67
   21   2018 05 19 17:50:09.133    64209.133  0.1030 30.8905 110.8005   8.00   -inf  -nan   3   2   5   2 210.84
   22   2018 05 19 18:12:36.293    65556.293  0.2234 30.9405 110.7605  10.00   -inf  -nan   8  10  18   8  89.30
   23   2018 05 19 20:32:26.408    73946.408  0.2876 31.0905 110.2705   2.00   -inf  -nan   8   8  16   7 206.57
   24   2018 05 19 22:17:57.518    80277.518  0.3277 31.1805 110.8605  12.00   -inf  -nan   3   5   8   3 237.20
    1   2018 05 20 01:47:50.374     6470.374  0.2200 30.7305 111.1305   2.00   -inf  -nan   3   3   6   3 302.22
    2   2018 05 20 02:13:23.174     8003.174  0.3461 30.9305 110.7505  14.00   -inf  -nan  14  14  28  13 100.15
    3   2018 05 20 02:14:46.903     8086.903  0.2478 30.9405 110.7805  10.00   -inf  -nan   3   5   8   1  92.21
    4   2018 05 20 02:16:11.647     8171.647  0.3835 30.9405 110.7805  12.00   -inf  -nan  12  10  22  10  92.21
    5   2018 05 20 02:17:05.038     8225.038  0.3014 30.9105 110.7605  10.00   -inf  -nan   9   8  17   8 113.59
    6   2018 05 20 02:20:41.019     8441.019  0.2419 30.9305 110.7505  10.00   -inf  -nan  13  10  23  10  69.87
    7   2018 05 20 02:21:04.625     8464.625  0.2364 30.9405 110.7605  10.00   -inf  -nan  10   7  17   6  89.30
    8   2018 05 20 02:25:38.559     8738.559  0.2769 30.9405 110.7805  10.00   -inf  -nan   5   5  10   3 120.33
    9   2018 05 20 02:32:50.434     9170.434  0.2791 30.8105 111.1605   4.00   -inf  -nan  10   4  14   4 245.30
   10   2018 05 20 02:36:17.412     9377.412  0.3277 30.9405 110.7505  10.00   -inf  -nan  10  10  20   8  68.13
   11   2018 05 20 02:36:28.560     9388.560  0.2830 30.9505 110.7805  12.00   -inf  -nan   6   7  13   5 157.58
   12   2018 05 20 02:37:31.033     9451.033  0.2745 30.9405 110.7605  10.00   -inf  -nan  15  15  30  14  64.29
   13   2018 05 20 02:57:59.995    10679.995  0.1675 30.9405 110.7605  10.00   -inf  -nan   9   8  17   7  89.30
   14   2018 05 20 02:58:32.098    10712.098  0.2008 30.9405 110.7605  10.00   -inf  -nan  11   9  20   8  89.30
   15   2018 05 20 03:37:08.111    13028.111  0.3782 30.9805 110.3605   2.00   -inf  -nan  10   6  16   4  99.05
   16   2018 05 20 03:39:13.026    13153.026  0.2351 30.9405 110.7805   8.00   -inf  -nan   7   8  15   6  92.21
   17   2018 05 20 04:15:25.841    15325.841  0.2318 30.8505 111.1305   6.00   -inf  -nan  10   6  16   5 210.25
   18   2018 05 20 04:29:43.002    16183.002  0.1771 31.1805 110.4405   8.00   -inf  -nan   4   5   9   2 231.33
   19   2018 05 20 04:40:53.601    16853.601  0.1793 30.9305 111.1705   0.00   -inf  -nan   4   2   6   2 146.89
   20   2018 05 20 06:11:33.710    22293.710  0.1624 30.8505 111.1305   6.00   -inf  -nan   7   4  11   4 210.75
   21   2018 05 20 08:21:35.403    30095.403  0.1680 30.8505 111.1305   8.00   -inf  -nan   4   4   8   4 210.75
   22   2018 05 20 09:27:49.081    34069.081  0.1908 30.8505 111.1305   4.00   -inf  -nan   7   5  12   4 210.75
   23   2018 05 20 16:01:55.481    57715.481  0.2503 30.9405 110.7805  10.00   -inf  -nan   4   2   6   1 210.94
   24   2018 05 20 21:23:03.104    76983.104  0.4220 31.0105 110.4705   8.00   -inf  -nan   7   6  13   6 131.60
   25   2018 05 20 22:57:54.296    82674.296  0.1973 30.8505 111.1305   6.00   -inf  -nan   7   5  12   5 210.75
   26   2018 05 20 23:04:34.006    83074.006  0.2152 30.8505 111.1305   4.00   -inf  -nan   7   6  13   6 210.75
    1   2018 05 21 00:31:05.424     1865.424  0.1883 31.0205 110.7005   4.00   -inf  -nan   3   2   5   1 230.15
    2   2018 05 21 01:03:53.155     3833.155  0.1833 31.0905 110.2705   2.00   -inf  -nan   3   2   5   2 229.47
    3   2018 05 21 01:16:00.169     4560.169  0.4237 31.0205 110.4405   6.00   -inf  -nan   4   4   8   1 123.87
    4   2018 05 21 01:55:25.941     6925.941  0.2215 30.8505 111.1305   6.00   -inf  -nan   9   4  13   3 210.75
    5   2018 05 21 02:25:20.410     8720.410  0.2433 30.8505 111.2405   8.00   -inf  -nan   5   2   7   1 278.91
    6   2018 05 21 03:38:32.347    13112.347  0.2345 30.8605 111.1305   0.00   -inf  -nan   7   4  11   3 204.21
    7   2018 05 21 03:48:10.789    13690.789  0.3728 30.8505 111.1205   0.00   -inf  -nan   9   7  16   5 205.95
    8   2018 05 21 03:48:39.265    13719.265  0.3856 30.9205 110.7805  12.00   -inf  -nan  16  15  31  13  70.94
    9   2018 05 21 03:49:02.203    13742.203  0.2256 30.9405 110.7805  10.00   -inf  -nan   5   3   8   3 165.87
   10   2018 05 21 03:51:10.114    13870.114  0.3250 30.9405 110.7805  12.00   -inf  -nan  13  14  27  12  62.87
   11   2018 05 21 04:00:04.508    14404.508  0.2563 30.9405 110.7505  10.00   -inf  -nan   7   5  12   4  92.19
   12   2018 05 21 04:02:33.007    14553.007  0.3962 30.9405 110.7405  12.00   -inf  -nan  11  11  22  10  67.18
   13   2018 05 21 04:03:24.880    14604.880  0.1781 30.9405 110.7605  10.00   -inf  -nan   7   9  16   7  89.30
   14   2018 05 21 06:01:19.384    21679.384  0.2370 30.9405 110.7805  10.00   -inf  -nan   5   6  11   4 146.46
   15   2018 05 21 07:54:50.882    28490.882  0.4311 31.2105 110.3505   0.00   -inf  -nan   8   4  12   4 253.60
   16   2018 05 21 08:34:12.508    30852.508  0.3707 30.9805 110.3805   4.00   -inf  -nan   9   4  13   3  84.88
   17   2018 05 21 09:10:40.327    33040.327  0.2249 30.8505 111.1605   8.00   -inf  -nan   5   2   7   2 227.22
   18   2018 05 21 09:21:30.172    33690.172  0.2247 30.8605 110.6005   4.00   -inf  -nan   3   2   5   2 238.21
   19   2018 05 21 10:01:17.286    36077.286  0.2462 30.8505 111.1605   6.00   -inf  -nan   8   3  11   3 227.22
   20   2018 05 21 10:21:14.817    37274.817  0.2870 30.8105 111.1605   0.00   -inf  -nan  14   7  21   7 245.30
   21   2018 05 21 11:52:59.447    42779.447  0.2739 31.2005 110.3305   0.00   -inf  -nan   5   3   8   3 282.45
   22   2018 05 21 14:19:22.620    51562.620  0.2113 30.8705 111.0205   6.00   -inf  -nan   6   2   8   1 111.88
   23   2018 05 21 17:01:17.942    61277.942  0.1855 30.9305 111.1705   0.00   -inf  -nan   5   2   7   2 146.89
   24   2018 05 21 19:44:46.985    71086.985  0.1750 30.9405 110.7605  10.00   -inf  -nan   4   4   8   2  89.30
   25   2018 05 21 23:03:22.901    83002.901  0.1549 30.8505 111.1305   6.00   -inf  -nan   8   4  12   4 210.25
   26   2018 05 21 23:16:24.279    83784.279  0.1131 30.8505 111.1305   6.00   -inf  -nan  11   3  14   3 210.25
    1   2018 05 22 00:23:15.299     1395.299  0.2173 30.8505 111.1305   6.00   -inf  -nan  14  10  24  10 210.25
    2   2018 05 22 03:51:35.229    13895.229  0.0897 30.8905 110.8005   8.00   -inf  -nan   4   4   8   4 120.46
    3   2018 05 22 06:07:43.440    22063.440  0.2183 30.8505 111.1305   4.00   -inf  -nan  15   3  18   3 210.25
    4   2018 05 22 07:56:23.076    28583.076  0.2056 30.8505 111.1305   4.00   -inf  -nan  11   6  17   6 210.25
    5   2018 05 22 09:16:53.298    33413.298  0.2039 30.8505 111.1305   6.00   -inf  -nan  10   4  14   4 210.25
    6   2018 05 22 09:52:58.877    35578.877  0.2790 30.8605 110.9305   2.00   -inf  -nan  11   2  13   2  85.90
    7   2018 05 22 13:51:29.192    49889.192  0.1280 31.0505 110.4605   0.00   -inf  -nan   3   2   5   1 157.85
    8   2018 05 22 14:47:57.035    53277.035  0.4462 30.9705 110.6705   8.00   -inf  -nan   3   2   5   1 278.85
    9   2018 05 22 22:57:45.270    82665.270  0.2050 30.8505 111.1305   6.00   -inf  -nan  13   5  18   5 210.25
   10   2018 05 22 23:13:08.856    83588.856  0.1750 30.8505 111.1305   6.00   -inf  -nan  12   3  15   3 210.25
    1   2018 05 23 01:21:12.181     4872.181  0.1558 30.8505 111.1305   6.00   -inf  -nan  15   7  22   6 210.25
    2   2018 05 23 04:57:11.219    17831.219  0.2487 30.9405 110.7605  12.00   -inf  -nan   6   6  12   5 144.50
    3   2018 05 23 05:05:15.025    18315.025  0.1478 30.8605 111.1405   6.00   -inf  -nan   4   4   8   4 209.60
    4   2018 05 23 05:22:34.074    19354.074  0.2420 30.9405 110.7605  10.00   -inf  -nan  17  14  31  14  64.29
    5   2018 05 23 05:35:45.230    20145.230  0.3579 30.9805 110.4005   0.00   -inf  -nan   8   3  11   3  87.50
    6   2018 05 23 05:44:50.874    20690.874  0.3749 30.9805 110.4005   4.00   -inf  -nan   8   3  11   3  87.50
    7   2018 05 23 05:50:45.923    21045.923  0.3043 30.9405 110.7605   8.00   -inf  -nan  13  13  26  11  64.29
    8   2018 05 23 06:10:37.733    22237.733  0.2763 31.0105 110.5405   0.00   -inf  -nan   8   2  10   2 136.12
    9   2018 05 23 06:46:17.412    24377.412  0.3712 31.0005 110.5305   0.00   -inf  -nan   6   6  12   3  98.51
   10   2018 05 23 06:47:17.657    24437.657  0.1747 30.8505 111.1305   6.00   -inf  -nan   4   3   7   3 210.75
   11   2018 05 23 10:24:27.548    37467.548  0.2276 30.8505 111.1305   4.00   -inf  -nan   8   3  11   3 210.25
   12   2018 05 23 22:57:43.362    82663.362  0.1430 30.8505 111.1305   6.00   -inf  -nan  11   4  15   4 210.25
   13   2018 05 23 23:22:32.091    84152.091  0.3211 30.8505 111.1305   6.00   -inf  -nan  12   5  17   4 210.25
    1   2018 05 24 00:09:55.745      595.745  0.2295 30.7805 110.7605  12.00   -inf  -nan   6   5  11   4 124.85
    2   2018 05 24 00:23:39.433     1419.433  0.2782 30.7705 110.7605  12.00   -inf  -nan   7   9  16   7 109.98
    3   2018 05 24 00:53:07.614     3187.614  0.3658 30.8205 110.6405   6.00   -inf  -nan   3   4   7   1 154.85
    4   2018 05 24 04:16:51.615    15411.615  0.1434 30.8505 111.1305   6.00   -inf  -nan   5   5  10   5 210.75
    5   2018 05 24 04:53:46.095    17626.095  0.3086 31.2105 110.3505   0.00   -inf  -nan   6   2   8   1 205.92
    6   2018 05 24 04:56:45.840    17805.840  0.3921 31.1705 110.3405   0.00   -inf  -nan   5   3   8   2 252.38
    7   2018 05 24 05:29:15.836    19755.836  0.2398 30.8505 111.1305   6.00   -inf  -nan   6   3   9   3 210.25
    8   2018 05 24 05:43:41.511    20621.511  0.2049 30.8505 111.1305   4.00   -inf  -nan   3   4   7   3 232.15
    9   2018 05 24 06:05:52.434    21952.434  0.2618 31.0205 110.4405   6.00   -inf  -nan  10   2  12   2 142.48
   10   2018 05 24 06:41:46.772    24106.772  0.3105 30.7905 110.7405   8.00   -inf  -nan   4   5   9   3 113.97
   11   2018 05 24 07:37:55.949    27475.949  0.2328 31.1305 110.3105   2.00   -inf  -nan   3   2   5   1 134.51
   12   2018 05 24 07:58:44.861    28724.861  0.4251 30.9005 110.7205   0.00   -inf  -nan   6   5  11   4  94.62
   13   2018 05 24 08:23:31.626    30211.626  0.2732 30.8505 111.1305   6.00   -inf  -nan   4   3   7   3 232.15
   14   2018 05 24 09:54:01.072    35641.072  0.1929 30.9305 110.1105  20.00   -inf  -nan   4   2   6   2 274.93
   15   2018 05 24 10:29:52.040    37792.040  0.2714 30.8505 111.1305   6.00   -inf  -nan   5   4   9   4 210.25
   16   2018 05 24 10:46:43.416    38803.416  0.3091 30.7805 110.9305   4.00   -inf  -nan  13   6  19   6 157.56
   17   2018 05 24 11:50:18.130    42618.130  0.2891 31.2105 110.3005   0.00   -inf  -nan   3   2   5   2 275.22
   18   2018 05 24 14:00:21.164    50421.164  0.2299 30.9405 110.8105  10.00   -inf  -nan   6   6  12   4 184.28
   19   2018 05 24 22:33:17.559    81197.559  0.1558 30.8905 111.0005   6.00   -inf  -nan   3   2   5   1 216.34
   20   2018 05 24 23:06:21.365    83181.365  0.3715 30.8505 111.1705   2.00   -inf  -nan  10   5  15   4 231.43
   21   2018 05 24 23:23:23.350    84203.350  0.1595 30.8505 111.1305   4.00   -inf  -nan  12   5  17   4 210.25
   22   2018 05 24 23:23:53.537    84233.537  0.1914 30.8505 111.1305   4.00   -inf  -nan  12   2  14   2 210.25
    1   2018 05 25 03:32:32.888    12752.888  0.3196 30.9705 110.3905   0.00   -inf  -nan  12   4  16   4  92.49
    2   2018 05 25 03:49:15.665    13755.665  0.2719 31.1205 110.0905  10.00   -inf  -nan   8   5  13   4 244.79
    3   2018 05 25 04:23:32.176    15812.176  0.3524 31.0605 110.4405   8.00   -inf  -nan   4   3   7   1 113.97
    4   2018 05 25 04:32:39.239    16359.239  0.2433 30.8705 110.7405   0.00   -inf  -nan   5   3   8   3 112.00
    5   2018 05 25 05:11:09.575    18669.575  0.2058 30.7805 110.3805   0.00   -inf  -nan   4   5   9   2 204.59
    6   2018 05 25 05:39:02.455    20342.455  0.2161 30.8505 111.1305   6.00   -inf  -nan   7   3  10   3 210.75
    7   2018 05 25 07:46:25.149    27985.149  0.2209 31.0905 110.1905   0.00   -inf  -nan   4   5   9   3 181.48
    8   2018 05 25 13:16:16.081    47776.081  0.3777 31.1805 110.3305   6.00   -inf  -nan   6   2   8   2 181.29
    9   2018 05 25 14:00:25.604    50425.604  0.2651 31.0605 110.4405   8.00   -inf  -nan   4   3   7   3 256.49
   10   2018 05 25 18:55:29.367    68129.367  0.2252 31.1705 110.1505   8.00   -inf  -nan   3   4   7   3 229.78
   11   2018 05 25 20:20:56.682    73256.682  0.1962 31.0705 110.2805   6.00   -inf  -nan   5   3   8   3 221.65
   12   2018 05 25 20:30:33.601    73833.601  0.3545 31.1305 110.0705   4.00   -inf  -nan  12   8  20   7 289.54
   13   2018 05 25 21:44:28.614    78268.614  0.2766 31.1305 110.2705   2.00   -inf  -nan   9   7  16   6 128.64
   14   2018 05 25 23:04:25.304    83065.304  0.1879 30.8505 111.1605   6.00   -inf  -nan  10   4  14   4 227.22
   15   2018 05 25 23:19:23.697    83963.697  0.1776 30.8505 111.1305   6.00   -inf  -nan   8   3  11   3 210.75
   16   2018 05 25 23:20:14.269    84014.269  0.1639 30.8505 111.1305   6.00   -inf  -nan   7   3  10   3 210.75
   17   2018 05 25 23:31:36.455    84696.455  0.2403 30.7805 110.7605  10.00   -inf  -nan  12  12  24  12 103.86
    1   2018 05 26 03:20:41.788    12041.788  0.2863 30.8705 110.9005   2.00   -inf  -nan  12   7  19   7  67.10
    2   2018 05 26 05:56:11.287    21371.287  0.4279 30.7705 110.7605   8.00   -inf  -nan  17   8  25   7 109.98
    3   2018 05 26 06:08:49.331    22129.331  0.3083 30.7505 110.7805  14.00   -inf  -nan  15  12  27   9 151.16
    4   2018 05 26 07:45:05.593    27905.593  0.2232 30.8505 111.1305   6.00   -inf  -nan   3   3   6   3 232.15
    5   2018 05 26 08:52:56.126    31976.126  0.2549 30.8505 111.1605   6.00   -inf  -nan   6   4  10   3 227.22
    6   2018 05 26 10:26:54.737    37614.737  0.2390 30.8505 110.8005   6.00   -inf  -nan   3   2   5   2 143.56
    7   2018 05 26 11:05:03.946    39903.946  0.3448 31.2105 110.3105   0.00   -inf  -nan   9   4  13   4 253.93
    8   2018 05 26 15:01:15.559    54075.559  0.4714 30.9805 110.4405   0.00   -inf  -nan   3   3   6   2 155.95
    9   2018 05 26 19:26:24.544    69984.544  0.1334 30.9305 111.2005   4.00   -inf  -nan   3   2   5   2 279.86
   10   2018 05 26 19:37:56.127    70676.127  0.1614 30.9305 111.2005   4.00   -inf  -nan   4   2   6   2 279.86
   11   2018 05 26 20:24:33.292    73473.292  0.2954 31.1805 110.3305   8.00   -inf  -nan   8   3  11   3 181.29
   12   2018 05 26 21:41:16.869    78076.869  0.4011 31.0605 110.4405   6.00   -inf  -nan   6   7  13   4 113.97
   13   2018 05 26 22:15:14.985    80114.985  0.4196 31.0605 110.4405   6.00   -inf  -nan  10  12  22  10 113.97
   14   2018 05 26 22:51:26.090    82286.090  0.3808 30.8105 111.1705   4.00   -inf  -nan   6   3   9   2 249.55
   15   2018 05 26 23:17:04.490    83824.490  0.2332 30.8505 111.1305   4.00   -inf  -nan   9   4  13   3 210.25
   16   2018 05 26 23:18:08.790    83888.790  0.2587 30.8605 111.1305   2.00   -inf  -nan  11   6  17   6 204.21
    1   2018 05 27 02:26:11.053     8771.053  0.1249 30.9005 111.3505  10.00   -inf  -nan   4   3   7   2 322.56
    2   2018 05 27 02:48:29.753    10109.753  0.3693 30.9805 110.4005   2.00   -inf  -nan   8   4  12   4  90.80
    3   2018 05 27 02:59:18.320    10758.320  0.2275 30.9405 110.3205  16.00   -inf  -nan   3   2   5   1 162.54
    4   2018 05 27 04:02:26.964    14546.964  0.3537 31.0605 110.4805   2.00   -inf  -nan   4   5   9   4 217.29
    5   2018 05 27 04:30:46.531    16246.531  0.2540 30.8505 111.1305   6.00   -inf  -nan   5   5  10   4 210.75
    6   2018 05 27 07:07:54.728    25674.728  0.1747 30.8505 111.1305   6.00   -inf  -nan   4   4   8   3 210.75
    7   2018 05 27 09:05:36.002    32736.002  0.4091 30.8105 111.1705   6.00   -inf  -nan   9   8  17   8 242.73
    8   2018 05 27 10:02:25.344    36145.344  0.1878 30.9405 110.7605  10.00   -inf  -nan   4   5   9   3  89.30
    9   2018 05 27 10:03:35.612    36215.612  0.1940 30.9405 110.7805  10.00   -inf  -nan   3   2   5   1 118.73
   10   2018 05 27 10:04:43.745    36283.745  0.1968 30.9305 110.7605  10.00   -inf  -nan  12   9  21   8  71.27
   11   2018 05 27 10:06:47.713    36407.713  0.2215 30.9405 110.7605  10.00   -inf  -nan  12  12  24   9  77.94
   12   2018 05 27 10:08:25.050    36505.050  0.2581 30.9305 110.7605  12.00   -inf  -nan   5   5  10   4 106.14
   13   2018 05 27 10:22:42.270    37362.270  0.1684 30.7405 110.5005   0.00   -inf  -nan   3   4   7   2 224.48
   14   2018 05 27 11:20:51.742    40851.742  0.1863 31.0005 110.0105   6.00   -inf  -nan   8   4  12   3 277.68
   15   2018 05 27 17:06:42.809    61602.809  0.3524 31.0605 110.4405   2.00   -inf  -nan   6   6  12   6 200.78
   16   2018 05 27 17:27:51.044    62871.044  0.1672 30.9305 110.7605  10.00   -inf  -nan  14  10  24  10 109.83
   17   2018 05 27 17:29:00.265    62940.265  0.1747 30.9405 110.7605  10.00   -inf  -nan   8   2  10   2  89.30
   18   2018 05 27 17:29:28.895    62968.895  0.2169 30.9405 110.7605  10.00   -inf  -nan  16  13  29  13  89.30
   19   2018 05 27 17:31:28.912    63088.912  0.2619 30.9405 110.7805  12.00   -inf  -nan   3   4   7   2 146.48
   20   2018 05 27 17:34:32.809    63272.809  0.1446 31.2105 110.3405   2.00   -inf  -nan   4   2   6   2 306.52
   21   2018 05 27 19:00:11.254    68411.254  0.1590 31.0205 110.3605   2.00   -inf  -nan   5   3   8   3 166.16
   22   2018 05 27 23:33:33.279    84813.279  0.4024 30.8105 111.1705   6.00   -inf  -nan  10   6  16   6 249.55
   23   2018 05 27 23:58:56.472    86336.472  0.2088 30.8505 111.1305   6.00   -inf  -nan   8   5  13   5 210.75
    1   2018 05 28 00:17:46.411     1066.411  0.2519 30.8505 111.1305   6.00   -inf  -nan   7   3  10   3 210.75
    2   2018 05 28 03:00:44.895    10844.895  0.1888 30.9605 110.0905  10.00   -inf  -nan   4   6  10   3 261.05
    3   2018 05 28 04:00:49.362    14449.362  0.2979 30.7505 111.1405   2.00   -inf  -nan   5   2   7   1 286.89
    4   2018 05 28 04:04:20.544    14660.544  0.3996 30.9705 110.3705   4.00   -inf  -nan  13   9  22   7  88.31
    5   2018 05 28 08:16:18.844    29778.844  0.2846 31.0905 110.1905   2.00   -inf  -nan   3   4   7   3 181.48
    6   2018 05 28 08:29:42.404    30582.404  0.2262 30.8505 111.1305   4.00   -inf  -nan   7   4  11   4 210.75
    7   2018 05 28 08:56:45.780    32205.780  0.2158 30.8505 111.1305   6.00   -inf  -nan   8   3  11   3 210.75
    8   2018 05 28 09:27:51.549    34071.549  0.2157 30.8505 111.1305   6.00   -inf  -nan   5   4   9   3 210.75
    9   2018 05 28 10:48:17.205    38897.205  0.2526 30.9605 109.9705   8.00   -inf  -nan   4   4   8   3 295.22
   10   2018 05 28 22:59:44.091    82784.091  0.2188 30.8505 111.1305   6.00   -inf  -nan   3   3   6   3 232.15
   11   2018 05 28 23:02:35.733    82955.733  0.3697 31.0505 110.4705  10.00   -inf  -nan   4   6  10   3 113.45
   12   2018 05 28 23:29:01.916    84541.916  0.1593 30.8505 111.1305   6.00   -inf  -nan   3   2   5   2 232.15
    1   2018 05 29 00:57:02.399     3422.399  0.3552 30.8505 110.8005   6.00   -inf  -nan   5   5  10   4 123.16
    2   2018 05 29 01:17:50.332     4670.332  0.1649 31.0105 110.1905   6.00   -inf  -nan   5   4   9   4 173.54
    3   2018 05 29 01:20:39.603     4839.603  0.2524 31.0105 110.1905   6.00   -inf  -nan   7   8  15   6 173.54
    4   2018 05 29 03:25:58.750    12358.750  0.1897 30.7305 111.1305   2.00   -inf  -nan   5   3   8   1 302.22
    5   2018 05 29 04:42:40.254    16960.254  0.4232 30.7005 110.8505   2.00   -inf  -nan   6   6  12   4 234.82
    6   2018 05 29 04:53:37.068    17617.068  0.3284 31.1305 110.8005   4.00   -inf  -nan   8   4  12   3 149.61
    7   2018 05 29 05:33:26.421    20006.421  0.1420 30.8505 111.1305   6.00   -inf  -nan   6   9  15   6 210.25
    8   2018 05 29 06:07:56.321    22076.321  0.1145 30.8505 111.1305   6.00   -inf  -nan   3   3   6   1 210.75
    9   2018 05 29 06:20:58.581    22858.581  0.1696 30.8505 111.1305   6.00   -inf  -nan  12   5  17   5 210.75
   10   2018 05 29 09:24:55.851    33895.851  0.3020 30.8905 110.7205   8.00   -inf  -nan  15   6  21   6  97.68
   11   2018 05 29 11:31:34.888    41494.888  0.1860 30.6605 110.9305  10.00   -inf  -nan   3   3   6   2 272.01
   12   2018 05 29 12:49:07.556    46147.556  0.1504 31.0105 110.1905   4.00   -inf  -nan   3   4   7   3 209.70
   13   2018 05 29 13:03:06.999    46986.999  0.2216 30.6705 110.9405   8.00   -inf  -nan   5   3   8   3 247.03
   14   2018 05 29 14:06:08.632    50768.632  0.2567 31.0105 110.5605   0.00   -inf  -nan  11  11  22   9  70.20
   15   2018 05 29 14:25:36.203    51936.203  0.1653 30.7505 110.7805   8.00   -inf  -nan   4   4   8   3 143.65
   16   2018 05 29 14:41:40.000    52900.000  0.2544 31.0505 110.2305   4.00   -inf  -nan   4   5   9   3 133.79
   17   2018 05 29 14:44:49.886    53089.886  0.4380 31.0505 110.1505   2.00   -inf  -nan   4   3   7   1 204.15
   18   2018 05 29 16:02:24.998    57744.998  0.0787 30.6605 110.9305   8.00   -inf  -nan   3   2   5   1 250.63
   19   2018 05 29 16:40:06.496    60006.496  0.3495 31.0505 110.4205  12.00   -inf  -nan  18  11  29  10  94.28
   20   2018 05 29 22:26:28.028    80788.028  0.3739 31.0205 110.4405   4.00   -inf  -nan  12  12  24  10 101.35
   21   2018 05 29 22:52:52.581    82372.581  0.1607 30.8505 111.1305   6.00   -inf  -nan  13   2  15   2 210.25
   22   2018 05 29 23:22:04.197    84124.197  0.3330 30.8105 111.1705   4.00   -inf  -nan  12   6  18   5 242.73
   23   2018 05 29 23:22:53.032    84173.032  0.1662 30.8505 111.1305   6.00   -inf  -nan  12   5  17   5 210.25
    1   2018 05 30 02:10:12.331     7812.331  0.2492 30.8505 111.1305   6.00   -inf  -nan   4   3   7   3 232.15
    2   2018 05 30 02:36:14.086     9374.086  0.1538 30.8505 111.1305   4.00   -inf  -nan   4   3   7   3 210.75
    3   2018 05 30 05:36:34.626    20194.626  0.1446 30.8505 111.1305   6.00   -inf  -nan  10   3  13   3 210.25
    4   2018 05 30 06:50:36.136    24636.136  0.2274 30.8505 111.1305   6.00   -inf  -nan   4   5   9   4 210.75
    5   2018 05 30 07:46:12.005    27972.005  0.3824 30.9605 110.4905  18.00   -inf  -nan   3   3   6   2 237.81
    6   2018 05 30 08:15:47.916    29747.916  0.2322 30.8505 111.1305   6.00   -inf  -nan   9  10  19   7 210.25
    7   2018 05 30 10:54:24.331    39264.331  0.1959 30.8505 111.1305   6.00   -inf  -nan   3   3   6   3 232.15
    8   2018 05 30 11:13:24.253    40404.253  0.1313 31.0105 110.1905   6.00   -inf  -nan   3   3   6   3 209.70
    9   2018 05 30 12:08:01.038    43681.038  0.4923 31.1205 110.0505   4.00   -inf  -nan  10   6  16   5 261.22
   10   2018 05 30 14:33:31.572    52411.572  0.1415 30.7005 110.9305  12.00   -inf  -nan   3   3   6   3 273.56
   11   2018 05 30 16:38:28.098    59908.098  0.3305 30.7005 110.9305   6.00   -inf  -nan   6  10  16   5 227.80
   12   2018 05 30 17:20:11.840    62411.840  0.2181 30.8905 110.5305  10.00   -inf  -nan   4   3   7   3 194.59
   13   2018 05 30 17:22:52.152    62572.152  0.2769 30.9005 110.5205   8.00   -inf  -nan   9  10  19   8 167.54
   14   2018 05 30 23:13:41.440    83621.440  0.1660 31.0405 110.8205   0.00   -inf  -nan   3   2   5   2 148.76
   15   2018 05 30 23:15:36.573    83736.573  0.1761 30.8505 111.1305   6.00   -inf  -nan  15   6  21   6 210.25
   16   2018 05 30 23:16:34.406    83794.406  0.1914 30.8505 111.1305   4.00   -inf  -nan  10   4  14   4 210.75
   17   2018 05 30 23:36:16.600    84976.600  0.1439 30.8505 111.1305   6.00   -inf  -nan   9   3  12   3 210.75
   18   2018 05 30 23:37:13.681    85033.681  0.2508 30.8505 111.1305   6.00   -inf  -nan   9   6  15   6 210.75
    1   2018 05 31 02:40:08.393     9608.393  0.3669 30.9105 110.7405   8.00   -inf  -nan   5   6  11   4 123.37
    2   2018 05 31 03:51:18.539    13878.539  0.3042 30.9005 110.6405   6.00   -inf  -nan   6   3   9   3 110.58
    3   2018 05 31 04:46:24.613    17184.613  0.1953 30.8705 110.9405   0.00   -inf  -nan   7   2   9   1  86.65
    4   2018 05 31 05:11:23.332    18683.332  0.2709 30.9805 110.8605  14.00   -inf  -nan   3   2   5   1 202.85
    5   2018 05 31 05:46:13.635    20773.635  0.2153 30.8605 111.1305   8.00   -inf  -nan  11   6  17   5 204.21
    6   2018 05 31 06:00:26.136    21626.136  0.2637 31.0905 110.1505   6.00   -inf  -nan   6   4  10   4 207.20
    7   2018 05 31 06:24:15.819    23055.819  0.3180 30.9805 110.0105   8.00   -inf  -nan   7   4  11   4 281.89
    8   2018 05 31 06:32:30.264    23550.264  0.2939 30.8505 111.1605   8.00   -inf  -nan  10   5  15   5 225.53
    9   2018 05 31 06:37:37.695    23857.695  0.4105 30.7005 110.8905   0.00   -inf  -nan   4   5   9   2 224.73
   10   2018 05 31 06:44:57.130    24297.130  0.2894 31.0005 110.0105   8.00   -inf  -nan   6   2   8   2 314.99
   11   2018 05 31 07:06:44.778    25604.778  0.2254 30.8505 111.1305   4.00   -inf  -nan   5   4   9   3 210.75
   12   2018 05 31 07:17:50.935    26270.935  0.2945 30.6905 110.9905  14.00   -inf  -nan   3   2   5   1 292.09
   13   2018 05 31 08:17:49.752    29869.752  0.3117 31.0005 110.0505   6.00   -inf  -nan   9   4  13   4 264.01
   14   2018 05 31 08:44:51.326    31491.326  0.3705 31.0005 110.0505   8.00   -inf  -nan   9   3  12   3 264.01
   15   2018 05 31 10:58:07.266    39487.266  0.1663 30.8505 111.1305   6.00   -inf  -nan  10   5  15   4 210.25
   16   2018 05 31 17:41:18.383    63678.383  0.3507 31.0205 110.4605   0.00   -inf  -nan   8   7  15   7  90.43
   17   2018 05 31 23:04:18.008    83058.008  0.2875 30.8205 111.1705   6.00   -inf  -nan  14   7  21   7 240.25
   18   2018 05 31 23:30:52.482    84652.482  0.2114 30.8505 111.1305   6.00   -inf  -nan   9   6  15   6 210.25
    1   2018 06 01 00:14:25.920      865.920  0.2648 30.8105 110.6405   4.00   -inf  -nan   6   6  12   6 160.35
    2   2018 06 01 00:33:25.816     2005.816  0.1826 30.8505 111.1305   6.00   -inf  -nan   8   4  12   4 210.25
    3   2018 06 01 06:18:34.911    22714.911  0.3412 30.8605 110.9305   0.00   -inf  -nan   9   2  11   2  85.90
    4   2018 06 01 06:59:21.590    25161.590  0.3262 30.7805 111.0505   0.00   -inf  -nan  13   9  22   9 214.37
    5   2018 06 01 07:21:37.643    26497.643  0.2905 30.9105 110.9005   2.00   -inf  -nan   8   4  12   2  79.30
    6   2018 06 01 08:01:26.589    28886.589  0.1554 30.8505 111.1305   6.00   -inf  -nan   7   4  11   2 232.15
    7   2018 06 01 09:29:14.910    34154.910  0.3369 31.2205 110.0805   0.00   -inf  -nan   7   5  12   4 284.65
    8   2018 06 01 09:37:13.485    34633.485  0.3529 31.2205 110.0905   2.00   -inf  -nan   6   5  11   4 283.12
    9   2018 06 01 10:25:44.338    37544.338  0.3125 31.2205 110.0905   0.00   -inf  -nan   6   4  10   3 283.12
   10   2018 06 01 10:27:52.948    37672.948  0.2546 30.8505 111.1305   4.00   -inf  -nan  10   7  17   6 210.25
   11   2018 06 01 13:56:10.448    50170.448  0.2410 30.8305 110.8205   2.00   -inf  -nan   6   6  12   5  91.82
   12   2018 06 01 15:17:31.603    55051.603  0.3260 31.1005 110.3605   6.00   -inf  -nan   5   5  10   4 143.87
   13   2018 06 01 16:27:40.678    59260.678  0.3210 31.0205 110.3605   0.00   -inf  -nan   4   4   8   2  88.50
   14   2018 06 01 18:38:17.687    67097.687  0.2815 31.0605 110.8205   0.00   -inf  -nan   3   4   7   2 130.43
   15   2018 06 01 18:39:16.700    67156.700  0.2866 30.9405 110.7805  10.00   -inf  -nan   9   9  18   9  92.21
   16   2018 06 01 19:25:55.353    69955.353  0.2841 30.9405 110.2405   8.00   -inf  -nan   9   8  17   5 133.09
   17   2018 06 01 21:33:24.553    77604.553  0.2249 30.6705 110.9405   8.00   -inf  -nan   3   4   7   3 247.03
   18   2018 06 01 23:20:40.870    84040.870  0.2538 30.8505 111.1205   4.00   -inf  -nan  14   5  19   5 281.83
    1   2018 06 02 01:43:06.442     6186.442  0.3787 31.0205 110.5405   0.00   -inf  -nan   5   4   9   4 121.80
    2   2018 06 02 02:02:58.435     7378.435  0.2122 30.8505 111.1305   4.00   -inf  -nan  10   4  14   4 210.25
    3   2018 06 02 02:43:01.116     9781.116  0.4307 30.9705 110.3705   0.00   -inf  -nan   8   5  13   4  88.31
    4   2018 06 02 03:10:38.416    11438.416  0.3380 30.8505 111.1305   6.00   -inf  -nan   5   5  10   5 210.75
    5   2018 06 02 04:20:56.438    15656.438  0.2080 30.6605 110.9705   0.00   -inf  -nan   3   3   6   1 247.52
    6   2018 06 02 04:41:19.996    16879.996  0.2800 30.7805 110.9305   6.00   -inf  -nan   8   4  12   4 157.56
    7   2018 06 02 06:38:44.841    23924.841  0.1788 31.0005 109.9705   8.00   -inf  -nan   6   2   8   2 322.44
    8   2018 06 02 07:16:56.763    26216.763  0.2212 30.8505 110.4805   0.00   -inf  -nan   9   6  15   4 162.32
    9   2018 06 02 08:43:23.375    31403.375  0.2438 31.0205 110.0005   2.00   -inf  -nan   3   2   5   2 277.58
   10   2018 06 02 08:50:28.665    31828.665  0.2717 30.8505 111.1305   4.00   -inf  -nan   9   2  11   2 210.75
   11   2018 06 02 08:53:55.255    32035.255  0.1989 30.7005 110.9305  12.00   -inf  -nan   3   3   6   2 230.56
   12   2018 06 02 09:06:33.321    32793.321  0.2232 31.0005 109.9705   8.00   -inf  -nan   8   6  14   5 288.12
   13   2018 06 02 09:10:21.853    33021.853  0.1805 30.8505 111.1305   6.00   -inf  -nan   8   4  12   3 210.25
   14   2018 06 02 09:12:00.035    33120.035  0.2042 30.7005 110.9305  12.00   -inf  -nan   3   4   7   3 230.56
   15   2018 06 02 09:15:14.420    33314.420  0.1057 30.7805 110.8905  14.00   -inf  -nan   3   2   5   2 186.58
   16   2018 06 02 09:26:19.397    33979.397  0.2719 31.0005 110.0105  12.00   -inf  -nan   4   3   7   3 314.99
   17   2018 06 02 09:33:25.283    34405.283  0.2021 30.9805 110.0505  12.00   -inf  -nan   8   2  10   2 269.40
   18   2018 06 02 09:39:53.619    34793.619  0.1471 30.8505 111.1305   6.00   -inf  -nan   7   3  10   3 210.25
   19   2018 06 02 09:59:00.134    35940.134  0.3428 30.6705 110.9405   8.00   -inf  -nan  16  16  32  13 241.93
   20   2018 06 02 11:32:02.999    41522.999  0.1612 30.8305 110.8605  12.00   -inf  -nan   3   3   6   2 180.02
   21   2018 06 02 11:43:55.526    42235.526  0.4206 31.1205 110.0505   6.00   -inf  -nan   9   6  15   5 261.22
   22   2018 06 02 14:32:10.441    52330.441  0.2910 30.9605 110.2505   8.00   -inf  -nan   3   3   6   3 125.70
   23   2018 06 02 15:10:10.106    54610.106  0.2768 30.8605 110.6405  10.00   -inf  -nan   5   4   9   4 133.89
   24   2018 06 02 16:07:30.502    58050.502  0.2800 30.9805 110.8205   0.00   -inf  -nan   4   2   6   2 248.88
   25   2018 06 02 16:21:57.884    58917.884  0.1931 30.7005 110.9305  10.00   -inf  -nan   3   4   7   2 273.56
   26   2018 06 02 19:35:27.622    70527.622  0.2714 31.1705 110.3105   6.00   -inf  -nan   7   3  10   3 168.79
   27   2018 06 02 19:37:24.616    70644.616  0.1846 30.7005 110.9305  12.00   -inf  -nan   5   4   9   4 230.56
   28   2018 06 02 20:56:41.300    75401.300  0.1882 30.7005 110.9305  10.00   -inf  -nan   4   3   7   2 230.56
   29   2018 06 02 23:48:39.564    85719.564  0.1819 30.8505 111.1305   6.00   -inf  -nan   3   3   6   3 232.15
    1   2018 06 03 01:21:26.412     4886.412  0.2110 30.8505 111.1305   4.00   -inf  -nan  10   4  14   3 210.25
    2   2018 06 03 01:58:25.598     7105.598  0.2692 30.7305 111.1305   2.00   -inf  -nan   3   3   6   1 302.22
    3   2018 06 03 03:14:51.777    11691.777  0.3476 30.8105 111.1705   0.00   -inf  -nan  13   8  21   7 242.73
    4   2018 06 03 03:29:24.103    12564.103  0.2299 31.1305 110.6305   0.00   -inf  -nan   5   3   8   3 216.42
    5   2018 06 03 03:54:39.629    14079.629  0.4148 31.1605 110.3705   0.00   -inf  -nan  10   6  16   4 156.90
    6   2018 06 03 04:25:09.609    15909.609  0.2662 30.6505 110.9705   4.00   -inf  -nan   5   5  10   4 251.18
    7   2018 06 03 05:03:30.807    18210.807  0.2398 30.7005 110.9305   8.00   -inf  -nan  10  10  20   9 227.80
    8   2018 06 03 06:49:38.399    24578.399  0.3437 30.8105 111.1605   2.00   -inf  -nan   7   4  11   4 245.30
    9   2018 06 03 06:50:33.481    24633.481  0.3696 31.0605 110.0905  10.00   -inf  -nan  12   8  20   7 270.46
   10   2018 06 03 07:17:09.279    26229.279  0.2246 30.8505 111.1305   4.00   -inf  -nan   7   7  14   5 210.25
   11   2018 06 03 07:51:53.474    28313.474  0.3829 30.8705 110.9405   4.00   -inf  -nan   9   2  11   2  86.65
   12   2018 06 03 07:58:19.579    28699.579  0.3324 31.0505 110.4505  10.00   -inf  -nan  20  17  37  17 106.33
   13   2018 06 03 09:21:23.059    33683.059  0.2988 30.9805 110.7805   0.00   -inf  -nan  13   6  19   5  66.32
   14   2018 06 03 09:29:23.581    34163.581  0.4266 30.7805 110.8905   0.00   -inf  -nan   4   3   7   1 150.65
   15   2018 06 03 10:00:10.897    36010.897  0.2042 30.8505 111.1305   4.00   -inf  -nan   9   8  17   7 210.25
   16   2018 06 03 10:21:55.621    37315.621  0.3306 30.7805 110.9305   4.00   -inf  -nan   5   4   9   2 192.08
   17   2018 06 03 17:24:33.115    62673.115  0.2013 30.9005 110.5405   8.00   -inf  -nan   6   3   9   3 204.33
   18   2018 06 03 17:30:36.449    63036.449  0.2742 31.1705 110.3105   6.00   -inf  -nan   5   2   7   2 184.34
   19   2018 06 03 20:55:09.518    75309.518  0.3241 31.1705 110.3405   8.00   -inf  -nan   4   2   6   2 206.23
   20   2018 06 03 23:00:01.058    82801.058  0.4813 31.0605 110.4405   4.00   -inf  -nan   9   9  18   7 108.13
   21   2018 06 03 23:01:04.027    82864.027  0.1873 30.8505 111.1305   6.00   -inf  -nan  10   4  14   4 283.92
    1   2018 06 04 00:37:26.031     2246.031  0.3169 30.7505 110.8205  18.00   -inf  -nan  17  16  33  14 167.07
    2   2018 06 04 00:46:55.441     2815.441  0.1783 30.7505 110.8205  18.00   -inf  -nan   4   5   9   3 191.72
    3   2018 06 04 00:51:08.286     3068.286  0.2143 30.7505 110.8205  18.00   -inf  -nan  10  11  21  10 167.07
    4   2018 06 04 01:26:13.665     5173.665  0.1921 30.8505 111.1705   6.00   -inf  -nan   8   6  14   5 291.45
    5   2018 06 04 01:27:40.506     5260.506  0.1388 30.8505 111.1305   6.00   -inf  -nan   8   4  12   3 284.42
    6   2018 06 04 02:39:51.205     9591.205  0.3552 30.7505 110.8205  18.00   -inf  -nan  18   9  27   8 167.07
    7   2018 06 04 04:24:09.883    15849.883  0.1761 30.8505 111.1305   6.00   -inf  -nan   4   4   8   3 232.15
    8   2018 06 04 04:50:43.550    17443.550  0.2309 31.0605 110.4405   2.00   -inf  -nan   9   8  17   6 164.64
    9   2018 06 04 05:43:43.761    20623.761  0.1690 30.8505 111.1305   6.00   -inf  -nan   4   3   7   3 210.75
   10   2018 06 04 06:31:39.012    23499.012  0.3437 31.0205 110.4405   0.00   -inf  -nan   9   2  11   2 109.45
   11   2018 06 04 07:18:03.683    26283.683  0.2621 31.1405 110.7405  10.00   -inf  -nan   6   2   8   1 201.40
   12   2018 06 04 07:55:54.672    28554.672  0.2524 30.9005 110.7205   0.00   -inf  -nan  11   3  14   3  94.62
   13   2018 06 04 08:00:44.870    28844.870  0.4193 30.9805 110.3805   4.00   -inf  -nan   9   6  15   5  81.13
   14   2018 06 04 08:39:31.767    31171.767  0.2866 30.8105 110.4305   0.00   -inf  -nan  11   3  14   3 241.10
   15   2018 06 04 09:09:21.205    32961.205  0.1307 30.8505 111.1305   6.00   -inf  -nan   9   7  16   5 210.25
   16   2018 06 04 09:50:00.492    35400.492  0.4358 31.0305 110.4405  10.00   -inf  -nan   4   5   9   2  92.86
   17   2018 06 04 13:36:24.019    48984.019  0.4155 31.0205 110.4405   6.00   -inf  -nan  12  14  26  12  90.01
   18   2018 06 04 14:45:18.525    53118.525  0.2974 30.7005 110.9505  10.00   -inf  -nan   7   9  16   7 267.69
   19   2018 06 04 16:03:37.729    57817.729  0.2314 31.0905 110.3805   2.00   -inf  -nan   6   5  11   4 118.67
   20   2018 06 04 20:20:45.111    73245.111  0.3546 31.1705 110.3105   8.00   -inf  -nan   5   4   9   3 184.34
   21   2018 06 04 22:47:09.142    82029.142  0.2049 30.7005 110.9305  10.00   -inf  -nan   3   3   6   2 273.56
   22   2018 06 04 22:56:20.946    82580.946  0.1116 30.8505 111.1305   6.00   -inf  -nan   7   4  11   4 283.92
    1   2018 06 05 00:10:44.947      644.947  0.2707 30.8505 111.1305   4.00   -inf  -nan   8   5  13   4 210.25
    2   2018 06 05 00:11:56.101      716.101  0.0904 30.8605 111.1505   6.00   -inf  -nan   4   4   8   2 287.83
    3   2018 06 05 03:05:15.832    11115.832  0.3149 31.1705 110.3805   0.00   -inf  -nan   6   4  10   2 174.23
    4   2018 06 05 04:15:54.449    15354.449  0.4093 30.9005 110.6005   4.00   -inf  -nan   4   4   8   3 163.33
    5   2018 06 05 06:11:55.702    22315.702  0.2276 30.8505 111.1305   6.00   -inf  -nan   7   5  12   5 210.75
    6   2018 06 05 08:06:30.656    29190.656  0.2661 30.8505 111.1305   4.00   -inf  -nan   9   8  17   6 210.25
    7   2018 06 05 09:12:09.763    33129.763  0.2272 30.7005 110.9305   8.00   -inf  -nan   3   4   7   3 230.56
    8   2018 06 05 09:23:41.480    33821.480  0.1679 30.7005 110.9305  10.00   -inf  -nan   3   4   7   3 230.56
    9   2018 06 05 09:34:30.457    34470.457  0.0544 30.9305 110.7605  10.00   -inf  -nan   3   2   5   1 176.71
   10   2018 06 05 10:03:04.415    36184.415  0.3370 30.9505 110.7605  10.00   -inf  -nan   8  11  19   8  87.10
   11   2018 06 05 10:34:16.571    38056.571  0.2642 30.9405 110.7405  12.00   -inf  -nan   6   4  10   3  94.47
   12   2018 06 05 10:34:34.943    38074.943  0.1921 30.9405 110.7605  10.00   -inf  -nan   3   3   6   1 128.27
   13   2018 06 05 10:46:32.772    38792.772  0.1673 30.9405 110.7605  10.00   -inf  -nan   5   7  12   5  89.30
   14   2018 06 05 11:03:17.630    39797.630  0.3130 30.9405 110.7405  12.00   -inf  -nan   4   4   8   2  98.96
   15   2018 06 05 11:14:09.874    40449.874  0.1766 30.7005 110.9305  10.00   -inf  -nan   6   6  12   6 230.56
   16   2018 06 05 16:47:12.594    60432.594  0.2510 30.9405 110.7505  10.00   -inf  -nan  11   9  20   9  92.19
   17   2018 06 05 16:48:24.546    60504.546  0.4069 30.9405 110.7805  12.00   -inf  -nan  12  13  25  11  92.21
   18   2018 06 05 16:54:48.786    60888.786  0.2969 30.9305 110.7605  10.00   -inf  -nan  10  10  20   6  78.63
   19   2018 06 05 16:56:02.110    60962.110  0.1375 30.9005 110.7805   8.00   -inf  -nan   3   3   6   3 293.44
   20   2018 06 05 17:00:05.907    61205.907  0.3178 30.9105 110.7405  10.00   -inf  -nan   8   4  12   3 123.37
   21   2018 06 05 17:00:27.516    61227.516  0.3891 30.9405 110.7805  12.00   -inf  -nan  10  11  21   9  92.21
   22   2018 06 05 17:08:10.920    61690.920  0.2528 30.8905 111.1305   4.00   -inf  -nan   6   2   8   2 164.15
   23   2018 06 05 17:25:46.161    62746.161  0.1658 30.9305 110.7605  10.00   -inf  -nan  14  12  26  11  71.26
   24   2018 06 05 18:26:58.332    66418.332  0.3337 30.9405 110.7405  12.00   -inf  -nan   8   9  17   7  94.47
   25   2018 06 05 18:29:09.031    66549.031  0.2114 30.9405 110.7605  10.00   -inf  -nan  11  10  21   9  77.93
   26   2018 06 05 19:21:41.431    69701.431  0.3290 30.8205 110.8205   8.00   -inf  -nan  12  11  23  10  98.94
   27   2018 06 05 23:00:04.436    82804.436  0.2923 30.8505 111.1605   8.00   -inf  -nan   8   4  12   4 227.23
   28   2018 06 05 23:01:09.234    82869.234  0.1790 30.8505 111.1305   4.00   -inf  -nan   8   4  12   4 210.25
   29   2018 06 05 23:17:56.262    83876.262  0.2033 30.8505 111.1305   4.00   -inf  -nan  13   4  17   4 210.25
    1   2018 06 06 00:10:15.259      615.259  0.4158 31.2105 110.3405   6.00   -inf  -nan   6   2   8   2 242.32
    2   2018 06 06 00:28:14.122     1694.122  0.0762 30.9405 110.7405  10.00   -inf  -nan   3   2   5   2 151.07
    3   2018 06 06 03:06:51.512    11211.512  0.1856 30.8505 111.1305   6.00   -inf  -nan   4   4   8   3 210.75
    4   2018 06 06 03:13:56.329    11636.329  0.3783 31.1705 110.3505  10.00   -inf  -nan   8   9  17   5 159.49
    5   2018 06 06 03:18:27.882    11907.882  0.2154 30.8905 111.4005   0.00   -inf  -nan   6   2   8   2 327.85
    6   2018 06 06 03:29:13.522    12553.522  0.2351 30.8505 111.1305   2.00   -inf  -nan   9   8  17   7 210.25
    7   2018 06 06 04:04:21.476    14661.476  0.4197 30.9705 110.3705   0.00   -inf  -nan   9  10  19   7  88.31
    8   2018 06 06 04:58:28.108    17908.108  0.1741 30.7705 111.1705   4.00   -inf  -nan   4   5   9   2 251.57
    9   2018 06 06 05:32:24.223    19944.223  0.1340 30.8505 111.1305   6.00   -inf  -nan   4   4   8   3 210.75
   10   2018 06 06 05:36:23.168    20183.168  0.3571 31.0505 110.4605   6.00   -inf  -nan  19  11  30  11 109.45
   11   2018 06 06 07:16:37.677    26197.677  0.2103 31.2205 110.0505   0.00   -inf  -nan   6   4  10   4 289.11
   12   2018 06 06 07:40:35.817    27635.817  0.1460 30.9405 110.7805  12.00   -inf  -nan   4   2   6   2 210.94
   13   2018 06 06 07:53:12.873    28392.873  0.3497 30.7405 110.9105   8.00   -inf  -nan   9   7  16   7 203.46
   14   2018 06 06 10:50:11.578    39011.578  0.1952 30.8505 111.1305   4.00   -inf  -nan   9   6  15   4 210.25
   15   2018 06 06 11:06:29.553    39989.553  0.2752 30.7005 110.9305  10.00   -inf  -nan   8   6  14   4 227.80
   16   2018 06 06 19:53:09.139    71589.139  0.1672 30.7005 110.9305  10.00   -inf  -nan   3   5   8   3 230.56
   17   2018 06 06 23:07:21.183    83241.183  0.2948 30.8505 111.1305   4.00   -inf  -nan  11   9  20   7 210.25
   18   2018 06 06 23:15:58.694    83758.694  0.1578 30.8505 111.1305   6.00   -inf  -nan   3   3   6   3 232.15
   19   2018 06 06 23:17:10.368    83830.368  0.1954 30.8505 111.1305   6.00   -inf  -nan   4   3   7   3 210.75
    1   2018 06 07 02:27:53.272     8873.272  0.1089 30.9305 110.7605  10.00   -inf  -nan   6   8  14   6  96.54
    2   2018 06 07 06:42:34.916    24154.916  0.1141 30.7505 110.8205  18.00   -inf  -nan  13  12  25  12 167.07
    3   2018 06 07 07:03:04.007    25384.007  0.4168 30.8905 110.7205   0.00   -inf  -nan   8   8  16   6  97.68
    4   2018 06 07 07:10:59.516    25859.516  0.1733 30.8505 111.1305   6.00   -inf  -nan   8   5  13   4 210.75
    5   2018 06 07 08:13:00.558    29580.558  0.3947 31.1805 110.3705   6.00   -inf  -nan   7   8  15   6 167.50
    6   2018 06 07 09:06:00.286    32760.286  0.2513 30.9705 111.2805   2.00   -inf  -nan   7   4  11   3 306.32
    7   2018 06 07 09:43:06.463    34986.463  0.3416 30.7805 110.9305   6.00   -inf  -nan   7   5  12   5 157.56
    8   2018 06 07 10:51:19.081    39079.081  0.3804 31.1605 110.6205   8.00   -inf  -nan   7   2   9   2 198.55
    9   2018 06 07 10:52:49.202    39169.202  0.2706 30.9005 110.6805   2.00   -inf  -nan   6   2   8   2 104.25
   10   2018 06 07 11:01:12.733    39672.733  0.1884 30.8505 111.1305   6.00   -inf  -nan   3   3   6   3 232.15
   11   2018 06 07 18:16:25.722    65785.722  0.2796 31.0605 110.2205   2.00   -inf  -nan   4   5   9   3 159.57
   12   2018 06 07 19:15:17.928    69317.928  0.2017 31.1805 110.2905  16.00   -inf  -nan   6   2   8   2 183.58
   13   2018 06 07 20:56:48.771    75408.771  0.2046 30.6605 110.9705   8.00   -inf  -nan   3   2   5   1 255.29
   14   2018 06 07 23:06:50.757    83210.757  0.2317 30.8505 111.1305   4.00   -inf  -nan  14   7  21   7 210.25
   15   2018 06 07 23:07:19.821    83239.821  0.2439 30.8305 111.1405   4.00   -inf  -nan  11   6  17   6 223.39
    1   2018 06 08 01:23:13.829     4993.829  0.2818 30.9105 110.5605   0.00   -inf  -nan   3   2   5   1 270.84
    2   2018 06 08 02:02:25.023     7345.023  0.2929 31.0005 110.0505  10.00   -inf  -nan   7   2   9   2 264.01
    3   2018 06 08 02:14:51.305     8091.305  0.2253 30.8505 111.1305   6.00   -inf  -nan   3   3   6   3 232.15
    4   2018 06 08 02:16:16.538     8176.538  0.1329 30.8505 111.1305   6.00   -inf  -nan   4   2   6   2 210.75
    5   2018 06 08 02:51:34.609    10294.609  0.2632 31.0005 110.0505   6.00   -inf  -nan   6   2   8   1 264.01
    6   2018 06 08 03:31:11.087    12671.087  0.1752 30.9305 111.4005  10.00   -inf  -nan   4   2   6   1 324.85
    7   2018 06 08 04:57:04.180    17824.180  0.2318 30.8705 110.9005   2.00   -inf  -nan  13   5  18   5  67.10
    8   2018 06 08 05:52:20.896    21140.896  0.1732 30.8505 111.1305   6.00   -inf  -nan  11   6  17   5 210.25
    9   2018 06 08 06:03:27.582    21807.582  0.2887 31.0605 110.3205   0.00   -inf  -nan   5   8  13   5  70.00
   10   2018 06 08 07:35:24.348    27324.348  0.2888 30.8905 111.1305   4.00   -inf  -nan   5   2   7   2 164.15
   11   2018 06 08 07:53:50.463    28430.463  0.3703 30.9005 110.7205   0.00   -inf  -nan  13  11  24  11  94.62
   12   2018 06 08 09:20:50.722    33650.722  0.1330 30.8505 111.2405   0.00   -inf  -nan   3   2   5   1 278.91
   13   2018 06 08 10:13:57.379    36837.379  0.2520 30.8505 111.1305   6.00   -inf  -nan  12   7  19   5 210.25
   14   2018 06 08 12:32:17.250    45137.250  0.3922 31.0905 110.0305  10.00   -inf  -nan  14   6  20   6 265.19
   15   2018 06 08 17:20:16.460    62416.460  0.1727 30.7805 110.7605  10.00   -inf  -nan   4   5   9   4 124.85
   16   2018 06 08 20:12:08.858    72728.858  0.2938 31.1705 110.5105   0.00   -inf  -nan   5   3   8   1 171.89
   17   2018 06 08 21:50:03.993    78603.993  0.3069 31.0605 110.1305  10.00   -inf  -nan   6   6  12   4 216.83
   18   2018 06 08 22:56:50.316    82610.316  0.1983 30.8505 111.1305   6.00   -inf  -nan  12   7  19   7 210.25
    1   2018 06 09 02:48:48.329    10128.329  0.3645 30.9805 110.4005   0.00   -inf  -nan   9   6  15   4  82.74
    2   2018 06 09 04:32:06.379    16326.379  0.4590 30.8205 110.5605  10.00   -inf  -nan   3   3   6   3 257.98
    3   2018 06 09 05:27:57.616    19677.616  0.3893 30.9905 110.4805   0.00   -inf  -nan  13   7  20   5  88.96
    4   2018 06 09 05:54:18.787    21258.787  0.3673 30.9705 110.0705   2.00   -inf  -nan   8   2  10   1 299.47
    5   2018 06 09 07:50:36.141    28236.141  0.0862 30.7705 111.0905   4.00   -inf  -nan   4   2   6   2 274.19
    6   2018 06 09 08:33:53.232    30833.232  0.2594 30.8705 110.9405   2.00   -inf  -nan  10   5  15   4 128.04
    7   2018 06 09 08:49:48.226    31788.226  0.1518 30.8505 111.1305   6.00   -inf  -nan  11   6  17   5 210.25
    8   2018 06 09 13:45:12.177    49512.177  0.1823 31.0005 110.2105  10.00   -inf  -nan   3   3   6   2 156.46
    9   2018 06 09 18:50:28.733    67828.733  0.3186 30.9005 110.7405   4.00   -inf  -nan   5   5  10   5 135.27
   10   2018 06 09 23:06:37.929    83197.929  0.1862 30.8505 111.1305   6.00   -inf  -nan   6   4  10   4 210.75
    1   2018 06 10 00:42:59.370     2579.370  0.2182 30.8505 111.1305   4.00   -inf  -nan   9   6  15   4 210.75
    2   2018 06 10 01:47:40.900     6460.900  0.1607 30.8905 111.3605   8.00   -inf  -nan   4   3   7   2 334.19
    3   2018 06 10 03:34:02.849    12842.849  0.1695 30.8105 111.1705   2.00   -inf  -nan   3   2   5   2 286.32
    4   2018 06 10 03:40:04.512    13204.512  0.4348 30.7805 110.9305   4.00   -inf  -nan   7   3  10   2 157.56
    5   2018 06 10 03:44:06.279    13446.279  0.3787 31.0205 110.4005   6.00   -inf  -nan   6   3   9   2 217.01
    6   2018 06 10 04:01:02.211    14462.211  0.1687 30.9505 110.8205   0.00   -inf  -nan   6   6  12   6 178.37
    7   2018 06 10 04:02:09.710    14529.710  0.3231 30.8705 110.9405   0.00   -inf  -nan   9   4  13   3 123.28
    8   2018 06 10 05:04:48.832    18288.832  0.3866 30.9405 110.7405   6.00   -inf  -nan   5   3   8   2 151.07
    9   2018 06 10 05:06:47.282    18407.282  0.2502 30.9405 110.7805  10.00   -inf  -nan   5   4   9   3 165.87
   10   2018 06 10 05:09:02.525    18542.525  0.2337 30.9105 110.7405  10.00   -inf  -nan   7   5  12   5 123.37
   11   2018 06 10 05:09:51.967    18591.967  0.2421 30.9305 110.7605  10.00   -inf  -nan  17  16  33  15  69.03
   12   2018 06 10 05:10:03.986    18603.986  0.2289 30.9405 110.7605  12.00   -inf  -nan   4   6  10   3 110.97
   13   2018 06 10 05:15:40.560    18940.560  0.3010 30.9405 110.7805   8.00   -inf  -nan   5   5  10   3 182.72
   14   2018 06 10 05:16:03.652    18963.652  0.3957 30.9405 110.7805  12.00   -inf  -nan   4   4   8   3 118.73
   15   2018 06 10 05:22:11.328    19331.328  0.1884 30.9405 110.7605  10.00   -inf  -nan   8   9  17   8  89.30
   16   2018 06 10 06:47:49.654    24469.654  0.3423 30.9905 110.4805   0.00   -inf  -nan  13   4  17   3  88.96
   17   2018 06 10 08:52:27.376    31947.376  0.3019 30.7805 110.9305   6.00   -inf  -nan   7   5  12   4 157.56
   18   2018 06 10 10:26:18.447    37578.447  0.4072 30.8105 111.1705   8.00   -inf  -nan   3   4   7   3 272.20
   19   2018 06 10 11:01:21.061    39681.061  0.3514 30.8205 111.1705   4.00   -inf  -nan  11   6  17   5 240.25
   20   2018 06 10 11:38:43.255    41923.255  0.1809 31.0505 110.1505   4.00   -inf  -nan   3   2   5   2 286.38
   21   2018 06 10 21:33:42.149    77622.149  0.4095 31.1405 110.2905   0.00   -inf  -nan   7   2   9   1 138.84
   22   2018 06 10 22:11:27.958    79887.958  0.0678 31.0805 110.7805   0.00   -inf  -nan   3   2   5   2 175.23
   23   2018 06 10 23:07:16.358    83236.358  0.2186 30.8505 111.1305   6.00   -inf  -nan   9   5  14   5 210.25
    1   2018 06 11 00:47:30.783     2850.783  0.1908 30.8505 111.1305   4.00   -inf  -nan   9   5  14   4 210.75
    2   2018 06 11 02:16:47.603     8207.603  0.2823 30.8105 111.1705   2.00   -inf  -nan   3   4   7   3 249.55
    3   2018 06 11 02:55:40.553    10540.553  0.2363 30.8705 110.9005   0.00   -inf  -nan   6   4  10   3 128.90
    4   2018 06 11 03:40:24.357    13224.357  0.2119 31.1005 110.0905   0.00   -inf  -nan   8   4  12   3 241.48
    5   2018 06 11 03:59:47.906    14387.906  0.2316 30.7805 110.7705  10.00   -inf  -nan   4   5   9   4 110.23
    6   2018 06 11 04:18:46.669    15526.669  0.3049 30.9705 110.0705   2.00   -inf  -nan   5   2   7   2 330.76
    7   2018 06 11 05:29:09.400    19749.400  0.3527 31.1205 110.8205  10.00   -inf  -nan   4   9  13   4 159.94
    8   2018 06 11 05:31:12.013    19872.013  0.3321 31.1205 110.7805  12.00   -inf  -nan   6   6  12   6 113.18
    9   2018 06 11 05:33:03.044    19983.044  0.2774 31.1605 110.8205  14.00   -inf  -nan   3   3   6   2 222.90
   10   2018 06 11 05:33:55.599    20035.599  0.3537 31.1405 110.8005  10.00   -inf  -nan  12  10  22  10 163.67
   11   2018 06 11 05:34:12.955    20052.955  0.3837 31.1205 110.8205  12.00   -inf  -nan   4   5   9   2 159.94
   12   2018 06 11 05:35:10.067    20110.067  0.3357 31.1205 110.8205  12.00   -inf  -nan   4   5   9   4 159.94
   13   2018 06 11 05:35:45.269    20145.269  0.3360 31.1305 110.8005  12.00   -inf  -nan  18  18  36  17 149.62
   14   2018 06 11 05:36:05.836    20165.836  0.4136 31.1405 110.8205  12.00   -inf  -nan   4  10  14   2 183.64
   15   2018 06 11 05:37:12.947    20232.947  0.2799 31.1305 110.8005  12.00   -inf  -nan  13  14  27  11 149.62
   16   2018 06 11 05:37:49.865    20269.865  0.2961 31.1305 110.8005  12.00   -inf  -nan  12  15  27  11 149.62
   17   2018 06 11 05:39:10.506    20350.506  0.4367 31.1405 110.8005  10.00   -inf  -nan   7   6  13   5 163.67
   18   2018 06 11 05:40:25.954    20425.954  0.4205 31.1205 110.7805  12.00   -inf  -nan  19  17  36  16 113.18
   19   2018 06 11 05:41:02.469    20462.469  0.2537 31.1105 110.8005  10.00   -inf  -nan   9  10  19   8 131.07
   20   2018 06 11 05:43:10.472    20590.472  0.2650 31.1205 110.7805  10.00   -inf  -nan   4   5   9   4 113.18
   21   2018 06 11 05:46:11.737    20771.737  0.2356 31.1205 110.7805  10.00   -inf  -nan   6   5  11   5 113.18
   22   2018 06 11 05:47:21.832    20841.832  0.4600 31.1205 110.7805  12.00   -inf  -nan   8   9  17   7 113.18
   23   2018 06 11 05:48:59.897    20939.897  0.3896 31.1205 110.7805  12.00   -inf  -nan  13  16  29  12 113.18
   24   2018 06 11 05:50:11.478    21011.478  0.3302 31.1405 110.7805   8.00   -inf  -nan   4   4   8   4 226.11
   25   2018 06 11 05:54:56.966    21296.966  0.3509 31.1205 110.7805  12.00   -inf  -nan   5   7  12   4 113.18
   26   2018 06 11 05:55:36.774    21336.774  0.3468 31.1105 110.8005  14.00   -inf  -nan   6  10  16   6 131.07
   27   2018 06 11 05:56:00.801    21360.801  0.1417 31.1205 110.7805  10.00   -inf  -nan   3   2   5   1 113.18
   28   2018 06 11 05:59:14.330    21554.330  0.1912 31.1105 110.8005  10.00   -inf  -nan   3   3   6   2 221.35
   29   2018 06 11 06:02:03.594    21723.594  0.4001 31.1205 110.7805  12.00   -inf  -nan  18  17  35  16 113.18
   30   2018 06 11 06:03:21.073    21801.073  0.4101 31.1205 110.7805  12.00   -inf  -nan  15  16  31  14 113.18
   31   2018 06 11 06:12:09.880    22329.880  0.3933 31.1405 110.8005  10.00   -inf  -nan   9   9  18   7 163.67
   32   2018 06 11 06:17:02.766    22622.766  0.3077 31.1305 110.8005  12.00   -inf  -nan  17  15  32  14 149.62
   33   2018 06 11 06:17:21.731    22641.731  0.0769 30.8505 111.1305   6.00   -inf  -nan   3   3   6   2 210.75
   34   2018 06 11 06:19:02.266    22742.266  0.3060 31.1405 110.8005  12.00   -inf  -nan   8   8  16   7 163.67
   35   2018 06 11 06:21:40.499    22900.499  0.3460 31.0905 110.1505   2.00   -inf  -nan   4   4   8   1 207.20
   36   2018 06 11 06:28:10.747    23290.747  0.3621 31.1205 110.8205  12.00   -inf  -nan   9  12  21   9 159.94
   37   2018 06 11 06:33:01.459    23581.459  0.2016 30.8505 111.1305   6.00   -inf  -nan   9   3  12   3 210.75
   38   2018 06 11 06:36:10.040    23770.040  0.1719 31.1205 110.7805  10.00   -inf  -nan   3   3   6   1 113.18
   39   2018 06 11 07:16:37.651    26197.651  0.2024 31.1205 110.7805  10.00   -inf  -nan   4   6  10   3 113.18
   40   2018 06 11 07:21:32.040    26492.040  0.3003 31.0805 110.8605   8.00   -inf  -nan   3   2   5   1 236.71
   41   2018 06 11 07:29:04.846    26944.846  0.4361 31.1205 110.7805  16.00   -inf  -nan   3   5   8   3 113.18
   42   2018 06 11 07:43:49.325    27829.325  0.3264 31.1305 110.8005  12.00   -inf  -nan  18  17  35  15 149.62
   43   2018 06 11 07:47:05.750    28025.750  0.2897 31.1205 110.8205  12.00   -inf  -nan   4   6  10   3 159.94
   44   2018 06 11 07:53:37.050    28417.050  0.3965 31.1405 110.8005  10.00   -inf  -nan  10  12  22  10 163.67
   45   2018 06 11 07:58:31.439    28711.439  0.4055 31.1205 110.7805  12.00   -inf  -nan  13  12  25  10 113.18
   46   2018 06 11 07:59:10.319    28750.319  0.2632 31.1105 110.8005  10.00   -inf  -nan   7   7  14   4 131.07
   47   2018 06 11 08:35:27.527    30927.527  0.1428 30.8705 110.5605  12.00   -inf  -nan   3   2   5   2 193.05
   48   2018 06 11 09:29:42.016    34182.016  0.3008 30.8605 110.4805   0.00   -inf  -nan  10   8  18   7 190.19
   49   2018 06 11 09:43:29.989    35009.989  0.2361 31.1205 110.7805  10.00   -inf  -nan   4   3   7   3 117.36
   50   2018 06 11 10:45:14.064    38714.064  0.2399 31.1305 110.8005  12.00   -inf  -nan  10   9  19   7 149.62
   51   2018 06 11 11:33:30.753    41610.753  0.2894 31.1005 110.7905  10.00   -inf  -nan   9   7  16   7 115.10
   52   2018 06 11 11:38:59.276    41939.276  0.1666 31.1205 110.7805  10.00   -inf  -nan   5   3   8   3 113.18
   53   2018 06 11 13:16:03.742    47763.742  0.1502 30.6705 110.9405   6.00   -inf  -nan   4   4   8   3 247.03
   54   2018 06 11 15:51:47.131    57107.131  0.1815 30.8205 110.8105   2.00   -inf  -nan   6   5  11   5 186.89
   55   2018 06 11 18:13:25.564    65605.564  0.2657 31.1305 110.8005  12.00   -inf  -nan   9  10  19   8 149.62
   56   2018 06 11 21:22:10.334    76930.334  0.1479 31.1705 110.3005   0.00   -inf  -nan   6   3   9   2 261.29
   57   2018 06 11 21:51:53.039    78713.039  0.3988 31.0605 110.4405   6.00   -inf  -nan   5   4   9   3 170.49
   58   2018 06 11 22:54:52.110    82492.110  0.2348 31.1205 110.7805   8.00   -inf  -nan   5   5  10   4 113.18
   59   2018 06 11 23:20:33.381    84033.381  0.2299 30.8505 111.1305   6.00   -inf  -nan  13   9  22   8 210.25
    1   2018 06 12 01:58:00.146     7080.146  0.1752 30.8505 111.1305   6.00   -inf  -nan   5   4   9   4 210.75
    2   2018 06 12 01:58:59.104     7139.104  0.2515 30.8505 111.1305   6.00   -inf  -nan   4   4   8   4 210.75
    3   2018 06 12 02:27:40.521     8860.521  0.4568 31.1305 110.3505  10.00   -inf  -nan  11   4  15   3 139.04
    4   2018 06 12 03:09:39.895    11379.895  0.3002 30.9405 111.2305   0.00   -inf  -nan   5   3   8   3 296.96
    5   2018 06 12 03:41:06.723    13266.723  0.2263 30.9305 110.7105   6.00   -inf  -nan   8   2  10   2 107.12
    6   2018 06 12 04:36:23.668    16583.668  0.4965 30.9005 110.8205  10.00   -inf  -nan   3   3   6   1 175.85
    7   2018 06 12 04:51:43.534    17503.534  0.3662 30.9005 110.4205   2.00   -inf  -nan   7   3  10   2 184.26
    8   2018 06 12 05:13:35.459    18815.459  0.2549 30.9005 110.4205   6.00   -inf  -nan   3   4   7   1 184.26
    9   2018 06 12 05:14:54.724    18894.724  0.3084 30.7305 111.2005   2.00   -inf  -nan   3   4   7   2 289.09
   10   2018 06 12 05:22:54.374    19374.374  0.3431 30.7305 111.2005   2.00   -inf  -nan   3   4   7   1 282.02
   11   2018 06 12 05:36:30.948    20190.948  0.3140 30.7305 111.2105   0.00   -inf  -nan   6   4  10   4 284.08
   12   2018 06 12 05:41:57.773    20517.773  0.2356 30.7305 111.2105   6.00   -inf  -nan   6   4  10   4 284.08
   13   2018 06 12 06:14:16.606    22456.606  0.3736 30.9905 110.4805   0.00   -inf  -nan   8   4  12   2 135.78
   14   2018 06 12 08:09:47.317    29387.317  0.4763 30.9505 110.6005  20.00   -inf  -nan   3   3   6   1 121.66
   15   2018 06 12 08:34:51.567    30891.567  0.0906 30.8505 111.1305   6.00   -inf  -nan   4   3   7   3 210.75
   16   2018 06 12 08:44:34.496    31474.496  0.1948 30.8505 111.1305   4.00   -inf  -nan   9   4  13   4 210.75
   17   2018 06 12 08:57:43.648    32263.648  0.3961 30.9805 110.3805   0.00   -inf  -nan  10   6  16   5  81.13
   18   2018 06 12 09:53:34.914    35614.914  0.4045 31.0205 110.4605   0.00   -inf  -nan  11   6  17   4 117.11
   19   2018 06 12 18:39:47.616    67187.616  0.3504 31.1705 110.3405   6.00   -inf  -nan   5   2   7   2 206.23
   20   2018 06 12 21:28:06.345    77286.345  0.1333 31.0905 110.2705  18.00   -inf  -nan   3   2   5   2 228.80
   21   2018 06 12 22:58:10.410    82690.410  0.1622 30.8605 111.1405   4.00   -inf  -nan   8   3  11   3 219.99
   22   2018 06 12 23:31:25.016    84685.016  0.1511 30.8505 111.1305   6.00   -inf  -nan   6   5  11   5 210.75
    1   2018 06 13 01:33:37.846     5617.846  0.2116 30.8505 111.1305   6.00   -inf  -nan   6   3   9   3 232.15
    2   2018 06 13 02:14:49.596     8089.596  0.2192 30.8505 111.1305   6.00   -inf  -nan   3   3   6   3 232.15
    3   2018 06 13 04:15:30.728    15330.728  0.3801 30.8705 110.9405   0.00   -inf  -nan  10   5  15   3  86.65
    4   2018 06 13 04:20:30.634    15630.634  0.1497 30.8505 111.1305   6.00   -inf  -nan  12   4  16   4 210.25
    5   2018 06 13 05:48:36.623    20916.623  0.2454 31.2205 110.0505   0.00   -inf  -nan   6   4  10   3 289.11
    6   2018 06 13 07:14:29.164    26069.164  0.2121 30.8505 111.1305   4.00   -inf  -nan   6   4  10   2 210.25
    7   2018 06 13 07:53:06.548    28386.548  0.4901 30.8105 110.2705   0.00   -inf  -nan   5   2   7   1 284.29
    8   2018 06 13 08:33:04.321    30784.321  0.1655 30.8505 111.1305   6.00   -inf  -nan  10   4  14   4 210.75
    9   2018 06 13 09:36:23.118    34583.118  0.2022 30.8505 111.1305   4.00   -inf  -nan   9   4  13   4 210.75
   10   2018 06 13 13:56:46.780    50206.780  0.3458 31.0205 110.4605   0.00   -inf  -nan  11  11  22   9  90.43
   11   2018 06 13 18:18:12.960    65892.960  0.1822 30.7505 110.8205  18.00   -inf  -nan   5   3   8   3 167.07
   12   2018 06 13 20:46:22.762    74782.762  0.2332 30.7705 110.7605  12.00   -inf  -nan  18   5  23   4 109.98
   13   2018 06 13 23:20:58.158    84058.158  0.2266 30.8305 110.4805   0.00   -inf  -nan   6   4  10   3 255.51
    1   2018 06 14 00:28:35.693     1715.693  0.2044 30.8505 111.1305   6.00   -inf  -nan   5   3   8   3 210.75
    2   2018 06 14 00:59:13.353     3553.353  0.2484 30.8505 111.1305   8.00   -inf  -nan   6   3   9   3 210.25
    3   2018 06 14 02:01:04.493     7264.493  0.2107 30.8505 111.1305   4.00   -inf  -nan   9   3  12   3 210.75
    4   2018 06 14 02:04:29.466     7469.466  0.1960 30.8505 111.1305   6.00   -inf  -nan   9   4  13   4 210.75
    5   2018 06 14 02:46:53.527    10013.527  0.1509 30.8905 111.0805   4.00   -inf  -nan   4   2   6   2 263.16
    6   2018 06 14 03:46:15.224    13575.224  0.2411 30.9105 110.7405   0.00   -inf  -nan  10   4  14   3  87.32
    7   2018 06 14 05:10:50.138    18650.138  0.1277 30.8105 110.7605   6.00   -inf  -nan   3   2   5   2 210.82
    8   2018 06 14 06:49:07.416    24547.416  0.1991 30.8505 111.1305   6.00   -inf  -nan   4   3   7   3 210.75
    9   2018 06 14 08:04:00.281    29040.281  0.0981 30.8505 111.2405   0.00   -inf  -nan   3   2   5   2 293.47
   10   2018 06 14 08:19:28.598    29968.598  0.1577 30.8505 111.1305   6.00   -inf  -nan   6   4  10   3 210.75
   11   2018 06 14 08:19:49.533    29989.533  0.0761 30.8505 111.1305   4.00   -inf  -nan   6   2   8   2 232.15
   12   2018 06 14 10:17:10.383    37030.383  0.4150 31.1305 110.0705   0.00   -inf  -nan   7   4  11   3 255.43
   13   2018 06 14 14:56:30.341    53790.341  0.1972 30.8505 111.1305   6.00   -inf  -nan   3   2   5   2 232.15
   14   2018 06 14 23:07:48.460    83268.460  0.2977 30.8905 111.1205   4.00   -inf  -nan  10   5  15   5 152.93
    1   2018 06 15 01:59:13.253     7153.253  0.1781 30.8505 111.1305   4.00   -inf  -nan   7   3  10   3 232.15
    2   2018 06 15 02:00:03.120     7203.120  0.1794 30.8505 111.1305   4.00   -inf  -nan   5   2   7   2 232.15
    3   2018 06 15 02:29:29.046     8969.046  0.1826 30.8505 111.1305   6.00   -inf  -nan  12   4  16   4 210.25
    4   2018 06 15 04:22:18.903    15738.903  0.4129 30.9805 110.3605   0.00   -inf  -nan  12  10  22   7  74.28
    5   2018 06 15 04:26:15.002    15975.002  0.4972 31.1805 110.3705   4.00   -inf  -nan   8   7  15   4 167.50
    6   2018 06 15 05:05:20.827    18320.827  0.1998 30.8505 111.1305   4.00   -inf  -nan  10   5  15   5 210.75
    7   2018 06 15 05:47:21.344    20841.344  0.3875 30.9805 110.4005   0.00   -inf  -nan   9   3  12   2  82.74
    8   2018 06 15 06:54:58.224    24898.224  0.2043 31.1305 110.0305   8.00   -inf  -nan  12   2  14   2 269.61
    9   2018 06 15 07:21:15.066    26475.066  0.1655 30.8505 111.1305   6.00   -inf  -nan   3   2   5   2 232.15
   10   2018 06 15 08:41:30.443    31290.443  0.3068 30.8505 111.2405   8.00   -inf  -nan   3   4   7   3 278.91
   11   2018 06 15 09:56:33.220    35793.220  0.1568 30.8505 111.1305   6.00   -inf  -nan   5   3   8   3 210.75
   12   2018 06 15 09:56:45.982    35805.982  0.2890 30.9805 110.7805   0.00   -inf  -nan  11   5  16   5  81.67
   13   2018 06 15 11:15:50.425    40550.425  0.2116 31.0905 110.1905   0.00   -inf  -nan   4   3   7   2 181.48
   14   2018 06 15 12:33:11.308    45191.308  0.2020 31.0905 110.7505   0.00   -inf  -nan   5   2   7   2 110.32
   15   2018 06 15 22:53:14.432    82394.432  0.2265 31.0505 110.1905   4.00   -inf  -nan   7   7  14   7 177.95
   16   2018 06 15 23:19:59.369    83999.369  0.2902 30.8205 111.1705   4.00   -inf  -nan   6   3   9   3 245.81
   17   2018 06 15 23:20:59.086    84059.086  0.2189 30.8505 111.1305   4.00   -inf  -nan   6   5  11   4 210.75
    1   2018 06 16 00:06:11.701      371.701  0.0890 30.8505 111.1305   6.00   -inf  -nan   4   2   6   2 210.75
    2   2018 06 16 00:06:59.503      419.503  0.1249 30.8505 111.1305   4.00   -inf  -nan   3   2   5   2 210.75
    3   2018 06 16 02:17:38.620     8258.620  0.4420 30.8905 110.3305  12.00   -inf  -nan   4   3   7   2 246.31
    4   2018 06 16 02:29:51.355     8991.355  0.3001 31.1205 110.0905   8.00   -inf  -nan  11   8  19   7 244.79
    5   2018 06 16 02:40:16.895     9616.895  0.1456 30.8505 111.1305   6.00   -inf  -nan  10   4  14   4 210.75
    6   2018 06 16 03:27:03.923    12423.923  0.2365 30.7805 110.9705   0.00   -inf  -nan   5   2   7   1 194.39
    7   2018 06 16 03:40:47.979    13247.979  0.2002 30.7505 110.9805   2.00   -inf  -nan   6   2   8   2 212.32
    8   2018 06 16 03:44:00.671    13440.671  0.3004 31.1305 110.0705   0.00   -inf  -nan  10   2  12   2 255.43
    9   2018 06 16 03:54:54.097    14094.097  0.2803 30.9005 110.7205   0.00   -inf  -nan  11   4  15   4  94.62
   10   2018 06 16 03:57:59.088    14279.088  0.1864 30.7405 111.2305   6.00   -inf  -nan   5   2   7   1 294.22
   11   2018 06 16 04:55:26.569    17726.569  0.1617 31.0305 110.6405   6.00   -inf  -nan   3   2   5   2 216.35
   12   2018 06 16 05:13:11.897    18791.897  0.2246 31.0305 110.6005   6.00   -inf  -nan   4   4   8   3 121.46
   13   2018 06 16 05:55:38.145    21338.145  0.1732 30.9305 110.3305  10.00   -inf  -nan   5   2   7   2 115.45
   14   2018 06 16 07:44:27.921    27867.921  0.1527 31.0505 110.2305   6.00   -inf  -nan   3   2   5   2 207.70
   15   2018 06 16 08:27:21.632    30441.632  0.2919 30.7405 110.9305   4.00   -inf  -nan   8   3  11   2 207.91
   16   2018 06 16 08:31:33.471    30693.471  0.3631 31.0905 110.3805   6.00   -inf  -nan  14  13  27  13  79.29
   17   2018 06 16 08:56:06.925    32166.925  0.1896 30.8505 111.1305   6.00   -inf  -nan   7   3  10   3 210.75
   18   2018 06 16 09:11:21.369    33081.369  0.2103 30.8505 111.1305   4.00   -inf  -nan  10   6  16   5 210.25
   19   2018 06 16 09:28:17.517    34097.517  0.2751 31.1005 110.3605   0.00   -inf  -nan   8   5  13   5 194.99
   20   2018 06 16 09:44:39.957    35079.957  0.2221 30.9305 111.3705   8.00   -inf  -nan   4   3   7   2 321.96
   21   2018 06 16 10:11:05.174    36665.174  0.4150 31.1705 110.4605   2.00   -inf  -nan   7   9  16   5 169.39
   22   2018 06 16 10:36:31.351    38191.351  0.2166 31.2305 110.6805   2.00   -inf  -nan   3   2   5   1 237.74
   23   2018 06 16 11:20:10.613    40810.613  0.1922 31.1705 110.4605   4.00   -inf  -nan   4   5   9   4 203.00
   24   2018 06 16 11:33:58.548    41638.548  0.0725 31.0805 110.7805   0.00   -inf  -nan   3   2   5   2 175.23
   25   2018 06 16 12:58:14.666    46694.666  0.3603 31.1305 110.4605  14.00   -inf  -nan   4   7  11   3 177.50
   26   2018 06 16 13:43:27.100    49407.100  0.3440 31.1705 110.4605   2.00   -inf  -nan   7  12  19   7 169.39
   27   2018 06 16 14:46:37.026    53197.026  0.2115 30.7705 110.7605  10.00   -inf  -nan  14  13  27  13 109.98
   28   2018 06 16 17:24:39.496    62679.496  0.2834 31.1505 110.4405   4.00   -inf  -nan   9  10  19   8 158.95
   29   2018 06 16 20:10:36.311    72636.311  0.2286 31.1405 110.2905   6.00   -inf  -nan   8   2  10   1 138.84
   30   2018 06 16 20:34:19.888    74059.888  0.1291 30.8905 111.1605   8.00   -inf  -nan   4   2   6   2 195.54
   31   2018 06 16 23:11:49.685    83509.685  0.0915 30.8505 111.1305   6.00   -inf  -nan   5   2   7   2 210.75
   32   2018 06 16 23:12:25.930    83545.930  0.2162 30.8505 111.1305   6.00   -inf  -nan  13   4  17   4 210.25
   33   2018 06 16 23:15:00.848    83700.848  0.2064 30.8505 111.1305   6.00   -inf  -nan   4   3   7   2 210.75
   34   2018 06 16 23:16:00.367    83760.367  0.2782 30.8205 111.1705   4.00   -inf  -nan   6   4  10   3 245.81
    1   2018 06 17 01:29:44.971     5384.971  0.1258 30.8505 111.2405   8.00   -inf  -nan   4   2   6   2 278.91
    2   2018 06 17 02:09:08.350     7748.350  0.2352 31.1205 110.8605   8.00   -inf  -nan   5   2   7   1 188.48
    3   2018 06 17 02:50:02.763    10202.763  0.1894 30.8905 111.1205   0.00   -inf  -nan   7   2   9   2 152.93
    4   2018 06 17 03:00:23.011    10823.011  0.1994 30.8105 111.1705   6.00   -inf  -nan   3   3   6   2 275.28
    5   2018 06 17 03:56:05.470    14165.470  0.2593 31.0605 110.4405   6.00   -inf  -nan   4   6  10   3 113.97
    6   2018 06 17 06:29:12.375    23352.375  0.3643 30.8505 111.2405   0.00   -inf  -nan   5   5  10   1 278.91
    7   2018 06 17 06:33:40.616    23620.616  0.1718 30.7805 110.7605  10.00   -inf  -nan  11   9  20   9 103.86
    8   2018 06 17 07:56:48.327    28608.327  0.2679 30.8205 110.9305   0.00   -inf  -nan  14   2  16   2 102.66
    9   2018 06 17 08:06:01.397    29161.397  0.2172 30.8505 111.1305   4.00   -inf  -nan   5   2   7   2 210.75
   10   2018 06 17 08:21:48.375    30108.375  0.2660 30.8505 111.1305   6.00   -inf  -nan   3   3   6   3 210.75
   11   2018 06 17 08:50:11.290    31811.290  0.1466 30.8505 111.1305   4.00   -inf  -nan  10   3  13   3 210.25
   12   2018 06 17 08:50:54.415    31854.415  0.1154 30.8505 111.1305   6.00   -inf  -nan   5   4   9   3 210.75
   13   2018 06 17 10:23:22.190    37402.190  0.2610 30.7705 110.7605  12.00   -inf  -nan  18   9  27   8 109.98
   14   2018 06 17 10:24:42.509    37482.509  0.3815 30.9605 109.9705  10.00   -inf  -nan   8   3  11   2 295.22
   15   2018 06 17 10:33:29.982    38009.982  0.3377 30.7905 110.7405  10.00   -inf  -nan   3   4   7   3 141.30
   16   2018 06 17 13:19:40.043    47980.043  0.1607 30.7905 110.7405  10.00   -inf  -nan   3   3   6   2 220.51
   17   2018 06 17 13:33:06.756    48786.756  0.2099 30.7705 110.7605  10.00   -inf  -nan  14  15  29  13 109.98
   18   2018 06 17 23:05:19.986    83119.986  0.1132 30.8505 111.1305   6.00   -inf  -nan   5   4   9   4 210.75
   19   2018 06 17 23:06:19.841    83179.841  0.2025 30.8505 111.1305   6.00   -inf  -nan   5   4   9   4 210.75
    1   2018 06 18 00:04:59.024      299.024  0.0667 30.7805 110.7605   8.00   -inf  -nan   4   2   6   2 124.85
    2   2018 06 18 03:06:59.226    11219.226  0.1904 30.8505 111.1305   4.00   -inf  -nan   7   2   9   2 210.75
    3   2018 06 18 03:07:36.761    11256.761  0.1603 30.8505 111.1205   6.00   -inf  -nan   4   2   6   1 228.12
    4   2018 06 18 03:18:05.174    11885.174  0.4593 30.9805 110.4005   0.00   -inf  -nan  10   4  14   4  82.74
    5   2018 06 18 04:04:22.091    14662.091  0.2412 30.8505 111.1305   4.00   -inf  -nan  11   3  14   2 210.25
    6   2018 06 18 05:21:06.397    19266.397  0.1593 30.8505 111.1305   4.00   -inf  -nan   7   4  11   4 210.75
    7   2018 06 18 07:54:04.810    28444.810  0.2470 30.8505 111.1605   6.00   -inf  -nan   8   3  11   2 225.53
    8   2018 06 18 08:07:29.264    29249.264  0.4581 30.8105 111.1705   6.00   -inf  -nan   6   5  11   4 249.55
    9   2018 06 18 21:52:57.750    78777.750  0.3985 31.1305 110.1305   0.00   -inf  -nan   8   4  12   2 226.56
   10   2018 06 18 22:34:56.099    81296.099  0.2983 30.9705 110.4705   0.00   -inf  -nan  10  11  21   9  82.77
   11   2018 06 18 22:54:02.779    82442.779  0.3386 30.8105 111.1705   8.00   -inf  -nan  14   4  18   4 242.73
   12   2018 06 18 23:08:39.396    83319.396  0.1820 30.8505 111.1305   6.00   -inf  -nan   6   4  10   4 210.75
   13   2018 06 18 23:10:02.811    83402.811  0.2620 30.8505 111.1305   6.00   -inf  -nan   4   3   7   3 210.75
    1   2018 06 19 00:18:08.290     1088.290  0.3022 30.9805 110.3405   0.00   -inf  -nan   4   2   6   1 222.24
    2   2018 06 19 01:42:54.285     6174.285  0.2314 30.8505 111.1305   4.00   -inf  -nan  10   8  18   7 210.75
    3   2018 06 19 06:06:11.116    21971.116  0.2003 30.8505 111.1305   6.00   -inf  -nan   8   4  12   4 210.25
    4   2018 06 19 08:14:17.772    29657.772  0.1941 30.8505 111.1305   4.00   -inf  -nan   9   5  14   4 210.25
    5   2018 06 19 10:07:38.981    36458.981  0.1663 30.8505 111.1305   6.00   -inf  -nan   9   7  16   5 210.25
    6   2018 06 19 13:30:57.891    48657.891  0.4132 31.0905 110.3805   4.00   -inf  -nan   3   5   8   3 106.78
    7   2018 06 19 15:12:16.258    54736.258  0.3591 31.0205 110.4805   4.00   -inf  -nan   3   2   5   2 196.96
    8   2018 06 19 16:41:19.845    60079.845  0.3210 30.9505 110.6805  12.00   -inf  -nan   4   5   9   3 120.45
    9   2018 06 19 19:52:33.742    71553.742  0.4546 30.9705 110.4505  20.00   -inf  -nan   3   3   6   2 156.52
    1   2018 06 20 00:15:02.167      902.167  0.2040 30.8505 111.1305   6.00   -inf  -nan   4   2   6   1 210.25
    2   2018 06 20 01:17:55.565     4675.565  0.3010 30.8505 111.1305   4.00   -inf  -nan  10   5  15   5 210.25
    3   2018 06 20 01:18:34.491     4714.491  0.1305 30.8505 111.1305   4.00   -inf  -nan  11   4  15   4 210.25
    4   2018 06 20 02:53:30.348    10410.348  0.3804 31.0605 110.3205   0.00   -inf  -nan   3   3   6   1 185.98
    5   2018 06 20 03:26:56.147    12416.147  0.1706 30.8505 111.1305   4.00   -inf  -nan  10   2  12   2 210.25
    6   2018 06 20 03:51:45.417    13905.417  0.2418 31.0105 110.5505   2.00   -inf  -nan   4   3   7   2 109.02
    7   2018 06 20 04:04:22.331    14662.331  0.2865 30.8705 110.9405   0.00   -inf  -nan   7   2   9   2 132.87
    8   2018 06 20 04:13:49.731    15229.731  0.2471 30.9005 111.1405   2.00   -inf  -nan   5   3   8   1 176.28
    9   2018 06 20 06:47:40.648    24460.648  0.3536 30.7405 110.9005   4.00   -inf  -nan   5   2   7   1 201.30
   10   2018 06 20 09:06:35.221    32795.221  0.3791 31.0605 110.2105   6.00   -inf  -nan  12  11  23  10 165.91
   11   2018 06 20 09:20:36.992    33636.992  0.1417 30.8605 110.3805   2.00   -inf  -nan   7   4  11   4 233.81
   12   2018 06 20 09:24:46.454    33886.454  0.3047 30.8605 110.3805   0.00   -inf  -nan   4   4   8   2 245.52
   13   2018 06 20 10:06:58.564    36418.564  0.1331 30.8505 111.1305   4.00   -inf  -nan   9   3  12   3 210.75
   14   2018 06 20 10:20:06.166    37206.166  0.4699 30.9705 110.3705   0.00   -inf  -nan   8   9  17   7  88.31
   15   2018 06 20 14:05:36.882    50736.882  0.2450 31.1805 110.2505  12.00   -inf  -nan   3   2   5   2 155.81
   16   2018 06 20 14:58:21.657    53901.657  0.3652 31.0605 110.2105   4.00   -inf  -nan   3   4   7   1 218.09
   17   2018 06 20 23:12:33.469    83553.469  0.1909 30.8505 111.1305   4.00   -inf  -nan  11   4  15   4 210.25
   18   2018 06 20 23:13:03.986    83583.986  0.1670 30.8505 111.1305   6.00   -inf  -nan  11   4  15   4 210.25
   19   2018 06 20 23:13:48.029    83628.029  0.2811 30.8505 111.1305   8.00   -inf  -nan   5   3   8   3 210.75
   20   2018 06 20 23:15:09.461    83709.461  0.1095 30.8505 111.1305   6.00   -inf  -nan   6   5  11   3 210.25
    1   2018 06 21 03:06:51.811    11211.811  0.1727 30.8105 111.0905   2.00   -inf  -nan   3   2   5   1 283.47
    2   2018 06 21 04:05:12.778    14712.778  0.3481 30.8105 111.1605   0.00   -inf  -nan   4   4   8   2 238.50
    3   2018 06 21 04:09:28.611    14968.611  0.4537 30.7705 111.0005   4.00   -inf  -nan   3   5   8   1 263.45
    4   2018 06 21 05:01:02.651    18062.651  0.1494 30.8505 111.1305   6.00   -inf  -nan  10   4  14   4 210.75
    5   2018 06 21 08:38:00.326    31080.326  0.3067 30.8505 111.1705   8.00   -inf  -nan   3   3   6   1 233.42
    6   2018 06 21 10:35:00.024    38100.024  0.2708 30.9705 110.7205  10.00   -inf  -nan   5   6  11   4 139.90
    7   2018 06 21 12:03:03.144    43383.144  0.2344 31.0605 110.4805   6.00   -inf  -nan   4   4   8   3 217.29
    8   2018 06 21 17:39:22.813    63562.813  0.3754 31.1205 110.1305   4.00   -inf  -nan  10   9  19   8 224.13
    9   2018 06 21 22:49:20.491    82160.491  0.1448 30.8505 111.1305   6.00   -inf  -nan   7   3  10   3 210.25
   10   2018 06 21 23:09:20.531    83360.531  0.1773 30.8505 111.1305   4.00   -inf  -nan   9   3  12   2 210.25
    1   2018 06 22 04:09:02.293    14942.293  0.2805 30.8605 110.9605   4.00   -inf  -nan   9   4  13   3 102.70
    2   2018 06 22 04:51:50.525    17510.525  0.3206 30.7705 110.7605  10.00   -inf  -nan   5   7  12   4 109.98
    3   2018 06 22 07:18:21.586    26301.586  0.1433 30.8505 111.1305   6.00   -inf  -nan   4   3   7   3 210.75
    4   2018 06 22 09:17:23.846    33443.846  0.1447 30.8505 111.1305   6.00   -inf  -nan   3   3   6   2 305.82
    5   2018 06 22 09:47:46.093    35266.093  0.1426 31.0205 110.4805   0.00   -inf  -nan   5   4   9   2 128.52
    6   2018 06 22 10:04:46.626    36286.626  0.2555 30.8505 111.1305   6.00   -inf  -nan  14   9  23   9 210.25
    7   2018 06 22 12:10:41.757    43841.757  0.3011 30.8105 110.7605   8.00   -inf  -nan   9   9  18   8  98.99
    8   2018 06 22 19:19:41.476    69581.476  0.1841 31.1305 110.1505   0.00   -inf  -nan   6   4  10   4 214.32
    9   2018 06 22 19:21:54.560    69714.560  0.4419 31.1405 110.0905  10.00   -inf  -nan   8   6  14   5 249.53
   10   2018 06 22 21:32:58.517    77578.517  0.2816 31.1405 110.1705   0.00   -inf  -nan   7   8  15   7 203.03
   11   2018 06 22 23:09:32.906    83372.906  0.1849 30.8505 111.1305   4.00   -inf  -nan   3   2   5   2 232.15
   12   2018 06 22 23:10:50.855    83450.855  0.1745 30.8505 111.1305   4.00   -inf  -nan   9   3  12   3 210.75
   13   2018 06 22 23:27:47.186    84467.186  0.1660 30.8505 111.1305   6.00   -inf  -nan  12   8  20   8 210.25
    1   2018 06 23 01:55:34.125     6934.125  0.1115 30.8505 111.1305   6.00   -inf  -nan   4   4   8   4 210.75
    2   2018 06 23 02:28:03.068     8883.068  0.2867 31.1605 110.8205  14.00   -inf  -nan   5   6  11   5 222.90
    3   2018 06 23 02:41:35.836     9695.836  0.4162 31.1705 110.3905   0.00   -inf  -nan  11   5  16   3 164.24
    4   2018 06 23 02:49:28.601    10168.601  0.4100 31.0005 110.3705   4.00   -inf  -nan   8   7  15   6  84.72
    5   2018 06 23 03:11:57.406    11517.406  0.1018 30.8605 111.1405   6.00   -inf  -nan   3   3   6   3 219.99
    6   2018 06 23 03:18:26.627    11906.627  0.3284 30.9705 110.3705   0.00   -inf  -nan   8   3  11   2  88.31
    7   2018 06 23 03:31:04.253    12664.253  0.3294 30.8605 110.3805   0.00   -inf  -nan   3   4   7   2 208.04
    8   2018 06 23 06:23:16.386    22996.386  0.1690 30.8505 111.1305   6.00   -inf  -nan   5   4   9   4 210.75
    9   2018 06 23 06:25:12.971    23112.971  0.2841 30.8105 111.1705   6.00   -inf  -nan   3   3   6   3 286.32
   10   2018 06 23 08:02:50.666    28970.666  0.2188 30.9205 110.0505   0.00   -inf  -nan   3   2   5   2 319.80
   11   2018 06 23 08:04:02.117    29042.117  0.3011 31.0505 110.1105   4.00   -inf  -nan   7   3  10   2 291.74
   12   2018 06 23 08:08:12.548    29292.548  0.2613 31.1005 110.6405  10.00   -inf  -nan   6   3   9   3 205.91
   13   2018 06 23 08:08:17.829    29297.829  0.4511 30.9305 111.1605   0.00   -inf  -nan   3   3   6   1 195.45
   14   2018 06 23 10:01:13.025    36073.025  0.2393 30.8505 111.1305   4.00   -inf  -nan  10   8  18   6 210.25
   15   2018 06 23 23:21:42.090    84102.090  0.3139 30.8905 111.1205   6.00   -inf  -nan   3   3   6   2 152.93
   16   2018 06 23 23:23:11.771    84191.771  0.2359 30.8505 111.1305   6.00   -inf  -nan   3   3   6   3 232.15
    1   2018 06 24 01:22:13.274     4933.274  0.1498 30.8505 111.1305   4.00   -inf  -nan   7   4  11   4 210.25
    2   2018 06 24 01:22:47.132     4967.132  0.1864 30.8505 111.1305   4.00   -inf  -nan  10   7  17   6 210.25
    3   2018 06 24 02:52:01.175    10321.175  0.3827 30.8105 111.1605   0.00   -inf  -nan   5   4   9   4 245.30
    4   2018 06 24 03:03:35.799    11015.799  0.1479 30.8505 111.1305   8.00   -inf  -nan   4   2   6   2 210.75
    5   2018 06 24 03:51:18.939    13878.939  0.4376 30.9005 110.7205   0.00   -inf  -nan  10  10  20   8  94.62
    6   2018 06 24 06:41:22.793    24082.793  0.1950 30.8505 111.1305   6.00   -inf  -nan   5   5  10   4 210.25
    7   2018 06 24 08:09:50.846    29390.846  0.1409 30.8505 111.1305   4.00   -inf  -nan  10   4  14   3 210.25
    8   2018 06 24 09:26:36.344    33996.344  0.2348 30.9305 110.8005   2.00   -inf  -nan   3   3   6   3 226.80
    9   2018 06 24 10:21:59.473    37319.473  0.3869 30.9705 110.3705   2.00   -inf  -nan   8   8  16   6  88.31
   10   2018 06 24 10:30:40.393    37840.393  0.2673 30.8605 111.1305   4.00   -inf  -nan   8   6  14   6 204.21
   11   2018 06 24 10:45:40.823    38740.823  0.2800 30.8505 111.1305   6.00   -inf  -nan   8   5  13   3 210.25
   12   2018 06 24 12:14:40.673    44080.673  0.2709 30.9005 110.7405   4.00   -inf  -nan   6   6  12   6 135.10
   13   2018 06 24 17:48:56.841    64136.841  0.2135 31.1405 110.3605   6.00   -inf  -nan   4   3   7   2 180.51
   14   2018 06 24 22:32:35.781    81155.781  0.2677 31.0005 109.9705   8.00   -inf  -nan  13   7  20   7 288.12
   15   2018 06 24 23:15:58.483    83758.483  0.0949 30.8505 111.1305   6.00   -inf  -nan  10   4  14   4 210.25
   16   2018 06 24 23:16:23.493    83783.493  0.1308 30.8505 111.1305   6.00   -inf  -nan   3   2   5   1 232.15
    1   2018 06 25 00:05:32.105      332.105  0.2043 30.8505 111.1305   6.00   -inf  -nan   5   5  10   4 210.75
    2   2018 06 25 05:01:33.143    18093.143  0.2343 31.0205 110.6605   2.00   -inf  -nan   3   3   6   3 240.97
    3   2018 06 25 05:10:57.231    18657.231  0.2634 30.8605 110.9305   0.00   -inf  -nan   9   2  11   2  85.90
    4   2018 06 25 07:01:09.354    25269.354  0.1406 30.8505 111.1305   6.00   -inf  -nan   4   4   8   3 210.75
    5   2018 06 25 08:13:34.390    29614.390  0.3890 31.1805 110.3805   6.00   -inf  -nan   6   3   9   3 239.23
    6   2018 06 25 08:53:51.982    32031.982  0.2058 30.8505 111.1305   4.00   -inf  -nan   6   3   9   3 210.75
    7   2018 06 25 23:29:11.071    84551.071  0.2646 30.8505 111.1205   6.00   -inf  -nan   5   5  10   5 205.95
    1   2018 06 26 00:32:37.115     1957.115  0.2021 30.8505 111.1305   4.00   -inf  -nan  10   5  15   5 210.25
    2   2018 06 26 01:27:04.981     5224.981  0.1512 30.8505 111.1305   6.00   -inf  -nan   7   4  11   4 210.25
    3   2018 06 26 02:16:57.952     8217.952  0.1154 30.7405 111.1005   0.00   -inf  -nan   4   2   6   1 260.58
    4   2018 06 26 02:43:52.904     9832.904  0.1218 30.9005 110.9805   4.00   -inf  -nan   4   4   8   2 155.65
    5   2018 06 26 03:07:43.898    11263.898  0.2634 30.8705 110.9405   2.00   -inf  -nan   9   3  12   3 126.90
    6   2018 06 26 04:04:38.269    14678.269  0.3013 31.0005 109.9705   8.00   -inf  -nan  14   7  21   7 288.12
    7   2018 06 26 04:26:25.080    15985.080  0.2608 30.7005 110.9305   4.00   -inf  -nan  11   4  15   4 227.80
    8   2018 06 26 05:33:15.414    19995.414  0.2059 30.9105 110.4805  16.00   -inf  -nan   4   2   6   1 202.12
    9   2018 06 26 05:43:34.820    20614.820  0.3997 31.0105 110.9605   6.00   -inf  -nan   6   6  12   5 121.72
   10   2018 06 26 05:57:50.127    21470.127  0.4057 30.9805 110.4005   0.00   -inf  -nan   8   7  15   6  87.50
   11   2018 06 26 06:55:42.713    24942.713  0.2778 30.7805 110.4005   0.00   -inf  -nan   5   2   7   1 265.54
   12   2018 06 26 07:08:27.376    25707.376  0.1731 30.8505 111.1305   6.00   -inf  -nan   5   4   9   4 210.75
   13   2018 06 26 08:54:40.196    32080.196  0.2483 30.8505 111.2805   2.00   -inf  -nan   4   7  11   3 310.92
   14   2018 06 26 09:16:32.974    33392.974  0.1982 31.2205 110.0505   4.00   -inf  -nan   7   4  11   4 289.11
   15   2018 06 26 09:35:32.886    34532.886  0.0710 30.8505 111.1305   6.00   -inf  -nan   4   3   7   3 210.75
   16   2018 06 26 09:47:53.153    35273.153  0.2123 30.7005 110.7605   6.00   -inf  -nan   4   2   6   1 262.79
   17   2018 06 26 09:50:34.939    35434.939  0.1203 30.8305 110.7005  10.00   -inf  -nan   3   2   5   2 225.90
   18   2018 06 26 10:24:49.757    37489.757  0.3265 31.1305 110.0305   0.00   -inf  -nan   6   3   9   2 269.61
   19   2018 06 26 17:42:49.399    63769.399  0.4493 31.0905 110.0305   6.00   -inf  -nan  12  11  23   9 265.19
   20   2018 06 26 22:31:06.109    81066.109  0.1656 30.8505 111.1305   6.00   -inf  -nan   8   5  13   5 210.75
   21   2018 06 26 23:30:56.799    84656.799  0.4166 31.0705 110.4805   2.00   -inf  -nan   3   4   7   2 207.60
   22   2018 06 26 23:35:15.996    84915.996  0.3982 30.8505 111.1705   2.00   -inf  -nan   4   4   8   3 233.42
    1   2018 06 27 01:01:06.686     3666.686  0.2021 30.8505 111.1305   4.00   -inf  -nan   5   3   8   3 210.75
    2   2018 06 27 02:04:26.523     7466.523  0.1707 30.8505 111.1305   6.00   -inf  -nan   4   3   7   3 210.75
    3   2018 06 27 03:46:27.105    13587.105  0.3259 30.8505 110.4405   0.00   -inf  -nan   7   6  13   5 191.22
    4   2018 06 27 09:24:59.709    33899.709  0.2624 31.0005 109.9705   8.00   -inf  -nan   8   6  14   6 288.12
    5   2018 06 27 09:26:22.506    33982.506  0.1181 30.8505 111.1305   6.00   -inf  -nan   8   4  12   4 210.75
    6   2018 06 27 10:15:42.651    36942.651  0.1870 30.8505 111.1305   4.00   -inf  -nan   6   3   9   3 210.75
    7   2018 06 27 10:52:29.072    39149.072  0.2368 31.0605 110.8205   0.00   -inf  -nan   5   3   8   3 109.59
    8   2018 06 27 11:56:37.561    42997.561  0.2497 31.0305 110.6805   4.00   -inf  -nan   4   4   8   3 203.13
    9   2018 06 27 13:30:21.213    48621.213  0.1617 30.8905 111.0905   6.00   -inf  -nan   3   2   5   1 157.71
   10   2018 06 27 15:02:09.861    54129.861  0.2511 30.7005 110.9305   6.00   -inf  -nan  10  11  21   8 227.80
   11   2018 06 27 22:17:48.343    80268.343  0.4355 30.8505 111.1605   0.00   -inf  -nan   4   3   7   3 246.31
    1   2018 06 28 01:14:51.476     4491.476  0.3217 30.8505 111.1705   4.00   -inf  -nan   7   5  12   3 233.42
    2   2018 06 28 02:18:11.061     8291.061  0.1222 30.8505 111.1305   6.00   -inf  -nan   5   2   7   2 210.75
    3   2018 06 28 05:04:27.434    18267.434  0.4717 30.8005 110.0505   0.00   -inf  -nan   3   2   5   2 333.62
    4   2018 06 28 06:01:55.276    21715.276  0.3114 30.9405 110.7805  12.00   -inf  -nan   8   7  15   7  92.21
    5   2018 06 28 09:28:17.601    34097.601  0.1609 30.8505 111.1305   6.00   -inf  -nan   3   2   5   2 232.15
    6   2018 06 28 09:48:00.260    35280.260  0.3112 30.8505 111.3605   8.00   -inf  -nan  12  12  24  11 313.54
    7   2018 06 28 09:59:58.351    35998.351  0.2486 30.9505 110.8005  14.00   -inf  -nan   5   2   7   2 126.83
    8   2018 06 28 11:03:06.249    39786.249  0.1473 30.8505 111.1305   8.00   -inf  -nan   3   2   5   2 232.15
    9   2018 06 28 19:41:20.825    70880.825  0.4311 31.0605 110.4405   6.00   -inf  -nan   4   5   9   4 210.58
   10   2018 06 28 20:41:54.012    74514.012  0.1971 31.0905 110.8005  18.00   -inf  -nan   3   2   5   1 226.46
   11   2018 06 28 22:06:16.909    79576.909  0.2625 30.8505 111.1305   6.00   -inf  -nan   9   9  18   7 210.25
   12   2018 06 28 23:53:28.287    86008.287  0.2488 31.0205 110.3205   6.00   -inf  -nan   4   6  10   4 159.72
    1   2018 06 29 00:32:46.556     1966.556  0.2315 31.0205 110.3205   4.00   -inf  -nan   4   5   9   3  94.36
    2   2018 06 29 01:24:21.469     5061.469  0.2327 31.1005 110.0905   0.00   -inf  -nan   6   3   9   2 241.48
    3   2018 06 29 01:50:21.043     6621.043  0.1689 30.8505 111.1305   6.00   -inf  -nan   6   5  11   5 210.75
    4   2018 06 29 03:00:21.943    10821.943  0.1493 30.8505 111.1305   6.00   -inf  -nan   8   6  14   6 210.25
    5   2018 06 29 03:31:04.823    12664.823  0.1990 31.1305 110.0305   4.00   -inf  -nan   8   3  11   2 269.61
    6   2018 06 29 03:43:08.081    13388.081  0.2952 30.8105 110.9205   0.00   -inf  -nan   8   4  12   4  90.01
    7   2018 06 29 04:02:01.371    14521.371  0.3229 30.8705 110.9405   0.00   -inf  -nan  10   3  13   2  86.65
    8   2018 06 29 05:57:12.984    21432.984  0.3983 31.0605 110.4805  14.00   -inf  -nan   3   3   6   2 123.88
    9   2018 06 29 06:48:24.068    24504.068  0.4522 30.9905 110.4005   0.00   -inf  -nan   6   4  10   4  91.04
   10   2018 06 29 07:15:52.834    26152.834  0.3538 31.2605 110.2905  14.00   -inf  -nan   4   2   6   1 243.95
   11   2018 06 29 09:22:33.505    33753.505  0.2583 30.8505 111.1305   4.00   -inf  -nan   7   5  12   3 210.25
   12   2018 06 29 09:35:30.636    34530.636  0.1463 30.8505 111.1305   6.00   -inf  -nan   5   2   7   2 210.75
   13   2018 06 29 12:02:35.577    43355.577  0.3287 30.9005 110.7205   0.00   -inf  -nan  12   9  21   7  94.62
   14   2018 06 29 19:06:58.246    68818.246  0.3053 31.0905 110.1905   4.00   -inf  -nan   4   4   8   3 181.48
   15   2018 06 29 22:27:21.930    80841.930  0.2524 30.8505 111.1305   4.00   -inf  -nan   7   7  14   5 210.25
   16   2018 06 29 23:26:48.530    84408.530  0.2801 31.1305 110.0605   2.00   -inf  -nan   3   2   5   2 294.29
    1   2018 06 30 00:53:20.267     3200.267  0.2920 30.8505 111.1305   4.00   -inf  -nan  11   8  19   7 210.25
    2   2018 06 30 02:21:32.682     8492.682  0.3112 31.1005 110.0905   0.00   -inf  -nan   8   6  14   6 241.48
    3   2018 06 30 03:39:30.726    13170.726  0.2803 30.8505 111.1305   4.00   -inf  -nan  11   7  18   6 210.25
    4   2018 06 30 03:57:24.118    14244.118  0.2813 31.2205 110.0505   0.00   -inf  -nan   8   6  14   5 289.11
    5   2018 06 30 04:21:15.035    15675.035  0.4113 30.9705 110.3705   2.00   -inf  -nan  10  10  20   7  88.31
    6   2018 06 30 05:58:02.010    21482.010  0.1215 30.8505 111.1305   4.00   -inf  -nan   9   4  13   4 210.25
    7   2018 06 30 08:37:43.262    31063.262  0.1732 30.8505 111.1305   6.00   -inf  -nan   3   3   6   2 232.15
    8   2018 06 30 15:56:37.547    57397.547  0.1481 31.1705 110.3405   6.00   -inf  -nan   3   2   5   2 206.23
    9   2018 06 30 16:44:53.642    60293.642  0.3399 31.1305 110.0705   0.00   -inf  -nan  11   9  20   7 289.54
   10   2018 06 30 22:34:02.659    81242.659  0.2243 30.8505 111.1305   4.00   -inf  -nan  10   4  14   3 210.25
   11   2018 06 30 23:03:13.851    82993.851  0.3457 31.1005 110.0505   0.00   -inf  -nan  12   6  18   6 258.64
    1   2018 07 01 04:26:27.822    15987.822  0.3658 30.9005 110.7205   0.00   -inf  -nan   9  10  19   5  94.62
    2   2018 07 01 04:54:20.118    17660.118  0.1868 30.8505 111.1305   4.00   -inf  -nan   9   5  14   3 210.25
    3   2018 07 01 04:56:57.347    17817.347  0.3323 31.1705 110.2605   8.00   -inf  -nan   3   3   6   3 152.79
    4   2018 07 01 05:43:26.651    20606.651  0.3902 30.8105 111.1705   6.00   -inf  -nan   9   5  14   4 249.55
    5   2018 07 01 05:44:26.695    20666.695  0.3185 31.0905 110.1105   0.00   -inf  -nan   8   5  13   4 230.20
    6   2018 07 01 07:03:13.740    25393.740  0.2846 30.8605 110.9305   0.00   -inf  -nan   9   5  14   4  85.90
    7   2018 07 01 11:21:57.529    40917.529  0.3100 31.1405 110.3305   0.00   -inf  -nan   7   2   9   1 155.34
    8   2018 07 01 12:04:14.121    43454.121  0.3526 31.0905 110.2205   6.00   -inf  -nan  10  10  20   8 239.68
    9   2018 07 01 14:15:42.614    51342.614  0.0287 30.9605 110.0905   2.00   -inf  -nan   3   2   5   2 292.76
   10   2018 07 01 15:48:47.180    56927.180  0.1013 31.1705 110.3805  14.00   -inf  -nan   3   2   5   1 245.02
   11   2018 07 01 21:19:09.155    76749.155  0.2428 30.8105 110.2105   0.00   -inf  -nan   4   4   8   4 274.81
    1   2018 07 02 00:57:31.939     3451.939  0.0985 30.8505 111.1305   6.00   -inf  -nan   5   2   7   2 210.75
    2   2018 07 02 05:33:44.798    20024.798  0.1673 31.2105 110.3405   0.00   -inf  -nan   7   4  11   4 268.77
    3   2018 07 02 05:46:03.203    20763.203  0.1358 30.8605 110.4205   8.00   -inf  -nan   3   3   6   2 268.93
    4   2018 07 02 05:50:33.958    21033.958  0.3862 30.8205 110.3805   2.00   -inf  -nan   5   3   8   3 259.97
    5   2018 07 02 06:31:50.776    23510.776  0.1955 30.8105 110.9205   0.00   -inf  -nan   5   2   7   2 124.13
    6   2018 07 02 06:41:26.157    24086.157  0.4056 30.9705 110.2905   6.00   -inf  -nan   3   2   5   1 131.34
    7   2018 07 02 07:15:46.486    26146.486  0.1669 30.8505 111.1305   6.00   -inf  -nan   4   3   7   3 210.75
    8   2018 07 02 07:46:22.715    27982.715  0.1447 30.8105 111.2805   8.00   -inf  -nan   3   4   7   3 310.35
    9   2018 07 02 09:09:10.962    32950.962  0.1476 30.9305 111.3605   0.00   -inf  -nan   8   2  10   2 312.95
   10   2018 07 02 16:13:25.266    58405.266  0.3051 31.1005 110.8205   2.00   -inf  -nan   3   2   5   1 140.35
   11   2018 07 02 23:19:02.550    83942.550  0.4156 31.0605 110.4405   4.00   -inf  -nan   3   6   9   3 170.49
   12   2018 07 02 23:22:01.582    84121.582  0.2734 30.8705 111.1405   6.00   -inf  -nan  10   3  13   3 202.68
    1   2018 07 03 02:40:34.736     9634.736  0.4130 30.9005 110.7205   4.00   -inf  -nan  12  14  26   9  94.62
    2   2018 07 03 03:22:15.822    12135.822  0.2997 30.9705 110.3705   4.00   -inf  -nan   5   6  11   3 113.43
    3   2018 07 03 03:24:31.126    12271.126  0.1729 30.8505 111.1305   6.00   -inf  -nan   3   3   6   3 232.15
    4   2018 07 03 03:39:01.535    13141.535  0.2409 30.9905 110.8005   0.00   -inf  -nan  12   2  14   2  84.27
    5   2018 07 03 04:52:23.325    17543.325  0.2976 31.1205 110.8205   0.00   -inf  -nan  17   3  20   3 161.74
    6   2018 07 03 06:43:37.150    24217.150  0.3426 30.8105 111.2805   4.00   -inf  -nan   4   7  11   2 287.89
    7   2018 07 03 07:20:55.277    26455.277  0.1964 31.1705 110.3805   0.00   -inf  -nan   4   3   7   2 211.88
    8   2018 07 03 08:37:57.971    31077.971  0.3337 30.9705 110.3705   6.00   -inf  -nan  11   8  19   5  88.31
    9   2018 07 03 08:47:50.764    31670.764  0.3061 30.9805 110.4005   0.00   -inf  -nan   8   5  13   5  87.50
   10   2018 07 03 14:26:32.525    51992.525  0.2520 31.0105 110.4705   8.00   -inf  -nan   6   3   9   3 135.90
   11   2018 07 03 14:27:30.279    52050.279  0.1778 31.1705 110.3105   0.00   -inf  -nan   3   2   5   1 274.27
   12   2018 07 03 19:35:20.469    70520.469  0.1586 31.0505 110.4605   0.00   -inf  -nan   3   2   5   1 157.85
    1   2018 07 04 05:02:02.347    18122.347  0.3938 31.1305 110.8805   0.00   -inf  -nan  13   9  22   7 197.34
    2   2018 07 04 08:56:43.772    32203.772  0.2233 31.0505 110.4605   8.00   -inf  -nan   6   6  12   5 111.60
    3   2018 07 04 08:59:19.016    32359.016  0.3272 30.7905 110.9405   4.00   -inf  -nan   6   3   9   2 193.50
    4   2018 07 04 09:08:19.750    32899.750  0.2793 30.9805 110.7805   2.00   -inf  -nan   7   3  10   3 148.02
    5   2018 07 04 10:20:51.572    37251.572  0.2737 30.9405 110.7405  10.00   -inf  -nan   5   4   9   3 127.75
    6   2018 07 04 10:21:07.248    37267.248  0.2461 30.9405 110.7805  10.00   -inf  -nan   5   3   8   3 165.87
    7   2018 07 04 10:25:42.952    37542.952  0.1610 30.9405 110.7605  10.00   -inf  -nan   3   4   7   3 194.83
    8   2018 07 04 10:31:27.269    37887.269  0.2485 30.9405 110.7505  10.00   -inf  -nan  12   8  20   8  92.19
    9   2018 07 04 10:37:40.555    38260.555  0.1799 30.9405 110.7605  10.00   -inf  -nan   8   7  15   6  89.29
   10   2018 07 04 10:55:17.893    39317.893  0.4696 30.9405 110.7405  10.00   -inf  -nan  20  16  36  16  64.82
   11   2018 07 04 10:55:57.216    39357.216  0.1695 30.9405 110.7605  10.00   -inf  -nan  10   8  18   6  89.30
   12   2018 07 04 10:56:22.128    39382.128  0.2229 30.9505 110.7605  12.00   -inf  -nan   5   4   9   4 154.73
   13   2018 07 04 10:58:07.224    39487.224  0.2890 30.9405 110.7505  10.00   -inf  -nan  16  11  27  11  68.13
   14   2018 07 04 10:59:38.466    39578.466  0.2977 30.9405 110.7605  10.00   -inf  -nan  20  16  36  16  64.29
   15   2018 07 04 11:09:42.707    40182.707  0.0977 31.0905 110.1905   0.00   -inf  -nan   4   2   6   2 250.52
   16   2018 07 04 11:38:08.796    41888.796  0.3813 30.9405 110.7805  12.00   -inf  -nan  15  14  29  13  92.21
   17   2018 07 04 11:38:44.418    41924.418  0.2794 30.9405 110.7505  10.00   -inf  -nan  16  10  26  10  68.13
   18   2018 07 04 11:39:01.390    41941.390  0.2611 30.9105 110.7405  10.00   -inf  -nan   8   4  12   4 123.37
   19   2018 07 04 11:50:37.360    42637.360  0.2151 30.9405 110.7805  10.00   -inf  -nan   4   4   8   3 146.46
   20   2018 07 04 11:51:10.814    42670.814  0.1101 30.9405 110.7805  10.00   -inf  -nan   3   2   5   2 292.94
   21   2018 07 04 11:51:27.584    42687.584  0.3062 30.9405 110.7605  10.00   -inf  -nan  20  17  37  17  64.29
   22   2018 07 04 11:52:56.815    42776.815  0.2055 30.9405 110.7805  10.00   -inf  -nan   3   2   5   1 146.46
   23   2018 07 04 11:53:07.723    42787.723  0.3162 30.9405 110.7505  10.00   -inf  -nan  10   9  19   8  92.19
   24   2018 07 04 11:55:12.088    42912.088  0.4051 30.9405 110.7405  12.00   -inf  -nan   9   7  16   6  94.47
   25   2018 07 04 11:58:35.482    43115.482  0.3624 30.9405 110.7805  12.00   -inf  -nan  15  13  28  12  92.21
   26   2018 07 04 13:57:01.309    50221.309  0.1149 30.9405 110.7805  12.00   -inf  -nan   4   2   6   2 210.94
   27   2018 07 04 14:15:18.475    51318.475  0.2964 30.9405 110.7405  12.00   -inf  -nan   8   3  11   3 117.79
   28   2018 07 04 14:45:09.186    53109.186  0.2319 30.9405 110.7405   8.00   -inf  -nan   5   4   9   4 245.54
   29   2018 07 04 15:05:02.175    54302.175  0.3126 30.9405 110.7805  12.00   -inf  -nan   3   4   7   3 165.87
   30   2018 07 04 15:20:03.054    55203.054  0.2245 30.9405 110.7805  10.00   -inf  -nan   5   4   9   3 210.94
   31   2018 07 04 15:20:21.052    55221.052  0.0955 30.9405 110.7405   8.00   -inf  -nan   3   2   5   2 245.54
   32   2018 07 04 16:41:46.701    60106.701  0.3029 30.9305 110.7605  10.00   -inf  -nan  12  11  23   9 109.83
   33   2018 07 04 16:43:15.282    60195.282  0.1875 30.9405 110.7805  12.00   -inf  -nan   3   3   6   3 292.94
   34   2018 07 04 16:57:52.220    61072.220  0.2200 30.9005 110.7805  10.00   -inf  -nan   3   3   6   3 293.44
   35   2018 07 04 20:15:14.568    72914.568  0.0903 30.9405 110.7805  10.00   -inf  -nan   3   2   5   2 210.94
   36   2018 07 04 20:19:05.222    73145.222  0.3870 30.9405 110.7805  12.00   -inf  -nan  18  16  34  16  91.88
   37   2018 07 04 20:27:57.469    73677.469  0.1803 30.9405 110.7805  12.00   -inf  -nan   6   4  10   4 210.94
   38   2018 07 04 20:29:42.793    73782.793  0.2048 31.1705 110.3405   6.00   -inf  -nan   4   2   6   2 206.23
   39   2018 07 04 21:28:47.940    77327.940  0.3494 30.9405 110.7605   8.00   -inf  -nan  16  15  31  13  64.29
   40   2018 07 04 21:31:30.287    77490.287  0.2939 30.9405 110.7805  12.00   -inf  -nan  12  10  22   8 146.46
   41   2018 07 04 23:07:46.647    83266.647  0.1040 31.0305 110.5605   0.00   -inf  -nan   5   4   9   3 194.29
   42   2018 07 04 23:29:25.477    84565.477  0.3514 30.7905 110.7405   6.00   -inf  -nan   3   4   7   2 113.97
    1   2018 07 05 03:40:11.995    13211.995  0.3461 31.0505 110.4605   0.00   -inf  -nan   5   6  11   4 147.48
    2   2018 07 05 06:22:34.791    22954.791  0.3527 30.9005 110.7205   0.00   -inf  -nan   9   6  15   6  94.62
    3   2018 07 05 07:15:40.523    26140.523  0.2020 30.9405 110.7805  10.00   -inf  -nan   3   3   6   2 210.94
    4   2018 07 05 07:16:03.582    26163.582  0.3129 30.9405 110.7605   8.00   -inf  -nan  20  12  32  12  64.29
    5   2018 07 05 07:17:20.859    26240.859  0.3432 30.9405 110.7805  12.00   -inf  -nan   8   8  16   6 146.46
    6   2018 07 05 07:22:56.414    26576.414  0.1829 30.9405 110.7805  10.00   -inf  -nan   3   3   6   3 292.94
    7   2018 07 05 07:34:42.427    27282.427  0.3554 30.9505 110.7805  14.00   -inf  -nan   8  11  19   7 102.97
    8   2018 07 05 08:59:37.814    32377.814  0.1802 30.9405 110.7805  10.00   -inf  -nan   3   3   6   3 292.94
    9   2018 07 05 22:20:21.784    80421.784  0.1669 30.9405 110.7805  10.00   -inf  -nan   4   3   7   3 210.94
   10   2018 07 05 22:23:14.465    80594.465  0.3102 30.9405 110.7605  12.00   -inf  -nan  19  14  33  14  64.29
   11   2018 07 05 22:24:10.523    80650.523  0.1461 30.9405 110.7605  10.00   -inf  -nan   7   4  11   4  89.30
   12   2018 07 05 22:52:45.792    82365.792  0.3934 30.9405 110.7805  12.00   -inf  -nan  18  17  35  17  62.87
   13   2018 07 05 23:25:12.672    84312.672  0.1274 30.9405 110.7805  12.00   -inf  -nan   4   2   6   2 210.94
   14   2018 07 05 23:30:20.542    84620.542  0.1265 30.9405 110.7805  10.00   -inf  -nan   4   3   7   3 210.94
    1   2018 07 06 03:25:42.555    12342.555  0.2412 30.9405 110.7705  12.00   -inf  -nan   9  11  20   8  85.99
    2   2018 07 06 03:29:48.419    12588.419  0.1748 30.9405 110.7805  10.00   -inf  -nan   3   3   6   3 292.94
    3   2018 07 06 04:21:11.565    15671.565  0.1890 31.0905 110.1105   0.00   -inf  -nan   4   2   6   1 230.20
    4   2018 07 06 07:25:35.065    26735.065  0.1828 30.9405 110.7805  12.00   -inf  -nan   3   3   6   2 292.94
    5   2018 07 06 07:38:03.382    27483.382  0.2920 30.9405 110.7805  12.00   -inf  -nan  11  11  22  10  92.21
    6   2018 07 06 08:06:46.442    29206.442  0.3315 30.9405 110.7805  10.00   -inf  -nan   6   7  13   5  92.21
    7   2018 07 06 08:36:41.018    31001.018  0.2332 30.9405 110.7805  10.00   -inf  -nan   4   4   8   3 165.87
    8   2018 07 06 08:39:01.177    31141.177  0.3212 31.0105 110.1505   2.00   -inf  -nan   9   2  11   2 204.26
    9   2018 07 06 11:53:20.220    42800.220  0.1402 31.1705 110.3805   2.00   -inf  -nan   6   3   9   3 237.20
   10   2018 07 06 12:32:17.567    45137.567  0.2918 30.8205 110.4605   0.00   -inf  -nan   6   3   9   3 251.31
   11   2018 07 06 19:12:30.064    69150.064  0.1989 30.9905 110.8005   2.00   -inf  -nan   3   2   5   1 196.92
    1   2018 07 07 04:47:41.467    17261.467  0.2327 31.1305 110.0305   0.00   -inf  -nan   9   5  14   5 269.61
    2   2018 07 07 05:38:25.223    20305.223  0.3159 30.9005 110.7205   0.00   -inf  -nan   6   2   8   2 114.44
    3   2018 07 07 06:50:54.021    24654.021  0.3831 31.1405 110.3705  10.00   -inf  -nan   4   6  10   3 147.03
    4   2018 07 07 08:53:01.940    31981.940  0.1489 30.7805 110.9705   6.00   -inf  -nan   5   2   7   1 284.66
    5   2018 07 07 15:19:50.838    55190.838  0.1797 30.9405 110.7805  10.00   -inf  -nan   5   5  10   4 165.87
    6   2018 07 07 15:47:06.802    56826.802  0.3500 31.0505 110.4605   0.00   -inf  -nan  17  12  29  12 109.45
    7   2018 07 07 16:07:44.462    58064.462  0.4000 31.0505 110.4605   0.00   -inf  -nan   5   8  13   4 111.60
    8   2018 07 07 16:16:42.106    58602.106  0.4005 31.0105 110.4605   8.00   -inf  -nan   3   3   6   1 129.84
    9   2018 07 07 16:47:19.818    60439.818  0.2318 31.1705 110.1105   4.00   -inf  -nan   4   2   6   2 251.51
   10   2018 07 07 16:52:40.396    60760.396  0.3227 31.0505 110.4505   8.00   -inf  -nan   5   5  10   4 109.19
   11   2018 07 07 17:02:19.122    61339.122  0.2500 31.0505 110.4605   0.00   -inf  -nan   3   4   7   2 157.85
   12   2018 07 07 18:48:15.455    67695.455  0.2726 31.0205 110.3205   0.00   -inf  -nan   9   9  18   8  58.53
   13   2018 07 07 19:44:32.541    71072.541  0.3260 31.0505 110.4605   0.00   -inf  -nan   6   7  13   5 111.60
    1   2018 07 08 00:24:06.754     1446.754  0.2090 31.1305 110.1905   0.00   -inf  -nan   9   6  15   6 289.71
    2   2018 07 08 03:28:37.194    12517.194  0.2077 30.9005 110.5305   0.00   -inf  -nan   3   2   5   2 235.70
    3   2018 07 08 10:30:47.458    37847.458  0.3316 31.0405 110.1305  10.00   -inf  -nan  12   2  14   2 216.64
    4   2018 07 08 16:49:14.027    60554.027  0.2581 31.0205 110.4405   4.00   -inf  -nan   6   5  11   5 123.87
    1   2018 07 09 04:52:52.498    17572.498  0.3510 31.0205 110.4405   2.00   -inf  -nan  11   9  20   8  90.01
    2   2018 07 09 06:43:29.900    24209.900  0.2929 30.8205 110.9305   2.00   -inf  -nan   9   2  11   2 115.76
    3   2018 07 09 07:32:58.370    27178.370  0.3552 31.0205 110.4405   2.00   -inf  -nan  12  10  22   9  87.12
    4   2018 07 09 07:34:16.625    27256.625  0.3245 31.0505 110.4305  10.00   -inf  -nan  16  13  29  12  98.75
    5   2018 07 09 09:54:21.620    35661.620  0.3571 31.0505 110.4705   8.00   -inf  -nan   3   6   9   3 208.71
    6   2018 07 09 11:46:52.449    42412.449  0.1543 31.1005 110.0905   0.00   -inf  -nan   4   2   6   1 241.48
    7   2018 07 09 12:30:44.544    45044.544  0.1656 30.7805 110.7705  10.00   -inf  -nan   6   5  11   4 110.23
    8   2018 07 09 14:59:58.513    53998.513  0.2145 31.0405 110.4505  10.00   -inf  -nan  18   5  23   5 101.38
    9   2018 07 09 18:03:32.120    65012.120  0.3572 31.0505 110.4605   8.00   -inf  -nan  11   8  19   8 111.60
   10   2018 07 09 19:36:55.426    70615.426  0.2999 31.1205 110.0905   0.00   -inf  -nan   5   4   9   3 244.79
   11   2018 07 09 20:26:06.685    73566.685  0.3448 31.0505 110.4605   8.00   -inf  -nan   8   8  16   8 111.60
    1   2018 07 10 00:09:23.475      563.475  0.3771 31.0605 110.4405   2.00   -inf  -nan   3   4   7   3 210.58
    2   2018 07 10 03:52:00.127    13920.127  0.1865 31.0905 110.1905   0.00   -inf  -nan   3   4   7   2 250.52
    3   2018 07 10 07:50:38.772    28238.772  0.3060 30.9005 110.7805   8.00   -inf  -nan   4   6  10   4 130.22
    4   2018 07 10 08:40:09.154    31209.154  0.3156 30.9805 110.3605   0.00   -inf  -nan   9   3  12   2  99.05
    5   2018 07 10 10:52:22.425    39142.425  0.4036 31.0505 110.4605   0.00   -inf  -nan  15  11  26  11 109.45
    6   2018 07 10 12:04:10.814    43450.814  0.3188 31.0505 110.4605   0.00   -inf  -nan   3   3   6   1 221.25
    1   2018 07 11 02:54:42.790    10482.790  0.3643 31.1705 110.3805   2.00   -inf  -nan   8   5  13   5 254.69
    2   2018 07 11 04:01:38.619    14498.619  0.3361 30.9005 110.7205   0.00   -inf  -nan  10   5  15   5  94.62
    3   2018 07 11 04:28:02.452    16082.452  0.2320 30.9805 110.3605   0.00   -inf  -nan   5   3   8   2  99.05
    4   2018 07 11 06:19:38.251    22778.251  0.3193 31.0305 110.4405   0.00   -inf  -nan  10  12  22  10  93.82
    5   2018 07 11 06:35:53.339    23753.339  0.2016 30.8605 110.9305   0.00   -inf  -nan   8   2  10   2 117.82
    6   2018 07 11 07:47:09.547    28029.547  0.1998 30.9205 110.0905  10.00   -inf  -nan   5   4   9   3 309.13
    7   2018 07 11 10:13:13.929    36793.929  0.0950 30.9705 110.3705   2.00   -inf  -nan   3   2   5   1 141.16
    8   2018 07 11 10:38:26.831    38306.831  0.2183 30.7905 110.7405  10.00   -inf  -nan   3   4   7   3 220.51
    9   2018 07 11 11:32:50.681    41570.681  0.2267 30.9005 110.6405   4.00   -inf  -nan   6   2   8   2 110.58
   10   2018 07 11 17:24:17.778    62657.778  0.2555 31.0905 110.3405   6.00   -inf  -nan   9   7  16   7 153.81
    1   2018 07 12 02:44:42.764     9882.764  0.2193 31.0905 110.3405   8.00   -inf  -nan   3   2   5   2 153.81
    2   2018 07 12 03:26:04.747    12364.747  0.2121 30.7405 110.8905   2.00   -inf  -nan   3   2   5   2 215.94
    3   2018 07 12 04:12:55.782    15175.782  0.1961 30.9005 110.7805  10.00   -inf  -nan   3   3   6   3 293.44
    4   2018 07 12 04:18:22.682    15502.682  0.2255 30.9005 110.7805  10.00   -inf  -nan   3   3   6   2 293.44
    5   2018 07 12 04:19:15.198    15555.198  0.3344 30.9405 110.7605   8.00   -inf  -nan  13  11  24  11  87.32
    6   2018 07 12 04:27:06.444    16026.444  0.3437 30.9405 110.7805  12.00   -inf  -nan   7   8  15   7 165.87
    7   2018 07 12 04:27:41.947    16061.947  0.2716 30.9805 110.3805   6.00   -inf  -nan   4   2   6   1 116.56
    8   2018 07 12 05:11:04.673    18664.673  0.3744 31.0505 110.4605  12.00   -inf  -nan   4   6  10   4 157.85
    9   2018 07 12 07:58:57.532    28737.532  0.2396 31.2105 110.3505   0.00   -inf  -nan   6   4  10   4 309.69
   10   2018 07 12 14:23:33.802    51813.802  0.4087 31.0505 110.4105  12.00   -inf  -nan   9   8  17   8 122.31
    1   2018 07 13 03:39:48.620    13188.620  0.0998 31.1305 110.3405   4.00   -inf  -nan   3   4   7   3 221.12
    2   2018 07 13 03:45:59.324    13559.324  0.3766 30.9805 110.3605   8.00   -inf  -nan   9   7  16   6  94.21
    3   2018 07 13 03:52:41.547    13961.547  0.3425 30.7705 110.7605   8.00   -inf  -nan  16   8  24   7 109.98
    4   2018 07 13 07:03:44.267    25424.267  0.3635 31.0605 110.4805  12.00   -inf  -nan   3   6   9   3 175.68
    5   2018 07 13 08:33:44.366    30824.366  0.2626 30.8205 110.9705   0.00   -inf  -nan   7   4  11   4 271.67
    6   2018 07 13 15:50:39.119    57039.119  0.3911 31.0205 110.4005  18.00   -inf  -nan   4   3   7   2 130.11
    7   2018 07 13 17:12:09.099    61929.099  0.3074 31.0505 110.4305  10.00   -inf  -nan   6   4  10   3 102.66
    8   2018 07 13 18:12:56.078    65576.078  0.2989 30.7705 110.7605  12.00   -inf  -nan  16   9  25   9 109.98
    1   2018 07 14 10:05:28.349    36328.349  0.2152 30.9005 110.7205   0.00   -inf  -nan   7   3  10   3  94.62
    2   2018 07 14 10:07:43.083    36463.083  0.4789 30.8405 110.1705   8.00   -inf  -nan   4   3   7   1 254.69
    3   2018 07 14 13:57:18.452    50238.452  0.2621 31.0605 110.4805   0.00   -inf  -nan   3   2   5   2 175.68
    4   2018 07 14 14:44:43.259    53083.259  0.0962 30.9405 110.7805  10.00   -inf  -nan   4   2   6   2 210.94
    5   2018 07 14 14:49:10.523    53350.523  0.2884 30.9405 110.7805  10.00   -inf  -nan  15  11  26  11  91.88
    6   2018 07 14 18:41:47.925    67307.925  0.2709 31.1305 110.3805   4.00   -inf  -nan   6   5  11   3 207.10
    7   2018 07 14 20:49:01.571    74941.571  0.4091 31.0505 110.1705  10.00   -inf  -nan   5   6  11   4 246.07
    8   2018 07 14 21:18:41.903    76721.903  0.2432 30.9405 110.7805  10.00   -inf  -nan   7   5  12   5 210.94
    9   2018 07 14 21:25:33.168    77133.168  0.4011 31.0505 110.1505   8.00   -inf  -nan   3   2   5   1 255.46
   10   2018 07 14 21:29:15.495    77355.495  0.1476 30.9405 110.7805  12.00   -inf  -nan   4   3   7   3 210.94
   11   2018 07 14 22:32:42.675    81162.675  0.2386 30.9405 110.7805  12.00   -inf  -nan   6   6  12   5 165.87
   12   2018 07 14 22:33:27.048    81207.048  0.1532 30.9405 110.7805  10.00   -inf  -nan   4   3   7   3 210.94
   13   2018 07 14 22:58:55.994    82735.994  0.1910 30.9405 110.7705  10.00   -inf  -nan   7   6  13   6 155.94
   14   2018 07 14 23:47:27.749    85647.749  0.1200 30.9305 110.7605  10.00   -inf  -nan   8   7  15   7 120.80
    1   2018 07 15 02:30:01.903     9001.903  0.2709 31.0505 110.4605  14.00   -inf  -nan   4   4   8   3 157.85
    2   2018 07 15 03:37:25.538    13045.538  0.3183 30.9105 110.7405  12.00   -inf  -nan   8   6  14   6 123.37
    3   2018 07 15 03:39:44.099    13184.099  0.3963 30.9405 110.7805  12.00   -inf  -nan  15  14  29  12  91.88
    4   2018 07 15 03:52:52.209    13972.209  0.2005 30.9405 110.7805  12.00   -inf  -nan   4   4   8   4 210.94
    5   2018 07 15 04:44:50.542    17090.542  0.2746 30.9405 110.7805  12.00   -inf  -nan   6   5  11   5 165.87
    6   2018 07 15 08:05:08.195    29108.195  0.2122 30.9405 110.7805  10.00   -inf  -nan   4   5   9   4 165.87
    7   2018 07 15 10:00:08.611    36008.611  0.2595 30.9405 110.7805  10.00   -inf  -nan   7   7  14   7 165.87
    8   2018 07 15 10:25:52.346    37552.346  0.3838 31.0205 110.4405  12.00   -inf  -nan   4   5   9   3 142.48
    9   2018 07 15 11:19:08.959    40748.959  0.2957 31.0005 109.9705   2.00   -inf  -nan   7   6  13   5 288.12
   10   2018 07 15 11:43:52.955    42232.955  0.2539 30.9405 110.7805  12.00   -inf  -nan   9   7  16   7 165.87
   11   2018 07 15 13:29:45.002    48585.002  0.2576 30.9405 110.7805  12.00   -inf  -nan   4   4   8   3 165.87
   12   2018 07 15 14:20:40.363    51640.363  0.3556 31.0905 110.0705   0.00   -inf  -nan  10  11  21   9 249.51
    1   2018 07 16 02:55:52.551    10552.551  0.1678 31.2105 110.0605   2.00   -inf  -nan   7   2   9   2 283.76
    2   2018 07 16 03:03:54.160    11034.160  0.2674 31.0005 110.1705  14.00   -inf  -nan   4   5   9   4 188.51
    3   2018 07 16 03:18:28.736    11908.736  0.2853 31.1305 110.0305   0.00   -inf  -nan   3   3   6   1 269.61
    4   2018 07 16 03:24:46.067    12286.067  0.4450 31.0605 110.4405  14.00   -inf  -nan   7   7  14   7 144.26
    5   2018 07 16 04:41:52.133    16912.133  0.1982 30.9905 110.5205   6.00   -inf  -nan   4   3   7   2 164.59
    6   2018 07 16 09:15:20.224    33320.224  0.4178 31.0605 110.4405  12.00   -inf  -nan   5   7  12   5 144.26
    7   2018 07 16 09:15:48.666    33348.666  0.3826 31.1305 110.0305   8.00   -inf  -nan   6   4  10   3 269.61
    8   2018 07 16 09:28:38.258    34118.258  0.2703 31.1205 110.6205   0.00   -inf  -nan   7   3  10   3 175.92
    9   2018 07 16 10:12:53.384    36773.384  0.3345 30.9405 110.3605   8.00   -inf  -nan   9   6  15   5 132.93
   10   2018 07 16 10:57:55.591    39475.591  0.3463 31.0905 110.1105   0.00   -inf  -nan   7   4  11   4 230.20
   11   2018 07 16 11:20:27.744    40827.744  0.3675 31.0205 110.4405  12.00   -inf  -nan  11   7  18   7 109.45
   12   2018 07 16 11:42:55.326    42175.326  0.4090 31.0605 110.4405  14.00   -inf  -nan   5   6  11   5 154.06
   13   2018 07 16 13:32:23.210    48743.210  0.1904 30.9405 110.7805   8.00   -inf  -nan   3   3   6   2 210.94
   14   2018 07 16 19:10:59.357    69059.357  0.3477 31.0605 110.4405  12.00   -inf  -nan   9   7  16   7 144.26
   15   2018 07 16 20:56:55.139    75415.139  0.4127 31.0105 110.1905   2.00   -inf  -nan   4   4   8   3 209.70
    1   2018 07 17 01:18:58.260     4738.260  0.2714 30.9005 110.7205   0.00   -inf  -nan   6   3   9   3  94.62
    2   2018 07 17 03:10:48.022    11448.022  0.1907 30.8805 110.5805   2.00   -inf  -nan   3   2   5   1 181.40
    3   2018 07 17 03:54:41.798    14081.798  0.2151 30.8605 110.4605   2.00   -inf  -nan   3   3   6   2 237.86
    4   2018 07 17 07:30:59.588    27059.588  0.2867 30.9405 110.7805  10.00   -inf  -nan   7   8  15   6  92.21
    5   2018 07 17 07:45:04.929    27904.929  0.2117 30.9405 110.7805  12.00   -inf  -nan   5   3   8   2 182.72
    6   2018 07 17 10:00:47.940    36047.940  0.1810 30.9805 110.7805   0.00   -inf  -nan   8   2  10   2  86.41
    7   2018 07 17 14:32:49.468    52369.468  0.1569 30.9305 110.2705  10.00   -inf  -nan   3   2   5   2 172.50
    8   2018 07 17 15:00:10.317    54010.317  0.2765 30.9605 110.2505   8.00   -inf  -nan   3   3   6   3 125.70
    9   2018 07 17 15:22:55.231    55375.231  0.2779 30.9305 110.2705  12.00   -inf  -nan   3   3   6   3 172.50
   10   2018 07 17 16:04:45.242    57885.242  0.2617 30.9605 110.2505   0.00   -inf  -nan   3   3   6   3 125.70
   11   2018 07 17 17:29:24.382    62964.382  0.3033 30.9305 110.2705  10.00   -inf  -nan   3   3   6   3 172.50
   12   2018 07 17 17:51:27.708    64287.708  0.1449 30.9305 110.2705  10.00   -inf  -nan   3   2   5   2 172.50
   13   2018 07 17 18:15:48.088    65748.088  0.3231 30.9305 110.2705  10.00   -inf  -nan   3   3   6   3 172.50
   14   2018 07 17 19:32:49.014    70369.014  0.4347 30.9305 110.2505  10.00   -inf  -nan   9   8  17   8 161.74
   15   2018 07 17 19:58:20.042    71900.042  0.2266 30.9605 110.2505   8.00   -inf  -nan   5   4   9   4 125.70
   16   2018 07 17 20:35:49.961    74149.961  0.2357 30.9705 110.2905  12.00   -inf  -nan   3   2   5   2 173.21
   17   2018 07 17 20:51:19.878    75079.878  0.2937 30.9305 110.2705  10.00   -inf  -nan   3   3   6   3 172.50
   18   2018 07 17 21:01:29.737    75689.737  0.3124 30.9705 110.2905  12.00   -inf  -nan   3   3   6   3 173.21
   19   2018 07 17 21:09:23.666    76163.666  0.4120 31.0205 110.3605   8.00   -inf  -nan   5   5  10   5  88.50
   20   2018 07 17 21:26:48.018    77208.018  0.2595 30.9305 110.2905  12.00   -inf  -nan   3   2   5   2 173.36
   21   2018 07 17 21:39:59.634    77999.634  0.3566 30.9305 110.2505   6.00   -inf  -nan   5   5  10   5 161.74
   22   2018 07 17 21:57:18.329    79038.329  0.3401 30.9305 110.2505  12.00   -inf  -nan   6   7  13   5 161.74
   23   2018 07 17 21:57:30.010    79050.010  0.2540 30.9705 110.2705   4.00   -inf  -nan   4   3   7   3 137.09
   24   2018 07 17 21:58:01.031    79081.031  0.2724 30.9305 110.2705  12.00   -inf  -nan   3   3   6   3 172.50
    1   2018 07 18 00:49:13.536     2953.536  0.3635 31.0005 109.9705   0.00   -inf  -nan   6   4  10   3 288.12
    2   2018 07 18 05:23:45.154    19425.154  0.0995 30.9305 110.7605   8.00   -inf  -nan   6   5  11   3  96.54
    3   2018 07 18 05:29:41.565    19781.565  0.2554 30.9405 110.7805  10.00   -inf  -nan   6   3   9   3 165.87
    4   2018 07 18 06:43:15.064    24195.064  0.4019 30.8905 110.7205   0.00   -inf  -nan   7   5  12   4 109.80
    5   2018 07 18 08:17:05.899    29825.899  0.3076 31.1205 110.0105   8.00   -inf  -nan  10   6  16   6 274.31
    6   2018 07 18 09:57:48.573    35868.573  0.1347 31.1905 110.3605   6.00   -inf  -nan   4   4   8   1 211.46
    7   2018 07 18 15:28:57.437    55737.437  0.4145 31.0605 110.4405  12.00   -inf  -nan   6   7  13   5 144.26
    8   2018 07 18 17:53:51.075    64431.075  0.1913 31.0905 110.1105   0.00   -inf  -nan   5   4   9   4 230.20
    1   2018 07 19 03:32:18.964    12738.964  0.4211 31.1605 110.3805   6.00   -inf  -nan  10   5  15   3 158.13
    2   2018 07 19 09:53:40.493    35620.493  0.1683 30.9705 110.3705   8.00   -inf  -nan   8   2  10   2  88.31
    3   2018 07 19 11:47:04.277    42424.277  0.3721 31.0205 110.4805  18.00   -inf  -nan   3   3   6   2 196.96
    4   2018 07 19 14:17:12.503    51432.503  0.3756 31.0405 110.4505  10.00   -inf  -nan   7   8  15   7 101.78
    5   2018 07 19 23:35:33.430    84933.430  0.2039 30.9405 110.7805  12.00   -inf  -nan   5   6  11   5 165.87
    1   2018 07 20 03:58:37.177    14317.177  0.2641 31.1305 110.0305   8.00   -inf  -nan   9   5  14   5 269.61
    2   2018 07 20 05:03:24.015    18204.015  0.4502 30.9005 110.7005   0.00   -inf  -nan   7   3  10   3  99.58
    3   2018 07 20 05:08:32.583    18512.583  0.2635 30.9105 110.9005   2.00   -inf  -nan  12   4  16   4  87.52
    4   2018 07 20 05:49:55.086    20995.086  0.1129 31.0205 110.3605   6.00   -inf  -nan   3   3   6   3 166.16
    5   2018 07 20 08:48:00.451    31680.451  0.1992 30.8505 111.2405   6.00   -inf  -nan   6   3   9   2 293.47
    6   2018 07 20 09:09:34.432    32974.432  0.2511 30.8805 110.0105   2.00   -inf  -nan   4   2   6   2 320.96
    7   2018 07 20 10:54:17.175    39257.175  0.2268 30.9405 110.9505   0.00   -inf  -nan   9   8  17   8  93.06
    8   2018 07 20 14:33:16.711    52396.711  0.1869 31.1305 110.3905  14.00   -inf  -nan   3   2   5   2 299.80
    9   2018 07 20 17:58:17.497    64697.497  0.2483 31.1305 110.4205  10.00   -inf  -nan   4   5   9   4 196.38
   10   2018 07 20 18:29:57.064    66597.064  0.3284 31.0605 110.4405   8.00   -inf  -nan   4   5   9   3 113.97
   11   2018 07 20 18:56:56.557    68216.557  0.2619 31.0505 110.4505  10.00   -inf  -nan   5   4   9   3 152.57
   12   2018 07 20 21:54:01.384    78841.384  0.3479 31.0305 110.5205   0.00   -inf  -nan   5   4   9   3 171.20
   13   2018 07 20 22:00:05.407    79205.407  0.3926 31.0305 110.5205   0.00   -inf  -nan   5   6  11   4 155.59
   14   2018 07 20 23:12:29.283    83549.283  0.2549 31.0205 110.5005   0.00   -inf  -nan   7   8  15   4  91.45
    1   2018 07 21 02:25:11.567     8711.567  0.1531 31.0105 110.5505   8.00   -inf  -nan   4   2   6   1 109.02
    2   2018 07 21 02:44:48.434     9888.434  0.2692 31.0305 110.5205   0.00   -inf  -nan   4   3   7   2 206.23
    3   2018 07 21 02:49:46.915    10186.915  0.1423 31.0305 110.5205   4.00   -inf  -nan   3   2   5   1 216.42
    4   2018 07 21 02:52:48.203    10368.203  0.3402 30.9905 110.5205   2.00   -inf  -nan   5   5  10   4 164.59
    5   2018 07 21 04:42:43.572    16963.572  0.3462 31.0505 110.4305   8.00   -inf  -nan  11   8  19   8  98.76
    6   2018 07 21 04:53:27.225    17607.225  0.2449 31.0205 110.3605   8.00   -inf  -nan   3   4   7   2 166.16
    7   2018 07 21 06:45:36.624    24336.624  0.2704 31.1305 110.2305   0.00   -inf  -nan   5   6  11   4 256.37
    8   2018 07 21 10:39:47.900    38387.900  0.2038 31.0205 110.5205   0.00   -inf  -nan   3   3   6   2 204.33
    9   2018 07 21 11:10:40.501    40240.501  0.1862 30.7005 110.6205  18.00   -inf  -nan   4   3   7   2 227.63
   10   2018 07 21 11:21:53.446    40913.446  0.3925 31.0305 110.5205   0.00   -inf  -nan   5   5  10   4 200.81
   11   2018 07 21 12:02:44.945    43364.945  0.3063 31.0905 110.1105   0.00   -inf  -nan   6   6  12   5 230.20
    1   2018 07 22 02:47:46.576    10066.576  0.1935 30.8905 110.8005   4.00   -inf  -nan   7   6  13   5  93.29
    2   2018 07 22 02:55:27.023    10527.023  0.3244 31.0305 110.5605   6.00   -inf  -nan   3   4   7   3 169.58
    3   2018 07 22 05:32:49.797    19969.797  0.3448 31.0205 110.7005   8.00   -inf  -nan  12  10  22   8 105.10
    4   2018 07 22 05:36:17.392    20177.392  0.1295 31.0105 110.7105  10.00   -inf  -nan   3   2   5   1 192.76
    5   2018 07 22 05:37:37.687    20257.687  0.1870 31.0205 110.7105   8.00   -inf  -nan   6   6  12   4 135.42
    6   2018 07 22 05:51:43.624    21103.624  0.3290 31.0205 110.7005   8.00   -inf  -nan  10   8  18   7  80.02
    7   2018 07 22 05:58:39.702    21519.702  0.2126 31.0205 110.7005  10.00   -inf  -nan  10   9  19   7  80.02
    8   2018 07 22 06:00:59.947    21659.947  0.1498 31.0105 110.7105  10.00   -inf  -nan   3   2   5   1 192.76
    9   2018 07 22 06:01:33.709    21693.709  0.2505 31.0105 110.7105  10.00   -inf  -nan  18  14  32  14  74.39
   10   2018 07 22 06:02:07.581    21727.581  0.1638 31.0205 110.7405  12.00   -inf  -nan   4   3   7   3 242.43
   11   2018 07 22 06:06:06.076    21966.076  0.2329 31.0105 110.7205  10.00   -inf  -nan   8   6  14   5  75.16
   12   2018 07 22 06:38:56.097    23936.097  0.3900 30.9005 110.7205   0.00   -inf  -nan  18   6  24   6  94.62
   13   2018 07 22 06:46:14.582    24374.582  0.2728 31.0105 110.7105  10.00   -inf  -nan   8   8  16   5 129.13
   14   2018 07 22 07:24:17.269    26657.269  0.3836 30.9705 110.3705   2.00   -inf  -nan  11   5  16   4  88.31
   15   2018 07 22 07:26:44.740    26804.740  0.3943 30.9705 110.3705   2.00   -inf  -nan   8   2  10   1  88.31
   16   2018 07 22 07:39:46.591    27586.591  0.2506 31.0105 110.7105  12.00   -inf  -nan   4   6  10   3 118.37
   17   2018 07 22 10:54:31.614    39271.614  0.2997 31.0105 110.7105  10.00   -inf  -nan  17  17  34  15  74.39
   18   2018 07 22 14:29:47.216    52187.216  0.3422 31.0905 110.0705   0.00   -inf  -nan   7   6  13   5 249.51
   19   2018 07 22 17:07:21.737    61641.737  0.3685 31.0105 110.5405  14.00   -inf  -nan   4   5   9   3 100.30
   20   2018 07 22 18:26:55.415    66415.415  0.2267 30.9905 110.6005  16.00   -inf  -nan   4   2   6   1 225.94
   21   2018 07 22 22:35:50.711    81350.711  0.2470 31.0905 110.1505   0.00   -inf  -nan   3   4   7   3 264.37
    1   2018 07 23 00:06:57.100      417.100  0.4021 31.0605 110.4405  12.00   -inf  -nan   4   3   7   2 170.49
    2   2018 07 23 01:12:17.695     4337.695  0.4223 31.2605 110.8305   0.00   -inf  -nan   7   4  11   3 280.52
    3   2018 07 23 01:13:48.675     4428.675  0.3536 30.9705 110.3705   0.00   -inf  -nan   8   7  15   4  88.31
    4   2018 07 23 01:25:23.462     5123.462  0.3547 30.9705 110.3705   4.00   -inf  -nan   6   5  11   3  88.31
    5   2018 07 23 03:55:45.275    14145.275  0.3764 31.1205 110.8205   0.00   -inf  -nan  13   6  19   5 159.94
    6   2018 07 23 05:24:38.764    19478.764  0.1561 31.1405 110.0505   0.00   -inf  -nan   4   3   7   2 264.93
    7   2018 07 23 05:31:33.161    19893.161  0.1850 30.7605 110.1305   0.00   -inf  -nan   3   3   6   2 308.12
    8   2018 07 23 05:33:46.741    20026.741  0.1869 31.1705 110.3805   0.00   -inf  -nan   7   2   9   2 185.50
    9   2018 07 23 05:48:16.602    20896.602  0.3892 31.0205 110.5005  18.00   -inf  -nan   6   2   8   1  91.45
   10   2018 07 23 07:55:34.984    28534.984  0.2333 31.0005 110.0105   0.00   -inf  -nan   3   4   7   2 277.68
   11   2018 07 23 08:36:46.331    31006.331  0.2563 31.0005 110.0105  16.00   -inf  -nan   3   2   5   2 277.68
   12   2018 07 23 11:19:28.072    40768.072  0.3536 30.9705 110.3705   4.00   -inf  -nan  12   7  19   6  88.31
   13   2018 07 23 11:24:05.867    41045.867  0.3176 31.0605 110.4405  10.00   -inf  -nan   5   2   7   2 210.56
   14   2018 07 23 12:01:50.077    43310.077  0.2548 30.8205 110.6405   4.00   -inf  -nan   5   6  11   4 154.85
   15   2018 07 23 12:41:58.947    45718.947  0.2591 30.8205 110.6405   4.00   -inf  -nan   5   6  11   4 154.85
   16   2018 07 23 12:52:51.324    46371.324  0.1990 30.8205 110.6405   6.00   -inf  -nan   4   3   7   3 219.06
   17   2018 07 23 15:13:35.384    54815.384  0.1782 30.8205 110.6405   6.00   -inf  -nan   5   4   9   3 154.85
   18   2018 07 23 18:01:42.561    64902.561  0.2286 30.8205 110.6405   6.00   -inf  -nan   5   3   8   3 154.85
   19   2018 07 23 20:27:44.099    73664.099  0.3617 31.0205 110.7105  10.00   -inf  -nan  13  10  23   8  79.43
   20   2018 07 23 23:30:29.541    84629.541  0.3777 31.0305 110.5205   0.00   -inf  -nan  10   8  18   8  95.76
    1   2018 07 24 02:21:34.138     8494.138  0.1552 30.9305 110.3305   6.00   -inf  -nan   3   2   5   2 173.04
    2   2018 07 24 03:05:44.030    11144.030  0.4226 31.1705 110.3405   0.00   -inf  -nan   7   4  11   4 233.46
    3   2018 07 24 06:25:31.458    23131.458  0.4062 30.9005 110.7205   0.00   -inf  -nan   9   6  15   6  94.62
    4   2018 07 24 10:34:36.395    38076.395  0.2810 30.9805 110.7805   0.00   -inf  -nan  14   5  19   5  63.69
    5   2018 07 24 16:13:52.308    58432.308  0.2920 31.0305 110.5205   0.00   -inf  -nan   3   2   5   2 143.58
    6   2018 07 24 16:33:07.234    59587.234  0.3754 31.0305 110.5205   0.00   -inf  -nan   7   7  14   6  95.76
    1   2018 07 25 01:00:42.347     3642.347  0.3310 30.9305 110.3705  10.00   -inf  -nan   9   3  12   2 154.89
    2   2018 07 25 03:06:54.655    11214.655  0.4224 31.0105 111.2405   0.00   -inf  -nan   3   2   5   1 282.31
    3   2018 07 25 03:59:40.920    14380.920  0.3556 31.0905 110.0305   4.00   -inf  -nan   7   8  15   5 265.19
    4   2018 07 25 04:25:52.771    15952.771  0.3205 31.2205 110.1305   0.00   -inf  -nan   6   3   9   3 276.88
    5   2018 07 25 06:55:53.648    24953.648  0.2475 31.0305 110.4805  12.00   -inf  -nan   5   4   9   4 142.66
    6   2018 07 25 07:10:50.975    25850.975  0.2189 31.1805 110.3305  12.00   -inf  -nan   5   3   8   1 172.05
    7   2018 07 25 09:06:22.744    32782.744  0.2541 30.8205 110.9505   0.00   -inf  -nan  10   6  16   5 127.33
    8   2018 07 25 09:45:21.152    35121.152  0.4011 31.0205 110.4405  12.00   -inf  -nan  11  14  25  10 106.55
    9   2018 07 25 10:11:14.951    36674.951  0.3210 31.0805 110.1705   6.00   -inf  -nan   9   7  16   7 193.55
   10   2018 07 25 11:21:11.198    40871.198  0.4357 31.1805 110.3705   8.00   -inf  -nan   5   2   7   1 189.73
   11   2018 07 25 12:13:30.863    44010.863  0.2679 31.0305 110.5205  10.00   -inf  -nan   3   4   7   2 140.98
   12   2018 07 25 12:43:37.053    45817.053  0.3020 31.0305 110.5205   4.00   -inf  -nan   4   4   8   3 140.98
   13   2018 07 25 13:15:17.679    47717.679  0.2945 31.0305 110.5205   8.00   -inf  -nan   3   3   6   2 166.70
   14   2018 07 25 13:19:42.411    47982.411  0.3672 31.0105 110.5105  12.00   -inf  -nan   8   8  16   7 121.53
   15   2018 07 25 15:39:15.322    56355.322  0.1392 30.9305 110.7605  10.00   -inf  -nan   4   2   6   1 199.75
   16   2018 07 25 15:52:19.901    57139.901  0.1926 30.9305 110.7605   6.00   -inf  -nan   4   4   8   3 136.38
   17   2018 07 25 16:00:31.008    57631.008  0.3323 31.0205 110.5205   4.00   -inf  -nan   6   6  12   5 131.04
   18   2018 07 25 16:37:07.600    59827.600  0.3613 31.0205 110.5605  14.00   -inf  -nan   3   4   7   3 222.12
   19   2018 07 25 19:27:58.773    70078.773  0.2292 30.8805 110.1305   0.00   -inf  -nan   4   4   8   3 285.26
   20   2018 07 25 21:24:52.448    77092.448  0.2954 31.0205 110.5205   6.00   -inf  -nan   4   5   9   4 131.04
   21   2018 07 25 22:02:26.073    79346.073  0.3305 31.0305 110.5205   0.00   -inf  -nan   7   6  13   6 130.79
   22   2018 07 25 22:29:33.151    80973.151  0.3970 31.0605 110.4405   8.00   -inf  -nan   4   4   8   3 170.49
    1   2018 07 26 01:06:18.561     3978.561  0.1914 30.8105 111.2405   8.00   -inf  -nan   4   3   7   3 303.18
    2   2018 07 26 01:26:22.679     5182.679  0.2519 30.8105 111.1205   4.00   -inf  -nan   3   2   5   2 277.51
    3   2018 07 26 06:35:17.915    23717.915  0.4382 31.0505 110.0705   0.00   -inf  -nan   6   3   9   3 298.36
    4   2018 07 26 11:27:36.562    41256.562  0.1788 31.0905 110.5505  10.00   -inf  -nan   4   2   6   2 272.68
    5   2018 07 26 13:07:38.269    47258.269  0.2199 30.9505 110.5605  14.00   -inf  -nan   3   2   5   1 223.29
    6   2018 07 26 21:52:15.277    78735.277  0.2858 30.8905 110.7605   8.00   -inf  -nan   3   3   6   2 138.28
    1   2018 07 27 03:10:34.004    11434.004  0.2932 31.0205 110.5205   6.00   -inf  -nan   4   7  11   2 124.09
    2   2018 07 27 05:19:08.811    19148.811  0.2281 31.0305 110.5205   0.00   -inf  -nan   3   3   6   2 140.98
    3   2018 07 27 09:54:25.728    35665.728  0.1407 30.7405 110.5605   0.00   -inf  -nan   3   3   6   3 230.27
    4   2018 07 27 19:58:10.973    71890.973  0.3560 31.0305 110.5205   2.00   -inf  -nan   3   4   7   2 140.98
    5   2018 07 27 20:02:52.478    72172.478  0.2815 30.8005 110.2105   6.00   -inf  -nan   3   3   6   2 278.44
    6   2018 07 27 20:08:07.855    72487.855  0.3498 31.0205 110.5205   8.00   -inf  -nan   8   7  15   7 124.09
    7   2018 07 27 20:45:41.013    74741.013  0.2684 31.0305 110.5205   8.00   -inf  -nan   4   4   8   4 140.98
    8   2018 07 27 23:31:32.453    84692.453  0.2245 30.9805 110.7805   4.00   -inf  -nan   9   6  15   6 154.38
    1   2018 07 28 01:45:15.403     6315.403  0.1412 30.9405 110.7805   6.00   -inf  -nan   3   3   6   3 210.94
    2   2018 07 28 04:27:43.981    16063.981  0.4124 30.9005 110.7205   0.00   -inf  -nan  10   6  16   6  94.62
    3   2018 07 28 17:25:53.554    62753.554  0.2369 30.7505 110.7405  12.00   -inf  -nan   4   4   8   2 121.03
    4   2018 07 28 19:03:32.746    68612.746  0.4459 30.9805 110.8205   0.00   -inf  -nan  17  14  31  14 109.87
    1   2018 07 29 02:46:06.801     9966.801  0.2462 31.2805 110.8605   0.00   -inf  -nan   4   6  10   4 309.15
    2   2018 07 29 04:30:00.472    16200.472  0.2690 30.9805 110.8205   0.00   -inf  -nan   4   3   7   2 274.90
    3   2018 07 29 06:09:13.469    22153.469  0.2728 31.0305 110.6405   6.00   -inf  -nan   3   2   5   1 149.90
    4   2018 07 29 07:46:29.032    27989.032  0.3432 30.7805 110.3405   0.00   -inf  -nan   5   2   7   2 248.18
    5   2018 07 29 21:07:39.444    76059.444  0.1996 31.1705 110.3005   0.00   -inf  -nan   3   2   5   2 273.95
    1   2018 07 30 02:17:07.002     8227.002  0.3761 30.9405 110.7805  12.00   -inf  -nan  15  14  29  14  91.88
    2   2018 07 30 05:36:23.922    20183.922  0.3592 30.9705 110.3705   2.00   -inf  -nan  11   4  15   4  88.31
    3   2018 07 30 09:00:38.261    32438.261  0.3486 30.9005 110.7205   0.00   -inf  -nan  13   4  17   4  94.62
    4   2018 07 30 10:53:17.330    39197.330  0.3188 30.9905 110.8005   0.00   -inf  -nan  14   3  17   3  67.62
    1   2018 07 31 01:38:31.735     5911.735  0.2149 30.8505 111.2405   0.00   -inf  -nan   4   3   7   2 297.73
    2   2018 07 31 02:04:35.207     7475.207  0.2406 30.7305 111.1205   2.00   -inf  -nan   4   5   9   1 247.34
    3   2018 07 31 03:00:24.308    10824.308  0.1164 30.8905 111.0805  10.00   -inf  -nan   3   2   5   1 160.52
    4   2018 07 31 03:50:57.562    13857.562  0.4288 31.2105 110.3505   0.00   -inf  -nan   9   7  16   4 245.07
    5   2018 07 31 04:11:59.201    15119.201  0.2333 30.9805 110.6005  12.00   -inf  -nan   3   2   5   1 159.65
    6   2018 07 31 04:26:48.561    16008.561  0.3476 30.9105 110.9005   0.00   -inf  -nan  10   4  14   4  79.30
    7   2018 07 31 09:54:19.255    35659.255  0.3005 31.1305 110.0305   6.00   -inf  -nan  11   6  17   5 297.25
    8   2018 07 31 10:26:53.613    37613.613  0.4447 30.9905 110.4005   0.00   -inf  -nan   9   7  16   5  74.63
    9   2018 07 31 10:30:20.914    37820.914  0.3907 30.9905 110.4005   0.00   -inf  -nan   6   5  11   5  91.04
   10   2018 07 31 16:09:43.732    58183.732  0.2472 30.9005 110.7405  10.00   -inf  -nan   3   2   5   2 135.10
    1   2018 08 01 04:43:46.430    17026.430  0.2625 30.9105 110.6205   4.00   -inf  -nan  12   3  15   3 112.82
    2   2018 08 01 06:54:03.238    24843.238  0.2574 30.7805 110.9505   6.00   -inf  -nan   4   3   7   1 248.84
    3   2018 08 01 07:19:06.122    26346.122  0.3695 31.2305 110.3605   0.00   -inf  -nan   8   8  16   5 256.90
    4   2018 08 01 09:36:44.895    34604.895  0.2270 30.9305 110.4905   8.00   -inf  -nan   3   4   7   3 162.97
    5   2018 08 01 11:42:47.348    42167.348  0.3712 30.8905 111.2805  14.00   -inf  -nan   3   2   5   1 308.04
    6   2018 08 01 13:18:20.020    47900.020  0.3991 31.0605 110.4405   6.00   -inf  -nan   6   7  13   6 113.97
    7   2018 08 01 17:12:16.969    61936.969  0.3279 31.0505 110.4205  14.00   -inf  -nan  16  12  28  12  94.28
    8   2018 08 01 20:06:01.492    72361.492  0.2836 30.9405 110.7605   6.00   -inf  -nan   8  12  20   6  77.93
    1   2018 08 02 03:49:59.635    13799.635  0.1429 30.9405 110.7805  10.00   -inf  -nan   3   4   7   3 292.94
    2   2018 08 02 03:52:20.109    13940.109  0.3644 30.9005 110.7505   0.00   -inf  -nan   9   9  18   4  86.96
    3   2018 08 02 05:09:08.812    18548.812  0.1699 31.1305 110.0705   2.00   -inf  -nan   8   4  12   3 289.54
    4   2018 08 02 06:10:12.271    22212.271  0.3053 30.9405 110.7505  12.00   -inf  -nan   5   5  10   3  92.19
    5   2018 08 02 07:35:12.378    27312.378  0.2321 30.8705 110.9405   2.00   -inf  -nan   7   4  11   4 116.51
    6   2018 08 02 08:47:56.839    31676.839  0.3727 30.9705 110.3505   2.00   -inf  -nan   6   4  10   2  93.33
    7   2018 08 02 13:00:07.042    46807.042  0.1411 30.9405 110.7805  10.00   -inf  -nan   3   3   6   2 210.94
    8   2018 08 02 20:18:16.612    73096.612  0.1306 31.0505 110.1905   6.00   -inf  -nan   5   4   9   2 236.36
    1   2018 08 03 04:16:30.645    15390.645  0.2211 30.9405 110.7705   8.00   -inf  -nan   4   6  10   3 155.94
    2   2018 08 03 04:17:34.844    15454.844  0.1627 30.9405 110.7505  10.00   -inf  -nan   5   2   7   2  99.52
    3   2018 08 03 04:30:05.292    16205.292  0.2075 30.9405 110.7805  10.00   -inf  -nan   4   4   8   3 146.46
    4   2018 08 03 04:34:23.918    16463.918  0.2119 30.9405 110.7605  12.00   -inf  -nan   3   4   7   2 144.50
    5   2018 08 03 06:39:36.443    23976.443  0.2645 31.0505 110.0705   4.00   -inf  -nan   3   4   7   2 286.74
    6   2018 08 03 09:19:20.370    33560.370  0.3255 30.9705 110.3705   4.00   -inf  -nan   6   8  14   3  88.31
    7   2018 08 03 09:43:09.176    34989.176  0.3261 30.8705 110.9405   6.00   -inf  -nan   5   3   8   2 116.51
    8   2018 08 03 10:19:02.357    37142.357  0.1667 30.9405 110.7605  10.00   -inf  -nan   7   6  13   6  87.23
    9   2018 08 03 17:37:16.766    63436.766  0.3366 31.0405 110.7805  10.00   -inf  -nan  12  10  22  10  82.63
    1   2018 08 04 08:14:49.073    29689.073  0.4292 31.2005 110.3705   2.00   -inf  -nan   7   2   9   2 202.39
    2   2018 08 04 08:30:18.528    30618.528  0.3261 31.0505 110.4305  10.00   -inf  -nan  15  16  31  13  98.75
    3   2018 08 04 09:45:36.103    35136.103  0.1762 30.8705 110.9405   4.00   -inf  -nan   5   2   7   2 126.90
    4   2018 08 04 11:41:40.299    42100.299  0.3213 30.9005 110.7205   0.00   -inf  -nan  10   7  17   6  94.62
    5   2018 08 04 14:09:36.999    50976.999  0.1854 31.0905 110.1905   2.00   -inf  -nan   4   3   7   2 250.52
    6   2018 08 04 18:10:35.060    65435.060  0.1827 31.0505 110.1905   6.00   -inf  -nan   5   4   9   4 230.55
    1   2018 08 05 01:30:01.670     5401.670  0.3002 31.1305 110.5905   8.00   -inf  -nan   3   2   5   2 259.19
    2   2018 08 05 03:20:53.818    12053.818  0.3469 30.9005 110.7205   4.00   -inf  -nan  10   9  19   6  94.62
    3   2018 08 05 05:13:29.397    18809.397  0.3042 30.7405 111.0105   0.00   -inf  -nan   5   2   7   2 265.97
    4   2018 08 05 06:29:09.865    23349.865  0.3015 30.7505 110.7805  14.00   -inf  -nan  17   8  25   7 143.65
    5   2018 08 05 21:54:15.567    78855.567  0.3211 30.9405 110.7805  12.00   -inf  -nan  10  11  21   8  92.21
    1   2018 08 06 03:46:46.158    13606.158  0.3209 30.7805 111.0105   0.00   -inf  -nan   5   3   8   2 257.87
    2   2018 08 06 04:12:28.279    15148.279  0.3192 31.2805 110.8605   2.00   -inf  -nan   5   6  11   3 273.09
    3   2018 08 06 05:19:05.421    19145.421  0.3033 30.8505 110.4505   0.00   -inf  -nan   5   2   7   1 217.21
    4   2018 08 06 05:43:59.056    20639.056  0.4855 31.1705 110.3405   0.00   -inf  -nan  11   5  16   4 233.46
    5   2018 08 06 05:49:57.818    20997.818  0.3774 30.9805 110.7805   0.00   -inf  -nan  13   4  17   4  61.61
    6   2018 08 06 07:29:52.436    26992.436  0.3369 30.9005 110.7205   0.00   -inf  -nan  11   7  18   6  94.62
    7   2018 08 06 08:38:54.666    31134.666  0.2006 31.1705 110.3805   2.00   -inf  -nan   4   2   6   2 298.80
    8   2018 08 06 08:41:44.343    31304.343  0.2186 31.1705 110.3505   0.00   -inf  -nan   3   2   5   2 287.26
    9   2018 08 06 10:54:12.124    39252.124  0.2758 30.8205 110.9705   0.00   -inf  -nan   8   2  10   2 159.68
   10   2018 08 06 15:05:43.509    54343.509  0.2093 31.0205 110.7405   6.00   -inf  -nan   4   3   7   3 139.53
   11   2018 08 06 17:04:44.873    61484.873  0.4320 31.0205 110.4405   6.00   -inf  -nan   6   6  12   4  87.12
   12   2018 08 06 21:48:26.521    78506.521  0.2344 31.0105 110.7105   6.00   -inf  -nan   5   4   9   3 129.13
    1   2018 08 07 03:48:44.537    13724.537  0.2705 30.8205 110.9305   0.00   -inf  -nan   9   5  14   4 102.66
    2   2018 08 07 04:09:32.129    14972.129  0.2988 30.8905 110.7205   0.00   -inf  -nan  10   4  14   4  97.68
    3   2018 08 07 04:28:08.619    16088.619  0.4053 30.8905 110.9105   4.00   -inf  -nan   5   5  10   4 113.43
    4   2018 08 07 04:42:39.708    16959.708  0.2460 30.9105 110.9005   2.00   -inf  -nan  11   3  14   3  79.30
    5   2018 08 07 09:34:32.707    34472.707  0.0720 30.8705 110.9405   2.00   -inf  -nan   3   3   6   2 160.03
    6   2018 08 07 12:05:53.766    43553.766  0.2030 31.0905 110.2305   4.00   -inf  -nan   3   2   5   1 235.98
    7   2018 08 07 14:38:47.868    52727.868  0.2842 30.9005 110.6005   8.00   -inf  -nan   5   3   8   3 178.89
    8   2018 08 07 14:45:54.856    53154.856  0.2295 30.9005 110.5805   6.00   -inf  -nan   7   9  16   7 125.51
    9   2018 08 07 17:10:38.729    61838.729  0.3536 31.0605 110.4405   0.00   -inf  -nan   8   6  14   6 113.97
   10   2018 08 07 17:52:42.844    64362.844  0.3044 31.0505 110.4505   6.00   -inf  -nan   8   7  15   7 109.19
   11   2018 08 07 19:19:57.335    69597.335  0.2859 30.9405 110.7605  10.00   -inf  -nan  19  17  36  17  64.29
   12   2018 08 07 22:29:36.810    80976.810  0.1788 30.8905 111.1605   8.00   -inf  -nan   5   2   7   2 195.54
   13   2018 08 07 22:32:54.304    81174.304  0.3763 31.0805 110.8205   8.00   -inf  -nan  19  16  35  16 124.12
    1   2018 08 08 02:42:35.222     9755.222  0.2186 30.9405 110.9505   2.00   -inf  -nan  11  10  21   9  93.06
    2   2018 08 08 03:29:36.905    12576.905  0.2008 31.1805 110.2405   0.00   -inf  -nan   9   7  16   7 268.25
    3   2018 08 08 05:01:32.130    18092.130  0.4039 30.9005 110.7205   0.00   -inf  -nan  16   7  23   7  94.62
    4   2018 08 08 06:14:36.180    22476.180  0.4959 31.0605 110.7805   8.00   -inf  -nan   3   4   7   2 204.68
    5   2018 08 08 07:19:06.989    26346.989  0.2491 30.8705 110.9405   2.00   -inf  -nan   7   4  11   3  86.65
    6   2018 08 08 07:26:14.130    26774.130  0.1384 30.7705 110.7605  12.00   -inf  -nan   3   3   6   2 136.28
    7   2018 08 08 08:28:40.717    30520.717  0.3262 30.7405 110.8905   0.00   -inf  -nan   8   2  10   2 199.16
    8   2018 08 08 09:00:20.598    32420.598  0.1955 30.9305 111.2805   0.00   -inf  -nan   3   2   5   1 309.47
    9   2018 08 08 09:45:23.940    35123.940  0.2995 31.1305 110.0305   2.00   -inf  -nan  10   8  18   6 297.25
   10   2018 08 08 11:18:28.628    40708.628  0.2570 30.9705 110.3705   8.00   -inf  -nan   8   5  13   3  88.31
   11   2018 08 08 12:17:09.118    44229.118  0.1173 31.0205 110.7405   8.00   -inf  -nan   3   3   6   3 242.43
   12   2018 08 08 20:58:05.163    75485.163  0.4177 31.0605 110.4405   0.00   -inf  -nan  10  11  21   9 108.13
   13   2018 08 08 23:23:21.106    84201.106  0.1305 31.0205 110.7405   6.00   -inf  -nan   3   3   6   3 242.43
    1   2018 08 09 01:29:44.075     5384.075  0.2572 30.8505 111.1205   8.00   -inf  -nan   4   3   7   3 205.95
    2   2018 08 09 01:43:11.002     6191.002  0.2967 30.7305 111.2105   6.00   -inf  -nan   4   3   7   2 322.55
    3   2018 08 09 02:05:01.222     7501.222  0.1985 30.7305 111.1205   2.00   -inf  -nan   3   2   5   1 299.13
    4   2018 08 09 04:47:22.837    17242.837  0.3638 30.9805 110.7205   8.00   -inf  -nan   9  11  20   7  75.75
    5   2018 08 09 05:16:33.993    18993.993  0.3279 31.0305 110.4805   0.00   -inf  -nan   9   3  12   3 143.82
    6   2018 08 09 08:10:21.462    29421.462  0.3142 31.0305 110.8005  10.00   -inf  -nan  15  12  27  12 114.14
    7   2018 08 09 08:32:19.429    30739.429  0.3446 30.9005 110.7205   0.00   -inf  -nan  13   9  22   9  94.62
    8   2018 08 09 09:10:34.896    33034.896  0.2580 30.7805 110.9305   4.00   -inf  -nan   7   3  10   3 157.56
    9   2018 08 09 21:54:36.612    78876.612  0.2643 30.9205 110.7805  12.00   -inf  -nan  18  10  28  10  70.94
   10   2018 08 09 22:23:38.950    80618.950  0.3373 30.9405 110.7805  10.00   -inf  -nan  18  14  32  14  62.87
    1   2018 08 10 00:36:54.595     2214.595  0.1797 31.1605 110.2505   0.00   -inf  -nan   7   6  13   5 254.14
    2   2018 08 10 01:48:29.942     6509.942  0.2142 30.9105 110.9005   2.00   -inf  -nan   5   4   9   3  87.52
    3   2018 08 10 03:41:59.351    13319.351  0.2058 30.9105 110.9005   4.00   -inf  -nan  10   4  14   4  79.30
    4   2018 08 10 03:57:51.322    14271.322  0.2620 31.0005 109.9705  10.00   -inf  -nan  10   7  17   7 314.79
    5   2018 08 10 03:59:14.320    14354.320  0.2760 30.9105 110.9005   2.00   -inf  -nan  11   7  18   6  69.82
    6   2018 08 10 06:46:31.720    24391.720  0.3212 30.8205 110.6605   8.00   -inf  -nan   7  13  20   7 134.94
    7   2018 08 10 06:51:52.038    24712.038  0.3117 30.8205 110.6605  10.00   -inf  -nan   5   8  13   5 146.47
    8   2018 08 10 07:42:56.326    27776.326  0.3521 30.9005 110.7205   2.00   -inf  -nan  10   6  16   5  94.62
    9   2018 08 10 15:43:02.165    56582.165  0.1656 30.8205 110.6605  10.00   -inf  -nan   6   8  14   6 142.76
   10   2018 08 10 16:09:06.385    58146.385  0.2533 31.0505 110.1905   6.00   -inf  -nan   8   7  15   7 236.36
   11   2018 08 10 16:13:27.555    58407.555  0.2188 31.0505 110.1905   6.00   -inf  -nan   8   6  14   6 236.36
   12   2018 08 10 18:16:56.893    65816.893  0.3402 30.9405 110.7805  12.00   -inf  -nan  14  11  25  11  92.21
   13   2018 08 10 19:19:26.173    69566.173  0.4354 30.9405 110.7805  10.00   -inf  -nan   7   6  13   4  92.21
   14   2018 08 10 19:53:33.866    71613.866  0.1535 31.0505 110.1905   6.00   -inf  -nan   6   5  11   5 236.36
    1   2018 08 11 02:47:10.572    10030.572  0.2237 30.8705 110.9405   2.00   -inf  -nan   8   5  13   3 128.04
    2   2018 08 11 02:49:05.024    10145.024  0.1749 30.7405 110.8505  10.00   -inf  -nan   3   2   5   2 192.15
    3   2018 08 11 04:54:20.473    17660.473  0.2417 30.9005 110.7205   0.00   -inf  -nan   7   4  11   3  94.62
    4   2018 08 11 05:13:20.887    18800.887  0.2438 31.0605 110.2805   2.00   -inf  -nan   3   3   6   2 302.54
    5   2018 08 11 06:31:11.821    23471.821  0.3664 30.9005 110.7505  10.00   -inf  -nan  10   8  18   4  91.83
    6   2018 08 11 08:06:00.868    29160.868  0.1169 30.8705 110.9405   2.00   -inf  -nan   4   3   7   2 128.04
    7   2018 08 11 20:04:39.332    72279.332  0.3761 30.8105 110.6805  10.00   -inf  -nan   3   5   8   2 142.21
    8   2018 08 11 21:33:48.332    77628.332  0.1662 30.8505 110.4905   0.00   -inf  -nan   4   3   7   3 324.57
    1   2018 08 12 00:23:14.824     1394.824  0.1427 30.9005 110.6405   6.00   -inf  -nan   4   3   7   3 131.51
    2   2018 08 12 02:26:09.449     8769.449  0.2170 30.8605 110.9405   0.00   -inf  -nan   3   2   5   1 218.47
    3   2018 08 12 04:36:47.610    16607.610  0.2471 31.0505 110.2305   2.00   -inf  -nan   3   2   5   1 197.60
    4   2018 08 12 09:48:27.022    35307.022  0.3580 30.8705 110.9405   0.00   -inf  -nan   7   3  10   1  94.77
    5   2018 08 12 14:35:58.699    52558.699  0.3117 31.0605 110.4405   2.00   -inf  -nan   4   4   8   2 170.49
    1   2018 08 13 03:28:29.584    12509.584  0.1747 31.0505 110.7205   0.00   -inf  -nan   5   3   8   2 231.81
    2   2018 08 13 04:15:33.167    15333.167  0.3548 30.8205 110.9705   0.00   -inf  -nan  10   4  14   4 159.68
    3   2018 08 13 06:42:28.305    24148.305  0.2218 30.8705 110.9405   2.00   -inf  -nan  12   5  17   5  86.65
    4   2018 08 13 09:15:40.344    33340.344  0.1760 30.8705 110.9405   2.00   -inf  -nan   4   4   8   2 161.30
    5   2018 08 13 10:28:27.970    37707.970  0.2257 30.9305 111.2805   8.00   -inf  -nan   7   3  10   3 309.08
    6   2018 08 13 11:55:22.814    42922.814  0.2099 30.8005 110.2105   4.00   -inf  -nan   3   2   5   1 278.44
    1   2018 08 14 00:57:59.895     3479.895  0.2044 31.0905 110.5905  10.00   -inf  -nan   4   3   7   3 269.96
    2   2018 08 14 01:43:36.091     6216.091  0.3109 31.2905 110.8305   0.00   -inf  -nan   3   2   5   2 332.56
    3   2018 08 14 02:36:45.198     9405.198  0.3889 31.2605 110.3005   2.00   -inf  -nan   6   3   9   3 325.29
    4   2018 08 14 03:36:48.233    13008.233  0.2724 30.7805 110.9705   2.00   -inf  -nan   6   3   9   2 284.66
    5   2018 08 14 03:39:04.102    13144.102  0.2787 31.0205 110.5405   0.00   -inf  -nan  10   2  12   2  83.17
    6   2018 08 14 04:06:58.288    14818.288  0.3990 31.2505 110.3105   6.00   -inf  -nan   8   4  12   3 262.70
    7   2018 08 14 08:12:34.470    29554.470  0.1610 30.8105 110.9205   0.00   -inf  -nan   7   4  11   4 124.13
    8   2018 08 14 08:34:10.555    30850.555  0.2240 30.8705 110.9405   0.00   -inf  -nan   6   2   8   1 126.90
    9   2018 08 14 09:15:31.026    33331.026  0.4188 30.8505 111.2405  12.00   -inf  -nan   3   2   5   1 293.47
   10   2018 08 14 09:50:52.749    35452.749  0.3136 31.1605 110.1705   0.00   -inf  -nan   7   2   9   2 279.56
   11   2018 08 14 10:28:48.986    37728.986  0.3055 30.9705 110.3705   2.00   -inf  -nan  10   4  14   3  88.31
   12   2018 08 14 19:45:34.673    71134.673  0.3286 31.0505 110.4605   0.00   -inf  -nan   7   5  12   4 111.60
   13   2018 08 14 21:35:55.687    77755.687  0.2266 31.0905 110.8005  12.00   -inf  -nan   7   5  12   3 153.69
    1   2018 08 15 06:23:57.350    23037.350  0.4512 30.7405 110.9305   2.00   -inf  -nan   9   4  13   3 207.91
    2   2018 08 15 07:19:40.510    26380.510  0.1746 30.9105 110.9005   2.00   -inf  -nan  10   5  15   5 126.07
    3   2018 08 15 07:31:40.298    27100.298  0.0982 30.9105 110.9005   2.00   -inf  -nan   8   4  12   4 149.12
    4   2018 08 15 09:39:43.521    34783.521  0.2069 30.8705 110.9405   0.00   -inf  -nan   3   3   6   2 160.03
    5   2018 08 15 17:34:35.333    63275.333  0.2451 30.7805 110.6805  10.00   -inf  -nan  17  14  31  14 143.52
    1   2018 08 16 05:08:22.341    18502.341  0.2519 30.7805 110.7605   0.00   -inf  -nan   8   4  12   3 103.86
    2   2018 08 16 06:59:40.009    25180.009  0.2736 30.9405 110.4405   6.00   -inf  -nan   9   7  16   6 106.23
    3   2018 08 16 07:55:18.203    28518.203  0.2437 30.7305 110.8505   6.00   -inf  -nan  10   5  15   4 197.82
    4   2018 08 16 08:24:37.312    30277.312  0.1792 30.7705 111.1705   4.00   -inf  -nan   5   2   7   1 263.48
    5   2018 08 16 09:49:31.664    35371.664  0.1396 30.8705 110.9405   2.00   -inf  -nan   4   3   7   3 160.03
    6   2018 08 16 15:44:10.255    56650.255  0.2259 31.0505 110.4505   6.00   -inf  -nan   5   4   9   3 109.19
    1   2018 08 17 02:34:20.276     9260.276  0.3246 31.2105 110.3505   0.00   -inf  -nan   4   4   8   3 267.56
    2   2018 08 17 02:44:04.297     9844.297  0.3582 31.2205 110.3405  10.00   -inf  -nan   6   5  11   1 250.10
    3   2018 08 17 03:33:13.915    12793.915  0.4010 31.1405 110.8605   0.00   -inf  -nan   4   7  11   2 200.13
    4   2018 08 17 03:37:11.621    13031.621  0.2923 31.2105 110.3405   0.00   -inf  -nan   6   3   9   3 268.77
    5   2018 08 17 06:41:29.475    24089.475  0.2790 31.0205 110.5405   0.00   -inf  -nan   7   4  11   4  83.16
    6   2018 08 17 06:48:50.768    24530.768  0.3898 30.9305 110.9305   0.00   -inf  -nan  10   7  17   7 151.74
    7   2018 08 17 09:27:55.697    34075.697  0.3559 30.9305 110.0305   0.00   -inf  -nan   4   4   8   3 320.22
    8   2018 08 17 09:47:50.820    35270.820  0.1662 30.8705 110.9405   2.00   -inf  -nan   7   4  11   3 126.90
    9   2018 08 17 21:10:47.869    76247.869  0.3755 31.0505 110.4505   8.00   -inf  -nan   6   6  12   5 109.19
    1   2018 08 18 02:41:31.600     9691.600  0.1877 30.9205 110.9005   0.00   -inf  -nan   8   3  11   3 111.42
    2   2018 08 18 09:28:06.685    34086.685  0.4564 30.8705 110.9405  12.00   -inf  -nan   3   3   6   2 160.03
    3   2018 08 18 14:18:01.915    51481.915  0.1991 31.1305 110.3005   2.00   -inf  -nan   6   5  11   4 233.45
    4   2018 08 18 22:35:19.043    81319.043  0.1879 31.0605 110.8605  10.00   -inf  -nan   4   2   6   2 267.03
    1   2018 08 19 02:39:19.123     9559.123  0.4268 31.2805 110.8605   0.00   -inf  -nan   3   2   5   2 323.03
    2   2018 08 19 04:59:05.723    17945.723  0.2408 30.9605 110.2505  10.00   -inf  -nan   4   3   7   3 131.14
    3   2018 08 19 05:47:30.464    20850.464  0.3193 31.0905 110.2705   6.00   -inf  -nan  10  10  20   9 206.57
    4   2018 08 19 06:46:58.584    24418.584  0.3939 30.9705 110.3705   4.00   -inf  -nan  10   8  18   6  88.31
    5   2018 08 19 07:10:43.630    25843.630  0.2524 30.7605 110.1705   2.00   -inf  -nan   4   3   7   3 298.95
    6   2018 08 19 09:36:46.954    34606.954  0.0931 31.1705 110.3505   0.00   -inf  -nan   4   2   6   2 250.72
    7   2018 08 19 12:02:37.724    43357.724  0.1691 30.8205 110.6805  10.00   -inf  -nan   4   4   8   3 137.55
    8   2018 08 19 13:50:25.408    49825.408  0.3712 31.0505 110.4605   4.00   -inf  -nan   8   8  16   7 111.60
    9   2018 08 19 17:38:23.391    63503.391  0.2873 30.9405 110.8205   8.00   -inf  -nan   4   5   9   3 264.40
   10   2018 08 19 20:51:51.998    75111.998  0.3885 31.0605 110.4405   2.00   -inf  -nan  10   8  18   7 108.13
   11   2018 08 19 21:58:00.497    79080.497  0.3703 31.0305 110.5205   8.00   -inf  -nan   7   4  11   4  95.76
   12   2018 08 19 22:13:43.935    80023.935  0.3601 31.0505 110.4305   8.00   -inf  -nan   3   3   6   1 110.61
    1   2018 08 20 03:32:02.759    12722.759  0.1184 30.7805 111.0105   0.00   -inf  -nan   3   2   5   2 224.92
    2   2018 08 20 03:38:17.302    13097.302  0.4283 30.9705 110.3705   4.00   -inf  -nan  10   5  15   5  88.31
    3   2018 08 20 04:07:50.316    14870.316  0.3668 31.0105 110.4505   0.00   -inf  -nan  12   4  16   4  83.47
    4   2018 08 20 07:28:56.312    26936.312  0.3713 30.7705 111.1305   2.00   -inf  -nan   5   3   8   3 296.83
    5   2018 08 20 08:47:03.289    31623.289  0.2724 30.8705 110.6805   0.00   -inf  -nan   8   3  11   3 116.50
    6   2018 08 20 09:31:58.686    34318.686  0.1167 31.2105 110.3105   0.00   -inf  -nan   3   2   5   2 273.38
    7   2018 08 20 16:28:23.916    59303.916  0.2541 31.0205 110.4405   6.00   -inf  -nan   4   2   6   1 166.62
    8   2018 08 20 16:41:32.882    60092.882  0.3227 31.1305 110.3505   0.00   -inf  -nan   3   2   5   2 218.98
    9   2018 08 20 17:43:16.516    63796.516  0.1167 30.9405 110.7405   8.00   -inf  -nan   3   2   5   1 245.54
   10   2018 08 20 17:44:14.320    63854.320  0.1498 30.9405 110.7705  10.00   -inf  -nan   6   6  12   4 138.02
   11   2018 08 20 21:19:21.283    76761.283  0.1319 30.9405 110.7705  10.00   -inf  -nan   4   3   7   2 173.07
    1   2018 08 21 04:28:43.320    16123.320  0.3289 30.9105 110.9005   2.00   -inf  -nan   9   2  11   2  79.30
    2   2018 08 21 06:46:41.952    24401.952  0.3264 31.0405 110.1705   2.00   -inf  -nan   5   4   9   3 190.53
    3   2018 08 21 07:05:27.027    25527.027  0.2687 31.1805 110.3405   0.00   -inf  -nan   5   4   9   3 237.17
    4   2018 08 21 08:28:20.338    30500.338  0.2386 30.8705 110.9405   0.00   -inf  -nan   3   4   7   1 170.11
    5   2018 08 21 09:04:41.825    32681.825  0.3154 30.8905 110.9205   6.00   -inf  -nan   4   3   7   2 212.24
    6   2018 08 21 09:54:04.673    35644.673  0.2079 30.7405 110.9105   4.00   -inf  -nan   6   4  10   2 230.91
    7   2018 08 21 20:37:33.746    74253.746  0.3450 31.0905 110.3105   0.00   -inf  -nan   8   6  14   6  90.31
    1   2018 08 22 02:18:03.613     8283.613  0.3300 31.0505 110.8005   4.00   -inf  -nan  19   5  24   5 118.55
    2   2018 08 22 04:40:57.015    16857.015  0.2128 31.0205 110.4405   4.00   -inf  -nan   5   2   7   2 123.87
    3   2018 08 22 06:25:29.561    23129.561  0.3160 30.8205 110.9705   8.00   -inf  -nan   6   2   8   2 200.67
    4   2018 08 22 07:07:01.920    25621.920  0.4288 30.9405 110.4605  10.00   -inf  -nan  10   9  19   9  84.04
    5   2018 08 22 09:23:16.614    33796.614  0.3151 31.0105 110.1505   0.00   -inf  -nan   7   6  13   6 204.26
    6   2018 08 22 09:54:10.667    35650.667  0.2168 31.0905 110.1905   0.00   -inf  -nan   5   5  10   3 181.48
    7   2018 08 22 18:34:33.769    66873.769  0.3012 31.0505 110.2705   0.00   -inf  -nan   8   6  14   6  98.99
    1   2018 08 23 03:22:31.247    12151.247  0.1974 31.1405 110.0605   0.00   -inf  -nan   8   3  11   3 261.43
    2   2018 08 23 03:55:06.729    14106.729  0.4867 31.2105 110.3105   4.00   -inf  -nan   3   6   9   2 253.93
    3   2018 08 23 05:25:12.940    19512.940  0.2460 31.2405 110.0505   0.00   -inf  -nan   7   3  10   3 296.31
    4   2018 08 23 06:11:06.427    22266.427  0.3616 30.9705 110.7605   0.00   -inf  -nan  10   5  15   5 106.29
    5   2018 08 23 06:20:07.753    22807.753  0.1384 31.0205 110.1305   0.00   -inf  -nan   5   3   8   3 217.65
    6   2018 08 23 10:07:11.335    36431.335  0.4608 31.1705 110.3905   2.00   -inf  -nan   7   2   9   2 246.33
    7   2018 08 23 10:56:56.754    39416.754  0.4007 31.0505 110.1505   6.00   -inf  -nan   7   2   9   2 248.85
    8   2018 08 23 19:06:39.630    68799.630  0.3628 31.0505 110.4305   6.00   -inf  -nan   6   6  12   6 141.23
    9   2018 08 23 22:39:00.020    81540.020  0.3320 31.0605 110.4405   6.00   -inf  -nan   7   6  13   6 113.97
   10   2018 08 23 23:58:53.879    86333.879  0.2395 31.0605 110.4405   0.00   -inf  -nan   4   2   6   2 210.58
    1   2018 08 24 01:49:48.382     6588.382  0.2529 31.0205 110.1305   4.00   -inf  -nan   3   3   6   2 217.65
    2   2018 08 24 06:22:23.982    22943.982  0.2686 31.1205 110.0505   8.00   -inf  -nan   9   4  13   4 261.22
    3   2018 08 24 07:13:11.452    25991.452  0.3792 30.8605 110.6605   2.00   -inf  -nan   8   5  13   4 127.32
    4   2018 08 24 07:38:51.327    27531.327  0.3779 30.8805 110.6205   2.00   -inf  -nan   7   4  11   4 176.80
    5   2018 08 24 07:50:06.228    28206.228  0.1884 31.1705 110.3805   0.00   -inf  -nan   6   2   8   2 185.50
    6   2018 08 24 10:20:51.141    37251.141  0.2885 30.9105 110.9405   0.00   -inf  -nan   3   3   6   1 228.35
    7   2018 08 24 10:50:37.664    39037.664  0.0461 31.1305 110.2705  12.00   -inf  -nan   3   2   5   2 232.50
    8   2018 08 24 10:58:41.816    39521.816  0.2215 31.0905 110.1105   0.00   -inf  -nan   4   2   6   1 230.20
    9   2018 08 24 11:04:19.977    39859.977  0.1430 31.3005 110.0905   2.00   -inf  -nan   5   3   8   2 306.42
   10   2018 08 24 11:56:38.077    42998.077  0.2478 31.0505 110.1905   6.00   -inf  -nan   9   7  16   7 177.95
   11   2018 08 24 17:34:28.097    63268.097  0.3675 30.8905 111.1305   6.00   -inf  -nan   4   2   6   2 164.15
   12   2018 08 24 19:41:53.124    70913.124  0.1248 30.8905 111.0905   2.00   -inf  -nan   3   2   5   2 157.71
    1   2018 08 25 01:28:20.202     5300.202  0.3830 31.0105 110.1405   0.00   -inf  -nan   5   5  10   5 211.64
    2   2018 08 25 04:07:35.621    14855.621  0.2211 31.1005 110.0905   6.00   -inf  -nan   5   4   9   1 241.48
    3   2018 08 25 04:21:49.438    15709.438  0.1727 30.9105 110.9005   0.00   -inf  -nan   6   3   9   3 196.20
    4   2018 08 25 07:48:20.794    28100.794  0.2468 31.1305 110.0505   0.00   -inf  -nan   9   4  13   4 262.94
    5   2018 08 25 08:00:19.117    28819.117  0.2953 31.0305 110.5605   4.00   -inf  -nan   3   3   6   3 169.58
    6   2018 08 25 08:42:25.154    31345.154  0.2852 31.0105 110.1405   0.00   -inf  -nan   5   3   8   3 211.64
    7   2018 08 25 09:56:53.719    35813.719  0.1658 30.8705 110.9405   0.00   -inf  -nan  11   6  17   5  94.77
    8   2018 08 25 10:23:30.686    37410.686  0.1190 30.8505 111.0905   6.00   -inf  -nan   3   3   6   2 170.85
    9   2018 08 25 22:11:06.480    79866.480  0.1733 31.0605 110.4405   2.00   -inf  -nan   4   3   7   1 113.97
    1   2018 08 26 01:11:09.370     4269.370  0.2869 31.0205 110.3605   4.00   -inf  -nan  10  11  21   9  60.26
    2   2018 08 26 03:12:43.118    11563.118  0.4108 31.3205 110.9005   0.00   -inf  -nan   3   3   6   1 326.00
    3   2018 08 26 04:42:54.472    16974.472  0.2412 30.9305 110.9605   4.00   -inf  -nan  10   6  16   6 169.45
    4   2018 08 26 08:01:26.830    28886.830  0.3359 30.9705 110.8005   0.00   -inf  -nan  11   4  15   4 102.13
    5   2018 08 26 09:50:46.778    35446.778  0.2186 31.0205 110.5705   6.00   -inf  -nan  11   8  19   8  75.57
    6   2018 08 26 11:25:43.623    41143.623  0.3588 31.0105 110.5905   8.00   -inf  -nan  16  16  32  15  66.57
    7   2018 08 26 15:17:13.288    55033.288  0.3098 31.0305 110.5605   6.00   -inf  -nan  10   9  19   6  80.53
    8   2018 08 26 17:22:44.821    62564.821  0.3762 31.0305 110.5605   2.00   -inf  -nan   6   7  13   5  84.35
    9   2018 08 26 19:25:18.708    69918.708  0.2924 31.1305 110.2605   0.00   -inf  -nan   6   7  13   5 133.82
   10   2018 08 26 21:05:56.073    75956.073  0.2258 31.0805 110.8205   8.00   -inf  -nan   9   5  14   4 164.65
    1   2018 08 27 01:03:02.675     3782.675  0.3260 31.0105 110.5905   8.00   -inf  -nan  10  11  21   9  82.53
    2   2018 08 27 01:22:32.883     4952.883  0.2223 31.0205 110.5805   4.00   -inf  -nan   6   7  13   4  97.07
    3   2018 08 27 01:29:22.187     5362.187  0.1701 30.8905 110.8905   0.00   -inf  -nan   6   2   8   2 145.76
    4   2018 08 27 01:54:03.077     6843.077  0.3763 31.0105 110.1505   4.00   -inf  -nan  12   9  21   8 204.26
    5   2018 08 27 05:47:41.966    20861.966  0.3798 31.0105 110.1105   6.00   -inf  -nan  11   3  14   3 231.77
    6   2018 08 27 09:09:24.478    32964.478  0.3986 31.0105 110.1505   2.00   -inf  -nan  10   7  17   6 204.26
    7   2018 08 27 09:31:54.283    34314.283  0.3792 31.0105 110.1505   2.00   -inf  -nan   7   2   9   1 204.26
    8   2018 08 27 09:54:27.724    35667.724  0.2422 30.8505 111.0905   4.00   -inf  -nan   3   2   5   2 170.85
    9   2018 08 27 10:48:28.689    38908.689  0.3334 30.9705 110.6005   8.00   -inf  -nan  14  10  24   9  84.53
   10   2018 08 27 15:52:10.940    57130.940  0.4725 31.0305 110.4405  10.00   -inf  -nan   4   6  10   3  92.86
   11   2018 08 27 19:10:57.932    69057.932  0.3262 31.1805 110.3305   0.00   -inf  -nan   4   2   6   1 181.29
   12   2018 08 27 20:15:22.532    72922.532  0.4158 31.0505 110.4605   0.00   -inf  -nan   3   6   9   3 111.60
   13   2018 08 27 20:33:17.046    73997.046  0.1760 31.0205 110.5805   6.00   -inf  -nan   7   5  12   4  99.74
   14   2018 08 27 21:29:40.462    77380.462  0.2184 31.0205 110.5805   6.00   -inf  -nan   6   5  11   4  99.74
   15   2018 08 27 21:51:28.362    78688.362  0.0746 31.0205 110.5805   6.00   -inf  -nan   4   5   9   3  99.74
   16   2018 08 27 22:51:08.580    82268.580  0.4156 31.0105 110.5605  10.00   -inf  -nan  10   7  17   6  70.20
   17   2018 08 27 23:07:41.795    83261.795  0.3853 31.0605 110.4405   2.00   -inf  -nan   3   4   7   2 170.49
    1   2018 08 28 01:35:07.759     5707.759  0.1794 30.8505 111.2405   6.00   -inf  -nan   3   2   5   2 293.47
    2   2018 08 28 02:40:38.141     9638.141  0.2057 30.7705 111.2005  18.00   -inf  -nan   3   2   5   2 311.45
    3   2018 08 28 05:16:02.053    18962.053  0.0880 30.9105 110.9005   4.00   -inf  -nan   6   4  10   3 191.58
    4   2018 08 28 05:25:24.708    19524.708  0.1673 30.9105 110.9005   0.00   -inf  -nan  10   4  14   4 149.12
    5   2018 08 28 06:25:16.000    23116.000  0.4711 30.8505 110.1305   2.00   -inf  -nan   6   5  11   4 290.31
    6   2018 08 28 06:28:30.187    23310.187  0.3158 30.9805 110.4605   0.00   -inf  -nan   7   5  12   4 149.21
    7   2018 08 28 07:57:04.391    28624.391  0.3117 31.0105 110.1505   2.00   -inf  -nan   5   4   9   4 204.26
    1   2018 08 29 01:33:07.356     5587.356  0.2711 30.8505 111.3205   0.00   -inf  -nan   6   2   8   2 306.80
    2   2018 08 29 04:03:08.951    14588.951  0.3797 30.9705 110.3705   2.00   -inf  -nan  13   5  18   4  88.31
    3   2018 08 29 05:14:58.275    18898.275  0.2164 30.8905 110.9605   0.00   -inf  -nan   4   2   6   1 179.71
    4   2018 08 29 05:31:08.164    19868.164  0.1782 30.9205 110.1705   6.00   -inf  -nan   4   3   7   3 160.85
    5   2018 08 29 05:56:29.353    21389.353  0.3623 30.9205 110.1705   4.00   -inf  -nan   3   3   6   2 160.85
    6   2018 08 29 07:31:54.975    27114.975  0.2901 31.1705 110.1405   0.00   -inf  -nan   9   6  15   6 236.16
    7   2018 08 29 09:03:58.247    32638.247  0.2092 30.7405 110.9305   6.00   -inf  -nan   9   5  14   5 208.56
    8   2018 08 29 11:02:31.183    39751.183  0.3970 30.7705 111.1705   0.00   -inf  -nan   7   3  10   1 251.57
    9   2018 08 29 12:03:47.170    43427.170  0.1335 30.8505 110.8005   4.00   -inf  -nan   3   3   6   2 147.59
   10   2018 08 29 16:54:47.497    60887.497  0.1961 31.1305 110.0705   8.00   -inf  -nan   3   2   5   1 292.31
   11   2018 08 29 18:46:45.700    67605.700  0.2679 31.0505 110.1905   4.00   -inf  -nan   3   4   7   3 236.36
   12   2018 08 29 20:16:47.971    73007.971  0.3089 31.0505 110.4505   6.00   -inf  -nan   7   5  12   5 109.19
    1   2018 08 30 01:49:46.258     6586.258  0.4769 31.1405 110.3705   4.00   -inf  -nan   7   3  10   3 165.12
    2   2018 08 30 02:27:58.797     8878.797  0.2727 30.9705 110.3705   4.00   -inf  -nan   7   4  11   2  88.31
    3   2018 08 30 03:36:52.192    13012.192  0.4382 31.2805 110.8605   2.00   -inf  -nan   6   2   8   2 316.27
    4   2018 08 30 04:15:58.154    15358.154  0.1059 30.8905 111.0905   2.00   -inf  -nan   3   2   5   2 157.71
    5   2018 08 30 04:25:31.861    15931.861  0.2809 30.9805 110.7805   0.00   -inf  -nan  13   6  19   6 154.38
    6   2018 08 30 11:49:50.171    42590.171  0.4301 31.1805 110.2105  12.00   -inf  -nan   8   7  15   7 171.77
    7   2018 08 30 16:45:25.227    60325.227  0.2386 30.7905 110.7405  10.00   -inf  -nan   9   8  17   8 113.97
    8   2018 08 30 18:16:58.233    65818.233  0.1880 31.0205 110.4805   4.00   -inf  -nan   5   3   8   3  91.96
    1   2018 08 31 02:06:20.040     7580.040  0.3441 30.8205 110.4205   4.00   -inf  -nan   3   3   6   2 281.92
    2   2018 08 31 02:06:34.548     7594.548  0.2914 30.9805 110.3705  12.00   -inf  -nan   6   2   8   1 114.42
    3   2018 08 31 04:29:32.193    16172.193  0.3070 30.8705 110.9005   0.00   -inf  -nan   9   5  14   4 142.41
    4   2018 08 31 04:59:10.490    17950.490  0.3967 31.0205 110.5405   0.00   -inf  -nan  10   8  18   7  83.17
    5   2018 08 31 06:55:48.776    24948.776  0.2635 31.0105 110.1105   8.00   -inf  -nan  10   5  15   5 278.55
    6   2018 08 31 08:38:55.694    31135.694  0.2521 31.1005 110.0905   0.00   -inf  -nan   5   4   9   4 241.48
    7   2018 08 31 10:05:00.243    36300.243  0.2461 31.1305 110.0305   0.00   -inf  -nan   6   3   9   3 269.61
    8   2018 08 31 10:41:31.176    38491.176  0.3747 30.9305 110.8805   0.00   -inf  -nan   9   4  13   3  71.45
    9   2018 08 31 14:57:39.427    53859.427  0.1426 30.9005 110.5205   8.00   -inf  -nan   6   5  11   5 179.14
   10   2018 08 31 15:27:38.558    55658.558  0.3769 31.0905 110.0705   0.00   -inf  -nan  12  11  23   7 249.51
   11   2018 08 31 17:29:07.980    62947.980  0.3799 30.9705 111.1205  12.00   -inf  -nan   3   2   5   2 179.28
   12   2018 08 31 18:18:55.064    65935.064  0.1999 30.8505 110.8005  12.00   -inf  -nan   3   3   6   2 147.49
   13   2018 08 31 20:41:34.812    74494.812  0.4051 31.0605 110.4605   8.00   -inf  -nan   7   7  14   7 120.13
   14   2018 08 31 21:35:48.467    77748.467  0.4967 31.0105 110.4705   8.00   -inf  -nan   5   3   8   2  85.46
    1   2018 09 01 01:57:27.379     7047.379  0.3746 30.9705 110.3905   0.00   -inf  -nan  11   4  15   4 115.36
    2   2018 09 01 02:18:25.141     8305.141  0.4754 31.0205 109.8205   2.00   -inf  -nan   8   7  15   5 268.94
    3   2018 09 01 03:17:04.169    11824.169  0.3315 30.7705 111.0905   0.00   -inf  -nan   4   3   7   2 258.92
    4   2018 09 01 03:47:04.549    13624.549  0.3765 31.0105 110.4705  14.00   -inf  -nan   4   4   8   2 179.70
    5   2018 09 01 05:57:12.015    21432.015  0.3525 31.1805 109.9805   2.00   -inf  -nan   7   5  12   5 244.88
    6   2018 09 01 07:08:24.521    25704.521  0.3683 31.1005 109.7805   8.00   -inf  -nan   3   2   5   2 279.33
    7   2018 09 01 07:47:19.337    28039.337  0.3587 31.1305 109.9505   8.00   -inf  -nan   8   7  15   4 237.54
    8   2018 09 01 08:26:57.411    30417.411  0.3847 30.7805 110.9105   8.00   -inf  -nan   8   7  15   6 152.70
    9   2018 09 01 15:47:48.726    56868.726  0.4351 31.1005 110.7005  20.00   -inf  -nan   7   2   9   1 123.30
   10   2018 09 01 18:10:20.543    65420.543  0.2573 31.2105 110.3805   0.00   -inf  -nan   4   3   7   2 253.92
   11   2018 09 01 21:56:13.391    78973.391  0.2163 31.1705 110.1905   2.00   -inf  -nan   6   5  11   3 194.69
    1   2018 09 02 03:06:06.781    11166.781  0.1040 31.3205 110.8605   0.00   -inf  -nan   3   2   5   1 338.11
    2   2018 09 02 03:28:32.188    12512.188  0.3678 30.9805 110.3805   0.00   -inf  -nan  11   8  19   5  81.13
    3   2018 09 02 03:43:41.944    13421.944  0.2017 31.0805 109.8505  12.00   -inf  -nan   8   2  10   2 286.81
    4   2018 09 02 03:51:13.571    13873.571  0.3590 31.0805 109.8905   8.00   -inf  -nan  10   3  13   3 274.51
    5   2018 09 02 05:38:50.111    20330.111  0.4119 31.0105 110.1505   6.00   -inf  -nan  15   8  23   7 130.91
    6   2018 09 02 07:14:42.547    26082.547  0.3935 31.0205 109.7805   0.00   -inf  -nan  14   6  20   6 282.24
    7   2018 09 02 07:24:34.566    26674.566  0.2796 31.1205 110.0405   6.00   -inf  -nan  11   6  17   6 185.39
    8   2018 09 02 09:44:54.274    35094.274  0.3480 31.0005 110.1705   0.00   -inf  -nan   9   2  11   2 143.32
    9   2018 09 02 09:58:14.340    35894.340  0.3681 31.1205 109.7705   0.00   -inf  -nan   3   5   8   3 307.79
   10   2018 09 02 16:57:24.245    61044.245  0.3827 31.0605 110.1305   6.00   -inf  -nan  13  11  24  10  90.15
   11   2018 09 02 16:59:11.602    61151.602  0.1502 31.0805 110.1705   4.00   -inf  -nan   4   2   6   2 254.55
    1   2018 09 03 02:28:47.123     8927.123  0.4287 31.0205 109.8605   2.00   -inf  -nan   5   3   8   2 229.57
    2   2018 09 03 03:16:29.521    11789.521  0.2656 30.7405 111.1305   0.00   -inf  -nan   3   2   5   2 300.52
    3   2018 09 03 03:18:51.582    11931.582  0.1683 30.9705 109.9105   0.00   -inf  -nan   4   2   6   2 218.70
    4   2018 09 03 03:49:46.024    13786.024  0.2490 31.0805 109.8505  18.00   -inf  -nan   5   4   9   3 286.81
    5   2018 09 03 07:00:01.550    25201.550  0.3955 31.1205 110.0405   4.00   -inf  -nan   9   6  15   5 185.39
    6   2018 09 03 16:47:31.026    60451.026  0.2255 31.0205 110.4405   6.00   -inf  -nan   4   4   8   3 123.87
    1   2018 09 04 00:11:20.960      680.960  0.3234 31.0205 110.4405   6.00   -inf  -nan   4   3   7   2 183.36
    2   2018 09 04 02:38:15.808     9495.808  0.3346 30.9405 110.4005   0.00   -inf  -nan   9   4  13   2 131.88
    3   2018 09 04 03:27:24.445    12444.445  0.3848 30.9305 110.1105   0.00   -inf  -nan   3   2   5   1 158.83
    4   2018 09 04 04:02:14.672    14534.672  0.3636 30.7305 111.1705  10.00   -inf  -nan   6   3   9   3 296.78
    5   2018 09 04 06:37:51.822    23871.822  0.2302 30.7705 110.7605  10.00   -inf  -nan   7   8  15   6 109.98
    6   2018 09 04 07:59:43.062    28783.062  0.3121 31.0105 110.1505   6.00   -inf  -nan   9   6  15   5 176.06
    7   2018 09 04 14:53:38.016    53618.016  0.1470 31.1805 110.1305  12.00   -inf  -nan   3   2   5   2 140.16
    8   2018 09 04 15:27:46.425    55666.425  0.3649 31.0305 110.4405  10.00   -inf  -nan   7   7  14   7  92.86
    9   2018 09 04 21:27:16.779    77236.779  0.2812 30.7705 110.7605  10.00   -inf  -nan  20   7  27   7 109.98
   10   2018 09 04 22:17:47.230    80267.230  0.4437 31.1705 109.8305  20.00   -inf  -nan   3   2   5   2 307.92
   11   2018 09 04 22:26:10.851    80770.851  0.0867 30.7805 110.7605   8.00   -inf  -nan   4   3   7   3 124.85
    1   2018 09 05 04:27:48.338    16068.338  0.3745 31.0805 110.7805   6.00   -inf  -nan   7  12  19   5 154.27
    2   2018 09 05 04:39:15.939    16755.939  0.4478 31.2705 110.8405   4.00   -inf  -nan   6   4  10   3 314.84
    3   2018 09 05 05:36:34.171    20194.171  0.3187 31.1705 110.3805   0.00   -inf  -nan  11   4  15   3 185.50
    4   2018 09 05 06:24:18.399    23058.399  0.2261 31.1205 110.0405   2.00   -inf  -nan  11   7  18   6 185.39
    5   2018 09 05 07:30:15.581    27015.581  0.4350 31.0105 110.3705   6.00   -inf  -nan   6   8  14   6 187.19
    6   2018 09 05 07:44:11.157    27851.157  0.4509 30.8205 109.7805  18.00   -inf  -nan   4   4   8   3 304.09
    7   2018 09 05 13:04:10.071    47050.071  0.1501 30.7805 110.7605  10.00   -inf  -nan   6   6  12   6 124.85
    8   2018 09 05 13:04:46.571    47086.571  0.3105 30.7905 110.7805  10.00   -inf  -nan   4   4   8   4 108.79
    9   2018 09 05 13:12:40.887    47560.887  0.0833 30.7805 110.7605   8.00   -inf  -nan   3   2   5   2 131.29
   10   2018 09 05 13:32:42.804    48762.804  0.2074 30.7805 110.7605  10.00   -inf  -nan   4   6  10   4 124.85
   11   2018 09 05 13:40:57.432    49257.432  0.1836 30.7805 110.7605  10.00   -inf  -nan   6   8  14   6 103.86
   12   2018 09 05 13:41:49.764    49309.764  0.2266 30.7805 110.7605  10.00   -inf  -nan   8   9  17   8 103.86
    1   2018 09 06 02:46:59.309    10019.309  0.1715 31.0805 109.8505  16.00   -inf  -nan  10   5  15   5 286.81
    2   2018 09 06 02:56:28.003    10588.003  0.3632 31.0205 109.7805   8.00   -inf  -nan   9   7  16   6 267.00
    3   2018 09 06 05:18:57.902    19137.902  0.3284 31.0105 110.1505   6.00   -inf  -nan  12   8  20   5 130.91
    4   2018 09 06 08:51:20.604    31880.604  0.2388 31.1205 110.0405   4.00   -inf  -nan   5   4   9   3 185.39
    5   2018 09 06 09:40:15.157    34815.157  0.2048 31.1605 109.8405   0.00   -inf  -nan   6   4  10   4 303.60
    6   2018 09 06 17:31:50.193    63110.193  0.4606 31.0605 110.4405   2.00   -inf  -nan   5   7  12   5 113.97
    7   2018 09 06 17:42:07.088    63727.088  0.3176 31.1705 110.3405   0.00   -inf  -nan   4   2   6   2 281.77
    1   2018 09 07 01:15:45.820     4545.820  0.2949 31.1005 110.1605   2.00   -inf  -nan   6   4  10   4 202.21
    2   2018 09 07 06:06:56.628    22016.628  0.3344 31.0205 110.1705   8.00   -inf  -nan   4   5   9   3 189.44
    3   2018 09 07 07:38:24.410    27504.410  0.2884 31.0105 110.1505   4.00   -inf  -nan  12   4  16   4 176.06
    4   2018 09 07 07:42:19.480    27739.480  0.1798 31.1305 110.0305   2.00   -inf  -nan   5   5  10   3 269.61
    5   2018 09 07 10:31:16.266    37876.266  0.2397 31.0105 110.1905   4.00   -inf  -nan   5   4   9   4 128.05
    6   2018 09 07 15:22:06.789    55326.789  0.2989 30.7905 110.7805  10.00   -inf  -nan   7  10  17   7 108.79
    7   2018 09 07 15:57:18.657    57438.657  0.1891 30.8505 111.0905   6.00   -inf  -nan   3   3   6   2 170.85
    8   2018 09 07 23:34:25.035    84865.035  0.2756 30.9405 110.7805  10.00   -inf  -nan  10  10  20   8 133.23
    1   2018 09 08 02:17:56.571     8276.571  0.2842 30.7705 111.0905   0.00   -inf  -nan   4   3   7   3 243.22
    2   2018 09 08 02:24:56.912     8696.912  0.2683 31.0405 110.7805   0.00   -inf  -nan   6   2   8   2 153.91
    3   2018 09 08 04:25:03.980    15903.980  0.4957 30.9805 109.9005   4.00   -inf  -nan   3   3   6   3 227.81
    4   2018 09 08 04:27:08.936    16028.936  0.3111 31.2805 110.9005   2.00   -inf  -nan   5   3   8   2 329.37
    5   2018 09 08 05:13:31.021    18811.021  0.3482 31.0105 110.4505   6.00   -inf  -nan  13   3  16   3  89.23
    6   2018 09 08 05:33:33.624    20013.624  0.3067 31.0105 110.4505   8.00   -inf  -nan   6   3   9   1 126.02
    7   2018 09 08 07:52:57.738    28377.738  0.2322 31.2405 110.0405   6.00   -inf  -nan   9   2  11   2 237.39
    8   2018 09 08 08:26:55.946    30415.946  0.3052 31.2105 110.0705   0.00   -inf  -nan   9   3  12   3 185.34
    9   2018 09 08 08:33:59.108    30839.108  0.4074 30.9705 110.3705   6.00   -inf  -nan   8   5  13   4  88.31
   10   2018 09 08 09:11:12.249    33072.249  0.1449 30.8905 111.1605  10.00   -inf  -nan   3   2   5   2 195.54
   11   2018 09 08 09:53:43.745    35623.745  0.3417 31.0105 110.1505   6.00   -inf  -nan  16   8  24   8  82.78
   12   2018 09 08 09:56:07.183    35767.183  0.4250 31.1205 109.7705  12.00   -inf  -nan   8   3  11   3 307.79
   13   2018 09 08 16:12:52.832    58372.832  0.3239 30.8905 110.7605   6.00   -inf  -nan   3   3   6   2 176.33
   14   2018 09 08 17:37:00.554    63420.554  0.3649 31.0505 110.4505   0.00   -inf  -nan  16  16  32  14 106.33
   15   2018 09 08 19:09:26.544    68966.544  0.1679 30.8905 111.1605  10.00   -inf  -nan   3   2   5   2 195.54
   16   2018 09 08 22:01:07.434    79267.434  0.2796 30.9905 110.6005   6.00   -inf  -nan  13  15  28  11  61.36
   17   2018 09 08 22:08:55.851    79735.851  0.3283 31.1805 110.2805   2.00   -inf  -nan   4   2   6   1 282.17
   18   2018 09 08 22:59:52.589    82792.589  0.2835 30.8905 111.1605  10.00   -inf  -nan   3   2   5   2 195.54
   19   2018 09 08 23:38:19.659    85099.659  0.2054 30.8905 111.0005   6.00   -inf  -nan   3   2   5   2 256.92
    1   2018 09 09 00:51:52.966     3112.966  0.4369 30.9405 110.5205   2.00   -inf  -nan   3   4   7   1  98.16
    2   2018 09 09 01:11:55.689     4315.689  0.1479 30.8505 111.0905   6.00   -inf  -nan   3   2   5   2 250.85
    3   2018 09 09 03:08:12.151    11292.151  0.4084 31.0205 109.7805   4.00   -inf  -nan   9   5  14   3 267.00
    4   2018 09 09 03:34:16.978    12856.978  0.4091 31.0205 109.8205   0.00   -inf  -nan  11   4  15   3 250.36
    5   2018 09 09 03:36:54.899    13014.899  0.4386 31.1005 109.9405  12.00   -inf  -nan  10   6  16   4 232.93
    6   2018 09 09 03:57:44.463    14264.463  0.1221 30.8505 111.0905   8.00   -inf  -nan   3   2   5   2 283.97
    7   2018 09 09 04:00:33.199    14433.199  0.1650 30.7705 111.1705   8.00   -inf  -nan   7   2   9   2 294.00
    8   2018 09 09 04:02:06.535    14526.535  0.4398 31.0005 109.8405   2.00   -inf  -nan   6   4  10   4 241.59
    9   2018 09 09 04:04:17.929    14657.929  0.1431 30.8905 110.4105   6.00   -inf  -nan   8   3  11   3 202.66
   10   2018 09 09 06:36:41.384    23801.384  0.3185 30.7805 110.9305   6.00   -inf  -nan   9   4  13   4 157.56
   11   2018 09 09 09:03:03.187    32583.187  0.1172 30.8905 111.1305   2.00   -inf  -nan   3   2   5   2 263.35
   12   2018 09 09 09:37:22.603    34642.603  0.1401 30.8105 111.2505   8.00   -inf  -nan   4   2   6   2 309.78
   13   2018 09 09 10:33:11.940    37991.940  0.3003 30.9805 110.0205   0.00   -inf  -nan  12   5  17   5 123.21
   14   2018 09 09 13:59:54.344    50394.344  0.2530 31.0305 110.5205   8.00   -inf  -nan   3   3   6   1 171.20
   15   2018 09 09 15:54:11.154    57251.154  0.1887 31.0605 110.4405   4.00   -inf  -nan   3   2   5   1 256.49
   16   2018 09 09 17:46:43.691    64003.691  0.2783 30.9005 110.2505   8.00   -inf  -nan   7   8  15   7 195.47
   17   2018 09 09 19:05:28.295    68728.295  0.4043 30.8905 111.1305   8.00   -inf  -nan   5   2   7   2 263.35
   18   2018 09 09 19:09:13.173    68953.173  0.3680 31.0605 110.4605  10.00   -inf  -nan  12  14  26  11 120.13
   19   2018 09 09 19:24:04.616    69844.616  0.1774 31.1705 110.1505  12.00   -inf  -nan   3   2   5   2 132.37
   20   2018 09 09 21:03:31.657    75811.657  0.2462 30.8905 111.0105   4.00   -inf  -nan   5   2   7   2 137.69
   21   2018 09 09 22:26:11.822    80771.822  0.1869 31.0605 109.7405   0.00   -inf  -nan   5   2   7   2 278.60
   22   2018 09 09 22:45:02.820    81902.820  0.1024 30.8905 110.8005   4.00   -inf  -nan   3   2   5   2 210.84
    1   2018 09 10 03:30:46.460    12646.460  0.3795 30.9705 110.3705   8.00   -inf  -nan  10   5  15   4  88.31
    2   2018 09 10 03:39:43.683    13183.683  0.4903 31.0805 109.9605  12.00   -inf  -nan  13   7  20   6 179.79
    3   2018 09 10 04:19:04.999    15544.999  0.2101 30.7805 111.0105   0.00   -inf  -nan   4   2   6   2 224.92
    4   2018 09 10 04:22:39.796    15759.796  0.4097 30.9805 110.7805   0.00   -inf  -nan  14   6  20   5  61.61
    5   2018 09 10 05:09:03.581    18543.581  0.3820 30.9005 110.7205   0.00   -inf  -nan  15   6  21   6  94.62
    6   2018 09 10 05:16:47.560    19007.560  0.2198 31.2405 109.8405   4.00   -inf  -nan   6   5  11   4 327.27
    7   2018 09 10 05:33:47.552    20027.552  0.4692 31.1005 109.8205   0.00   -inf  -nan   4   3   7   3 256.08
    8   2018 09 10 07:21:03.002    26463.002  0.2406 30.7405 110.8505   8.00   -inf  -nan   8   2  10   2 190.10
    9   2018 09 10 07:46:31.934    27991.934  0.1027 30.8505 111.0905   4.00   -inf  -nan   3   2   5   2 283.97
   10   2018 09 10 08:26:02.934    30362.934  0.3728 30.8605 111.1905   2.00   -inf  -nan   5   2   7   2 296.39
   11   2018 09 10 09:46:01.376    35161.376  0.2249 30.7905 111.0005   4.00   -inf  -nan   5   2   7   2 207.79
   12   2018 09 10 09:48:08.895    35288.895  0.2188 30.7305 111.1605   8.00   -inf  -nan   7   2   9   1 310.91
   13   2018 09 10 11:40:27.188    42027.188  0.3657 31.0105 110.1505   6.00   -inf  -nan  16   6  22   6  82.78
   14   2018 09 10 12:29:45.059    44985.059  0.2584 31.1805 110.3405   0.00   -inf  -nan   3   4   7   3 274.48
   15   2018 09 10 14:54:54.249    53694.249  0.3310 31.0505 110.4605  10.00   -inf  -nan   7   6  13   6 111.60
   16   2018 09 10 15:51:20.840    57080.840  0.3057 31.0905 110.1905   2.00   -inf  -nan  10   8  18   8 117.80
   17   2018 09 10 17:17:02.382    62222.382  0.3563 31.1305 110.3105   2.00   -inf  -nan   4   2   6   1 134.51
   18   2018 09 10 18:30:56.048    66656.048  0.2835 30.9405 110.7805  10.00   -inf  -nan   4   6  10   4 165.87
    1   2018 09 11 01:05:14.485     3914.485  0.1966 30.7905 110.7405  10.00   -inf  -nan   3   2   5   2 239.73
    2   2018 09 11 05:50:24.293    21024.293  0.1624 31.0505 110.1505   6.00   -inf  -nan   3   4   7   3 144.62
    3   2018 09 11 05:55:26.470    21326.470  0.1643 31.0805 110.1705   0.00   -inf  -nan   4   5   9   3 193.55
    4   2018 09 11 07:31:22.654    27082.654  0.3209 31.0205 110.5405   6.00   -inf  -nan  18  10  28  10  83.17
    5   2018 09 11 08:05:50.522    29150.522  0.2802 31.0905 110.1905   6.00   -inf  -nan  11   8  19   7 117.80
    6   2018 09 11 08:08:23.433    29303.433  0.3770 30.8705 110.9405   2.00   -inf  -nan   8   5  13   5  86.65
    7   2018 09 11 08:59:24.343    32364.343  0.3471 31.1405 110.3705   6.00   -inf  -nan  12   4  16   3 159.41
    8   2018 09 11 09:01:01.608    32461.608  0.1774 30.8705 111.0205   0.00   -inf  -nan   6   2   8   2 151.07
    9   2018 09 11 09:27:48.557    34068.557  0.2738 30.7705 111.0805  20.00   -inf  -nan   3   3   6   2 282.81
   10   2018 09 11 09:52:27.501    35547.501  0.2886 31.1605 109.7705  18.00   -inf  -nan   6   2   8   2 313.68
   11   2018 09 11 10:28:33.572    37713.572  0.1810 30.8605 111.1305   6.00   -inf  -nan   3   3   6   2 282.99
   12   2018 09 11 10:29:12.590    37752.590  0.3103 31.0105 110.1505   4.00   -inf  -nan  14   4  18   4 156.13
   13   2018 09 11 16:32:43.953    59563.953  0.3724 31.0805 110.8205   2.00   -inf  -nan   6   2   8   2 124.12
   14   2018 09 11 17:06:09.103    61569.103  0.1604 30.8505 111.0905   6.00   -inf  -nan   3   2   5   2 283.97
   15   2018 09 11 18:45:41.581    67541.581  0.2233 30.8505 110.6805  10.00   -inf  -nan   4   4   8   3 194.23
   16   2018 09 11 20:23:05.295    73385.295  0.2825 31.0905 110.4205   2.00   -inf  -nan   4   5   9   3 131.66
    1   2018 09 12 01:22:52.648     4972.648  0.4267 30.8905 111.1205   0.00   -inf  -nan   4   2   6   1 315.95
    2   2018 09 12 02:22:47.159     8567.159  0.1223 30.8505 111.1305   6.00   -inf  -nan   5   2   7   2 316.84
    3   2018 09 12 02:40:31.219     9631.219  0.4409 31.0205 109.7805   8.00   -inf  -nan   7   3  10   2 267.00
    4   2018 09 12 03:50:38.715    13838.715  0.4030 31.0205 109.8205   0.00   -inf  -nan   6   6  12   5 250.36
    5   2018 09 12 04:10:13.397    15013.397  0.2255 31.2805 110.8205   0.00   -inf  -nan  13   5  18   5 266.32
    6   2018 09 12 05:17:21.339    19041.339  0.4625 31.2505 110.8305   0.00   -inf  -nan   6   3   9   2 263.05
    7   2018 09 12 05:24:33.759    19473.759  0.3366 30.8605 110.8905   2.00   -inf  -nan  14   3  17   3  63.71
    8   2018 09 12 05:35:09.623    20109.623  0.2824 31.0105 110.1505   6.00   -inf  -nan   9   4  13   4 204.26
    9   2018 09 12 05:45:02.843    20702.843  0.1979 30.8705 110.9005   2.00   -inf  -nan   8   3  11   3  87.07
   10   2018 09 12 06:20:38.715    22838.715  0.1647 30.8505 111.0805   6.00   -inf  -nan   3   2   5   2 153.82
   11   2018 09 12 06:54:11.091    24851.091  0.1402 30.8505 111.0905   4.00   -inf  -nan   4   3   7   3 283.97
   12   2018 09 12 06:56:54.985    25014.985  0.1913 31.1805 110.0205  10.00   -inf  -nan   4   2   6   2 118.51
   13   2018 09 12 07:11:44.007    25904.007  0.2232 30.8805 110.1305   2.00   -inf  -nan   3   2   5   2 300.70
   14   2018 09 12 08:31:31.300    30691.300  0.1735 30.9205 109.8805  20.00   -inf  -nan   3   2   5   1 239.61
   15   2018 09 12 09:47:19.601    35239.601  0.1333 30.8505 111.1305   6.00   -inf  -nan  11   4  15   4 283.92
   16   2018 09 12 11:07:41.288    40061.288  0.3308 31.0405 110.6605   4.00   -inf  -nan   9   2  11   1  91.55
   17   2018 09 12 17:42:21.660    63741.660  0.2183 31.1305 110.2605   6.00   -inf  -nan   6   4  10   4 116.19
    1   2018 09 13 00:00:28.401       28.401  0.2704 31.1205 110.0405   2.00   -inf  -nan  11   8  19   6 185.39
    2   2018 09 13 02:12:40.457     7960.457  0.2260 30.7705 111.0905   0.00   -inf  -nan   3   2   5   1 274.19
    3   2018 09 13 03:44:23.564    13463.564  0.3486 31.1705 110.3305  10.00   -inf  -nan   8   8  16   3 156.16
    4   2018 09 13 03:59:42.626    14382.626  0.3866 31.1705 110.3805   0.00   -inf  -nan   8   2  10   2 185.50
    5   2018 09 13 04:09:10.276    14950.276  0.2953 31.1405 110.8905   0.00   -inf  -nan  12   7  19   6 206.81
    6   2018 09 13 04:13:53.019    15233.019  0.3015 31.2605 110.0605  14.00   -inf  -nan   3   3   6   3 246.88
    7   2018 09 13 04:15:28.221    15328.221  0.3209 30.9505 110.9405   0.00   -inf  -nan  10   5  15   5 160.59
    8   2018 09 13 04:53:19.691    17599.691  0.3669 31.0405 109.8405  10.00   -inf  -nan  11   4  15   4 287.67
    9   2018 09 13 05:06:40.626    18400.626  0.3323 31.0205 110.1405   4.00   -inf  -nan  14   5  19   5  86.24
   10   2018 09 13 05:06:54.510    18414.510  0.1857 30.9005 109.7005  18.00   -inf  -nan   3   2   5   1 310.59
   11   2018 09 13 05:23:06.928    19386.928  0.3674 30.8605 110.4605   0.00   -inf  -nan   5   4   9   3 221.45
   12   2018 09 13 05:57:55.170    21475.170  0.3061 31.0805 109.8905   0.00   -inf  -nan   8   3  11   3 274.51
   13   2018 09 13 06:05:12.851    21912.851  0.2997 31.0805 109.8905   8.00   -inf  -nan  11   5  16   4 274.51
   14   2018 09 13 06:35:13.983    23713.983  0.3974 31.0005 109.8405   4.00   -inf  -nan   4   3   7   3 241.59
   15   2018 09 13 06:53:56.276    24836.276  0.2320 30.7405 110.4405   0.00   -inf  -nan   7   3  10   2 236.83
   16   2018 09 13 07:22:11.611    26531.611  0.1213 30.7105 110.7405   4.00   -inf  -nan   3   2   5   2 200.59
   17   2018 09 13 08:37:10.487    31030.487  0.4146 30.9405 109.9005  14.00   -inf  -nan   6   2   8   2 197.69
   18   2018 09 13 08:39:25.024    31165.024  0.1405 30.8505 111.1305   4.00   -inf  -nan  10   3  13   3 210.25
   19   2018 09 13 08:44:33.578    31473.578  0.3332 30.9605 109.8905  12.00   -inf  -nan   6   3   9   3 255.93
   20   2018 09 13 09:16:14.163    33374.163  0.2372 31.0005 109.7605   4.00   -inf  -nan   3   3   6   2 276.07
   21   2018 09 13 09:53:37.012    35617.012  0.3335 30.7505 110.7805   6.00   -inf  -nan   7   3  10   3 143.65
   22   2018 09 13 10:53:19.398    39199.398  0.3147 30.7105 110.8205   8.00   -inf  -nan  10   3  13   3 215.86
   23   2018 09 13 15:47:04.664    56824.664  0.3087 31.0905 110.0705   6.00   -inf  -nan  12   5  17   4 177.67
   24   2018 09 13 15:50:37.192    57037.192  0.3676 31.0505 110.4605   0.00   -inf  -nan  15  13  28  10 109.45
   25   2018 09 13 17:40:39.866    63639.866  0.1255 30.8605 111.0905   8.00   -inf  -nan   4   4   8   4 128.67
   26   2018 09 13 17:56:04.954    64564.954  0.1875 31.1805 110.1705  10.00   -inf  -nan   3   2   5   2 123.15
   27   2018 09 13 22:04:18.229    79458.229  0.3345 30.9305 111.1205   8.00   -inf  -nan   4   3   7   2 139.07
   28   2018 09 13 23:01:30.110    82890.110  0.2345 30.8505 111.1305   4.00   -inf  -nan  14   6  20   6 210.25
    1   2018 09 14 00:11:47.681      707.681  0.0700 30.8505 111.1205   2.00   -inf  -nan   3   2   5   1 205.95
    2   2018 09 14 00:58:56.639     3536.639  0.3170 31.1205 110.0105  10.00   -inf  -nan  13   7  20   6 207.90
    3   2018 09 14 02:25:56.815     8756.815  0.2102 30.8905 111.3605   0.00   -inf  -nan   4   2   6   1 339.18
    4   2018 09 14 02:30:12.118     9012.118  0.2467 30.9405 110.7805  10.00   -inf  -nan   6   4  10   4 146.46
    5   2018 09 14 02:47:02.999    10022.999  0.2285 31.2005 109.9205   0.00   -inf  -nan   4   2   6   2 262.24
    6   2018 09 14 03:00:13.624    10813.624  0.1634 31.1805 109.9705   0.00   -inf  -nan   3   2   5   2 292.07
    7   2018 09 14 03:18:27.095    11907.095  0.1770 30.9205 110.2105   8.00   -inf  -nan   3   3   6   3 184.42
    8   2018 09 14 03:24:02.441    12242.441  0.2986 30.7905 110.3605   0.00   -inf  -nan   3   3   6   2 268.12
    9   2018 09 14 04:07:13.604    14833.604  0.2545 31.0405 109.7205   2.00   -inf  -nan   5   2   7   2 284.22
   10   2018 09 14 04:16:46.489    15406.489  0.2955 31.2505 110.0305  14.00   -inf  -nan   4   3   7   2 253.81
   11   2018 09 14 05:05:27.037    18327.037  0.3685 31.0505 110.2705   6.00   -inf  -nan  11   8  19   8  87.70
   12   2018 09 14 06:25:24.848    23124.848  0.2548 30.9805 109.7405   0.00   -inf  -nan   5   2   7   2 285.17
   13   2018 09 14 07:10:12.469    25812.469  0.3747 30.8205 110.9205   2.00   -inf  -nan   7   3  10   2  89.91
   14   2018 09 14 07:23:31.721    26611.721  0.3070 31.0205 110.1405   0.00   -inf  -nan  13   3  16   2  86.24
   15   2018 09 14 07:30:47.161    27047.161  0.2164 30.9405 110.7805  10.00   -inf  -nan   5   4   9   3 146.46
   16   2018 09 14 08:22:07.352    30127.352  0.2577 30.8105 111.2405   2.00   -inf  -nan   8   2  10   2 279.73
   17   2018 09 14 08:37:39.663    31059.663  0.3840 30.8505 110.8805   0.00   -inf  -nan   4   4   8   2 120.78
   18   2018 09 14 10:13:12.544    36792.544  0.2889 30.9805 109.8605   0.00   -inf  -nan   3   2   5   2 231.63
   19   2018 09 14 10:19:33.550    37173.550  0.3070 31.0805 109.7705   0.00   -inf  -nan   4   3   7   3 303.76
   20   2018 09 14 10:24:26.286    37466.286  0.2942 31.1205 110.0405   6.00   -inf  -nan   9   2  11   2 185.39
   21   2018 09 14 12:20:51.886    44451.886  0.2126 31.0205 110.3205   4.00   -inf  -nan   5   3   8   3 159.72
   22   2018 09 14 13:09:19.675    47359.675  0.4439 31.0505 110.4305   8.00   -inf  -nan  16  17  33  13  98.75
   23   2018 09 14 14:05:06.625    50706.625  0.4794 31.1805 110.2505  20.00   -inf  -nan   3   2   5   2 166.46
   24   2018 09 14 14:05:15.356    50715.356  0.1893 30.7805 110.7605  10.00   -inf  -nan   5   5  10   4 124.85
   25   2018 09 14 15:16:41.631    55001.631  0.1554 30.8505 111.1305   8.00   -inf  -nan   5   2   7   2 210.75
   26   2018 09 14 15:43:31.503    56611.503  0.3072 31.0105 110.5605   4.00   -inf  -nan  10  10  20   8  99.91
   27   2018 09 14 23:16:16.528    83776.528  0.1168 30.8505 111.1305   6.00   -inf  -nan   5   4   9   2 210.25
    1   2018 09 15 02:44:18.166     9858.166  0.2342 31.2105 110.0705   0.00   -inf  -nan   8   5  13   4 185.34
    2   2018 09 15 03:21:35.631    12095.631  0.2696 30.8505 110.8805  12.00   -inf  -nan   4   2   6   1 131.21
    3   2018 09 15 06:13:00.199    22380.199  0.2766 31.1305 110.0305   0.00   -inf  -nan  10   9  19   6 269.61
    4   2018 09 15 07:31:07.551    27067.551  0.4919 30.8105 110.9205   0.00   -inf  -nan   5   4   9   3 110.03
    5   2018 09 15 08:02:39.891    28959.891  0.3136 31.0305 110.4405   6.00   -inf  -nan   4   4   8   3 134.10
    6   2018 09 15 08:35:06.809    30906.809  0.2157 30.8505 111.1305   6.00   -inf  -nan  10   6  16   4 210.25
    7   2018 09 15 09:03:34.617    32614.617  0.1999 30.9105 110.9005   6.00   -inf  -nan   8   4  12   4 149.12
    8   2018 09 15 09:55:01.868    35701.868  0.4902 30.9405 111.2905   0.00   -inf  -nan   3   2   5   1 340.30
    9   2018 09 15 11:13:18.787    40398.787  0.2839 31.0205 110.1405   6.00   -inf  -nan  18   4  22   4  86.24
   10   2018 09 15 23:10:33.278    83433.278  0.1548 30.8505 111.1305   6.00   -inf  -nan  13   3  16   3 210.25
    1   2018 09 16 00:41:49.064     2509.064  0.4162 30.9405 110.4605   6.00   -inf  -nan   5   7  12   5 100.91
    2   2018 09 16 02:15:47.382     8147.382  0.4103 30.7705 110.9305  16.00   -inf  -nan   3   4   7   1 247.48
    3   2018 09 16 02:47:25.564    10045.564  0.3095 30.9705 110.3705   6.00   -inf  -nan   5   2   7   2 105.26
    4   2018 09 16 03:10:36.734    11436.734  0.3515 30.9705 110.3705   0.00   -inf  -nan   4   2   6   2 105.26
    5   2018 09 16 03:29:10.308    12550.308  0.1866 31.1405 110.0505   0.00   -inf  -nan  10   4  14   3 264.93
    6   2018 09 16 04:17:06.287    15426.287  0.1460 30.8505 111.0905   4.00   -inf  -nan   5   4   9   4 170.85
    7   2018 09 16 04:29:03.628    16143.628  0.3262 30.9805 110.3605   0.00   -inf  -nan   5   2   7   2  99.05
    8   2018 09 16 04:33:04.553    16384.553  0.4064 31.0205 109.8205   4.00   -inf  -nan   8   4  12   4 250.36
    9   2018 09 16 04:52:56.189    17576.189  0.3383 31.0205 109.8205   4.00   -inf  -nan   5   3   8   2 250.36
   10   2018 09 16 04:55:33.998    17733.998  0.2367 30.9005 109.9805  10.00   -inf  -nan   3   3   6   2 188.93
   11   2018 09 16 05:23:35.447    19415.447  0.2974 30.9005 110.7205   0.00   -inf  -nan  13   6  19   6  94.62
   12   2018 09 16 05:47:37.020    20857.020  0.2639 31.3205 110.0405   6.00   -inf  -nan  10   4  14   4 268.27
   13   2018 09 16 08:49:00.251    31740.251  0.4832 30.8505 111.2405   2.00   -inf  -nan   3   2   5   2 293.47
   14   2018 09 16 09:05:29.897    32729.897  0.3922 30.9505 110.6005   0.00   -inf  -nan   8   3  11   2 101.32
   15   2018 09 16 09:26:29.596    33989.596  0.1411 30.8505 111.1305   6.00   -inf  -nan   6   3   9   2 210.25
   16   2018 09 16 09:29:57.545    34197.545  0.3542 30.8505 111.0805   6.00   -inf  -nan   5   4   9   4 148.03
   17   2018 09 16 10:26:03.349    37563.349  0.2624 31.0205 110.3405   0.00   -inf  -nan   3   4   7   1 119.97
   18   2018 09 16 22:47:12.204    82032.204  0.1662 30.8505 111.0905   4.00   -inf  -nan   3   3   6   2 170.85
   19   2018 09 16 23:16:50.722    83810.722  0.2299 31.1205 110.0405   4.00   -inf  -nan   9   3  12   3 185.39
    1   2018 09 17 03:28:38.881    12518.881  0.2912 31.0105 110.1505   4.00   -inf  -nan  13   4  17   4  82.78
    2   2018 09 17 03:51:06.497    13866.497  0.1526 31.0805 109.8505  14.00   -inf  -nan   6   3   9   3 286.81
    3   2018 09 17 03:56:54.282    14214.282  0.4489 30.9805 110.4005   0.00   -inf  -nan  14   7  21   6  82.74
    4   2018 09 17 04:00:14.908    14414.908  0.3415 31.0205 109.7805   8.00   -inf  -nan   9   3  12   2 267.00
    5   2018 09 17 04:24:29.526    15869.526  0.2073 30.7005 110.4605   0.00   -inf  -nan   5   3   8   2 262.89
    6   2018 09 17 05:19:29.599    19169.599  0.3489 30.8505 110.7205   0.00   -inf  -nan   8   3  11   2 115.94
    7   2018 09 17 05:36:21.997    20181.997  0.1652 30.8505 111.0905   4.00   -inf  -nan   4   2   6   2 170.85
    8   2018 09 17 06:56:53.734    25013.734  0.2977 30.8505 111.1305   6.00   -inf  -nan  11   5  16   5 210.75
    9   2018 09 17 07:06:19.551    25579.551  0.3537 31.1705 110.3805   0.00   -inf  -nan   9   6  15   3 163.23
   10   2018 09 17 07:15:06.618    26106.618  0.2240 30.8505 111.2805  10.00   -inf  -nan   3   2   5   2 310.92
   11   2018 09 17 07:40:46.299    27646.299  0.2670 30.9705 110.5205   0.00   -inf  -nan   4   2   6   1 170.14
   12   2018 09 17 08:25:42.898    30342.898  0.4269 31.0905 109.9505   2.00   -inf  -nan  11   9  20   7 227.09
   13   2018 09 17 08:50:22.761    31822.761  0.1446 30.8505 111.0905   4.00   -inf  -nan   3   2   5   1 170.85
   14   2018 09 17 08:57:21.327    32241.327  0.3848 30.9505 110.6005   0.00   -inf  -nan  15   3  18   3  93.89
   15   2018 09 17 09:03:48.115    32628.115  0.3839 31.1805 110.0905   0.00   -inf  -nan   3   2   5   1 298.78
   16   2018 09 17 15:43:48.460    56628.460  0.2567 31.0905 110.0305   0.00   -inf  -nan   8   6  14   5 199.54
   17   2018 09 17 21:28:43.209    77323.209  0.1819 30.8905 111.1305   4.00   -inf  -nan   8   2  10   2 164.15
   18   2018 09 17 22:52:50.451    82370.451  0.1630 30.8505 111.0905   4.00   -inf  -nan   8   3  11   3 170.85
   19   2018 09 17 22:53:50.794    82430.794  0.1590 30.8505 111.0905   4.00   -inf  -nan   4   2   6   2 170.85
    1   2018 09 18 00:10:58.049      658.049  0.3810 31.0505 110.4305   6.00   -inf  -nan   3   3   6   2 213.27
    2   2018 09 18 02:24:15.619     8655.619  0.2651 30.8505 111.2405   8.00   -inf  -nan   3   2   5   1 278.91
    3   2018 09 18 02:31:29.538     9089.538  0.4016 31.0505 110.1505   6.00   -inf  -nan  11   9  20   9 107.08
    4   2018 09 18 02:34:02.792     9242.792  0.2587 31.1205 109.8005   2.00   -inf  -nan   4   3   7   3 266.40
    5   2018 09 18 03:06:32.068    11192.068  0.2101 30.8505 111.2405  12.00   -inf  -nan   5   3   8   3 278.91
    6   2018 09 18 03:18:20.855    11900.855  0.1636 30.8505 111.0905   4.00   -inf  -nan   6   4  10   4 170.85
    7   2018 09 18 03:19:04.392    11944.392  0.1610 30.8505 111.0905   4.00   -inf  -nan   4   2   6   1 170.85
    8   2018 09 18 03:37:49.083    13069.083  0.3276 31.0205 110.4605   0.00   -inf  -nan   5   4   9   3 151.55
    9   2018 09 18 03:57:05.927    14225.927  0.2502 30.8905 110.7205   0.00   -inf  -nan   5   3   8   2 150.87
   10   2018 09 18 07:02:55.929    25375.929  0.2244 30.8105 111.3205  14.00   -inf  -nan   4   3   7   2 305.78
   11   2018 09 18 07:27:44.456    26864.456  0.3418 30.8905 111.3305   4.00   -inf  -nan   3   2   5   1 322.85
   12   2018 09 18 08:33:04.171    30784.171  0.1404 30.8705 110.9005   2.00   -inf  -nan   5   3   8   3 128.90
   13   2018 09 18 08:52:11.099    31931.099  0.2777 30.8105 111.1305   4.00   -inf  -nan  10   3  13   3 233.30
   14   2018 09 18 09:24:43.135    33883.135  0.1324 30.8505 111.1305   4.00   -inf  -nan   9   5  14   4 210.25
   15   2018 09 18 09:43:37.455    35017.455  0.3956 30.9705 110.6005  10.00   -inf  -nan  14   4  18   3  89.84
   16   2018 09 18 14:53:12.928    53592.928  0.1582 30.8505 111.1305   6.00   -inf  -nan   6   2   8   2 210.75
   17   2018 09 18 17:32:25.374    63145.374  0.1869 30.8905 111.1305   4.00   -inf  -nan   7   3  10   3 164.15
   18   2018 09 18 18:47:29.702    67649.702  0.3952 31.0805 110.2905   0.00   -inf  -nan  11  11  22   9  83.70
   19   2018 09 18 21:31:06.336    77466.336  0.1710 31.1805 110.1305  12.00   -inf  -nan   3   2   5   2 140.16
    1   2018 09 19 00:15:33.377      933.377  0.2677 30.8505 111.0905   4.00   -inf  -nan   4   5   9   4 170.85
    2   2018 09 19 03:07:45.895    11265.895  0.3966 30.9905 110.6005   4.00   -inf  -nan   7   6  13   4 174.56
    3   2018 09 19 03:36:58.169    13018.169  0.2795 31.0105 110.1505   6.00   -inf  -nan  15   3  18   3  82.78
    4   2018 09 19 03:45:15.808    13515.808  0.2183 30.8105 111.1205   2.00   -inf  -nan   5   3   8   3 229.58
    5   2018 09 19 04:29:57.592    16197.592  0.3693 31.0205 110.4405   0.00   -inf  -nan  12   7  19   6  87.12
    6   2018 09 19 04:34:51.906    16491.906  0.4073 31.0205 109.8205   0.00   -inf  -nan  10   7  17   6 250.36
    7   2018 09 19 04:36:45.172    16605.172  0.2117 31.0905 109.8305  14.00   -inf  -nan   8   5  13   5 292.80
    8   2018 09 19 04:41:16.181    16876.181  0.2625 31.0805 109.8505  10.00   -inf  -nan   9   6  15   6 286.81
    9   2018 09 19 04:42:15.713    16935.713  0.2169 30.8705 110.9205   0.00   -inf  -nan  16   2  18   2 128.66
   10   2018 09 19 04:51:35.007    17495.007  0.3199 31.2405 110.0405  10.00   -inf  -nan  12   5  17   5 237.39
   11   2018 09 19 05:06:20.224    18380.224  0.2501 31.2005 109.9205   4.00   -inf  -nan   3   3   6   3 326.04
   12   2018 09 19 05:22:15.868    19335.868  0.1321 31.2005 109.9605   0.00   -inf  -nan   3   2   5   2 321.81
   13   2018 09 19 05:41:38.386    20498.386  0.1681 31.2005 109.9205   0.00   -inf  -nan   3   2   5   1 326.04
   14   2018 09 19 07:50:01.286    28201.286  0.3014 30.9005 110.7205   6.00   -inf  -nan   7   6  13   4  94.62
   15   2018 09 19 07:58:45.700    28725.700  0.3570 31.2905 110.8405   4.00   -inf  -nan  15   5  20   5 251.43
   16   2018 09 19 08:07:29.090    29249.090  0.3193 30.8805 110.0505   6.00   -inf  -nan   7   5  12   3 296.27
   17   2018 09 19 08:17:40.637    29860.637  0.1612 30.8105 111.2405   0.00   -inf  -nan   5   5  10   3 279.73
   18   2018 09 19 08:28:25.125    30505.125  0.4287 30.9805 110.3805   0.00   -inf  -nan   7   5  12   5  84.88
   19   2018 09 19 08:48:54.741    31734.741  0.3926 30.8505 111.2005   0.00   -inf  -nan   6   2   8   2 253.44
   20   2018 09 19 08:54:24.678    32064.678  0.4343 31.0005 110.0905   0.00   -inf  -nan   5   2   7   2 245.52
   21   2018 09 19 08:55:15.594    32115.594  0.3178 30.9905 110.8005   0.00   -inf  -nan   8   4  12   2 125.39
   22   2018 09 19 09:08:42.906    32922.906  0.1604 30.8505 111.1305   6.00   -inf  -nan  10   7  17   7 210.25
   23   2018 09 19 09:28:06.553    34086.553  0.2860 30.8605 111.0905   6.00   -inf  -nan   4   4   8   3 128.67
   24   2018 09 19 09:39:00.012    34740.012  0.3221 31.0005 109.9605   0.00   -inf  -nan   3   2   5   2 162.98
   25   2018 09 19 09:40:17.262    34817.262  0.2391 31.0105 109.8305   2.00   -inf  -nan   3   2   5   2 265.86
   26   2018 09 19 09:56:21.507    35781.507  0.3809 31.0205 109.7005   2.00   -inf  -nan   3   3   6   2 290.14
   27   2018 09 19 10:13:53.319    36833.319  0.2838 30.9805 110.5805   2.00   -inf  -nan   8   2  10   2  84.68
   28   2018 09 19 10:21:12.653    37272.653  0.3371 31.0105 110.1505   4.00   -inf  -nan  13   4  17   4 156.13
   29   2018 09 19 13:55:27.704    50127.704  0.3438 31.0905 110.1905   6.00   -inf  -nan   4   4   8   2 181.48
   30   2018 09 19 15:38:52.648    56332.648  0.1947 30.9805 111.2105   4.00   -inf  -nan   3   2   5   2 319.88
   31   2018 09 19 16:43:47.955    60227.955  0.1296 31.1705 110.3405   0.00   -inf  -nan   3   2   5   2 281.77
   32   2018 09 19 20:48:32.714    74912.714  0.3061 30.8505 111.1205   6.00   -inf  -nan   4   2   6   2 205.95
   33   2018 09 19 23:42:38.634    85358.634  0.4084 30.9705 110.7705   8.00   -inf  -nan  18  15  33  14  93.88
    1   2018 09 20 00:04:35.077      275.077  0.2658 30.8905 111.0105   4.00   -inf  -nan   4   2   6   1 169.59
    2   2018 09 20 01:24:48.064     5088.064  0.2289 30.8105 111.2805   0.00   -inf  -nan   5   3   8   3 294.33
    3   2018 09 20 01:35:51.394     5751.394  0.2414 30.7305 111.1205   4.00   -inf  -nan   3   3   6   2 299.13
    4   2018 09 20 02:02:49.311     7369.311  0.1316 30.8305 111.1005  10.00   -inf  -nan   3   2   5   1 242.01
    5   2018 09 20 02:08:30.406     7710.406  0.3556 31.1605 110.3605   0.00   -inf  -nan  10   8  18   5 155.53
    6   2018 09 20 02:35:07.255     9307.255  0.2297 30.7805 110.7705  12.00   -inf  -nan  15  14  29  13 110.23
    7   2018 09 20 02:39:21.706     9561.706  0.1867 30.8505 111.0905   4.00   -inf  -nan   5   4   9   4 170.85
    8   2018 09 20 03:31:00.473    12660.473  0.3062 31.3105 110.8805   4.00   -inf  -nan  10   4  14   2 264.83
    9   2018 09 20 05:33:42.517    20022.517  0.1784 30.8505 111.0905   4.00   -inf  -nan   5   4   9   4 170.85
   10   2018 09 20 06:04:36.912    21876.912  0.3941 30.8605 110.8205   8.00   -inf  -nan   5   6  11   4 109.42
   11   2018 09 20 06:35:05.864    23705.864  0.3454 30.9705 110.5905   2.00   -inf  -nan  17   5  22   5  84.20
   12   2018 09 20 06:43:31.416    24211.416  0.1888 31.0505 110.1505   6.00   -inf  -nan   6   2   8   2 277.77
   13   2018 09 20 06:58:42.399    25122.399  0.1988 30.8505 111.1205   6.00   -inf  -nan   7   2   9   2 205.95
   14   2018 09 20 07:28:11.352    26891.352  0.1644 30.8105 111.2405   6.00   -inf  -nan  10   4  14   4 279.73
   15   2018 09 20 08:56:30.523    32190.523  0.3250 30.8905 110.7205   0.00   -inf  -nan  10   7  17   6  97.68
   16   2018 09 20 09:42:06.435    34926.435  0.2644 30.8505 111.1305   4.00   -inf  -nan  10   6  16   6 210.25
   17   2018 09 20 09:51:10.682    35470.682  0.2770 30.9905 110.6005   6.00   -inf  -nan  14   2  16   2 163.11
   18   2018 09 20 12:50:28.289    46228.289  0.3629 31.0505 110.4605   0.00   -inf  -nan   7   9  16   7 147.48
   19   2018 09 20 14:08:09.672    50889.672  0.2624 30.8905 111.0005  10.00   -inf  -nan   4   2   6   1 180.44
   20   2018 09 20 15:37:24.348    56244.348  0.1419 30.8505 111.0905  10.00   -inf  -nan   3   2   5   1 170.85
   21   2018 09 20 17:24:28.434    62668.434  0.1746 30.8905 111.0105   8.00   -inf  -nan   5   2   7   2 169.59
   22   2018 09 20 18:29:05.306    66545.306  0.2894 31.0905 110.4205   0.00   -inf  -nan   3   3   6   3 211.30
   23   2018 09 20 19:02:54.571    68574.571  0.4416 30.9305 111.2105   0.00   -inf  -nan   4   2   6   1 325.33
   24   2018 09 20 23:09:15.657    83355.657  0.1983 30.8505 111.0905   4.00   -inf  -nan   4   2   6   2 170.85
    1   2018 09 21 02:24:51.168     8691.168  0.2244 31.0505 110.4605   0.00   -inf  -nan   6   6  12   4 147.48
    2   2018 09 21 03:01:26.071    10886.071  0.2043 30.8505 111.0905   4.00   -inf  -nan   4   4   8   4 170.85
    3   2018 09 21 05:07:02.091    18422.091  0.4719 31.0605 110.4405   4.00   -inf  -nan   6   4  10   2 113.97
    4   2018 09 21 05:31:15.648    19875.648  0.3010 30.8505 111.1305   6.00   -inf  -nan   3   2   5   2 232.15
    5   2018 09 21 07:00:18.878    25218.878  0.4371 30.9705 110.6205  12.00   -inf  -nan  12   7  19   4 126.91
    6   2018 09 21 08:41:36.538    31296.538  0.1930 30.8505 111.1305   4.00   -inf  -nan  10   5  15   5 210.75
    7   2018 09 21 09:16:04.752    33364.752  0.2256 30.8505 111.0905   6.00   -inf  -nan   3   5   8   3 170.85
    8   2018 09 21 09:41:21.132    34881.132  0.3450 31.0905 109.9505   2.00   -inf  -nan  12  11  23   8 227.09
    9   2018 09 21 10:17:16.693    37036.693  0.3721 30.9705 110.5905  10.00   -inf  -nan  15   2  17   2  84.20
   10   2018 09 21 16:06:06.619    57966.619  0.2711 30.8505 111.1305   8.00   -inf  -nan   5   2   7   2 210.75
   11   2018 09 21 17:08:31.029    61711.029  0.1517 31.0505 110.2305   6.00   -inf  -nan   4   2   6   2 197.60
   12   2018 09 21 17:15:01.835    62101.835  0.1370 30.8505 111.0905   8.00   -inf  -nan   4   2   6   2 170.85
   13   2018 09 21 17:36:04.612    63364.612  0.3237 31.0405 110.8205  14.00   -inf  -nan  14  14  28  13 125.03
   14   2018 09 21 20:11:56.222    72716.222  0.3452 31.0905 110.0305   2.00   -inf  -nan   8   6  14   6 199.54
   15   2018 09 21 20:13:40.576    72820.576  0.1365 31.1805 110.1305  12.00   -inf  -nan   3   2   5   2 140.16
   16   2018 09 21 23:07:30.671    83250.671  0.1553 30.8505 111.0905   4.00   -inf  -nan   4   3   7   2 170.85
   17   2018 09 21 23:51:06.980    85866.980  0.2230 30.9305 110.3305   8.00   -inf  -nan   5   5  10   5 115.45
    1   2018 09 22 00:52:40.111     3160.111  0.1488 30.8605 111.1005   6.00   -inf  -nan   5   3   8   3 169.77
    2   2018 09 22 02:23:37.543     8617.543  0.1867 31.0105 110.1505   6.00   -inf  -nan  11   6  17   4 130.91
    3   2018 09 22 03:01:39.846    10899.846  0.1450 30.8505 111.1305   6.00   -inf  -nan   6   4  10   3 210.25
    4   2018 09 22 04:03:15.026    14595.026  0.3609 30.8605 110.4205   0.00   -inf  -nan   9   4  13   3 193.40
    5   2018 09 22 04:54:51.471    17691.471  0.3098 31.0405 110.7805   0.00   -inf  -nan  12   6  18   5 125.81
    6   2018 09 22 06:49:21.813    24561.813  0.3599 30.9905 110.6005   6.00   -inf  -nan  11   5  16   5 174.56
    7   2018 09 22 07:21:47.313    26507.313  0.4538 31.1105 110.6605   2.00   -inf  -nan   3   2   5   1 138.65
    8   2018 09 22 08:31:23.428    30683.428  0.2496 30.8905 111.3605   6.00   -inf  -nan   6   2   8   1 327.43
    9   2018 09 22 08:31:33.979    30693.979  0.1884 31.1405 110.0505   6.00   -inf  -nan  10   3  13   3 168.86
   10   2018 09 22 08:34:22.001    30862.001  0.3707 30.8205 111.0905   4.00   -inf  -nan   6   5  11   4 307.99
   11   2018 09 22 09:45:05.151    35105.151  0.2081 30.7305 111.2105   4.00   -inf  -nan   7   3  10   2 284.08
   12   2018 09 22 10:03:44.810    36224.810  0.1721 30.7305 111.2005   2.00   -inf  -nan   3   3   6   2 282.02
   13   2018 09 22 10:19:32.757    37172.757  0.1565 30.9205 110.0805   0.00   -inf  -nan   5   3   8   3 252.37
   14   2018 09 22 10:28:39.766    37719.766  0.4044 30.9505 110.6005   0.00   -inf  -nan  15   6  21   6 101.32
   15   2018 09 22 11:03:59.137    39839.137  0.3071 30.9805 110.7405  12.00   -inf  -nan  11   9  20   9 161.93
   16   2018 09 22 13:53:11.893    49991.893  0.3434 31.0605 110.4805   0.00   -inf  -nan   3   5   8   3 217.29
   17   2018 09 22 16:17:33.142    58653.142  0.1385 30.8505 111.1305   8.00   -inf  -nan   4   2   6   2 210.75
   18   2018 09 22 20:25:18.467    73518.467  0.4022 30.8605 111.1305   2.00   -inf  -nan   6   2   8   2 204.21
   19   2018 09 22 21:37:16.724    77836.724  0.3208 31.0505 110.4605   6.00   -inf  -nan  11   6  17   6 111.60
   20   2018 09 22 22:30:46.719    81046.719  0.2525 31.0505 110.4705   0.00   -inf  -nan   4   5   9   4 162.94
   21   2018 09 22 23:14:05.327    83645.327  0.1474 30.8105 111.1305   2.00   -inf  -nan   4   3   7   3 233.30
   22   2018 09 22 23:18:02.631    83882.631  0.1609 30.8505 111.1305   6.00   -inf  -nan  10   6  16   5 210.25
    1   2018 09 23 00:42:24.415     2544.415  0.3325 31.0105 110.1505   6.00   -inf  -nan  11   6  17   5 130.91
    2   2018 09 23 01:16:40.839     4600.839  0.3509 31.0205 110.1705   6.00   -inf  -nan   8   3  11   3 140.46
    3   2018 09 23 02:15:33.411     8133.411  0.1860 30.8505 111.0905   4.00   -inf  -nan   3   2   5   1 170.85
    4   2018 09 23 02:20:11.466     8411.466  0.0510 30.7505 110.8605  10.00   -inf  -nan   3   2   5   1 184.87
    5   2018 09 23 02:41:32.737     9692.737  0.3914 30.9405 110.4605  10.00   -inf  -nan  16  15  31  15  84.04
    6   2018 09 23 03:07:04.376    11224.376  0.3961 30.8505 111.1305   2.00   -inf  -nan   5   3   8   3 210.75
    7   2018 09 23 03:38:55.709    13135.709  0.4777 30.7005 110.7405   4.00   -inf  -nan   3   2   5   1 245.27
    8   2018 09 23 03:42:54.168    13374.168  0.3947 31.0205 109.8205   0.00   -inf  -nan   6   4  10   3 268.94
    9   2018 09 23 03:48:54.517    13734.517  0.2310 31.1205 109.8805  10.00   -inf  -nan   9   4  13   4 283.43
   10   2018 09 23 03:54:17.550    14057.550  0.3051 31.0805 109.8805  14.00   -inf  -nan   7   4  11   4 277.89
   11   2018 09 23 04:29:25.831    16165.831  0.2182 30.8505 111.1305   6.00   -inf  -nan  14   9  23   8 210.25
   12   2018 09 23 04:47:58.517    17278.517  0.4917 31.0305 110.4405  10.00   -inf  -nan   4   6  10   2  92.86
   13   2018 09 23 05:05:20.786    18320.786  0.3240 31.0205 110.4405   6.00   -inf  -nan   6   5  11   4 123.87
   14   2018 09 23 08:48:52.929    31732.929  0.2829 31.1205 110.0005  12.00   -inf  -nan  14   7  21   6 215.71
   15   2018 09 23 08:51:10.595    31870.595  0.4031 30.9405 110.6005   8.00   -inf  -nan  17   5  22   4  99.02
   16   2018 09 23 09:06:00.986    32760.986  0.3091 31.0505 110.4605   0.00   -inf  -nan   3   4   7   2 111.60
   17   2018 09 23 09:13:56.577    33236.577  0.2943 30.8605 110.9305   0.00   -inf  -nan   9   5  14   5 117.82
   18   2018 09 23 17:23:14.263    62594.263  0.2083 31.0905 110.2705   6.00   -inf  -nan   4   4   8   3 206.57
   19   2018 09 23 19:19:24.899    69564.899  0.2234 31.1605 110.1205  12.00   -inf  -nan   3   2   5   2 151.27
   20   2018 09 23 23:11:01.903    83461.903  0.2102 30.8505 111.1305   4.00   -inf  -nan  14   5  19   4 210.25
   21   2018 09 23 23:29:14.139    84554.139  0.1676 30.8505 111.0905   4.00   -inf  -nan   4   4   8   4 170.85
   22   2018 09 23 23:29:43.461    84583.461  0.1516 30.8505 111.0905   4.00   -inf  -nan   3   3   6   3 170.85
    1   2018 09 24 00:27:56.467     1676.467  0.1928 30.7705 110.0905   0.00   -inf  -nan   5   2   7   1 287.00
    2   2018 09 24 01:46:53.132     6413.132  0.3441 30.7605 109.9705   4.00   -inf  -nan  10   9  19   6 268.78
    3   2018 09 24 02:46:18.916     9978.916  0.2463 30.8105 111.2405   4.00   -inf  -nan   8   5  13   3 279.73
    4   2018 09 24 03:30:48.745    12648.745  0.3983 31.0105 110.1505   6.00   -inf  -nan  14   6  20   6  82.78
    5   2018 09 24 03:54:42.122    14082.122  0.2221 31.1205 109.8805  12.00   -inf  -nan   4   2   6   1 283.43
    6   2018 09 24 07:07:22.453    25642.453  0.3924 30.7805 110.9305   6.00   -inf  -nan   8   6  14   6 157.56
    7   2018 09 24 07:09:54.876    25794.876  0.4290 31.1805 109.8505  18.00   -inf  -nan   3   2   5   2 329.53
    8   2018 09 24 07:21:19.746    26479.746  0.2521 31.0605 109.8605   2.00   -inf  -nan   3   2   5   2 232.70
    9   2018 09 24 08:14:04.377    29644.377  0.3602 30.9405 110.6005   8.00   -inf  -nan  19   6  25   4  99.02
   10   2018 09 24 08:14:54.802    29694.802  0.2640 30.8105 111.1605   6.00   -inf  -nan  14   6  20   4 238.50
   11   2018 09 24 09:49:01.749    35341.749  0.3781 30.8105 111.1305   4.00   -inf  -nan   5   3   8   3 233.30
   12   2018 09 24 15:47:53.427    56873.427  0.2405 31.0105 110.4905  18.00   -inf  -nan   3   2   5   1 167.40
   13   2018 09 24 17:47:03.241    64023.241  0.2364 30.8505 111.1305   8.00   -inf  -nan   5   2   7   2 210.75
   14   2018 09 24 20:30:27.479    73827.479  0.1903 30.7805 110.7605  10.00   -inf  -nan   4   4   8   3 124.85
   15   2018 09 24 22:01:59.284    79319.284  0.2639 30.8905 111.0005   8.00   -inf  -nan   5   2   7   2 131.70
   16   2018 09 24 23:11:39.434    83499.434  0.2385 30.8505 111.0905   4.00   -inf  -nan   3   3   6   2 170.85
   17   2018 09 24 23:45:24.545    85524.545  0.1877 30.8905 111.1305   4.00   -inf  -nan   3   2   5   2 164.15
    1   2018 09 25 01:00:33.272     3633.272  0.3686 30.8505 110.8005   4.00   -inf  -nan   3   5   8   2 143.56
    2   2018 09 25 01:09:17.869     4157.869  0.4817 31.1805 110.4505  16.00   -inf  -nan   5   2   7   2 302.00
    3   2018 09 25 01:29:23.844     5363.844  0.1554 30.8505 111.1305   6.00   -inf  -nan  15   5  20   5 210.75
    4   2018 09 25 01:40:45.361     6045.361  0.0847 30.9005 110.5605   8.00   -inf  -nan   3   2   5   2 179.22
    5   2018 09 25 04:21:10.162    15670.162  0.2839 30.9405 110.7805  10.00   -inf  -nan   6   7  13   5 110.23
    6   2018 09 25 10:55:02.462    39302.462  0.1447 30.8505 111.1305   6.00   -inf  -nan  15   6  21   6 210.25
    7   2018 09 25 12:05:52.290    43552.290  0.2525 30.9405 110.7805  10.00   -inf  -nan   3   4   7   2  92.21
    8   2018 09 25 17:25:20.476    62720.476  0.1952 31.0905 110.3105   8.00   -inf  -nan   5   6  11   5 176.89
    9   2018 09 25 22:15:49.753    80149.753  0.3184 31.0205 110.4605   4.00   -inf  -nan   4   5   9   3 136.62
   10   2018 09 25 23:05:01.132    83101.132  0.4396 30.7705 111.0905   2.00   -inf  -nan   3   2   5   1 243.22
   11   2018 09 25 23:05:53.591    83153.591  0.1624 30.8505 111.0905   4.00   -inf  -nan   3   3   6   2 170.85
    1   2018 09 26 05:47:04.469    20824.469  0.1592 30.8005 110.2105   0.00   -inf  -nan   3   2   5   1 278.44
    2   2018 09 26 07:15:46.488    26146.488  0.2022 30.9105 110.9005   2.00   -inf  -nan   7   2   9   2 141.97
    3   2018 09 26 07:34:31.564    27271.564  0.3288 30.9105 110.7405   0.00   -inf  -nan  15   5  20   4  82.95
    4   2018 09 26 07:53:15.705    28395.705  0.2616 31.0905 110.1105   0.00   -inf  -nan   9   7  16   6 155.73
    5   2018 09 26 07:56:32.806    28592.806  0.1954 30.9005 110.7805  10.00   -inf  -nan   3   3   6   2 130.22
    6   2018 09 26 08:18:04.979    29884.979  0.1945 30.8505 111.1305   6.00   -inf  -nan  14   7  21   6 210.75
    7   2018 09 26 08:55:20.208    32120.208  0.3323 30.8905 110.8005  10.00   -inf  -nan   7  11  18   7  75.65
    8   2018 09 26 09:44:35.058    35075.058  0.4058 30.9405 110.8005  10.00   -inf  -nan   7   6  13   6 159.27
    9   2018 09 26 10:24:19.597    37459.597  0.2210 30.8905 110.7605   6.00   -inf  -nan   3   3   6   3 208.90
   10   2018 09 26 10:26:59.393    37619.393  0.2881 30.9105 110.7805  10.00   -inf  -nan  13   9  22   8  75.13
   11   2018 09 26 11:20:16.035    40816.035  0.3710 30.9305 111.2405   4.00   -inf  -nan  11  11  22   9 300.87
   12   2018 09 26 12:25:23.688    44723.688  0.2202 30.9005 110.7805  10.00   -inf  -nan  10  11  21   9 109.16
   13   2018 09 26 12:37:23.330    45443.330  0.2923 31.0505 110.1905   6.00   -inf  -nan   6   5  11   3 124.62
   14   2018 09 26 13:30:06.183    48606.183  0.2549 30.9105 110.7805   6.00   -inf  -nan   4   5   9   4 122.91
   15   2018 09 26 13:35:42.461    48942.461  0.4861 30.8905 110.7605  10.00   -inf  -nan   9  12  21   9  86.43
   16   2018 09 26 13:59:17.295    50357.295  0.2743 30.8905 111.0005   6.00   -inf  -nan   6   2   8   2  91.53
   17   2018 09 26 14:31:44.844    52304.844  0.2718 30.9105 110.7805   8.00   -inf  -nan   7   7  14   6 138.16
   18   2018 09 26 15:20:56.033    55256.033  0.1534 30.8505 111.0905   8.00   -inf  -nan   4   2   6   2 170.85
   19   2018 09 26 21:39:45.861    77985.861  0.1432 30.8505 111.1305   8.00   -inf  -nan   3   2   5   2 232.15
   20   2018 09 26 23:15:00.704    83700.704  0.3810 30.8905 111.1305   2.00   -inf  -nan  17   7  24   6 164.15
    1   2018 09 27 01:45:29.000     6329.000  0.2206 30.8605 111.0905   6.00   -inf  -nan   4   2   6   2 128.67
    2   2018 09 27 02:04:47.724     7487.724  0.3166 30.8505 111.3605   6.00   -inf  -nan  10   4  14   4 314.62
    3   2018 09 27 02:12:56.538     7976.538  0.3280 31.1205 110.0005  12.00   -inf  -nan  11   7  18   4 215.71
    4   2018 09 27 03:03:33.297    11013.297  0.1620 30.8205 110.5805   6.00   -inf  -nan   5   4   9   4 226.18
    5   2018 09 27 04:35:29.514    16529.514  0.4250 31.2605 110.0505  14.00   -inf  -nan   7   3  10   3 250.86
    6   2018 09 27 04:35:39.253    16539.253  0.3315 30.9305 110.7605  14.00   -inf  -nan   9   8  17   8  71.27
    7   2018 09 27 04:43:42.697    17022.697  0.1962 30.8505 111.1305   4.00   -inf  -nan  11   6  17   5 210.25
    8   2018 09 27 04:44:38.585    17078.585  0.3643 30.7805 110.4405   0.00   -inf  -nan   9   8  17   5 195.48
    9   2018 09 27 04:54:49.910    17689.910  0.3477 31.1705 110.3505   0.00   -inf  -nan  10   5  15   5 204.20
   10   2018 09 27 05:54:12.239    21252.239  0.3078 31.1605 109.7705  18.00   -inf  -nan   5   2   7   2 313.68
   11   2018 09 27 06:32:33.955    23553.955  0.2977 31.1705 110.3805   2.00   -inf  -nan  14   5  19   4 174.23
   12   2018 09 27 06:34:07.579    23647.579  0.2651 30.8505 111.0905   6.00   -inf  -nan   4   4   8   4 170.85
   13   2018 09 27 08:11:34.377    29494.377  0.4054 30.9705 110.3705   8.00   -inf  -nan   7   8  15   5  88.31
   14   2018 09 27 08:13:12.261    29592.261  0.2872 31.2405 110.0005  12.00   -inf  -nan   3   2   5   2 299.81
   15   2018 09 27 08:17:57.294    29877.294  0.3147 30.8105 111.2405   4.00   -inf  -nan   6   4  10   3 279.73
   16   2018 09 27 08:42:05.551    31325.551  0.3784 30.9705 110.5905   4.00   -inf  -nan  13   8  21   6  84.20
   17   2018 09 27 10:18:15.719    37095.719  0.3341 30.7905 110.9405   6.00   -inf  -nan  12   3  15   3 155.53
   18   2018 09 27 10:21:29.797    37289.797  0.3137 30.8905 111.0005   6.00   -inf  -nan   5   2   7   1  91.53
   19   2018 09 27 14:05:25.522    50725.522  0.1176 30.8205 110.6405   4.00   -inf  -nan   4   2   6   2 219.06
   20   2018 09 27 16:28:02.998    59282.998  0.2134 30.8905 111.1305   6.00   -inf  -nan   6   2   8   2 164.15
   21   2018 09 27 22:20:18.107    80418.107  0.2495 30.8905 111.0005  10.00   -inf  -nan   4   2   6   1 180.44
    1   2018 09 28 00:10:59.049      659.049  0.2211 30.8505 111.1305   6.00   -inf  -nan  14   5  19   4 210.25
    2   2018 09 28 00:36:08.720     2168.720  0.2609 30.9805 110.8205   6.00   -inf  -nan   9  10  19   8 141.74
    3   2018 09 28 01:36:39.591     5799.591  0.1091 30.8505 111.1305   4.00   -inf  -nan   3   2   5   2 318.48
    4   2018 09 28 03:16:30.095    11790.095  0.3986 31.1205 110.0405   8.00   -inf  -nan  14   6  20   5 185.39
    5   2018 09 28 03:40:17.223    13217.223  0.4029 30.8705 110.9205   2.00   -inf  -nan  14   6  20   6  76.80
    6   2018 09 28 04:04:43.314    14683.314  0.2876 31.0205 109.7805   4.00   -inf  -nan   8   4  12   1 267.00
    7   2018 09 28 04:11:06.231    15066.231  0.2257 31.1205 109.8905  16.00   -inf  -nan   6   2   8   2 279.99
    8   2018 09 28 04:12:13.679    15133.679  0.2689 31.0105 111.4405   8.00   -inf  -nan   7   2   9   1 325.68
    9   2018 09 28 04:32:38.905    16358.905  0.2732 30.7505 111.0605   0.00   -inf  -nan   3   4   7   3 270.28
   10   2018 09 28 04:37:42.350    16662.350  0.4143 30.9705 110.3905   0.00   -inf  -nan  11   4  15   4  92.49
   11   2018 09 28 04:42:54.058    16974.058  0.3359 31.0205 109.8205   4.00   -inf  -nan  13   6  19   6 250.36
   12   2018 09 28 07:02:25.752    25345.752  0.2733 30.9705 110.5905  10.00   -inf  -nan  13   7  20   5  89.07
   13   2018 09 28 07:35:46.052    27346.052  0.2706 31.1605 109.7605   2.00   -inf  -nan   4   2   6   2 283.92
   14   2018 09 28 08:38:08.563    31088.563  0.1325 30.8505 111.1305   6.00   -inf  -nan   8   3  11   2 210.75
   15   2018 09 28 08:39:17.279    31157.279  0.2226 30.9505 110.4805   8.00   -inf  -nan   3   3   6   3 130.24
   16   2018 09 28 08:49:29.841    31769.841  0.1983 30.7505 110.8205   8.00   -inf  -nan   5   3   8   3 167.07
   17   2018 09 28 09:26:34.853    33994.853  0.2639 30.8205 111.2505   4.00   -inf  -nan   7   3  10   3 283.29
   18   2018 09 28 09:36:41.138    34601.138  0.1965 30.7705 111.1705   0.00   -inf  -nan   5   2   7   1 263.48
   19   2018 09 28 09:49:40.314    35380.314  0.1939 30.7705 111.0005  10.00   -inf  -nan   4   2   6   2 234.66
   20   2018 09 28 09:59:16.352    35956.352  0.2087 30.9605 110.0005  12.00   -inf  -nan   7   3  10   3 129.51
   21   2018 09 28 10:08:08.105    36488.105  0.3177 30.9605 110.0005  10.00   -inf  -nan   7   4  11   4 129.51
   22   2018 09 28 10:25:30.572    37530.572  0.2498 31.0905 109.8305  16.00   -inf  -nan   7   3  10   3 292.80
   23   2018 09 28 22:35:05.312    81305.312  0.2816 31.0505 110.4505  10.00   -inf  -nan   6   5  11   3 109.19
   24   2018 09 28 23:00:01.203    82801.203  0.4904 30.8905 111.0105  14.00   -inf  -nan   3   2   5   1 152.78
   25   2018 09 28 23:14:15.433    83655.433  0.1496 30.8505 111.1305   6.00   -inf  -nan  10   5  15   5 210.25
    1   2018 09 29 00:46:24.448     2784.448  0.2318 30.9805 110.8205   4.00   -inf  -nan   6   5  11   4 115.72
    2   2018 09 29 01:12:53.287     4373.287  0.3955 31.1205 110.0405   6.00   -inf  -nan  11   5  16   4 185.39
    3   2018 09 29 04:06:47.528    14807.528  0.2363 30.9405 110.9505   0.00   -inf  -nan  12   7  19   7  93.06
    4   2018 09 29 04:09:15.843    14955.843  0.3842 31.1305 110.3505   0.00   -inf  -nan   9   4  13   3 168.23
    5   2018 09 29 05:27:27.926    19647.926  0.3446 30.9005 110.7205   0.00   -inf  -nan  13   4  17   4  94.62
    6   2018 09 29 06:01:29.111    21689.111  0.2108 30.7405 110.2605   2.00   -inf  -nan   6   2   8   1 260.80
    7   2018 09 29 06:49:34.556    24574.556  0.2268 30.7805 110.9305   4.00   -inf  -nan   6   2   8   1 157.56
    8   2018 09 29 07:54:03.192    28443.192  0.3270 31.1805 110.1305   8.00   -inf  -nan  13   8  21   6 140.16
    9   2018 09 29 09:36:30.996    34590.996  0.1018 30.8505 111.1305   6.00   -inf  -nan   6   5  11   5 210.75
   10   2018 09 29 11:34:57.122    41697.122  0.4180 30.9805 110.8305   0.00   -inf  -nan   6   3   9   3 191.49
   11   2018 09 29 12:48:51.751    46131.751  0.1607 31.1705 110.1505  12.00   -inf  -nan   3   2   5   2 132.37
   12   2018 09 29 13:13:00.246    47580.246  0.3518 31.0305 110.4405  10.00   -inf  -nan   5   6  11   5  92.86
   13   2018 09 29 17:23:25.692    62605.692  0.1876 30.8505 111.1305   6.00   -inf  -nan   4   5   9   4 210.75
   14   2018 09 29 19:25:23.482    69923.482  0.0902 30.8605 111.0905   8.00   -inf  -nan   5   2   7   2 128.67
    1   2018 09 30 01:10:02.546     4202.546  0.1712 30.8505 111.1305   6.00   -inf  -nan  10   3  13   3 210.25
    2   2018 09 30 02:38:08.392     9488.392  0.1710 30.7405 110.9105   6.00   -inf  -nan   6   2   8   1 203.46
    3   2018 09 30 03:03:55.200    11035.200  0.2741 31.1205 110.0405  10.00   -inf  -nan  13   7  20   5 185.39
    4   2018 09 30 03:59:06.476    14346.476  0.3633 30.9005 110.7205   4.00   -inf  -nan  12   7  19   7  94.62
    5   2018 09 30 04:07:15.784    14835.784  0.3747 31.0105 110.4705   0.00   -inf  -nan   4   3   7   3 179.70
    6   2018 09 30 04:56:52.370    17812.370  0.3605 30.9905 110.8005   0.00   -inf  -nan  12   7  19   6  72.60
    7   2018 09 30 08:05:05.405    29105.405  0.2448 31.0605 109.9005   0.00   -inf  -nan   3   2   5   2 211.41
    8   2018 09 30 08:13:26.864    29606.864  0.2913 30.8905 110.9105   8.00   -inf  -nan   4   2   6   2 156.56
    9   2018 09 30 08:24:52.211    30292.211  0.2015 30.8005 110.2105   0.00   -inf  -nan   3   3   6   2 278.44
   10   2018 09 30 08:31:31.478    30691.478  0.4049 31.0805 109.8405   2.00   -inf  -nan   3   2   5   1 244.82
   11   2018 09 30 08:57:30.510    32250.510  0.3191 30.9805 110.4005   0.00   -inf  -nan   8   6  14   4 105.49
   12   2018 09 30 09:11:55.390    33115.390  0.2436 30.7905 110.8605   0.00   -inf  -nan   3   2   5   1 132.31
   13   2018 09 30 10:11:13.686    36673.686  0.2236 31.1605 109.8805   0.00   -inf  -nan   6   3   9   3 318.74
   14   2018 09 30 12:16:53.368    44213.368  0.2317 30.8905 111.1605   8.00   -inf  -nan   6   2   8   2 195.54
   15   2018 09 30 14:43:02.191    52982.191  0.1869 30.8505 111.1305   8.00   -inf  -nan   5   2   7   2 210.75
   16   2018 09 30 15:46:08.862    56768.862  0.1871 30.9805 110.5005   0.00   -inf  -nan   4   4   8   4 192.71
   17   2018 09 30 20:01:07.282    72067.282  0.2996 31.0905 110.3805   4.00   -inf  -nan   5   5  10   5 160.86
   18   2018 09 30 20:14:24.440    72864.440  0.1619 30.8605 111.0905  10.00   -inf  -nan   5   3   8   3 128.67
   19   2018 09 30 23:22:07.794    84127.794  0.1818 30.8505 111.1305   4.00   -inf  -nan  12   6  18   6 210.25
    1   2018 10 01 03:40:39.782    13239.782  0.3683 31.1205 110.0405   6.00   -inf  -nan  15   7  22   7 185.39
    2   2018 10 01 03:49:47.778    13787.778  0.4638 31.0805 109.8905   0.00   -inf  -nan   8   6  14   5 274.51
    3   2018 10 01 03:51:59.993    13919.993  0.3517 31.0205 109.7805   6.00   -inf  -nan   7   3  10   2 267.00
    4   2018 10 01 04:05:11.820    14711.820  0.0975 31.1205 109.8405   4.00   -inf  -nan   3   2   5   2 317.97
    5   2018 10 01 04:54:56.115    17696.115  0.1101 30.9405 111.2705   2.00   -inf  -nan   3   2   5   2 306.46
    6   2018 10 01 09:13:41.847    33221.847  0.2592 30.8505 111.0905   6.00   -inf  -nan   3   3   6   1 170.85
    7   2018 10 01 10:05:13.865    36313.865  0.2802 30.8605 111.1505   8.00   -inf  -nan   9   6  15   6 215.32
    8   2018 10 01 10:41:46.946    38506.946  0.3477 31.1205 110.0405   6.00   -inf  -nan  14   7  21   6 185.39
    9   2018 10 01 16:01:27.412    57687.412  0.2107 30.7805 110.7705  10.00   -inf  -nan   5   5  10   5 116.19
   10   2018 10 01 16:19:27.552    58767.552  0.2227 30.8905 111.2405   4.00   -inf  -nan   9   4  13   3 288.68
   11   2018 10 01 17:14:11.310    62051.310  0.3503 30.9405 110.7805   8.00   -inf  -nan   3   4   7   3 165.87
   12   2018 10 01 18:42:26.010    67346.010  0.2590 30.8905 111.0105   4.00   -inf  -nan   6   2   8   2  93.56
    1   2018 10 02 01:05:15.680     3915.680  0.1756 30.8505 111.1305   6.00   -inf  -nan  11   5  16   5 210.25
    2   2018 10 02 03:47:11.708    13631.708  0.4539 30.8905 111.0405   4.00   -inf  -nan   6   3   9   2  98.74
    3   2018 10 02 03:51:57.566    13917.566  0.3466 31.1205 109.9605  12.00   -inf  -nan   6   2   8   2 245.08
    4   2018 10 02 05:08:30.822    18510.822  0.2941 31.2005 109.9205   2.00   -inf  -nan   4   2   6   2 262.24
    5   2018 10 02 06:26:29.111    23189.111  0.3123 31.0105 110.1505  10.00   -inf  -nan  15   8  23   8  82.78
    6   2018 10 02 08:21:31.659    30091.659  0.2563 31.1205 110.0405  10.00   -inf  -nan  12   6  18   6 185.39
    7   2018 10 02 08:29:33.406    30573.406  0.1612 31.0205 110.5805   6.00   -inf  -nan   3   3   6   2 118.62
    8   2018 10 02 09:03:14.257    32594.257  0.2305 30.8505 111.1305   4.00   -inf  -nan  11   7  18   7 210.25
    9   2018 10 02 15:09:38.977    54578.977  0.2524 30.9405 110.7805  10.00   -inf  -nan   6   7  13   4  92.21
   10   2018 10 02 16:31:38.217    59498.217  0.4208 30.9405 110.4605  10.00   -inf  -nan  11  12  23  10  84.04
   11   2018 10 02 17:50:09.162    64209.162  0.2015 31.0205 110.7405   8.00   -inf  -nan   7   6  13   4 182.15
   12   2018 10 02 21:19:53.260    76793.260  0.2718 30.9005 110.7205  10.00   -inf  -nan  14  13  27  12 143.19
   13   2018 10 02 22:59:07.993    82747.993  0.1815 30.8505 111.0905   4.00   -inf  -nan   3   4   7   3 170.85
   14   2018 10 02 23:27:23.407    84443.407  0.4762 30.8105 111.1705   8.00   -inf  -nan   7   6  13   4 242.73
    1   2018 10 03 03:18:20.186    11900.186  0.3351 30.8505 111.1205   6.00   -inf  -nan   4   2   6   1 205.95
    2   2018 10 03 06:45:24.449    24324.449  0.3446 30.8105 111.1605   2.00   -inf  -nan  10   8  18   7 238.50
    3   2018 10 03 07:07:11.823    25631.823  0.3619 31.0605 110.4405   6.00   -inf  -nan   3   5   8   3 154.06
    4   2018 10 03 09:54:55.059    35695.059  0.4583 31.0905 109.9505   0.00   -inf  -nan   4   3   7   2 227.09
    5   2018 10 03 10:04:29.231    36269.231  0.3388 31.1305 109.9505   6.00   -inf  -nan  12   7  19   5 237.54
    6   2018 10 03 10:30:59.576    37859.576  0.1935 31.1605 109.8505  10.00   -inf  -nan   4   2   6   2 301.71
    7   2018 10 03 14:08:37.664    50917.664  0.2731 30.9605 110.2905  10.00   -inf  -nan   3   3   6   3 162.07
    8   2018 10 03 14:51:08.852    53468.852  0.1975 30.9705 110.2705   8.00   -inf  -nan   4   5   9   4 111.43
    9   2018 10 03 14:56:12.644    53772.644  0.3313 31.1705 110.4305   2.00   -inf  -nan   7   4  11   3 195.86
   10   2018 10 03 16:48:47.393    60527.393  0.2609 31.1705 110.4505   2.00   -inf  -nan  20  11  31  11 168.80
   11   2018 10 03 18:24:54.459    66294.459  0.3722 31.2205 110.3705   0.00   -inf  -nan   3   3   6   2 256.75
   12   2018 10 03 20:34:38.001    74078.001  0.2674 31.0905 110.4105   4.00   -inf  -nan   4   4   8   4 246.89
   13   2018 10 03 23:28:47.994    84527.994  0.1629 31.0505 110.1905   4.00   -inf  -nan   4   3   7   3 177.95
    1   2018 10 04 01:10:49.833     4249.833  0.1892 30.8505 111.1305   4.00   -inf  -nan   9   4  13   4 210.25
    2   2018 10 04 03:53:59.905    14039.905  0.3329 30.9805 110.3605   0.00   -inf  -nan  10   6  16   4  74.28
    3   2018 10 04 06:12:46.449    22366.449  0.4659 30.9805 109.8605   4.00   -inf  -nan   3   3   6   2 254.48
    4   2018 10 04 07:57:12.819    28632.819  0.1317 30.8505 111.1305   6.00   -inf  -nan   8   4  12   3 210.25
    5   2018 10 04 10:01:20.537    36080.537  0.3072 30.7405 110.6405  20.00   -inf  -nan   3   2   5   1 277.66
    6   2018 10 04 11:49:49.527    42589.527  0.2196 30.9805 110.8205   0.00   -inf  -nan   9   9  18   7 123.15
    7   2018 10 04 14:37:04.575    52624.575  0.3400 31.1805 110.1305   6.00   -inf  -nan   3   2   5   2 140.16
    8   2018 10 04 23:21:03.561    84063.561  0.1528 30.8505 111.1305   6.00   -inf  -nan  11   4  15   3 210.25
    1   2018 10 05 05:41:47.071    20507.071  0.2251 30.8505 111.1305   6.00   -inf  -nan  13   5  18   5 210.25
    2   2018 10 05 09:13:45.502    33225.502  0.3666 31.1205 110.0405   8.00   -inf  -nan  14   6  20   5 185.39
    3   2018 10 05 09:59:25.347    35965.347  0.2100 31.0105 110.5505   0.00   -inf  -nan   5   4   9   3 105.11
    4   2018 10 05 11:50:58.282    42658.282  0.3024 30.8605 110.4805   0.00   -inf  -nan   9   9  18   7 190.19
    5   2018 10 05 11:51:53.401    42713.401  0.3128 31.0305 110.5605   6.00   -inf  -nan   4   4   8   3 140.02
    6   2018 10 05 12:12:40.908    43960.908  0.2861 30.9905 110.6005  10.00   -inf  -nan   4   4   8   3 225.94
    7   2018 10 05 14:46:50.660    53210.660  0.2007 31.1705 110.1505  10.00   -inf  -nan   3   2   5   2 132.37
    8   2018 10 05 19:00:32.383    68432.383  0.3770 31.0205 110.4405   6.00   -inf  -nan  13  11  24   8  87.12
    9   2018 10 05 23:20:32.745    84032.745  0.1730 30.8505 111.1305   6.00   -inf  -nan   9   5  14   4 210.25
    1   2018 10 06 07:55:57.377    28557.377  0.2187 31.0805 109.9205  18.00   -inf  -nan   8   5  13   3 204.22
    2   2018 10 06 07:57:42.337    28662.337  0.2308 30.7805 110.7705  12.00   -inf  -nan  13  14  27  13 110.23
    3   2018 10 06 14:31:07.371    52267.371  0.2695 30.9405 110.7805   8.00   -inf  -nan   8   7  15   7 146.46
    4   2018 10 06 14:40:16.105    52816.105  0.2317 30.9405 110.7805  12.00   -inf  -nan   3   3   6   2 165.87
    5   2018 10 06 16:04:55.366    57895.366  0.2860 30.7705 110.7605   8.00   -inf  -nan  18  15  33  14 109.98
    6   2018 10 06 19:48:24.528    71304.528  0.2234 31.1605 110.3205   2.00   -inf  -nan   9   2  11   2 164.95
    1   2018 10 07 00:59:46.231     3586.231  0.1856 30.7705 110.7605  10.00   -inf  -nan   3   3   6   3 186.92
    2   2018 10 07 01:30:11.873     5411.873  0.2713 30.7905 110.7805   8.00   -inf  -nan   8   9  17   7 108.79
    3   2018 10 07 01:34:53.856     5693.856  0.2500 30.7705 110.7605  12.00   -inf  -nan   5   3   8   2 124.90
    4   2018 10 07 01:37:55.416     5875.416  0.2558 30.7705 110.7605  10.00   -inf  -nan   4   4   8   3 124.90
    5   2018 10 07 03:49:49.793    13789.793  0.3170 31.0505 110.4505   6.00   -inf  -nan   6   7  13   5 109.19
    6   2018 10 07 05:09:26.082    18566.082  0.3510 31.0605 110.4405   6.00   -inf  -nan   4   6  10   3 216.40
    7   2018 10 07 07:20:02.958    26402.958  0.4241 31.3005 110.0905   2.00   -inf  -nan   5   2   7   2 266.79
    8   2018 10 07 07:22:12.159    26532.159  0.3951 31.0605 110.4405   6.00   -inf  -nan  21  18  39  17 108.13
    9   2018 10 07 08:52:47.236    31967.236  0.2726 31.0505 110.4605   0.00   -inf  -nan   3   3   6   2 111.60
   10   2018 10 07 09:49:14.605    35354.605  0.2192 31.0605 109.7405   0.00   -inf  -nan   8   2  10   2 278.60
   11   2018 10 07 15:02:52.534    54172.534  0.3022 31.1705 110.3105   4.00   -inf  -nan  10   4  14   4 168.79
   12   2018 10 07 21:08:45.562    76125.562  0.2970 31.1805 110.1305   8.00   -inf  -nan   5   2   7   2 140.16
   13   2018 10 07 23:11:45.000    83505.000  0.1900 30.8505 111.1305   2.00   -inf  -nan  10   8  18   7 210.25
    1   2018 10 08 00:55:02.997     3302.997  0.1543 30.8505 111.1305   6.00   -inf  -nan  11   5  16   4 210.25
    2   2018 10 08 01:14:43.527     4483.527  0.4282 31.0205 110.4405   6.00   -inf  -nan  16  13  29  12  87.12
    3   2018 10 08 02:03:50.631     7430.631  0.1488 30.7705 111.0905   0.00   -inf  -nan   3   4   7   3 274.19
    4   2018 10 08 03:02:24.308    10944.308  0.1535 30.8105 111.2405   2.00   -inf  -nan   4   3   7   1 279.73
    5   2018 10 08 03:06:42.097    11202.097  0.3637 31.3005 110.8305   0.00   -inf  -nan  11   6  17   5 270.78
    6   2018 10 08 03:20:47.399    12047.399  0.3283 31.1705 110.3505   0.00   -inf  -nan  13   2  15   1 159.49
    7   2018 10 08 04:35:25.126    16525.126  0.1797 30.8205 110.9705   0.00   -inf  -nan  11   3  14   3 146.73
    8   2018 10 08 05:20:21.818    19221.818  0.3768 30.9705 110.3705   0.00   -inf  -nan   9   7  16   4  88.31
    9   2018 10 08 05:25:06.779    19506.779  0.3244 31.1405 110.2905   4.00   -inf  -nan   4   3   7   2 160.60
   10   2018 10 08 06:08:50.767    22130.767  0.4704 30.7505 111.1405   0.00   -inf  -nan  10   5  15   4 247.24
   11   2018 10 08 07:35:11.284    27311.284  0.1628 30.9105 110.9005   4.00   -inf  -nan   5   2   7   2  87.52
   12   2018 10 08 07:51:51.003    28311.003  0.1526 30.8505 111.1305   8.00   -inf  -nan   9   3  12   3 210.75
   13   2018 10 08 08:01:28.693    28888.693  0.3300 31.0805 110.8205   8.00   -inf  -nan  17  13  30  12 124.12
   14   2018 10 08 08:12:24.165    29544.165  0.3309 30.8905 111.4005  16.00   -inf  -nan   8   4  12   4 321.18
   15   2018 10 08 08:29:27.483    30567.483  0.4158 30.8905 110.7205   0.00   -inf  -nan   7   9  16   7  97.68
   16   2018 10 08 09:03:06.321    32586.321  0.1877 30.8505 111.1305   6.00   -inf  -nan  11   4  15   4 210.25
   17   2018 10 08 10:36:09.761    38169.761  0.2267 31.0805 110.2405   2.00   -inf  -nan   5   9  14   5  99.25
   18   2018 10 08 12:08:52.891    43732.891  0.3186 30.9805 110.8205   0.00   -inf  -nan   3   2   5   1 141.74
   19   2018 10 08 12:09:37.359    43777.359  0.4151 31.0605 110.4405   2.00   -inf  -nan   8   9  17   8 113.97
   20   2018 10 08 12:45:50.912    45950.912  0.2781 31.0905 110.3805   6.00   -inf  -nan   8   7  15   5  90.83
   21   2018 10 08 13:47:41.645    49661.645  0.3448 31.0205 110.4005   2.00   -inf  -nan   8  10  18   7 107.13
   22   2018 10 08 15:31:31.981    55891.981  0.2490 30.7605 110.9805   6.00   -inf  -nan   3   2   5   1 317.35
   23   2018 10 08 21:05:12.213    75912.213  0.4682 31.0505 110.3105  12.00   -inf  -nan   3   3   6   2 127.40
   24   2018 10 08 21:25:21.584    77121.584  0.4268 31.0205 110.4405   6.00   -inf  -nan  20  17  37  16  87.12
   25   2018 10 08 23:13:47.607    83627.607  0.2114 30.8505 111.1305   4.00   -inf  -nan  13   6  19   6 210.25
   26   2018 10 08 23:43:20.056    85400.056  0.3039 31.0505 110.1905   2.00   -inf  -nan   3   2   5   1 124.62
    1   2018 10 09 02:55:43.746    10543.746  0.3117 30.7705 111.0505  10.00   -inf  -nan   3   2   5   2 251.97
    2   2018 10 09 03:04:25.695    11065.695  0.2053 30.8505 111.1305   6.00   -inf  -nan  10   5  15   5 210.25
    3   2018 10 09 03:27:05.545    12425.545  0.4500 31.1005 111.0705   4.00   -inf  -nan   4   2   6   1 258.20
    4   2018 10 09 03:43:53.763    13433.763  0.3206 31.1505 110.4005   2.00   -inf  -nan  14   2  16   1 168.03
    5   2018 10 09 04:36:04.555    16564.555  0.3233 31.2105 110.0705   0.00   -inf  -nan  14   4  18   4 185.34
    6   2018 10 09 06:22:57.907    22977.907  0.2003 30.7405 110.8405  10.00   -inf  -nan  10   4  14   4 187.51
    7   2018 10 09 07:01:28.915    25288.915  0.3433 30.9805 110.4005   0.00   -inf  -nan  10   9  19   5  82.74
    8   2018 10 09 07:49:24.433    28164.433  0.4624 30.8105 110.9205   0.00   -inf  -nan   7   5  12   4  90.01
    9   2018 10 09 08:34:20.509    30860.509  0.3591 30.7705 111.1705   0.00   -inf  -nan   5   2   7   1 251.57
   10   2018 10 09 08:47:50.511    31670.511  0.3695 31.1205 110.0405   6.00   -inf  -nan  12   4  16   2 185.39
   11   2018 10 09 09:07:59.487    32879.487  0.2766 30.8505 111.1305   2.00   -inf  -nan   9   6  15   5 210.75
   12   2018 10 09 09:21:19.468    33679.468  0.2926 31.2005 110.0005  10.00   -inf  -nan   8   3  11   2 223.19
   13   2018 10 09 09:28:18.297    34098.297  0.2571 30.9305 111.3705  10.00   -inf  -nan   6   2   8   2 318.72
   14   2018 10 09 09:48:45.653    35325.653  0.4758 31.0205 110.6205  20.00   -inf  -nan   5   2   7   1 172.15
   15   2018 10 09 12:43:21.955    45801.955  0.2707 31.0205 110.7905  10.00   -inf  -nan   9   6  15   6 142.11
   16   2018 10 09 13:10:12.040    47412.040  0.3796 30.9405 110.4605  10.00   -inf  -nan  10   8  18   7  84.04
   17   2018 10 09 20:25:39.279    73539.279  0.2048 31.1805 110.1305  10.00   -inf  -nan   3   2   5   2 140.16
   18   2018 10 09 20:27:17.142    73637.142  0.2864 31.1405 110.2905   0.00   -inf  -nan   5   2   7   1 138.84
   19   2018 10 09 23:09:32.066    83372.066  0.2461 30.8505 111.1305   6.00   -inf  -nan  11   6  17   6 210.75
   20   2018 10 09 23:14:54.146    83694.146  0.1871 30.8505 111.1305   6.00   -inf  -nan  13   4  17   4 210.75
    1   2018 10 10 02:08:39.440     7719.440  0.2432 30.8505 111.4005   2.00   -inf  -nan   3   2   5   2 335.17
    2   2018 10 10 04:11:08.581    15068.581  0.2792 31.0205 110.4005   4.00   -inf  -nan   5   2   7   1 178.79
    3   2018 10 10 04:15:28.357    15328.357  0.3771 31.0205 109.8205   0.00   -inf  -nan  10   4  14   3 250.36
    4   2018 10 10 06:23:34.127    23014.127  0.3545 31.1705 110.3105   0.00   -inf  -nan   3   5   8   2 184.34
    5   2018 10 10 06:32:55.093    23575.093  0.3291 30.9005 110.7205   2.00   -inf  -nan   9   9  18   7  94.62
    6   2018 10 10 07:57:17.096    28637.096  0.1594 30.8505 111.1305   6.00   -inf  -nan   6   3   9   3 210.75
    7   2018 10 10 09:24:12.472    33852.472  0.2787 31.1405 110.0505  10.00   -inf  -nan  12   7  19   6 168.86
    8   2018 10 10 09:25:25.121    33925.121  0.2746 31.1005 110.5805   4.00   -inf  -nan   3   2   5   1 240.90
    9   2018 10 10 10:01:13.880    36073.880  0.2633 30.9905 110.8005   0.00   -inf  -nan  11   5  16   4  67.62
   10   2018 10 10 10:04:19.675    36259.675  0.1928 31.0205 109.7405   6.00   -inf  -nan   3   2   5   2 279.99
   11   2018 10 10 12:58:13.929    46693.929  0.2643 30.7705 110.7605  12.00   -inf  -nan  13  15  28  12 109.98
   12   2018 10 10 23:19:51.102    83991.102  0.2028 30.8505 111.1305   6.00   -inf  -nan   5   4   9   4 210.75
    1   2018 10 11 00:05:19.480      319.480  0.4198 31.0605 110.4405   2.00   -inf  -nan  13  12  25  10 147.03
    2   2018 10 11 01:34:41.504     5681.504  0.1264 30.8905 111.0005   6.00   -inf  -nan   3   2   5   2 223.23
    3   2018 10 11 04:01:38.178    14498.178  0.2190 30.8505 111.1305   6.00   -inf  -nan   7   5  12   5 210.75
    4   2018 10 11 04:43:41.797    17021.797  0.1358 31.1005 109.8505  16.00   -inf  -nan   9   4  13   4 288.96
    5   2018 10 11 07:06:35.686    25595.686  0.4782 31.0305 110.7405   2.00   -inf  -nan   6   2   8   1 227.79
    6   2018 10 11 07:11:51.357    25911.357  0.4829 31.0105 110.4505  12.00   -inf  -nan  18  14  32  12  83.47
    7   2018 10 11 07:12:49.697    25969.697  0.2783 31.0505 110.4605   0.00   -inf  -nan   4   5   9   4 111.60
    8   2018 10 11 07:13:42.377    26022.377  0.3589 31.0605 110.4405   2.00   -inf  -nan   5   3   8   1 113.97
    9   2018 10 11 07:14:59.109    26099.109  0.2970 31.0605 110.4605  10.00   -inf  -nan   4   4   8   4 134.93
   10   2018 10 11 07:16:16.448    26176.448  0.2063 31.0205 110.4405   2.00   -inf  -nan   4   3   7   3 166.62
   11   2018 10 11 07:16:56.405    26216.405  0.3588 31.0505 110.4505   0.00   -inf  -nan  12  13  25  10 106.33
   12   2018 10 11 07:17:41.621    26261.621  0.3717 31.0505 110.4605   0.00   -inf  -nan  10  10  20   8 109.45
   13   2018 10 11 07:18:57.535    26337.535  0.3116 31.0505 110.4505   0.00   -inf  -nan  10   9  19   8 106.33
   14   2018 10 11 07:19:28.926    26368.926  0.3592 31.0505 110.4505   8.00   -inf  -nan  14  14  28  11 109.19
   15   2018 10 11 07:21:01.024    26461.024  0.3746 31.0505 110.4605   6.00   -inf  -nan  15  13  28  11 109.45
   16   2018 10 11 07:23:11.950    26591.950  0.2711 31.0205 110.4805  14.00   -inf  -nan   3   2   5   1 144.06
   17   2018 10 11 07:24:20.452    26660.452  0.2060 31.0505 110.4705   6.00   -inf  -nan   3   4   7   2 113.45
   18   2018 10 11 07:24:30.382    26670.382  0.3003 31.0305 110.4405  10.00   -inf  -nan   3   4   7   2 103.42
   19   2018 10 11 07:26:11.015    26771.015  0.3036 31.0505 110.4505   0.00   -inf  -nan  15  10  25  10 106.33
   20   2018 10 11 07:27:16.459    26836.459  0.4320 30.9005 109.9805  12.00   -inf  -nan   3   2   5   1 180.87
   21   2018 10 11 07:30:20.591    27020.591  0.2031 31.0505 110.4305   8.00   -inf  -nan   5   4   9   3 102.66
   22   2018 10 11 07:34:01.929    27241.929  0.2982 31.0205 110.4805   8.00   -inf  -nan   3   2   5   2 163.04
   23   2018 10 11 07:35:44.981    27344.981  0.3778 31.0305 110.4405  14.00   -inf  -nan   4   2   6   1 149.14
   24   2018 10 11 07:36:02.957    27362.957  0.4634 31.0205 110.4405   6.00   -inf  -nan  11   7  18   7  87.12
   25   2018 10 11 07:37:55.896    27475.896  0.2636 31.0205 110.4805   6.00   -inf  -nan   3   3   6   3 163.04
   26   2018 10 11 07:42:47.583    27767.583  0.4297 31.0205 110.4405   6.00   -inf  -nan  13   9  22   6  87.12
   27   2018 10 11 07:43:27.015    27807.015  0.4282 31.0705 110.4405  16.00   -inf  -nan   4   5   9   4 122.61
   28   2018 10 11 07:50:04.532    28204.532  0.1731 31.0305 110.5205  14.00   -inf  -nan   3   3   6   2 140.98
   29   2018 10 11 07:53:56.279    28436.279  0.2953 31.0205 110.4405   6.00   -inf  -nan   9   6  15   6 123.87
   30   2018 10 11 07:55:58.607    28558.607  0.1806 30.9805 110.4805   2.00   -inf  -nan   3   2   5   1 159.20
   31   2018 10 11 08:00:44.273    28844.273  0.4187 31.0205 110.4505  10.00   -inf  -nan   4   3   7   2 116.14
   32   2018 10 11 08:03:29.691    29009.691  0.4058 31.0505 110.4605   0.00   -inf  -nan   4   7  11   4 111.60
   33   2018 10 11 08:05:26.984    29126.984  0.2337 30.9805 110.4405   6.00   -inf  -nan   4   2   6   1 155.95
   34   2018 10 11 08:06:59.949    29219.949  0.3379 31.0505 110.4505   8.00   -inf  -nan  17  17  34  13 106.33
   35   2018 10 11 08:14:04.597    29644.597  0.3160 31.0505 110.4605   6.00   -inf  -nan   7   8  15   6 111.60
   36   2018 10 11 08:17:30.997    29850.997  0.3344 31.0605 110.4005  12.00   -inf  -nan   3   2   5   1 259.19
   37   2018 10 11 08:19:30.015    29970.015  0.3468 31.0605 110.4605   6.00   -inf  -nan  16  18  34  14 120.13
   38   2018 10 11 08:21:27.286    30087.286  0.4122 31.0505 110.4305   8.00   -inf  -nan  13  14  27  11  98.75
   39   2018 10 11 08:28:51.108    30531.108  0.3290 31.0505 110.4505   0.00   -inf  -nan  17  15  32  14 106.33
   40   2018 10 11 08:31:44.235    30704.235  0.3454 31.0505 110.4305  10.00   -inf  -nan   3   4   7   2 110.61
   41   2018 10 11 08:35:18.423    30918.423  0.3988 31.0205 110.4805   0.00   -inf  -nan   3   4   7   3 163.04
   42   2018 10 11 08:38:14.595    31094.595  0.3584 31.0505 110.4305  10.00   -inf  -nan   9   9  18   8  98.75
   43   2018 10 11 08:42:38.984    31358.984  0.2901 30.9805 110.3605   2.00   -inf  -nan   9   5  14   3  99.05
   44   2018 10 11 08:42:56.531    31376.531  0.3874 31.0505 110.4605   4.00   -inf  -nan   8  10  18   7 109.45
   45   2018 10 11 08:45:20.693    31520.693  0.2457 31.0505 110.4605   8.00   -inf  -nan   7   7  14   6 111.60
   46   2018 10 11 08:49:39.789    31779.789  0.4087 31.0205 110.4405   6.00   -inf  -nan  14  12  26  10 101.35
   47   2018 10 11 08:53:09.485    31989.485  0.1520 30.7405 110.8305   8.00   -inf  -nan   8   3  11   2 183.33
   48   2018 10 11 08:54:29.686    32069.686  0.3852 31.0505 110.4605   6.00   -inf  -nan  13  10  23   9 111.60
   49   2018 10 11 08:59:00.453    32340.453  0.3419 31.0505 110.4505   8.00   -inf  -nan   6   7  13   6 109.19
   50   2018 10 11 08:59:41.443    32381.443  0.1623 30.8505 111.1305   6.00   -inf  -nan   5   5  10   4 210.75
   51   2018 10 11 09:03:30.256    32610.256  0.3691 31.0505 110.4605   4.00   -inf  -nan  10  12  22   9 109.45
   52   2018 10 11 09:24:46.541    33886.541  0.4605 31.0505 110.4705   0.00   -inf  -nan   3   5   8   3 124.80
   53   2018 10 11 09:26:03.219    33963.219  0.3831 31.0505 110.4505   8.00   -inf  -nan  15  14  29  12 106.33
   54   2018 10 11 09:29:14.393    34154.393  0.3531 31.0805 109.9605  16.00   -inf  -nan   5   2   7   1 179.79
   55   2018 10 11 09:30:56.439    34256.439  0.4948 31.0205 110.4405   4.00   -inf  -nan   3   4   7   1 110.40
   56   2018 10 11 09:32:38.645    34358.645  0.2351 31.0605 110.4405   0.00   -inf  -nan   3   2   5   1 170.49
   57   2018 10 11 09:35:22.104    34522.104  0.3773 31.0605 110.4405   8.00   -inf  -nan   4   5   9   4 216.40
   58   2018 10 11 09:36:11.808    34571.808  0.4717 31.0205 110.4405   8.00   -inf  -nan  10   7  17   5  87.12
   59   2018 10 11 09:37:29.759    34649.759  0.2522 31.0505 110.4605   8.00   -inf  -nan   5   4   9   3 111.60
   60   2018 10 11 09:39:25.842    34765.842  0.3721 31.0205 110.4405   8.00   -inf  -nan  17  14  31  12  87.12
   61   2018 10 11 09:44:02.684    35042.684  0.3163 31.0505 110.4705  12.00   -inf  -nan   9   9  18   7 113.45
   62   2018 10 11 09:44:58.249    35098.249  0.3899 31.0505 110.4605   0.00   -inf  -nan   7   7  14   6 111.60
   63   2018 10 11 09:51:55.143    35515.143  0.2150 31.0105 110.4705  10.00   -inf  -nan   3   2   5   1 178.44
   64   2018 10 11 09:54:58.793    35698.793  0.3593 31.0605 110.4605  10.00   -inf  -nan   7   7  14   6 120.13
   65   2018 10 11 10:08:36.238    36516.238  0.4065 31.0605 110.4605   8.00   -inf  -nan   6   8  14   5 120.13
   66   2018 10 11 10:09:21.352    36561.352  0.3491 31.0205 110.4405   6.00   -inf  -nan  11   9  20   8  87.12
   67   2018 10 11 10:11:53.783    36713.783  0.3453 31.0505 110.4505   6.00   -inf  -nan  20  17  37  15 106.33
   68   2018 10 11 10:22:14.574    37334.574  0.3635 31.0205 110.4405   6.00   -inf  -nan   6   6  12   5 123.87
   69   2018 10 11 10:26:12.155    37572.155  0.3384 31.0505 110.4605   0.00   -inf  -nan   7   9  16   6 111.60
   70   2018 10 11 10:29:55.879    37795.879  0.2681 31.0105 110.4705   6.00   -inf  -nan   4   2   6   2 178.44
   71   2018 10 11 10:30:08.775    37808.775  0.1043 31.0105 110.4505   6.00   -inf  -nan   4   2   6   2 134.21
   72   2018 10 11 10:32:09.173    37929.173  0.3531 31.0305 110.4805  10.00   -inf  -nan   8   6  14   6  98.79
   73   2018 10 11 10:37:45.194    38265.194  0.3345 31.0505 110.4605   8.00   -inf  -nan   9   7  16   6 111.60
   74   2018 10 11 10:38:01.349    38281.349  0.3402 31.0505 110.4505   8.00   -inf  -nan   9   6  15   4 106.33
   75   2018 10 11 10:42:50.492    38570.492  0.3670 31.0105 110.5505   0.00   -inf  -nan   3   2   5   1 165.07
   76   2018 10 11 10:43:09.767    38589.767  0.4125 31.0205 110.4405   6.00   -inf  -nan   7   6  13   5  87.12
   77   2018 10 11 10:48:54.924    38934.924  0.3320 31.0505 110.4305   8.00   -inf  -nan  10  11  21   8 102.66
   78   2018 10 11 10:52:07.603    39127.603  0.3910 31.0205 110.4405   8.00   -inf  -nan  16  15  31  14  87.12
   79   2018 10 11 10:54:02.882    39242.882  0.4012 31.0505 110.4505   8.00   -inf  -nan  16  17  33  14 106.33
   80   2018 10 11 10:56:22.305    39382.305  0.2119 31.0205 110.4405  10.00   -inf  -nan   3   2   5   2 166.62
   81   2018 10 11 10:56:54.752    39414.752  0.1743 31.0105 110.4505   0.00   -inf  -nan   5   2   7   2 134.21
   82   2018 10 11 11:03:31.479    39811.479  0.4109 31.0505 110.4405  10.00   -inf  -nan   6   8  14   5 106.21
   83   2018 10 11 11:27:28.993    41248.993  0.1863 30.9805 110.4005   0.00   -inf  -nan   3   3   6   2 253.62
   84   2018 10 11 11:35:59.344    41759.344  0.3718 31.0505 110.4605   6.00   -inf  -nan  13  15  28  11 109.45
   85   2018 10 11 11:46:11.513    42371.513  0.3328 31.0205 110.4405  12.00   -inf  -nan   3   4   7   2 123.87
   86   2018 10 11 12:01:52.968    43312.968  0.4604 31.0205 110.4505  10.00   -inf  -nan   7   8  15   4  88.98
   87   2018 10 11 12:02:35.497    43355.497  0.3639 31.0605 110.4805   4.00   -inf  -nan   4   6  10   3 217.29
   88   2018 10 11 12:10:29.729    43829.729  0.3396 31.0505 110.4605   0.00   -inf  -nan   6   9  15   5 111.60
   89   2018 10 11 12:12:17.897    43937.897  0.3528 31.0505 110.4305  12.00   -inf  -nan   5   5  10   4 110.61
   90   2018 10 11 12:37:13.192    45433.192  0.2561 31.0605 110.4605   8.00   -inf  -nan  20   9  29   7 115.11
   91   2018 10 11 12:51:43.221    46303.221  0.2586 31.0605 110.4405   6.00   -inf  -nan   3   3   6   1 113.97
   92   2018 10 11 12:55:33.841    46533.841  0.3255 31.0505 110.4605   0.00   -inf  -nan  11   9  20   9 111.60
   93   2018 10 11 13:07:38.065    47258.065  0.2695 31.0505 110.4605  10.00   -inf  -nan   6   6  12   6 111.60
   94   2018 10 11 13:18:40.194    47920.194  0.3911 31.0605 110.4805   0.00   -inf  -nan   4   4   8   4 244.76
   95   2018 10 11 13:27:24.704    48444.704  0.3103 31.0505 110.4605   6.00   -inf  -nan   6   7  13   5 111.60
   96   2018 10 11 13:39:31.174    49171.174  0.3463 31.0505 110.4505   6.00   -inf  -nan  15  13  28  12 106.33
   97   2018 10 11 13:45:33.107    49533.107  0.4119 31.0205 110.4405   6.00   -inf  -nan  10   8  18   8  87.12
   98   2018 10 11 13:46:40.754    49600.754  0.4187 31.0205 110.4405   6.00   -inf  -nan  10   9  19   7  87.12
   99   2018 10 11 13:54:35.395    50075.395  0.2918 31.0505 110.4605  12.00   -inf  -nan   6   5  11   5 111.60
  100   2018 10 11 13:54:59.234    50099.234  0.4531 31.0605 110.4405   0.00   -inf  -nan   6   7  13   6 113.97
  101   2018 10 11 14:04:38.363    50678.363  0.3490 31.0605 110.4605  14.00   -inf  -nan   6   5  11   5 120.13
  102   2018 10 11 14:05:12.152    50712.152  0.3220 31.0205 110.4405   6.00   -inf  -nan  15  11  26  10  87.12
  103   2018 10 11 14:26:00.905    51960.905  0.2956 31.0505 110.4605  10.00   -inf  -nan  21   9  30   9 109.45
  104   2018 10 11 14:49:11.780    53351.780  0.4507 31.0305 110.4805   6.00   -inf  -nan  12  11  23   8  98.79
  105   2018 10 11 14:51:05.813    53465.813  0.3200 31.0505 110.4605   0.00   -inf  -nan   4   3   7   2 111.60
  106   2018 10 11 15:04:13.604    54253.604  0.3826 31.0505 110.4305   6.00   -inf  -nan   4   4   8   2 194.23
  107   2018 10 11 15:08:11.055    54491.055  0.3202 31.0505 110.4605   6.00   -inf  -nan   8   8  16   8 111.60
  108   2018 10 11 15:11:30.379    54690.379  0.3868 31.0505 110.4305  10.00   -inf  -nan   4   6  10   4 110.61
  109   2018 10 11 15:30:16.138    55816.138  0.3372 31.0205 110.4405   8.00   -inf  -nan  18  17  35  14  87.12
  110   2018 10 11 15:33:19.503    55999.503  0.1776 31.0505 110.4305  12.00   -inf  -nan   4   4   8   3 102.66
  111   2018 10 11 15:44:52.280    56692.280  0.2410 31.0505 110.4305  10.00   -inf  -nan   3   4   7   2 110.61
  112   2018 10 11 15:51:57.729    57117.729  0.3096 31.0505 110.4605   0.00   -inf  -nan   8   8  16   7 111.60
  113   2018 10 11 15:53:08.760    57188.760  0.3036 30.8505 111.2005  10.00   -inf  -nan   5   2   7   1 253.44
  114   2018 10 11 15:53:29.645    57209.645  0.2765 31.0605 110.4405   6.00   -inf  -nan   5   5  10   5 216.40
  115   2018 10 11 15:55:21.050    57321.050  0.3465 31.0605 110.4405   6.00   -inf  -nan   7   8  15   6 113.97
  116   2018 10 11 16:25:36.035    59136.035  0.4027 31.0205 110.4405   6.00   -inf  -nan  17  15  32  14  87.12
  117   2018 10 11 16:29:29.319    59369.319  0.3900 31.0205 110.4405   6.00   -inf  -nan  13   8  21   8  87.12
  118   2018 10 11 16:33:52.244    59632.244  0.1423 31.0205 110.4405   6.00   -inf  -nan   4   4   8   4 166.62
  119   2018 10 11 16:35:49.615    59749.615  0.2143 31.0505 110.4605   4.00   -inf  -nan   4   6  10   3 111.60
  120   2018 10 11 16:59:50.856    61190.856  0.3997 31.0205 110.4405   8.00   -inf  -nan  21  13  34  12  87.12
  121   2018 10 11 17:00:30.713    61230.713  0.4100 31.0505 110.4305   6.00   -inf  -nan  13  12  25  10  98.75
  122   2018 10 11 17:04:31.708    61471.708  0.3484 31.0205 110.4405   4.00   -inf  -nan  12   8  20   7  87.12
  123   2018 10 11 17:07:02.898    61622.898  0.3930 31.0205 110.4405   6.00   -inf  -nan  17  13  30  11  87.12
  124   2018 10 11 17:10:01.794    61801.794  0.3518 31.0205 110.4405   6.00   -inf  -nan   7   4  11   3  87.12
  125   2018 10 11 17:22:10.937    62530.937  0.3377 31.0705 110.4805   0.00   -inf  -nan   3   3   6   2 223.56
  126   2018 10 11 17:32:20.075    63140.075  0.1714 31.1705 110.1505  14.00   -inf  -nan   3   2   5   2 132.37
  127   2018 10 11 17:39:22.382    63562.382  0.3447 31.0505 110.4605  10.00   -inf  -nan  20  17  37  15 109.45
  128   2018 10 11 17:53:22.498    64402.498  0.2708 31.0505 110.4905  10.00   -inf  -nan   7   8  15   7 172.84
  129   2018 10 11 17:56:26.654    64586.654  0.4361 31.0605 110.4805   0.00   -inf  -nan   3   5   8   3 175.68
  130   2018 10 11 17:57:06.495    64626.495  0.3290 31.0505 110.4605   8.00   -inf  -nan   4   5   9   3 157.85
  131   2018 10 11 18:19:26.382    65966.382  0.3177 31.0505 110.4605   0.00   -inf  -nan  12   8  20   8 129.92
  132   2018 10 11 18:21:04.650    66064.650  0.4145 31.0205 110.4405   6.00   -inf  -nan  12   8  20   6  90.01
  133   2018 10 11 18:26:17.908    66377.908  0.2246 31.0505 110.4605   8.00   -inf  -nan   5   4   9   4 157.85
  134   2018 10 11 18:26:44.571    66404.571  0.1791 31.0305 110.4805  16.00   -inf  -nan   4   2   6   2 152.53
  135   2018 10 11 18:31:44.357    66704.357  0.1985 31.0505 110.4205  10.00   -inf  -nan   4   3   7   3 190.94
  136   2018 10 11 18:35:51.372    66951.372  0.3639 31.0605 110.4605  10.00   -inf  -nan  20  15  35  14 115.11
  137   2018 10 11 18:40:10.223    67210.223  0.2661 31.0505 110.4605   6.00   -inf  -nan   4   2   6   1 111.60
  138   2018 10 11 18:40:34.263    67234.263  0.4334 31.0205 110.4405   8.00   -inf  -nan  20  14  34  12  87.12
  139   2018 10 11 18:41:41.532    67301.532  0.3126 31.0205 110.4605   8.00   -inf  -nan  13   8  21   7  90.43
  140   2018 10 11 18:42:44.814    67364.814  0.3733 31.0305 110.4805  14.00   -inf  -nan   5   4   9   4  98.79
  141   2018 10 11 18:44:08.126    67448.126  0.2991 31.0505 110.4605   8.00   -inf  -nan   9   6  15   5 111.60
  142   2018 10 11 18:44:20.539    67460.539  0.4267 31.0605 110.4605   8.00   -inf  -nan   9  10  19   8 120.13
  143   2018 10 11 18:44:46.609    67486.609  0.3422 31.0505 110.4605   6.00   -inf  -nan   8  10  18   7 111.60
  144   2018 10 11 18:48:07.893    67687.893  0.3379 31.0205 110.4405   6.00   -inf  -nan   9   7  16   7  87.12
  145   2018 10 11 18:48:24.495    67704.495  0.3642 31.0205 110.4405   8.00   -inf  -nan   8   5  13   5  87.12
  146   2018 10 11 18:50:32.851    67832.851  0.3646 31.0505 110.4605  10.00   -inf  -nan  18   7  25   7 109.45
  147   2018 10 11 18:52:24.993    67944.993  0.3615 31.0505 110.4505   8.00   -inf  -nan  18  18  36  15 106.33
  148   2018 10 11 18:53:11.918    67991.918  0.1601 31.0205 110.4405   8.00   -inf  -nan   6   2   8   2 144.10
  149   2018 10 11 18:53:51.208    68031.208  0.3640 31.0205 110.4405   6.00   -inf  -nan  14   9  23   9  87.12
  150   2018 10 11 18:54:24.319    68064.319  0.2622 31.0505 110.4605   6.00   -inf  -nan   5   3   8   2 157.85
  151   2018 10 11 18:54:39.816    68079.816  0.3637 31.0605 110.4605   0.00   -inf  -nan  11   5  16   4 120.13
  152   2018 10 11 18:55:19.853    68119.853  0.2593 31.0505 110.4605   6.00   -inf  -nan  14   9  23   9 109.45
  153   2018 10 11 18:56:19.983    68179.983  0.3243 31.0505 110.4605   6.00   -inf  -nan  10   6  16   4 111.60
  154   2018 10 11 18:56:54.395    68214.395  0.3293 31.0605 110.4405   6.00   -inf  -nan   6   5  11   4 113.97
  155   2018 10 11 18:58:14.897    68294.897  0.3563 31.0205 110.4405   8.00   -inf  -nan  19  12  31  10  87.12
  156   2018 10 11 18:58:49.987    68329.987  0.3580 31.0405 110.4605   8.00   -inf  -nan  15  10  25  10 103.85
  157   2018 10 11 18:59:19.801    68359.801  0.3478 31.0205 110.4405   6.00   -inf  -nan  10   5  15   5  87.12
  158   2018 10 11 19:02:09.874    68529.874  0.2642 31.0505 110.4605   8.00   -inf  -nan   9   7  16   7 111.60
  159   2018 10 11 19:05:16.618    68716.618  0.1907 31.0505 110.4605   4.00   -inf  -nan   5   3   8   2 111.60
  160   2018 10 11 19:08:30.103    68910.103  0.3236 31.0605 110.4605  12.00   -inf  -nan   7   4  11   4 120.13
  161   2018 10 11 19:08:56.529    68936.529  0.3963 31.0505 110.4505   0.00   -inf  -nan  14   9  23   9 106.33
  162   2018 10 11 19:09:49.933    68989.933  0.2559 31.0505 110.4605   8.00   -inf  -nan   7   6  13   5 111.60
  163   2018 10 11 19:11:19.349    69079.349  0.4037 31.0205 110.4405   6.00   -inf  -nan  17  14  31  12  87.12
  164   2018 10 11 19:11:44.367    69104.367  0.1975 31.0505 110.4505   8.00   -inf  -nan   5   3   8   2 152.57
  165   2018 10 11 19:12:23.349    69143.349  0.3143 31.0505 110.4605   0.00   -inf  -nan   7   5  12   5 111.60
  166   2018 10 11 19:14:01.585    69241.585  0.3445 31.0505 110.4505   0.00   -inf  -nan   7   6  13   6 109.19
  167   2018 10 11 19:15:19.571    69319.571  0.3721 31.0505 110.4505  10.00   -inf  -nan  10   9  19   9 109.19
  168   2018 10 11 19:18:19.877    69499.877  0.4335 31.0205 110.4405   8.00   -inf  -nan  21  18  39  18  87.12
  169   2018 10 11 19:18:36.723    69516.723  0.2322 31.0505 110.4505  12.00   -inf  -nan   8   2  10   2 143.23
  170   2018 10 11 19:23:32.487    69812.487  0.2184 31.0505 110.4605  12.00   -inf  -nan   6   6  12   6 111.60
  171   2018 10 11 19:25:35.073    69935.073  0.2682 31.0205 110.4805  16.00   -inf  -nan   5   5  10   4 135.90
  172   2018 10 11 19:28:06.213    70086.213  0.3021 31.0605 110.4605  12.00   -inf  -nan   7   5  12   5 120.13
  173   2018 10 11 19:29:15.059    70155.059  0.4022 31.0205 110.4405   8.00   -inf  -nan  20   8  28   7  87.12
  174   2018 10 11 19:32:21.662    70341.662  0.3129 30.8505 110.6705   2.00   -inf  -nan   4   2   6   1 200.63
  175   2018 10 11 19:33:23.024    70403.024  0.3990 31.0205 110.4405   8.00   -inf  -nan  17   8  25   8 101.35
  176   2018 10 11 19:34:16.891    70456.891  0.1285 31.0505 110.4605   0.00   -inf  -nan   3   4   7   1 111.60
  177   2018 10 11 19:35:31.877    70531.877  0.3898 31.0305 110.4805  10.00   -inf  -nan  13   8  21   8  98.79
  178   2018 10 11 19:36:51.496    70611.496  0.3879 31.0205 110.4405   6.00   -inf  -nan  13   7  20   7  87.12
  179   2018 10 11 19:40:53.784    70853.784  0.3213 31.0505 110.4505   6.00   -inf  -nan  12  10  22  10 109.19
  180   2018 10 11 19:43:02.038    70982.038  0.3007 31.0505 110.4605   6.00   -inf  -nan   7   6  13   6 111.60
  181   2018 10 11 19:43:37.451    71017.451  0.3003 31.0505 110.4605  12.00   -inf  -nan  14  10  24   9 111.60
  182   2018 10 11 19:44:48.959    71088.959  0.3005 31.0505 110.4605   0.00   -inf  -nan   7   7  14   7 111.60
  183   2018 10 11 19:45:46.636    71146.636  0.4506 31.0305 110.4405  14.00   -inf  -nan   4   6  10   3  92.86
  184   2018 10 11 19:47:43.689    71263.689  0.2392 31.0505 110.4705  14.00   -inf  -nan   5   3   8   3 113.45
  185   2018 10 11 19:49:25.000    71365.000  0.3653 31.0205 110.4405   6.00   -inf  -nan  10   7  17   7  87.12
  186   2018 10 11 19:55:05.097    71705.097  0.3115 31.0505 110.4505   6.00   -inf  -nan  13  12  25  10 106.33
  187   2018 10 11 20:00:24.344    72024.344  0.3221 31.0505 110.4605   8.00   -inf  -nan  11   8  19   8 111.60
  188   2018 10 11 20:01:09.041    72069.041  0.3089 31.0505 110.4605   6.00   -inf  -nan   6   6  12   6 111.60
  189   2018 10 11 20:05:21.758    72321.758  0.2817 31.0505 110.4605   0.00   -inf  -nan   7   4  11   4 111.60
  190   2018 10 11 20:07:16.334    72436.334  0.3251 31.0505 110.4505   8.00   -inf  -nan  17  14  31  14 106.33
  191   2018 10 11 20:08:32.223    72512.223  0.3098 31.0505 110.4605   2.00   -inf  -nan   4   6  10   3 111.60
  192   2018 10 11 20:13:56.454    72836.454  0.3797 31.0205 110.4605  14.00   -inf  -nan  17  15  32  14 105.36
  193   2018 10 11 20:22:13.946    73333.946  0.2724 31.0505 110.4605   8.00   -inf  -nan  11   7  18   6 111.60
  194   2018 10 11 20:25:39.267    73539.267  0.4413 31.0205 110.4405   6.00   -inf  -nan   9   7  16   7  87.12
  195   2018 10 11 20:27:43.042    73663.042  0.3675 31.0305 110.4805  16.00   -inf  -nan   3   4   7   3 185.58
  196   2018 10 11 20:32:47.039    73967.039  0.4173 31.0605 110.4605   6.00   -inf  -nan  16  13  29  12 115.11
  197   2018 10 11 20:34:35.484    74075.484  0.3573 31.0505 110.4305  10.00   -inf  -nan   5   5  10   4 102.66
  198   2018 10 11 20:35:12.063    74112.063  0.2851 31.0205 110.4405   6.00   -inf  -nan   5   3   8   2  97.11
  199   2018 10 11 20:35:58.087    74158.087  0.3924 31.0205 110.4405   6.00   -inf  -nan  12   8  20   8  87.12
  200   2018 10 11 20:41:40.143    74500.143  0.4934 31.0505 110.4705  10.00   -inf  -nan   5   3   8   2 159.22
  201   2018 10 11 20:43:23.120    74603.120  0.4319 31.0305 110.4805  12.00   -inf  -nan   5   5  10   4  98.79
  202   2018 10 11 20:46:56.788    74816.788  0.4387 31.0505 110.4705   8.00   -inf  -nan   6   4  10   4 159.22
  203   2018 10 11 20:56:11.114    75371.114  0.2428 31.0605 110.4805   0.00   -inf  -nan   3   3   6   1 175.68
  204   2018 10 11 20:57:16.953    75436.953  0.1589 31.0205 110.4405   8.00   -inf  -nan   4   2   6   2 207.51
  205   2018 10 11 20:57:59.154    75479.154  0.3065 31.0505 110.4605   8.00   -inf  -nan   6   6  12   5 111.60
  206   2018 10 11 21:01:07.160    75667.160  0.3080 31.0505 110.4605  10.00   -inf  -nan   7   5  12   5 111.60
  207   2018 10 11 21:02:27.553    75747.553  0.4064 31.0605 110.4405   6.00   -inf  -nan   7   4  11   4 113.97
  208   2018 10 11 21:09:40.634    76180.634  0.1998 31.0205 110.4605   4.00   -inf  -nan   6   4  10   4 139.70
  209   2018 10 11 21:10:07.572    76207.572  0.2534 31.0605 110.4405   6.00   -inf  -nan   5   3   8   3 170.49
  210   2018 10 11 21:16:17.810    76577.810  0.1520 31.0605 110.4405   4.00   -inf  -nan   3   2   5   2 267.40
  211   2018 10 11 21:21:31.470    76891.470  0.4606 31.0605 110.4405   4.00   -inf  -nan   6   4  10   3 113.97
  212   2018 10 11 21:22:03.796    76923.796  0.3854 31.0205 110.4405   0.00   -inf  -nan   5   4   9   4 128.00
  213   2018 10 11 21:23:54.663    77034.663  0.2725 31.0505 110.4605   8.00   -inf  -nan   8   6  14   6 111.60
  214   2018 10 11 21:40:52.734    78052.734  0.3465 31.0505 110.4605   6.00   -inf  -nan   9   8  17   7 111.60
  215   2018 10 11 21:45:15.210    78315.210  0.3992 31.0205 110.4405   4.00   -inf  -nan   8   8  16   7  87.12
  216   2018 10 11 21:48:33.542    78513.542  0.3559 31.0605 110.4405   6.00   -inf  -nan   4   4   8   2 170.49
  217   2018 10 11 21:49:31.407    78571.407  0.2958 31.0605 110.4805   0.00   -inf  -nan   4   3   7   3 217.29
  218   2018 10 11 22:04:48.421    79488.421  0.2400 31.0205 110.4405  10.00   -inf  -nan   3   3   6   2 166.62
  219   2018 10 11 22:23:31.666    80611.666  0.3288 31.0605 110.4805  16.00   -inf  -nan   4   4   8   2 123.88
  220   2018 10 11 22:28:13.332    80893.332  0.1172 31.0205 110.4405   8.00   -inf  -nan   3   3   6   3 166.62
  221   2018 10 11 22:29:17.349    80957.349  0.3304 31.0505 110.4605   0.00   -inf  -nan   7   4  11   2 111.60
  222   2018 10 11 22:30:00.498    81000.498  0.4863 31.0605 110.4405   8.00   -inf  -nan   7   8  15   6 113.97
  223   2018 10 11 22:40:14.898    81614.898  0.1588 31.0205 110.4805  14.00   -inf  -nan   4   2   6   2 144.06
  224   2018 10 11 22:47:13.057    82033.057  0.4264 31.0205 110.4405   6.00   -inf  -nan  14  13  27  10  87.12
  225   2018 10 11 22:54:31.189    82471.189  0.2240 31.0505 110.4705  14.00   -inf  -nan   6   5  11   5 113.45
  226   2018 10 11 23:01:55.626    82915.626  0.2384 31.0505 110.4605   8.00   -inf  -nan  10   7  17   6 109.45
  227   2018 10 11 23:03:51.672    83031.672  0.1375 30.8505 111.1305   6.00   -inf  -nan   3   3   6   2 210.75
  228   2018 10 11 23:06:23.079    83183.079  0.3008 31.0505 110.4605   0.00   -inf  -nan   6   9  15   5 111.60
  229   2018 10 11 23:13:56.999    83636.999  0.2758 31.0205 110.4405   8.00   -inf  -nan   4   5   9   3 166.62
  230   2018 10 11 23:31:07.681    84667.681  0.4000 31.0605 110.4405  10.00   -inf  -nan   6   5  11   3 113.97
  231   2018 10 11 23:33:02.158    84782.158  0.1059 31.0305 110.4805  18.00   -inf  -nan   4   2   6   1 142.66
    1   2018 10 12 00:09:31.261      571.261  0.2610 31.0505 110.4605   0.00   -inf  -nan   4   4   8   3 157.85
    2   2018 10 12 00:11:47.569      707.569  0.3387 31.0605 110.4805   0.00   -inf  -nan   4   4   8   4 217.29
    3   2018 10 12 00:13:53.814      833.814  0.3901 31.0505 110.4505   8.00   -inf  -nan  21  20  41  19 106.33
    4   2018 10 12 00:15:53.804      953.804  0.2641 31.1005 110.4405   6.00   -inf  -nan   3   3   6   3 285.45
    5   2018 10 12 00:21:06.152     1266.152  0.3372 31.0205 110.4405   6.00   -inf  -nan   5   5  10   3 124.44
    6   2018 10 12 00:22:22.688     1342.688  0.2903 31.0505 110.4605   6.00   -inf  -nan   9   6  15   5 111.60
    7   2018 10 12 00:31:18.333     1878.333  0.3139 31.0505 110.4605   8.00   -inf  -nan  14  11  25  10 109.45
    8   2018 10 12 00:34:03.264     2043.264  0.1939 31.0505 110.4705   0.00   -inf  -nan   3   3   6   2 208.71
    9   2018 10 12 00:40:53.999     2453.999  0.1630 31.0505 110.4705   0.00   -inf  -nan   3   4   7   2 162.94
   10   2018 10 12 00:56:06.303     3366.303  0.1673 30.8205 111.2705   6.00   -inf  -nan   6   2   8   2 291.13
   11   2018 10 12 01:42:35.275     6155.275  0.2149 31.0505 110.4605   0.00   -inf  -nan   3   3   6   2 157.85
   12   2018 10 12 02:09:02.339     7742.339  0.3564 31.0605 110.4605   8.00   -inf  -nan  20  17  37  15 115.11
   13   2018 10 12 02:27:46.094     8866.094  0.1937 30.8505 111.1305   4.00   -inf  -nan   6   4  10   4 210.75
   14   2018 10 12 02:52:45.924    10365.924  0.2276 31.0505 110.4605   0.00   -inf  -nan   4   4   8   3 157.85
   15   2018 10 12 03:09:01.210    11341.210  0.2502 31.0605 110.4805   0.00   -inf  -nan   3   2   5   1 217.29
   16   2018 10 12 03:20:10.403    12010.403  0.2728 31.0505 110.4605   8.00   -inf  -nan   9   8  17   4 111.60
   17   2018 10 12 04:10:00.915    15000.915  0.4096 31.0505 110.4305  18.00   -inf  -nan   5   3   8   2 141.23
   18   2018 10 12 04:14:07.427    15247.427  0.4233 31.0505 110.4505   0.00   -inf  -nan  19  14  33  11 106.33
   19   2018 10 12 04:28:28.313    16108.313  0.2983 31.2005 110.0405   6.00   -inf  -nan  10   6  16   6 173.24
   20   2018 10 12 04:30:43.621    16243.621  0.3645 31.0505 110.4505   4.00   -inf  -nan  20  15  35  14 106.33
   21   2018 10 12 04:37:27.577    16647.577  0.3118 30.9005 110.7205   0.00   -inf  -nan  14   5  19   5  94.62
   22   2018 10 12 04:52:21.141    17541.141  0.2838 31.0605 110.4805   0.00   -inf  -nan   3   3   6   2 217.29
   23   2018 10 12 05:02:30.089    18150.089  0.1650 31.0605 110.4405   2.00   -inf  -nan   3   2   5   1 170.49
   24   2018 10 12 05:14:49.765    18889.765  0.2413 30.9005 110.4605  10.00   -inf  -nan   3   3   6   3 167.40
   25   2018 10 12 05:22:23.568    19343.568  0.1030 31.2005 110.7405  18.00   -inf  -nan   3   2   5   2 249.07
   26   2018 10 12 05:25:10.912    19510.912  0.4112 31.0605 110.4405   4.00   -inf  -nan   4   5   9   3 128.37
   27   2018 10 12 05:37:03.276    20223.276  0.2553 31.0705 110.4805   0.00   -inf  -nan   3   2   5   1 223.56
   28   2018 10 12 05:49:53.434    20993.434  0.3835 31.0205 110.4405   8.00   -inf  -nan  15  15  30  13  87.12
   29   2018 10 12 05:56:51.453    21411.453  0.3675 31.0305 110.4405  10.00   -inf  -nan   3   5   8   3  92.86
   30   2018 10 12 05:57:15.490    21435.490  0.3635 31.0505 110.4705  10.00   -inf  -nan   4   4   8   3 124.80
   31   2018 10 12 06:01:25.041    21685.041  0.4037 31.0305 110.4405   8.00   -inf  -nan   4   6  10   4  92.86
   32   2018 10 12 06:04:53.092    21893.092  0.3439 31.0605 110.4605  12.00   -inf  -nan   5   5  10   4 120.13
   33   2018 10 12 06:05:38.099    21938.099  0.3367 31.0605 110.4405   6.00   -inf  -nan   3   2   5   1 216.40
   34   2018 10 12 06:07:14.387    22034.387  0.3518 31.0605 110.4605  12.00   -inf  -nan   5   4   9   3 120.13
   35   2018 10 12 06:15:46.652    22546.652  0.2693 31.0505 110.4605   8.00   -inf  -nan   5   5  10   4 111.60
   36   2018 10 12 06:21:54.770    22914.770  0.2769 31.0505 110.4405  10.00   -inf  -nan   9   9  18   5 106.21
   37   2018 10 12 06:25:52.816    23152.816  0.4124 31.0305 110.4405  14.00   -inf  -nan   5   6  11   5  92.86
   38   2018 10 12 06:32:18.298    23538.298  0.1707 31.0105 110.4705   0.00   -inf  -nan   5   2   7   2 135.90
   39   2018 10 12 06:35:15.610    23715.610  0.2088 31.0305 110.4805  16.00   -inf  -nan   4   4   8   3 142.66
   40   2018 10 12 06:45:02.633    24302.633  0.4211 31.0505 110.4605   0.00   -inf  -nan  13  11  24  10 111.60
   41   2018 10 12 07:12:14.180    25934.180  0.4564 31.0305 110.4805  12.00   -inf  -nan   3   3   6   1 142.66
   42   2018 10 12 07:15:29.586    26129.586  0.3506 30.7805 110.8905   2.00   -inf  -nan   7   3  10   2 150.65
   43   2018 10 12 07:47:01.005    28021.005  0.1175 31.0205 110.4405   8.00   -inf  -nan   3   3   6   3 166.62
   44   2018 10 12 08:07:51.681    29271.681  0.1932 30.8505 111.1305   6.00   -inf  -nan   5   4   9   4 210.75
   45   2018 10 12 08:19:09.565    29949.565  0.3727 31.0005 110.1705   0.00   -inf  -nan  10   7  17   5  77.02
   46   2018 10 12 08:25:00.102    30300.102  0.1278 30.9805 110.3605   0.00   -inf  -nan   3   2   5   1 267.54
   47   2018 10 12 08:28:10.937    30490.937  0.3638 31.0205 109.7805   0.00   -inf  -nan   9   8  17   5 282.24
   48   2018 10 12 08:42:56.793    31376.793  0.3527 31.0205 110.4405   6.00   -inf  -nan   8   7  15   6  87.12
   49   2018 10 12 09:00:30.923    32430.923  0.1855 31.0605 109.7405   0.00   -inf  -nan   4   3   7   2 278.60
   50   2018 10 12 09:02:07.615    32527.615  0.1109 30.8505 111.1305   6.00   -inf  -nan   6   6  12   4 210.75
   51   2018 10 12 09:51:47.296    35507.296  0.3594 31.1205 110.0405   8.00   -inf  -nan  13   9  22   7 185.39
   52   2018 10 12 09:55:52.861    35752.861  0.3210 31.2605 110.1305   6.00   -inf  -nan  11   4  15   4 224.47
   53   2018 10 12 10:10:43.798    36643.798  0.2407 31.3005 110.1305   8.00   -inf  -nan   6   3   9   3 250.08
   54   2018 10 12 10:22:59.648    37379.648  0.1692 31.1205 109.8405   2.00   -inf  -nan   3   2   5   2 317.97
   55   2018 10 12 10:33:12.889    37992.889  0.2230 30.9005 109.7405  20.00   -inf  -nan   3   2   5   2 306.54
   56   2018 10 12 10:42:52.052    38572.052  0.3787 31.0505 110.4505   0.00   -inf  -nan  17  13  30  12 106.33
   57   2018 10 12 10:47:21.169    38841.169  0.3818 31.0305 110.4805   6.00   -inf  -nan   6   5  11   4 142.66
   58   2018 10 12 11:09:00.070    40140.070  0.3040 31.0505 110.4505   8.00   -inf  -nan  13  11  24  11 109.19
   59   2018 10 12 12:06:04.463    43564.463  0.2340 31.0605 110.4405  10.00   -inf  -nan   4   2   6   2 216.40
   60   2018 10 12 12:11:34.018    43894.018  0.2408 31.0505 110.4605  12.00   -inf  -nan   4   5   9   4 111.60
   61   2018 10 12 12:12:24.979    43944.979  0.3527 31.0505 110.4605   6.00   -inf  -nan   6   8  14   4 111.60
   62   2018 10 12 12:15:04.423    44104.423  0.4717 31.0205 110.4405   8.00   -inf  -nan  14  10  24  10  87.12
   63   2018 10 12 12:47:03.628    46023.628  0.2803 31.1005 110.4405   6.00   -inf  -nan   3   3   6   3 285.45
   64   2018 10 12 13:30:10.691    48610.691  0.3343 31.0505 110.4305  10.00   -inf  -nan   4   4   8   3 213.27
   65   2018 10 12 13:58:15.434    50295.434  0.1906 31.2605 110.2905  10.00   -inf  -nan   3   6   9   3 253.20
   66   2018 10 12 14:19:53.138    51593.138  0.2239 31.0505 110.4605   6.00   -inf  -nan   6   6  12   5 111.60
   67   2018 10 12 14:20:59.905    51659.905  0.4833 31.0205 110.4605   8.00   -inf  -nan   3   3   6   1 136.62
   68   2018 10 12 14:27:53.768    52073.768  0.2748 31.0505 110.4605  12.00   -inf  -nan  21   9  30   9 109.45
   69   2018 10 12 14:31:43.148    52303.148  0.3182 31.0405 110.4505   8.00   -inf  -nan   9   9  18   9 101.78
   70   2018 10 12 14:33:54.209    52434.209  0.3574 31.0505 110.4505   8.00   -inf  -nan   6   5  11   4 109.19
   71   2018 10 12 14:49:25.967    53365.967  0.3574 31.0505 110.4605   6.00   -inf  -nan   5   6  11   4 111.60
   72   2018 10 12 15:19:31.723    55171.723  0.3595 31.0205 110.4405   6.00   -inf  -nan  17   9  26   8  87.12
   73   2018 10 12 15:47:32.860    56852.860  0.4338 31.0505 110.4605   0.00   -inf  -nan  11  10  21  10 111.60
   74   2018 10 12 16:00:15.501    57615.501  0.4654 31.1005 110.4805   8.00   -inf  -nan   3   4   7   3 276.37
   75   2018 10 12 16:07:28.035    58048.035  0.3048 31.0505 110.4505   8.00   -inf  -nan   5   6  11   5 109.19
   76   2018 10 12 16:14:04.630    58444.630  0.4091 31.0505 110.4605  10.00   -inf  -nan   3   4   7   2 111.60
   77   2018 10 12 16:14:44.010    58484.010  0.3351 31.0505 110.4605   2.00   -inf  -nan   3   4   7   2 111.60
   78   2018 10 12 16:43:11.390    60191.390  0.2870 31.0505 110.4505   8.00   -inf  -nan  16  15  31  13 106.33
   79   2018 10 12 16:50:36.429    60636.429  0.4195 31.0505 110.4605   0.00   -inf  -nan  10  10  20  10 111.60
   80   2018 10 12 16:56:37.548    60997.548  0.3086 31.0805 110.8205   4.00   -inf  -nan  11  10  21   8 124.12
   81   2018 10 12 17:02:31.269    61351.269  0.3284 31.0505 110.4605  10.00   -inf  -nan   6   5  11   5 111.60
   82   2018 10 12 18:11:39.968    65499.968  0.3178 31.0505 110.4505  10.00   -inf  -nan  19  14  33  13 106.33
   83   2018 10 12 18:20:17.774    66017.774  0.3753 31.0405 110.4505  10.00   -inf  -nan  10   9  19   8 101.78
   84   2018 10 12 18:49:15.199    67755.199  0.3137 31.0505 110.4605   0.00   -inf  -nan   8   8  16   7 111.60
   85   2018 10 12 19:00:25.642    68425.642  0.3574 31.0605 110.4405   4.00   -inf  -nan   7   8  15   6 113.97
   86   2018 10 12 19:17:47.149    69467.149  0.3467 31.0505 110.4405  10.00   -inf  -nan  17  16  33  14 102.77
   87   2018 10 12 19:49:52.111    71392.111  0.3720 31.0205 110.4405   4.00   -inf  -nan  12   8  20   7  87.12
   88   2018 10 12 20:03:37.979    72217.979  0.3260 31.0505 110.4505   8.00   -inf  -nan  12   7  19   7 126.23
   89   2018 10 12 20:50:22.687    75022.687  0.4201 31.0605 110.4405  14.00   -inf  -nan   4   4   8   3 210.88
   90   2018 10 12 21:23:37.136    77017.136  0.2909 31.0205 110.4505   4.00   -inf  -nan  12   9  21   8  88.98
   91   2018 10 12 21:54:43.192    78883.192  0.3510 31.0505 110.4505   8.00   -inf  -nan  20  19  39  18 106.33
   92   2018 10 12 21:57:11.714    79031.714  0.3957 31.0505 110.4605   4.00   -inf  -nan   7   6  13   5 147.48
   93   2018 10 12 22:32:30.710    81150.710  0.3803 31.0605 110.4405   4.00   -inf  -nan   6   7  13   5 170.49
   94   2018 10 12 22:36:44.510    81404.510  0.3444 31.0505 110.4605   8.00   -inf  -nan   8   7  15   7 111.60
   95   2018 10 12 23:13:13.010    83593.010  0.1906 30.8505 111.1305   4.00   -inf  -nan  10   7  17   6 210.25
   96   2018 10 12 23:37:47.427    85067.427  0.3815 31.0505 110.4705   6.00   -inf  -nan  14  13  27  11 112.16
   97   2018 10 12 23:51:03.631    85863.631  0.4347 31.0605 110.4405   4.00   -inf  -nan   8   8  16   7 113.97
    1   2018 10 13 00:39:36.132     2376.132  0.4077 31.0505 110.4505  12.00   -inf  -nan   8   6  14   6 143.23
    2   2018 10 13 00:41:59.695     2519.695  0.4041 31.0505 110.4605   0.00   -inf  -nan  12  13  25  11 111.60
    3   2018 10 13 00:50:56.962     3056.962  0.4204 31.0205 110.4405   8.00   -inf  -nan  17  14  31  13  87.12
    4   2018 10 13 00:52:30.989     3150.989  0.2371 31.0705 110.4805   0.00   -inf  -nan   3   4   7   3 223.56
    5   2018 10 13 01:09:54.171     4194.171  0.1784 30.8505 111.1305   6.00   -inf  -nan   6   4  10   4 210.75
    6   2018 10 13 01:37:30.922     5850.922  0.3659 31.0605 110.4405   8.00   -inf  -nan   5   5  10   4 170.49
    7   2018 10 13 01:39:32.486     5972.486  0.3341 30.8505 111.2405   4.00   -inf  -nan   4   3   7   2 278.91
    8   2018 10 13 03:49:09.032    13749.032  0.1075 31.0505 110.4605   0.00   -inf  -nan   3   3   6   2 221.25
    9   2018 10 13 04:32:12.241    16332.241  0.3223 31.2805 110.8605   0.00   -inf  -nan  10   4  14   4 273.09
   10   2018 10 13 04:55:58.413    17758.413  0.3294 31.0605 110.4805   2.00   -inf  -nan   5   5  10   5 175.68
   11   2018 10 13 05:05:59.570    18359.570  0.2751 31.0405 110.4505   0.00   -inf  -nan   4   3   7   2 190.90
   12   2018 10 13 05:11:25.153    18685.153  0.2540 31.0505 110.4705   0.00   -inf  -nan   4   4   8   2 113.45
   13   2018 10 13 06:10:18.062    22218.062  0.1370 30.8505 111.1305   6.00   -inf  -nan   6   4  10   4 210.75
   14   2018 10 13 06:23:26.733    23006.733  0.2918 31.0605 110.4405   8.00   -inf  -nan   3   3   6   2 216.40
   15   2018 10 13 06:29:05.541    23345.541  0.4194 31.0605 110.4405   6.00   -inf  -nan   3   6   9   3 170.49
   16   2018 10 13 06:50:20.513    24620.513  0.2942 30.8505 110.9205   0.00   -inf  -nan  12   5  17   5  83.13
   17   2018 10 13 07:15:59.831    26159.831  0.3665 31.0505 110.4605   0.00   -inf  -nan  13  13  26  10 109.45
   18   2018 10 13 07:17:11.948    26231.948  0.1585 30.8505 111.1305   6.00   -inf  -nan   6   4  10   4 210.75
   19   2018 10 13 07:36:59.914    27419.914  0.4551 31.0205 110.4405   6.00   -inf  -nan   7   7  14   4  87.12
   20   2018 10 13 08:26:14.324    30374.324  0.3827 31.0505 110.4605   6.00   -inf  -nan  11  10  21   9 111.60
   21   2018 10 13 08:52:23.487    31943.487  0.2316 31.0605 110.4805   0.00   -inf  -nan   4   3   7   2 180.08
   22   2018 10 13 08:53:18.135    31998.135  0.2644 31.1205 110.0405   8.00   -inf  -nan  10   4  14   4 185.39
   23   2018 10 13 08:54:05.829    32045.829  0.3927 31.0505 110.4605   0.00   -inf  -nan   7  10  17   6 111.60
   24   2018 10 13 09:27:43.923    34063.923  0.2154 30.8905 111.1305   4.00   -inf  -nan   5   2   7   2 164.15
   25   2018 10 13 09:48:12.213    35292.213  0.3468 31.0205 110.4405   4.00   -inf  -nan  13  12  25  10  87.12
   26   2018 10 13 10:00:07.473    36007.473  0.2691 30.9405 110.0105  12.00   -inf  -nan   6   2   8   2 148.42
   27   2018 10 13 10:43:11.529    38591.529  0.3022 31.0505 110.4505  10.00   -inf  -nan   6   6  12   5 109.19
   28   2018 10 13 11:40:07.216    42007.216  0.4151 31.0605 110.4605   6.00   -inf  -nan  18  18  36  15 115.11
   29   2018 10 13 11:40:55.337    42055.337  0.3529 31.0305 110.4805  10.00   -inf  -nan   3   8  11   2  98.79
   30   2018 10 13 11:42:05.499    42125.499  0.4104 31.0605 110.4605   8.00   -inf  -nan  17  14  31  12 115.11
   31   2018 10 13 11:42:43.510    42163.510  0.3819 31.0605 110.4405  10.00   -inf  -nan   7   4  11   4 170.49
   32   2018 10 13 12:10:46.308    43846.308  0.2893 31.0605 110.4805   0.00   -inf  -nan   7   5  12   5 175.68
   33   2018 10 13 13:10:09.646    47409.646  0.2869 31.0505 110.4505   4.00   -inf  -nan   5   3   8   2 152.57
   34   2018 10 13 13:23:16.813    48196.813  0.3037 31.0505 110.4605  10.00   -inf  -nan  20  14  34  13 109.45
   35   2018 10 13 13:24:59.723    48299.723  0.3001 31.0505 110.4605   0.00   -inf  -nan   8   9  17   8 111.60
   36   2018 10 13 13:50:21.325    49821.325  0.2874 31.0505 110.4605   8.00   -inf  -nan   7   7  14   6 111.60
   37   2018 10 13 14:13:24.893    51204.893  0.4153 31.0205 110.4405   8.00   -inf  -nan  13  12  25  11  87.12
   38   2018 10 13 14:32:55.968    52375.968  0.3306 31.0505 110.4505   8.00   -inf  -nan  13   9  22   8 109.19
   39   2018 10 13 14:46:58.714    53218.714  0.2920 31.0505 110.4605   6.00   -inf  -nan   6   5  11   4 111.60
   40   2018 10 13 15:05:44.945    54344.945  0.3918 31.0505 110.4505   0.00   -inf  -nan  17  12  29  12 106.33
   41   2018 10 13 15:28:52.495    55732.495  0.2415 31.0205 110.4805  14.00   -inf  -nan   3   3   6   2 188.81
   42   2018 10 13 15:33:37.251    56017.251  0.2805 31.0505 110.4605   6.00   -inf  -nan   6   6  12   5 111.60
   43   2018 10 13 15:58:40.598    57520.598  0.3702 31.0505 110.4605   4.00   -inf  -nan   9   8  17   8 111.60
   44   2018 10 13 16:03:41.179    57821.179  0.1901 31.0905 110.2305   0.00   -inf  -nan   3   3   6   2 235.98
   45   2018 10 13 17:05:58.535    61558.535  0.3100 31.0505 110.4505   6.00   -inf  -nan   8   8  16   8 109.19
   46   2018 10 13 17:07:31.974    61651.974  0.3638 31.0505 110.4905  16.00   -inf  -nan   6   5  11   4 115.39
   47   2018 10 13 17:07:47.059    61667.059  0.3059 31.0605 110.4805   0.00   -inf  -nan   4   4   8   3 175.68
   48   2018 10 13 17:37:18.585    63438.585  0.4743 31.0605 110.4405   2.00   -inf  -nan   6   9  15   5 113.97
   49   2018 10 13 17:59:55.567    64795.567  0.3561 31.0505 110.4605   4.00   -inf  -nan   9   9  18   8 111.60
   50   2018 10 13 19:58:17.226    71897.226  0.3119 31.1805 110.1305   8.00   -inf  -nan   5   2   7   2 140.16
   51   2018 10 13 20:22:57.054    73377.054  0.2812 31.0505 110.4605   4.00   -inf  -nan   4   6  10   4 111.60
   52   2018 10 13 20:36:19.103    74179.103  0.4050 31.0205 110.4405   4.00   -inf  -nan  12   8  20   7  87.12
   53   2018 10 13 21:30:27.562    77427.562  0.2823 31.0505 110.4605   0.00   -inf  -nan   4   5   9   3 111.60
   54   2018 10 13 22:40:17.755    81617.755  0.3997 31.0605 110.4405   2.00   -inf  -nan   5   5  10   3 113.97
   55   2018 10 13 23:09:28.165    83368.165  0.3011 31.0505 110.4605   0.00   -inf  -nan   8   7  15   5 111.60
   56   2018 10 13 23:10:55.471    83455.471  0.2264 30.8505 111.1305   6.00   -inf  -nan  10   5  15   5 210.75
   57   2018 10 13 23:20:16.773    84016.773  0.1419 31.0205 110.4405   8.00   -inf  -nan   3   3   6   3 166.62
   58   2018 10 13 23:25:32.063    84332.063  0.3072 31.0505 110.4605   0.00   -inf  -nan   5   5  10   4 111.60
    1   2018 10 14 00:09:24.752      564.752  0.2041 30.9305 110.7605  10.00   -inf  -nan   6   6  12   5 120.80
    2   2018 10 14 00:23:22.014     1402.014  0.3600 30.9405 110.7605  10.00   -inf  -nan   7   8  15   5  77.93
    3   2018 10 14 00:23:43.904     1423.904  0.2565 30.9405 110.7605  10.00   -inf  -nan   6   7  13   4 127.90
    4   2018 10 14 00:41:00.912     2460.912  0.4299 31.0505 110.4605   4.00   -inf  -nan   9  10  19   8 111.60
    5   2018 10 14 01:09:01.428     4141.428  0.1788 30.9305 110.7605  10.00   -inf  -nan   5   7  12   4  96.54
    6   2018 10 14 02:50:24.894    10224.894  0.1432 30.8505 111.1305   6.00   -inf  -nan   5   4   9   4 210.75
    7   2018 10 14 04:18:08.229    15488.229  0.3630 30.9805 110.0105   8.00   -inf  -nan  14   9  23   7 127.87
    8   2018 10 14 04:20:29.888    15629.888  0.2093 31.0505 110.4705   6.00   -inf  -nan   5   5  10   4 162.94
    9   2018 10 14 04:30:46.553    16246.553  0.2621 30.8305 110.7805  10.00   -inf  -nan   3   4   7   3 127.11
   10   2018 10 14 04:43:55.070    17035.070  0.2197 30.8905 110.8005   4.00   -inf  -nan   4   4   8   3 216.67
   11   2018 10 14 04:51:38.705    17498.705  0.2874 31.0005 110.2105   2.00   -inf  -nan   4   3   7   1 114.28
   12   2018 10 14 04:53:30.251    17610.251  0.2153 31.1205 109.8105  14.00   -inf  -nan   7   3  10   3 301.03
   13   2018 10 14 05:02:36.216    18156.216  0.2676 31.0805 109.8905  20.00   -inf  -nan   3   5   8   2 274.51
   14   2018 10 14 05:17:35.618    19055.618  0.2258 31.1205 109.9605  16.00   -inf  -nan   7   2   9   2 245.08
   15   2018 10 14 05:19:08.725    19148.725  0.2834 31.0405 109.7205   8.00   -inf  -nan   8   3  11   2 284.22
   16   2018 10 14 05:21:24.036    19284.036  0.3173 31.1605 110.0405   4.00   -inf  -nan   9   4  13   4 137.45
   17   2018 10 14 05:26:09.941    19569.941  0.1618 31.1205 109.9605  18.00   -inf  -nan   5   2   7   2 245.08
   18   2018 10 14 05:32:41.015    19961.015  0.3148 31.3205 110.0405   0.00   -inf  -nan  12   5  17   5 272.57
   19   2018 10 14 05:55:36.643    21336.643  0.3996 31.0305 110.4405   8.00   -inf  -nan   5   5  10   3  92.86
   20   2018 10 14 05:58:43.114    21523.114  0.4353 30.9005 110.7205   0.00   -inf  -nan  11   7  18   7  94.62
   21   2018 10 14 06:05:35.016    21935.016  0.2587 31.2805 110.0405   6.00   -inf  -nan   7   3  10   3 268.74
   22   2018 10 14 06:57:39.623    25059.623  0.2819 31.0605 110.4605  10.00   -inf  -nan  19   4  23   4 120.13
   23   2018 10 14 07:11:23.450    25883.450  0.3527 31.0505 110.4605   0.00   -inf  -nan  11  14  25  10 109.45
   24   2018 10 14 07:11:53.365    25913.365  0.3184 30.7905 110.9405   2.00   -inf  -nan  10   3  13   3 155.53
   25   2018 10 14 07:51:34.638    28294.638  0.0495 31.3005 110.0505   4.00   -inf  -nan   3   2   5   2 277.14
   26   2018 10 14 08:02:38.900    28958.900  0.3689 31.0505 110.4305  10.00   -inf  -nan  21  15  36  14  98.75
   27   2018 10 14 08:36:25.000    30985.000  0.3323 31.0505 110.4605   8.00   -inf  -nan   8  10  18   7 109.45
   28   2018 10 14 08:49:00.026    31740.026  0.3622 31.0705 110.5605   0.00   -inf  -nan  14   6  20   5 116.19
   29   2018 10 14 09:18:30.468    33510.468  0.3286 31.0505 110.4505  10.00   -inf  -nan  19  16  35  13 106.33
   30   2018 10 14 09:51:30.743    35490.743  0.3752 31.0405 110.4505  16.00   -inf  -nan   8   7  15   7 101.78
   31   2018 10 14 10:02:34.541    36154.541  0.3958 31.1205 110.0405   4.00   -inf  -nan  10   5  15   4 185.39
   32   2018 10 14 10:10:56.816    36656.816  0.2355 30.9805 110.5005  18.00   -inf  -nan   3   2   5   1 149.19
   33   2018 10 14 10:12:39.282    36759.282  0.2366 30.8505 111.1305   2.00   -inf  -nan  10   7  17   6 210.25
   34   2018 10 14 11:04:48.005    39888.005  0.3797 31.0605 110.4405   2.00   -inf  -nan   3   5   8   3 113.97
   35   2018 10 14 11:26:41.764    41201.764  0.3865 31.0605 110.4405   8.00   -inf  -nan   3   4   7   3 216.40
   36   2018 10 14 11:27:35.363    41255.363  0.3069 31.0605 110.4405   6.00   -inf  -nan   3   3   6   2 216.40
   37   2018 10 14 11:59:46.807    43186.807  0.3114 31.0505 110.4605  12.00   -inf  -nan   7   5  12   5 111.60
   38   2018 10 14 12:49:11.672    46151.672  0.3104 31.0805 110.8205   6.00   -inf  -nan  14  15  29  12 124.12
   39   2018 10 14 13:03:33.502    47013.502  0.0671 31.0105 110.5005  16.00   -inf  -nan   3   3   6   3 206.61
   40   2018 10 14 13:33:47.174    48827.174  0.4431 31.0305 110.4805  12.00   -inf  -nan   4   5   9   4  98.79
   41   2018 10 14 13:48:52.435    49732.435  0.2565 31.0505 110.2105   6.00   -inf  -nan   3   3   6   1 142.20
   42   2018 10 14 16:19:47.125    58787.125  0.3649 31.0505 110.4305   8.00   -inf  -nan   3   3   6   1 102.66
   43   2018 10 14 16:28:34.140    59314.140  0.3074 31.1705 110.3805   2.00   -inf  -nan  13  10  23   7 163.23
   44   2018 10 14 16:32:31.567    59551.567  0.3952 31.0505 110.4605  10.00   -inf  -nan   7   8  15   7 111.60
   45   2018 10 14 17:19:07.136    62347.136  0.2016 31.1805 110.1305  12.00   -inf  -nan   3   2   5   2 140.16
   46   2018 10 14 19:29:01.689    70141.689  0.2562 30.8505 111.1605   8.00   -inf  -nan   7   2   9   2 227.23
   47   2018 10 14 20:22:03.356    73323.356  0.3023 31.0605 110.4805   6.00   -inf  -nan   4   6  10   4 175.68
   48   2018 10 14 20:33:40.921    74020.921  0.3069 30.9705 111.2005   0.00   -inf  -nan   3   4   7   3 248.13
   49   2018 10 14 21:37:00.017    77820.017  0.4455 31.0205 110.4405   6.00   -inf  -nan  13  10  23   9  87.12
   50   2018 10 14 21:43:30.013    78210.013  0.4234 31.0205 110.4405   6.00   -inf  -nan  13  10  23  10  87.12
   51   2018 10 14 21:45:56.550    78356.550  0.2974 31.0205 110.4405   6.00   -inf  -nan   6   4  10   3 144.10
   52   2018 10 14 23:27:22.455    84442.455  0.2473 31.0205 110.4405   8.00   -inf  -nan   7   2   9   2 142.48
   53   2018 10 14 23:27:43.975    84463.975  0.3564 31.0205 110.4405   8.00   -inf  -nan  20  18  38  16  87.12
   54   2018 10 14 23:28:14.214    84494.214  0.3544 31.0505 110.4505   8.00   -inf  -nan  15  15  30  11 106.33
   55   2018 10 14 23:33:21.223    84801.223  0.2267 30.8505 111.1305   6.00   -inf  -nan  14   4  18   4 210.25
   56   2018 10 14 23:34:00.788    84840.788  0.1938 30.8505 111.1305   4.00   -inf  -nan  10   6  16   6 210.25
   57   2018 10 14 23:40:29.410    85229.410  0.3358 31.0205 110.4405   6.00   -inf  -nan  13   7  20   7  87.12
    1   2018 10 15 01:28:18.753     5298.753  0.3883 30.8505 111.2105   8.00   -inf  -nan   5   4   9   3 297.85
    2   2018 10 15 02:07:30.005     7650.005  0.3747 30.8505 111.3605   0.00   -inf  -nan   7   4  11   3 318.62
    3   2018 10 15 02:29:41.524     8981.524  0.3341 30.7405 111.0905   0.00   -inf  -nan   4   2   6   1 259.34
    4   2018 10 15 03:10:52.341    11452.341  0.2584 31.0205 110.4405   6.00   -inf  -nan   4   4   8   4 166.62
    5   2018 10 15 03:14:22.853    11662.853  0.3549 31.0205 110.4405   8.00   -inf  -nan  16  13  29  12  87.12
    6   2018 10 15 03:15:50.872    11750.872  0.4919 31.0205 110.4605  14.00   -inf  -nan   5   7  12   5  90.43
    7   2018 10 15 03:23:30.843    12210.843  0.3347 31.0505 110.4605   0.00   -inf  -nan   9  12  21   8 109.45
    8   2018 10 15 03:48:12.869    13692.869  0.3884 30.9805 110.4005   0.00   -inf  -nan   8   2  10   2  82.74
    9   2018 10 15 03:48:49.849    13729.849  0.3628 31.0505 110.4605   0.00   -inf  -nan   8  11  19   7 109.45
   10   2018 10 15 04:10:08.951    15008.951  0.3871 31.1605 110.7805   2.00   -inf  -nan   3   3   6   1 237.93
   11   2018 10 15 04:24:44.181    15884.181  0.3484 30.8105 111.1705   4.00   -inf  -nan   8   7  15   5 242.73
   12   2018 10 15 05:20:21.067    19221.067  0.3478 30.9005 111.2105  16.00   -inf  -nan   3   2   5   1 260.52
   13   2018 10 15 05:42:23.852    20543.852  0.1465 31.2005 110.7805   8.00   -inf  -nan   4   2   6   2 258.02
   14   2018 10 15 06:07:34.281    22054.281  0.3500 31.0505 110.4505  10.00   -inf  -nan  21  19  40  19 106.33
   15   2018 10 15 06:19:11.588    22751.588  0.4713 31.0505 110.4505   0.00   -inf  -nan  14  11  25   7 106.33
   16   2018 10 15 06:21:32.123    22892.123  0.3134 31.0505 110.4605   0.00   -inf  -nan   8   5  13   5 111.60
   17   2018 10 15 06:28:09.424    23289.424  0.3259 31.0605 110.4605  12.00   -inf  -nan   7   5  12   5 120.13
   18   2018 10 15 06:41:39.950    24099.950  0.3953 31.0505 110.4505   8.00   -inf  -nan  20  18  38  17 106.33
   19   2018 10 15 06:44:45.094    24285.094  0.2285 31.0605 110.4805  12.00   -inf  -nan   3   3   6   2 217.29
   20   2018 10 15 06:49:12.528    24552.528  0.2202 31.0605 110.4805   0.00   -inf  -nan   3   3   6   2 217.29
   21   2018 10 15 06:49:33.710    24573.710  0.1759 30.8105 111.2405   8.00   -inf  -nan   5   4   9   2 279.73
   22   2018 10 15 06:57:07.754    25027.754  0.2023 30.8205 111.2305   4.00   -inf  -nan   7   2   9   1 274.56
   23   2018 10 15 07:03:48.873    25428.873  0.1459 30.8505 111.1305   6.00   -inf  -nan   8   3  11   2 210.75
   24   2018 10 15 07:22:04.336    26524.336  0.3763 31.0505 110.4505  12.00   -inf  -nan  21  16  37  16 106.33
   25   2018 10 15 07:25:32.502    26732.502  0.4310 31.0505 110.4505   4.00   -inf  -nan  16  16  32  14 106.33
   26   2018 10 15 07:41:25.602    27685.602  0.3091 31.0605 110.4605   0.00   -inf  -nan   3   4   7   3 168.29
   27   2018 10 15 07:43:07.341    27787.341  0.3361 31.0505 110.4505  10.00   -inf  -nan  21  15  36  15 106.33
   28   2018 10 15 07:44:48.074    27888.074  0.3543 30.8905 111.0505   0.00   -inf  -nan   3   2   5   2 167.01
   29   2018 10 15 07:54:25.692    28465.692  0.3502 31.0505 110.4505   2.00   -inf  -nan  12  13  25  10 106.33
   30   2018 10 15 08:34:01.848    30841.848  0.3280 31.0605 110.4805   0.00   -inf  -nan   5   5  10   4 123.88
   31   2018 10 15 09:16:55.993    33415.993  0.3032 31.0205 110.6805   6.00   -inf  -nan   8   5  13   5 128.69
   32   2018 10 15 09:20:40.357    33640.357  0.2217 31.0605 110.4805   0.00   -inf  -nan   5   4   9   4 175.68
   33   2018 10 15 09:23:09.903    33789.903  0.4182 31.0205 110.4605   8.00   -inf  -nan  13  14  27  12  90.43
   34   2018 10 15 09:24:24.351    33864.351  0.3154 31.0505 110.4605   8.00   -inf  -nan   6   5  11   5 111.60
   35   2018 10 15 09:24:41.371    33881.371  0.2969 31.0605 110.4605  10.00   -inf  -nan   7   3  10   3 120.13
   36   2018 10 15 09:47:41.824    35261.824  0.3840 31.1205 110.0405   6.00   -inf  -nan  13   7  20   6 185.39
   37   2018 10 15 11:03:56.250    39836.250  0.3098 31.0605 110.4805   0.00   -inf  -nan   4   3   7   3 217.29
   38   2018 10 15 12:08:11.432    43691.432  0.3558 31.0505 110.4705   4.00   -inf  -nan   5   5  10   5 159.22
   39   2018 10 15 12:15:15.995    44115.995  0.4822 31.0205 110.4405   8.00   -inf  -nan  11  10  21   7  87.12
   40   2018 10 15 12:20:10.763    44410.763  0.3774 31.0605 110.4605  12.00   -inf  -nan   7   5  12   5 120.13
   41   2018 10 15 12:43:28.251    45808.251  0.3780 31.0205 110.4405   6.00   -inf  -nan  15  10  25   9  87.12
   42   2018 10 15 12:55:37.824    46537.824  0.2557 31.0505 110.4705  14.00   -inf  -nan   4   3   7   2 113.45
   43   2018 10 15 13:08:28.616    47308.616  0.4154 31.0505 110.4705   6.00   -inf  -nan   4   4   8   3 159.22
   44   2018 10 15 13:35:20.014    48920.014  0.2727 31.0305 110.4805  14.00   -inf  -nan   5   5  10   5 142.66
   45   2018 10 15 14:09:30.341    50970.341  0.2839 31.0505 110.4605  10.00   -inf  -nan   7   7  14   7 111.60
   46   2018 10 15 14:09:44.169    50984.169  0.1976 31.0305 110.4805  14.00   -inf  -nan   6   2   8   2 142.66
   47   2018 10 15 14:21:07.088    51667.088  0.1779 30.8905 111.1305   6.00   -inf  -nan   6   2   8   2 164.15
   48   2018 10 15 14:59:28.778    53968.778  0.3769 31.0205 110.4405   6.00   -inf  -nan  11   6  17   5  87.12
   49   2018 10 15 15:10:24.965    54624.965  0.4225 31.0605 110.4405   6.00   -inf  -nan   6   6  12   6 113.97
   50   2018 10 15 16:03:58.690    57838.690  0.3986 31.0505 110.4605   2.00   -inf  -nan  11   9  20   9 111.60
   51   2018 10 15 16:04:22.043    57862.043  0.4299 31.0305 110.4805   8.00   -inf  -nan   7   4  11   4  98.79
   52   2018 10 15 17:40:50.161    63650.161  0.3056 31.0605 110.4805   6.00   -inf  -nan   5   4   9   3 175.68
   53   2018 10 15 20:57:31.620    75451.620  0.3043 31.1705 110.3005   0.00   -inf  -nan   8   2  10   2 191.55
   54   2018 10 15 21:18:16.419    76696.419  0.3621 31.0205 110.7805   6.00   -inf  -nan   5   4   9   3 141.98
   55   2018 10 15 22:13:58.939    80038.939  0.3611 31.0605 110.4505   8.00   -inf  -nan  13  15  28  12 117.36
   56   2018 10 15 22:24:41.535    80681.535  0.2821 31.0605 110.4405   0.00   -inf  -nan   3   4   7   2 170.49
   57   2018 10 15 23:28:45.266    84525.266  0.1457 30.8505 111.1305   4.00   -inf  -nan   7   4  11   4 210.75
    1   2018 10 16 00:20:16.374     1216.374  0.3074 31.0605 110.4805   0.00   -inf  -nan   3   5   8   3 175.68
    2   2018 10 16 01:29:09.109     5349.109  0.3586 30.8105 111.2805   2.00   -inf  -nan   5   5  10   5 294.33
    3   2018 10 16 01:44:39.258     6279.258  0.1868 30.8505 111.1305   6.00   -inf  -nan   6   4  10   4 210.75
    4   2018 10 16 01:45:05.676     6305.676  0.3226 30.8505 111.1305   6.00   -inf  -nan   6   4  10   4 210.75
    5   2018 10 16 02:02:33.350     7353.350  0.1744 30.8905 111.0405   6.00   -inf  -nan   4   3   7   2 158.22
    6   2018 10 16 03:25:52.221    12352.221  0.2304 31.2005 110.6605   0.00   -inf  -nan   4   4   8   1 223.77
    7   2018 10 16 03:35:40.204    12940.204  0.3178 31.0605 110.4805   0.00   -inf  -nan   4   4   8   3 175.68
    8   2018 10 16 03:36:24.739    12984.739  0.1038 30.8405 110.1705   6.00   -inf  -nan   3   2   5   2 270.47
    9   2018 10 16 03:38:44.677    13124.677  0.3316 31.2005 109.8805  20.00   -inf  -nan   4   3   7   1 307.69
   10   2018 10 16 04:11:27.798    15087.798  0.4262 31.0605 110.4805   0.00   -inf  -nan   3   6   9   3 175.68
   11   2018 10 16 04:42:59.633    16979.633  0.0982 30.7805 111.0105   6.00   -inf  -nan   3   2   5   1 299.98
   12   2018 10 16 05:26:18.999    19578.999  0.2450 31.2105 110.0705   0.00   -inf  -nan   8   4  12   4 185.34
   13   2018 10 16 05:39:19.875    20359.875  0.3113 31.0505 110.4605   0.00   -inf  -nan  13   9  22   8 109.45
   14   2018 10 16 05:46:32.399    20792.399  0.3284 30.8205 110.3805   0.00   -inf  -nan   6   3   9   2 188.99
   15   2018 10 16 07:31:37.447    27097.447  0.3765 31.0205 110.4405   8.00   -inf  -nan  17  16  33  14  87.12
   16   2018 10 16 07:33:04.484    27184.484  0.4661 31.0205 110.4405   6.00   -inf  -nan   9   7  16   6  87.12
   17   2018 10 16 07:33:20.457    27200.457  0.3314 30.8905 110.7205   0.00   -inf  -nan  10   7  17   5  97.68
   18   2018 10 16 07:49:39.534    28179.534  0.3571 31.0505 110.4605   6.00   -inf  -nan  15  11  26  10 109.45
   19   2018 10 16 08:04:54.776    29094.776  0.1595 30.8105 110.3905   2.00   -inf  -nan   3   2   5   1 284.71
   20   2018 10 16 08:58:48.700    32328.700  0.2779 31.2205 110.0105   8.00   -inf  -nan   6   3   9   3 246.47
   21   2018 10 16 10:06:33.129    36393.129  0.2653 30.8505 111.1305   6.00   -inf  -nan   9   4  13   4 210.25
   22   2018 10 16 10:26:23.463    37583.463  0.3401 31.1005 110.4005   4.00   -inf  -nan   4   3   7   2 254.15
   23   2018 10 16 10:39:33.399    38373.399  0.3105 31.0505 110.4605   6.00   -inf  -nan  11  10  21   9 111.60
   24   2018 10 16 11:06:50.450    40010.450  0.1725 31.0605 110.8205   6.00   -inf  -nan   4   2   6   2 171.89
   25   2018 10 16 11:10:03.424    40203.424  0.2891 31.0905 110.1905   0.00   -inf  -nan  11   9  20   8 117.80
   26   2018 10 16 12:02:54.305    43374.305  0.3066 31.0505 110.4605   0.00   -inf  -nan  17  15  32  13 109.45
   27   2018 10 16 14:49:32.837    53372.837  0.1552 31.1705 110.3805   0.00   -inf  -nan   3   2   5   2 262.06
   28   2018 10 16 15:46:09.626    56769.626  0.3283 31.1705 110.3405   0.00   -inf  -nan   3   2   5   1 281.77
   29   2018 10 16 17:27:22.641    62842.641  0.2763 31.0505 110.4605   6.00   -inf  -nan   5   7  12   5 111.60
   30   2018 10 16 17:39:32.656    63572.656  0.4265 31.0305 110.4805  10.00   -inf  -nan  10   9  19   9  98.79
   31   2018 10 16 17:54:41.881    64481.881  0.4274 31.0505 110.4305  10.00   -inf  -nan   3   5   8   2 110.61
   32   2018 10 16 19:33:43.356    70423.356  0.3567 31.0505 110.4605   8.00   -inf  -nan   5   5  10   3 111.60
   33   2018 10 16 19:35:15.296    70515.296  0.2785 30.8605 110.4605  10.00   -inf  -nan   3   3   6   2 258.75
   34   2018 10 16 21:11:02.797    76262.797  0.2378 31.0205 110.4405   8.00   -inf  -nan   4   3   7   2 123.87
   35   2018 10 16 23:24:09.181    84249.181  0.3126 30.9005 110.7405  10.00   -inf  -nan   6   5  11   5 135.10
   36   2018 10 16 23:24:46.250    84286.250  0.2585 31.0205 110.4405   8.00   -inf  -nan   3   2   5   1 166.62
   37   2018 10 16 23:25:43.836    84343.836  0.1551 30.8505 111.1305   6.00   -inf  -nan   7   5  12   4 210.25
    1   2018 10 17 02:23:59.706     8639.706  0.1763 31.1805 111.0305  12.00   -inf  -nan   4   2   6   1 269.69
    2   2018 10 17 02:28:48.488     8928.488  0.1400 30.8605 111.1105   6.00   -inf  -nan   4   2   6   2 274.08
    3   2018 10 17 02:34:42.643     9282.643  0.1649 30.8505 111.1305   6.00   -inf  -nan   7   4  11   4 210.25
    4   2018 10 17 03:36:43.013    13003.013  0.1683 31.0505 110.4605   0.00   -inf  -nan   4   3   7   2 157.85
    5   2018 10 17 03:42:38.384    13358.384  0.1276 30.7405 110.3405   6.00   -inf  -nan   4   4   8   3 278.65
    6   2018 10 17 04:18:56.103    15536.103  0.3027 31.0505 110.4705  10.00   -inf  -nan   4   4   8   4 159.22
    7   2018 10 17 04:26:53.104    16013.104  0.2639 31.0205 109.7405   8.00   -inf  -nan  10   4  14   3 279.99
    8   2018 10 17 04:32:46.523    16366.523  0.3218 31.0805 110.0005  20.00   -inf  -nan   6   2   8   2 222.05
    9   2018 10 17 05:38:03.349    20283.349  0.3318 31.0105 110.4705   8.00   -inf  -nan   3   4   7   3 178.44
   10   2018 10 17 05:39:54.712    20394.712  0.1346 30.9405 110.7805   4.00   -inf  -nan   3   3   6   2 165.87
   11   2018 10 17 06:18:26.524    22706.524  0.3660 31.0505 110.4505   0.00   -inf  -nan  11   8  19   8 106.33
   12   2018 10 17 06:28:25.546    23305.546  0.3078 31.0505 110.4705  10.00   -inf  -nan   6   5  11   4 113.45
   13   2018 10 17 07:15:21.667    26121.667  0.2251 30.8105 111.2405   6.00   -inf  -nan   9   5  14   4 273.09
   14   2018 10 17 07:59:23.982    28763.982  0.3116 31.0505 110.4605   0.00   -inf  -nan  15  15  30  12 109.45
   15   2018 10 17 08:00:59.523    28859.523  0.2620 31.1305 110.0605   0.00   -inf  -nan   9   3  12   2 167.28
   16   2018 10 17 09:07:18.966    32838.966  0.1111 30.8505 111.1305   6.00   -inf  -nan   4   5   9   4 210.75
   17   2018 10 17 09:10:46.078    33046.078  0.1463 30.8505 111.1305   6.00   -inf  -nan   9   5  14   5 210.25
   18   2018 10 17 09:34:00.451    34440.451  0.2314 30.7405 110.9605   0.00   -inf  -nan   5   3   8   2 247.99
   19   2018 10 17 09:43:23.309    35003.309  0.3314 31.0505 110.4305  10.00   -inf  -nan   5   3   8   3 213.27
   20   2018 10 17 10:09:41.876    36581.876  0.3963 31.0205 109.7805   6.00   -inf  -nan   8   5  13   4 267.00
   21   2018 10 17 10:15:45.334    36945.334  0.2860 31.0205 109.7405   2.00   -inf  -nan   7   3  10   1 279.99
   22   2018 10 17 10:55:44.061    39344.061  0.3113 31.0505 110.4605   0.00   -inf  -nan  11  10  21   8 111.60
   23   2018 10 17 11:11:41.607    40301.607  0.2943 31.0505 110.4605   6.00   -inf  -nan  12  13  25   9 111.60
   24   2018 10 17 14:11:40.073    51100.073  0.3087 31.1705 110.4205   0.00   -inf  -nan   6   3   9   3 247.59
   25   2018 10 17 19:00:28.037    68428.037  0.2822 31.1705 110.3005   0.00   -inf  -nan   7   3  10   3 165.54
   26   2018 10 17 19:09:52.001    68992.001  0.3183 31.0505 110.4605   4.00   -inf  -nan  13   9  22   8 111.60
   27   2018 10 17 21:01:37.541    75697.541  0.2809 30.9805 110.8505   0.00   -inf  -nan  10  10  20   8 111.22
   28   2018 10 17 22:14:08.566    80048.566  0.3292 31.0605 110.4605   6.00   -inf  -nan  18  15  33  13 120.13
   29   2018 10 17 23:06:14.216    83174.216  0.1436 30.8505 111.1305   6.00   -inf  -nan   7   6  13   5 210.25
   30   2018 10 17 23:30:50.489    84650.489  0.3752 31.0505 110.4705   6.00   -inf  -nan   4   6  10   4 113.45
    1   2018 10 18 03:04:01.048    11041.048  0.2417 30.8505 111.1305   4.00   -inf  -nan   8   5  13   4 210.25
    2   2018 10 18 04:06:45.870    14805.870  0.2505 31.0805 109.8505  14.00   -inf  -nan  10   5  15   5 286.81
    3   2018 10 18 04:22:13.659    15733.659  0.3913 31.0205 109.7805   8.00   -inf  -nan  11   6  17   5 267.00
    4   2018 10 18 05:28:43.139    19723.139  0.2763 31.2605 110.8705  10.00   -inf  -nan   3   3   6   1 264.79
    5   2018 10 18 05:32:48.706    19968.706  0.1560 31.2005 109.7605   8.00   -inf  -nan   3   2   5   2 336.67
    6   2018 10 18 05:39:09.586    20349.586  0.3018 30.8505 111.1305   6.00   -inf  -nan   8   7  15   5 210.25
    7   2018 10 18 07:51:55.690    28315.690  0.3533 30.9505 110.8005   2.00   -inf  -nan   7   8  15   6 110.17
    8   2018 10 18 07:52:45.653    28365.653  0.3033 31.0205 110.7005   0.00   -inf  -nan   8   2  10   2 133.52
    9   2018 10 18 07:59:23.286    28763.286  0.3589 31.1205 110.0405   6.00   -inf  -nan  14   7  21   7 185.39
   10   2018 10 18 09:25:55.367    33955.367  0.3285 30.8905 110.7605   6.00   -inf  -nan   5   6  11   5 151.10
   11   2018 10 18 09:40:33.454    34833.454  0.2049 30.7705 111.2005  14.00   -inf  -nan   7   2   9   1 261.39
   12   2018 10 18 09:48:45.568    35325.568  0.3204 30.9805 110.7805   0.00   -inf  -nan  13   4  17   4  86.41
   13   2018 10 18 11:09:06.447    40146.447  0.2649 31.0505 110.4605   8.00   -inf  -nan   7   5  12   4 147.48
   14   2018 10 18 13:34:31.481    48871.481  0.3870 31.0505 110.4505   4.00   -inf  -nan  11   9  20   8 106.33
   15   2018 10 18 16:27:51.758    59271.758  0.2572 31.0505 110.4605  12.00   -inf  -nan  21   9  30   9 109.45
   16   2018 10 18 17:08:15.187    61695.187  0.2448 31.1305 110.3505   0.00   -inf  -nan   3   2   5   2 218.97
   17   2018 10 18 17:50:15.300    64215.300  0.4134 31.0505 110.4205   8.00   -inf  -nan  10  11  21   8  94.28
   18   2018 10 18 17:54:12.544    64452.544  0.2209 31.0505 110.4205   6.00   -inf  -nan   3   3   6   2 190.94
   19   2018 10 18 18:19:36.454    65976.454  0.3157 31.1405 110.2905   0.00   -inf  -nan   5   2   7   2 138.84
   20   2018 10 18 19:51:35.103    71495.103  0.3287 31.0505 110.4605   6.00   -inf  -nan   7   7  14   7 157.85
   21   2018 10 18 19:53:53.230    71633.230  0.2101 31.0605 110.4805   0.00   -inf  -nan   4   4   8   3 237.51
   22   2018 10 18 20:19:32.591    73172.591  0.3324 31.0505 110.4605   6.00   -inf  -nan   9   7  16   7 157.85
   23   2018 10 18 21:42:40.062    78160.062  0.1525 31.1805 110.2905  10.00   -inf  -nan   3   2   5   2 183.58
   24   2018 10 18 21:51:51.599    78711.599  0.3281 31.0505 110.4505   8.00   -inf  -nan   8   6  14   6 109.19
   25   2018 10 18 21:59:32.428    79172.428  0.3838 31.0205 110.4805   0.00   -inf  -nan   5   5  10   3  91.96
    1   2018 10 19 00:52:39.913     3159.913  0.4239 31.0205 110.4405   6.00   -inf  -nan  10  10  20   6  87.12
    2   2018 10 19 01:11:37.867     4297.867  0.2976 31.0505 110.4705  12.00   -inf  -nan   4   3   7   3 159.22
    3   2018 10 19 01:31:43.529     5503.529  0.2092 30.8505 111.1305   6.00   -inf  -nan  10   6  16   6 210.25
    4   2018 10 19 01:43:47.869     6227.869  0.2765 30.8505 111.2505   8.00   -inf  -nan   9   4  13   3 280.91
    5   2018 10 19 03:08:31.691    11311.691  0.2845 30.8505 111.1305   6.00   -inf  -nan  10   7  17   5 210.25
    6   2018 10 19 03:23:17.568    12197.568  0.3637 31.2805 110.8205   0.00   -inf  -nan   9   3  12   3 265.03
    7   2018 10 19 03:24:10.785    12250.785  0.4020 31.1805 110.8205   0.00   -inf  -nan   4   5   9   3 251.87
    8   2018 10 19 03:49:32.491    13772.491  0.1649 30.8505 111.1305   6.00   -inf  -nan  10   5  15   4 210.25
    9   2018 10 19 03:52:12.411    13932.411  0.3479 30.8205 110.9105   0.00   -inf  -nan   4   2   6   1 149.32
   10   2018 10 19 04:03:39.073    14619.073  0.2578 31.0505 110.4605   0.00   -inf  -nan   7   6  13   5 111.60
   11   2018 10 19 04:10:39.393    15039.393  0.2331 31.0205 109.8605   6.00   -inf  -nan   3   2   5   2 229.57
   12   2018 10 19 04:12:15.504    15135.504  0.2850 30.9705 109.9705   4.00   -inf  -nan   3   2   5   1 145.58
   13   2018 10 19 04:13:56.625    15236.625  0.3051 31.1705 110.3805   0.00   -inf  -nan  11   3  14   3 174.23
   14   2018 10 19 04:28:32.503    16112.503  0.2154 30.9705 110.7905   0.00   -inf  -nan  14   2  16   2 112.32
   15   2018 10 19 04:46:52.724    17212.724  0.2826 31.0205 110.4405   4.00   -inf  -nan  12   6  18   6 101.35
   16   2018 10 19 07:12:14.344    25934.344  0.2730 30.8105 111.2805   2.00   -inf  -nan   5   3   8   2 294.33
   17   2018 10 19 07:25:57.568    26757.568  0.1731 30.8505 111.1305   4.00   -inf  -nan   8   4  12   3 210.75
   18   2018 10 19 07:43:12.632    27792.632  0.2254 31.0505 110.4605   2.00   -inf  -nan   3   3   6   2 157.85
   19   2018 10 19 07:52:18.933    28338.933  0.3137 31.0605 110.4805   2.00   -inf  -nan   5   4   9   4 175.68
   20   2018 10 19 08:07:20.704    29240.704  0.3289 31.0505 110.4605  10.00   -inf  -nan  13  16  29  12 109.45
   21   2018 10 19 09:30:20.534    34220.534  0.2094 30.8905 111.0805   0.00   -inf  -nan   7   2   9   1 133.91
   22   2018 10 19 09:55:53.954    35753.954  0.2327 31.0505 110.4605   0.00   -inf  -nan   5   5  10   4 111.60
   23   2018 10 19 11:03:10.484    39790.484  0.4319 30.8605 110.8105   6.00   -inf  -nan   5   7  12   5 154.82
   24   2018 10 19 11:51:15.863    42675.863  0.3774 31.0505 110.4505  10.00   -inf  -nan  16  15  31  14 106.33
   25   2018 10 19 13:04:42.693    47082.693  0.2880 31.1105 110.6005   2.00   -inf  -nan   4   2   6   2 222.41
   26   2018 10 19 15:02:36.784    54156.784  0.3454 31.0305 110.4805  10.00   -inf  -nan   9   7  16   7  98.79
   27   2018 10 19 15:37:13.365    56233.365  0.3143 31.0505 110.4605   0.00   -inf  -nan   8   9  17   8 111.60
   28   2018 10 19 17:17:32.806    62252.806  0.2097 31.0705 110.4805  12.00   -inf  -nan   3   2   5   2 265.40
   29   2018 10 19 17:37:57.884    63477.884  0.2993 31.0505 110.4705  12.00   -inf  -nan   6   6  12   6 113.45
   30   2018 10 19 17:42:03.810    63723.810  0.4597 31.0505 110.4105   6.00   -inf  -nan   3   4   7   2 131.82
   31   2018 10 19 18:15:35.577    65735.577  0.3416 31.0605 110.4405   2.00   -inf  -nan   3   3   6   2 216.40
   32   2018 10 19 18:44:26.199    67466.199  0.3079 31.0505 110.4605   8.00   -inf  -nan  11   9  20   9 111.60
   33   2018 10 19 19:05:44.583    68744.583  0.4266 31.0605 110.4405   0.00   -inf  -nan  14  12  26  11 108.13
   34   2018 10 19 20:18:53.883    73133.883  0.2538 31.1705 110.3005   0.00   -inf  -nan   6   2   8   1 178.20
   35   2018 10 19 21:05:22.191    75922.191  0.3604 30.9405 110.7605   0.00   -inf  -nan  12  12  24  10 115.79
   36   2018 10 19 21:55:51.343    78951.343  0.3294 31.0505 110.4605   0.00   -inf  -nan   4   5   9   3 111.60
   37   2018 10 19 23:03:33.929    83013.929  0.2946 31.0605 110.4805   0.00   -inf  -nan   3   4   7   2 217.29
   38   2018 10 19 23:51:11.071    85871.071  0.1740 30.8505 111.1305   6.00   -inf  -nan  17   6  23   6 210.25
    1   2018 10 20 00:53:02.957     3182.957  0.2423 30.8505 111.1305   6.00   -inf  -nan  12   8  20   7 210.25
    2   2018 10 20 01:15:45.010     4545.010  0.2487 31.0605 110.4405   8.00   -inf  -nan   4   2   6   2 216.40
    3   2018 10 20 02:34:37.929     9277.929  0.3863 31.0605 110.4405   2.00   -inf  -nan   5   5  10   4 170.49
    4   2018 10 20 03:56:17.964    14177.964  0.1754 31.2005 110.0505   4.00   -inf  -nan   8   4  12   4 172.61
    5   2018 10 20 04:30:38.925    16238.925  0.3260 31.1405 110.8705   0.00   -inf  -nan  14  10  24   9 202.61
    6   2018 10 20 06:53:36.265    24816.265  0.1754 30.8505 111.1305   4.00   -inf  -nan  13   4  17   4 210.25
    7   2018 10 20 07:58:47.571    28727.571  0.3362 31.0605 110.4405   8.00   -inf  -nan   5   4   9   4 170.49
    8   2018 10 20 08:25:12.109    30312.109  0.3550 30.8905 110.7605   8.00   -inf  -nan  19  18  37  17  86.43
    9   2018 10 20 08:44:26.175    31466.175  0.1031 30.8505 111.1305   4.00   -inf  -nan   7   3  10   3 210.25
   10   2018 10 20 11:51:30.298    42690.298  0.3360 30.8905 110.2705   4.00   -inf  -nan   3   2   5   2 259.26
   11   2018 10 20 13:25:14.368    48314.368  0.3078 31.0405 110.4605   0.00   -inf  -nan  12   9  21   9 103.85
   12   2018 10 20 17:03:26.595    61406.595  0.3230 31.0505 110.4605   0.00   -inf  -nan   8   9  17   7 111.60
   13   2018 10 20 17:33:11.322    63191.322  0.2151 31.0905 110.2705   6.00   -inf  -nan   5   3   8   3 206.57
   14   2018 10 20 21:48:46.335    78526.335  0.4245 31.0605 110.4405  10.00   -inf  -nan   3   4   7   2 154.06
   15   2018 10 20 23:19:33.454    83973.454  0.2531 30.8305 111.1405   4.00   -inf  -nan  14   9  23   9 223.39
   16   2018 10 20 23:33:22.502    84802.502  0.2084 30.8505 111.1305   4.00   -inf  -nan  12   6  18   6 210.25
    1   2018 10 21 00:29:16.659     1756.659  0.4135 31.0505 110.4705   0.00   -inf  -nan   4   5   9   3 113.45
    2   2018 10 21 01:37:42.728     5862.728  0.3489 31.0505 110.4205  10.00   -inf  -nan  17  16  33  15  94.28
    3   2018 10 21 02:21:52.969     8512.969  0.2604 30.9005 111.3505   4.00   -inf  -nan   8   3  11   3 315.26
    4   2018 10 21 02:25:22.138     8722.138  0.3138 31.0505 110.4605   6.00   -inf  -nan   7   4  11   4 111.60
    5   2018 10 21 03:24:37.351    12277.351  0.3063 31.0505 110.4505   8.00   -inf  -nan  20  18  38  17 106.33
    6   2018 10 21 03:49:18.769    13758.769  0.1495 31.0605 110.4805  12.00   -inf  -nan   3   2   5   2 244.76
    7   2018 10 21 04:24:28.085    15868.085  0.1613 31.0505 110.4505   0.00   -inf  -nan   4   3   7   2 162.03
    8   2018 10 21 05:36:39.247    20199.247  0.3640 31.0205 110.6905   0.00   -inf  -nan  13   7  20   5 131.29
    9   2018 10 21 07:01:07.564    25267.564  0.3172 31.0505 110.4605   6.00   -inf  -nan  19  15  34  13 109.45
   10   2018 10 21 08:18:45.036    29925.036  0.1560 30.8505 111.1305   6.00   -inf  -nan   8   4  12   4 210.25
   11   2018 10 21 08:34:01.213    30841.213  0.1592 30.8505 111.1305   6.00   -inf  -nan   8   5  13   5 210.25
   12   2018 10 21 09:57:07.045    35827.045  0.3679 31.1205 109.7705   0.00   -inf  -nan   7   3  10   3 307.79
   13   2018 10 21 10:30:53.252    37853.252  0.2924 31.1305 110.3405   4.00   -inf  -nan   4   2   6   1 167.58
   14   2018 10 21 13:47:18.663    49638.663  0.3094 31.0205 110.4805   0.00   -inf  -nan   6   4  10   4 135.90
   15   2018 10 21 14:15:09.572    51309.572  0.3172 31.0505 110.4605   8.00   -inf  -nan   7   6  13   6 111.60
   16   2018 10 21 14:46:34.187    53194.187  0.3235 31.0505 110.4605   0.00   -inf  -nan   6   6  12   5 111.60
   17   2018 10 21 19:09:25.986    68965.986  0.1361 31.0105 110.4705   0.00   -inf  -nan   5   3   8   3 135.90
   18   2018 10 21 20:00:01.566    72001.566  0.2553 31.1805 110.1305   8.00   -inf  -nan   5   2   7   2 140.16
   19   2018 10 21 20:05:10.176    72310.176  0.3826 31.0205 110.4405   6.00   -inf  -nan  14  12  26  10  87.12
   20   2018 10 21 20:09:51.912    72591.912  0.3466 31.0505 110.4605   0.00   -inf  -nan   7   6  13   6 111.60
   21   2018 10 21 21:24:20.219    77060.219  0.3660 31.0505 110.4505   8.00   -inf  -nan  22  17  39  17 106.33
   22   2018 10 21 21:38:10.592    77890.592  0.2340 31.0605 110.4405   8.00   -inf  -nan   3   2   5   1 210.58
   23   2018 10 21 23:23:50.246    84230.246  0.2839 31.0905 110.2705   6.00   -inf  -nan   5   4   9   3  89.18
   24   2018 10 21 23:24:04.693    84244.693  0.3218 31.0505 110.4605   4.00   -inf  -nan  12  10  22   8 109.45
    1   2018 10 22 01:17:55.572     4675.572  0.2968 30.8205 111.2705   0.00   -inf  -nan  11   8  19   7 285.36
    2   2018 10 22 01:24:44.701     5084.701  0.3032 30.8505 111.1705   4.00   -inf  -nan  12   8  20   7 231.43
    3   2018 10 22 03:22:57.686    12177.686  0.3748 31.1005 109.9805   0.00   -inf  -nan  11   6  17   4 219.81
    4   2018 10 22 04:28:08.872    16088.872  0.1834 30.8205 110.9705   0.00   -inf  -nan   7   2   9   2 225.02
    5   2018 10 22 07:23:17.909    26597.909  0.2415 30.8205 110.9305   0.00   -inf  -nan   9   3  12   3 102.66
    6   2018 10 22 08:03:47.013    29027.013  0.3618 30.7905 110.5805   2.00   -inf  -nan   3   2   5   1 244.49
    7   2018 10 22 08:15:28.911    29728.911  0.1417 30.8505 111.1305   6.00   -inf  -nan  10   5  15   5 210.25
    8   2018 10 22 08:33:24.225    30804.225  0.3241 31.0305 110.4405   6.00   -inf  -nan   8   8  16   7  92.86
    9   2018 10 22 08:47:56.114    31676.114  0.1603 30.8505 111.2405   4.00   -inf  -nan   5   2   7   2 293.47
   10   2018 10 22 08:49:43.913    31783.913  0.2228 30.8505 111.1305   6.00   -inf  -nan   8   6  14   6 210.25
   11   2018 10 22 10:28:29.028    37709.028  0.1940 31.1305 110.3005   0.00   -inf  -nan   3   2   5   1 165.46
   12   2018 10 22 11:13:09.419    40389.419  0.3643 31.0605 110.4405   0.00   -inf  -nan   6   6  12   5 170.49
   13   2018 10 22 15:05:37.265    54337.265  0.2073 31.0905 110.1105  10.00   -inf  -nan   5   2   7   2 155.73
   14   2018 10 22 16:08:11.853    58091.853  0.3919 31.0505 110.4605   0.00   -inf  -nan  10   8  18   7 111.60
   15   2018 10 22 17:03:49.341    61429.341  0.2260 30.9005 111.1305   4.00   -inf  -nan   5   2   7   2 150.86
   16   2018 10 22 18:23:03.705    66183.705  0.2024 31.0505 110.4605   0.00   -inf  -nan   4   3   7   2 111.60
   17   2018 10 22 20:20:49.429    73249.429  0.2829 31.0605 110.4405   6.00   -inf  -nan   5   2   7   2 170.49
    1   2018 10 23 01:54:18.449     6858.449  0.3034 30.9005 111.3505   0.00   -inf  -nan   5   3   8   3 316.82
    2   2018 10 23 02:29:16.643     8956.643  0.2608 30.8505 111.1305   6.00   -inf  -nan  12   7  19   7 210.25
    3   2018 10 23 03:45:23.060    13523.060  0.3507 30.8505 111.1305   8.00   -inf  -nan  10   7  17   7 210.25
    4   2018 10 23 03:45:43.741    13543.741  0.1603 30.8505 111.1305   6.00   -inf  -nan   7   6  13   5 210.25
    5   2018 10 23 04:33:33.212    16413.212  0.2246 30.7405 110.8405   8.00   -inf  -nan   8   4  12   3 187.51
    6   2018 10 23 04:58:14.098    17894.098  0.2583 31.2005 110.0405   6.00   -inf  -nan  10   4  14   4 173.24
    7   2018 10 23 07:30:51.259    27051.259  0.2495 30.9005 110.7205   0.00   -inf  -nan  11   7  18   7  94.62
    8   2018 10 23 07:50:23.005    28223.005  0.2930 30.8605 110.4605   2.00   -inf  -nan   4   5   9   4 221.45
    9   2018 10 23 07:57:12.785    28632.785  0.2631 30.9405 110.7605   6.00   -inf  -nan   3   3   6   2 183.47
   10   2018 10 23 08:02:52.441    28972.441  0.1208 30.8505 111.1305   6.00   -inf  -nan   9   4  13   4 210.25
   11   2018 10 23 08:04:38.368    29078.368  0.4614 30.9005 110.4405   2.00   -inf  -nan   3   2   5   2 291.00
   12   2018 10 23 08:13:26.943    29606.943  0.2772 30.7205 110.0905   0.00   -inf  -nan   3   3   6   3 318.28
   13   2018 10 23 08:21:17.564    30077.564  0.3296 31.0505 110.4605  10.00   -inf  -nan   6   6  12   5 157.85
   14   2018 10 23 08:35:01.513    30901.513  0.3846 30.9605 110.9405   4.00   -inf  -nan   4   2   6   1 139.26
   15   2018 10 23 09:48:11.788    35291.788  0.3678 30.9105 110.5205   0.00   -inf  -nan   5   6  11   4 154.45
   16   2018 10 23 10:27:36.489    37656.489  0.3351 30.9005 110.1005  14.00   -inf  -nan   3   3   6   2 306.59
   17   2018 10 23 15:13:27.126    54807.126  0.3553 31.0605 110.4605   8.00   -inf  -nan   6   5  11   5 165.36
   18   2018 10 23 15:18:59.430    55139.430  0.4041 31.0605 110.4405   4.00   -inf  -nan   3   4   7   2 210.58
   19   2018 10 23 19:27:02.115    70022.115  0.4433 31.1305 110.3005   0.00   -inf  -nan   5   2   7   1 131.46
   20   2018 10 23 20:52:16.963    75136.963  0.3534 30.8605 111.1505   8.00   -inf  -nan   7   2   9   2 215.44
   21   2018 10 23 21:06:13.770    75973.770  0.2769 31.0505 110.4605   2.00   -inf  -nan   5   6  11   5 221.25
   22   2018 10 23 22:08:08.255    79688.255  0.2397 31.0605 110.2805   2.00   -inf  -nan   5   5  10   4  82.75
   23   2018 10 23 23:07:14.363    83234.363  0.3328 31.0505 110.4305   8.00   -inf  -nan   6   6  12   5 102.66
   24   2018 10 23 23:14:44.468    83684.468  0.1185 30.8505 111.1305   4.00   -inf  -nan   8   5  13   5 210.25
    1   2018 10 24 00:53:30.590     3210.590  0.1563 30.8505 111.1305   6.00   -inf  -nan   6   3   9   3 210.75
    2   2018 10 24 01:58:19.560     7099.560  0.2623 31.0305 110.4405   6.00   -inf  -nan   5   5  10   5 190.37
    3   2018 10 24 02:45:17.237     9917.237  0.1957 30.9405 110.0205  16.00   -inf  -nan   4   2   6   2 149.60
    4   2018 10 24 03:04:40.296    11080.296  0.2809 31.1205 110.0405   6.00   -inf  -nan   9   8  17   5 185.39
    5   2018 10 24 03:25:29.618    12329.618  0.3975 31.3005 110.8305   0.00   -inf  -nan   8   4  12   2 272.93
    6   2018 10 24 03:50:24.675    13824.675  0.3261 31.0205 109.7805   8.00   -inf  -nan   8   3  11   2 267.00
    7   2018 10 24 03:59:40.214    14380.214  0.4048 31.1805 110.3605  10.00   -inf  -nan   9   8  17   6 166.42
    8   2018 10 24 04:17:36.027    15456.027  0.3031 31.0205 109.7805   6.00   -inf  -nan   9   4  13   3 267.00
    9   2018 10 24 04:34:39.632    16479.632  0.4444 31.0605 110.4405   8.00   -inf  -nan   8  10  18   7 164.64
   10   2018 10 24 05:07:02.597    18422.597  0.2916 30.9705 110.1105   4.00   -inf  -nan   9   2  11   1 244.40
   11   2018 10 24 05:21:32.593    19292.593  0.2638 31.0605 110.4805   0.00   -inf  -nan   5   5  10   5 217.29
   12   2018 10 24 06:55:56.037    24956.037  0.4828 30.8505 111.2505   4.00   -inf  -nan   3   4   7   1 306.73
   13   2018 10 24 07:03:29.642    25409.642  0.3260 31.0205 110.7005   6.00   -inf  -nan   8   5  13   2 133.52
   14   2018 10 24 07:11:10.946    25870.946  0.2457 30.8505 111.1305   6.00   -inf  -nan   5   5  10   5 210.75
   15   2018 10 24 07:49:38.602    28178.602  0.2483 30.9405 110.7705   4.00   -inf  -nan   6   7  13   6 173.07
   16   2018 10 24 09:24:01.879    33841.879  0.1301 30.8505 111.1305   4.00   -inf  -nan   7   5  12   4 210.25
   17   2018 10 24 14:18:38.330    51518.330  0.4342 31.0205 110.4405   8.00   -inf  -nan  17  18  35  15 106.55
   18   2018 10 24 14:43:30.599    53010.599  0.1631 31.0605 110.4405   8.00   -inf  -nan   5   3   8   3 216.40
   19   2018 10 24 15:56:10.820    57370.820  0.2244 31.1805 110.1305  14.00   -inf  -nan   3   2   5   2 140.16
   20   2018 10 24 16:02:06.550    57726.550  0.3198 31.0605 110.4405   4.00   -inf  -nan   5   6  11   5 170.49
   21   2018 10 24 16:20:27.551    58827.551  0.2780 31.0505 110.4705  14.00   -inf  -nan   6   5  11   5 159.22
   22   2018 10 24 17:28:35.549    62915.549  0.2452 31.1605 110.0805  10.00   -inf  -nan   3   2   5   2 169.00
   23   2018 10 24 19:17:39.586    69459.586  0.3196 31.0605 110.4405   0.00   -inf  -nan   4   4   8   4 170.49
   24   2018 10 24 22:14:52.547    80092.547  0.3021 31.0605 110.4405   2.00   -inf  -nan   4   4   8   3 170.49
   25   2018 10 24 23:09:04.161    83344.161  0.1596 30.8505 111.1305   6.00   -inf  -nan  11   6  17   5 210.75
   26   2018 10 24 23:09:38.199    83378.199  0.1933 30.8505 111.1305   6.00   -inf  -nan  13   6  19   6 210.75
   27   2018 10 24 23:46:58.979    85618.979  0.2490 31.0605 110.4805   0.00   -inf  -nan   3   3   6   3 279.12
   28   2018 10 24 23:51:10.732    85870.732  0.1365 30.8505 111.1305   6.00   -inf  -nan   8   8  16   6 210.25
    1   2018 10 27 01:26:35.379     5195.379  0.3674 31.0605 110.4605  10.00   -inf  -nan  10  14  24   9 120.13
    2   2018 10 27 07:52:02.866    28322.866  0.1305 31.0505 110.1905   6.00   -inf  -nan   4   2   6   2 263.14
    3   2018 10 27 07:59:34.692    28774.692  0.3224 30.7405 110.4205   0.00   -inf  -nan   3   3   6   2 275.69
    4   2018 10 27 09:47:27.471    35247.471  0.2068 30.8505 111.1305   6.00   -inf  -nan  10   8  18   7 210.25
    5   2018 10 27 15:38:20.370    56300.370  0.1689 31.1305 109.9505  12.00   -inf  -nan   6   4  10   4 253.37
    6   2018 10 27 15:40:04.542    56404.542  0.1368 31.1205 109.9205  12.00   -inf  -nan   9   6  15   6 267.63
    7   2018 10 27 15:52:14.958    57134.958  0.4173 30.9405 110.7805   4.00   -inf  -nan  13   9  22   9  92.21
    8   2018 10 27 16:15:34.001    58534.001  0.1975 31.0505 110.1905   4.00   -inf  -nan   8   7  15   6 124.62
    9   2018 10 27 16:50:03.328    60603.328  0.3714 31.0505 110.4305  10.00   -inf  -nan   4   5   9   4 115.66
   10   2018 10 27 17:28:35.166    62915.166  0.2134 31.0605 110.4805   8.00   -inf  -nan   9   5  14   5 123.88
   11   2018 10 27 19:01:54.415    68514.415  0.2614 30.9805 110.8205   2.00   -inf  -nan   4   5   9   3 181.54
   12   2018 10 27 22:51:18.657    82278.657  0.3164 31.0505 110.4605   8.00   -inf  -nan   6   7  13   6 111.60
    1   2018 10 28 00:00:16.853       16.853  0.2158 31.0605 110.4805   0.00   -inf  -nan   3   4   7   3 217.29
    2   2018 10 28 00:05:37.381      337.381  0.1614 30.8505 111.1305   6.00   -inf  -nan  15   7  22   7 210.75
    3   2018 10 28 00:06:20.598      380.598  0.2005 30.8505 111.1305   6.00   -inf  -nan   7   3  10   2 210.75
    4   2018 10 28 01:02:03.429     3723.429  0.3332 30.8905 111.0405   0.00   -inf  -nan   4   2   6   1  98.74
    5   2018 10 28 02:34:42.727     9282.727  0.2456 30.8905 111.3605   6.00   -inf  -nan   6   3   9   1 317.83
    6   2018 10 28 02:41:46.311     9706.311  0.1339 30.8505 111.1305   4.00   -inf  -nan   6   3   9   3 210.75
    7   2018 10 28 02:59:03.576    10743.576  0.2464 30.8105 111.2805  10.00   -inf  -nan   4   2   6   1 294.33
    8   2018 10 28 06:23:36.477    23016.477  0.3622 30.7305 111.0105   0.00   -inf  -nan   7   6  13   5 235.03
    9   2018 10 28 06:26:31.623    23191.623  0.4074 31.0505 110.4605   0.00   -inf  -nan  13  11  24   9 109.45
   10   2018 10 28 06:37:24.380    23844.380  0.1729 30.8505 111.1305   4.00   -inf  -nan  10   4  14   3 210.25
   11   2018 10 28 06:43:35.148    24215.148  0.2502 30.9705 111.2905   8.00   -inf  -nan  12   5  17   5 301.88
   12   2018 10 28 06:46:09.420    24369.420  0.1136 30.8505 111.1305   6.00   -inf  -nan   4   4   8   4 210.75
   13   2018 10 28 22:52:58.915    82378.915  0.3284 31.1405 110.0505   8.00   -inf  -nan  13   6  19   5 168.86
   14   2018 10 28 23:23:59.441    84239.441  0.1726 30.8505 111.1305   6.00   -inf  -nan  13   6  19   6 210.25
   15   2018 10 28 23:36:54.336    85014.336  0.2604 31.1805 110.1305  12.00   -inf  -nan   3   2   5   2 140.16
    1   2018 10 29 01:55:18.269     6918.269  0.3755 30.9805 110.0205   0.00   -inf  -nan  11   5  16   5 123.21
    2   2018 10 29 02:58:02.884    10682.884  0.2433 30.8105 111.1605   4.00   -inf  -nan   9   4  13   4 238.50
    3   2018 10 29 02:58:45.242    10725.242  0.3060 30.8505 111.1305   4.00   -inf  -nan   9   5  14   5 210.25
    4   2018 10 29 03:50:50.607    13850.607  0.3366 31.0205 109.7405  12.00   -inf  -nan   6   4  10   2 279.99
    5   2018 10 29 04:58:20.151    17900.151  0.4262 31.0505 110.4205  10.00   -inf  -nan   8  10  18   6  94.28
    6   2018 10 29 05:22:57.668    19377.668  0.4022 31.0205 110.6805   4.00   -inf  -nan   8   6  14   3 128.69
    7   2018 10 29 06:08:40.089    22120.089  0.3181 31.0605 110.4405   0.00   -inf  -nan   4   3   7   1 113.97
    8   2018 10 29 06:16:07.550    22567.550  0.3887 31.2405 110.0405   8.00   -inf  -nan  10   4  14   3 237.39
    9   2018 10 29 06:35:07.451    23707.451  0.2500 31.0905 110.1105  10.00   -inf  -nan   4   3   7   3 155.73
   10   2018 10 29 06:37:44.456    23864.456  0.2998 30.9805 110.8205   2.00   -inf  -nan   6   6  12   4 115.72
   11   2018 10 29 06:47:26.604    24446.604  0.4354 31.0205 110.4605   8.00   -inf  -nan   7   8  15   7  90.43
   12   2018 10 29 07:54:28.989    28468.989  0.3817 31.0505 110.4605   8.00   -inf  -nan   7   8  15   7 111.60
   13   2018 10 29 07:55:35.801    28535.801  0.1986 30.8505 111.1205   6.00   -inf  -nan   4   5   9   4 205.95
   14   2018 10 29 08:48:54.630    31734.630  0.1570 30.8605 111.1105   6.00   -inf  -nan   5   3   8   2 274.08
   15   2018 10 29 08:55:46.672    32146.672  0.4247 31.1205 110.1205   8.00   -inf  -nan   4   4   8   1 146.97
   16   2018 10 29 09:17:20.972    33440.972  0.3515 31.0105 110.4705   0.00   -inf  -nan   3   2   5   1 178.44
   17   2018 10 29 09:30:36.058    34236.058  0.2930 30.8505 111.1305   4.00   -inf  -nan  11   7  18   7 210.25
   18   2018 10 29 09:53:45.778    35625.778  0.2976 30.7405 110.9305   6.00   -inf  -nan   6   2   8   2 207.91
   19   2018 10 29 10:22:06.826    37326.826  0.3350 30.7805 110.9705   0.00   -inf  -nan  10   3  13   3 194.39
   20   2018 10 29 16:44:10.240    60250.240  0.3706 31.0205 110.4405   4.00   -inf  -nan   4   5   9   4 123.87
   21   2018 10 29 17:20:34.603    62434.603  0.4466 31.0505 110.4605   6.00   -inf  -nan   5   5  10   3 111.60
   22   2018 10 29 18:11:35.908    65495.908  0.1422 30.8605 110.5605   8.00   -inf  -nan   9   7  16   6 145.72
   23   2018 10 29 18:29:40.865    66580.865  0.3275 31.0605 110.4405   6.00   -inf  -nan   7  10  17   7 113.97
   24   2018 10 29 18:47:49.351    67669.351  0.1319 30.8905 111.1305   4.00   -inf  -nan   6   2   8   2 164.15
   25   2018 10 29 20:21:07.253    73267.253  0.1454 30.8605 110.5605   8.00   -inf  -nan  12  10  22   9 145.72
   26   2018 10 29 21:48:09.758    78489.758  0.2155 31.0205 110.4805   0.00   -inf  -nan   3   2   5   2 163.04
   27   2018 10 29 21:55:14.386    78914.386  0.2349 31.1705 110.3005   0.00   -inf  -nan   5   2   7   2 204.22
   28   2018 10 29 23:15:23.357    83723.357  0.2777 30.8905 111.1205   4.00   -inf  -nan  10   2  12   1 152.93
   29   2018 10 29 23:15:58.868    83758.868  0.1866 30.8505 111.1305   4.00   -inf  -nan  11   6  17   6 210.25
   30   2018 10 29 23:18:23.349    83903.349  0.3689 31.0505 110.4605  10.00   -inf  -nan   8   7  15   5 111.60
    1   2018 10 30 02:18:14.818     8294.818  0.1450 30.8505 111.1305   6.00   -inf  -nan   6   4  10   4 210.75
    2   2018 10 30 03:23:18.583    12198.583  0.1930 30.8605 110.5605   8.00   -inf  -nan   6   6  12   4 190.22
    3   2018 10 30 03:53:03.683    13983.683  0.3551 31.1205 109.7705   0.00   -inf  -nan   7   3  10   3 307.79
    4   2018 10 30 04:56:49.578    17809.578  0.3661 30.8605 110.7405  10.00   -inf  -nan  10   4  14   3  99.04
    5   2018 10 30 05:13:09.088    18789.088  0.1989 31.1505 110.8405  10.00   -inf  -nan   7   6  13   3 205.21
    6   2018 10 30 06:10:37.493    22237.493  0.3416 31.0405 110.4505  10.00   -inf  -nan  21  15  36  15 101.38
    7   2018 10 30 06:30:26.950    23426.950  0.3284 31.0605 110.4405   6.00   -inf  -nan   3   4   7   3 170.49
    8   2018 10 30 06:31:30.984    23490.984  0.2843 31.0405 110.4505   8.00   -inf  -nan  12   9  21   8 101.38
    9   2018 10 30 07:16:34.159    26194.159  0.3322 30.9805 110.3605   0.00   -inf  -nan   6   3   9   1  99.05
   10   2018 10 30 08:45:45.015    31545.015  0.2637 30.8505 111.2405   8.00   -inf  -nan   4   4   8   4 293.47
   11   2018 10 30 09:42:12.504    34932.504  0.4652 31.0205 109.7405   2.00   -inf  -nan   5   3   8   2 279.99
   12   2018 10 30 09:44:41.331    35081.331  0.2090 31.0605 109.7405   0.00   -inf  -nan   5   2   7   2 278.60
   13   2018 10 30 09:46:12.536    35172.536  0.1506 30.8505 111.1305   4.00   -inf  -nan  10   4  14   3 210.25
   14   2018 10 30 10:37:19.626    38239.626  0.3453 30.9805 110.7805   0.00   -inf  -nan  15   4  19   3  66.32
   15   2018 10 30 14:25:22.452    51922.452  0.2792 30.9705 110.8005   4.00   -inf  -nan   8   6  14   5 111.89
   16   2018 10 30 17:18:52.500    62332.500  0.3715 31.0605 110.4405   6.00   -inf  -nan   5   4   9   3 170.49
   17   2018 10 30 17:25:33.801    62733.801  0.2965 31.0805 110.8205   8.00   -inf  -nan  22  20  42  20 124.12
   18   2018 10 30 20:18:20.402    73100.402  0.2831 30.9705 110.8005   4.00   -inf  -nan   8   8  16   6 111.89
   19   2018 10 30 21:17:37.642    76657.642  0.2494 31.0605 110.4405   8.00   -inf  -nan   3   2   5   1 216.40
   20   2018 10 30 23:15:36.253    83736.253  0.1962 30.8505 111.1305   6.00   -inf  -nan  11   6  17   5 210.25
    1   2018 10 31 01:38:28.487     5908.487  0.2399 30.9705 111.3205  10.00   -inf  -nan   7   2   9   2 343.88
    2   2018 10 31 03:40:49.394    13249.394  0.2127 30.8505 111.1305   4.00   -inf  -nan  10   7  17   6 210.25
    3   2018 10 31 03:45:48.582    13548.582  0.2787 30.8705 110.5605   0.00   -inf  -nan   8   2  10   2 150.56
    4   2018 10 31 04:10:28.087    15028.087  0.4584 31.1105 110.8805   4.00   -inf  -nan   3   2   5   1 283.02
    5   2018 10 31 04:46:00.138    17160.138  0.3241 30.8905 111.1305   4.00   -inf  -nan   6   3   9   3 164.15
    6   2018 10 31 04:48:49.264    17329.264  0.2463 30.7305 111.0505   4.00   -inf  -nan   6   3   9   3 262.48
    7   2018 10 31 07:06:43.999    25603.999  0.2448 31.1205 110.0405   8.00   -inf  -nan  10   4  14   4 185.39
    8   2018 10 31 07:31:11.140    27071.140  0.4496 30.9805 110.4005   0.00   -inf  -nan  11   6  17   6  82.74
    9   2018 10 31 07:35:38.013    27338.013  0.2497 30.8505 111.2405  12.00   -inf  -nan   5   3   8   2 293.47
   10   2018 10 31 08:38:10.550    31090.550  0.2804 31.0105 110.1505   0.00   -inf  -nan   9   5  14   5 204.26
   11   2018 10 31 09:42:00.430    34920.430  0.2504 30.8505 111.1305   8.00   -inf  -nan  10   5  15   5 210.25
   12   2018 10 31 12:29:16.145    44956.145  0.3427 31.0105 110.4705   0.00   -inf  -nan   3   3   6   2 178.44
   13   2018 10 31 16:35:05.984    59705.984  0.4136 31.0905 110.3405   6.00   -inf  -nan  13  10  23  10  81.66
   14   2018 10 31 16:55:33.516    60933.516  0.3184 31.1805 110.1305  12.00   -inf  -nan   3   2   5   2 140.16
   15   2018 10 31 18:10:29.339    65429.339  0.3506 30.8505 110.8005   6.00   -inf  -nan   3   4   7   3 147.59
   16   2018 10 31 21:00:20.740    75620.740  0.3550 31.0605 110.4405   6.00   -inf  -nan   6   4  10   4 170.49
   17   2018 10 31 22:50:45.005    82245.005  0.3227 31.0605 110.3605   4.00   -inf  -nan   4   4   8   2  73.26
   18   2018 10 31 23:14:10.516    83650.516  0.2223 30.8505 111.1305   4.00   -inf  -nan   6   4  10   4 210.75
    1   2018 11 01 03:59:00.750    14340.750  0.4087 31.3005 110.8005   0.00   -inf  -nan   9   3  12   2 251.08
    2   2018 11 01 04:03:10.405    14590.405  0.2278 31.1805 110.0205   8.00   -inf  -nan   8   3  11   3 118.51
    3   2018 11 01 04:46:49.215    17209.215  0.3410 30.9805 110.3605   4.00   -inf  -nan   9   4  13   3 151.03
    4   2018 11 01 05:44:54.872    20694.872  0.1916 30.8505 111.1305   6.00   -inf  -nan   6   4  10   3 210.25
    5   2018 11 01 05:51:52.287    21112.287  0.1291 30.8605 110.5605  10.00   -inf  -nan   5   3   8   3 201.51
    6   2018 11 01 06:58:03.167    25083.167  0.3299 31.1205 110.0405   6.00   -inf  -nan  12   3  15   2 185.39
    7   2018 11 01 07:38:44.967    27524.967  0.1788 30.8505 111.1305   4.00   -inf  -nan   6   4  10   3 210.25
    8   2018 11 01 09:41:37.308    34897.308  0.1967 31.0905 110.1105   0.00   -inf  -nan   6   5  11   5 155.73
    9   2018 11 01 10:37:13.117    38233.117  0.3017 31.0505 110.2305   6.00   -inf  -nan   9   5  14   4  86.23
   10   2018 11 01 12:38:26.874    45506.874  0.3841 30.8905 110.7605   8.00   -inf  -nan  19  12  31  12 132.10
   11   2018 11 01 15:31:52.977    55912.977  0.3849 30.8905 110.7605   6.00   -inf  -nan  19  14  33  14 132.10
   12   2018 11 01 23:12:07.291    83527.291  0.1949 30.8505 111.1305   6.00   -inf  -nan  12   5  17   5 210.25
    1   2018 11 02 00:48:03.603     2883.603  0.2048 30.8505 111.1305   6.00   -inf  -nan   7   6  13   6 210.25
    2   2018 11 02 00:55:59.578     3359.578  0.1201 31.0605 110.4805   0.00   -inf  -nan   3   2   5   1 217.29
    3   2018 11 02 04:06:40.019    14800.019  0.4690 31.0205 109.8105   0.00   -inf  -nan   4   2   6   1 272.57
    4   2018 11 02 04:09:56.284    14996.284  0.3466 30.9705 110.3705   6.00   -inf  -nan   9   3  12   3  88.31
    5   2018 11 02 04:21:19.169    15679.169  0.4331 31.0105 109.8305   0.00   -inf  -nan   7   2   9   2 265.86
    6   2018 11 02 04:25:40.475    15940.475  0.3502 31.0205 109.8205   2.00   -inf  -nan   3   2   5   2 268.94
    7   2018 11 02 05:38:21.341    20301.341  0.1793 30.8505 111.1305   4.00   -inf  -nan   9   4  13   4 210.25
    8   2018 11 02 06:52:55.297    24775.297  0.4092 30.8105 110.9205   2.00   -inf  -nan   7   7  14   6 101.23
    9   2018 11 02 07:00:42.465    25242.465  0.0743 30.9205 110.0105  14.00   -inf  -nan   3   2   5   2 325.41
   10   2018 11 02 08:06:59.281    29219.281  0.1835 30.7805 110.9305   6.00   -inf  -nan   3   2   5   2 192.08
   11   2018 11 02 08:15:10.168    29710.168  0.3661 31.2805 110.9005   4.00   -inf  -nan   8   7  15   4 269.34
   12   2018 11 02 08:51:17.560    31877.560  0.3986 31.2105 110.3905   0.00   -inf  -nan   7   3  10   3 238.01
   13   2018 11 02 08:55:52.530    32152.530  0.4194 30.8905 110.7205  12.00   -inf  -nan  12   8  20   7  97.68
   14   2018 11 02 08:58:37.706    32317.706  0.2153 30.9305 111.3605  12.00   -inf  -nan   4   4   8   3 320.89
   15   2018 11 02 09:54:13.092    35653.092  0.3084 31.1005 109.9405   8.00   -inf  -nan  10   5  15   4 232.93
   16   2018 11 02 10:54:28.199    39268.199  0.3568 31.0505 110.4405  10.00   -inf  -nan  12  10  22   9 102.77
   17   2018 11 02 12:42:13.201    45733.201  0.3570 31.0905 110.3105   0.00   -inf  -nan  10   7  17   7  90.31
   18   2018 11 02 13:50:07.838    49807.838  0.1620 30.8605 110.5605   6.00   -inf  -nan   9   6  15   6 145.72
   19   2018 11 02 17:53:43.322    64423.322  0.3788 31.0505 110.4605   8.00   -inf  -nan  20  16  36  16 109.45
   20   2018 11 02 18:18:19.621    65899.621  0.1852 31.0205 110.3605   6.00   -inf  -nan   3   3   6   3 224.13
   21   2018 11 02 18:31:33.070    66693.070  0.2389 30.7805 110.7705  12.00   -inf  -nan  14  10  24  10 110.23
   22   2018 11 02 20:07:54.207    72474.207  0.0586 30.8605 110.5605  10.00   -inf  -nan   3   2   5   2 234.40
   23   2018 11 02 20:57:59.662    75479.662  0.3068 30.9405 110.7505   4.00   -inf  -nan  13   9  22   9  68.13
   24   2018 11 02 21:46:15.833    78375.833  0.1344 31.1305 110.4205   6.00   -inf  -nan   3   2   5   2 307.54
   25   2018 11 02 23:25:49.948    84349.948  0.1742 30.8505 111.1305   6.00   -inf  -nan   9   6  15   5 210.25
    1   2018 11 03 00:32:47.753     1967.753  0.1959 30.8505 111.1305   6.00   -inf  -nan   8   5  13   5 210.25
    2   2018 11 03 00:33:30.971     2010.971  0.1893 30.8505 111.1305   6.00   -inf  -nan   7   5  12   5 210.25
    3   2018 11 03 01:42:10.358     6130.358  0.1519 30.8905 111.3605   6.00   -inf  -nan   6   2   8   2 317.83
    4   2018 11 03 03:42:39.736    13359.736  0.1775 30.7805 110.7705  10.00   -inf  -nan   8   8  16   6 116.19
    5   2018 11 03 03:45:47.489    13547.489  0.2995 31.3405 110.0505   2.00   -inf  -nan   7   3  10   3 303.88
    6   2018 11 03 04:00:15.125    14415.125  0.4049 31.0205 110.7005   0.00   -inf  -nan   5   5  10   2 133.52
    7   2018 11 03 04:24:21.209    15861.209  0.4755 30.9705 110.3705   4.00   -inf  -nan  10   6  16   4  88.31
    8   2018 11 03 06:14:22.430    22462.430  0.3423 31.1705 110.2705   0.00   -inf  -nan   6   2   8   1 317.46
    9   2018 11 03 06:26:16.407    23176.407  0.1947 31.2505 110.3105   0.00   -inf  -nan   4   2   6   1 258.68
   10   2018 11 03 06:31:54.725    23514.725  0.2116 30.8505 111.2405  12.00   -inf  -nan   5   2   7   2 278.91
   11   2018 11 03 07:41:12.552    27672.552  0.0857 30.7105 110.9005   8.00   -inf  -nan   4   3   7   1 244.16
   12   2018 11 03 08:55:15.253    32115.253  0.2546 30.8505 111.1305   4.00   -inf  -nan  11   4  15   4 210.25
   13   2018 11 03 09:35:03.284    34503.284  0.1672 31.2005 110.0505   4.00   -inf  -nan   7   2   9   2 172.61
   14   2018 11 03 09:37:51.123    34671.123  0.2353 30.8505 111.1305   6.00   -inf  -nan  10   8  18   7 210.25
   15   2018 11 03 09:41:12.795    34872.795  0.2365 31.2405 110.0405   8.00   -inf  -nan  10   5  15   5 237.39
   16   2018 11 03 12:56:07.943    46567.943  0.3274 31.0505 110.4605   8.00   -inf  -nan   9   8  17   7 111.60
   17   2018 11 03 18:03:11.155    64991.155  0.2077 30.8905 111.1605   8.00   -inf  -nan   5   2   7   2 195.54
   18   2018 11 03 20:40:11.725    74411.725  0.3203 31.1305 110.2205   0.00   -inf  -nan  10  13  23   9  98.42
   19   2018 11 03 20:48:20.531    74900.531  0.2064 30.8505 111.1305   8.00   -inf  -nan   3   2   5   2 232.15
   20   2018 11 03 20:54:54.538    75294.538  0.2525 31.1305 110.2305   2.00   -inf  -nan   6   4  10   3 101.40
    1   2018 11 04 02:46:19.972     9979.972  0.1896 30.8505 111.1305   6.00   -inf  -nan   8   6  14   6 210.25
    2   2018 11 04 03:22:04.869    12124.869  0.3234 30.8905 110.7605   4.00   -inf  -nan   4   3   7   1 136.36
    3   2018 11 04 05:49:23.474    20963.474  0.3479 30.9005 110.7205   6.00   -inf  -nan  13   9  22   9  94.62
    4   2018 11 04 05:56:21.421    21381.421  0.1757 30.9405 110.0205  12.00   -inf  -nan   8   4  12   4 169.95
    5   2018 11 04 08:35:38.359    30938.359  0.2951 30.9405 110.0005  18.00   -inf  -nan   4   3   7   2 147.96
    6   2018 11 04 08:45:07.483    31507.483  0.3261 30.9205 109.9305  10.00   -inf  -nan   8   5  13   5 306.14
    7   2018 11 04 09:20:37.155    33637.155  0.1514 30.8505 111.1305   6.00   -inf  -nan   7   4  11   4 210.25
    8   2018 11 04 13:13:42.505    47622.505  0.3195 31.0505 110.4505   8.00   -inf  -nan   9   9  18   8 109.19
    9   2018 11 04 19:40:11.031    70811.031  0.3174 31.0505 110.4705   8.00   -inf  -nan   6   6  12   5 159.22
   10   2018 11 04 20:34:12.230    74052.230  0.1265 31.0505 110.8305   0.00   -inf  -nan   4   2   6   2 306.69
   11   2018 11 04 23:16:14.749    83774.749  0.2606 30.8505 111.1305   6.00   -inf  -nan  13   6  19   6 210.25
   12   2018 11 04 23:31:06.252    84666.252  0.1507 30.8505 111.1305   6.00   -inf  -nan  11   7  18   4 210.25
    1   2018 11 05 01:06:49.427     4009.427  0.2588 31.0105 110.5505   0.00   -inf  -nan   6   6  12   6  93.92
    2   2018 11 05 03:24:18.428    12258.428  0.3561 31.0305 110.5605   4.00   -inf  -nan  13  13  26  10  80.53
    3   2018 11 05 03:53:43.779    14023.779  0.3117 30.9805 109.9005   2.00   -inf  -nan   4   2   6   2 201.03
    4   2018 11 05 04:59:38.202    17978.202  0.1669 30.8505 111.1305   6.00   -inf  -nan  10   6  16   6 210.25
    5   2018 11 05 06:32:42.345    23562.345  0.4339 31.0605 110.4405  10.00   -inf  -nan   8   6  14   6 113.97
    6   2018 11 05 06:38:38.588    23918.588  0.2342 31.0905 110.3405   0.00   -inf  -nan   5   3   8   3 153.81
    7   2018 11 05 07:55:45.406    28545.406  0.2859 30.8005 110.2105   4.00   -inf  -nan   5   7  12   5 259.10
    8   2018 11 05 08:19:18.139    29958.139  0.2034 31.2805 110.0005  18.00   -inf  -nan   5   2   7   2 290.45
    9   2018 11 05 08:35:12.038    30912.038  0.3349 31.3005 110.1305   6.00   -inf  -nan   6   3   9   3 259.58
   10   2018 11 05 08:38:42.604    31122.604  0.1612 30.8505 111.1305   4.00   -inf  -nan   9   3  12   3 210.75
   11   2018 11 05 12:24:51.782    44691.782  0.2607 30.8205 110.6405   8.00   -inf  -nan   4   4   8   4 219.06
   12   2018 11 05 15:43:37.390    56617.390  0.2254 31.1705 110.3405   0.00   -inf  -nan   3   2   5   2 281.77
   13   2018 11 05 15:47:37.723    56857.723  0.4453 31.0505 110.4605   8.00   -inf  -nan   7   6  13   4 109.45
   14   2018 11 05 16:54:34.059    60874.059  0.2047 30.8605 110.5605   8.00   -inf  -nan   5   6  11   2 155.01
   15   2018 11 05 20:36:52.079    74212.079  0.3306 31.0505 110.4605   6.00   -inf  -nan  11  10  21   9 111.60
   16   2018 11 05 21:08:52.150    76132.150  0.3228 31.0905 110.1105   0.00   -inf  -nan   4   4   8   3 169.95
   17   2018 11 05 22:00:56.406    79256.406  0.2531 31.1805 110.1305  12.00   -inf  -nan   3   2   5   2 140.16
   18   2018 11 05 22:19:36.902    80376.902  0.1931 31.1405 110.2105   2.00   -inf  -nan   3   2   5   2 190.20
   19   2018 11 05 23:44:47.554    85487.554  0.1201 30.8505 111.1305   4.00   -inf  -nan   8   5  13   5 210.75
    1   2018 11 06 01:30:19.657     5419.657  0.3463 31.0505 110.4705   8.00   -inf  -nan   6   5  11   4 113.45
    2   2018 11 06 01:32:41.106     5561.106  0.1705 31.2105 110.3805   0.00   -inf  -nan   4   3   7   2 259.52
    3   2018 11 06 05:19:47.245    19187.245  0.3765 30.9005 110.7205   0.00   -inf  -nan  12   5  17   4  94.62
    4   2018 11 06 05:29:16.296    19756.296  0.2213 30.8605 110.5605  10.00   -inf  -nan  16  13  29  12 145.72
    5   2018 11 06 05:31:55.659    19915.659  0.2535 30.8605 111.1305   2.00   -inf  -nan  14   5  19   4 204.21
    6   2018 11 06 05:37:26.942    20246.942  0.2196 30.8505 111.1305   6.00   -inf  -nan   9   3  12   3 210.75
    7   2018 11 06 06:03:14.370    21794.370  0.3237 31.0505 110.4605   8.00   -inf  -nan   7   6  13   6 111.60
    8   2018 11 06 07:35:43.108    27343.108  0.2798 30.9405 110.7605   6.00   -inf  -nan   9   7  16   7  89.30
    9   2018 11 06 08:27:10.901    30430.901  0.3997 30.9005 110.7205   0.00   -inf  -nan  12  10  22   8  94.62
   10   2018 11 06 09:25:33.587    33933.587  0.1686 30.8505 111.1305   4.00   -inf  -nan   8   6  14   5 210.25
   11   2018 11 06 14:59:35.487    53975.487  0.1403 31.0205 110.4405   4.00   -inf  -nan   6   3   9   3 144.10
   12   2018 11 06 16:59:43.704    61183.704  0.2468 30.9505 110.8005   0.00   -inf  -nan   4   4   8   2 207.30
   13   2018 11 06 17:20:25.160    62425.160  0.1983 31.0605 110.4405  14.00   -inf  -nan   5   3   8   3 113.97
   14   2018 11 06 20:38:16.532    74296.532  0.1708 30.8205 110.6005   6.00   -inf  -nan   3   3   6   3 280.01
   15   2018 11 06 21:21:46.109    76906.109  0.1438 30.9705 110.8005   8.00   -inf  -nan   3   3   6   2 259.88
   16   2018 11 06 22:15:10.871    80110.871  0.0850 31.0905 110.1505   6.00   -inf  -nan   3   3   6   2 189.56
   17   2018 11 06 23:29:05.440    84545.440  0.2018 30.8505 111.1305   4.00   -inf  -nan  11   6  17   5 210.25
    1   2018 11 07 01:21:27.479     4887.479  0.1220 30.8505 111.1305   6.00   -inf  -nan   9   4  13   3 210.25
    2   2018 11 07 04:07:41.194    14861.194  0.3793 31.2905 110.8705   2.00   -inf  -nan  10   5  15   4 260.62
    3   2018 11 07 06:25:17.912    23117.912  0.2892 30.8105 111.1705   4.00   -inf  -nan  12   5  17   5 249.55
    4   2018 11 07 09:05:09.090    32709.090  0.1584 30.8505 111.1305   4.00   -inf  -nan  12   7  19   6 210.25
    5   2018 11 07 09:35:25.519    34525.519  0.3536 31.0305 110.4805   0.00   -inf  -nan  10   6  16   6  98.79
    6   2018 11 07 10:51:39.555    39099.555  0.1754 30.8905 111.1605   8.00   -inf  -nan   5   2   7   2 195.54
    7   2018 11 07 10:51:54.285    39114.285  0.3372 30.9005 110.8205  10.00   -inf  -nan   4   4   8   4 234.81
    8   2018 11 07 12:18:00.074    44280.074  0.1889 30.8005 110.2105   2.00   -inf  -nan   4   4   8   4 278.44
    9   2018 11 07 12:37:28.770    45448.770  0.2633 31.0505 110.4605   8.00   -inf  -nan  10   8  18   8 111.60
   10   2018 11 07 13:29:02.873    48542.873  0.2710 31.0905 110.4205   4.00   -inf  -nan   3   3   6   1 131.66
   11   2018 11 07 15:07:23.326    54443.326  0.3693 31.0205 110.4805   0.00   -inf  -nan  14  12  26  11  91.96
   12   2018 11 07 15:25:21.035    55521.035  0.3878 31.1405 110.2905   0.00   -inf  -nan   9   3  12   3 138.84
   13   2018 11 07 16:55:03.779    60903.779  0.3254 31.0505 110.4505   8.00   -inf  -nan   6   4  10   4 109.19
   14   2018 11 07 18:00:51.585    64851.585  0.2785 31.0305 110.4405   6.00   -inf  -nan   4   3   7   2 149.14
   15   2018 11 07 20:49:07.363    74947.363  0.2952 31.1305 110.3405   2.00   -inf  -nan   4   2   6   1 215.93
   16   2018 11 07 21:59:49.770    79189.770  0.1912 31.0505 110.4605   2.00   -inf  -nan   3   2   5   1 157.85
   17   2018 11 07 22:17:38.314    80258.314  0.2476 31.1705 110.3005   0.00   -inf  -nan   6   2   8   1 204.22
   18   2018 11 07 23:31:33.137    84693.137  0.1810 30.8505 111.1305   4.00   -inf  -nan  13   5  18   4 210.25
    1   2018 11 08 00:32:56.115     1976.115  0.1782 30.8505 111.1305   6.00   -inf  -nan   9   4  13   4 210.25
    2   2018 11 08 00:33:35.790     2015.790  0.3765 30.8505 111.1305   8.00   -inf  -nan   6   6  12   5 210.25
    3   2018 11 08 01:57:47.004     7067.004  0.2669 30.8905 111.3605  10.00   -inf  -nan   8   4  12   4 315.15
    4   2018 11 08 03:57:39.532    14259.532  0.3894 31.0005 109.8805   0.00   -inf  -nan   6   2   8   2 216.79
    5   2018 11 08 04:47:33.550    17253.550  0.3436 30.9705 110.3705   6.00   -inf  -nan  10   5  15   4  88.31
    6   2018 11 08 05:02:56.327    18176.327  0.2372 31.2005 110.0405   6.00   -inf  -nan   7   3  10   3 173.24
    7   2018 11 08 05:49:11.853    20951.853  0.1777 30.8505 111.1305   6.00   -inf  -nan   5   3   8   3 210.75
    8   2018 11 08 06:23:41.019    23021.019  0.3164 30.9305 110.9605   4.00   -inf  -nan  12   7  19   6  94.19
    9   2018 11 08 08:01:02.870    28862.870  0.4329 31.1305 109.9105   2.00   -inf  -nan  12   8  20   4 248.67
   10   2018 11 08 09:08:22.049    32902.049  0.1541 30.8505 111.1305   4.00   -inf  -nan  11   5  16   5 210.25
   11   2018 11 08 12:12:51.697    43971.697  0.4074 31.0505 110.4705   6.00   -inf  -nan   3   3   6   2 159.22
   12   2018 11 08 12:57:59.299    46679.299  0.2631 31.1805 110.3405   0.00   -inf  -nan   3   2   5   2 290.03
   13   2018 11 08 14:01:32.608    50492.608  0.3183 31.1405 110.3005   0.00   -inf  -nan   6   2   8   1 143.15
   14   2018 11 08 14:51:40.747    53500.747  0.2057 31.0905 110.1905   2.00   -inf  -nan   3   3   6   2 250.52
   15   2018 11 08 15:22:18.522    55338.522  0.1935 30.6705 110.7005   0.00   -inf  -nan   3   2   5   2 306.32
   16   2018 11 08 21:16:45.009    76605.009  0.3259 30.9805 110.7205  12.00   -inf  -nan  12   9  21   9 113.92
   17   2018 11 08 22:01:27.252    79287.252  0.3061 31.0505 110.4605   0.00   -inf  -nan   7   7  14   7 111.60
   18   2018 11 08 22:11:45.258    79905.258  0.0802 30.8605 110.5605  10.00   -inf  -nan   3   3   6   3 234.40
   19   2018 11 08 23:19:28.643    83968.643  0.1810 30.8505 111.1305   6.00   -inf  -nan  12   4  16   3 210.25
   20   2018 11 08 23:34:43.784    84883.784  0.3229 31.0205 109.7405   2.00   -inf  -nan   5   2   7   2 292.56
    1   2018 11 09 04:19:50.512    15590.512  0.1792 30.8505 111.1305   4.00   -inf  -nan   8   3  11   3 210.25
    2   2018 11 09 04:21:18.151    15678.151  0.3246 30.8105 111.1705   2.00   -inf  -nan   9   5  14   5 242.73
    3   2018 11 09 04:27:28.986    16048.986  0.2153 31.1705 110.3405   6.00   -inf  -nan   3   2   5   2 206.23
    4   2018 11 09 05:09:49.116    18589.116  0.4014 30.7405 110.5005   4.00   -inf  -nan   5   4   9   2 276.63
    5   2018 11 09 06:14:11.195    22451.195  0.2115 30.8605 110.5605   6.00   -inf  -nan   6   8  14   5 160.27
    6   2018 11 09 06:44:11.969    24251.969  0.3711 31.0805 109.8405   0.00   -inf  -nan   8   2  10   1 244.82
    7   2018 11 09 07:14:31.176    26071.176  0.2831 30.8905 111.3605   6.00   -inf  -nan   6   4  10   2 317.83
    8   2018 11 09 07:40:06.473    27606.473  0.3942 30.9705 110.3905   8.00   -inf  -nan   7   3  10   3 115.36
    9   2018 11 09 08:23:14.125    30194.125  0.2970 31.1205 110.0405   8.00   -inf  -nan  13   7  20   5 185.39
   10   2018 11 09 09:51:09.050    35469.050  0.1576 30.8505 111.1305   4.00   -inf  -nan   6   4  10   4 210.75
   11   2018 11 09 09:58:16.725    35896.725  0.3243 31.1205 109.7705  12.00   -inf  -nan   9   3  12   3 307.79
   12   2018 11 09 17:28:59.575    62939.575  0.1583 30.9405 110.7805   6.00   -inf  -nan   4   4   8   3 210.94
   13   2018 11 09 19:00:44.447    68444.447  0.2239 31.0505 110.4705   4.00   -inf  -nan   4   4   8   3 113.45
   14   2018 11 09 19:23:29.895    69809.895  0.4134 31.0205 110.4805   0.00   -inf  -nan  18  15  33  14  91.96
   15   2018 11 09 20:25:39.449    73539.449  0.4585 31.0605 110.4805   0.00   -inf  -nan   5   5  10   5 175.68
   16   2018 11 09 20:40:29.339    74429.339  0.2218 30.8905 111.1305   6.00   -inf  -nan   3   2   5   2 164.15
   17   2018 11 09 23:11:19.831    83479.831  0.3561 30.8105 111.1705   4.00   -inf  -nan  13   9  22   8 242.73
   18   2018 11 09 23:15:09.684    83709.684  0.2309 30.8505 111.1305   4.00   -inf  -nan  10   6  16   4 232.15
   19   2018 11 09 23:32:01.445    84721.445  0.3023 31.0405 110.4505   0.00   -inf  -nan   7   5  12   4 101.78
    1   2018 11 10 02:34:07.248     9247.248  0.3541 31.0505 110.4305  14.00   -inf  -nan   8   6  14   5 102.66
    2   2018 11 10 02:45:07.546     9907.546  0.2876 31.0205 110.4805  12.00   -inf  -nan   4   3   7   3 144.06
    3   2018 11 10 04:47:25.448    17245.448  0.1477 30.8505 109.9805   2.00   -inf  -nan   3   2   5   1 254.45
    4   2018 11 10 04:57:11.957    17831.957  0.2295 31.0205 109.8205   2.00   -inf  -nan   8   3  11   2 250.36
    5   2018 11 10 05:38:19.441    20299.441  0.2592 30.8505 111.1305   6.00   -inf  -nan   5   4   9   4 210.75
    6   2018 11 10 06:22:41.825    22961.825  0.0637 30.9805 109.8605   8.00   -inf  -nan   3   2   5   1 231.63
    7   2018 11 10 07:03:14.803    25394.803  0.2129 30.8505 111.1305   6.00   -inf  -nan   9   4  13   4 210.75
    8   2018 11 10 07:49:56.755    28196.755  0.1769 30.8905 111.1305   4.00   -inf  -nan   3   2   5   2 164.15
    9   2018 11 10 07:51:55.935    28315.935  0.1232 31.0605 110.4805   8.00   -inf  -nan   3   2   5   2 244.76
   10   2018 11 10 09:26:18.584    33978.584  0.2459 31.1205 110.7805  10.00   -inf  -nan   7   6  13   5 113.18
   11   2018 11 10 10:52:02.949    39122.949  0.3143 31.0505 110.4605   0.00   -inf  -nan   8   6  14   6 111.60
   12   2018 11 10 16:01:57.960    57717.960  0.2482 30.8605 110.5005   8.00   -inf  -nan   4   4   8   3 223.40
   13   2018 11 10 17:28:08.199    62888.199  0.2638 30.8505 110.5105   6.00   -inf  -nan   6   3   9   3 268.04
   14   2018 11 10 18:10:33.364    65433.364  0.2386 30.9005 110.5005   6.00   -inf  -nan   4   3   7   3 225.38
   15   2018 11 10 19:35:43.624    70543.624  0.2943 31.0905 109.9805   8.00   -inf  -nan   4   2   6   2 168.74
   16   2018 11 10 19:48:46.036    71326.036  0.4137 31.1805 110.1305   8.00   -inf  -nan   5   2   7   2 140.16
   17   2018 11 10 20:42:32.570    74552.570  0.1875 31.0505 110.4605   0.00   -inf  -nan   4   4   8   3 157.85
   18   2018 11 10 21:50:59.790    78659.790  0.4067 31.0105 110.4705  10.00   -inf  -nan   7   5  12   5 131.60
   19   2018 11 10 21:53:17.137    78797.137  0.3724 31.0305 110.4805  12.00   -inf  -nan   7   7  14   6  98.79
   20   2018 11 10 22:16:24.057    80184.057  0.2889 31.0505 110.4505   8.00   -inf  -nan  10   7  17   6 109.19
   21   2018 11 10 23:16:04.031    83764.031  0.1807 30.8505 111.1305   4.00   -inf  -nan   7   4  11   4 210.75
   22   2018 11 10 23:24:04.400    84244.400  0.2358 31.2505 110.3805   2.00   -inf  -nan   3   3   6   2 206.67
    1   2018 11 11 01:58:23.290     7103.290  0.2098 30.8105 111.2405   6.00   -inf  -nan   6   3   9   3 279.74
    2   2018 11 11 01:59:08.701     7148.701  0.2961 30.8205 111.2505   8.00   -inf  -nan   6   4  10   4 283.29
    3   2018 11 11 02:50:56.476    10256.476  0.2337 30.8505 111.1305   4.00   -inf  -nan  13   8  21   7 210.25
    4   2018 11 11 03:14:57.203    11697.203  0.3371 31.0205 109.7805   8.00   -inf  -nan   8   6  14   4 267.00
    5   2018 11 11 03:18:21.630    11901.630  0.3964 31.1905 110.5605   0.00   -inf  -nan   4   2   6   1 254.85
    6   2018 11 11 05:27:09.700    19629.700  0.4037 31.2005 110.0005  10.00   -inf  -nan   7   4  11   4 223.19
    7   2018 11 11 07:14:42.628    26082.628  0.1210 30.8205 111.2705  10.00   -inf  -nan   5   4   9   3 291.13
    8   2018 11 11 08:58:12.555    32292.555  0.3127 31.0905 110.3805   4.00   -inf  -nan   5   5  10   4 106.78
    9   2018 11 11 09:36:49.546    34609.546  0.1662 30.8505 111.1305   4.00   -inf  -nan  10   4  14   4 210.75
   10   2018 11 11 09:41:07.692    34867.692  0.4111 31.0205 110.4805   0.00   -inf  -nan   4   5   9   3 135.90
   11   2018 11 11 11:56:58.704    43018.704  0.2260 31.0505 110.4605   0.00   -inf  -nan   4   3   7   2 111.60
   12   2018 11 11 13:00:17.145    46817.145  0.3151 31.0505 110.4705  12.00   -inf  -nan   8   7  15   5 113.45
   13   2018 11 11 13:13:31.672    47611.672  0.4095 31.0205 110.4405   6.00   -inf  -nan  11   9  20   8  87.12
   14   2018 11 11 13:15:56.528    47756.528  0.3205 31.0605 110.4205   4.00   -inf  -nan   4   3   7   3 227.78
   15   2018 11 11 13:45:21.264    49521.264  0.4274 31.0205 110.4405   6.00   -inf  -nan  10   8  18   7  87.12
   16   2018 11 11 16:06:36.626    57996.626  0.1727 31.1705 110.3005   0.00   -inf  -nan   7   2   9   2 204.22
   17   2018 11 11 16:25:34.472    59134.472  0.2944 31.0905 110.4205   4.00   -inf  -nan   3   5   8   3 131.66
   18   2018 11 11 17:19:29.376    62369.376  0.1507 31.1605 110.1205   2.00   -inf  -nan   3   2   5   2 151.27
   19   2018 11 11 17:44:59.891    63899.891  0.3692 31.0505 110.4605  12.00   -inf  -nan  11   9  20   8 111.60
   20   2018 11 11 19:53:23.881    71603.881  0.2801 31.0505 110.4205   0.00   -inf  -nan   4   5   9   2  98.57
   21   2018 11 11 20:06:30.388    72390.388  0.1698 30.7705 110.7605  10.00   -inf  -nan   4   5   9   4 109.98
   22   2018 11 11 20:09:00.741    72540.741  0.1903 30.7705 110.7605  12.00   -inf  -nan   3   2   5   2 186.92
   23   2018 11 11 20:48:08.468    74888.468  0.3617 31.0505 110.4605   4.00   -inf  -nan  15  14  29  13 109.45
   24   2018 11 11 23:17:28.029    83848.029  0.1508 30.8505 111.1305   6.00   -inf  -nan   8   6  14   5 210.25
    1   2018 11 12 02:15:05.675     8105.675  0.3547 30.8505 111.2405   4.00   -inf  -nan   7   3  10   1 275.59
    2   2018 11 12 03:43:33.532    13413.532  0.3577 31.1205 110.0405   8.00   -inf  -nan  14   7  21   6 185.39
    3   2018 11 12 04:02:56.932    14576.932  0.4886 30.9705 110.3705   4.00   -inf  -nan   9   6  15   4  88.31
    4   2018 11 12 05:10:14.179    18614.179  0.1485 30.8505 111.1305   6.00   -inf  -nan   7   6  13   4 210.25
    5   2018 11 12 07:30:25.085    27025.085  0.1974 30.8905 111.3205   2.00   -inf  -nan   6   3   9   2 313.87
    6   2018 11 12 08:33:54.129    30834.129  0.1698 30.7705 110.7605  10.00   -inf  -nan   4   6  10   4 124.90
    7   2018 11 12 08:43:16.848    31396.848  0.3204 31.1205 110.0405   6.00   -inf  -nan  11   6  17   3 185.39
    8   2018 11 12 09:36:32.074    34592.074  0.3868 31.0905 110.8905  16.00   -inf  -nan  20   7  27   7 174.64
    9   2018 11 12 09:52:02.880    35522.880  0.4485 31.1205 109.7705  12.00   -inf  -nan   5   4   9   4 307.79
   10   2018 11 12 10:34:20.369    38060.369  0.2325 30.7705 110.7605  12.00   -inf  -nan   9   9  18   7 109.98
   11   2018 11 12 10:39:01.680    38341.680  0.2386 30.7805 110.7605  10.00   -inf  -nan   8   9  17   8 103.86
   12   2018 11 12 12:52:50.026    46370.026  0.2605 31.1805 110.1305  12.00   -inf  -nan   3   2   5   2 140.16
   13   2018 11 12 17:49:25.784    64165.784  0.3563 31.0605 110.4605   8.00   -inf  -nan  19  15  34  14 120.13
   14   2018 11 12 20:02:05.713    72125.713  0.3982 31.0205 110.4405   6.00   -inf  -nan   9   7  16   7  87.12
   15   2018 11 12 22:06:35.497    79595.497  0.3368 31.0205 110.4405   6.00   -inf  -nan   7   5  12   5  87.12
    1   2018 11 15 01:35:35.463     5735.463  0.1483 30.8505 111.1305   6.00   -inf  -nan  10   3  13   3 210.75
    2   2018 11 15 01:36:02.487     5762.487  0.2883 30.8505 111.1305   4.00   -inf  -nan   6   6  12   4 210.25
    3   2018 11 15 03:33:44.465    12824.465  0.3389 31.1005 109.7805   2.00   -inf  -nan   5   3   8   3 269.41
    4   2018 11 15 03:36:50.198    13010.198  0.2940 31.2905 110.8405   4.00   -inf  -nan  14   6  20   5 251.65
    5   2018 11 15 03:40:25.164    13225.164  0.1935 31.2005 109.8405  14.00   -inf  -nan   6   4  10   4 311.82
    6   2018 11 15 03:43:18.181    13398.181  0.3283 31.0605 109.8605   0.00   -inf  -nan   4   2   6   1 232.70
    7   2018 11 15 03:45:54.126    13554.126  0.3098 30.9805 109.9805  18.00   -inf  -nan   6   2   8   2 211.40
    8   2018 11 15 04:42:23.187    16943.187  0.2078 30.5805 110.7605  14.00   -inf  -nan   3   2   5   1 301.95
    9   2018 11 15 04:59:46.980    17986.980  0.3236 31.2905 110.0305   8.00   -inf  -nan  13  10  23   9 270.35
   10   2018 11 15 05:46:26.617    20786.617  0.3860 30.9005 110.7505   0.00   -inf  -nan   8   7  15   5  86.96
   11   2018 11 15 07:48:59.316    28139.316  0.3081 30.9005 110.7205   0.00   -inf  -nan  11   6  17   6 100.44
   12   2018 11 15 09:11:33.355    33093.355  0.1392 30.8505 111.1305   6.00   -inf  -nan   9   5  14   5 210.75
   13   2018 11 15 09:47:45.407    35265.407  0.2210 30.9005 110.7205   0.00   -inf  -nan  13   5  18   5  94.62
   14   2018 11 15 13:00:18.031    46818.031  0.1279 31.0605 110.4405   0.00   -inf  -nan   3   4   7   3 210.58
   15   2018 11 15 13:30:00.553    48600.553  0.4285 31.0205 110.8205   0.00   -inf  -nan   3   3   6   1 256.66
   16   2018 11 15 17:06:21.464    61581.464  0.2002 31.0005 110.8205   0.00   -inf  -nan   9   7  16   5  74.29
   17   2018 11 15 17:44:38.317    63878.317  0.1215 31.0505 110.0705   0.00   -inf  -nan   5   4   9   3 223.65
   18   2018 11 15 21:20:38.981    76838.981  0.2304 30.8505 111.1305   8.00   -inf  -nan   4   2   6   2 210.75
   19   2018 11 15 21:54:59.194    78899.194  0.1148 31.0605 110.4405   6.00   -inf  -nan   3   2   5   2 256.49
   20   2018 11 15 23:16:46.180    83806.180  0.1698 30.8505 111.1305   4.00   -inf  -nan  10   4  14   3 210.75
    1   2018 11 16 01:49:40.251     6580.251  0.3433 31.1205 110.0005  14.00   -inf  -nan  10   2  12   1 215.71
    2   2018 11 16 02:04:20.090     7460.090  0.2745 30.8905 111.3605   4.00   -inf  -nan   7   5  12   3 315.72
    3   2018 11 16 02:11:06.522     7866.522  0.2984 30.9005 110.7205   0.00   -inf  -nan  13   5  18   5  94.62
    4   2018 11 16 04:11:09.021    15069.021  0.2246 30.9005 110.7205   0.00   -inf  -nan  11   4  15   3 143.19
    5   2018 11 16 04:51:11.838    17471.838  0.1922 30.9305 111.2105   8.00   -inf  -nan   7   4  11   3 292.28
    6   2018 11 16 06:35:38.901    23738.901  0.3406 30.9005 110.7205   0.00   -inf  -nan  12   5  17   5  94.62
    7   2018 11 16 07:15:17.221    26117.221  0.1645 30.8505 111.1305   6.00   -inf  -nan   6   4  10   4 210.75
    8   2018 11 16 07:23:54.625    26634.625  0.3712 31.0405 109.8805   2.00   -inf  -nan   3   2   5   2 286.97
    9   2018 11 16 07:55:08.651    28508.651  0.2105 30.8105 111.2505   0.00   -inf  -nan   3   2   5   1 309.78
   10   2018 11 16 08:45:03.180    31503.180  0.2698 30.8505 111.1305   8.00   -inf  -nan   4   2   6   1 210.75
   11   2018 11 16 09:08:28.771    32908.771  0.3366 30.8705 110.7205   8.00   -inf  -nan  13   3  16   3 159.17
   12   2018 11 16 09:44:45.871    35085.871  0.1362 30.8505 111.1305   4.00   -inf  -nan   6   4  10   2 210.25
   13   2018 11 16 14:31:53.361    52313.361  0.3258 31.1005 110.9105  20.00   -inf  -nan   3   5   8   3 307.44
   14   2018 11 16 14:44:53.995    53093.995  0.2308 30.8905 111.1305   4.00   -inf  -nan   3   2   5   2 164.15
   15   2018 11 16 18:13:41.596    65621.596  0.1719 31.3205 110.6605  10.00   -inf  -nan   4   2   6   2 275.81
   16   2018 11 16 19:01:53.726    68513.726  0.3295 30.8505 111.1705   8.00   -inf  -nan   5   2   7   2 233.42
   17   2018 11 16 22:12:16.156    79936.156  0.3730 31.0905 110.2305   0.00   -inf  -nan   6   5  11   5 101.88
   18   2018 11 16 23:19:23.838    83963.838  0.2638 30.8505 111.1305   4.00   -inf  -nan  16   4  20   4 210.25
    1   2018 11 17 02:04:26.078     7466.078  0.3572 30.9005 110.7205   2.00   -inf  -nan  13   9  22   9  94.62
    2   2018 11 17 02:18:44.802     8324.802  0.1899 30.8505 111.1305   6.00   -inf  -nan  12   6  18   6 210.25
    3   2018 11 17 02:19:27.897     8367.897  0.1664 30.8505 111.1305   4.00   -inf  -nan   9   3  12   3 210.75
    4   2018 11 17 03:41:35.083    13295.083  0.4010 31.2405 110.0405  10.00   -inf  -nan   7   5  12   4 237.39
    5   2018 11 17 05:19:57.927    19197.927  0.4056 30.9005 110.7205   0.00   -inf  -nan  17   8  25   7  94.62
    6   2018 11 17 05:45:19.525    20719.525  0.2457 30.9805 110.8205   0.00   -inf  -nan   3   3   6   2 144.98
    7   2018 11 17 08:21:07.621    30067.621  0.1859 30.8505 111.1305   6.00   -inf  -nan  11   6  17   5 210.25
    8   2018 11 17 09:29:27.889    34167.889  0.3164 30.8905 110.7205   2.00   -inf  -nan  18   5  23   5  97.68
    9   2018 11 17 10:58:44.090    39524.090  0.2111 30.9905 110.5605  14.00   -inf  -nan   4   2   6   2 132.88
   10   2018 11 17 11:58:25.201    43105.201  0.1488 30.9205 110.2505   6.00   -inf  -nan   3   3   6   3 187.45
   11   2018 11 17 12:46:26.188    45986.188  0.3359 31.0505 110.4605   8.00   -inf  -nan  18  18  36  17 109.45
   12   2018 11 17 22:54:09.873    82449.873  0.2396 31.1305 110.4205   8.00   -inf  -nan   3   3   6   2 307.54
    1   2018 11 18 03:10:11.084    11411.084  0.4341 30.9005 111.3105  12.00   -inf  -nan   5   5  10   4 312.66
    2   2018 11 18 04:00:09.769    14409.769  0.2177 30.8105 111.2805   6.00   -inf  -nan   8   5  13   4 287.89
    3   2018 11 18 04:01:15.854    14475.854  0.3109 30.8105 111.2805   6.00   -inf  -nan   6   5  11   2 287.89
    4   2018 11 18 04:07:33.628    14853.628  0.1678 30.9305 110.8405   6.00   -inf  -nan   3   3   6   3 263.72
    5   2018 11 18 04:29:52.633    16192.633  0.1895 30.8505 111.1305   6.00   -inf  -nan  10   7  17   5 210.25
    6   2018 11 18 05:15:18.047    18918.047  0.4103 31.1305 110.3905   0.00   -inf  -nan   3   2   5   1 181.73
    7   2018 11 18 06:39:14.827    23954.827  0.1947 30.8905 111.1605   8.00   -inf  -nan   5   2   7   2 195.54
    8   2018 11 18 06:45:29.967    24329.967  0.3136 30.9305 110.2505   4.00   -inf  -nan   3   2   5   2 173.72
    9   2018 11 18 08:10:59.352    29459.352  0.2011 30.8105 111.2805   8.00   -inf  -nan   7   3  10   2 287.89
   10   2018 11 18 08:28:33.287    30513.287  0.2082 30.8505 111.1305   4.00   -inf  -nan  11   6  17   6 210.75
   11   2018 11 18 09:52:13.242    35533.242  0.2835 30.9005 110.7205   6.00   -inf  -nan  17   8  25   8  94.62
   12   2018 11 18 10:13:53.959    36833.959  0.3319 31.0505 110.4505   8.00   -inf  -nan  20  18  38  16 106.33
   13   2018 11 18 10:19:59.015    37199.015  0.1651 31.2105 110.3805   2.00   -inf  -nan   5   3   8   3 253.92
   14   2018 11 18 11:17:50.632    40670.632  0.3468 31.1705 110.3105   0.00   -inf  -nan   5   2   7   1 168.79
   15   2018 11 18 11:45:18.789    42318.789  0.2676 30.9805 110.8205   0.00   -inf  -nan   3   4   7   2 141.74
   16   2018 11 18 13:46:38.690    49598.690  0.2303 31.0905 110.3405   8.00   -inf  -nan   3   5   8   3 153.81
   17   2018 11 18 19:43:01.096    70981.096  0.1046 30.8905 111.0405   6.00   -inf  -nan   4   3   7   3 164.83
   18   2018 11 18 21:44:16.903    78256.903  0.3696 31.1405 110.2905   0.00   -inf  -nan  10   2  12   2 138.84
   19   2018 11 18 22:37:19.239    81439.239  0.2278 31.0205 110.4605   4.00   -inf  -nan   7   5  12   4  90.43
   20   2018 11 18 23:14:50.227    83690.227  0.2399 30.8505 111.1305   4.00   -inf  -nan  12   7  19   6 210.75
    1   2018 11 19 02:42:53.096     9773.096  0.3707 30.9805 110.7905   6.00   -inf  -nan   8   6  14   6 146.71
    2   2018 11 19 03:38:00.179    13080.179  0.2155 31.0105 111.2805   4.00   -inf  -nan   7   3  10   2 300.95
    3   2018 11 19 03:45:12.411    13512.411  0.3041 30.7805 110.8405  16.00   -inf  -nan   3   3   6   1 166.54
    4   2018 11 19 04:05:50.288    14750.288  0.4375 31.1005 109.9405   6.00   -inf  -nan  11  11  22   7 232.93
    5   2018 11 19 04:15:25.895    15325.895  0.3450 30.9805 110.7805   8.00   -inf  -nan   6   6  12   6 152.29
    6   2018 11 19 05:20:50.966    19250.966  0.3188 31.0505 110.3105   0.00   -inf  -nan   9   8  17   7  64.02
    7   2018 11 19 06:04:53.173    21893.173  0.2950 30.9805 110.7905  10.00   -inf  -nan   5   3   8   3 150.64
    8   2018 11 19 06:08:50.605    22130.605  0.4159 31.2205 109.9705  10.00   -inf  -nan   7   4  11   2 259.50
    9   2018 11 19 06:28:22.723    23302.723  0.1784 31.1305 110.4305   8.00   -inf  -nan   3   2   5   1 197.14
   10   2018 11 19 07:50:38.204    28238.204  0.2748 31.1005 109.9805   0.00   -inf  -nan  10   5  15   3 219.81
   11   2018 11 19 08:01:47.092    28907.092  0.2592 30.8505 111.1305   2.00   -inf  -nan   9   8  17   7 210.75
   12   2018 11 19 08:20:58.455    30058.455  0.2454 30.9005 110.7205   0.00   -inf  -nan  13   3  16   3  94.62
   13   2018 11 19 08:33:29.167    30809.167  0.4333 30.8005 110.0905  10.00   -inf  -nan   3   2   5   2 323.07
   14   2018 11 19 09:44:16.265    35056.265  0.1793 30.8505 111.1305   6.00   -inf  -nan   7   6  13   6 210.75
   15   2018 11 19 10:30:15.620    37815.620  0.2265 31.1705 110.3405   0.00   -inf  -nan   3   2   5   2 281.77
   16   2018 11 19 11:40:36.872    42036.872  0.3945 31.0905 110.3105   0.00   -inf  -nan  13  10  23   9  90.31
   17   2018 11 19 14:18:11.474    51491.474  0.2129 31.2505 110.4705   4.00   -inf  -nan   4   2   6   1 206.69
   18   2018 11 19 16:33:55.559    59635.559  0.3498 31.1405 110.3005   0.00   -inf  -nan   7   2   9   2 143.15
   19   2018 11 19 19:13:32.634    69212.634  0.3183 31.0505 110.3105   0.00   -inf  -nan   8   6  14   5  64.02
   20   2018 11 19 20:52:22.866    75142.866  0.2811 31.0505 110.4505   8.00   -inf  -nan  18  13  31  11 106.33
   21   2018 11 19 21:32:11.881    77531.881  0.3131 31.0905 110.3005   8.00   -inf  -nan   9   7  16   6 127.13
   22   2018 11 19 21:33:42.558    77622.558  0.3644 30.9405 110.7605   6.00   -inf  -nan  11   9  20   8 115.79
   23   2018 11 19 22:02:09.208    79329.208  0.3356 31.0805 110.2505   0.00   -inf  -nan  10   8  18   7  88.91
   24   2018 11 19 22:09:27.602    79767.602  0.3517 31.1405 110.2905   0.00   -inf  -nan   6   2   8   2 138.84
   25   2018 11 19 22:22:49.732    80569.732  0.3358 31.0505 110.4605   0.00   -inf  -nan  15  15  30  11 109.45
   26   2018 11 19 23:19:09.218    83949.218  0.1510 30.8505 111.1305   6.00   -inf  -nan   8   7  15   7 210.25
    1   2018 11 20 00:42:00.575     2520.575  0.2391 30.8505 111.1305   6.00   -inf  -nan   9   6  15   6 210.25
    2   2018 11 20 01:05:45.531     3945.531  0.1590 30.8105 111.2405   0.00   -inf  -nan   7   2   9   2 273.09
    3   2018 11 20 01:13:44.373     4424.373  0.4045 31.0805 110.2905   8.00   -inf  -nan  17  13  30  12  83.70
    4   2018 11 20 03:49:17.490    13757.490  0.2903 30.9805 110.4005   4.00   -inf  -nan  12   3  15   2  82.74
    5   2018 11 20 04:36:33.881    16593.881  0.3911 31.4205 110.0505   2.00   -inf  -nan   3   2   5   1 304.72
    6   2018 11 20 07:05:28.173    25528.173  0.2987 30.9705 111.2805   4.00   -inf  -nan  16   9  25   9 300.07
    7   2018 11 20 07:26:27.246    26787.246  0.1606 30.8105 111.2405  12.00   -inf  -nan   5   3   8   2 279.73
    8   2018 11 20 07:27:36.137    26856.137  0.1443 30.8905 111.3605   8.00   -inf  -nan   6   2   8   2 317.83
    9   2018 11 20 07:38:54.021    27534.021  0.2714 30.9405 110.7605   6.00   -inf  -nan  10   9  19   9  77.93
   10   2018 11 20 07:52:19.378    28339.378  0.3589 31.0805 109.9605  10.00   -inf  -nan  11   6  17   4 179.79
   11   2018 11 20 08:05:58.513    29158.513  0.1412 30.8505 111.1305   6.00   -inf  -nan   4   3   7   2 210.75
   12   2018 11 20 08:42:25.097    31345.097  0.3304 30.9005 110.7205   0.00   -inf  -nan  12   8  20   7  94.62
   13   2018 11 20 09:13:34.483    33214.483  0.1713 30.8905 111.1305   4.00   -inf  -nan   5   2   7   2 164.15
   14   2018 11 20 09:25:49.769    33949.769  0.2691 30.8505 111.1305   4.00   -inf  -nan   7   7  14   5 210.25
   15   2018 11 20 12:08:42.687    43722.687  0.3827 31.0505 110.0305   2.00   -inf  -nan  12   9  21   8 133.31
   16   2018 11 20 12:11:45.259    43905.259  0.3310 31.0905 110.0705   0.00   -inf  -nan   8   5  13   4 177.67
   17   2018 11 20 13:57:08.549    50228.549  0.1618 31.0205 110.4405   6.00   -inf  -nan   4   4   8   2 123.87
   18   2018 11 20 14:32:09.405    52329.405  0.0643 30.8905 111.0405   4.00   -inf  -nan   3   2   5   2 311.58
   19   2018 11 20 15:46:54.935    56814.935  0.1877 31.0505 110.4605   0.00   -inf  -nan   3   3   6   2 157.85
   20   2018 11 20 16:32:01.446    59521.446  0.1218 31.1805 110.1305  12.00   -inf  -nan   3   2   5   2 140.16
   21   2018 11 20 16:57:47.399    61067.399  0.2515 31.0705 110.4805   0.00   -inf  -nan   3   3   6   2 223.56
   22   2018 11 20 19:50:29.422    71429.422  0.4120 31.0505 110.4605   0.00   -inf  -nan   6   7  13   5 111.60
   23   2018 11 20 20:29:43.437    73783.437  0.3250 31.0205 110.4405   4.00   -inf  -nan   7   5  12   4  87.12
   24   2018 11 20 20:38:57.350    74337.350  0.2708 30.8905 111.0405   4.00   -inf  -nan   4   2   6   2 164.84
   25   2018 11 20 22:24:01.881    80641.881  0.3111 31.1405 110.3005   0.00   -inf  -nan   7   2   9   2 143.15
   26   2018 11 20 23:14:46.039    83686.039  0.1989 30.8505 111.1305   6.00   -inf  -nan  11   6  17   5 210.25
   27   2018 11 20 23:26:39.661    84399.661  0.1134 31.0105 110.4705   0.00   -inf  -nan   7   5  12   5 135.90
    1   2018 11 21 00:38:21.984     2301.984  0.3418 30.9905 110.6005   4.00   -inf  -nan   3   2   5   1 276.51
    2   2018 11 21 01:39:15.559     5955.559  0.2551 31.0705 110.4805   0.00   -inf  -nan   3   2   5   1 223.56
    3   2018 11 21 02:34:08.139     9248.139  0.2645 30.9005 110.7205   4.00   -inf  -nan  13   7  20   6  94.62
    4   2018 11 21 03:53:02.495    13982.495  0.2527 31.2805 110.0805   0.00   -inf  -nan   6   2   8   2 257.92
    5   2018 11 21 04:53:31.746    17611.746  0.3487 30.9705 110.3905   0.00   -inf  -nan  10   4  14   4  92.49
    6   2018 11 21 05:33:51.497    20031.497  0.1992 31.2805 110.1205   0.00   -inf  -nan   3   2   5   1 251.97
    7   2018 11 21 06:41:33.633    24093.633  0.2007 30.8505 111.1305   8.00   -inf  -nan   6   5  11   5 210.75
    8   2018 11 21 06:42:31.642    24151.642  0.2137 30.8505 111.1305   4.00   -inf  -nan   8   3  11   3 210.25
    9   2018 11 21 07:31:26.785    27086.785  0.4808 31.2605 109.9805  12.00   -inf  -nan   5   2   7   1 270.81
   10   2018 11 21 07:38:39.510    27519.510  0.2491 31.3005 110.1305   4.00   -inf  -nan   6   3   9   2 240.96
   11   2018 11 21 08:17:32.403    29852.403  0.1465 30.8505 111.1305   6.00   -inf  -nan   8   6  14   5 210.25
   12   2018 11 21 09:03:53.719    32633.719  0.2232 30.9705 111.3205   8.00   -inf  -nan   7   2   9   2 306.69
   13   2018 11 21 10:39:56.118    38396.118  0.2827 30.8305 110.2405   2.00   -inf  -nan   9   3  12   3 220.06
   14   2018 11 21 11:18:04.505    40684.505  0.3639 30.8905 110.7205   0.00   -inf  -nan  11   6  17   5  97.68
   15   2018 11 21 13:31:09.882    48669.882  0.2133 31.0105 110.5105  16.00   -inf  -nan   3   2   5   2 199.27
   16   2018 11 21 16:03:20.169    57800.169  0.2795 31.0505 110.4705  10.00   -inf  -nan   9   7  16   7 113.45
   17   2018 11 21 16:24:34.385    59074.385  0.3502 31.0505 110.4605   8.00   -inf  -nan  16  14  30  11 109.45
   18   2018 11 21 17:23:30.351    62610.351  0.3168 31.0605 110.2805   2.00   -inf  -nan  10   7  17   7  71.79
   19   2018 11 21 17:45:13.041    63913.041  0.2808 30.8905 111.2805   0.00   -inf  -nan   3   2   5   1 327.92
   20   2018 11 21 20:41:01.105    74461.105  0.2277 31.0505 110.4605  10.00   -inf  -nan   5   4   9   4 157.85
   21   2018 11 21 23:29:13.534    84553.534  0.1354 30.8505 111.1305   4.00   -inf  -nan   9   3  12   3 210.25
   22   2018 11 21 23:47:59.078    85679.078  0.1450 30.8505 111.1305   4.00   -inf  -nan  12   6  18   5 210.25
    1   2018 11 22 02:49:23.105    10163.105  0.3556 30.8905 110.7105   0.00   -inf  -nan  10   6  16   6 100.48
    2   2018 11 22 03:33:54.053    12834.053  0.3392 31.2005 110.0405   4.00   -inf  -nan   6   7  13   6 173.24
    3   2018 11 22 03:44:28.101    13468.101  0.4557 31.2405 110.8205   0.00   -inf  -nan  14   7  21   5 254.73
    4   2018 11 22 04:48:49.860    17329.860  0.1200 30.9405 110.7805   6.00   -inf  -nan   4   3   7   3 210.94
    5   2018 11 22 06:32:33.527    23553.527  0.2869 30.8505 111.2405  12.00   -inf  -nan   4   4   8   2 278.91
    6   2018 11 22 07:10:51.923    25851.923  0.2118 30.9305 110.7205   4.00   -inf  -nan   4   6  10   4 116.56
    7   2018 11 22 07:38:29.328    27509.328  0.3847 31.0205 110.4405   6.00   -inf  -nan   8   7  15   5 144.10
    8   2018 11 22 07:40:32.037    27632.037  0.3173 30.8505 111.1305   4.00   -inf  -nan  11   5  16   5 210.25
    9   2018 11 22 08:46:57.372    31617.372  0.3977 31.1305 109.9905   2.00   -inf  -nan  15  12  27  10 280.93
   10   2018 11 22 09:53:12.167    35592.167  0.2601 30.8505 111.1305   6.00   -inf  -nan  10   6  16   5 210.25
   11   2018 11 22 13:55:12.233    50112.233  0.4422 31.0605 110.4605   6.00   -inf  -nan  12   9  21   9 115.11
   12   2018 11 22 14:35:18.182    52518.182  0.3725 31.0305 110.4805   8.00   -inf  -nan  12   8  20   6  98.79
   13   2018 11 22 15:27:03.968    55623.968  0.3492 31.0505 110.4605   4.00   -inf  -nan   9   9  18   9 111.60
   14   2018 11 22 16:33:28.556    59608.556  0.2128 31.1305 110.3005   0.00   -inf  -nan   4   2   6   1 131.46
   15   2018 11 22 16:59:55.732    61195.732  0.2591 30.7805 110.7705  10.00   -inf  -nan   6   8  14   5 110.23
   16   2018 11 22 17:01:40.681    61300.681  0.1687 30.7805 110.7705   8.00   -inf  -nan   6   5  11   5 116.19
   17   2018 11 22 23:12:54.787    83574.787  0.1852 30.8505 111.1305   4.00   -inf  -nan   7   4  11   4 210.75
   18   2018 11 22 23:17:50.084    83870.084  0.2553 30.8505 111.1305   4.00   -inf  -nan   8   4  12   4 210.25
    1   2018 11 23 01:03:38.606     3818.606  0.3664 31.0905 110.2305   6.00   -inf  -nan   8   7  15   5 196.84
    2   2018 11 23 06:33:01.882    23581.882  0.2194 31.0205 110.3205   0.00   -inf  -nan   3   4   7   2 159.72
    3   2018 11 23 07:19:16.338    26356.338  0.3003 30.8505 111.2405  10.00   -inf  -nan   9   3  12   3 275.59
    4   2018 11 23 07:25:17.306    26717.306  0.1989 30.8505 111.1305   4.00   -inf  -nan   8   3  11   3 210.25
    5   2018 11 23 08:02:45.304    28965.304  0.2604 31.1405 110.0105   8.00   -inf  -nan  13   4  17   4 277.06
    6   2018 11 23 08:57:03.382    32223.382  0.1196 30.8505 111.1305   6.00   -inf  -nan   6   5  11   5 210.75
    7   2018 11 23 09:34:00.540    34440.540  0.3121 30.9005 110.7205   0.00   -inf  -nan   5   8  13   4 100.44
    8   2018 11 23 14:44:35.401    53075.401  0.2206 31.0905 110.5105   2.00   -inf  -nan   3   2   5   2 292.44
    9   2018 11 23 18:29:29.341    66569.341  0.2442 31.1705 110.2705   0.00   -inf  -nan   5   2   7   2 277.18
   10   2018 11 23 19:41:25.489    70885.489  0.2657 31.0005 109.9605   4.00   -inf  -nan   5   5  10   3 162.28
   11   2018 11 23 22:25:30.700    80730.700  0.3261 31.0305 110.5605   6.00   -inf  -nan  18  14  32  13  80.53
   12   2018 11 23 23:15:19.779    83719.779  0.2490 30.8805 111.1005   2.00   -inf  -nan  11   4  15   3 136.49
    1   2018 11 24 01:17:32.875     4652.875  0.3324 31.0405 110.4505   0.00   -inf  -nan  12  10  22   8 101.38
    2   2018 11 24 01:48:34.134     6514.134  0.3778 30.8905 110.7205   0.00   -inf  -nan  14   8  22   7  97.68
    3   2018 11 24 02:56:57.340    10617.340  0.2980 31.3005 110.0505   2.00   -inf  -nan   5   4   9   4 277.14
    4   2018 11 24 03:56:07.723    14167.723  0.2295 30.9605 109.8405  18.00   -inf  -nan   4   2   6   2 250.14
    5   2018 11 24 03:57:04.228    14224.228  0.1699 31.0805 109.8505  16.00   -inf  -nan   8   3  11   3 286.81
    6   2018 11 24 04:03:43.852    14623.852  0.2876 31.0705 110.4805   0.00   -inf  -nan   4   4   8   3 223.56
    7   2018 11 24 04:05:51.394    14751.394  0.4146 31.0205 109.7805   6.00   -inf  -nan   6   4  10   3 267.00
    8   2018 11 24 04:18:20.410    15500.410  0.3296 30.8505 111.1205   4.00   -inf  -nan   9   7  16   6 205.95
    9   2018 11 24 04:19:05.324    15545.324  0.2410 30.8505 111.1305   4.00   -inf  -nan  10   5  15   5 210.25
   10   2018 11 24 07:01:13.436    25273.436  0.3286 31.1605 109.8805   0.00   -inf  -nan   3   2   5   2 318.74
   11   2018 11 24 07:49:26.645    28166.645  0.2446 30.8205 111.1505   4.00   -inf  -nan   6   4  10   4 236.62
   12   2018 11 24 07:57:52.515    28672.515  0.4275 31.0405 110.0405   0.00   -inf  -nan  18  12  30   9 126.95
   13   2018 11 24 08:20:07.308    30007.308  0.2729 31.3205 110.0405   0.00   -inf  -nan  11   4  15   4 272.57
   14   2018 11 24 08:26:06.133    30366.133  0.3584 31.1005 109.9405   8.00   -inf  -nan  11   5  16   4 232.93
   15   2018 11 24 08:45:58.072    31558.072  0.3989 31.2505 110.3105   0.00   -inf  -nan   8   3  11   1 244.14
   16   2018 11 24 09:20:06.981    33606.981  0.3910 31.2005 109.8405  10.00   -inf  -nan   3   2   5   2 332.29
   17   2018 11 24 10:25:58.381    37558.381  0.3410 30.9805 110.7805   2.00   -inf  -nan  18   5  23   5  61.61
   18   2018 11 24 10:56:26.275    39386.275  0.2315 31.0705 110.4405   6.00   -inf  -nan   3   3   6   3 265.80
   19   2018 11 24 14:07:33.897    50853.897  0.2143 30.7805 110.7705  12.00   -inf  -nan   6   6  12   6 110.23
   20   2018 11 24 14:35:48.208    52548.208  0.2988 31.2505 110.5005   2.00   -inf  -nan   4   4   8   2 207.75
   21   2018 11 24 15:33:11.662    55991.662  0.2650 31.0405 110.1605   0.00   -inf  -nan   8   7  15   6 142.96
   22   2018 11 24 18:37:29.202    67049.202  0.2428 30.9305 111.0805   4.00   -inf  -nan   3   2   5   1 285.47
   23   2018 11 24 19:05:07.345    68707.345  0.2116 30.7005 110.9305   8.00   -inf  -nan   7   8  15   4 227.80
   24   2018 11 24 21:08:57.003    76137.003  0.3131 31.1705 110.3005   0.00   -inf  -nan   5   7  12   5 178.20
   25   2018 11 24 21:20:56.600    76856.600  0.2276 30.8505 111.1305   6.00   -inf  -nan   3   2   5   2 232.15
   26   2018 11 24 23:18:20.428    83900.428  0.2525 30.8505 111.1305   4.00   -inf  -nan  13   8  21   7 210.25
    1   2018 11 25 00:54:28.514     3268.514  0.1741 30.8505 111.1305   4.00   -inf  -nan   7   5  12   5 210.75
    2   2018 11 25 00:55:06.731     3306.731  0.2558 30.8505 111.1305   6.00   -inf  -nan   7   6  13   5 210.25
    3   2018 11 25 02:34:01.617     9241.617  0.3713 31.0905 110.1505   4.00   -inf  -nan   4   6  10   4 264.37
    4   2018 11 25 04:03:07.466    14587.466  0.1992 31.2105 110.0505   4.00   -inf  -nan   7   2   9   2 189.68
    5   2018 11 25 04:09:36.170    14976.170  0.2378 31.2005 110.0005   8.00   -inf  -nan   3   2   5   1 251.67
    6   2018 11 25 04:19:40.421    15580.421  0.2156 30.9705 111.3205   6.00   -inf  -nan  11   5  16   5 306.69
    7   2018 11 25 04:24:18.355    15858.355  0.3346 30.9905 110.4005  10.00   -inf  -nan   9   3  12   3  91.04
    8   2018 11 25 04:56:19.471    17779.471  0.4084 31.0205 110.4405   4.00   -inf  -nan   6   7  13   4 121.53
    9   2018 11 25 05:24:29.817    19469.817  0.3182 30.6605 110.7905  18.00   -inf  -nan   7   8  15   5 256.08
   10   2018 11 25 06:34:30.043    23670.043  0.2936 30.9005 110.7205   0.00   -inf  -nan  10   9  19   8  94.62
   11   2018 11 25 07:29:41.835    26981.835  0.1228 30.8205 111.2305  12.00   -inf  -nan   5   2   7   2 274.56
   12   2018 11 25 09:07:41.430    32861.430  0.1451 30.9905 110.7205   6.00   -inf  -nan   4   5   9   2 212.29
   13   2018 11 25 09:15:30.924    33330.924  0.3571 30.7705 110.9205   6.00   -inf  -nan   8   5  13   5 187.23
   14   2018 11 25 09:51:31.748    35491.748  0.3145 31.1605 109.7705  18.00   -inf  -nan   4   2   6   2 313.68
   15   2018 11 25 10:04:13.409    36253.409  0.2768 30.8205 110.9305   0.00   -inf  -nan   9   3  12   3 102.66
   16   2018 11 25 14:16:33.071    51393.071  0.2541 30.9805 110.1805   0.00   -inf  -nan   7   6  13   4  77.07
   17   2018 11 25 17:49:58.035    64198.035  0.3382 31.0505 110.4505   6.00   -inf  -nan  12   9  21   8 106.33
   18   2018 11 25 21:57:07.780    79027.780  0.2177 31.1705 110.3405   0.00   -inf  -nan   3   2   5   2 281.77
    1   2018 11 26 00:43:26.321     2606.321  0.3348 31.0605 110.4405   0.00   -inf  -nan   7   6  13   4 144.26
    2   2018 11 26 02:03:06.028     7386.028  0.2552 30.8505 111.1305   6.00   -inf  -nan   7   7  14   6 210.25
    3   2018 11 26 02:03:31.596     7411.596  0.1508 30.8505 111.1305   6.00   -inf  -nan   6   5  11   5 210.75
    4   2018 11 26 02:33:25.385     9205.385  0.4557 31.1205 109.9205   0.00   -inf  -nan   8   4  12   4 267.63
    5   2018 11 26 02:37:11.813     9431.813  0.3207 31.1005 109.7805   6.00   -inf  -nan   4   3   7   2 269.41
    6   2018 11 26 03:05:53.045    11153.045  0.1219 30.8505 111.1305   6.00   -inf  -nan   8   4  12   4 210.25
    7   2018 11 26 03:06:42.365    11202.365  0.3380 30.8105 111.1605   0.00   -inf  -nan  10   6  16   6 238.50
    8   2018 11 26 03:32:13.658    12733.658  0.2139 30.8905 111.4005  10.00   -inf  -nan   3   5   8   3 327.85
    9   2018 11 26 04:45:23.089    17123.089  0.3089 30.9705 110.3705   4.00   -inf  -nan   8   5  13   4  88.31
   10   2018 11 26 05:44:04.059    20644.059  0.1133 31.2005 109.8405  10.00   -inf  -nan   3   3   6   2 311.82
   11   2018 11 26 06:39:20.763    23960.763  0.3700 31.1005 109.9805   4.00   -inf  -nan  11   4  15   4 219.81
   12   2018 11 26 06:54:43.136    24883.136  0.3865 30.8205 110.7605   0.00   -inf  -nan  10   5  15   5  97.88
   13   2018 11 26 07:20:40.536    26440.536  0.2463 30.8305 110.7805   0.00   -inf  -nan  11   6  17   6 103.63
   14   2018 11 26 07:31:07.448    27067.448  0.2080 30.8505 111.2405   4.00   -inf  -nan   5   2   7   2 293.47
   15   2018 11 26 12:14:32.003    44072.003  0.2384 30.9205 110.2505   8.00   -inf  -nan   4   4   8   4 173.05
   16   2018 11 26 12:41:24.207    45684.207  0.2443 30.9205 110.2505   8.00   -inf  -nan   5   5  10   5 173.05
   17   2018 11 26 14:46:22.868    53182.868  0.2773 31.0505 110.4605   8.00   -inf  -nan   7   6  13   6 111.60
   18   2018 11 26 15:02:38.817    54158.817  0.1887 30.9205 110.2505   6.00   -inf  -nan   6   5  11   5 173.05
   19   2018 11 26 15:33:19.191    55999.191  0.1559 31.0705 110.4805  10.00   -inf  -nan   3   2   5   2 223.56
   20   2018 11 26 20:01:59.173    72119.173  0.1950 30.8905 111.1305   4.00   -inf  -nan   7   2   9   2 164.15
   21   2018 11 26 21:07:29.568    76049.568  0.3482 30.5005 110.8105  12.00   -inf  -nan  16  15  31  13 268.82
   22   2018 11 26 21:51:39.658    78699.658  0.3277 30.7405 110.7905  10.00   -inf  -nan  18  16  34  15 163.15
   23   2018 11 26 21:53:33.271    78813.271  0.2915 30.7505 110.7805  10.00   -inf  -nan  10   9  19   9 143.65
   24   2018 11 26 22:48:19.609    82099.609  0.4454 31.0205 110.4405   6.00   -inf  -nan   9   8  17   7  87.12
   25   2018 11 26 23:06:02.351    83162.351  0.1913 30.7505 110.7805  10.00   -inf  -nan   3   3   6   3 192.88
   26   2018 11 26 23:17:41.600    83861.600  0.2403 30.8505 111.1305   4.00   -inf  -nan  10   3  13   3 210.25
   27   2018 11 26 23:46:39.185    85599.185  0.4606 31.1405 110.2905   0.00   -inf  -nan   3   2   5   2 138.84
    1   2018 11 27 00:32:20.781     1940.781  0.2508 30.9005 110.7205   0.00   -inf  -nan  11   6  17   5  94.62
    2   2018 11 27 00:37:39.824     2259.824  0.3016 30.9105 110.8205   6.00   -inf  -nan  13  13  26  12  67.00
    3   2018 11 27 00:38:59.807     2339.807  0.2912 30.9105 110.8205   0.00   -inf  -nan  11  11  22  11  81.74
    4   2018 11 27 01:32:38.435     5558.435  0.1983 30.7505 110.7805  10.00   -inf  -nan   4   4   8   3 148.80
    5   2018 11 27 02:07:30.071     7650.071  0.1637 30.8505 111.1305   6.00   -inf  -nan   9   4  13   3 210.25
    6   2018 11 27 02:07:54.641     7674.641  0.1595 30.8505 111.1305   6.00   -inf  -nan   6   3   9   3 210.75
    7   2018 11 27 03:16:29.047    11789.047  0.2717 30.9005 110.7205   4.00   -inf  -nan  13   9  22   8  94.62
    8   2018 11 27 04:19:12.223    15552.223  0.2197 30.8705 110.9005   2.00   -inf  -nan  13   3  16   3  67.10
    9   2018 11 27 04:25:06.544    15906.544  0.2182 30.7305 110.8005  12.00   -inf  -nan   9   8  17   6 182.42
   10   2018 11 27 04:28:21.989    16101.989  0.3794 31.1405 109.8905   0.00   -inf  -nan   5   4   9   4 285.17
   11   2018 11 27 04:34:25.203    16465.203  0.3222 30.7905 110.7405  10.00   -inf  -nan   4   3   7   2 213.58
   12   2018 11 27 04:35:30.334    16530.334  0.3339 31.1205 109.9305   0.00   -inf  -nan   5   2   7   2 262.71
   13   2018 11 27 04:44:44.359    17084.359  0.0793 31.0605 109.8605   4.00   -inf  -nan   3   2   5   2 232.70
   14   2018 11 27 04:47:47.304    17267.304  0.1494 30.9505 110.7805   8.00   -inf  -nan   5   4   9   4 157.58
   15   2018 11 27 05:05:57.150    18357.150  0.2069 30.8905 110.9205   4.00   -inf  -nan   3   2   5   1 130.34
   16   2018 11 27 06:02:10.041    21730.041  0.1840 31.2105 110.0605   2.00   -inf  -nan   6   3   9   3 187.23
   17   2018 11 27 07:55:40.719    28540.719  0.3009 31.2405 109.7605  10.00   -inf  -nan   5   2   7   2 292.54
   18   2018 11 27 08:51:00.012    31860.012  0.1608 30.8505 111.1305   4.00   -inf  -nan   7   3  10   3 210.75
   19   2018 11 27 10:03:21.566    36201.566  0.1836 30.8505 111.1305   6.00   -inf  -nan   8   5  13   5 210.25
   20   2018 11 27 10:14:41.436    36881.436  0.3032 30.8505 111.1305   8.00   -inf  -nan   4   2   6   2 210.75
   21   2018 11 27 13:35:25.358    48925.358  0.3467 31.0205 110.4805   0.00   -inf  -nan   3   3   6   2 144.86
   22   2018 11 27 14:47:57.829    53277.829  0.2340 31.0605 110.4805   0.00   -inf  -nan   3   3   6   2 175.68
   23   2018 11 27 15:24:00.463    55440.463  0.2724 31.0205 110.4805   6.00   -inf  -nan   3   4   7   2 144.86
   24   2018 11 27 16:52:52.801    60772.801  0.2861 31.0905 110.3805   4.00   -inf  -nan   5   5  10   4 106.78
   25   2018 11 27 18:04:43.969    65083.969  0.1916 30.8905 111.1305   2.00   -inf  -nan   7   2   9   1 164.15
   26   2018 11 27 18:44:22.348    67462.348  0.3413 31.1705 110.2705   0.00   -inf  -nan   4   3   7   2 159.72
   27   2018 11 27 20:34:41.644    74081.644  0.4181 31.0205 110.4405   6.00   -inf  -nan  14  14  28  12  87.12
   28   2018 11 27 20:50:44.062    75044.062  0.3269 30.9405 110.5405   8.00   -inf  -nan   3   3   6   3 166.31
   29   2018 11 27 20:52:51.554    75171.554  0.2532 31.0505 110.4705  12.00   -inf  -nan   6   3   9   3 113.45
   30   2018 11 27 21:05:34.686    75934.686  0.3397 31.0205 110.4405   4.00   -inf  -nan  12   9  21   8  87.12
   31   2018 11 27 23:17:14.883    83834.883  0.2625 30.8505 111.1305   6.00   -inf  -nan  12   7  19   7 210.25
   32   2018 11 27 23:37:18.060    85038.060  0.2830 30.8305 111.1405   4.00   -inf  -nan  16   7  23   7 223.39
    1   2018 11 28 02:43:04.145     9784.145  0.3818 30.8905 111.3205   0.00   -inf  -nan   5   4   9   2 313.87
    2   2018 11 28 03:23:21.260    12201.260  0.1279 30.8605 111.1105   6.00   -inf  -nan   4   3   7   3 274.08
    3   2018 11 28 04:06:03.480    14763.480  0.3854 31.0205 109.7805   6.00   -inf  -nan   8   4  12   3 267.00
    4   2018 11 28 04:18:45.350    15525.350  0.3371 31.0205 109.8605   0.00   -inf  -nan   7   3  10   3 229.57
    5   2018 11 28 04:22:14.675    15734.675  0.4576 31.0805 109.8805  14.00   -inf  -nan   6   5  11   4 277.89
    6   2018 11 28 04:26:17.836    15977.836  0.1843 31.0505 110.0705   8.00   -inf  -nan   5   2   7   2 303.52
    7   2018 11 28 04:41:49.051    16909.051  0.1881 31.1405 110.3305   8.00   -inf  -nan   4   2   6   2 156.38
    8   2018 11 28 04:53:58.920    17638.920  0.3360 31.3205 110.0805   2.00   -inf  -nan   4   2   6   2 276.75
    9   2018 11 28 05:18:25.007    19105.007  0.0753 31.1605 109.8405   8.00   -inf  -nan   3   2   5   1 315.17
   10   2018 11 28 05:28:27.657    19707.657  0.1380 31.2105 111.0405  10.00   -inf  -nan   7   3  10   3 306.50
   11   2018 11 28 07:06:13.510    25573.510  0.0936 30.8105 111.2505  14.00   -inf  -nan   4   2   6   2 309.78
   12   2018 11 28 07:12:33.364    25953.364  0.3885 30.9805 110.1805   0.00   -inf  -nan  14   4  18   4 114.54
   13   2018 11 28 07:21:34.992    26494.992  0.3840 30.8905 111.1305   6.00   -inf  -nan   5   3   8   3 311.06
   14   2018 11 28 07:35:34.943    27334.943  0.2506 30.8205 111.2505   4.00   -inf  -nan   7   4  11   3 283.29
   15   2018 11 28 07:47:43.021    28063.021  0.2635 30.9005 110.7205   8.00   -inf  -nan  12   7  19   7 100.44
   16   2018 11 28 08:28:11.311    30491.311  0.1919 30.8505 111.1305   4.00   -inf  -nan   6   4  10   4 283.92
   17   2018 11 28 09:17:34.458    33454.458  0.2908 30.8505 111.1305   4.00   -inf  -nan  11   9  20   9 210.25
   18   2018 11 28 10:01:07.920    36067.920  0.3208 30.8905 111.0405   6.00   -inf  -nan   4   3   7   2 164.84
   19   2018 11 28 10:19:56.762    37196.762  0.3618 31.0305 110.5605   6.00   -inf  -nan  15  12  27  11  80.53
   20   2018 11 28 11:13:55.279    40435.279  0.3593 30.7705 110.9205   4.00   -inf  -nan   5   5  10   5 207.94
   21   2018 11 28 11:59:35.409    43175.409  0.1613 30.8905 111.1305   4.00   -inf  -nan   5   3   8   3 164.15
   22   2018 11 28 13:59:54.661    50394.661  0.1520 30.8905 111.1305   4.00   -inf  -nan   6   2   8   2 164.15
   23   2018 11 28 15:59:50.470    57590.470  0.2349 30.8505 111.1305   8.00   -inf  -nan   6   4  10   4 210.75
   24   2018 11 28 19:02:15.033    68535.033  0.3095 31.0205 110.4405   4.00   -inf  -nan  12   7  19   7  87.12
   25   2018 11 28 19:51:33.659    71493.659  0.3198 31.0505 110.4605   6.00   -inf  -nan  12  11  23  10 111.60
   26   2018 11 28 20:53:33.700    75213.700  0.3195 31.0505 110.4505  10.00   -inf  -nan  13  11  24   9 106.33
   27   2018 11 28 21:43:29.851    78209.851  0.3718 31.0305 110.4405   8.00   -inf  -nan   7   8  15   7  92.86
   28   2018 11 28 23:16:26.016    83786.016  0.1399 30.8505 111.1305   4.00   -inf  -nan  11   7  18   6 210.25
    1   2018 11 29 01:43:03.871     6183.871  0.2242 30.8505 111.2405   6.00   -inf  -nan   5   5  10   2 275.59
    2   2018 11 29 01:54:05.551     6845.551  0.2746 30.8105 111.2405   0.00   -inf  -nan   5   4   9   3 279.73
    3   2018 11 29 02:17:09.747     8229.747  0.1843 30.8505 111.1305   4.00   -inf  -nan   7   5  12   4 210.25
    4   2018 11 29 03:19:52.637    11992.637  0.3932 31.2905 110.8405   0.00   -inf  -nan  10   8  18   7 270.00
    5   2018 11 29 03:28:45.691    12525.691  0.3642 31.0105 110.3105   0.00   -inf  -nan   9   8  17   3  66.47
    6   2018 11 29 04:10:05.808    15005.808  0.4417 31.0205 110.4405  14.00   -inf  -nan   3   2   5   1 193.38
    7   2018 11 29 04:20:14.641    15614.641  0.3558 30.7805 110.9305   4.00   -inf  -nan   9   6  15   6 157.56
    8   2018 11 29 04:26:48.110    16008.110  0.3854 30.9705 110.3705   6.00   -inf  -nan   9   6  15   5  88.31
    9   2018 11 29 06:03:21.634    21801.634  0.2435 30.8505 111.1305   4.00   -inf  -nan  10   6  16   5 210.25
   10   2018 11 29 06:49:53.739    24593.739  0.3731 31.3205 110.9005   0.00   -inf  -nan   6   7  13   3 269.35
   11   2018 11 29 07:06:26.212    25586.212  0.1105 30.8905 111.3605  10.00   -inf  -nan   5   2   7   2 315.72
   12   2018 11 29 07:29:52.808    26992.808  0.2120 30.8205 110.9705   0.00   -inf  -nan   7   5  12   5 146.73
   13   2018 11 29 08:04:43.759    29083.759  0.1786 31.1605 109.8405  12.00   -inf  -nan   3   3   6   3 325.62
   14   2018 11 29 09:04:24.974    32664.974  0.1577 30.8505 111.1305   4.00   -inf  -nan   6   3   9   3 210.75
   15   2018 11 29 09:59:11.432    35951.432  0.3312 31.0605 110.8205   4.00   -inf  -nan  16  13  29  12 109.59
   16   2018 11 29 12:13:40.943    44020.943  0.2012 30.9205 110.2505   8.00   -inf  -nan   9   9  18   8 152.96
   17   2018 11 29 14:13:44.978    51224.978  0.1783 30.8905 111.0105   6.00   -inf  -nan   6   2   8   2  93.56
   18   2018 11 29 15:46:57.451    56817.451  0.3769 30.7505 110.7805  14.00   -inf  -nan  15  16  31  15 143.65
   19   2018 11 29 17:20:30.923    62430.923  0.1803 30.8905 111.1305   4.00   -inf  -nan   5   2   7   2 164.15
   20   2018 11 29 17:28:53.810    62933.810  0.2206 31.0905 110.2705   4.00   -inf  -nan   5   4   9   4 206.57
   21   2018 11 29 18:42:52.718    67372.718  0.2062 30.8505 111.1205   8.00   -inf  -nan   7   4  11   4 205.95
   22   2018 11 29 19:27:25.343    70045.343  0.1817 30.8905 111.1305   4.00   -inf  -nan   6   2   8   2 164.15
   23   2018 11 29 22:04:03.233    79443.233  0.3442 31.0505 110.4605   6.00   -inf  -nan  14  12  26  11 109.45
   24   2018 11 29 22:05:12.951    79512.951  0.3715 31.0205 110.4605   0.00   -inf  -nan   5   4   9   3  90.43
   25   2018 11 29 23:11:48.907    83508.907  0.2133 30.8505 111.1305   4.00   -inf  -nan  11   5  16   4 210.25
   26   2018 11 29 23:17:36.811    83856.811  0.2563 31.0205 110.4605   0.00   -inf  -nan   5   5  10   4  90.43
   27   2018 11 29 23:27:04.111    84424.111  0.1720 30.8505 111.1205   4.00   -inf  -nan   7   4  11   4 205.95
    1   2018 11 30 02:01:30.423     7290.423  0.2650 30.9005 110.7205   4.00   -inf  -nan  13   7  20   7  94.62
    2   2018 11 30 03:09:22.981    11362.981  0.3750 31.1405 110.8705   4.00   -inf  -nan  12   8  20   6 202.61
    3   2018 11 30 03:35:13.962    12913.962  0.0572 30.9305 111.4005   8.00   -inf  -nan   4   2   6   2 324.85
    4   2018 11 30 03:39:25.382    13165.382  0.1768 31.1005 109.8505  14.00   -inf  -nan   5   2   7   2 288.96
    5   2018 11 30 03:45:53.564    13553.564  0.2409 30.8405 110.2905   2.00   -inf  -nan   4   4   8   4 239.49
    6   2018 11 30 03:51:01.806    13861.806  0.4585 31.0205 109.8205   6.00   -inf  -nan   8   4  12   4 250.36
    7   2018 11 30 03:55:45.008    14145.008  0.3840 30.9705 110.3705   4.00   -inf  -nan  12   7  19   4  88.31
    8   2018 11 30 04:29:26.798    16166.798  0.2904 31.2405 110.0505   2.00   -inf  -nan   9   3  12   3 231.58
    9   2018 11 30 04:39:12.799    16752.799  0.2785 30.9705 111.3205  20.00   -inf  -nan   7   2   9   2 313.14
   10   2018 11 30 05:41:47.529    20507.529  0.2758 30.9905 111.1405  10.00   -inf  -nan   3   2   5   1 218.01
   11   2018 11 30 06:17:05.075    22625.075  0.3838 31.1305 110.3505   4.00   -inf  -nan  11   4  15   2 139.04
   12   2018 11 30 06:35:46.702    23746.702  0.3056 30.7405 110.8905   4.00   -inf  -nan   5   2   7   2 199.16
   13   2018 11 30 07:40:04.578    27604.578  0.2575 30.9005 110.7205   0.00   -inf  -nan   9   8  17   7 100.44
   14   2018 11 30 07:51:27.725    28287.725  0.2972 30.7805 111.2505  14.00   -inf  -nan   3   3   6   3 333.01
   15   2018 11 30 08:02:21.645    28941.645  0.1985 30.8505 111.1305   6.00   -inf  -nan  12   6  18   5 210.25
   16   2018 11 30 08:08:32.270    29312.270  0.1758 30.8505 111.1205   6.00   -inf  -nan   4   5   9   4 205.95
   17   2018 11 30 09:34:24.039    34464.039  0.1742 30.8505 111.1305   6.00   -inf  -nan  11   5  16   5 210.25
   18   2018 11 30 10:32:39.443    37959.443  0.4403 31.0105 110.7505  14.00   -inf  -nan   6   6  12   4 134.10
   19   2018 11 30 11:27:22.757    41242.757  0.1961 30.8905 111.1305   2.00   -inf  -nan   5   2   7   2 164.15
   20   2018 11 30 13:21:20.990    48080.990  0.4654 30.9305 111.2005   2.00   -inf  -nan   4   2   6   2 279.86
   21   2018 11 30 15:10:36.676    54636.676  0.1769 30.8905 111.1305   4.00   -inf  -nan   5   3   8   2 164.15
   22   2018 11 30 17:25:21.940    62721.940  0.1908 31.1705 110.3405   0.00   -inf  -nan   3   2   5   2 281.77
   23   2018 11 30 17:30:43.028    63043.028  0.0546 31.1705 110.3805   6.00   -inf  -nan   3   2   5   2 265.54
   24   2018 11 30 20:46:10.270    74770.270  0.2365 31.1605 110.3205   4.00   -inf  -nan   5   2   7   1 178.77
   25   2018 11 30 23:17:31.451    83851.451  0.1964 30.8505 111.1305   6.00   -inf  -nan  14   5  19   5 210.25
    1   2018 12 01 00:42:22.680     2542.680  0.2271 31.2105 110.3805   2.00   -inf  -nan   4   2   6   2 259.52
    2   2018 12 01 01:37:57.201     5877.201  0.1650 30.8505 111.1305   6.00   -inf  -nan   7   6  13   6 283.92
    3   2018 12 01 03:32:12.636    12732.636  0.3213 30.8605 110.9305   0.00   -inf  -nan   8   5  13   5  85.90
    4   2018 12 01 04:04:53.545    14693.545  0.2612 30.9705 111.2405   4.00   -inf  -nan   4   3   7   3 332.03
    5   2018 12 01 04:05:59.987    14759.987  0.1829 31.2405 110.1205   0.00   -inf  -nan   6   2   8   2 216.33
    6   2018 12 01 04:09:17.099    14957.099  0.4478 31.0205 109.8205   4.00   -inf  -nan  10   6  16   5 250.36
    7   2018 12 01 04:30:34.043    16234.043  0.3731 30.9805 111.3505   0.00   -inf  -nan   7   3  10   3 318.08
    8   2018 12 01 06:33:06.814    23586.814  0.1757 31.1805 110.1705   8.00   -inf  -nan   3   2   5   2 123.15
    9   2018 12 01 08:29:34.916    30574.916  0.3805 30.8505 111.3605   6.00   -inf  -nan   9   8  17   6 314.62
   10   2018 12 01 08:41:41.023    31301.023  0.0775 30.6905 110.8805   2.00   -inf  -nan   3   2   5   2 320.58
   11   2018 12 01 09:14:23.889    33263.889  0.2748 31.1205 109.8405   6.00   -inf  -nan   5   2   7   2 253.01
   12   2018 12 01 09:16:07.997    33367.997  0.1478 31.1305 109.8305  14.00   -inf  -nan   4   2   6   2 259.09
   13   2018 12 01 09:25:27.514    33927.514  0.3758 30.8105 111.1605   6.00   -inf  -nan   7   4  11   4 238.50
   14   2018 12 01 09:40:48.579    34848.579  0.2528 30.8505 111.1305   2.00   -inf  -nan   7   4  11   4 210.25
   15   2018 12 01 13:08:23.180    47303.180  0.3058 30.8905 110.7605   0.00   -inf  -nan  15  11  26  10  86.43
   16   2018 12 01 13:15:50.568    47750.568  0.4324 31.0605 110.4405   6.00   -inf  -nan   3   5   8   3 113.97
   17   2018 12 01 13:31:26.510    48686.510  0.1742 30.8905 111.1305   4.00   -inf  -nan   3   2   5   2 164.15
   18   2018 12 01 14:58:23.930    53903.930  0.3376 30.8905 111.0405   6.00   -inf  -nan   6   2   8   2  98.74
   19   2018 12 01 16:20:04.470    58804.470  0.3065 31.0505 110.4605   6.00   -inf  -nan   7   7  14   7 111.60
   20   2018 12 01 16:43:13.064    60193.064  0.3479 31.0605 110.4405   6.00   -inf  -nan   3   4   7   2 216.40
   21   2018 12 01 16:47:38.712    60458.712  0.3512 31.0505 110.4605   6.00   -inf  -nan  20  18  38  18 109.45
   22   2018 12 01 16:54:52.090    60892.090  0.2386 31.0505 110.4605   2.00   -inf  -nan   4   4   8   2 111.60
   23   2018 12 01 18:48:40.477    67720.477  0.2609 30.8505 111.1305   8.00   -inf  -nan   7   3  10   3 210.75
   24   2018 12 01 19:33:23.954    70403.954  0.2982 31.1305 110.4305   2.00   -inf  -nan   3   2   5   1 273.13
   25   2018 12 01 19:57:59.065    71879.065  0.1539 30.8905 111.1305   4.00   -inf  -nan   7   2   9   2 164.15
   26   2018 12 01 21:13:54.902    76434.902  0.2883 31.0205 110.4405   6.00   -inf  -nan   7   4  11   4  87.12
   27   2018 12 01 22:15:29.416    80129.416  0.2036 30.8905 111.0405   4.00   -inf  -nan   7   3  10   3  98.74
   28   2018 12 01 22:36:55.937    81415.937  0.1811 30.8905 111.0105   6.00   -inf  -nan   6   2   8   2  93.56
    1   2018 12 02 00:59:37.120     3577.120  0.2771 31.0005 110.4005   4.00   -inf  -nan   3   2   5   1 121.47
    2   2018 12 02 01:00:30.681     3630.681  0.1769 30.8505 111.1305   4.00   -inf  -nan   6   4  10   4 210.25
    3   2018 12 02 01:29:29.942     5369.942  0.4639 31.0205 110.4405   4.00   -inf  -nan   6   6  12   4 121.53
    4   2018 12 02 02:22:25.365     8545.365  0.1634 30.8505 111.1305   6.00   -inf  -nan   5   3   8   3 210.75
    5   2018 12 02 03:29:58.139    12598.139  0.3094 31.2405 110.9005   0.00   -inf  -nan   5   2   7   2 309.71
    6   2018 12 02 04:08:38.217    14918.217  0.3904 30.9705 110.3905   0.00   -inf  -nan  14   6  20   4  92.49
    7   2018 12 02 04:14:33.216    15273.216  0.1699 30.8505 111.1305   6.00   -inf  -nan   9   5  14   5 210.75
    8   2018 12 02 04:17:07.068    15427.068  0.0492 31.0605 110.4805   0.00   -inf  -nan   3   2   5   2 244.76
    9   2018 12 02 04:26:30.784    15990.784  0.1094 31.1205 109.9205   0.00   -inf  -nan   4   2   6   2 295.81
   10   2018 12 02 08:05:28.649    29128.649  0.2497 31.2105 110.4205   8.00   -inf  -nan   3   2   5   2 290.43
   11   2018 12 02 09:30:21.966    34221.966  0.1864 30.8505 111.1305   4.00   -inf  -nan   5   3   8   3 210.75
   12   2018 12 02 09:41:40.507    34900.507  0.3372 30.9405 109.9805  16.00   -inf  -nan   5   2   7   1 142.52
   13   2018 12 02 10:17:55.533    37075.533  0.3562 30.9805 110.7805   0.00   -inf  -nan  14   5  19   5  63.69
   14   2018 12 02 12:25:24.052    44724.052  0.2908 31.0205 110.5005   0.00   -inf  -nan   4   3   7   2  91.45
   15   2018 12 02 13:32:20.427    48740.427  0.3145 30.8905 111.0405   6.00   -inf  -nan   5   3   8   3 158.22
   16   2018 12 02 16:41:20.668    60080.668  0.3887 31.0305 110.5605   6.00   -inf  -nan  20  18  38  18  80.53
   17   2018 12 02 18:29:41.857    66581.857  0.4476 30.9305 111.2805   0.00   -inf  -nan   5   2   7   1 324.51
   18   2018 12 02 19:23:44.223    69824.223  0.1214 30.8605 110.5605   8.00   -inf  -nan   4   4   8   4 201.51
   19   2018 12 02 19:44:08.008    71048.008  0.1705 30.8605 110.5605  10.00   -inf  -nan   5   3   8   3 196.25
   20   2018 12 02 21:35:45.476    77745.476  0.1949 30.8905 111.0405   4.00   -inf  -nan   5   2   7   2 164.83
   21   2018 12 02 23:15:19.481    83719.481  0.3674 31.1705 110.3005   0.00   -inf  -nan   4   2   6   1 204.22
   22   2018 12 02 23:25:58.490    84358.490  0.1117 30.8505 111.1305   4.00   -inf  -nan   9   6  15   6 210.25
    1   2018 12 03 00:13:55.665      835.665  0.3990 31.0505 110.4705   2.00   -inf  -nan  10  11  21   8 112.16
    2   2018 12 03 00:36:50.693     2210.693  0.3273 30.8905 110.7205   0.00   -inf  -nan  11   5  16   4  97.68
    3   2018 12 03 03:45:09.938    13509.938  0.1404 30.8505 111.1305   6.00   -inf  -nan   6   2   8   2 210.75
    4   2018 12 03 03:58:55.167    14335.167  0.4152 30.8905 111.3605   6.00   -inf  -nan  10   5  15   4 315.72
    5   2018 12 03 04:13:27.347    15207.347  0.4775 31.0205 110.6205   2.00   -inf  -nan   6   5  11   3 102.86
    6   2018 12 03 04:25:59.487    15959.487  0.1306 31.1805 110.1705  10.00   -inf  -nan   3   2   5   2 123.15
    7   2018 12 03 06:30:36.313    23436.313  0.2014 30.8605 111.1305  10.00   -inf  -nan   4   2   6   2 282.99
    8   2018 12 03 06:40:51.794    24051.794  0.4035 31.0805 110.0805   6.00   -inf  -nan  15  12  27   9 109.20
    9   2018 12 03 06:49:38.179    24578.179  0.2583 30.8505 110.9205   8.00   -inf  -nan   6   3   9   3 113.29
   10   2018 12 03 06:56:08.843    24968.843  0.2780 30.8605 110.8905   2.00   -inf  -nan   8   2  10   2 121.20
   11   2018 12 03 07:48:20.817    28100.817  0.3695 30.7405 111.0105   8.00   -inf  -nan   3   2   5   1 256.72
   12   2018 12 03 07:48:48.712    28128.712  0.0806 31.2105 110.3805   0.00   -inf  -nan   4   2   6   2 266.63
   13   2018 12 03 07:51:09.420    28269.420  0.2152 30.8505 110.9205   6.00   -inf  -nan   3   2   5   2 150.38
   14   2018 12 03 09:31:58.813    34318.813  0.3482 30.8105 111.1705   4.00   -inf  -nan   9   5  14   4 242.73
   15   2018 12 03 10:40:53.740    38453.740  0.4201 31.0605 110.4605   6.00   -inf  -nan  16  16  32  13 115.11
   16   2018 12 03 10:43:27.941    38607.941  0.3607 31.0505 110.4505   6.00   -inf  -nan   9   7  16   7 109.19
   17   2018 12 03 12:49:35.966    46175.966  0.1289 30.9305 111.2805   6.00   -inf  -nan   3   2   5   2 350.85
   18   2018 12 03 14:40:48.368    52848.368  0.3083 30.8605 110.4805   0.00   -inf  -nan  10  10  20   7 158.49
   19   2018 12 03 17:04:37.232    61477.232  0.3385 30.8905 110.7605   6.00   -inf  -nan   3   6   9   3 132.10
   20   2018 12 03 17:13:57.240    62037.240  0.2068 31.2505 110.3805   2.00   -inf  -nan   4   2   6   2 267.85
   21   2018 12 03 17:18:31.398    62311.398  0.1381 30.8605 111.1105   8.00   -inf  -nan   5   2   7   2 191.29
   22   2018 12 03 18:05:18.401    65118.401  0.3825 30.8605 111.1505   8.00   -inf  -nan   5   2   7   2 215.44
   23   2018 12 03 22:18:30.781    80310.781  0.3685 31.0505 110.4505  10.00   -inf  -nan  20  18  38  17 106.33
    1   2018 12 04 02:36:36.970     9396.970  0.3213 30.9005 110.7205   0.00   -inf  -nan  10   8  18   7  94.62
    2   2018 12 04 02:37:38.330     9458.330  0.2476 30.9305 111.2005   4.00   -inf  -nan   4   2   6   2 279.86
    3   2018 12 04 02:46:28.577     9988.577  0.4504 30.9805 110.4005   0.00   -inf  -nan   9   6  15   5  87.50
    4   2018 12 04 03:03:21.571    11001.571  0.2882 30.8505 111.1305   4.00   -inf  -nan  13   7  20   6 210.25
    5   2018 12 04 03:03:58.740    11038.740  0.1720 30.8505 111.1305   6.00   -inf  -nan   6   4  10   3 210.75
    6   2018 12 04 03:50:39.958    13839.958  0.1527 30.9905 110.7205  10.00   -inf  -nan   4   4   8   2 160.99
    7   2018 12 04 04:35:11.861    16511.861  0.3626 30.8605 111.1505   8.00   -inf  -nan   5   2   7   2 215.44
    8   2018 12 04 05:33:34.339    20014.339  0.2242 31.2205 110.0505   6.00   -inf  -nan  11   7  18   6 205.54
    9   2018 12 04 05:43:52.988    20632.988  0.2299 31.2805 110.0405   0.00   -inf  -nan   4   3   7   2 269.24
   10   2018 12 04 05:54:46.034    21286.034  0.3070 31.3205 110.0405   0.00   -inf  -nan   6   5  11   4 287.14
   11   2018 12 04 07:05:21.989    25521.989  0.2185 30.8505 111.2505   8.00   -inf  -nan   8   4  12   2 303.29
   12   2018 12 04 07:49:10.400    28150.400  0.3169 30.8505 111.2505   2.00   -inf  -nan   6   6  12   3 280.91
   13   2018 12 04 07:50:15.529    28215.529  0.3568 30.8205 111.2505   0.00   -inf  -nan   6   4  10   4 308.91
   14   2018 12 04 08:46:16.254    31576.254  0.3840 30.9805 110.0105  14.00   -inf  -nan   7   4  11   3 127.87
   15   2018 12 04 10:04:20.819    36260.819  0.3937 31.0505 110.4605  10.00   -inf  -nan   4   5   9   3 111.60
   16   2018 12 04 10:05:29.327    36329.327  0.3132 30.9305 110.9605   4.00   -inf  -nan  13   9  22   9  94.19
   17   2018 12 04 10:45:39.014    38739.014  0.0842 31.2105 110.3805   0.00   -inf  -nan   3   2   5   1 266.63
   18   2018 12 04 14:54:47.562    53687.562  0.0643 31.2105 110.3405   0.00   -inf  -nan   3   2   5   1 219.89
   19   2018 12 04 14:55:46.264    53746.264  0.4605 30.8505 110.8005   6.00   -inf  -nan   9   7  16   5  78.11
   20   2018 12 04 16:46:34.997    60394.997  0.3220 31.0405 110.4605   0.00   -inf  -nan  10  11  21   7 103.85
   21   2018 12 04 16:59:15.374    61155.374  0.4035 30.9805 110.7805  10.00   -inf  -nan   6   5  11   4 152.29
   22   2018 12 04 18:19:40.563    65980.563  0.2232 30.8905 111.0105   6.00   -inf  -nan   6   2   8   2  93.56
   23   2018 12 04 22:32:51.044    81171.044  0.2470 31.0305 110.4805  12.00   -inf  -nan   5   4   9   4  98.79
   24   2018 12 04 22:54:32.409    82472.409  0.1556 30.9905 110.7205   8.00   -inf  -nan   5   6  11   4 212.29
   25   2018 12 04 23:11:11.965    83471.965  0.1945 30.8505 111.1305   4.00   -inf  -nan  11   8  19   8 210.25
   26   2018 12 04 23:13:19.734    83599.734  0.1983 30.8505 111.1305   4.00   -inf  -nan  11   4  15   4 210.25
   27   2018 12 04 23:32:51.232    84771.232  0.1325 30.8505 111.1305   6.00   -inf  -nan   8   4  12   4 210.25
    1   2018 12 07 00:50:16.070     3016.070  0.3477 31.0605 110.4405   4.00   -inf  -nan   3   4   7   3 216.40
    2   2018 12 07 01:28:13.721     5293.721  0.1793 30.8605 110.8905   0.00   -inf  -nan   3   2   5   2 138.47
    3   2018 12 07 02:25:44.439     8744.439  0.2589 31.0505 110.2305   6.00   -inf  -nan   3   2   5   1 119.87
    4   2018 12 07 02:38:25.444     9505.444  0.2297 31.0905 110.2305   4.00   -inf  -nan   3   2   5   1 253.21
    5   2018 12 07 02:42:36.361     9756.361  0.2653 31.0505 110.2305   4.00   -inf  -nan   4   3   7   2 118.94
    6   2018 12 07 03:53:49.694    14029.694  0.4457 31.0605 110.4405  10.00   -inf  -nan   5   7  12   5 113.97
    7   2018 12 07 04:17:11.820    15431.820  0.2249 31.0205 110.6005   2.00   -inf  -nan   3   2   5   1 205.13
    8   2018 12 07 05:26:38.811    19598.811  0.1865 30.9305 111.3605   4.00   -inf  -nan   8   3  11   2 320.89
    9   2018 12 07 05:28:21.877    19701.877  0.2803 30.8905 111.3605   6.00   -inf  -nan   9   3  12   3 317.83
   10   2018 12 07 05:58:47.512    21527.512  0.3666 30.8105 111.2505   8.00   -inf  -nan  10  10  20   8 309.78
   11   2018 12 07 07:21:12.837    26472.837  0.2130 31.0805 110.2105   4.00   -inf  -nan   5   4   9   4 161.83
   12   2018 12 07 08:51:40.919    31900.919  0.2312 30.8505 111.1305   4.00   -inf  -nan  10   6  16   6 210.75
   13   2018 12 07 08:56:51.329    32211.329  0.1673 30.8505 111.1305   6.00   -inf  -nan  12   4  16   4 210.25
   14   2018 12 07 09:26:48.600    34008.600  0.2700 31.0805 110.2105   2.00   -inf  -nan   5   4   9   3 127.92
   15   2018 12 07 11:54:55.206    42895.206  0.4299 31.0505 110.4305   8.00   -inf  -nan  10  10  20   7  98.75
   16   2018 12 07 13:25:33.759    48333.759  0.2963 31.0505 110.4605   8.00   -inf  -nan   7   3  10   3 111.60
   17   2018 12 07 13:52:27.134    49947.134  0.4398 31.0505 110.4305   6.00   -inf  -nan  14  13  27  12  98.75
   18   2018 12 07 13:57:35.643    50255.643  0.3346 31.0605 110.4405   8.00   -inf  -nan  16  12  28  10 141.18
   19   2018 12 07 14:37:03.243    52623.243  0.3028 31.0505 110.4605   8.00   -inf  -nan  11   8  19   8 111.60
   20   2018 12 07 17:12:52.560    61972.560  0.1840 30.8905 111.1305   6.00   -inf  -nan   7   3  10   3 164.15
   21   2018 12 07 17:54:04.524    64444.524  0.4085 31.0605 110.4205  12.00   -inf  -nan   5   5  10   4 122.53
   22   2018 12 07 17:55:18.097    64518.097  0.3450 31.0205 110.4405   6.00   -inf  -nan  14  15  29  11  87.12
   23   2018 12 07 18:31:47.093    66707.093  0.3081 31.0505 110.4605  10.00   -inf  -nan   7   6  13   6 111.60
   24   2018 12 07 19:32:07.856    70327.856  0.2042 31.1305 110.3005   0.00   -inf  -nan   4   5   9   3 233.45
   25   2018 12 07 20:04:06.335    72246.335  0.2543 30.8905 111.0405   4.00   -inf  -nan   5   2   7   2 146.75
   26   2018 12 07 20:05:01.100    72301.100  0.3636 31.0505 110.2205   4.00   -inf  -nan  10   8  18   8 221.54
   27   2018 12 07 20:08:01.666    72481.666  0.2214 31.0905 110.1905   4.00   -inf  -nan   5   5  10   3 250.52
   28   2018 12 07 21:17:45.167    76665.167  0.1532 30.8905 111.1305   4.00   -inf  -nan   5   2   7   2 164.15
   29   2018 12 07 21:30:47.393    77447.393  0.3143 31.0205 110.4405   6.00   -inf  -nan  14  11  25   9  87.12
   30   2018 12 07 22:09:47.287    79787.287  0.3733 30.8905 110.7605   6.00   -inf  -nan   8   9  17   6  86.43
   31   2018 12 07 22:47:54.175    82074.175  0.1788 30.8905 111.0405   4.00   -inf  -nan   4   2   6   2 245.49
   32   2018 12 07 23:33:25.875    84805.875  0.2352 31.0905 110.1905   4.00   -inf  -nan   4   4   8   2 250.52
   33   2018 12 07 23:43:26.101    85406.101  0.1553 30.8505 111.1305   6.00   -inf  -nan  14   5  19   5 210.25
    1   2018 12 08 01:53:59.458     6839.458  0.1636 30.8505 111.1305   4.00   -inf  -nan  10   4  14   3 210.25
    2   2018 12 08 03:16:19.356    11779.356  0.2290 30.9305 111.2805   6.00   -inf  -nan  10   4  14   4 309.08
    3   2018 12 08 03:44:47.592    13487.592  0.4225 30.9605 110.0105  10.00   -inf  -nan   9   6  15   6 187.17
    4   2018 12 08 04:17:15.660    15435.660  0.3099 31.2105 110.0705   2.00   -inf  -nan  11   7  18   6 249.66
    5   2018 12 08 04:50:36.368    17436.368  0.3784 31.0305 110.4405   8.00   -inf  -nan   5   6  11   5 149.14
    6   2018 12 08 06:08:11.106    22091.106  0.1382 31.0305 110.5205  18.00   -inf  -nan   3   3   6   2 140.98
    7   2018 12 08 06:39:30.361    23970.361  0.1500 30.8505 111.2505   6.00   -inf  -nan   6   2   8   1 320.86
    8   2018 12 08 07:16:45.537    26205.537  0.3886 31.1605 110.0105   0.00   -inf  -nan  13   9  22   7 299.93
    9   2018 12 08 07:48:03.533    28083.533  0.1266 30.8505 111.1305   6.00   -inf  -nan  12   3  15   2 210.25
   10   2018 12 08 08:43:04.687    31384.687  0.3075 31.1705 110.3505   0.00   -inf  -nan   6   2   8   2 231.06
   11   2018 12 08 08:50:55.254    31855.254  0.3629 31.1805 110.3605   0.00   -inf  -nan  10   6  16   6 232.69
   12   2018 12 08 09:13:49.206    33229.206  0.2043 30.8505 111.1305   6.00   -inf  -nan   4   3   7   3 210.75
   13   2018 12 08 14:12:44.636    51164.636  0.3011 31.1705 110.3005   0.00   -inf  -nan   5   2   7   2 191.55
   14   2018 12 08 19:42:40.064    70960.064  0.2304 30.8905 111.1305   6.00   -inf  -nan   5   3   8   3 164.15
   15   2018 12 08 20:04:00.406    72240.406  0.2324 30.9205 110.2505   8.00   -inf  -nan   4   4   8   4 173.05
   16   2018 12 08 22:15:35.411    80135.411  0.0997 30.8905 110.7605   6.00   -inf  -nan   3   3   6   2 187.68
   17   2018 12 08 22:36:44.014    81404.014  0.1710 30.9005 110.7705   8.00   -inf  -nan   6   6  12   4 116.46
   18   2018 12 08 22:48:13.152    82093.152  0.2306 30.9105 110.7805   8.00   -inf  -nan  13  13  26  12  75.14
   19   2018 12 08 22:53:06.391    82386.391  0.1253 30.8905 111.0405   4.00   -inf  -nan   5   2   7   2 164.83
   20   2018 12 08 22:59:27.128    82767.128  0.3262 31.0505 110.2305   4.00   -inf  -nan   7   7  14   5 111.37
   21   2018 12 08 23:33:10.760    84790.760  0.1299 30.8505 111.1305   6.00   -inf  -nan  14   4  18   4 210.25
    1   2018 12 09 00:28:40.020     1720.020  0.1428 30.8505 111.1305   4.00   -inf  -nan  10   6  16   5 210.25
    2   2018 12 09 01:36:58.350     5818.350  0.4491 31.0205 110.4405   6.00   -inf  -nan   4   4   8   2  97.11
    3   2018 12 09 03:08:51.749    11331.749  0.3288 31.1305 109.9505   4.00   -inf  -nan  15   7  22   6 237.54
    4   2018 12 09 03:51:30.850    13890.850  0.2298 31.1605 109.8405  10.00   -inf  -nan   8   5  13   4 303.60
    5   2018 12 09 03:54:51.810    14091.810  0.3131 31.2405 109.8105  16.00   -inf  -nan   6   3   9   2 317.42
    6   2018 12 09 03:57:37.814    14257.814  0.3267 31.1605 109.8405  10.00   -inf  -nan   7   7  14   6 303.60
    7   2018 12 09 06:47:56.698    24476.698  0.2501 31.0605 110.4005   4.00   -inf  -nan   3   2   5   2 259.19
    8   2018 12 09 06:53:36.655    24816.655  0.1799 30.8505 111.1305   6.00   -inf  -nan   8   6  14   4 210.25
    9   2018 12 09 07:22:43.913    26563.913  0.3920 31.0905 109.9505   6.00   -inf  -nan   7   5  12   3 227.09
   10   2018 12 09 07:46:40.931    28000.931  0.4628 30.8505 111.2405   2.00   -inf  -nan   7   7  14   4 305.33
   11   2018 12 09 08:52:30.739    31950.739  0.2751 30.8605 111.1505   6.00   -inf  -nan   6   6  12   2 215.32
   12   2018 12 09 09:18:05.344    33485.344  0.2711 31.0705 110.3605   0.00   -inf  -nan   9   6  15   5 116.13
   13   2018 12 09 09:28:19.297    34099.297  0.2623 30.9005 110.7205   6.00   -inf  -nan  16  10  26  10  94.62
   14   2018 12 09 14:02:41.705    50561.705  0.0937 30.8905 111.0405   4.00   -inf  -nan   5   2   7   2 146.75
   15   2018 12 09 15:29:58.160    55798.160  0.2026 30.8905 111.1305   6.00   -inf  -nan   6   2   8   2 164.15
   16   2018 12 09 15:33:44.574    56024.574  0.2820 31.0505 110.4505   6.00   -inf  -nan   4   5   9   4 152.57
   17   2018 12 09 15:36:11.618    56171.618  0.3097 30.9405 110.8305  10.00   -inf  -nan  10   7  17   6 103.93
   18   2018 12 09 17:13:46.936    62026.936  0.3513 31.0705 110.2405   4.00   -inf  -nan   6   8  14   5 146.27
   19   2018 12 09 17:14:45.471    62085.471  0.2421 31.0005 110.1705   6.00   -inf  -nan   3   3   6   3 225.70
   20   2018 12 09 17:17:12.751    62232.751  0.1265 31.0905 110.1905   4.00   -inf  -nan   3   3   6   1 285.49
   21   2018 12 09 20:30:42.266    73842.266  0.2663 31.1705 110.3305   8.00   -inf  -nan   5   2   7   2 192.44
   22   2018 12 09 22:04:32.399    79472.399  0.3642 31.0605 110.4605   8.00   -inf  -nan  20  15  35  14 115.11
   23   2018 12 09 22:12:59.714    79979.714  0.2770 30.9105 111.0205   6.00   -inf  -nan   4   2   6   2 194.18
   24   2018 12 09 22:19:58.201    80398.201  0.1687 30.8705 111.0205   4.00   -inf  -nan   5   2   7   2 111.88
   25   2018 12 09 23:23:43.114    84223.114  0.2081 30.8505 111.1305   4.00   -inf  -nan  13   5  18   5 210.25
   26   2018 12 09 23:26:01.084    84361.084  0.2881 30.8505 111.1305   4.00   -inf  -nan  12   4  16   4 210.25
    1   2018 12 10 01:54:00.873     6840.873  0.2398 31.0605 110.2105   6.00   -inf  -nan   8   9  17   8 113.62
    2   2018 12 10 03:48:48.484    13728.484  0.2387 31.0205 110.4405   6.00   -inf  -nan   5   2   7   2 152.49
    3   2018 12 10 05:45:29.591    20729.591  0.3364 30.8105 111.1705   8.00   -inf  -nan   7   5  12   4 249.55
    4   2018 12 10 07:11:42.393    25902.393  0.2842 31.0105 109.8305   2.00   -inf  -nan   4   2   6   1 246.07
    5   2018 12 10 07:14:41.885    26081.885  0.3175 30.8705 110.9405   4.00   -inf  -nan  12   3  15   3 128.05
    6   2018 12 10 07:16:54.493    26214.493  0.3799 31.0605 109.8105   0.00   -inf  -nan   5   4   9   3 255.13
    7   2018 12 10 07:52:38.625    28358.625  0.2532 31.1405 109.8205   2.00   -inf  -nan   4   2   6   2 264.83
    8   2018 12 10 08:10:38.730    29438.730  0.1292 30.8505 111.1305   4.00   -inf  -nan   8   5  13   3 210.25
    9   2018 12 10 09:01:47.988    32507.988  0.4102 30.8105 110.4505   2.00   -inf  -nan   3   2   5   1 224.62
   10   2018 12 10 09:44:58.155    35098.155  0.2145 30.8905 111.0405   4.00   -inf  -nan   4   2   6   2 245.49
   11   2018 12 10 13:42:35.753    49355.753  0.1186 31.1805 110.1705  10.00   -inf  -nan   3   2   5   2 123.15
   12   2018 12 10 14:41:27.190    52887.190  0.2631 31.1805 110.1305  12.00   -inf  -nan   3   2   5   2 140.16
   13   2018 12 10 16:13:38.086    58418.086  0.3113 30.9505 110.8005   8.00   -inf  -nan   8   8  16   6 145.98
   14   2018 12 10 16:41:21.741    60081.741  0.1974 30.9305 110.7905   8.00   -inf  -nan  11  10  21   9  88.07
   15   2018 12 10 16:56:02.341    60962.341  0.1283 30.9305 110.3305  10.00   -inf  -nan   3   3   6   2 128.18
   16   2018 12 10 17:51:04.090    64264.090  0.1101 31.0905 110.2305   8.00   -inf  -nan   3   2   5   2 241.75
   17   2018 12 10 17:57:56.284    64676.284  0.1447 31.0005 110.2105  12.00   -inf  -nan   3   3   6   3 271.68
   18   2018 12 10 18:00:48.416    64848.416  0.2915 31.0505 110.2305   4.00   -inf  -nan   4   5   9   3 197.60
   19   2018 12 10 19:10:41.997    69041.997  0.2401 31.1305 110.3005   4.00   -inf  -nan   6   2   8   2 131.46
   20   2018 12 10 19:48:42.140    71322.140  0.3981 31.0205 110.4605   0.00   -inf  -nan  13  13  26  11  90.43
   21   2018 12 10 20:16:39.941    72999.941  0.2090 30.8905 111.1305   6.00   -inf  -nan   6   3   9   3 164.15
   22   2018 12 10 21:21:16.626    76876.626  0.3759 30.9305 111.2005   2.00   -inf  -nan   6   2   8   2 279.86
   23   2018 12 10 23:42:26.660    85346.660  0.1971 30.8505 111.1305   6.00   -inf  -nan  10   6  16   6 210.75
    1   2018 12 11 03:51:06.381    13866.381  0.2528 30.9005 110.7205   0.00   -inf  -nan   6   5  11   3 141.84
    2   2018 12 11 03:58:40.312    14320.312  0.1505 30.9305 111.2105  16.00   -inf  -nan   5   2   7   2 292.28
    3   2018 12 11 04:00:52.437    14452.437  0.4082 31.1205 109.8405   2.00   -inf  -nan   5   2   7   2 253.01
    4   2018 12 11 04:15:07.285    15307.285  0.2589 31.1005 109.7405   4.00   -inf  -nan   8   2  10   2 280.42
    5   2018 12 11 04:25:59.613    15959.613  0.3576 31.1005 109.7805   2.00   -inf  -nan   9   3  12   3 269.41
    6   2018 12 11 04:40:07.404    16807.404  0.2949 31.0805 109.8405   4.00   -inf  -nan   8   3  11   2 244.82
    7   2018 12 11 04:47:19.788    17239.788  0.2764 31.0105 111.2505   6.00   -inf  -nan   8   5  13   5 287.63
    8   2018 12 11 04:49:55.972    17395.972  0.4169 31.0605 110.4605   6.00   -inf  -nan   6  10  16   6 120.13
    9   2018 12 11 05:34:08.912    20048.912  0.2926 30.7705 111.2105   0.00   -inf  -nan   9   2  11   2 299.28
   10   2018 12 11 05:59:03.553    21543.553  0.2645 31.2105 110.3405   0.00   -inf  -nan   8   4  12   4 248.80
   11   2018 12 11 07:16:37.539    26197.539  0.2979 30.8105 111.2805   2.00   -inf  -nan   4   4   8   2 313.03
   12   2018 12 11 09:07:39.510    32859.510  0.4379 31.0105 110.4705   4.00   -inf  -nan   4   5   9   4 178.44
   13   2018 12 11 09:12:11.732    33131.732  0.3940 31.0605 110.4405   8.00   -inf  -nan  14  11  25   9 108.13
   14   2018 12 11 09:12:57.083    33177.083  0.4161 31.0205 109.8205   4.00   -inf  -nan   7   2   9   2 250.36
   15   2018 12 11 09:15:22.861    33322.861  0.3503 31.0605 110.3005   0.00   -inf  -nan   5   3   8   2 120.70
   16   2018 12 11 09:26:10.202    33970.202  0.2896 31.0205 109.8205   2.00   -inf  -nan   9   3  12   3 250.36
   17   2018 12 11 09:35:36.292    34536.292  0.2336 31.0205 109.8205   2.00   -inf  -nan   8   3  11   3 250.36
   18   2018 12 11 09:35:51.332    34551.332  0.4153 31.0805 109.9205  20.00   -inf  -nan   4   3   7   3 276.59
   19   2018 12 11 09:45:53.512    35153.512  0.1486 31.0805 109.8805   2.00   -inf  -nan   3   2   5   2 304.85
   20   2018 12 11 09:49:07.168    35347.168  0.3529 31.0805 109.8805   2.00   -inf  -nan   4   3   7   3 226.05
   21   2018 12 11 09:52:16.280    35536.280  0.1795 31.1205 109.8405   4.00   -inf  -nan   3   2   5   1 253.01
   22   2018 12 11 09:56:05.554    35765.554  0.1103 31.1005 109.9005   0.00   -inf  -nan   3   2   5   2 220.60
   23   2018 12 11 12:12:28.155    43948.155  0.4187 31.0605 110.4405   4.00   -inf  -nan   5   6  11   4 113.97
   24   2018 12 11 12:24:23.453    44663.453  0.4297 31.0305 110.4805   0.00   -inf  -nan   3   2   5   1 156.39
   25   2018 12 11 13:44:26.234    49466.234  0.1075 31.0005 109.9605   4.00   -inf  -nan   5   2   7   2 162.28
   26   2018 12 11 15:17:30.812    55050.812  0.4626 31.0205 110.4405   6.00   -inf  -nan   9   8  17   6  87.12
   27   2018 12 11 15:31:29.633    55889.633  0.2380 30.7105 110.5805   2.00   -inf  -nan   5   6  11   4 240.96
   28   2018 12 11 16:25:57.868    59157.868  0.1758 30.9805 110.7805  10.00   -inf  -nan  12   9  21   8 117.79
   29   2018 12 11 19:23:09.431    69789.431  0.1501 30.8905 111.0105   6.00   -inf  -nan   5   2   7   2 169.59
   30   2018 12 11 19:42:42.587    70962.587  0.1762 30.8905 111.1305   6.00   -inf  -nan   6   2   8   2 164.15
   31   2018 12 11 23:07:41.647    83261.647  0.2647 31.0905 110.2705   4.00   -inf  -nan   5   6  11   4  89.18
   32   2018 12 11 23:20:00.906    84000.906  0.1777 30.8505 111.1305   6.00   -inf  -nan  14   6  20   5 210.75
   33   2018 12 11 23:23:10.496    84190.496  0.2066 30.8505 111.1305   6.00   -inf  -nan  15   6  21   6 210.25
    1   2018 12 12 02:03:06.464     7386.464  0.3187 30.9805 109.9805  18.00   -inf  -nan   6   3   9   3 143.64
    2   2018 12 12 03:46:15.513    13575.513  0.1944 30.9305 111.3605  10.00   -inf  -nan   4   5   9   3 317.82
    3   2018 12 12 05:57:33.409    21453.409  0.2710 30.8505 111.1305   6.00   -inf  -nan   8   4  12   4 210.75
    4   2018 12 12 06:08:43.663    22123.663  0.4130 31.1805 110.1705  10.00   -inf  -nan   3   2   5   2 123.15
    5   2018 12 12 07:27:49.966    26869.966  0.3505 31.1005 109.9805   0.00   -inf  -nan  11   7  18   5 219.81
    6   2018 12 12 08:49:29.279    31769.279  0.1437 30.8505 111.1305   4.00   -inf  -nan  11   5  16   5 210.25
    7   2018 12 12 09:56:33.241    35793.241  0.3199 30.9405 110.6505   8.00   -inf  -nan  12   3  15   3 131.00
    8   2018 12 12 11:36:33.282    41793.282  0.4517 31.1405 110.2905   4.00   -inf  -nan   7   2   9   2 138.84
    9   2018 12 12 11:51:26.355    42686.355  0.1501 31.1605 110.1205   6.00   -inf  -nan   3   2   5   2 151.27
   10   2018 12 12 17:23:21.939    62601.939  0.3672 31.0605 110.3205   4.00   -inf  -nan  13  10  23   9  69.59
   11   2018 12 12 17:25:50.177    62750.177  0.3049 31.1405 110.4005   2.00   -inf  -nan   9   5  14   4 150.83
   12   2018 12 12 18:39:51.152    67191.152  0.3990 31.0305 110.4405   4.00   -inf  -nan   4   5   9   2  92.86
   13   2018 12 12 21:48:40.254    78520.254  0.1394 31.1705 110.3805   4.00   -inf  -nan   3   2   5   2 265.54
   14   2018 12 12 23:41:42.575    85302.575  0.1314 30.8505 111.1305   6.00   -inf  -nan  12   5  17   5 210.25
   15   2018 12 12 23:54:52.166    86092.166  0.1954 30.8505 111.1305   6.00   -inf  -nan  11   7  18   7 210.25
    1   2018 12 13 00:20:31.565     1231.565  0.3844 30.7905 110.7805   6.00   -inf  -nan   7   8  15   5 108.79
    2   2018 12 13 02:54:52.407    10492.407  0.3121 30.7505 110.7805  12.00   -inf  -nan   3   7  10   3 143.65
    3   2018 12 13 04:00:13.172    14413.172  0.3521 31.2705 110.8405   2.00   -inf  -nan   9   4  13   2 250.77
    4   2018 12 13 04:30:08.326    16208.326  0.2584 31.0105 111.2805   4.00   -inf  -nan   7   2   9   2 291.72
    5   2018 12 13 04:34:02.099    16442.099  0.2226 31.2005 110.0405   6.00   -inf  -nan   9   4  13   4 173.24
    6   2018 12 13 05:32:37.273    19957.273  0.3074 31.3005 110.2105   0.00   -inf  -nan   4   2   6   2 242.04
    7   2018 12 13 07:46:26.653    27986.653  0.2776 30.8505 111.1305   4.00   -inf  -nan   7   3  10   2 284.42
    8   2018 12 13 08:16:28.354    29788.354  0.3030 31.0205 109.7805   0.00   -inf  -nan   3   3   6   1 267.00
    9   2018 12 13 08:28:15.006    30495.006  0.3974 30.8505 111.1605   8.00   -inf  -nan   7   4  11   2 227.22
   10   2018 12 13 09:13:41.867    33221.867  0.3129 30.7805 110.9305   4.00   -inf  -nan   5   3   8   1 157.56
   11   2018 12 13 11:08:07.961    40087.961  0.3937 31.0505 110.2105   6.00   -inf  -nan   8   6  14   5 101.04
   12   2018 12 13 13:45:46.432    49546.432  0.2687 31.2005 110.3205   0.00   -inf  -nan   6   2   8   2 194.89
   13   2018 12 13 20:27:21.387    73641.387  0.2671 31.0905 110.1105  12.00   -inf  -nan   4   3   7   2 112.02
   14   2018 12 13 23:38:53.552    85133.552  0.1672 30.8505 111.1305   6.00   -inf  -nan  10   6  16   5 210.25
    1   2018 12 14 00:47:11.261     2831.261  0.3283 31.0505 110.4605   6.00   -inf  -nan  11   9  20   7 111.60
    2   2018 12 14 00:51:19.002     3079.002  0.1415 30.8505 111.1305   4.00   -inf  -nan   9   5  14   3 210.25
    3   2018 12 14 00:58:26.989     3506.989  0.3744 31.0505 110.4705  10.00   -inf  -nan   5   5  10   3 113.45
    4   2018 12 14 01:05:32.513     3932.513  0.3472 31.0505 110.4505   6.00   -inf  -nan  11   9  20   7 109.19
    5   2018 12 14 03:05:38.853    11138.853  0.1922 30.9005 110.3805  12.00   -inf  -nan   3   2   5   1 244.00
    6   2018 12 14 03:55:23.388    14123.388  0.3280 31.1205 110.0405   6.00   -inf  -nan  13   6  19   6 208.88
    7   2018 12 14 04:28:21.299    16101.299  0.2686 31.0805 109.8405   2.00   -inf  -nan   9   3  12   3 244.82
    8   2018 12 14 04:48:30.478    17310.478  0.4634 31.0805 109.8405   2.00   -inf  -nan   5   5  10   4 244.82
    9   2018 12 14 05:07:38.110    18458.110  0.2231 31.1305 109.8705  12.00   -inf  -nan   3   2   5   2 313.39
   10   2018 12 14 06:30:29.339    23429.339  0.1863 30.8105 111.2505   8.00   -inf  -nan   3   2   5   1 283.67
   11   2018 12 14 06:45:55.983    24355.983  0.2470 30.8505 111.1305   2.00   -inf  -nan   8   5  13   4 210.75
   12   2018 12 14 07:46:57.483    28017.483  0.2112 30.8105 111.2905   8.00   -inf  -nan   5   3   8   1 297.49
   13   2018 12 14 11:22:42.839    40962.839  0.2580 31.0205 110.4405   8.00   -inf  -nan   3   2   5   1 166.62
   14   2018 12 14 12:25:59.970    44759.970  0.1587 31.1405 110.2905   0.00   -inf  -nan   6   2   8   2 138.84
   15   2018 12 14 12:30:43.567    45043.567  0.2176 30.9405 109.9005   6.00   -inf  -nan   4   2   6   2 197.69
   16   2018 12 14 14:24:06.298    51846.298  0.3246 31.0505 110.4505   8.00   -inf  -nan  12  11  23  11 109.19
   17   2018 12 14 15:32:22.052    55942.052  0.1805 30.8905 111.1305   6.00   -inf  -nan   4   2   6   2 164.15
   18   2018 12 14 18:18:22.442    65902.442  0.1841 31.1705 110.4205   8.00   -inf  -nan   3   2   5   1 230.55
   19   2018 12 14 23:32:51.657    84771.657  0.2574 30.8505 111.1305   4.00   -inf  -nan  14   7  21   7 210.25
    1   2018 12 15 01:13:27.513     4407.513  0.2637 30.8505 111.1305   6.00   -inf  -nan   9   3  12   3 210.25
    2   2018 12 15 02:03:20.743     7400.743  0.4936 30.7705 111.2805   2.00   -inf  -nan   7   3  10   3 286.03
    3   2018 12 15 02:19:13.100     8353.100  0.3832 30.8605 111.2305   2.00   -inf  -nan   9   5  14   5 271.04
    4   2018 12 15 02:25:56.622     8756.622  0.4653 31.0205 110.4405   8.00   -inf  -nan   7   8  15   5  87.12
    5   2018 12 15 03:07:12.952    11232.952  0.1193 31.1205 109.8805   6.00   -inf  -nan   3   3   6   3 309.02
    6   2018 12 15 03:41:24.914    13284.914  0.3295 31.2905 110.8405   0.00   -inf  -nan  14   2  16   2 236.82
    7   2018 12 15 04:08:59.299    14939.299  0.1473 30.8905 111.4005  10.00   -inf  -nan   4   4   8   3 331.90
    8   2018 12 15 04:09:36.575    14976.575  0.2983 30.8105 111.4005   8.00   -inf  -nan   7   2   9   1 320.99
    9   2018 12 15 04:10:16.151    15016.151  0.1513 30.9305 111.4005  12.00   -inf  -nan   6   2   8   2 321.20
   10   2018 12 15 04:24:22.031    15862.031  0.2818 31.1305 110.2305   0.00   -inf  -nan   5   4   9   3 101.40
   11   2018 12 15 04:34:34.863    16474.863  0.4179 31.0405 110.4505   2.00   -inf  -nan  16   7  23   6 116.34
   12   2018 12 15 05:04:43.439    18283.439  0.3905 31.1005 109.7805   6.00   -inf  -nan   4   3   7   3 269.41
   13   2018 12 15 05:07:04.665    18424.665  0.2173 31.1605 109.8405  14.00   -inf  -nan   3   3   6   3 325.62
   14   2018 12 15 05:08:32.583    18512.583  0.2983 30.9405 110.7805   6.00   -inf  -nan   7   5  12   5 165.87
   15   2018 12 15 06:23:37.477    23017.477  0.2516 31.1805 110.3605   0.00   -inf  -nan   5   2   7   1 187.74
   16   2018 12 15 06:29:37.193    23377.193  0.1741 31.1705 110.3505   0.00   -inf  -nan   4   2   6   2 250.73
   17   2018 12 15 06:32:54.124    23574.124  0.3199 31.0905 110.2305   0.00   -inf  -nan   4   6  10   3 134.11
   18   2018 12 15 07:04:25.848    25465.848  0.2983 31.1205 110.0105  14.00   -inf  -nan  11   4  15   4 207.90
   19   2018 12 15 07:18:48.200    26328.200  0.1814 30.8505 111.1305   4.00   -inf  -nan   7   4  11   4 210.25
   20   2018 12 15 07:21:47.661    26507.661  0.2832 31.1305 110.2305   0.00   -inf  -nan   8   4  12   4 101.40
   21   2018 12 15 08:30:53.332    30653.332  0.3256 30.7805 110.9305   2.00   -inf  -nan   6   5  11   4 157.56
   22   2018 12 15 09:08:00.114    32880.114  0.2077 30.9305 111.2905   6.00   -inf  -nan  11   3  14   3 310.35
   23   2018 12 15 09:25:59.339    33959.339  0.4330 30.8105 110.9205   2.00   -inf  -nan   5   4   9   2  90.01
   24   2018 12 15 10:05:16.763    36316.763  0.3867 31.0505 110.4305   0.00   -inf  -nan   4   4   8   4 199.09
   25   2018 12 15 10:56:20.080    39380.080  0.4486 31.0305 110.4805  10.00   -inf  -nan   6   7  13   6  98.79
   26   2018 12 15 11:03:29.805    39809.805  0.3245 31.0305 110.7605   8.00   -inf  -nan   5   4   9   3 147.77
   27   2018 12 15 14:08:26.967    50906.967  0.2112 31.0905 110.2305   0.00   -inf  -nan   4   3   7   2 235.98
   28   2018 12 15 14:27:39.213    52059.213  0.1048 31.1805 110.1705  10.00   -inf  -nan   3   2   5   2 123.15
   29   2018 12 15 14:41:58.368    52918.368  0.2391 31.0505 110.4605   0.00   -inf  -nan   4   4   8   3 157.85
   30   2018 12 15 16:01:26.591    57686.591  0.4865 31.3405 110.2505  16.00   -inf  -nan   3   2   5   1 285.17
   31   2018 12 15 16:25:06.013    59106.013  0.4626 31.0505 110.4705  10.00   -inf  -nan   9   5  14   5 113.45
   32   2018 12 15 17:29:49.280    62989.280  0.2934 31.1705 110.3505   0.00   -inf  -nan   6   2   8   2 179.15
   33   2018 12 15 23:42:05.692    85325.692  0.1890 30.8505 111.1305   6.00   -inf  -nan  10   3  13   2 210.25
    1   2018 12 16 00:42:46.253     2566.253  0.1982 30.8905 111.1305   0.00   -inf  -nan   4   2   6   2 164.15
    2   2018 12 16 02:18:04.058     8284.058  0.2617 30.8505 111.2805  12.00   -inf  -nan   5   2   7   1 310.92
    3   2018 12 16 02:28:03.066     8883.066  0.1652 30.8505 111.1605   6.00   -inf  -nan   3   2   5   1 227.22
    4   2018 12 16 02:50:20.840    10220.840  0.2872 30.9005 110.7205   0.00   -inf  -nan  12   6  18   6  94.62
    5   2018 12 16 03:05:14.041    11114.041  0.2995 31.2805 110.2405   0.00   -inf  -nan   3   2   5   1 252.83
    6   2018 12 16 03:40:10.157    13210.157  0.2646 31.0805 109.8405   0.00   -inf  -nan   5   3   8   3 244.82
    7   2018 12 16 03:47:33.253    13653.253  0.4093 31.2005 109.8905  14.00   -inf  -nan   7   4  11   3 306.57
    8   2018 12 16 04:17:09.842    15429.842  0.1822 31.2105 111.0405   8.00   -inf  -nan   4   2   6   2 274.26
    9   2018 12 16 04:47:29.904    17249.904  0.3672 30.9005 110.6005  20.00   -inf  -nan   5   5  10   1 213.93
   10   2018 12 16 05:02:36.894    18156.894  0.3438 31.2605 110.0505   2.00   -inf  -nan   6   2   8   2 250.86
   11   2018 12 16 05:17:14.150    19034.150  0.2857 30.8505 111.2105  12.00   -inf  -nan   5   2   7   1 257.30
   12   2018 12 16 05:57:17.285    21437.285  0.3921 30.9805 110.4005   0.00   -inf  -nan  11   5  16   4 105.49
   13   2018 12 16 06:15:34.541    22534.541  0.4083 31.2805 110.9005   0.00   -inf  -nan   9   8  17   4 239.75
   14   2018 12 16 06:24:10.722    23050.722  0.4073 31.0805 110.0005   6.00   -inf  -nan  11   7  18   5 154.20
   15   2018 12 16 06:28:36.978    23316.978  0.3290 30.9305 111.2805   2.00   -inf  -nan   5   4   9   2 309.08
   16   2018 12 16 06:38:04.175    23884.175  0.2469 30.8105 111.2105  12.00   -inf  -nan   5   2   7   1 318.55
   17   2018 12 16 06:59:14.047    25154.047  0.1980 30.8205 111.2305   6.00   -inf  -nan   5   4   9   4 274.56
   18   2018 12 16 07:35:02.861    27302.861  0.3514 31.0505 110.4505   8.00   -inf  -nan  14  15  29  11 106.33
   19   2018 12 16 08:08:43.782    29323.782  0.1541 30.9205 110.0005  16.00   -inf  -nan   4   2   6   1 182.69
   20   2018 12 16 09:17:47.469    33467.469  0.1546 30.8505 111.1305   6.00   -inf  -nan   9   4  13   4 210.75
   21   2018 12 16 10:02:30.442    36150.442  0.3172 31.0505 110.4605   0.00   -inf  -nan   7   6  13   5 111.60
   22   2018 12 16 10:02:43.942    36163.942  0.1574 30.8505 111.1305   4.00   -inf  -nan   8   5  13   4 210.25
   23   2018 12 16 11:42:09.037    42129.037  0.2702 31.0505 110.4605   8.00   -inf  -nan   6   4  10   4 111.60
   24   2018 12 16 14:53:54.131    53634.131  0.2494 31.0505 110.4505   6.00   -inf  -nan   9   5  14   5 109.19
   25   2018 12 16 14:55:49.655    53749.655  0.2222 30.8505 111.1605   2.00   -inf  -nan   3   2   5   2 227.22
   26   2018 12 16 16:27:03.620    59223.620  0.1412 30.7805 110.7605   8.00   -inf  -nan   6   4  10   3 103.86
   27   2018 12 16 16:33:57.759    59637.759  0.3692 31.1405 110.2905   0.00   -inf  -nan   7   2   9   2 138.84
   28   2018 12 16 16:49:00.580    60540.580  0.1793 30.8605 111.1505   0.00   -inf  -nan   4   2   6   1 215.44
   29   2018 12 16 16:50:01.428    60601.428  0.1962 30.7705 110.7605  10.00   -inf  -nan   4   4   8   3 186.92
   30   2018 12 16 17:57:40.406    64660.406  0.2140 31.1705 110.3505   0.00   -inf  -nan   5   2   7   2 195.90
   31   2018 12 16 22:53:03.900    82383.900  0.2652 31.1805 110.1305  12.00   -inf  -nan   3   2   5   2 140.16
   32   2018 12 16 23:27:53.809    84473.809  0.1747 30.8505 111.1305   4.00   -inf  -nan  10   4  14   4 210.25
    1   2018 12 17 01:34:46.706     5686.706  0.2355 31.0605 110.8205   0.00   -inf  -nan  10  12  22   7 109.59
    2   2018 12 17 02:22:24.743     8544.743  0.1084 30.8505 111.1305   6.00   -inf  -nan   8   4  12   4 210.25
    3   2018 12 17 03:37:30.565    13050.565  0.3426 30.9505 111.0605   6.00   -inf  -nan   4   2   6   1 213.88
    4   2018 12 17 04:02:15.066    14535.066  0.1379 30.9705 111.2405   0.00   -inf  -nan   3   3   6   1 318.66
    5   2018 12 17 05:01:13.578    18073.578  0.3328 31.0905 110.3005   0.00   -inf  -nan   7   2   9   2  91.04
    6   2018 12 17 06:18:11.151    22691.151  0.2429 30.8105 111.2805   4.00   -inf  -nan  10   4  14   4 294.33
    7   2018 12 17 06:33:47.915    23627.915  0.2628 31.1205 110.0405   8.00   -inf  -nan  14   3  17   3 185.39
    8   2018 12 17 06:41:37.054    24097.054  0.2949 30.9005 110.7205   0.00   -inf  -nan  11   5  16   5  94.62
    9   2018 12 17 07:16:12.257    26172.257  0.1834 30.8505 111.1305   4.00   -inf  -nan   7   5  12   5 210.25
   10   2018 12 17 07:42:05.023    27725.023  0.3990 30.9805 110.3605   0.00   -inf  -nan  13   7  20   5  74.28
   11   2018 12 17 07:58:05.317    28685.317  0.2871 31.0805 109.8405   2.00   -inf  -nan   3   2   5   2 244.82
   12   2018 12 17 08:04:03.771    29043.771  0.1908 31.2005 109.8405  14.00   -inf  -nan   5   2   7   2 311.82
   13   2018 12 17 08:07:49.737    29269.737  0.1295 31.1305 109.8305  12.00   -inf  -nan   4   2   6   2 321.27
   14   2018 12 17 09:03:46.879    32626.879  0.4792 31.2505 110.1105   6.00   -inf  -nan   4   2   6   2 227.68
   15   2018 12 17 14:18:53.666    51533.666  0.1134 30.8905 111.0405   6.00   -inf  -nan   3   2   5   2 311.58
   16   2018 12 17 14:58:00.894    53880.894  0.2488 30.8605 110.7405  10.00   -inf  -nan  10   9  19   8  99.04
   17   2018 12 17 16:23:26.846    59006.846  0.3190 31.0605 110.4605  10.00   -inf  -nan  18  11  29  11 120.13
   18   2018 12 17 16:28:16.157    59296.157  0.1655 30.8905 111.1205   2.00   -inf  -nan   6   2   8   2 175.98
   19   2018 12 17 19:26:40.875    70000.875  0.2576 31.1705 110.3405   0.00   -inf  -nan   4   2   6   2 224.34
   20   2018 12 17 19:56:22.514    71782.514  0.1681 31.1705 110.3805   4.00   -inf  -nan   3   2   5   2 265.54
   21   2018 12 17 20:25:04.878    73504.878  0.2884 31.0505 110.4505   0.00   -inf  -nan   7   6  13   6 109.19
   22   2018 12 17 20:59:29.277    75569.277  0.1719 30.9305 111.2405   4.00   -inf  -nan   5   2   7   1 303.31
   23   2018 12 17 23:06:51.667    83211.667  0.0961 31.0205 110.8905  16.00   -inf  -nan   3   3   6   3 240.43
    1   2018 12 18 01:10:57.005     4257.005  0.1762 30.8505 111.1305   6.00   -inf  -nan   8   5  13   5 210.25
    2   2018 12 18 01:11:41.946     4301.946  0.1945 30.8505 111.1305   6.00   -inf  -nan   7   4  11   4 210.25
    3   2018 12 18 03:55:03.116    14103.116  0.3270 31.4205 110.1705  14.00   -inf  -nan   3   3   6   2 336.12
    4   2018 12 18 04:10:56.388    15056.388  0.2971 30.7705 111.1305   0.00   -inf  -nan   5   2   7   2 283.47
    5   2018 12 18 04:16:18.366    15378.366  0.2916 31.0905 110.3405   4.00   -inf  -nan   6   5  11   2 110.30
    6   2018 12 18 04:41:10.157    16870.157  0.3108 30.9805 110.3805   0.00   -inf  -nan  13   2  15   2  81.13
    7   2018 12 18 05:49:31.172    20971.172  0.3058 31.2005 109.7605   0.00   -inf  -nan   5   3   8   2 288.98
    8   2018 12 18 06:02:56.949    21776.949  0.3796 31.1205 110.0405   6.00   -inf  -nan  12   5  17   5 185.39
    9   2018 12 18 06:14:05.601    22445.601  0.1696 30.8505 111.1305   6.00   -inf  -nan  10   5  15   3 210.75
   10   2018 12 18 06:15:41.008    22541.008  0.1411 30.8505 111.1205   4.00   -inf  -nan  10   3  13   3 205.95
   11   2018 12 18 06:18:01.851    22681.851  0.1714 30.8505 111.1305   6.00   -inf  -nan   9   6  15   4 210.25
   12   2018 12 18 06:18:57.142    22737.142  0.4303 30.6705 110.7805   0.00   -inf  -nan   6   4  10   1 252.29
   13   2018 12 18 10:18:17.177    37097.177  0.4344 30.9705 110.3105   8.00   -inf  -nan   3   2   5   1 209.11
   14   2018 12 18 12:32:30.598    45150.598  0.1642 30.8905 111.1305   4.00   -inf  -nan   7   2   9   2 164.15
   15   2018 12 18 15:32:15.465    55935.465  0.3087 31.0605 110.4605   8.00   -inf  -nan   6   3   9   3 120.13
   16   2018 12 18 19:51:35.995    71495.995  0.1992 31.1405 110.3005   2.00   -inf  -nan   4   2   6   2 175.85
   17   2018 12 18 20:06:01.343    72361.343  0.3207 31.1405 110.2905   0.00   -inf  -nan  10   2  12   2 138.84
   18   2018 12 18 20:07:28.738    72448.738  0.2632 31.1705 110.3405   0.00   -inf  -nan   4   2   6   2 224.34
   19   2018 12 18 21:03:19.649    75799.649  0.3161 31.0505 110.4605  10.00   -inf  -nan   7   5  12   5 111.60
   20   2018 12 18 23:18:01.298    83881.298  0.1723 30.8505 111.1305   6.00   -inf  -nan   9   5  14   4 210.25
   21   2018 12 18 23:19:00.710    83940.710  0.2564 30.8505 111.1305   4.00   -inf  -nan  10   8  18   7 210.25
   22   2018 12 18 23:20:46.122    84046.122  0.2494 30.8505 111.1305   4.00   -inf  -nan  13   7  20   6 210.75
    1   2018 12 19 02:20:09.973     8409.973  0.4207 31.2405 110.4005   0.00   -inf  -nan   5   2   7   1 229.59
    2   2018 12 19 02:21:56.985     8516.985  0.4557 31.0505 110.2305   6.00   -inf  -nan  15  11  26  11  64.90
    3   2018 12 19 02:24:50.246     8690.246  0.1571 30.7705 111.2805   0.00   -inf  -nan   3   2   5   1 295.26
    4   2018 12 19 02:55:24.964    10524.964  0.2879 30.9405 110.7805  10.00   -inf  -nan   3   2   5   2 210.94
    5   2018 12 19 03:41:10.098    13270.098  0.3850 30.9105 110.9005   0.00   -inf  -nan   9   2  11   2 141.97
    6   2018 12 19 03:54:20.656    14060.656  0.2622 30.9005 110.7205   0.00   -inf  -nan   6   7  13   3  94.62
    7   2018 12 19 04:14:42.554    15282.554  0.2631 30.9405 110.7805  10.00   -inf  -nan   6   4  10   3  92.21
    8   2018 12 19 04:16:44.722    15404.722  0.1413 30.9305 111.4005   6.00   -inf  -nan   4   2   6   2 324.85
    9   2018 12 19 04:17:28.022    15448.022  0.2672 30.8905 111.3205   0.00   -inf  -nan   7   4  11   4 313.87
   10   2018 12 19 04:19:38.559    15578.559  0.3952 31.1005 109.7805   2.00   -inf  -nan  10   4  14   4 269.41
   11   2018 12 19 04:21:50.664    15710.664  0.2244 31.1605 109.8005  10.00   -inf  -nan  10   3  13   3 309.90
   12   2018 12 19 04:25:34.079    15934.079  0.4010 30.7805 110.9305   6.00   -inf  -nan  11   3  14   3 157.56
   13   2018 12 19 04:27:16.815    16036.815  0.4577 31.1005 109.7805   4.00   -inf  -nan   5   4   9   3 269.41
   14   2018 12 19 04:39:43.024    16783.024  0.3185 30.7805 110.9305   6.00   -inf  -nan   6   4  10   4 157.56
   15   2018 12 19 06:17:43.487    22663.487  0.3692 31.1005 109.9705   2.00   -inf  -nan   9   5  14   5 223.11
   16   2018 12 19 08:57:33.968    32253.968  0.2707 30.8505 111.1305   2.00   -inf  -nan   9   4  13   3 210.75
   17   2018 12 19 09:35:34.853    34534.853  0.1966 30.8505 111.1305   6.00   -inf  -nan  10   8  18   7 210.25
   18   2018 12 19 12:26:00.033    44760.033  0.1008 30.9405 110.5005   6.00   -inf  -nan   3   2   5   2 199.27
   19   2018 12 19 13:16:04.263    47764.263  0.1649 30.8905 111.1305   4.00   -inf  -nan   9   3  12   3 164.15
   20   2018 12 19 16:19:03.001    58743.001  0.2905 31.0505 110.4505   4.00   -inf  -nan   5   5  10   4 152.57
   21   2018 12 19 17:42:36.107    63756.107  0.3624 30.8905 111.0905  10.00   -inf  -nan   4   2   6   1 157.71
   22   2018 12 19 18:29:31.707    66571.707  0.3502 31.0505 110.4605   6.00   -inf  -nan   8   8  16   8 111.60
   23   2018 12 19 19:52:05.587    71525.587  0.1920 30.8205 110.6805  10.00   -inf  -nan   3   2   5   2 260.86
   24   2018 12 19 20:55:00.683    75300.683  0.1796 31.1705 110.3505   0.00   -inf  -nan   5   3   8   3 215.69
   25   2018 12 19 23:13:02.736    83582.736  0.1509 30.8505 111.1305   6.00   -inf  -nan   7   4  11   4 210.75
   26   2018 12 19 23:32:17.358    84737.358  0.2123 30.8505 111.1305   6.00   -inf  -nan  11   5  16   5 210.75
    1   2018 12 20 02:29:33.773     8973.773  0.4276 30.8505 111.2005   4.00   -inf  -nan   9   5  14   4 253.44
    2   2018 12 20 02:43:11.577     9791.577  0.2429 31.2905 110.2305   0.00   -inf  -nan   6   2   8   2 237.68
    3   2018 12 20 04:30:19.978    16219.978  0.1714 31.0105 111.2405   2.00   -inf  -nan   6   2   8   2 282.31
    4   2018 12 20 05:33:23.419    20003.419  0.2429 30.8705 110.9405   0.00   -inf  -nan   6   2   8   1  93.30
    5   2018 12 20 05:34:03.091    20043.091  0.0922 31.1605 109.8405   0.00   -inf  -nan   3   2   5   1 315.17
    6   2018 12 20 06:28:49.720    23329.720  0.3468 31.1205 110.0005  12.00   -inf  -nan  11   6  17   6 215.71
    7   2018 12 20 06:38:05.818    23885.818  0.1821 30.8605 111.2705  18.00   -inf  -nan   5   2   7   1 295.79
    8   2018 12 20 07:18:03.623    26283.623  0.2294 31.0605 110.8705   0.00   -inf  -nan   3   2   5   1 216.08
    9   2018 12 20 07:35:23.303    27323.303  0.1297 30.8505 111.1305   6.00   -inf  -nan   9   5  14   5 210.75
   10   2018 12 20 08:01:40.326    28900.326  0.2174 30.8505 111.1305   6.00   -inf  -nan   8   6  14   5 210.75
   11   2018 12 20 08:53:12.992    31992.992  0.3929 31.2005 109.8005   2.00   -inf  -nan   8   5  13   4 326.11
   12   2018 12 20 09:19:16.225    33556.225  0.3976 30.9805 110.7805   0.00   -inf  -nan  12   4  16   4  63.69
   13   2018 12 20 12:31:49.414    45109.414  0.3131 31.0505 110.4605   6.00   -inf  -nan   7   5  12   4 111.60
   14   2018 12 20 14:29:46.009    52186.009  0.3974 31.0505 110.2305   6.00   -inf  -nan  13  10  23  10  86.23
   15   2018 12 20 14:45:16.859    53116.859  0.2179 31.1305 110.3005   0.00   -inf  -nan   6   2   8   1 131.46
   16   2018 12 20 17:06:43.512    61603.512  0.2995 30.9105 110.7605   6.00   -inf  -nan   4   5   9   3 146.05
   17   2018 12 20 23:17:38.105    83858.105  0.2159 30.8505 111.1305   6.00   -inf  -nan  11   8  19   7 210.25
   18   2018 12 20 23:35:32.632    84932.632  0.2655 30.8505 111.1305   6.00   -inf  -nan  14   8  22   8 210.75
   19   2018 12 20 23:46:38.619    85598.619  0.4324 31.0505 110.2305   6.00   -inf  -nan  14  16  30  13  64.90
   20   2018 12 20 23:47:50.236    85670.236  0.3198 31.0505 110.4505   0.00   -inf  -nan   8   8  16   6 106.33
    1   2018 12 21 00:06:41.164      401.164  0.2186 31.0205 110.8605  16.00   -inf  -nan   6   5  11   5 136.33
    2   2018 12 21 03:02:32.439    10952.439  0.4229 30.9805 110.3205   8.00   -inf  -nan   8   8  16   5 249.26
    3   2018 12 21 03:44:49.230    13489.230  0.3695 31.2205 110.0505   0.00   -inf  -nan   8   7  15   7 205.54
    4   2018 12 21 04:17:25.080    15445.080  0.3234 30.8405 110.3705   0.00   -inf  -nan   6   5  11   4 206.00
    5   2018 12 21 05:29:58.834    19798.834  0.2172 30.9805 110.8005   0.00   -inf  -nan  16   2  18   2 117.26
    6   2018 12 21 07:44:51.038    27891.038  0.1857 30.9305 110.0305   6.00   -inf  -nan   4   2   6   2 320.42
    7   2018 12 21 07:57:49.525    28669.525  0.3788 31.0505 110.4605   0.00   -inf  -nan   7   8  15   7 111.60
    8   2018 12 21 08:35:14.676    30914.676  0.1400 30.8505 111.1305   6.00   -inf  -nan  10   4  14   4 210.75
    9   2018 12 21 09:03:39.410    32619.410  0.2375 30.9705 111.2905   2.00   -inf  -nan   5   2   7   1 308.19
   10   2018 12 21 11:53:27.833    42807.833  0.3422 31.0505 110.4605   0.00   -inf  -nan   8   8  16   7 111.60
   11   2018 12 21 15:50:38.482    57038.482  0.2328 30.8505 111.2105  10.00   -inf  -nan   7   2   9   1 260.19
   12   2018 12 21 16:26:10.515    59170.515  0.2042 31.0705 110.5205  12.00   -inf  -nan   3   2   5   2 156.53
   13   2018 12 21 21:18:25.672    76705.672  0.2698 30.8505 111.2105  10.00   -inf  -nan   7   2   9   1 260.19
   14   2018 12 21 22:24:40.032    80680.032  0.2583 31.0105 110.8005   8.00   -inf  -nan   3   2   5   2 189.35
   15   2018 12 21 23:37:48.090    85068.090  0.1475 30.8505 111.1305   6.00   -inf  -nan   9   6  15   4 210.25
    1   2018 12 22 00:14:10.129      850.129  0.2085 31.1705 110.3005   0.00   -inf  -nan   6   2   8   2 191.55
    2   2018 12 22 00:41:32.996     2492.996  0.3525 31.0205 110.4405   6.00   -inf  -nan  18  14  32  11  87.12
    3   2018 12 22 02:54:51.940    10491.940  0.2980 30.9805 110.4005   0.00   -inf  -nan  12   3  15   3 105.49
    4   2018 12 22 03:11:21.596    11481.596  0.3961 31.1305 109.9905   4.00   -inf  -nan  13  10  23   8 280.93
    5   2018 12 22 03:17:59.765    11879.765  0.3795 31.2605 110.7905   0.00   -inf  -nan   8   2  10   1 271.37
    6   2018 12 22 05:18:42.902    19122.902  0.2125 31.1805 110.1305  10.00   -inf  -nan   3   2   5   2 140.16
    7   2018 12 22 06:42:34.331    24154.331  0.3103 30.8105 111.2805   2.00   -inf  -nan  10   6  16   5 287.89
    8   2018 12 22 07:02:39.132    25359.132  0.1777 30.8505 111.1305   6.00   -inf  -nan  11   3  14   3 210.75
    9   2018 12 22 07:40:47.077    27647.077  0.3638 31.1805 110.1705  10.00   -inf  -nan   3   2   5   2 123.15
   10   2018 12 22 08:57:08.259    32228.259  0.2003 30.8505 111.1305   6.00   -inf  -nan   6   5  11   5 210.75
   11   2018 12 22 09:39:01.626    34741.626  0.1970 31.1305 110.3005   0.00   -inf  -nan   4   2   6   1 131.46
   12   2018 12 22 12:13:32.858    44012.858  0.3097 31.1705 110.4705   8.00   -inf  -nan  13  11  24  10 169.94
   13   2018 12 22 14:18:32.108    51512.108  0.3691 30.9305 111.2005   2.00   -inf  -nan   4   2   6   1 279.86
   14   2018 12 22 17:49:44.123    64184.123  0.3307 31.1705 110.4205   2.00   -inf  -nan  12  12  24  11 166.79
   15   2018 12 22 19:43:33.551    71013.551  0.1679 30.9405 110.7705   6.00   -inf  -nan   8   5  13   5 138.02
   16   2018 12 22 20:21:28.124    73288.124  0.2735 31.0505 110.4605   0.00   -inf  -nan   4   4   8   3 111.60
   17   2018 12 22 21:09:59.947    76199.947  0.2996 31.1705 110.3005   2.00   -inf  -nan   8   9  17   7 165.54
   18   2018 12 22 22:02:16.472    79336.472  0.2320 31.0905 110.0705  10.00   -inf  -nan  10   8  18   8 177.67
   19   2018 12 22 23:26:14.141    84374.141  0.1655 30.8505 111.1305   4.00   -inf  -nan   7   5  12   3 210.25
   20   2018 12 22 23:49:06.139    85746.139  0.3562 31.1405 110.2905   0.00   -inf  -nan   7   2   9   2 138.84
    1   2018 12 23 00:51:48.956     3108.956  0.1725 30.9305 110.7905   8.00   -inf  -nan  11  10  21   9  88.07
    2   2018 12 23 01:02:54.490     3774.490  0.2931 30.8505 111.1305   4.00   -inf  -nan   9   6  15   6 210.75
    3   2018 12 23 03:32:30.928    12750.928  0.2825 30.8905 111.2005   0.00   -inf  -nan   3   2   5   1 263.84
    4   2018 12 23 03:34:44.745    12884.745  0.1587 30.8105 111.2505   8.00   -inf  -nan   3   3   6   2 283.67
    5   2018 12 23 03:43:31.114    13411.114  0.4003 30.8605 111.2905   0.00   -inf  -nan   6   2   8   1 303.74
    6   2018 12 23 03:58:26.439    14306.439  0.3381 30.9105 110.7405   0.00   -inf  -nan  13   9  22   9  82.95
    7   2018 12 23 04:07:17.874    14837.874  0.2263 30.7305 111.1705   2.00   -inf  -nan   6   2   8   2 313.39
    8   2018 12 23 06:51:12.595    24672.595  0.3742 31.1405 109.9805   2.00   -inf  -nan   5   4   9   2 179.69
    9   2018 12 23 07:24:17.650    26657.650  0.3264 31.1705 110.3505   0.00   -inf  -nan  14   3  17   3 176.24
   10   2018 12 23 07:39:39.465    27579.465  0.1610 30.7305 111.1305   0.00   -inf  -nan   7   2   9   1 302.22
   11   2018 12 23 07:46:31.869    27991.869  0.3793 31.1005 109.9805   0.00   -inf  -nan  12   6  18   6 219.81
   12   2018 12 23 08:22:47.758    30167.758  0.1788 30.8505 111.1305   4.00   -inf  -nan  10   7  17   7 210.75
   13   2018 12 23 10:20:25.561    37225.561  0.4319 30.9705 110.8005   0.00   -inf  -nan  16  10  26   9  62.76
   14   2018 12 23 18:12:11.164    65531.164  0.3802 31.0505 110.2705   0.00   -inf  -nan   6   4  10   3  73.74
   15   2018 12 23 19:36:28.589    70588.589  0.2377 31.1605 110.2405   8.00   -inf  -nan   9   5  14   5 127.07
   16   2018 12 23 21:25:36.897    77136.897  0.2429 30.9305 111.2405   2.00   -inf  -nan   6   2   8   1 303.31
   17   2018 12 23 22:33:38.090    81218.090  0.2269 30.8905 111.0405   4.00   -inf  -nan   4   2   6   1 164.83
   18   2018 12 23 23:21:06.718    84066.718  0.2241 30.8505 111.1305   6.00   -inf  -nan   6   4  10   2 210.75
   19   2018 12 23 23:39:39.130    85179.130  0.1646 30.8505 111.1305   6.00   -inf  -nan  14   6  20   6 210.75
   20   2018 12 23 23:40:36.280    85236.280  0.1578 30.9405 110.5005   8.00   -inf  -nan   3   3   6   3 199.27
    1   2018 12 24 01:50:29.704     6629.704  0.1813 30.7005 110.9305   8.00   -inf  -nan   4   3   7   1 230.56
    2   2018 12 24 02:06:46.785     7606.785  0.2717 30.8705 110.7205   6.00   -inf  -nan   5   4   9   2 170.76
    3   2018 12 24 02:27:41.145     8861.145  0.2255 30.8105 111.2405   4.00   -inf  -nan   9   5  14   5 279.73
    4   2018 12 24 03:16:23.276    11783.276  0.4220 30.7705 110.8405   2.00   -inf  -nan   4   3   7   1 258.84
    5   2018 12 24 03:21:31.583    12091.583  0.2903 31.1605 109.8405  14.00   -inf  -nan   6   5  11   4 303.60
    6   2018 12 24 04:06:07.346    14767.346  0.3667 31.1705 110.3705   0.00   -inf  -nan   8   3  11   2 183.45
    7   2018 12 24 04:21:40.301    15700.301  0.2369 30.8905 111.0405   2.00   -inf  -nan   4   2   6   2 164.83
    8   2018 12 24 04:33:15.944    16395.944  0.4335 30.8405 110.5305   0.00   -inf  -nan   9   3  12   3 184.20
    9   2018 12 24 05:26:22.033    19582.033  0.3257 30.8905 111.1705   6.00   -inf  -nan   5   3   8   2 291.12
   10   2018 12 24 06:35:47.720    23747.720  0.4004 30.7705 111.2805   2.00   -inf  -nan   6   2   8   2 295.26
   11   2018 12 24 06:40:51.144    24051.144  0.2163 30.8105 111.2805  10.00   -inf  -nan   6   5  11   4 294.33
   12   2018 12 24 07:05:52.358    25552.358  0.4081 31.1405 109.9405   6.00   -inf  -nan  11   7  18   4 212.46
   13   2018 12 24 07:51:22.285    28282.285  0.3123 31.0805 109.8805   2.00   -inf  -nan   4   2   6   2 226.05
   14   2018 12 24 08:10:03.537    29403.537  0.2959 30.9205 109.9705   0.00   -inf  -nan   3   4   7   2 272.30
   15   2018 12 24 08:15:19.015    29719.015  0.2520 30.9405 110.0205  14.00   -inf  -nan  10   3  13   3 138.12
   16   2018 12 24 08:50:04.968    31804.968  0.1653 30.8505 111.1305   6.00   -inf  -nan  10   7  17   6 210.25
   17   2018 12 24 19:09:45.646    68985.646  0.3503 31.1405 110.2505   8.00   -inf  -nan   3   2   5   2 145.32
   18   2018 12 24 22:39:48.182    81588.182  0.1939 30.8905 111.0405   4.00   -inf  -nan   6   2   8   2 146.75
   19   2018 12 24 22:58:38.361    82718.361  0.1556 31.1605 110.3205   6.00   -inf  -nan   3   2   5   2 178.77
   20   2018 12 24 23:12:01.059    83521.059  0.2747 31.0605 110.8205   4.00   -inf  -nan   9   8  17   6 109.59
   21   2018 12 24 23:15:57.292    83757.292  0.1808 30.8505 111.1305   4.00   -inf  -nan   7   4  11   4 210.75
    1   2018 12 25 00:04:02.220      242.220  0.2065 30.8505 111.1305   4.00   -inf  -nan  11   9  20   8 210.75
    2   2018 12 25 01:55:15.885     6915.885  0.1750 30.8105 111.2805   6.00   -inf  -nan   7   4  11   3 294.33
    3   2018 12 25 03:02:56.361    10976.361  0.3472 31.0005 110.0505   4.00   -inf  -nan   7   3  10   1 159.86
    4   2018 12 25 03:03:54.640    11034.640  0.4468 30.9805 110.3805   0.00   -inf  -nan  12   5  17   4 111.90
    5   2018 12 25 03:45:39.872    13539.872  0.4163 31.0205 110.4405   4.00   -inf  -nan  12   2  14   2  87.12
    6   2018 12 25 04:34:57.202    16497.202  0.1939 30.8505 111.1305   2.00   -inf  -nan   8   3  11   3 210.75
    7   2018 12 25 05:05:49.299    18349.299  0.3842 31.1405 110.2905   0.00   -inf  -nan   7   2   9   2 138.84
    8   2018 12 25 05:58:03.031    21483.031  0.3444 30.8305 110.9605   6.00   -inf  -nan  11   8  19   8 127.39
    9   2018 12 25 06:12:22.535    22342.535  0.2148 30.9405 110.9505   0.00   -inf  -nan  12   5  17   5  93.06
   10   2018 12 25 07:01:26.486    25286.486  0.2811 31.1805 110.1305  12.00   -inf  -nan   3   2   5   2 140.16
   11   2018 12 25 07:27:05.598    26825.598  0.2736 30.8105 111.2805   2.00   -inf  -nan  10   2  12   2 294.33
   12   2018 12 25 08:03:37.496    29017.496  0.2790 31.0105 110.1905  12.00   -inf  -nan   3   2   5   1 150.30
   13   2018 12 25 08:22:23.496    30143.496  0.2180 30.8505 111.1305   6.00   -inf  -nan   9   7  16   6 210.25
   14   2018 12 25 11:24:12.425    41052.425  0.4164 30.8805 110.0905   0.00   -inf  -nan   5   4   9   4 308.79
   15   2018 12 25 14:25:26.639    51926.639  0.2748 31.1305 110.3805   6.00   -inf  -nan   4   2   6   2 279.34
   16   2018 12 25 17:58:43.284    64723.284  0.4780 30.8205 110.8505   4.00   -inf  -nan   3   2   5   1 173.03
   17   2018 12 25 20:55:59.066    75359.066  0.2396 31.1805 110.1705  14.00   -inf  -nan   3   3   6   3 123.15
   18   2018 12 25 21:16:08.624    76568.624  0.2983 30.9305 111.2005   4.00   -inf  -nan   3   2   5   1 323.98
   19   2018 12 25 23:42:21.841    85341.841  0.1852 30.8505 111.1305   6.00   -inf  -nan  12   6  18   6 210.75
    1   2018 12 26 03:41:00.969    13260.969  0.2659 31.1605 110.0405   4.00   -inf  -nan   6   4  10   4 137.45
    2   2018 12 26 03:50:39.995    13839.995  0.3238 31.2105 110.0705   0.00   -inf  -nan   9   5  14   5 185.34
    3   2018 12 26 04:19:08.150    15548.150  0.3457 31.2605 110.2105   4.00   -inf  -nan   9   2  11   2 226.23
    4   2018 12 26 06:40:25.850    24025.850  0.3285 31.1205 110.8205   0.00   -inf  -nan  13   3  16   2 159.94
    5   2018 12 26 08:04:54.408    29094.408  0.1281 30.8505 111.1305   6.00   -inf  -nan  12   6  18   6 210.25
    6   2018 12 26 08:41:17.223    31277.223  0.1904 31.0605 109.7405   2.00   -inf  -nan   5   2   7   2 278.60
    7   2018 12 26 11:52:21.131    42741.131  0.2456 30.8005 110.2105   4.00   -inf  -nan   5   4   9   3 242.37
    8   2018 12 26 13:10:11.758    47411.758  0.3757 31.1405 110.2905   0.00   -inf  -nan   8   2  10   2 138.84
    9   2018 12 26 15:37:30.956    56250.956  0.4433 30.7905 110.7205   6.00   -inf  -nan   3   2   5   1 159.41
   10   2018 12 26 17:53:30.773    64410.773  0.1493 31.1405 110.2905   0.00   -inf  -nan   3   2   5   2 138.84
   11   2018 12 26 18:20:35.437    66035.437  0.1781 31.0205 110.4405   8.00   -inf  -nan   3   3   6   2 166.62
   12   2018 12 26 23:37:07.296    85027.296  0.2001 30.8505 111.1305   6.00   -inf  -nan  15   7  22   7 210.25
   13   2018 12 26 23:46:49.905    85609.905  0.1625 30.8505 111.1305   6.00   -inf  -nan  13   5  18   4 210.25
    1   2018 12 27 01:11:53.858     4313.858  0.3934 31.0205 110.4405   6.00   -inf  -nan  18  16  34  14  87.12
    2   2018 12 27 01:45:58.677     6358.677  0.3174 30.8105 111.2805  14.00   -inf  -nan   7   2   9   1 294.33
    3   2018 12 27 02:40:05.398     9605.398  0.3246 31.0605 109.9805  10.00   -inf  -nan  11   6  17   4 163.51
    4   2018 12 27 03:07:47.761    11267.761  0.4888 30.9705 110.3905   0.00   -inf  -nan   9   5  14   2  92.49
    5   2018 12 27 06:38:34.024    23914.024  0.1757 30.8505 111.1305   6.00   -inf  -nan   8   2  10   2 210.75
    6   2018 12 27 06:54:32.432    24872.432  0.1457 30.8105 111.2405   4.00   -inf  -nan   6   2   8   2 279.73
    7   2018 12 27 06:55:11.523    24911.523  0.2842 30.8105 111.2405   0.00   -inf  -nan   9   4  13   3 279.73
    8   2018 12 27 06:56:53.839    25013.839  0.1895 30.8105 111.2405   6.00   -inf  -nan   7   4  11   3 279.73
    9   2018 12 27 07:52:02.281    28322.281  0.2110 31.0005 110.0905   8.00   -inf  -nan   8   2  10   2 199.04
   10   2018 12 27 09:35:55.267    34555.267  0.1617 30.8505 111.1305   6.00   -inf  -nan  14   4  18   4 210.25
   11   2018 12 27 12:33:34.593    45214.593  0.2417 30.8905 111.0405   4.00   -inf  -nan   5   2   7   2 146.75
   12   2018 12 27 17:01:50.178    61310.178  0.2402 31.0505 110.4605   0.00   -inf  -nan   5   3   8   3 157.85
   13   2018 12 27 22:05:51.290    79551.290  0.1540 30.8905 111.0405   6.00   -inf  -nan   5   2   7   2 158.22
   14   2018 12 27 23:35:42.115    84942.115  0.1433 30.8505 111.1305   6.00   -inf  -nan  12   6  18   6 210.25
   15   2018 12 27 23:36:52.443    85012.443  0.2118 30.8505 111.1305   6.00   -inf  -nan  10   5  15   4 210.75
   16   2018 12 27 23:37:13.371    85033.371  0.3102 30.8505 111.1305   6.00   -inf  -nan   8   5  13   3 210.25
    1   2018 12 28 02:29:11.254     8951.254  0.2644 30.8205 111.2905   0.00   -inf  -nan   5   2   7   2 298.00
    2   2018 12 28 02:43:57.685     9837.685  0.2413 30.8505 111.1205   6.00   -inf  -nan   9   5  14   5 205.95
    3   2018 12 28 03:48:46.254    13726.254  0.1764 31.1605 109.8405   8.00   -inf  -nan   3   3   6   3 325.62
    4   2018 12 28 03:52:41.134    13961.134  0.3747 31.1605 109.8105   0.00   -inf  -nan   6   7  13   3 308.48
    5   2018 12 28 03:55:32.691    14132.691  0.3622 31.1605 109.8005  12.00   -inf  -nan   9   4  13   4 309.90
    6   2018 12 28 04:30:11.579    16211.579  0.2256 30.8905 110.3305   0.00   -inf  -nan   3   4   7   1 196.83
    7   2018 12 28 05:38:26.367    20306.367  0.2696 30.8505 111.1605   6.00   -inf  -nan  10   5  15   4 225.53
    8   2018 12 28 05:54:56.418    21296.418  0.1993 30.8505 111.1305   4.00   -inf  -nan  13   4  17   3 210.75
    9   2018 12 28 05:55:48.351    21348.351  0.3145 30.8105 111.2805   6.00   -inf  -nan   5   3   8   3 294.33
   10   2018 12 28 07:15:39.097    26139.097  0.1823 30.8105 111.2405   4.00   -inf  -nan   4   4   8   1 279.73
   11   2018 12 28 07:35:55.330    27355.330  0.3180 30.7905 110.7005  10.00   -inf  -nan   4   5   9   3 140.72
   12   2018 12 28 07:44:36.073    27876.073  0.4479 30.6905 111.2105   0.00   -inf  -nan   7   3  10   2 321.57
   13   2018 12 28 12:35:31.710    45331.710  0.4307 31.0605 110.4405  12.00   -inf  -nan   5   5  10   4 113.97
   14   2018 12 28 18:10:51.356    65451.356  0.2085 30.8505 111.1305   6.00   -inf  -nan   5   2   7   2 210.75
   15   2018 12 28 21:52:50.661    78770.661  0.3472 30.8605 111.0505   0.00   -inf  -nan   4   2   6   2 170.52
   16   2018 12 28 21:56:02.831    78962.831  0.3050 31.0505 110.4705  12.00   -inf  -nan   7   6  13   5 113.45
   17   2018 12 28 23:25:38.898    84338.898  0.4199 30.8905 111.1305   2.00   -inf  -nan  13   7  20   6 164.15
    1   2018 12 29 02:01:01.796     7261.796  0.3107 30.7905 110.7005  12.00   -inf  -nan   6   6  12   6 140.72
    2   2018 12 29 02:28:54.042     8934.042  0.1104 30.8505 111.1305   4.00   -inf  -nan   8   4  12   3 210.25
    3   2018 12 29 02:30:00.945     9000.945  0.1670 30.8505 111.1305   6.00   -inf  -nan  13   7  20   5 210.25
    4   2018 12 29 03:26:20.600    12380.600  0.2740 31.0205 110.4405   6.00   -inf  -nan   3   3   6   2 207.51
    5   2018 12 29 03:42:27.564    13347.564  0.3715 31.3005 110.8305   0.00   -inf  -nan   9   2  11   2 272.93
    6   2018 12 29 04:33:54.123    16434.123  0.3121 30.9405 110.9505   0.00   -inf  -nan  12   6  18   6  93.06
    7   2018 12 29 04:36:28.311    16588.311  0.2073 31.1605 109.8005  10.00   -inf  -nan   9   5  14   5 309.90
    8   2018 12 29 04:50:21.515    17421.515  0.2551 31.1005 109.7805   0.00   -inf  -nan   8   2  10   1 269.41
    9   2018 12 29 05:06:54.968    18414.968  0.2464 31.1605 109.8405  10.00   -inf  -nan   7   4  11   4 303.60
   10   2018 12 29 05:49:47.142    20987.142  0.2172 30.8105 111.2805   6.00   -inf  -nan   6   2   8   2 294.33
   11   2018 12 29 06:25:56.750    23156.750  0.2937 31.1805 110.3305   8.00   -inf  -nan   7   2   9   2 181.29
   12   2018 12 29 07:24:54.938    26694.938  0.1708 30.8905 111.1305   4.00   -inf  -nan   7   2   9   2 164.15
   13   2018 12 29 07:58:32.290    28712.290  0.1478 30.8505 111.1305   4.00   -inf  -nan  12   6  18   6 210.25
   14   2018 12 29 09:27:00.442    34020.442  0.1052 30.8505 111.1305   6.00   -inf  -nan   8   6  14   6 210.75
   15   2018 12 29 11:48:24.811    42504.811  0.1638 30.8905 111.1305   4.00   -inf  -nan   8   2  10   2 164.15
   16   2018 12 29 14:55:51.253    53751.253  0.4536 30.9105 111.1805   2.00   -inf  -nan   5   2   7   2 198.05
   17   2018 12 29 18:52:30.508    67950.508  0.1306 31.2805 110.6605   0.00   -inf  -nan   3   2   5   2 301.96
   18   2018 12 29 20:18:09.772    73089.772  0.3870 31.0505 110.2705   0.00   -inf  -nan   5   7  12   4  73.74
   19   2018 12 29 21:02:13.575    75733.575  0.1841 30.7605 110.1705   4.00   -inf  -nan   3   3   6   3 298.95
   20   2018 12 29 23:34:51.367    84891.367  0.2410 30.8205 111.1705   4.00   -inf  -nan  12   6  18   5 240.25
   21   2018 12 29 23:44:41.724    85481.724  0.2626 30.8105 111.1605   4.00   -inf  -nan  14   5  19   5 245.30
    1   2018 12 30 02:29:08.305     8948.305  0.2326 30.8105 111.2405   2.00   -inf  -nan   3   5   8   1 279.73
    2   2018 12 30 02:35:10.691     9310.691  0.2324 31.0505 110.2705   0.00   -inf  -nan   3   4   7   2 140.70
    3   2018 12 30 03:51:31.830    13891.830  0.2677 31.1605 109.8505   6.00   -inf  -nan   9   4  13   3 301.71
    4   2018 12 30 03:55:56.540    14156.540  0.2394 31.1205 109.8405   4.00   -inf  -nan   9   4  13   3 294.62
    5   2018 12 30 04:04:54.020    14694.020  0.3575 31.2105 110.7905  14.00   -inf  -nan   6  10  16   5 240.64
    6   2018 12 30 05:18:37.073    19117.073  0.2146 30.8705 110.9005   2.00   -inf  -nan  14   3  17   3  67.10
    7   2018 12 30 06:23:03.446    22983.446  0.2295 31.0805 110.1705   0.00   -inf  -nan   5   4   9   3 128.98
    8   2018 12 30 06:31:33.989    23493.989  0.3118 30.8105 111.2505   8.00   -inf  -nan   5   4   9   4 283.67
    9   2018 12 30 07:01:04.707    25264.707  0.3949 31.0505 110.4305  10.00   -inf  -nan   3   3   6   2 110.61
   10   2018 12 30 07:01:27.090    25287.090  0.4626 31.0405 109.6805   2.00   -inf  -nan   5   6  11   4 293.30
   11   2018 12 30 07:05:40.011    25540.011  0.2608 30.8505 111.1305   6.00   -inf  -nan  11   6  17   5 210.75
   12   2018 12 30 07:21:40.291    26500.291  0.2935 31.0905 110.3805   6.00   -inf  -nan   4   5   9   4 106.78
   13   2018 12 30 07:46:48.691    28008.691  0.3322 31.0905 110.3805   4.00   -inf  -nan   9   7  16   7  79.29
   14   2018 12 30 08:08:29.636    29309.636  0.2554 31.0505 110.4705  12.00   -inf  -nan   8   7  15   6 113.45
   15   2018 12 30 09:01:31.636    32491.636  0.3147 30.8505 111.1305   4.00   -inf  -nan  10   4  14   4 210.75
   16   2018 12 30 09:13:05.434    33185.434  0.3973 31.1605 109.7605   0.00   -inf  -nan   4   2   6   2 283.92
   17   2018 12 30 09:23:24.438    33804.438  0.3196 30.9005 110.7205   4.00   -inf  -nan  16   6  22   6  94.62
   18   2018 12 30 10:56:46.670    39406.670  0.2475 31.0505 110.4605   8.00   -inf  -nan   7   6  13   6 111.60
   19   2018 12 30 11:54:21.213    42861.213  0.2173 30.8905 111.0105   6.00   -inf  -nan   6   2   8   2  93.56
   20   2018 12 30 15:02:31.850    54151.850  0.1516 31.0105 110.5905   6.00   -inf  -nan   4   3   7   3 158.52
   21   2018 12 30 18:53:51.494    68031.494  0.4144 31.0205 110.4405   2.00   -inf  -nan   5   8  13   5  87.12
   22   2018 12 30 19:33:21.026    70401.026  0.3451 30.8505 111.1305  10.00   -inf  -nan   4   4   8   3 210.75
   23   2018 12 30 19:44:12.447    71052.447  0.2083 30.8905 111.0105   6.00   -inf  -nan   6   2   8   2  93.56
   24   2018 12 30 21:48:04.594    78484.594  0.3470 31.0505 110.4505   4.00   -inf  -nan  16  10  26   9 106.33
    1   2018 12 31 00:33:30.212     2010.212  0.2306 31.1805 110.1305  10.00   -inf  -nan   4   2   6   2 140.16
    2   2018 12 31 01:26:07.545     5167.545  0.1834 30.8505 111.1305   4.00   -inf  -nan  10   2  12   2 210.75
    3   2018 12 31 02:21:20.605     8480.605  0.1285 30.8105 111.2805   6.00   -inf  -nan   6   3   9   3 294.33
    4   2018 12 31 02:23:23.840     8603.840  0.1560 30.8205 111.2705   6.00   -inf  -nan   7   3  10   3 303.10
    5   2018 12 31 02:27:02.218     8822.218  0.3107 31.0905 110.1905   0.00   -inf  -nan   9   8  17   7 117.80
    6   2018 12 31 03:59:57.071    14397.071  0.1535 30.8505 111.1305   6.00   -inf  -nan  11   4  15   4 210.25
    7   2018 12 31 06:36:55.005    23815.005  0.3182 30.8105 111.2405   0.00   -inf  -nan   8   6  14   5 279.73
    8   2018 12 31 06:43:28.888    24208.888  0.2070 30.8505 111.1305   6.00   -inf  -nan  11   5  16   4 210.25
    9   2018 12 31 07:21:39.454    26499.454  0.1910 30.9605 110.0505  14.00   -inf  -nan   6   2   8   2 133.47
   10   2018 12 31 08:09:59.736    29399.736  0.2181 31.2105 109.8705  16.00   -inf  -nan   4   2   6   2 309.73
   11   2018 12 31 08:12:09.516    29529.516  0.3717 31.0805 109.8005   2.00   -inf  -nan   3   2   5   2 260.58
   12   2018 12 31 08:45:19.529    31519.529  0.1596 31.1805 109.8505  10.00   -inf  -nan   3   2   5   2 307.89
   13   2018 12 31 09:25:48.403    33948.403  0.3315 31.0305 111.0005   0.00   -inf  -nan   6   3   9   2 235.91
   14   2018 12 31 11:50:41.827    42641.827  0.2171 31.0905 110.1905   2.00   -inf  -nan   7   5  12   5 117.80
   15   2018 12 31 16:15:32.132    58532.132  0.1873 31.2005 109.8405  10.00   -inf  -nan   3   2   5   2 332.29
   16   2018 12 31 19:30:44.033    70244.033  0.1584 30.8905 111.1305   4.00   -inf  -nan   7   2   9   2 164.15
   17   2018 12 31 20:39:19.045    74359.045  0.2184 30.8905 111.0405   6.00   -inf  -nan   6   2   8   2  98.74
   18   2018 12 31 21:00:40.438    75640.438  0.2176 31.1705 110.1505   8.00   -inf  -nan   3   2   5   2 132.37
   19   2018 12 31 23:20:52.561    84052.561  0.2414 30.8505 111.1305   4.00   -inf  -nan  13   8  21   8 210.25
   20   2018 12 31 23:35:35.360    84935.360  0.1644 30.8505 111.1305   4.00   -inf  -nan  12   4  16   4 210.25
